mention_week,median_tone,median_impact,mentions_count
2026-01-12,-4.74683544303798,-9.5,12
2026-01-12,-5.12660206314474,-5.0,13
2026-01-12,-0.22321428571428,-9.2,9
2026-01-12,-10.5769230769231,-10.0,8
2026-01-12,-9.94983277591975,-5.0,16
2026-01-12,-6.93069306930693,-10.0,8
2026-01-12,-8.15972222222223,-10.0,16
2026-01-12,-9.24764890282131,-5.0,6
2026-01-12,-4.13223140495868,-5.0,10
2026-01-12,-2.77992277992278,-5.0,10
2026-01-12,-6.43889618922471,-2.0,8
2026-01-12,-4.28134556574923,-7.0,11
2026-01-12,-6.94864048338369,-10.0,9
2026-01-12,-5.12660206314474,-5.0,19
2026-01-05,-2.02879581151832,-2.0,9
2026-01-05,-5.22388059701492,-5.0,63
2026-01-05,-4.30809399477807,-7.2,8
2026-01-05,-2.3778071334214,-2.0,8
2026-01-05,-4.00534045393859,-6.5,24
2026-01-05,-7.15214564369311,-9.0,7
2026-01-05,-7.82122905027933,-10.0,10
2026-01-05,-4.33604336043361,-5.0,8
2026-01-05,-2.02879581151832,-5.0,6
2026-01-05,-5.22388059701492,-9.2,41
2026-01-05,-6.25,-10.0,8
2026-01-05,-4.06162464985994,-9.2,14
2026-01-05,-12.5840537944284,-5.0,10
2025-12-29,-5.51181102362205,-5.0,13
2025-12-29,1.22699386503068,-4.4,10
2025-12-29,-0.92592592592592,-5.0,6
2025-12-29,-7.57575757575758,-9.5,34
2025-12-29,-10.377358490566,-10.0,10
2025-12-29,-5.14851485148514,-6.5,6
2025-12-29,-4.60405156537753,-6.5,7
2025-12-29,-6.83229813664596,-10.0,13
2025-12-29,-4.70446320868516,-5.0,13
2025-12-29,-4.60797799174691,-4.0,13
2025-12-22,-4.05727923627685,-2.0,14
2025-12-22,-4.9970255800119,-10.0,6
2025-12-22,-8.02919708029197,-9.0,14
2025-12-22,-5.39325842696629,-10.0,15
2025-12-22,-10.6109324758842,-4.4,8
2025-12-22,-4.58089668615985,-4.4,19
2025-12-22,-3.42771982116245,-5.0,6
2025-12-22,-5.1510989010989,-6.5,8
2025-12-22,-3.23232323232323,-2.0,7
2025-12-22,-3.05206463195691,-8.0,57
2025-12-22,-5.43337645536869,-5.0,11
2025-12-22,-5.02873563218391,-2.0,6
2025-12-22,-3.315649867374,-2.0,231
2025-12-22,-5.36231884057971,-9.2,196
2025-12-22,-3.05206463195691,-5.0,28
2025-12-22,-3.21543408360129,-6.5,8
2025-12-22,-5.35433070866142,-2.0,9
2025-12-22,-5.12995896032832,-5.0,16
2025-12-22,-5.80736543909348,-5.0,25
2025-12-22,-5.43337645536869,-4.0,18
2025-12-22,-3.397341211226,-9.2,13
2025-12-22,-4.07582938388625,-7.0,7
2025-12-22,-3.21543408360129,-9.2,14
2025-12-22,-5.08259212198221,-9.2,57
2025-12-22,-4.20736288504884,-2.0,653
2025-12-22,-5.02873563218391,-9.2,6
2025-12-22,-3.62473347547974,-5.0,6
2025-12-22,-3.5,-4.0,10
2025-12-22,-4.60947503201024,-9.2,10
2025-12-22,-4.23357664233577,-6.5,26
2025-12-22,-4.72541507024266,-2.0,9
2025-12-22,-1.93423597678917,-10.0,9
2025-12-22,-4.03225806451613,-5.0,6
2025-12-22,-5.75757575757576,-10.0,9
2025-12-22,-5.51839464882943,-5.0,14
2025-12-22,-4.74516695957821,-9.2,16
2025-12-22,-6.9023569023569,-5.0,6
2025-12-22,-4.72541507024266,-2.0,16
2025-12-22,-5.75757575757576,-10.0,9
2025-12-22,-3.98550724637681,-4.4,9
2025-12-22,-4.83870967741935,-2.0,63
2025-12-15,-5.0,-10.0,6
2025-12-15,-7.70059235325794,-10.0,16
2025-12-15,-8.35509138381201,-4.0,10
2025-12-15,-8.07600950118765,-5.0,7
2025-12-15,-4.57516339869281,-9.5,23
2025-12-15,-7.72413793103448,-5.0,14
2025-12-15,-3.21543408360128,-4.0,11
2025-12-15,-4.57516339869281,-9.0,73
2025-12-15,-7.14285714285714,-5.0,51
2025-12-15,-6.54545454545455,-5.0,7
2025-12-08,-8.54700854700855,-10.0,14
2025-12-08,-4.0948275862069,-4.4,12
2025-12-08,-6.76691729323308,-5.0,8
2025-12-08,-6.98365527488854,-4.4,9
2025-12-08,-2.52525252525253,-10.0,11
2025-12-08,-6.94444444444444,-10.0,10
2025-12-08,-8.54700854700855,-10.0,7
2025-12-08,-9.88142292490121,-10.0,7
2025-12-08,-7.51314800901578,-5.0,8
2025-12-08,-7.21393034825868,-5.0,6
2025-12-08,-11.7852975495916,-10.0,6
2025-12-08,-4.28954423592494,-9.2,8
2025-12-08,-3.90295358649789,-5.0,73
2025-12-08,-5.41958041958042,-10.0,11
2025-12-08,-6.76691729323308,-5.0,34
2025-12-08,-6.73400673400673,-10.0,6
2025-12-08,-6.76691729323308,-6.5,22
2025-12-08,-6.42361111111111,-5.0,10
2025-12-08,-8.03858520900324,-10.0,31
2025-12-01,-2.96745373324824,-5.0,15
2025-12-01,-7.82092772384035,-10.0,11
2025-12-01,-5.97269624573379,-10.0,9
2025-12-01,-2.15475024485798,-5.0,6
2025-12-01,-8.85122410546139,-10.0,10
2025-12-01,-2.15475024485798,-10.0,7
2025-12-01,-2.15475024485798,-7.0,11
2025-11-24,-6.13026819923371,-2.0,6
2025-11-24,-6.13026819923371,-2.0,10
2025-11-24,-8.1081081081081,-10.0,7
2025-11-24,-8.3333333333333,-10.0,7
2025-11-24,-6.13026819923371,-2.0,8
2025-11-24,-5.91715976331361,-10.0,15
2025-11-24,-6.85111989459812,-2.0,6
2025-11-24,-6.23441396508728,-2.0,290
2025-11-24,-6.23441396508728,-2.0,227
2025-11-24,-6.23441396508728,-2.0,174
2025-11-24,-2.53699788583509,-10.0,6
2025-11-24,-7.09219858156028,-9.2,7
2025-11-24,-6.85111989459812,-5.0,8
2025-11-17,-3.08008213552361,-2.0,11
2025-11-17,-5.78905630452022,-5.0,9
2025-11-17,-7.57575757575758,-10.0,21
2025-11-17,-5.78446909667195,-5.0,12
2025-11-17,-5.78446909667195,-4.0,6
2025-11-17,-4.98220640569395,-5.0,7
2025-11-17,-4.98220640569395,-10.0,6
2025-11-10,-7.69230769230774,-8.0,49
2025-11-10,-7.8125,-8.0,88
2025-11-10,-6.87160940325497,-9.2,25
2025-11-10,-5.54371002132196,-10.0,6
2025-11-10,-3.41151385927505,-7.2,9
2025-11-10,-4.20875420875421,-9.0,6
2025-11-03,-0.826446280991739,-7.2,6
2025-11-03,-1.16959064327485,-7.2,8
2025-11-03,-8.15217391304347,-9.0,18
2025-11-03,-8.70552611657836,-10.0,8
2025-11-03,-5.42168674698795,-9.0,15
2025-11-03,-3.6563071297989,-5.0,19
2025-11-03,-8.70552611657836,-6.5,6
2025-11-03,-8.70552611657836,-9.0,11
2025-10-27,-2.86806883365201,-9.2,28
2025-10-27,-3.21209258384507,-9.2,9
2025-10-27,-4.10958904109589,-4.4,8
2025-10-27,-2.34604105571847,-10.0,14
2025-10-27,-2.86806883365201,-10.0,15
2025-10-27,-7.34265734265735,-10.0,34
2025-10-27,-5.78358208955219,-10.0,10
2025-10-20,-4.87144790257104,-9.5,12
2025-10-20,-5.09915014164306,-9.5,8
2025-10-20,-3.79464285714286,-10.0,13
2025-10-20,-5.88235294117647,-5.0,9
2025-10-20,-7.39056281978397,-5.0,35
2025-10-20,-3.83221128948732,-9.5,7
2025-10-20,-3.79464285714286,-10.0,18
2025-10-13,-2.8322440087146,-10.0,8
2025-10-13,-8.48416289592758,-9.5,6
2025-10-13,-4.48179271708684,-10.0,10
2025-10-13,-7.57042253521127,-10.0,18
2025-10-13,-4.48179271708684,-9.0,16
2025-10-13,-4.14364640883978,-10.0,6
2025-10-13,-4.98533724340176,-9.0,8
2025-10-13,-4.98533724340176,-9.5,6
2025-10-13,-4.97076023391813,-9.0,6
2025-10-13,-2.8322440087146,-10.0,10
2025-10-06,-8.22122571001495,-6.5,13
2025-10-06,-4.22201138519924,-7.5,9
2025-10-06,-7.2639225181598,-9.0,12
2025-10-06,-8.59950859950858,-10.0,11
2025-10-06,-10.4430379746835,-7.2,12
2025-10-06,-4.6448087431694,-10.0,68
2025-10-06,-4.42105263157895,-10.0,6
2025-10-06,-6.45161290322581,-10.0,6
2025-10-06,-6.09418282548476,-10.0,15
2025-10-06,-7.52864157119473,-9.5,20
2025-10-06,-4.9034175334324,-10.0,227
2025-10-06,-4.11840411840412,-10.0,21
2025-10-06,-5.80046403712296,-10.0,6
2025-09-29,-1.38067061143985,-5.0,8
2025-09-29,0.0,-9.5,9
2025-09-29,-0.7177033492823,-9.5,10
2025-09-29,-9.4850948509485,-10.0,27
2025-09-29,-10.337552742616,-5.0,6
2025-09-29,0.0,-9.0,18
2025-09-29,0.23041474654378,-10.0,22
2025-09-22,-8.40764331210189,-10.0,11
2025-09-22,-7.1578947368421,-9.0,12
2025-09-22,-7.82608695652174,-9.5,6
2025-09-22,-2.39043824701195,-2.0,9
2025-09-22,-8.24873096446702,-2.0,19
2025-09-22,2.93398533007335,-5.0,13
2025-09-15,-9.5238095238095,-9.0,9
2025-09-15,-1.31332082551595,-10.0,6
2025-09-15,-6.80335507921715,-10.0,11
2025-09-15,-3.50194552529183,-7.2,7
2025-09-15,-7.73809523809524,-9.0,6
2025-09-08,-7.35483870967742,-10.0,18
2025-09-08,-6.10687022900763,-5.0,12
2025-09-08,-6.10687022900763,-5.0,7
2025-09-08,-6.10687022900763,-5.0,41
2025-09-08,-6.10687022900763,-5.0,8
2025-09-08,-6.10687022900763,-5.0,9
2025-09-08,-5.21920668058455,-10.0,13
2025-09-08,-8.07453416149068,-10.0,7
2025-09-08,-3.82882882882883,-10.0,13
2025-09-08,-6.10687022900763,-5.0,12
2025-09-08,-6.10687022900763,-5.0,60
2025-09-08,-6.10687022900763,-5.0,81
2025-09-08,-6.10687022900763,-5.0,7
2025-09-08,-5.63002680965147,-5.0,9
2025-09-08,-6.10687022900763,-5.0,6
2025-09-08,-5.4054054054054,-10.0,24
2025-09-08,-5.4054054054054,-10.0,11
2025-09-01,-3.40909090909091,-10.0,6
2025-09-01,-6.38297872340425,-2.0,10
2025-09-01,-9.25110132158593,-10.0,6
2025-09-01,-4.24646128226478,-9.2,10
2025-09-01,-4.09556313993174,-10.0,6
2025-09-01,-4.72756410256411,-7.0,21
2025-09-01,5.78313253012048,-2.0,11
2025-08-25,-0.9009009009009,-10.0,6
2025-08-25,-6.66666666666666,-10.0,30
2025-08-25,-0.797872340425529,-10.0,9
2025-08-25,-5.84795321637427,-10.0,7
2025-08-25,-4.90247759620453,-4.0,6
2025-08-25,-6.66666666666666,-10.0,15
2025-08-25,-7.94979079497908,-10.0,20
2025-08-25,-6.22732769044741,-2.0,7
2025-08-25,-2.08333333333333,-5.0,14
2025-08-25,-6.82372055239642,-5.0,6
2025-08-25,-2.59179265658747,-9.0,10
2025-08-25,-6.66666666666666,-10.0,10
2025-08-25,-4.08719346049046,-10.0,6
2025-08-18,-8.71369294605809,-9.5,6
2025-08-18,-7.28929384965832,-10.0,12
2025-08-18,-4.92753623188406,-10.0,18
2025-08-18,-6.15384615384616,-10.0,9
2025-08-18,-4.68085106382978,-10.0,9
2025-08-18,-6.21761658031088,-2.0,11
2025-08-18,-4.72560975609756,-4.0,16
2025-08-18,-4.26356589147286,-10.0,6
2025-08-18,0.23474178403756,-2.0,7
2025-08-18,-4.89795918367347,-9.5,11
2025-08-18,-0.13568521031207,-5.0,9
2025-08-18,-7.28929384965832,-10.0,8
2025-08-18,-7.93103448275862,-10.0,35
2025-08-18,-4.89795918367347,-9.5,21
2025-08-18,-4.16666666666667,-10.0,12
2025-08-11,-10.379746835443,-10.0,8
2025-08-11,-6.70995670995671,-10.0,22
2025-08-11,-9.04109589041097,-9.2,15
2025-08-11,-6.70995670995671,-9.5,7
2025-08-11,-3.59915314043754,-9.0,20
2025-08-11,-6.89655172413793,-10.0,32
2025-08-11,-7.93650793650794,-10.0,10
2025-08-11,-7.84313725490196,-10.0,12
2025-08-11,-6.61375661375661,-10.0,17
2025-08-11,-7.84313725490196,-10.0,7
2025-08-11,-1.34288272157565,-10.0,8
2025-08-11,-4.42913385826772,-10.0,31
2025-08-11,-7.97101449275362,-10.0,9
2025-08-11,-1.94444444444444,-10.0,13
2025-08-04,-6.36398913465269,-5.6,15
2025-08-04,-4.5945945945946,-10.0,12
2025-08-04,-3.05532617671346,-5.0,6
2025-08-04,-11.1814345991561,-10.0,6
2025-08-04,-5.09915014164306,-10.0,8
2025-08-04,-1.1608623548922,-10.0,6
2025-08-04,-3.05532617671346,-5.0,9
2025-08-04,-4.5945945945946,-10.0,9
2025-08-04,-7.7639751552795,-9.0,13
2025-07-28,-5.63380281690141,-5.0,7
2025-07-28,-5.63380281690141,-5.0,19
2025-07-28,-5.45454545454545,-5.0,8
2025-07-28,-5.45454545454545,-5.0,8
2025-07-28,-5.63380281690141,-5.0,9
2025-07-28,-6.82352941176471,-6.5,15
2025-07-28,-3.125,-10.0,15
2025-07-28,-3.125,-9.2,6
2025-07-28,-4.97466605251037,-9.0,36
2025-07-28,-4.97466605251037,-5.0,40
2025-07-28,-3.70799536500579,-10.0,6
2025-07-28,-5.45454545454545,-5.0,8
2025-07-28,-3.125,-10.0,21
2025-07-28,-6.52173913043478,-6.5,6
2025-07-21,-3.18471337579618,-9.5,10
2025-07-21,-0.25906735751295,-9.5,11
2025-07-21,-6.32911392405064,-10.0,15
2025-07-21,-9.0,-9.2,7
2025-07-21,-7.02479338842975,-10.0,11
2025-07-21,-7.29483282674772,-10.0,9
2025-07-21,-7.29483282674772,-9.2,8
2025-07-21,-3.58126721763086,-9.5,13
2025-07-21,-6.60592255125285,-10.0,28
2025-07-21,-5.59006211180124,-10.0,9
2025-07-21,-7.29483282674772,-9.0,11
2025-07-21,-7.31707317073171,-9.2,18
2025-07-21,-6.48148148148147,-9.5,7
2025-07-21,-5.37525354969574,-10.0,8
2025-07-21,-5.67375886524823,-10.0,12
2025-07-21,-3.55029585798816,-9.5,15
2025-07-21,-3.51906158357772,-9.2,10
2025-07-14,-4.95049504950495,-9.5,11
2025-07-14,-8.27285921625541,-9.2,10
2025-07-14,-4.46009389671362,-9.5,9
2025-07-14,-6.8241469816273,-10.0,35
2025-07-14,-7.93650793650793,-5.0,6
2025-07-14,-4.34131736526947,-6.5,26
2025-07-14,-2.36686390532544,-9.5,15
2025-07-14,-5.21235521235521,-5.0,7
2025-07-14,-6.71140939597315,-9.5,14
2025-07-14,-6.95488721804511,-10.0,7
2025-07-07,-7.00757575757575,-10.0,6
2025-07-07,-7.02087286527514,-10.0,6
2025-07-07,-2.71816881258941,-10.0,46
2025-07-07,-5.76208178438662,-9.2,6
2025-07-07,-5.89622641509434,-10.0,11
2025-07-07,-6.00961538461538,-9.0,17
2025-07-07,-7.14285714285714,-10.0,82
2025-07-07,-3.84615384615385,-7.2,12
2025-07-07,-6.78851174934726,-10.0,9
2025-07-07,-5.59796437659033,-10.0,9
2025-06-30,-0.89051859612362,-7.2,8
2025-06-30,-2.93333333333334,-5.0,39
2025-06-30,-6.77966101694915,-5.0,14
2025-06-30,-6.79347826086956,-5.0,13
2025-06-30,-9.03225806451613,-5.0,6
2025-06-30,-2.93333333333334,-5.0,33
2025-06-30,-6.79347826086956,-9.5,8
2025-06-30,-6.29139072847682,-10.0,24
2025-06-30,-9.59821428571431,-5.0,8
2025-06-09,-4.33031218529708,-5.0,17
2025-06-09,-4.33031218529708,-5.0,28
2025-06-09,-7.5705437026841,-9.0,14
2025-06-09,-0.86139389193422,-5.0,15
2025-06-09,-6.35593220338983,-10.0,30
2025-06-09,-4.62724935732648,-10.0,7
2025-06-02,-5.80847723704867,-4.0,11
2025-06-02,-4.39024390243903,-9.5,10
2025-06-02,-11.4173228346456,-6.5,6
2025-06-02,-4.39024390243903,-10.0,12
2025-06-02,-5.720823798627,-9.0,21
2025-06-02,-3.78469301934399,-10.0,13
2025-06-02,-4.76190476190477,-10.0,10
2025-06-02,-7.27272727272727,-7.0,21
2025-06-02,-6.63265306122449,-10.0,8
2025-06-02,-7.6555023923445,-5.0,12
2025-06-02,-8.61723446893786,-7.0,8
2025-05-26,-4.43864229765013,-10.0,8
2025-05-26,-10.4294478527608,-4.0,8
2025-05-26,-1.32013201320132,-10.0,15
2025-05-26,-5.39811066126856,-9.0,15
2025-05-26,-6.97954271961492,-5.0,8
2025-05-26,-1.32013201320132,-2.0,9
2025-05-19,-6.15763546798029,-10.0,6
2025-05-19,-6.14525139664805,-5.0,11
2025-05-19,-5.74866310160428,-9.0,82
2025-05-19,-9.75609756097556,-4.0,96
2025-05-19,-5.81613508442776,-5.0,148
2025-05-19,-9.50226244343896,-5.0,15
2025-05-19,-6.14525139664805,-4.4,14
2025-05-19,-6.02409638554217,-5.0,11
2025-05-19,-7.39795918367347,-9.0,10
2025-05-19,-9.75609756097556,-4.0,75
2025-05-19,-8.72894333843798,-10.0,27
2025-05-12,-5.15021459227468,-9.0,11
2025-05-12,-5.23809523809524,-10.0,16
2025-05-12,-5.21008403361345,-10.0,45
2025-05-12,-9.9447513812155,-9.5,6
2025-05-12,-8.7719298245614,-9.0,6
2025-05-12,-5.15463917525774,-10.0,15
2025-05-12,-7.85714285714285,-10.0,10
2025-05-12,-7.85714285714285,-10.0,8
2025-05-12,-8.46681922196796,-5.0,8
2025-05-12,-8.33333333333333,-10.0,6
2025-05-12,-6.92771084337349,-5.0,18
2025-05-12,-5.12396694214876,-10.0,28
2025-05-12,-5.80912863070539,-10.0,21
2025-05-12,-4.98585572842999,-9.5,7
2025-05-12,-5.98130841121495,-10.0,7
2025-05-12,-5.14579759862779,-10.0,16
2025-05-12,-4.98585572842999,-9.2,10
2025-05-12,-5.14579759862779,-10.0,20
2025-05-12,-7.83242258652095,-10.0,24
2025-05-12,-6.5359477124183,-10.0,12
2025-05-12,-5.28771384136859,-10.0,171
2025-05-05,-4.10958904109589,-5.0,11
2025-05-05,-5.25694034258712,-9.0,7
2025-05-05,-4.30809399477807,-7.0,6
2025-05-05,-4.10958904109589,-10.0,11
2025-05-05,-5.25694034258712,-9.0,36
2025-05-05,-7.44047619047619,-5.0,17
2025-05-05,-3.76237623762376,-2.0,7
2025-05-05,-4.82478415439309,-6.5,14
2025-05-05,-5.27740189445196,-9.5,14
2025-05-05,-5.6,-10.0,6
2025-05-05,-4.83953132959755,-6.5,43
2025-05-05,-6.64697193500739,-10.0,8
2025-05-05,-7.8907435508346,-9.0,19
2025-05-05,-1.96261682242991,-2.0,6
2025-05-05,-3.63247863247864,-2.0,10
2025-05-05,-5.25694034258712,-9.0,11
2025-05-05,-7.25806451612903,-10.0,11
2025-05-05,-4.84199796126401,-9.0,20
2025-05-05,-7.2941176470588,-10.0,10
2025-05-05,-4.82478415439309,-9.0,6
2025-04-28,-7.19178082191781,-10.0,7
2025-04-28,-3.30434782608696,-7.2,15
2025-04-28,-7.80780780780781,-10.0,16
2025-04-28,-3.15284441398218,-10.0,29
2025-04-28,-6.12244897959184,-10.0,23
2025-04-28,-4.38292964244521,-10.0,23
2025-04-28,-7.58620689655172,-10.0,13
2025-04-28,-4.76190476190476,-10.0,6
2025-04-28,-7.80780780780781,-9.2,12
2025-04-28,-5.98031794095378,-9.5,6
2025-04-28,-2.96610169491526,-10.0,6
2025-04-28,-7.19178082191781,-5.0,10
2025-04-28,-5.78551269990592,-10.0,9
2025-04-28,-8.08988764044944,-10.0,10
2025-04-28,-3.42809364548495,-10.0,6
2025-04-28,-5.03778337531486,-10.0,6
2025-04-21,-8.87850467289719,-10.0,18
2025-04-21,-7.90816326530612,-10.0,21
2025-04-21,-8.87850467289719,-10.0,14
2025-04-21,-8.87850467289719,-10.0,19
2025-04-21,-2.64084507042253,-2.0,28
2025-04-21,-2.26130653266332,-9.5,27
2025-04-21,-1.76923076923076,-10.0,31
2025-04-21,-4.35967302452316,-2.0,6
2025-04-21,-4.8421052631579,-10.0,8
2025-04-21,-8.73983739837398,-7.0,10
2025-04-21,-8.25565912117178,-9.2,13
2025-04-21,-9.48148148148148,-10.0,12
2025-04-21,-9.48148148148148,-10.0,9
2025-04-21,-2.20125786163522,-10.0,33
2025-04-21,-8.49420849420846,-7.0,8
2025-04-21,-9.48148148148148,-10.0,7
2025-04-21,-2.81481481481481,-9.5,13
2025-04-21,-3.39244410177332,-4.0,7
2025-04-21,-7.36196319018404,-5.0,34
2025-04-21,-1.81818181818181,-10.0,8
2025-04-14,-3.21285140562249,-10.0,6
2025-04-14,-6.20805369127517,-10.0,11
2025-04-14,-7.97342192691033,-10.0,8
2025-04-14,-6.9620253164557,-10.0,6
2025-04-14,-6.94444444444444,-5.0,7
2025-04-14,-6.20805369127517,-10.0,11
2025-04-14,-6.20805369127517,-10.0,10
2025-04-14,-5.97790773229369,-9.5,46
2025-04-14,-7.62886597938145,-4.0,13
2025-04-14,-6.94444444444444,-10.0,19
2025-04-14,-3.75838926174497,-2.0,8
2025-04-14,-5.97790773229369,-10.0,15
2025-04-14,-3.24165029469548,-9.0,6
2025-04-14,-5.98958333333334,-10.0,6
2025-04-14,-6.15114235500879,-10.0,14
2025-04-14,-1.85483870967741,-10.0,8
2025-04-14,-6.94444444444444,-7.2,33
2025-04-07,-6.30026809651474,-9.2,18
2025-04-07,-5.09316770186335,-5.0,7
2025-04-07,-4.39716312056738,-5.0,126
2025-04-07,-6.30026809651474,-10.0,6
2025-04-07,-7.64006791171477,-10.0,14
2025-04-07,-6.55858511422255,-5.0,15
2025-04-07,-6.32183908045977,-7.2,13
2025-04-07,-8.51063829787231,-10.0,30
2025-04-07,-3.85395537525355,-5.0,12
2025-04-07,-6.29370629370629,-9.0,8
2025-04-07,-5.52631578947368,-9.5,59
2025-04-07,-4.29645542427498,-5.0,6
2025-04-07,-8.51648351648353,-4.4,48
2025-04-07,-6.25,-10.0,44
2025-04-07,-4.15800415800416,-4.0,115
2025-04-07,-8.33333333333332,-5.0,24
2025-04-07,-4.39093484419263,-9.5,14
2025-04-07,-5.0,-10.0,12
2025-04-07,-5.52631578947368,-5.0,35
2025-04-07,-7.37527114967462,-4.4,12
2025-04-07,-5.05050505050505,-9.2,6
2025-04-07,-5.09316770186335,-5.0,20
2025-04-07,-3.10077519379845,-5.0,6
2025-04-07,-5.68862275449102,-9.5,18
2025-03-31,-4.32242990654206,-10.0,13
2025-03-31,-3.64464692482916,-10.0,9
2025-03-31,-3.90243902439025,-5.0,182
2025-03-31,-3.75275938189845,-4.4,6
2025-03-31,-5.26992287917738,-4.0,13
2025-03-31,-5.19230769230769,-9.2,12
2025-03-31,-5.04761904761905,-4.0,11
2025-03-31,-3.45744680851064,-10.0,168
2025-03-31,-7.07482993197279,-10.0,11
2025-03-31,-5.26881720430108,-9.0,53
2025-03-31,-5.07900677200903,-10.0,19
2025-03-31,-5.58015943312666,-4.0,20
2025-03-31,-3.76681614349776,-10.0,25
2025-03-31,-4.25531914893617,-9.2,10
2025-03-31,-3.90243902439025,-10.0,418
2025-03-31,-3.90243902439025,-10.0,202
2025-03-31,-4.71327572663001,-10.0,10
2025-03-31,-5.62884784520668,-7.0,602
2025-03-31,-5.65656565656565,-7.0,11
2025-03-31,-4.78927203065134,-4.0,30
2025-03-31,-7.14285714285714,-9.5,19
2025-03-31,-1.34099616858238,-10.0,32
2025-03-31,-5.14705882352941,-9.2,21
2025-03-31,-3.16455696202532,-7.0,10
2025-03-31,-5.92497868712702,-10.0,322
2025-03-31,-5.31803962460897,-7.0,104
2025-03-31,-3.83036935704515,-10.0,10
2025-03-31,-8.33333333333333,-9.5,6
2025-03-31,-5.0610820244328,-2.0,21
2025-03-31,-6.33187772925764,-7.0,6
2025-03-31,-4.93150684931507,-9.2,7
2025-03-31,-3.54609929078014,-4.4,18
2025-03-31,-5.58015943312666,-10.0,9
2025-03-31,-3.45744680851064,-10.0,75
2025-03-31,-5.41624874623872,-7.2,80
2025-03-31,-2.22222222222222,-7.2,8
2025-03-31,-6.62544169611308,-10.0,43
2025-03-31,-5.18518518518518,-9.5,18
2025-03-31,-4.1044776119403,-4.0,57
2025-03-31,-4.53074433656958,-9.5,14
2025-03-31,-4.64684014869889,-10.0,6
2025-03-31,-4.33386837881219,-7.0,149
2025-03-31,-4.94505494505495,-4.0,10
2025-03-31,-5.43806646525679,-10.0,21
2025-03-31,-4.54895913646878,-10.0,32
2025-03-31,-5.65656565656565,-7.2,6
2025-03-31,-6.06451612903226,-4.0,6
2025-03-31,-3.88446215139442,-10.0,21
2025-03-31,-5.20446096654275,-9.0,10
2025-03-31,-3.89610389610386,-7.0,10
2025-03-31,-4.17536534446764,-4.0,6
2025-03-31,-4.84429065743944,-10.0,13
2025-03-31,-4.55635491606715,-4.0,67
2025-03-31,-3.64220674879486,-5.0,35
2025-03-31,-6.54450261780104,-5.0,8
2025-03-31,-5.04761904761905,-9.5,6
2025-03-31,-3.88446215139442,-10.0,61
2025-03-31,-4.6692607003891,-10.0,6
2025-03-31,-4.9469964664311,-7.0,10
2025-03-31,-3.94366197183099,-10.0,27
2025-03-31,-8.94160583941608,-9.0,7
2025-03-31,-5.88235294117648,-10.0,8
2025-03-24,-5.39772727272728,-10.0,8
2025-03-24,-5.06024096385543,-10.0,17
2025-03-24,-4.77611940298508,-9.5,37
2025-03-24,-6.17760617760618,-10.0,18
2025-03-24,-6.02150537634409,-10.0,55
2025-03-24,-3.78378378378378,-9.5,6
2025-03-24,-4.93046776232617,-10.0,176
2025-03-24,-6.4070351758794,-10.0,20
2025-03-24,-7.30088495575221,-5.0,6
2025-03-24,-8.24295010845985,-5.0,8
2025-03-24,-3.7914691943128,-9.5,9
2025-03-24,-6.87022900763359,-10.0,32
2025-03-24,-4.725168756027,-9.5,7
2025-03-24,-6.31681243926142,-10.0,11
2025-03-24,-4.36681222707424,-10.0,7
2025-03-24,-5.73099415204679,-10.0,56
2025-03-24,-4.79338842975206,-10.0,72
2025-03-24,-6.05326876513317,-10.0,410
2025-03-24,-7.05645161290323,-10.0,7
2025-03-24,-2.81124497991968,-5.0,6
2025-03-24,-5.81196581196581,-10.0,8
2025-03-24,-6.02782071097373,-9.5,11
2025-03-24,-6.46067415730337,-10.0,6
2025-03-24,-4.53608247422681,-5.0,13
2025-03-24,-7.25075528700907,-7.2,26
2025-03-24,-2.95138888888888,-5.0,12
2025-03-24,-5.25793650793651,-2.0,11
2025-03-24,-6.74300254452926,-10.0,10
2025-03-24,-4.60460460460461,-10.0,13
2025-03-24,-5.77777777777778,-10.0,21
2025-03-24,-6.58135283363803,-10.0,7
2025-03-24,-7.66129032258065,-10.0,6
2025-03-24,-3.19018404907976,-10.0,11
2025-03-24,-5.62947799385875,-10.0,16
2025-03-24,-4.510556621881,-9.5,9
2025-03-24,-6.44371941272431,-10.0,7
2025-03-24,-4.36018957345971,-7.2,26
2025-03-24,-6.47727272727273,-9.5,85
2025-03-24,-6.01851851851852,-10.0,283
2025-03-24,-4.65367965367965,-7.0,7
2025-03-24,-4.93046776232617,-7.2,163
2025-03-24,-6.31578947368421,-5.0,7
2025-03-24,-5.64263322884013,-9.2,21
2025-03-24,-6.26865671641791,-10.0,12
2025-03-24,-3.95528804815133,-10.0,7
2025-03-24,-5.96833130328867,-9.5,37
2025-03-24,-6.56691604322527,-9.5,9
2025-03-24,-5.54626532887403,-10.0,26
2025-03-24,-3.51351351351352,-9.5,11
2025-03-24,-5.99250936329588,-9.5,10
2025-03-24,-4.30308699719364,-10.0,13
2025-03-24,-5.06756756756757,-7.2,6
2025-03-24,-1.85185185185185,-10.0,12
2025-03-24,-5.5895865237366,-10.0,54
2025-03-24,-6.66666666666667,-9.0,46
2025-03-24,-6.21915103652517,-10.0,191
2025-03-24,-5.77777777777777,-10.0,7
2025-03-24,-6.0,-10.0,12
2025-03-17,-6.77530017152659,-5.6,23
2025-03-17,-5.5,-10.0,8
2025-03-17,-9.00692840646651,-5.0,12
2025-03-17,-1.25448028673835,-10.0,6
2025-03-17,-9.15492957746477,-5.0,8
2025-03-17,-6.49651972157773,-9.5,18
2025-03-17,-3.04568527918782,-10.0,13
2025-03-17,-3.67816091954023,-5.0,9
2025-03-17,-0.61224489795918,-6.5,14
2025-03-17,-6.14035087719298,-10.0,17
2025-03-17,-4.48484848484849,-9.0,12
2025-03-17,-6.14035087719298,-10.0,15
2025-03-17,-1.25448028673835,-10.0,6
2025-03-17,-8.78048780487801,-10.0,19
2025-03-17,-4.71380471380471,-2.0,10
2025-03-17,-6.95035460992908,-10.0,8
2025-03-10,-6.2992125984252,-10.0,11
2025-03-10,-7.02479338842975,-10.0,7
2025-03-10,-7.02479338842975,-10.0,16
2025-03-10,-5.51181102362205,-9.2,14
2025-03-10,-3.21931589537224,-10.0,9
2025-03-10,-5.2924791086351,-5.0,7
2025-03-10,-0.86410054988217,-9.5,9
2025-03-10,-7.45341614906832,-10.0,14
2025-03-10,-7.9002079002079,-10.0,6
2025-03-10,-2.22222222222223,-5.6,7
2025-03-10,-8.92193308550189,-5.0,8
2025-03-10,-10.3875968992248,-9.0,8
2025-03-10,-0.90252707581227,-5.0,9
2025-03-10,-2.13903743315508,-4.0,20
2025-03-10,-5.48780487804878,-9.5,13
2025-03-10,-6.31313131313132,-2.0,6
2025-03-10,-6.70103092783505,-10.0,6
2025-03-03,-9.31174089068829,-5.0,13
2025-03-03,-4.55696202531645,-5.0,22
2025-03-03,-3.69230769230769,-7.0,12
2025-03-03,-6.9364161849711,-10.0,40
2025-03-03,-1.65289256198347,-8.0,9
2025-03-03,-5.66037735849057,-5.0,18
2025-03-03,-6.14886731391586,-9.0,22
2025-03-03,-5.28571428571428,-10.0,6
2025-03-03,-7.46268656716417,-10.0,6
2025-02-24,-7.96460176991154,-9.2,6
2025-02-24,-10.670731707317,-2.0,33
2025-02-24,-13.4986225895317,-9.0,8
2025-02-24,-10.670731707317,-2.0,15
2025-02-24,-4.99001996007984,-4.0,59
2025-02-24,-6.68740279937792,-10.0,22
2025-02-24,-5.14705882352941,-10.0,21
2025-02-24,-4.50450450450451,-9.0,27
2025-02-24,-0.45745654162855,-4.0,6
2025-02-24,-6.75203725261933,-4.0,9
2025-02-24,-5.61529271206691,-10.0,13
2025-02-17,-5.74912891986063,-10.0,39
2025-02-17,-3.11645708037179,-9.0,13
2025-02-17,-4.29936305732485,-10.0,27
2025-02-17,-1.69628432956381,-10.0,12
2025-02-17,-0.27149321266968,-10.0,7
2025-02-17,-5.94227504244483,-9.0,35
2025-02-17,-7.08661417322834,-9.2,6
2025-02-17,-7.62711864406779,-9.2,11
2025-02-17,-13.1313131313131,-5.0,6
2025-02-17,-4.73251028806585,-10.0,8
2025-02-17,-5.66037735849056,-10.0,10
2025-02-17,-13.1313131313131,-5.0,11
2025-02-17,-5.05050505050505,-10.0,9
2025-02-17,-7.15421303656598,-10.0,45
2025-02-10,-7.3482428115016,-10.0,39
2025-02-10,-5.23321956769056,-9.0,6
2025-02-10,-5.0,-5.0,21
2025-02-10,-5.0,-10.0,20
2025-02-10,-6.00522193211488,-9.0,10
2025-02-10,-8.38150289017341,-10.0,10
2025-02-10,-5.23321956769056,-9.2,12
2025-02-10,-5.36332179930795,-6.5,31
2025-02-10,-4.12147505422993,-5.0,6
2025-02-10,-3.18965517241379,-9.0,6
2025-02-10,-9.02439024390248,-5.0,10
2025-02-10,-5.0,-10.0,7
2025-02-10,-10.3448275862069,-10.0,6
2025-02-03,-7.82608695652179,-10.0,10
2025-02-03,-4.85175202156334,-10.0,9
2025-02-03,-2.46679316888045,-10.0,6
2025-02-03,-7.28929384965832,-5.0,11
2025-02-03,-8.49673202614379,-9.2,18
2025-02-03,-5.18867924528302,-10.0,8
2025-02-03,-8.49673202614379,-9.0,17
2025-02-03,-8.64553314121037,-10.0,7
2025-02-03,-7.20562390158172,-9.2,20
2025-02-03,-2.67991568804577,-9.5,6
2025-02-03,-8.39160839160837,-7.2,6
2025-02-03,-2.5440313111546,-4.0,24
2025-02-03,-2.5440313111546,-10.0,30
2025-02-03,-7.66045548654244,-10.0,22
2025-01-27,-5.41976620616366,-10.0,8
2025-01-27,-7.12962962962963,-10.0,8
2025-01-27,-5.10406342913776,-6.5,10
2025-01-27,-5.20527859237537,-10.0,17
2025-01-27,2.89256198347108,-5.0,6
2025-01-27,-5.20527859237537,-9.2,21
2025-01-27,-7.48663101604278,-10.0,30
2025-01-27,-4.4362292051756,-7.0,15
2025-01-27,-0.48309178743961,-2.0,12
2025-01-27,-5.05701536936043,-9.0,19
2025-01-27,-5.26315789473684,-6.5,8
2025-01-27,-5.10406342913776,-9.0,8
2025-01-27,-5.05701536936043,-10.0,14
2025-01-27,-9.4994892747702,-10.0,6
2025-01-27,-4.61783439490446,-2.0,72
2025-01-27,-5.05701536936043,-4.0,6
2025-01-27,-4.74860335195531,-10.0,11
2025-01-27,-7.12962962962963,-6.5,11
2025-01-27,-5.41976620616366,-10.0,7
2025-01-27,-4.1740674955595,-10.0,6
2025-01-27,-7.12962962962963,-9.0,14
2025-01-20,-6.41399416909621,-9.2,8
2025-01-20,-4.91803278688525,-9.2,7
2025-01-20,-6.14250614250615,-7.2,15
2025-01-20,-10.1149425287356,-2.0,9
2025-01-20,-2.557856272838,-5.0,16
2025-01-20,-7.30337078651685,-10.0,19
2025-01-20,-4.35294117647059,-5.0,24
2025-01-20,-7.00483091787439,-9.0,8
2025-01-20,-5.6696795398521,-9.5,20
2025-01-20,-5.6696795398521,-9.5,12
2025-01-20,-5.0561797752809,-10.0,19
2025-01-20,-4.35294117647059,-10.0,14
2025-01-20,-4.79302832244008,-10.0,26
2025-01-13,-6.15384615384615,-10.0,18
2025-01-13,-6.99152542372881,-10.0,10
2025-01-13,-4.18118466898954,-5.0,7
2025-01-13,-6.15384615384615,-10.0,11
2025-01-13,-4.12844036697247,-10.0,18
2025-01-13,-2.43478260869565,-9.2,54
2025-01-13,-6.61625708884688,-7.0,15
2025-01-13,-3.53606789250353,-9.5,9
2025-01-13,-6.35838150289018,-7.0,9
2025-01-13,-4.11311053984576,-9.5,12
2025-01-13,-5.21327014218009,-10.0,7
2025-01-13,-2.43478260869565,-9.5,33
2025-01-06,-4.88888888888889,-10.0,12
2025-01-06,-4.46927374301676,-6.5,64
2025-01-06,-3.74707259953162,-9.5,39
2025-01-06,-6.31578947368421,-10.0,11
2025-01-06,-4.04217926186292,-2.0,119
2025-01-06,-4.88888888888889,-9.2,24
2025-01-06,-3.01003344481605,-5.0,7
2025-01-06,-4.88888888888889,-9.2,6
2025-01-06,-4.04217926186292,-9.2,25
2025-01-06,-5.81896551724138,-9.5,7
2025-01-06,-7.78688524590164,-10.0,6
2025-01-06,-4.46153846153847,-10.0,12
2025-01-06,-4.41988950276243,-5.0,10
2025-01-06,-4.06360424028268,-10.0,43
2025-01-06,-3.59066427289049,-9.5,8
2025-01-06,-4.11449016100179,-9.5,24
2025-01-06,-4.21585160202361,-9.2,8
2025-01-06,-4.06360424028268,-9.0,145
2025-01-06,-4.37062937062937,-9.5,21
2025-01-06,-4.29338103756708,-9.2,6
2025-01-06,-4.04217926186292,-10.0,48
2025-01-06,-4.46927374301676,-9.5,17
2025-01-06,-4.29338103756708,-9.0,6
2025-01-06,-4.29338103756708,-2.0,6
2025-01-06,-4.11449016100179,-10.0,6
2025-01-06,-3.62595419847328,-9.2,56
2025-01-06,-4.06360424028268,-9.2,49
2025-01-06,-7.18038528896673,-10.0,14
2025-01-06,-3.78947368421053,-9.5,31
2025-01-06,-7.95135640785781,-9.5,6
2025-01-06,-4.04217926186292,-9.2,24
2025-01-06,-8.16714150047484,-2.0,6
2024-12-30,-5.08474576271186,-10.0,18
2024-12-30,-7.47126436781609,-5.0,33
2024-12-30,-7.47126436781609,-5.0,41
2024-12-30,-5.47945205479452,-8.0,6
2024-12-30,-6.63198959687907,-9.2,11
2024-12-30,-6.98027314112291,-9.2,11
2024-12-30,-2.77227722772277,-6.5,22
2024-12-30,-4.89510489510489,-5.0,8
2024-12-30,-8.35380835380835,-10.0,8
2024-12-30,-7.47126436781609,-5.0,29
2024-12-30,-6.92771084337349,-5.0,55
2024-12-30,-6.93815987933635,-5.0,8
2024-12-30,-6.93815987933635,-5.0,39
2024-12-30,-6.83229813664596,-10.0,11
2024-12-30,-6.92771084337349,-5.0,19
2024-12-30,-6.93815987933635,-5.0,8
2024-12-30,-6.93815987933635,-5.0,16
2024-12-30,-7.47126436781609,-5.0,14
2024-12-30,-7.47126436781609,-5.0,17
2024-12-30,-2.77227722772277,-10.0,41
2024-12-30,-6.63198959687907,-10.0,13
2024-12-30,-4.25894378194208,-10.0,17
2024-12-30,-5.19877675840979,-10.0,26
2024-12-30,-1.62544169611307,-5.0,8
2024-12-30,-7.02247191011236,-5.0,21
2024-12-30,-1.82555780933063,-9.5,21
2024-12-30,-4.69314079422382,-10.0,55
2024-12-23,-3.58744394618834,-9.5,28
2024-12-23,-1.96779964221825,-9.5,50
2024-12-23,-5.41237113402062,-5.0,15
2024-12-23,0.24875621890547,-9.2,7
2024-12-23,-5.40540540540541,-9.2,13
2024-12-23,-3.56347438752784,-10.0,12
2024-12-23,0.24875621890547,-9.5,15
2024-12-23,-8.46560846560846,-5.0,6
2024-12-23,-3.16027088036117,-9.2,51
2024-12-23,-2.30040595399188,-9.0,7
2024-12-23,-11.1111111111111,-10.0,6
2024-12-23,-3.85964912280702,-9.5,8
2024-12-16,-3.00751879699248,-9.5,40
2024-12-16,-3.56695869837296,-5.0,7
2024-12-16,-3.47721822541967,-9.5,12
2024-12-16,-3.00751879699248,-9.5,25
2024-12-16,-0.81037277147488,-5.0,15
2024-12-16,-3.2258064516129,-9.0,6
2024-12-16,-3.47721822541967,-9.0,13
2024-12-16,-0.81037277147488,-2.0,8
2024-12-16,-2.4896265560166,-5.0,99
2024-12-16,-9.74264705882351,-5.0,6
2024-12-16,-4.01376146788991,-9.5,6
2024-12-16,-2.01380897583429,-5.0,14
2024-12-16,-3.71134020618557,-9.5,15
2024-12-16,-10.0323624595469,-7.0,11
2024-12-16,-7.37051792828685,-9.2,15
2024-12-09,-3.32278481012658,-9.5,9
2024-12-09,-3.0859049207673,-9.5,24
2024-12-09,-8.04289544235925,-5.0,33
2024-12-09,-2.45614035087719,-9.2,17
2024-12-09,-3.32278481012658,-10.0,6
2024-12-09,-3.3816425120773,-9.5,40
2024-12-09,-2.45614035087719,-9.5,11
2024-12-09,-2.45614035087719,-9.5,7
2024-12-09,-4.02298850574712,-5.0,9
2024-12-09,-3.44827586206897,-10.0,34
2024-12-09,-3.18979266347688,-5.0,21
2024-12-09,-3.3816425120773,-9.5,59
2024-12-09,-3.51437699680511,-9.5,44
2024-12-09,-6.79094540612517,-10.0,25
2024-12-02,-3.76153300212917,-5.0,18
2024-12-02,-3.61904761904762,-10.0,50
2024-12-02,-2.734375,-5.0,8
2024-12-02,-5.39083557951483,-10.0,25
2024-12-02,-4.45945945945946,-10.0,7
2024-12-02,-4.01234567901234,-9.5,36
2024-12-02,-10.3448275862069,-10.0,8
2024-12-02,-10.4109589041095,-9.5,23
2024-12-02,-3.50877192982456,-9.0,16
2024-11-25,-6.79347826086957,-5.0,26
2024-11-25,-10.9266943291839,-2.0,17
2024-11-25,-6.79347826086957,-2.0,7
2024-11-25,-5.79345088161209,-5.0,7
2024-11-25,-10.9266943291839,-9.5,14
2024-11-25,-5.58659217877096,-10.0,8
2024-11-25,-6.6358024691358,-10.0,10
2024-11-25,-4.72602739726028,-10.0,22
2024-11-25,-4.83531885073581,-9.0,10
2024-11-25,-5.05359877488514,-5.0,10
2024-11-25,-6.6358024691358,-2.0,15
2024-11-25,-5.73248407643312,-5.0,24
2024-11-25,-5.60606060606061,-5.0,18
2024-11-25,-5.59254327563249,-5.0,31
2024-11-25,-4.40251572327044,-9.0,29
2024-11-25,-10.9266943291839,-2.0,13
2024-11-25,-4.72602739726028,-9.5,20
2024-11-25,-4.30711610486891,-5.0,8
2024-11-25,-5.46448087431694,-10.0,35
2024-11-18,-4.77299185098953,-5.0,17
2024-11-18,-4.83870967741935,-2.0,8
2024-11-18,-5.03672612801679,-4.0,7
2024-11-18,-5.77124868835257,-9.5,6
2024-11-18,-7.44336569579288,-9.2,12
2024-11-18,-7.38853503184713,-4.0,9
2024-11-18,-4.34782608695653,-5.0,8
2024-11-18,-7.2336265884653,-5.0,8
2024-11-18,-4.72837022132797,-10.0,44
2024-11-18,-7.2336265884653,-5.0,23
2024-11-18,-1.47874306839187,-10.0,7
2024-11-18,-4.72837022132797,-10.0,27
2024-11-18,-3.58565737051793,-10.0,51
2024-11-11,-2.63157894736842,-10.0,55
2024-11-11,-4.13793103448276,-10.0,64
2024-11-11,-4.77386934673366,-9.2,34
2024-11-11,-5.7356608478803,-5.0,13
2024-11-11,-1.84126984126985,-10.0,13
2024-11-11,-3.00081103000811,-9.5,9
2024-11-11,-4.37956204379562,-10.0,10
2024-11-11,-6.25,-5.0,7
2024-11-11,-3.34855403348554,-10.0,45
2024-11-11,-9.42857142857144,-9.5,7
2024-11-11,-5.13418903150525,-9.0,8
2024-11-11,-1.1755485893417,-9.5,6
2024-11-04,-4.1486603284356,-10.0,30
2024-11-04,-4.27807486631016,-5.0,8
2024-11-04,0.46801872074883,-2.0,8
2024-11-04,-3.86965376782077,-9.2,49
2024-11-04,-5.38057742782152,-10.0,10
2024-11-04,-4.8854961832061,-10.0,6
2024-11-04,-4.21052631578947,-6.5,11
2024-11-04,0.82101806239737,-2.0,15
2024-11-04,-0.7202881152461,-9.2,11
2024-11-04,-2.0997375328084,-10.0,31
2024-11-04,-4.8854961832061,-10.0,6
2024-11-04,-1.5112262521589,-10.0,14
2024-11-04,-4.8854961832061,-10.0,6
2024-11-04,-4.84429065743945,-10.0,42
2024-11-04,-4.2483660130719,-9.5,6
2024-11-04,-6.19883040935673,-10.0,7
2024-11-04,-5.38057742782152,-10.0,15
2024-11-04,-7.57575757575757,-10.0,9
2024-10-28,-2.84252416145537,-9.5,190
2024-10-28,-4.62046204620462,-10.0,70
2024-10-28,-2.77623542476402,-9.5,6
2024-10-28,-2.84252416145537,-10.0,82
2024-10-28,-4.00667779632721,-9.5,28
2024-10-28,-7.42924528301887,-10.0,14
2024-10-28,-4.87179487179487,-10.0,40
2024-10-28,-7.17863105175292,-4.4,7
2024-10-28,-2.74963820549928,-10.0,155
2024-10-28,-6.59630606860158,-10.0,12
2024-10-28,-4.76190476190476,-9.5,8
2024-10-28,-4.24628450106157,-9.5,7
2024-10-28,-3.83771929824562,-10.0,8
2024-10-28,-5.25587828492393,-10.0,9
2024-10-28,-6.3973063973064,-9.2,7
2024-10-28,-2.77623542476402,-9.5,7
2024-10-28,-4.52127659574468,-5.0,9
2024-10-28,-4.78927203065134,-10.0,8
2024-10-28,-7.46268656716418,-10.0,13
2024-10-21,-4.47204968944099,-10.0,30
2024-10-21,-4.51977401129943,-5.0,7
2024-10-21,-3.71747211895911,-9.5,21
2024-10-21,-6.61322645290581,-5.0,18
2024-10-21,-7.98065296251511,-10.0,18
2024-10-21,-4.47204968944099,-10.0,41
2024-10-21,-8.59188544152744,-5.0,8
2024-10-21,-4.4206296048225,-7.2,12
2024-10-21,-7.00729927007299,-10.0,6
2024-10-21,-4.18943533697633,-10.0,8
2024-10-21,-8.61244019138761,-5.0,12
2024-10-21,-3.38010204081632,-10.0,10
2024-10-21,-6.85224839400428,-5.0,8
2024-10-21,-3.7467700258398,-9.0,30
2024-10-21,-3.38010204081632,-9.0,43
2024-10-21,-3.8860103626943,-5.0,11
2024-10-21,-5.52016985138004,-5.0,6
2024-10-21,-5.36480686695279,-10.0,19
2024-10-21,-2.0618556701031,-10.0,32
2024-10-21,-3.77604166666667,-10.0,74
2024-10-21,-5.65217391304348,-10.0,21
2024-10-14,-3.76088677751385,-9.5,11
2024-10-14,-2.54777070063695,-9.5,36
2024-10-14,-0.31847133757962,-9.5,11
2024-10-14,-7.04960835509139,-5.0,9
2024-10-14,-6.75944333996024,-10.0,12
2024-10-14,-3.03571428571429,-8.0,7
2024-10-14,-3.76088677751385,-9.2,9
2024-10-14,-2.54777070063695,-10.0,25
2024-10-14,-5.65302144249513,-10.0,6
2024-10-14,-2.88,-9.0,56
2024-10-14,-5.65302144249513,-10.0,15
2024-10-14,-3.0690537084399,-5.0,6
2024-10-07,-4.4150110375276,-10.0,63
2024-10-07,-6.65529010238908,-9.5,34
2024-10-07,-5.2054794520548,-2.0,15
2024-10-07,-7.50750750750751,-6.5,66
2024-10-07,-6.65529010238908,-9.5,9
2024-10-07,-2.00995758805089,-4.0,14
2024-10-07,-4.58515283842795,-10.0,13
2024-10-07,-4.59770114942528,-9.5,11
2024-10-07,-8.16901408450701,-9.0,8
2024-10-07,-3.00618921308577,-10.0,6
2024-10-07,-10.5820105820106,-4.0,11
2024-10-07,-5.99250936329588,-4.4,11
2024-10-07,-6.30841121495327,-9.5,22
2024-10-07,-7.42971887550201,-5.0,15
2024-10-07,-8.41836734693876,-5.0,17
2024-10-07,-9.22509225092251,-9.0,62
2024-10-07,-4.43974630021142,-5.0,15
2024-10-07,-2.93577981651376,-9.5,77
2024-10-07,-2.93577981651376,-10.0,58
2024-10-07,-5.51816958277254,-5.0,159
2024-10-07,-7.50750750750751,-10.0,7
2024-10-07,-6.65529010238908,-9.5,6
2024-10-07,-1.94902548725637,-5.0,6
2024-10-07,-3.54838709677419,-9.5,38
2024-09-30,-3.7037037037037,-5.0,8
2024-09-30,-6.02605863192183,-10.0,13
2024-09-30,-6.79611650485437,-9.2,6
2024-09-30,-3.57142857142857,-5.0,13
2024-09-30,-7.84313725490196,-10.0,16
2024-09-30,-7.71929824561404,-6.5,7
2024-09-30,-5.57620817843866,-9.5,22
2024-09-30,-3.87596899224806,-9.5,35
2024-09-30,-3.35570469798658,-5.0,6
2024-09-30,-5.4140127388535,-9.5,7
2024-09-30,-4.90051584377303,-9.0,71
2024-09-30,-6.02605863192183,-10.0,30
2024-09-30,-6.02605863192183,-9.5,10
2024-09-30,-5.26315789473684,-10.0,25
2024-09-23,1.20481927710844,-5.0,7
2024-09-23,-6.75324675324675,-4.4,18
2024-09-23,-5.45073375262054,-10.0,70
2024-09-23,-5.29801324503311,-4.4,33
2024-09-23,-8.10810810810811,-10.0,14
2024-09-23,-2.36336779911373,-5.0,6
2024-09-23,-2.53164556962026,-10.0,28
2024-09-23,-5.67375886524822,-7.0,19
2024-09-23,-3.31428571428571,-10.0,16
2024-09-23,-7.87172011661808,-5.0,10
2024-09-23,-5.39772727272727,-10.0,12
2024-09-23,-6.00682593856655,-10.0,10
2024-09-23,-5.88235294117647,-7.0,6
2024-09-23,-6.69144981412639,-10.0,33
2024-09-23,-5.19480519480519,-9.2,6
2024-09-23,-6.01092896174864,-5.0,9
2024-09-23,-1.31004366812228,-5.0,7
2024-09-23,-4.212299915754,-7.0,6
2024-09-23,-2.74170274170274,-10.0,53
2024-09-23,-4.22343324250681,-10.0,6
2024-09-16,-10.4018912529551,-10.0,32
2024-09-16,-8.49802371541502,-10.0,24
2024-09-16,-10.4018912529551,-5.0,52
2024-09-16,-6.62824207492795,-10.0,9
2024-09-16,-6.35696821515892,-9.5,10
2024-09-16,-0.42283298097252,-10.0,38
2024-09-16,-3.74787052810903,-5.0,12
2024-09-16,-6.81173131504258,-9.5,8
2024-09-16,-5.2547770700637,-5.0,20
2024-09-16,-3.58306188925082,-10.0,22
2024-09-16,-5.95903165735568,-9.5,21
2024-09-16,-3.24101355332941,-7.5,56
2024-09-16,-3.55239786856128,-5.0,11
2024-09-16,-5.05836575875486,-10.0,9
2024-09-16,-3.01204819277108,-10.0,27
2024-09-16,-0.4149377593361,-10.0,6
2024-09-16,-3.55239786856128,-9.5,8
2024-09-16,-7.93650793650792,-9.5,18
2024-09-16,-10.1694915254237,-5.0,10
2024-09-16,-3.49775784753363,-5.0,35
2024-09-16,-5.95903165735568,-9.5,18
2024-09-09,-6.13496932515338,-9.2,9
2024-09-09,-10.4651162790698,-10.0,8
2024-09-09,-5.11627906976744,-9.5,58
2024-09-09,-3.73015873015874,-10.0,7
2024-09-09,-2.22222222222222,-10.0,34
2024-09-09,-5.8091286307054,-10.0,34
2024-09-09,-5.61097256857856,-10.0,8
2024-09-09,-2.50268144440472,-10.0,8
2024-09-09,-5.98130841121495,-10.0,12
2024-09-09,-5.72519083969465,-9.5,14
2024-09-09,-7.46098210886943,-9.0,9
2024-09-09,-8.44490216271885,-10.0,10
2024-09-09,-3.28638497652583,-10.0,6
2024-09-09,-5.58139534883721,-10.0,7
2024-09-09,-8.22916666666667,-9.5,8
2024-09-09,-3.64623739332816,-10.0,6
2024-09-09,-5.55555555555556,-9.5,19
2024-09-09,-5.51181102362205,-10.0,22
2024-09-02,-4.86111111111112,-10.0,55
2024-09-02,-7.86290322580645,-10.0,13
2024-09-02,-4.5,-10.0,139
2024-09-02,-5.11111111111111,-10.0,8
2024-09-02,-6.18101545253863,-10.0,8
2024-09-02,-5.0,-5.0,10
2024-09-02,-1.6597510373444,-2.0,8
2024-09-02,-3.25921413341456,-10.0,20
2024-09-02,-4.81049562682216,-9.0,27
2024-09-02,-5.0,-10.0,7
2024-09-02,-4.98812351543943,-10.0,15
2024-09-02,-5.60747663551401,-4.4,6
2024-09-02,-4.7040971168437,-10.0,6
2024-09-02,-4.5,-9.5,76
2024-09-02,-4.55696202531645,-5.0,13
2024-09-02,-4.58015267175572,-9.0,26
2024-09-02,-6.61157024793388,-5.0,14
2024-09-02,-4.58015267175572,-5.0,6
2024-09-02,-4.58015267175572,-10.0,13
2024-09-02,-4.58015267175572,-10.0,10
2024-08-26,-10.7692307692308,-5.0,54
2024-08-26,-3.48189415041782,-9.5,113
2024-08-26,-2.67716535433071,-5.8,36
2024-08-26,-3.36257309941521,-10.0,6
2024-08-26,-4.75206611570248,-10.0,44
2024-08-26,-3.82819794584501,-9.0,7
2024-08-26,-5.21920668058455,-9.0,18
2024-08-26,-4.40881763527055,-9.5,7
2024-08-26,-4.94417862838916,-6.5,12
2024-08-26,-3.48189415041782,-10.0,56
2024-08-26,-2.60586319218241,-9.5,56
2024-08-26,-8.57558139534884,-5.0,38
2024-08-26,-3.09859154929578,-2.0,11
2024-08-26,-8.60058309037901,-5.0,18
2024-08-26,-8.60058309037901,-5.0,20
2024-08-26,-7.5682382133995,-10.0,23
2024-08-26,-8.44250363901019,-9.5,86
2024-08-26,-8.58806404657933,-5.0,14
2024-08-26,-3.36257309941521,-9.0,12
2024-08-26,-3.7117903930131,-5.0,11
2024-08-26,-8.60058309037901,-5.0,57
2024-08-19,-3.87972841901067,-10.0,8
2024-08-19,-6.57894736842105,-10.0,12
2024-08-19,-7.87119856887299,-5.0,6
2024-08-19,-5.32319391634981,-10.0,25
2024-08-19,-9.21052631578944,-10.0,11
2024-08-19,-7.2936660268714,-10.0,8
2024-08-19,-6.48936170212765,-10.0,6
2024-08-19,-2.25903614457831,-10.0,14
2024-08-19,-2.42057488653556,-10.0,16
2024-08-19,-2.1301775147929,-10.0,34
2024-08-19,-6.57894736842105,-10.0,28
2024-08-19,-7.06713780918728,-10.0,32
2024-08-19,-5.04562533548041,-10.0,14
2024-08-19,-7.06713780918728,-10.0,9
2024-08-19,-5.69536423841059,-10.0,27
2024-08-19,-2.1301775147929,-10.0,87
2024-08-19,-2.32558139534884,-10.0,7
2024-08-19,-10.2439024390244,-10.0,7
2024-08-19,-3.87972841901067,-10.0,6
2024-08-19,-1.73564753004005,-9.5,60
2024-08-19,-3.78548895899054,-5.0,29
2024-08-19,-3.87972841901067,-9.0,8
2024-08-19,-5.85885486018642,-10.0,47
2024-08-19,-6.57894736842105,-9.5,9
2024-08-12,-5.32544378698224,-9.5,18
2024-08-12,-3.1055900621118,-10.0,11
2024-08-12,-6.68789808917197,-5.0,66
2024-08-12,-3.76569037656904,-5.0,10
2024-08-12,-4.62962962962963,-10.0,19
2024-08-12,-3.35946248600224,-10.0,55
2024-08-12,-3.1055900621118,-10.0,8
2024-08-12,-3.35946248600224,-10.0,95
2024-08-12,-3.06748466257669,-5.0,9
2024-08-12,-3.33333333333333,-5.0,8
2024-08-12,-3.05498981670061,-10.0,6
2024-08-12,-3.26797385620915,-9.2,7
2024-08-12,-3.95920815836832,-10.0,7
2024-08-12,-2.94117647058823,-4.0,8
2024-08-12,-4.13793103448276,-5.0,10
2024-08-12,-5.56521739130435,-9.5,15
2024-08-12,-4.34782608695652,-5.0,7
2024-08-12,-6.68789808917197,-5.0,23
2024-08-12,-6.41025641025641,-5.0,6
2024-08-12,-4.46428571428571,-10.0,8
2024-08-12,-6.41025641025641,-5.0,6
2024-08-12,-4.62962962962963,-9.2,19
2024-08-12,-3.1055900621118,-10.0,11
2024-08-12,-2.88659793814433,-10.0,7
2024-08-12,-3.27868852459016,-4.0,25
2024-08-12,-4.62962962962963,-7.2,13
2024-08-12,-10.6521739130435,-10.0,7
2024-08-12,-3.35946248600224,-10.0,112
2024-08-12,-3.78548895899054,-5.0,105
2024-08-12,-8.28402366863902,-4.0,9
2024-08-12,-6.68789808917197,-5.0,23
2024-08-05,-3.89150943396226,-10.0,20
2024-08-05,-2.95918367346939,-9.5,11
2024-08-05,-4.15800415800416,-10.0,6
2024-08-05,-3.86007237635706,-10.0,71
2024-08-05,-8.18713450292398,-9.0,14
2024-08-05,-6.83012259194396,-10.0,8
2024-08-05,-4.45344129554656,-10.0,7
2024-08-05,-4.45344129554656,-9.0,9
2024-08-05,-2.41935483870967,-10.0,15
2024-08-05,-1.97693574958813,-9.5,13
2024-08-05,-2.03389830508475,-9.5,8
2024-08-05,-4.47619047619047,-10.0,58
2024-08-05,-1.83150183150183,-10.0,6
2024-08-05,-3.07692307692307,-9.5,75
2024-08-05,-9.70724191063177,-5.0,12
2024-08-05,-1.73076923076923,-10.0,12
2024-08-05,-6.26441199077633,-10.0,10
2024-08-05,-7.01754385964912,-10.0,13
2024-08-05,-4.33212996389892,-10.0,122
2024-08-05,-2.54335260115607,-10.0,6
2024-08-05,-7.01754385964912,-9.5,34
2024-08-05,-7.01754385964912,-9.5,14
2024-08-05,-2.76422764227642,-10.0,6
2024-08-05,-9.70724191063177,-5.0,6
2024-08-05,-2.13523131672598,-9.5,6
2024-08-05,-2.72452068617558,-9.5,7
2024-07-29,-3.03030303030303,-2.0,8
2024-07-29,-3.70171673819742,-5.0,57
2024-07-29,-2.84237726098191,-2.0,29
2024-07-29,-2.67857142857143,-9.5,15
2024-07-29,-2.84237726098191,-10.0,11
2024-07-29,-1.94174757281553,-9.5,66
2024-07-29,-0.32362459546925,-4.4,7
2024-07-29,-4.54545454545455,-5.0,10
2024-07-29,-6.55737704918032,-10.0,9
2024-07-29,-6.77966101694915,-5.0,17
2024-07-29,-4.0920716112532,-5.0,6
2024-07-29,-1.97889182058048,-9.5,51
2024-07-29,-4.08069692801467,-10.0,8
2024-07-29,-2.4390243902439,-9.5,63
2024-07-29,-3.70171673819742,-5.0,8
2024-07-29,-4.41767068273092,-10.0,10
2024-07-29,-2.82776349614396,-10.0,6
2024-07-22,-1.98598130841122,-9.5,8
2024-07-22,-4.58015267175572,-10.0,7
2024-07-22,-2.13178294573643,-10.0,7
2024-07-22,-3.55097365406644,-9.5,62
2024-07-22,-4.9476688867745,-10.0,14
2024-07-22,-0.95087163232963,-5.0,24
2024-07-22,-2.84926470588236,-9.2,95
2024-07-22,-4.9476688867745,-10.0,10
2024-07-22,-6.86695278969957,-9.5,22
2024-07-22,-2.87292817679558,-9.5,45
2024-07-22,-2.07336523125996,-5.0,6
2024-07-22,-2.42085661080075,-5.0,40
2024-07-22,-1.2970168612192,-5.0,15
2024-07-22,-1.5748031496063,-5.0,12
2024-07-22,-5.85437248444933,-9.2,14
2024-07-22,-2.48756218905473,-5.0,12
2024-07-22,-1.2970168612192,-10.0,10
2024-07-22,-6.84523809523809,-5.0,12
2024-07-15,-2.23602484472049,-4.0,51
2024-07-15,-4.54545454545455,-9.5,17
2024-07-15,-2.32333010648596,-9.5,9
2024-07-15,-3.41880341880341,-9.5,140
2024-07-15,-3.56347438752784,-9.5,71
2024-07-15,-4.79041916167665,-9.5,17
2024-07-15,-4.92610837438424,-9.5,12
2024-07-15,-3.94973070017954,-10.0,12
2024-07-15,-2.7420736932305,-9.5,114
2024-07-15,-4.54545454545455,-10.0,18
2024-07-15,-3.87596899224807,-5.0,50
2024-07-15,-3.94973070017954,-9.5,13
2024-07-15,-5.9228650137741,-6.5,14
2024-07-15,-6.81818181818182,-5.0,9
2024-07-15,-7.75623268698061,-9.2,9
2024-07-15,-1.49253731343283,-5.0,12
2024-07-08,-0.682261208577,-9.5,6
2024-07-08,-1.44652250146114,-9.5,29
2024-07-08,-7.8740157480315,-5.0,11
2024-07-08,-2.46153846153846,-10.0,117
2024-07-08,-0.57915057915058,-10.0,10
2024-07-08,-3.90855457227139,-10.0,11
2024-07-08,-4.20070011668611,-10.0,44
2024-07-08,-2.43161094224924,-9.5,16
2024-07-08,-3.36906584992343,-10.0,6
2024-07-08,-4.47598253275109,-10.0,6
2024-07-08,-4.47368421052632,-10.0,9
2024-07-08,-3.95655546935609,-10.0,7
2024-07-08,-4.14746543778802,-10.0,9
2024-07-08,-3.80549682875264,-9.5,62
2024-07-08,-4.48332422088573,-10.0,6
2024-07-08,-3.92670157068063,-10.0,86
2024-07-08,-3.42465753424658,-2.0,9
2024-07-08,-3.9647577092511,-10.0,8
2024-07-08,-3.95655546935609,-10.0,15
2024-07-08,-5.52325581395349,-9.5,17
2024-07-08,-3.1496062992126,-10.0,25
2024-07-08,-4.51467268623025,-10.0,19
2024-07-08,-3.90855457227139,-10.0,16
2024-07-08,-5.43478260869565,-5.0,7
2024-07-08,-3.87931034482759,-10.0,140
2024-07-08,-4.20070011668611,-10.0,10
2024-07-01,-4.34782608695653,-10.0,93
2024-07-01,-5.63380281690141,-9.2,12
2024-07-01,-6.9137168141593,-8.0,6
2024-07-01,-6.9137168141593,-7.2,7
2024-07-01,-8.88030888030887,-10.0,15
2024-07-01,-7.8556263269639,-10.0,11
2024-07-01,-2.33766233766234,-10.0,16
2024-07-01,-0.69444444444445,-9.5,11
2024-07-01,-0.69444444444445,-10.0,7
2024-07-01,-1.09489051094891,-10.0,21
2024-07-01,-2.46710526315789,-5.0,8
2024-07-01,-7.64331210191083,-9.5,9
2024-07-01,-3.30827067669173,-10.0,119
2024-07-01,-1.09289617486339,-10.0,20
2024-07-01,-3.21665089877011,-2.0,6
2024-07-01,-3.27237728585178,-10.0,40
2024-07-01,-1.09289617486339,-10.0,11
2024-07-01,-7.64331210191083,-4.0,12
2024-07-01,-1.09289617486339,-5.0,17
2024-07-01,-3.26609029779059,-2.0,91
2024-07-01,-6.43874643874644,-5.0,18
2024-07-01,-3.38733431516936,-10.0,159
2024-07-01,-2.16216216216216,-10.0,6
2024-07-01,-7.5,-7.0,10
2024-07-01,-0.69444444444445,-10.0,8
2024-06-24,-6.5040650406504,-10.0,32
2024-06-24,-3.96039603960396,-10.0,12
2024-06-24,-5.26315789473684,-10.0,6
2024-06-24,-5.30503978779841,-10.0,6
2024-06-24,-4.6242774566474,-10.0,170
2024-06-24,-6.39777468706537,-10.0,31
2024-06-24,-3.30882352941176,-10.0,141
2024-06-24,-6.46766169154229,-10.0,8
2024-06-24,-2.23642172523962,-10.0,6
2024-06-24,-5.23114355231143,-10.0,27
2024-06-24,-4.1002277904328,-10.0,66
2024-06-24,-6.39777468706537,-9.5,34
2024-06-24,-6.46766169154229,-10.0,7
2024-06-24,-5.17241379310344,-9.5,17
2024-06-24,-3.53817504655493,-10.0,27
2024-06-24,-2.84697508896798,-10.0,100
2024-06-24,-5.91133004926108,-9.5,34
2024-06-24,-7.26256983240224,-10.0,8
2024-06-24,-2.60586319218241,-9.5,11
2024-06-24,-5.04305043050431,-10.0,16
2024-06-24,-5.23114355231143,-10.0,24
2024-06-24,-4.46927374301676,-10.0,13
2024-06-24,-3.1210986267166,-4.0,9
2024-06-24,-8.274231678487,-5.0,21
2024-06-24,-4.22535211267605,-10.0,63
2024-06-24,-6.95652173913043,-10.0,16
2024-06-24,-5.27240773286468,-9.5,55
2024-06-17,-6.09756097560976,-5.0,8
2024-06-17,-7.5722808627811,-7.0,10
2024-06-17,-4.00543109300747,-5.0,12
2024-06-17,-5.97402597402597,-10.0,17
2024-06-17,-4.10958904109589,-5.0,18
2024-06-17,-5.19480519480519,-9.5,8
2024-06-17,-3.85523210070811,-5.0,6
2024-06-17,-3.44827586206896,-5.0,15
2024-06-17,-3.65630712979891,-5.0,35
2024-06-17,-3.73665480427046,-9.5,8
2024-06-17,-7.5722808627811,-10.0,11
2024-06-17,-1.85185185185185,-7.2,8
2024-06-17,-4.01459854014599,-10.0,10
2024-06-17,-5.66037735849057,-5.0,20
2024-06-17,-5.40983606557377,-10.0,6
2024-06-17,-6.15942028985507,-5.0,9
2024-06-17,-3.81125226860254,-5.0,21
2024-06-17,-5.97402597402597,-5.0,7
2024-06-17,-5.97402597402597,-5.0,9
2024-06-17,-6.15942028985507,-5.0,8
2024-06-17,-3.13964386129335,-7.0,79
2024-06-17,-3.43915343915344,-5.0,11
2024-06-17,-3.73665480427046,-6.5,44
2024-06-17,-3.64298724954463,-5.0,7
2024-06-17,-5.0,-10.0,36
2024-06-17,-7.5722808627811,-9.5,23
2024-06-17,-4.21836228287841,-5.0,6
2024-06-10,-2.67489711934156,-5.0,44
2024-06-10,-2.80172413793104,-10.0,38
2024-06-10,-0.55658627087198,-10.0,7
2024-06-10,-3.72848948374761,-10.0,9
2024-06-10,-2.79937791601867,-9.5,12
2024-06-10,-3.60294117647059,-5.0,10
2024-06-10,-0.55658627087198,-4.0,6
2024-06-10,-4.04551201011378,-10.0,9
2024-06-10,-3.27044025157232,-10.0,14
2024-06-10,-5.38461538461538,-9.2,6
2024-06-10,-3.50877192982456,-10.0,82
2024-06-10,-2.67489711934156,-5.0,40
2024-06-10,-3.05810397553517,-10.0,99
2024-06-10,-5.0314465408805,-5.0,12
2024-06-10,-3.92902408111534,-10.0,11
2024-06-10,-3.92902408111534,-10.0,6
2024-06-10,-3.75552282768777,-9.5,29
2024-06-03,-2.37416904083571,-9.2,61
2024-06-03,-5.98669623059867,-10.0,30
2024-06-03,-5.86264656616415,-10.0,7
2024-06-03,-3.28738069989395,-10.0,7
2024-06-03,-5.57791834387579,-10.0,32
2024-06-03,-5.57791834387579,-6.5,8
2024-06-03,-8.0110497237569,-10.0,27
2024-06-03,-10.6995884773662,-9.5,8
2024-06-03,-7.59493670886076,-10.0,8
2024-06-03,-5.98669623059867,-6.5,23
2024-06-03,-6.20067643742954,-10.0,11
2024-06-03,-4.77634571645186,-9.5,14
2024-06-03,-5.59006211180124,-6.5,31
2024-06-03,-5.98669623059867,-6.5,20
2024-06-03,-5.98669623059867,-5.0,12
2024-06-03,-6.43821391484943,-10.0,11
2024-06-03,-2.37416904083571,-5.0,19
2024-06-03,-3.61233480176212,-9.0,29
2024-06-03,-3.18825910931174,-10.0,13
2024-06-03,-7.34693877551021,-10.0,16
2024-06-03,-5.96026490066225,-2.0,6
2024-05-27,-1.36452241715399,-2.0,6
2024-05-27,-9.78260869565222,-10.0,7
2024-05-27,-2.4234693877551,-10.0,21
2024-05-27,-4.38066465256798,-5.0,54
2024-05-27,-2.4234693877551,-10.0,39
2024-05-27,-2.97520661157025,-5.0,6
2024-05-27,-2.4234693877551,-10.0,38
2024-05-27,-8.29268292682927,-7.0,8
2024-05-27,-4.38066465256798,-5.0,45
2024-05-27,-2.4390243902439,-4.4,7
2024-05-27,-7.94451450189155,-9.5,7
2024-05-27,-2.4234693877551,-10.0,9
2024-05-27,-8.10810810810811,-10.0,8
2024-05-27,-3.83419689119171,-4.0,7
2024-05-27,-4.97614178595774,-10.0,6
2024-05-27,-7.84061696658098,-10.0,6
2024-05-27,-8.35509138381201,-10.0,20
2024-05-27,-4.94579945799458,-9.0,15
2024-05-27,-4.38066465256798,-2.0,24
2024-05-27,-0.85158150851582,-6.5,6
2024-05-27,-8.10810810810811,-10.0,21
2024-05-27,-7.84061696658098,-10.0,7
2024-05-27,-4.38066465256798,-5.0,31
2024-05-27,-7.94451450189155,-10.0,9
2024-05-27,-7.94451450189155,-10.0,6
2024-05-20,-5.50847457627118,-10.0,79
2024-05-20,-6.16942909760589,-9.5,59
2024-05-20,-6.49819494584837,-10.0,36
2024-05-20,-3.71456500488758,-7.0,11
2024-05-20,-9.7345132743363,-10.0,13
2024-05-20,-6.55737704918032,-9.5,6
2024-05-20,-2.91413433068412,-9.5,23
2024-05-20,-5.22388059701492,-9.5,20
2024-05-20,-0.26109660574413,-4.0,7
2024-05-20,-7.93650793650793,-9.5,8
2024-05-20,-5.46448087431694,-5.0,8
2024-05-20,-2.95831465710444,-7.2,12
2024-05-20,-6.3943161634103,-10.0,16
2024-05-20,-1.9672131147541,-4.0,10
2024-05-20,-5.43859649122807,-10.0,21
2024-05-20,-2.91413433068412,-5.0,12
2024-05-20,-6.3943161634103,-10.0,15
2024-05-20,-5.47945205479452,-10.0,7
2024-05-20,-5.32859680284192,-10.0,48
2024-05-20,-6.15384615384615,-9.5,36
2024-05-20,-1.93905817174515,-10.0,47
2024-05-20,-4.89649681528662,-10.0,16
2024-05-20,-1.93905817174515,-6.5,12
2024-05-13,-5.27983104540655,-9.0,6
2024-05-13,-7.44274809160305,-10.0,22
2024-05-13,-10.2710413694722,-10.0,9
2024-05-13,-16.1835748792271,-5.0,34
2024-05-13,-5.96273291925465,-10.0,27
2024-05-13,-5.85305105853051,-10.0,42
2024-05-13,-8.88429752066116,-10.0,42
2024-05-13,-5.29032258064516,-10.0,19
2024-05-13,-5.14705882352941,-6.5,16
2024-05-13,-5.96273291925465,-10.0,21
2024-05-13,-7.55735492577598,-10.0,14
2024-05-13,-6.3953488372093,-10.0,11
2024-05-13,-6.16279069767441,-10.0,8
2024-05-13,-0.73710073710074,-10.0,6
2024-05-13,-3.79403794037941,-9.5,54
2024-05-13,-4.83271375464684,-5.0,16
2024-05-13,-7.62463343108504,-10.0,46
2024-05-13,-5.14705882352941,-9.2,32
2024-05-13,-6.79886685552408,-10.0,66
2024-05-13,-3.382949932341,-5.0,16
2024-05-13,-14.3939393939394,-10.0,8
2024-05-13,-7.05394190871369,-9.5,6
2024-05-06,-4.40771349862259,-10.0,11
2024-05-06,-5.00807754442649,-5.0,15
2024-05-06,-3.85164051355207,-10.0,80
2024-05-06,-4.40771349862259,-10.0,17
2024-05-06,-3.85438972162741,-9.5,169
2024-05-06,-6.09375,-10.0,21
2024-05-06,-5.22306855277475,-10.0,11
2024-05-06,-3.56612184249628,-10.0,7
2024-05-06,-3.85438972162741,-2.0,80
2024-05-06,-2.78592375366569,-10.0,35
2024-05-06,-5.00807754442649,-10.0,12
2024-05-06,-9.09090909090909,-10.0,15
2024-05-06,-5.98802395209581,-10.0,18
2024-05-06,-5.98802395209581,-10.0,25
2024-05-06,-5.08744038155803,-9.5,14
2024-05-06,-3.03893637226971,-10.0,57
2024-05-06,-6.03448275862069,-9.5,16
2024-05-06,-6.03448275862069,-9.5,20
2024-05-06,-5.00807754442649,-9.5,36
2024-05-06,-5.21172638436482,-2.0,7
2024-05-06,-4.6692607003891,-10.0,11
2024-05-06,-5.08744038155803,-5.0,6
2024-05-06,-6.03448275862069,-9.2,23
2024-05-06,-6.13026819923372,-10.0,8
2024-05-06,-3.03893637226971,-10.0,18
2024-04-29,-5.00301386377335,-9.0,17
2024-04-29,-0.91863517060367,-5.0,9
2024-04-29,-4.02476780185758,-10.0,7
2024-04-29,-3.0374940673944,-9.2,68
2024-04-29,-8.02469135802465,-10.0,8
2024-04-29,-5.73099415204678,-10.0,10
2024-04-29,-2.38095238095238,-9.5,15
2024-04-29,-4.40881763527055,-9.5,15
2024-04-29,-3.96825396825397,-10.0,14
2024-04-29,-5.29661016949153,-10.0,16
2024-04-29,-2.22531293463144,-9.5,39
2024-04-29,-3.88978930307941,-10.0,50
2024-04-29,-5.55555555555555,-5.0,9
2024-04-29,-1.33779264214046,-5.0,9
2024-04-29,-4.76190476190476,-9.2,19
2024-04-29,-3.96825396825397,-9.0,22
2024-04-29,-3.76868096166341,-5.0,28
2024-04-22,-3.49243306169965,-10.0,7
2024-04-22,-6.16197183098592,-10.0,15
2024-04-22,-3.32805071315372,-10.0,32
2024-04-22,-5.32010820559062,-5.0,8
2024-04-22,-8.59504132231405,-10.0,39
2024-04-22,-5.73248407643312,-10.0,6
2024-04-22,-2.24,-10.0,31
2024-04-22,-3.51288056206089,-9.0,6
2024-04-22,-3.90625,-10.0,31
2024-04-22,-9.39597315436237,-10.0,24
2024-04-22,-7.3293172690763,-10.0,16
2024-04-22,-9.39597315436237,-10.0,20
2024-04-22,-6.85082872928177,-10.0,14
2024-04-22,-8.77551020408167,-10.0,13
2024-04-22,-5.73248407643312,-10.0,6
2024-04-22,-7.3293172690763,-10.0,28
2024-04-22,-3.39476236663434,-10.0,53
2024-04-22,-8.77551020408167,-10.0,17
2024-04-22,-3.55160932297447,-10.0,10
2024-04-22,-3.39476236663434,-10.0,58
2024-04-15,-6.8014705882353,-9.0,8
2024-04-15,-5.70570570570571,-10.0,38
2024-04-15,-6.34920634920635,-10.0,7
2024-04-15,-3.31010452961673,-5.0,13
2024-04-15,-6.8,-5.0,45
2024-04-15,-5.22522522522523,-10.0,6
2024-04-15,-6.8,-5.0,43
2024-04-15,-6.21468926553672,-10.0,38
2024-04-15,-6.07003891050583,-7.2,7
2024-04-15,-3.05343511450382,-10.0,14
2024-04-15,-6.8,-5.0,70
2024-04-15,-5.89101620029455,-5.0,14
2024-04-15,-5.19480519480519,-10.0,6
2024-04-15,-5.79064587973274,-5.0,10
2024-04-15,-7.92079207920792,-10.0,11
2024-04-15,-8.0985915492958,-10.0,19
2024-04-15,-7.56457564575646,-9.0,7
2024-04-15,-4.85074626865671,-6.5,66
2024-04-15,-8.89830508474577,-9.0,9
2024-04-15,-6.71506352087114,-5.0,157
2024-04-15,-6.35964912280702,-10.0,13
2024-04-15,-8.78378378378378,-7.2,7
2024-04-15,-5.89101620029455,-5.0,12
2024-04-15,-6.18066561014263,-10.0,17
2024-04-15,-5.68627450980392,-6.5,8
2024-04-15,-5.70570570570571,-10.0,43
2024-04-15,-5.70570570570571,-9.5,12
2024-04-15,-6.83417085427136,-5.0,76
2024-04-15,-6.18066561014263,-10.0,16
2024-04-15,-5.70570570570571,-7.2,21
2024-04-15,-6.18066561014263,-10.0,30
2024-04-15,-7.3134328358209,-9.0,8
2024-04-15,-6.75105485232066,-4.0,17
2024-04-15,-6.77685950413223,-5.0,41
2024-04-15,-5.89101620029455,-5.0,25
2024-04-15,-6.34920634920635,-10.0,11
2024-04-15,-9.17030567685592,-9.0,183
2024-04-15,-9.02777777777773,-9.0,10
2024-04-15,-4.71821756225426,-5.0,14
2024-04-15,-6.18066561014263,-9.2,9
2024-04-15,-6.86635944700461,-5.0,33
2024-04-08,-7.01270016565434,-10.0,24
2024-04-08,-7.01270016565434,-10.0,16
2024-04-08,-6.15164520743919,-6.5,30
2024-04-08,-5.65079365079365,-9.5,19
2024-04-08,-5.09770603228547,-5.0,9
2024-04-08,-5.73833205814843,-10.0,6
2024-04-08,-5.98360655737705,-10.0,19
2024-04-08,-6.62805662805663,-10.0,16
2024-04-08,-5.65693430656934,-10.0,29
2024-04-08,-4.86290739782721,-5.0,9
2024-04-08,-5.3156146179402,-7.0,48
2024-04-08,-5.29747351263244,-9.0,14
2024-04-08,-5.79710144927536,-9.0,33
2024-04-08,-8.62619808306709,-5.0,7
2024-04-08,-6.13496932515334,-10.0,23
2024-04-08,-7.25806451612903,-10.0,9
2024-04-08,-6.62805662805663,-10.0,12
2024-04-08,-4.40931780366057,-9.0,75
2024-04-08,-11.3821138211382,-5.0,7
2024-04-08,-6.62805662805663,-10.0,13
2024-04-08,-7.01538461538461,-10.0,14
2024-04-08,-8.02792321116928,-10.0,12
2024-04-01,-6.78617157490397,-9.5,9
2024-04-01,-4.6031746031746,-6.5,21
2024-04-01,-3.22997416020672,-10.0,83
2024-04-01,-4.0045766590389,-10.0,35
2024-04-01,-2.9595015576324,-10.0,11
2024-04-01,-7.21649484536083,-10.0,8
2024-04-01,-10.5263157894737,-9.0,7
2024-04-01,-6.75324675324675,-9.0,6
2024-04-01,-10.2893890675241,-10.0,7
2024-04-01,-10.2893890675241,-10.0,19
2024-04-01,-2.96875,-10.0,65
2024-04-01,-6.91823899371069,-10.0,8
2024-04-01,-6.70289855072464,-10.0,14
2024-04-01,-4.55840455840456,-10.0,68
2024-04-01,-5.36480686695279,-9.5,12
2024-04-01,-6.61040787623066,-5.0,9
2024-04-01,-8.22622107969152,-10.0,7
2024-04-01,-10.1497504159733,-9.2,25
2024-04-01,-6.91823899371069,-5.0,20
2024-04-01,-1.16959064327485,-9.5,7
2024-04-01,-6.91823899371069,-10.0,17
2024-04-01,-8.4905660377359,-9.0,11
2024-03-25,-6.54450261780105,-10.0,9
2024-03-25,-6.77361853832442,-7.0,8
2024-03-25,-7.37179487179487,-2.0,9
2024-03-25,-0.6514657980456,-10.0,18
2024-03-25,-8.47953216374269,-10.0,65
2024-03-25,-5.8213716108453,-9.5,14
2024-03-25,-7.28241563055063,-10.0,6
2024-03-25,-6.98466780238501,-2.0,6
2024-03-25,-5.85480093676815,-10.0,16
2024-03-25,-5.8213716108453,-9.2,20
2024-03-25,-5.25224602626123,-10.0,91
2024-03-25,-6.10036077402427,-2.0,17
2024-03-25,-6.10436494913029,-9.0,119
2024-03-25,-4.62745098039216,-7.2,10
2024-03-25,-8.29383886255924,-10.0,128
2024-03-25,1.72413793103448,-5.0,12
2024-03-25,-6.12959719789843,-7.0,29
2024-03-18,-3.2967032967033,-10.0,59
2024-03-18,-6.74318507890961,-10.0,28
2024-03-18,-7.04898446833931,-10.0,9
2024-03-18,-6.51629072681704,-9.5,25
2024-03-18,-4.50928381962865,-10.0,20
2024-03-18,-7.17896865520728,-10.0,13
2024-03-18,-1.41509433962264,-10.0,7
2024-03-18,-1.02827763496144,-10.0,9
2024-03-18,-6.74318507890961,-10.0,24
2024-03-18,-7.44368266405485,-10.0,20
2024-03-18,-6.71428571428572,-2.0,122
2024-03-18,-6.55737704918033,-10.0,7
2024-03-18,-2.3121387283237,-5.0,23
2024-03-18,-1.41509433962264,-10.0,21
2024-03-18,-1.18043844856661,-10.0,7
2024-03-18,-3.2967032967033,-5.0,69
2024-03-18,-3.04449648711944,-9.5,51
2024-03-18,-6.71428571428572,-10.0,71
2024-03-18,-6.51629072681704,-10.0,13
2024-03-18,-3.02013422818792,-10.0,6
2024-03-18,-8.87629839471202,-10.0,15
2024-03-18,-6.74318507890961,-10.0,16
2024-03-18,-2.26155358898722,-9.5,128
2024-03-18,-6.61971830985916,-10.0,15
2024-03-18,-6.71428571428572,-10.0,25
2024-03-18,-8.50202429149795,-10.0,8
2024-03-18,-6.71428571428572,-10.0,11
2024-03-18,-7.36842105263158,-7.0,6
2024-03-18,-5.18934081346423,-10.0,11
2024-03-18,-6.76258992805756,-4.0,8
2024-03-18,-2.75119617224881,-10.0,10
2024-03-18,-3.17164179104478,-10.0,6
2024-03-18,-8.71670702179177,-2.0,10
2024-03-18,-8.71670702179177,-10.0,8
2024-03-18,-2.57575757575758,-9.5,113
2024-03-18,-7.57575757575758,-9.2,18
2024-03-18,-6.74318507890961,-2.0,44
2024-03-18,-8.87629839471202,-10.0,14
2024-03-18,-6.66666666666667,-10.0,8
2024-03-18,-6.53409090909091,-4.4,28
2024-03-11,-1.70807453416149,-2.0,11
2024-03-11,-4.18210693488618,-10.0,7
2024-03-11,-3.16091954022988,-6.5,9
2024-03-11,-4.54545454545455,-9.2,10
2024-03-11,-2.66666666666667,-9.0,8
2024-03-11,-3.31125827814569,-10.0,10
2024-03-11,-2.66666666666667,-6.5,9
2024-03-11,-2.5522041763341,-10.0,134
2024-03-11,-6.9620253164557,-10.0,10
2024-03-11,-8.47457627118644,-10.0,8
2024-03-11,-2.92983808789514,-10.0,67
2024-03-11,-6.26865671641791,-10.0,7
2024-03-11,-2.92983808789514,-10.0,112
2024-03-11,-7.74193548387097,-10.0,18
2024-03-11,-5.0251256281407,-5.0,9
2024-03-11,-6.7741935483871,-10.0,7
2024-03-11,-5.67375886524822,-10.0,24
2024-03-11,-5.14705882352941,-10.0,8
2024-03-04,-6.19596541786743,-10.0,9
2024-03-04,-7.93036750483559,-5.0,15
2024-03-04,-7.19557195571956,-10.0,69
2024-03-04,-7.26915520628683,-9.0,13
2024-03-04,-4.16666666666667,-9.0,6
2024-03-04,-5.65371024734983,-10.0,42
2024-03-04,-6.16929698708752,-10.0,82
2024-03-04,-3.3698399326032,-10.0,10
2024-03-04,-5.38745387453875,-9.0,10
2024-03-04,-3.14358538657604,-10.0,9
2024-03-04,-6.16929698708752,-10.0,43
2024-03-04,-6.41330166270783,-6.5,6
2024-03-04,1.84049079754601,-4.0,8
2024-03-04,-3.77233620119127,-9.2,6
2024-03-04,-5.65371024734983,-10.0,24
2024-03-04,-5.6792018419033,-10.0,34
2024-03-04,-5.65371024734983,-10.0,57
2024-03-04,-6.41330166270783,-5.0,6
2024-03-04,-6.25909752547308,-10.0,32
2024-03-04,-3.85802469135802,-2.0,6
2024-03-04,-7.93036750483559,-7.0,13
2024-03-04,-2.58620689655172,-10.0,6
2024-03-04,-5.0,-9.5,6
2024-03-04,-5.38745387453875,-10.0,29
2024-02-26,-5.249343832021,-10.0,17
2024-02-26,-2.67857142857143,-9.0,7
2024-02-26,-5.20231213872832,-5.0,24
2024-02-26,-7.28527607361963,-5.0,10
2024-02-26,-7.42857142857143,-7.2,17
2024-02-26,-2.33644859813084,-9.5,12
2024-02-26,-6.79320679320679,-9.5,31
2024-02-26,-5.10440835266821,-7.5,11
2024-02-26,-6.20985010706638,-9.5,13
2024-02-26,-5.33783783783784,-5.0,18
2024-02-26,-3.64842454394693,-6.5,6
2024-02-26,-6.77200902934538,-9.5,24
2024-02-26,-6.79320679320679,-9.5,33
2024-02-26,-5.07497116493656,-9.5,10
2024-02-26,-4.81727574750831,-10.0,111
2024-02-26,-4.98753117206982,-10.0,78
2024-02-26,-5.33783783783784,-9.2,26
2024-02-26,-1.59817351598174,-5.0,18
2024-02-26,-4.98753117206982,-9.5,153
2024-02-19,-5.31863919501677,-7.0,6
2024-02-19,-7.23926380368099,-10.0,17
2024-02-19,-4.75785896346644,-9.5,15
2024-02-19,-4.23529411764705,-5.0,11
2024-02-19,-4.75785896346644,-5.0,14
2024-02-19,-3.7037037037037,-6.5,21
2024-02-19,-4.11214953271028,-10.0,53
2024-02-19,-7.23926380368099,-10.0,6
2024-02-19,-4.11214953271028,-10.0,115
2024-02-19,-5.43130990415335,-10.0,16
2024-02-19,-4.2483660130719,-5.0,6
2024-02-19,-5.43130990415335,-10.0,19
2024-02-19,-4.75785896346644,-10.0,7
2024-02-19,-3.7037037037037,-10.0,19
2024-02-19,-6.29800307219662,-9.5,27
2024-02-19,-6.04166666666667,-5.0,8
2024-02-19,-4.11214953271028,-10.0,26
2024-02-19,-5.30434782608696,-5.0,9
2024-02-19,-3.68098159509203,-10.0,97
2024-02-19,-4.98084291187739,-10.0,14
2024-02-19,-7.54716981132075,-10.0,8
2024-02-19,-4.90018148820326,-5.0,6
2024-02-19,-5.338904363974,-10.0,45
2024-02-19,-3.86178861788618,-5.0,8
2024-02-12,-7.52393980848153,-10.0,11
2024-02-12,-2.75397796817626,-10.0,6
2024-02-12,-3.46456692913386,-5.0,14
2024-02-12,-3.68763557483731,-9.5,135
2024-02-12,-4.76575121163167,-9.5,6
2024-02-12,-1.94174757281553,-10.0,8
2024-02-12,-4.31125131440589,-9.5,19
2024-02-12,-6.35294117647059,-10.0,6
2024-02-12,-6.39386189258312,-9.2,16
2024-02-12,-4.58715596330275,-9.5,16
2024-02-12,-5.17241379310345,-9.0,26
2024-02-12,-6.35294117647059,-9.5,18
2024-02-12,-5.78512396694215,-10.0,10
2024-02-12,-5.57184750733138,-10.0,9
2024-02-12,-3.54131534569983,-7.2,15
2024-02-12,-5.24344569288389,-9.0,32
2024-02-12,-4.22794117647059,-5.0,11
2024-02-12,-3.09597523219814,-9.0,86
2024-02-12,-5.02283105022832,-10.0,58
2024-02-12,-3.24400564174894,-7.0,13
2024-02-12,-6.22406639004149,-10.0,14
2024-02-12,-6.55487804878049,-10.0,25
2024-02-12,-5.90405904059041,-4.0,6
2024-02-12,-7.72058823529411,-5.0,8
2024-02-12,-6.12612612612613,-9.0,20
2024-02-12,-5.20504731861198,-7.0,82
2024-02-05,-7.96992481203008,-10.0,18
2024-02-05,-2.40641711229946,-10.0,13
2024-02-05,-5.40540540540541,-4.0,92
2024-02-05,-6.76328502415459,-5.0,14
2024-02-05,-3.23886639676113,-10.0,69
2024-02-05,-3.84615384615385,-5.0,7
2024-02-05,-5.63025210084034,-10.0,19
2024-02-05,-3.27653997378768,-10.0,29
2024-02-05,-3.57675111773473,-5.0,27
2024-02-05,-3.71747211895911,-10.0,9
2024-02-05,-3.52112676056338,-9.5,103
2024-02-05,-3.71747211895911,-10.0,26
2024-02-05,-3.71747211895911,-10.0,20
2024-02-05,-3.92638036809816,-10.0,16
2024-02-05,-5.55555555555556,-10.0,17
2024-02-05,-5.3781512605042,-4.0,9
2024-02-05,-3.64077669902913,-10.0,7
2024-02-05,-2.84552845528455,-2.0,10
2024-02-05,-2.79089738085015,-9.2,13
2024-02-05,-3.57675111773473,-9.5,9
2024-02-05,-3.78912685337727,-10.0,53
2024-02-05,-5.19480519480519,-10.0,11
2024-02-05,-2.11132437619961,-10.0,21
2024-02-05,-3.64077669902913,-10.0,7
2024-02-05,-4.7077922077922,-5.0,17
2024-01-29,-6.08365019011407,-5.0,6
2024-01-29,-7.5136612021858,-6.5,10
2024-01-29,-2.165820642978,-9.2,19
2024-01-29,-4.18118466898955,-5.0,11
2024-01-29,-5.73170731707317,-10.0,9
2024-01-29,-4.12371134020619,-5.0,7
2024-01-29,-4.97512437810945,-5.0,12
2024-01-29,-6.56779661016949,-9.5,42
2024-01-29,-5.17241379310345,-5.0,17
2024-01-29,-5.97680642283675,-9.0,49
2024-01-29,-6.56779661016949,-10.0,37
2024-01-29,-6.62944870900209,-5.0,18
2024-01-29,-5.39112050739957,-10.0,8
2024-01-29,-6.04192355117139,-10.0,8
2024-01-29,-6.62944870900209,-5.0,47
2024-01-29,-6.04192355117139,-10.0,23
2024-01-29,-4.92170022371365,-5.8,12
2024-01-29,-6.62944870900209,-9.2,9
2024-01-29,-7.23981900452489,-9.2,28
2024-01-29,-0.32258064516129,-9.5,10
2024-01-29,-6.32911392405063,-5.0,6
2024-01-29,-3.91849529780564,-5.0,8
2024-01-29,-3.23047251687561,-10.0,16
2024-01-29,-2.80112044817927,-10.0,12
2024-01-29,-5.39112050739957,-9.0,104
2024-01-29,-9.21052631578947,-10.0,11
2024-01-29,-6.32688927943761,-8.0,20
2024-01-29,-3.72340425531914,-8.0,38
2024-01-29,-6.27137970353478,-8.0,39
2024-01-29,-8.91410048622366,-9.5,10
2024-01-29,-3.23047251687561,-10.0,6
2024-01-29,-3.15789473684211,-10.0,6
2024-01-29,-7.33056708160443,-10.0,25
2024-01-29,-5.88235294117647,-10.0,6
2024-01-29,-6.22222222222222,-5.0,10
2024-01-29,-4.03413498836308,-7.2,14
2024-01-29,-6.72985781990521,-10.0,6
2024-01-29,-6.02272727272727,-9.5,91
2024-01-22,-8.12785388127854,-10.0,6
2024-01-22,-5.23690773067332,-9.5,11
2024-01-22,-4.45246690734056,-2.0,11
2024-01-22,-3.85208012326656,-9.2,19
2024-01-22,-4.48143405889884,-10.0,43
2024-01-22,-1.73775671406003,-2.0,6
2024-01-22,-5.01930501930502,-10.0,6
2024-01-22,-1.75438596491228,-2.0,28
2024-01-22,-4.39306358381503,-5.0,17
2024-01-22,-3.5377358490566,-9.0,40
2024-01-22,-4.63768115942029,-10.0,80
2024-01-22,-4.33925049309665,-10.0,72
2024-01-22,-8.12785388127854,-10.0,7
2024-01-22,-3.64864864864865,-10.0,8
2024-01-22,-1.75718849840256,-2.0,63
2024-01-22,-4.45246690734056,-10.0,16
2024-01-22,-4.3859649122807,-10.0,20
2024-01-22,-3.85208012326656,-10.0,28
2024-01-22,-0.84388185654008,-5.0,10
2024-01-22,-4.95867768595041,-9.5,47
2024-01-22,-4.0983606557377,-9.0,27
2024-01-22,-5.34629404617254,-10.0,29
2024-01-22,-8.12785388127854,-10.0,6
2024-01-22,-4.48143405889884,-10.0,8
2024-01-22,-5.34629404617254,-10.0,15
2024-01-22,-4.39306358381503,-10.0,20
2024-01-22,-5.34883720930233,-9.5,156
2024-01-22,-4.81651376146789,-10.0,9
2024-01-22,-8.12785388127854,-10.0,7
2024-01-22,-4.37649880095923,-6.5,10
2024-01-22,-3.59116022099448,-5.0,12
2024-01-22,-9.90099009900992,-10.0,16
2024-01-22,-4.87804878048781,-9.0,22
2024-01-22,-4.48430493273542,-10.0,8
2024-01-22,-3.515625,-9.0,56
2024-01-22,-4.48143405889884,-5.0,84
2024-01-22,-5.01930501930502,-5.0,12
2024-01-22,-7.5187969924812,-5.0,15
2024-01-22,-3.60655737704918,-9.0,15
2024-01-22,-4.39306358381503,-2.0,13
2024-01-22,-1.75438596491228,-2.0,14
2024-01-15,-3.99484536082475,-10.0,39
2024-01-15,-5.28109028960818,-10.0,10
2024-01-15,-4.75825019186493,-9.0,10
2024-01-15,-2.05831903945112,-9.5,21
2024-01-15,-3.14769975786925,-9.0,10
2024-01-15,-11.0619469026549,-10.0,11
2024-01-15,-0.88028169014085,-9.0,11
2024-01-15,-1.76026823134954,-10.0,12
2024-01-15,-4.16666666666667,-9.5,39
2024-01-15,-2.5703794369645,-10.0,6
2024-01-15,-3.54609929078014,-9.5,6
2024-01-15,-6.73575129533679,-9.0,22
2024-01-15,-0.207756232686981,-10.0,25
2024-01-15,-2.5703794369645,-9.0,10
2024-01-15,-4.33212996389892,-10.0,50
2024-01-15,-2.84697508896797,-9.2,34
2024-01-15,-2.84005979073244,-9.5,28
2024-01-15,-6.02409638554217,-10.0,9
2024-01-15,-9.83606557377052,-10.0,10
2024-01-15,-3.99484536082475,-9.5,68
2024-01-15,-7.78564206268958,-9.5,38
2024-01-15,-3.30788804071247,-9.5,13
2024-01-15,-2.05831903945112,-10.0,18
2024-01-15,-2.71317829457364,-9.5,15
2024-01-08,-5.6140350877193,-9.5,39
2024-01-08,-2.26337448559671,-5.0,8
2024-01-08,-2.12765957446809,-5.0,12
2024-01-08,-3.77358490566038,-9.5,14
2024-01-08,-0.77519379844962,-7.0,8
2024-01-08,-0.35398230088496,-7.0,53
2024-01-08,-5.48271752085816,-9.0,23
2024-01-08,-2.6578073089701,-9.5,27
2024-01-08,-9.09090909090909,-10.0,6
2024-01-08,-6.59340659340659,-5.0,13
2024-01-08,-3.48258706467661,-10.0,32
2024-01-08,-0.24844720496894,-10.0,6
2024-01-08,-5.48271752085816,-7.0,20
2024-01-08,-4.0268456375839,-9.0,48
2024-01-08,-3.16875460574798,-10.0,112
2024-01-08,-0.35398230088496,-9.5,20
2024-01-08,-5.70388349514563,-9.5,124
2024-01-08,-8.80829015544043,-10.0,7
2024-01-08,-8.80829015544043,-10.0,7
2024-01-08,-0.77519379844962,-7.0,12
2024-01-08,-5.3921568627451,-9.5,28
2024-01-08,-5.71081409477522,-10.0,14
2024-01-08,-0.77519379844962,-10.0,9
2024-01-08,-2.77777777777778,-10.0,50
2024-01-08,-7.04225352112676,-10.0,51
2024-01-08,-8.80829015544043,-10.0,10
2024-01-08,-5.70388349514563,-10.0,151
2024-01-08,-4.5016077170418,-5.0,9
2024-01-08,-3.96739130434783,-9.2,16
2024-01-08,-4.96760259179266,-10.0,23
2024-01-08,-5.71081409477522,-10.0,40
2024-01-08,-3.78501135503407,-5.0,9
2024-01-01,-3.80434782608696,-5.0,25
2024-01-01,-4.84048404840484,-9.0,11
2024-01-01,-3.52697095435685,-9.5,35
2024-01-01,-2.08550573514077,-10.0,12
2024-01-01,-6.35838150289018,-10.0,17
2024-01-01,-5.6441717791411,-10.0,6
2024-01-01,-3.25443786982249,-10.0,6
2024-01-01,-7.00564971751412,-9.0,13
2024-01-01,-5.17241379310345,-5.0,62
2024-01-01,-3.53721444362564,-9.5,19
2024-01-01,-3.25443786982249,-9.5,16
2024-01-01,-5.70388349514563,-10.0,13
2024-01-01,-5.23255813953488,-10.0,69
2024-01-01,-3.05164319248827,-10.0,10
2024-01-01,-6.99088145896657,-4.4,7
2024-01-01,-5.70388349514563,-10.0,29
2024-01-01,-3.11750599520383,-9.0,9
2024-01-01,-3.25443786982249,-9.0,21
2024-01-01,-5.73170731707317,-10.0,213
2024-01-01,-5.70388349514563,-9.0,148
2024-01-01,-2.85326086956522,-10.0,91
2024-01-01,-4.82625482625482,-9.5,12
2024-01-01,-7.3109243697479,-5.0,10
2024-01-01,-4.41176470588236,-10.0,6
2024-01-01,-4.72103004291845,-10.0,78
2024-01-01,-4.19753086419754,-10.0,107
2024-01-01,-4.94233937397035,-5.0,6
2024-01-01,-2.08550573514077,-10.0,45
2023-12-25,-3.86266094420601,-9.0,7
2023-12-25,-4.82233502538071,-10.0,16
2023-12-25,-5.51861702127659,-10.0,55
2023-12-25,-5.83850931677019,-10.0,9
2023-12-25,-4.8828125,-10.0,52
2023-12-25,-5.3921568627451,-5.0,8
2023-12-25,-4.875,-10.0,9
2023-12-25,-3.28798185941044,-10.0,10
2023-12-25,-3.47222222222222,-10.0,70
2023-12-25,-4.0,-10.0,11
2023-12-25,-5.60344827586207,-9.0,34
2023-12-25,-3.47490347490347,-5.0,13
2023-12-25,-5.0,-9.5,107
2023-12-25,-7.31528895391368,-10.0,16
2023-12-25,-4.12026726057907,-9.2,9
2023-12-25,-7.3608617594255,-10.0,8
2023-12-25,-5.3921568627451,-5.0,9
2023-12-25,-2.85388127853882,-10.0,28
2023-12-25,-4.71841704718417,-10.0,25
2023-12-25,-5.60344827586207,-9.2,7
2023-12-25,-6.70194003527336,-5.0,13
2023-12-25,-3.5377358490566,-10.0,16
2023-12-18,-5.15350877192982,-5.0,14
2023-12-18,-13.4146341463415,-9.5,6
2023-12-18,-5.35279805352798,-10.0,12
2023-12-18,-2.56410256410256,-10.0,49
2023-12-18,-3.11750599520384,-9.5,19
2023-12-18,-8.17941952506597,-5.0,31
2023-12-18,-5.81113801452785,-10.0,8
2023-12-18,-7.20631786771965,-5.0,8
2023-12-18,-5.52486187845304,-5.0,9
2023-12-18,-4.06320541760722,-10.0,6
2023-12-18,-2.63504611330698,-10.0,7
2023-12-18,-4.51021846370683,-9.2,9
2023-12-18,-5.02283105022827,-10.0,20
2023-12-18,-4.46009389671362,-4.0,8
2023-12-18,-3.77113133940183,-9.5,107
2023-12-18,-1.5483870967742,-10.0,89
2023-12-18,-3.64372469635627,-9.5,6
2023-12-18,-5.35279805352798,-10.0,6
2023-12-18,-5.04807692307696,-5.0,15
2023-12-18,-2.54691689008043,-10.0,19
2023-12-18,-8.06451612903221,-10.0,33
2023-12-18,-5.28846153846158,-9.5,85
2023-12-18,-10.2420856610801,-10.0,8
2023-12-18,-10.2420856610801,-7.5,6
2023-12-18,-3.77113133940183,-10.0,46
2023-12-18,-3.11750599520384,-10.0,7
2023-12-18,-5.15021459227468,-6.5,6
2023-12-11,-6.47773279352227,-9.2,14
2023-12-11,-6.75105485232067,-5.0,27
2023-12-11,-3.07017543859649,-5.0,6
2023-12-11,-6.0580204778157,-10.0,34
2023-12-11,-4.25671250818599,-9.5,20
2023-12-11,-4.14386239249414,-9.5,25
2023-12-11,-3.45303867403315,-9.5,7
2023-12-11,-6.4406779661017,-5.0,40
2023-12-11,-9.42028985507246,-9.0,6
2023-12-11,-7.90378006872852,-5.0,9
2023-12-11,-3.55140186915888,-9.5,68
2023-12-11,-6.36363636363636,-5.0,7
2023-12-11,-6.20300751879699,-7.0,9
2023-12-11,-3.17073170731707,-5.0,26
2023-12-11,-4.39276485788114,-10.0,7
2023-12-11,-3.19634703196347,-9.5,9
2023-12-11,-3.06748466257669,-9.5,69
2023-12-11,-5.05747126436782,-10.0,11
2023-12-11,-3.87045813586098,-10.0,9
2023-12-11,-6.19469026548673,-9.5,29
2023-12-11,-8.29493087557604,-10.0,20
2023-12-11,-7.00549450549451,-5.0,9
2023-12-11,-3.7914691943128,-7.0,39
2023-12-11,-7.92079207920792,-5.0,10
2023-12-11,-4.76683937823834,-10.0,10
2023-12-11,-7.55813953488372,-9.0,10
2023-12-11,-3.87045813586098,-10.0,22
2023-12-04,-6.73684210526316,-10.0,12
2023-12-04,-7.3608617594255,-10.0,67
2023-12-04,-4.76568705321684,-10.0,16
2023-12-04,-14.5454545454546,-10.0,147
2023-12-04,-6.90846286701209,-9.0,28
2023-12-04,-2.75292498279422,-9.5,17
2023-12-04,-2.83870967741935,-9.5,48
2023-12-04,-7.31707317073171,-5.0,9
2023-12-04,-4.48548812664907,-10.0,13
2023-12-04,-6.51731160896131,-9.5,38
2023-12-04,-5.10563380281691,-10.0,16
2023-12-04,-6.97674418604651,-5.0,8
2023-12-04,-7.09090909090909,-10.0,106
2023-12-04,-8.16326530612245,-10.0,8
2023-12-04,-0.623052959501559,-10.0,8
2023-12-04,-5.84615384615385,-5.0,18
2023-12-04,-6.91927512355849,-10.0,78
2023-12-04,4.04040404040404,-5.0,10
2023-12-04,-2.75292498279422,-9.0,24
2023-12-04,-5.45886075949366,-10.0,11
2023-12-04,-7.49506903353057,-10.0,8
2023-12-04,-6.51731160896131,-10.0,89
2023-12-04,-14.5454545454546,-10.0,149
2023-12-04,-5.89473684210526,-9.0,12
2023-12-04,-2.22222222222223,-9.0,9
2023-12-04,-5.57880055788005,-10.0,29
2023-12-04,-9.49868073878626,-10.0,6
2023-12-04,-2.93906810035842,-10.0,12
2023-12-04,-5.10563380281691,-10.0,20
2023-12-04,-7.3608617594255,-10.0,89
2023-12-04,-4.21686746987952,-10.0,6
2023-12-04,-1.9629225736096,-10.0,12
2023-12-04,-4.82758620689655,-10.0,7
2023-11-27,-5.87371512481644,-4.0,7
2023-11-27,-3.03541315345699,-10.0,22
2023-11-27,-5.24861878453039,-10.0,10
2023-11-27,-6.41821946169772,-10.0,10
2023-11-27,-4.9573344169037,-9.5,42
2023-11-27,0.14285714285715,-7.5,6
2023-11-27,-4.92196878751501,-10.0,231
2023-11-27,-6.84647302904565,-10.0,17
2023-11-27,-7.00280112044818,-10.0,17
2023-11-27,-6.84647302904565,-10.0,24
2023-11-27,-5.59139784946237,-10.0,56
2023-11-27,-4.45859872611465,-10.0,15
2023-11-27,-5.19662921348314,-10.0,9
2023-11-27,-7.27056019070322,-4.4,6
2023-11-27,-7.3972602739726,-10.0,15
2023-11-27,-4.92470492470493,-10.0,10
2023-11-27,-5.94594594594595,-9.0,6
2023-11-27,-4.92470492470493,-7.0,13
2023-11-27,-4.90970654627539,-10.0,271
2023-11-27,-3.90070921985816,-10.0,7
2023-11-27,-6.41821946169772,-10.0,7
2023-11-27,-5.43572044866264,-9.5,83
2023-11-27,-5.6672760511883,-10.0,102
2023-11-27,-4.9573344169037,-9.5,30
2023-11-27,-6.41821946169772,-10.0,32
2023-11-27,-5.01392757660167,-7.0,34
2023-11-27,-4.63188688444661,-10.0,16
2023-11-27,-0.27739251040222,-7.5,30
2023-11-27,-5.19662921348314,-7.0,11
2023-11-27,-4.86322188449848,-2.0,12
2023-11-27,-5.11049723756906,-10.0,6
2023-11-27,-7.27056019070322,-4.4,9
2023-11-27,-4.89589195272932,-5.0,12
2023-11-20,-5.45454545454545,-9.5,27
2023-11-20,-4.58404074702887,-9.0,25
2023-11-20,-5.19031141868512,-10.0,9
2023-11-20,-2.65486725663717,-10.0,23
2023-11-20,-3.93518518518519,-10.0,75
2023-11-20,-5.2924791086351,-10.0,31
2023-11-20,-6.3953488372093,-10.0,16
2023-11-20,-3.33333333333334,-5.0,14
2023-11-20,-6.58124635993011,-10.0,8
2023-11-20,-7.89473684210526,-9.5,7
2023-11-20,-4.20560747663551,-10.0,42
2023-11-20,-3.52637614678899,-10.0,10
2023-11-20,-6.3953488372093,-10.0,7
2023-11-20,-7.84313725490196,-5.0,17
2023-11-20,-4.6189376443418,-10.0,82
2023-11-20,-5.44169611307421,-10.0,38
2023-11-20,-7.0999453850355,-10.0,11
2023-11-20,-4.49346405228758,-9.5,15
2023-11-20,-5.2924791086351,-5.0,8
2023-11-20,-5.30367835757057,-10.0,16
2023-11-20,-5.2924791086351,-7.2,8
2023-11-20,-2.86975717439293,-10.0,29
2023-11-13,-4.8,-10.0,8
2023-11-13,-2.67558528428093,-9.5,61
2023-11-13,-5.61797752808989,-10.0,20
2023-11-13,-5.27522935779817,-10.0,8
2023-11-13,-7.01754385964912,-10.0,9
2023-11-13,-4.3010752688172,-10.0,76
2023-11-13,-2.77078085642318,-5.0,23
2023-11-13,-7.33333333333334,-10.0,28
2023-11-13,-7.71470160116448,-10.0,16
2023-11-13,-3.23943661971831,-10.0,7
2023-11-13,-5.46218487394958,-10.0,6
2023-11-13,-4.92505353319057,-10.0,22
2023-11-13,-5.25965379494008,-9.2,45
2023-11-13,-6.03621730382294,-10.0,19
2023-11-13,-5.14705882352941,-10.0,9
2023-11-13,-7.63358778625954,-10.0,6
2023-11-13,-4.47154471544715,-10.0,74
2023-11-13,-3.91304347826087,-9.5,7
2023-11-13,-5.93195696423379,-10.0,54
2023-11-13,-4.17052826691381,-9.0,100
2023-11-13,-6.30252100840336,-10.0,9
2023-11-13,-6.96864111498258,-5.0,7
2023-11-13,-7.7433628318584,-10.0,10
2023-11-13,-8.93141945773525,-10.0,11
2023-11-13,-9.67741935483875,-5.0,8
2023-11-13,-7.16374269005848,-10.0,9
2023-11-13,-5.45112781954887,-9.5,7
2023-11-13,-6.03621730382294,-9.5,17
2023-11-13,-2.43605359317905,-10.0,99
2023-11-13,-5.93195696423379,-10.0,16
2023-11-13,-5.78512396694215,-10.0,144
2023-11-13,-5.14705882352941,-10.0,6
2023-11-13,-6.93069306930693,-10.0,30
2023-11-13,-6.44490644490645,-10.0,15
2023-11-13,-6.32911392405063,-10.0,9
2023-11-13,-5.46218487394958,-10.0,145
2023-11-13,-5.15806988352745,-10.0,31
2023-11-13,-4.47154471544715,-10.0,12
2023-11-13,-5.12820512820513,-2.0,13
2023-11-13,-6.3768115942029,-10.0,7
2023-11-13,-5.45112781954887,-10.0,15
2023-11-13,-5.46218487394958,-10.0,9
2023-11-13,-5.46218487394958,-10.0,6
2023-11-13,-4.31137724550898,-10.0,84
2023-11-13,-5.46218487394958,-10.0,6
2023-11-13,-3.73725934314836,-10.0,11
2023-11-13,-6.03621730382294,-10.0,24
2023-11-13,-7.71470160116448,-10.0,14
2023-11-13,-7.16374269005848,-10.0,6
2023-11-13,-5.18518518518518,-9.5,8
2023-11-13,-7.7433628318584,-10.0,7
2023-11-13,-5.46218487394958,-10.0,15
2023-11-13,-5.93195696423379,-10.0,27
2023-11-13,-4.44444444444445,-9.0,7
2023-11-13,-6.32911392405063,-10.0,6
2023-11-13,-3.23943661971831,-10.0,66
2023-11-13,-4.56692913385827,-10.0,68
2023-11-13,-5.46218487394958,-10.0,9
2023-11-13,-6.32911392405063,-10.0,24
2023-11-13,-6.93069306930693,-10.0,18
2023-11-13,-5.46218487394958,-10.0,131
2023-11-13,-5.25965379494008,-10.0,44
2023-11-13,-5.46218487394958,-10.0,9
2023-11-13,-8.55365474339036,-10.0,8
2023-11-13,-5.46218487394958,-10.0,65
2023-11-13,-5.16129032258065,-10.0,9
2023-11-13,-4.78011472275334,-9.5,8
2023-11-13,-7.45614035087719,-10.0,10
2023-11-13,-4.3731778425656,-10.0,18
2023-11-13,-5.46218487394958,-10.0,27
2023-11-06,-2.22841225626741,-9.5,101
2023-11-06,-3.43839541547278,-10.0,23
2023-11-06,-5.86080586080586,-10.0,7
2023-11-06,-4.16666666666667,-10.0,17
2023-11-06,-3.88349514563107,-9.2,7
2023-11-06,-3.86533665835412,-9.5,52
2023-11-06,-3.43839541547278,-10.0,21
2023-11-06,-5.86080586080586,-9.5,17
2023-11-06,-3.5277177825774,-10.0,24
2023-11-06,-4.79651162790697,-5.0,33
2023-11-06,-6.59340659340659,-10.0,10
2023-11-06,-3.27022375215147,-10.0,83
2023-11-06,-4.45859872611465,-10.0,6
2023-11-06,-3.80434782608695,-10.0,75
2023-11-06,-3.57568533969011,-9.5,18
2023-11-06,-3.43839541547278,-10.0,21
2023-11-06,-5.50724637681159,-9.5,31
2023-11-06,-5.86080586080586,-10.0,6
2023-11-06,-3.90625,-5.0,9
2023-11-06,-5.17751479289941,-10.0,11
2023-11-06,-4.16666666666667,-10.0,32
2023-11-06,-5.0632911392405,-7.2,8
2023-11-06,-5.98130841121496,-9.5,6
2023-11-06,-10.0609756097561,-9.0,8
2023-11-06,-1.80722891566265,-5.0,6
2023-11-06,-4.74732006125574,-10.0,17
2023-11-06,-4.54016298020955,-10.0,22
2023-11-06,-5.17751479289941,-10.0,24
2023-11-06,-7.98479087452472,-10.0,12
2023-11-06,-4.74732006125574,-10.0,27
2023-11-06,-1.80722891566265,-5.0,8
2023-11-06,-3.93700787401575,-5.0,23
2023-11-06,-4.16666666666667,-10.0,15
2023-11-06,-4.74732006125574,-10.0,41
2023-10-30,-2.51989389920424,-10.0,7
2023-10-30,-3.13351498637602,-10.0,7
2023-10-30,-3.23886639676113,-10.0,8
2023-10-30,-3.15046170559478,-10.0,15
2023-10-30,-5.27638190954773,-10.0,49
2023-10-30,-3.50877192982456,-10.0,22
2023-10-30,-3.98773006134969,-10.0,12
2023-10-30,-5.52922590837283,-9.5,27
2023-10-30,0.69444444444444,-10.0,9
2023-10-30,-6.96465696465696,-10.0,8
2023-10-30,-4.79041916167665,-10.0,22
2023-10-30,-3.61794500723589,-8.0,8
2023-10-30,-4.80480480480481,-4.4,10
2023-10-30,-4.04721753794266,-7.0,88
2023-10-30,-6.58914728682171,-10.0,172
2023-10-30,-3.32348596750369,-10.0,168
2023-10-30,-3.23886639676113,-10.0,8
2023-10-30,-2.15588723051409,-10.0,65
2023-10-30,-1.76470588235294,-10.0,115
2023-10-30,-2.16110019646365,-10.0,8
2023-10-30,-7.53768844221105,-10.0,42
2023-10-30,-3.15046170559478,-10.0,30
2023-10-30,-2.11066742726754,-5.0,6
2023-10-30,-3.86740331491712,-9.5,6
2023-10-30,-4.16666666666666,-8.0,23
2023-10-30,-6.1576354679803,-2.0,12
2023-10-30,-2.98719772403982,-10.0,10
2023-10-30,-3.79146919431279,-10.0,66
2023-10-30,-4.13895048041389,-10.0,92
2023-10-30,-3.13351498637602,-10.0,9
2023-10-30,-3.13351498637602,-10.0,10
2023-10-30,-6.1576354679803,-2.0,12
2023-10-30,-2.33463035019456,-5.0,10
2023-10-30,-4.36363636363636,-9.5,35
2023-10-30,-6.1576354679803,-2.0,12
2023-10-30,-6.13138686131387,-10.0,7
2023-10-30,-4.10677618069816,-5.0,7
2023-10-30,-7.69230769230769,-5.0,19
2023-10-30,-4.79041916167665,-2.0,6
2023-10-23,-6.02836879432624,-9.5,18
2023-10-23,-4.296875,-10.0,30
2023-10-23,-10.1744186046512,-5.0,8
2023-10-23,-6.99708454810495,-10.0,37
2023-10-23,-5.45454545454546,-10.0,12
2023-10-23,-8.70967741935485,-10.0,22
2023-10-23,-8.53658536585366,-10.0,17
2023-10-23,-8.93854748603351,-5.0,11
2023-10-23,-4.45486518171161,-10.0,45
2023-10-23,-5.41455160744501,-5.0,16
2023-10-23,-2.74509803921568,-5.0,16
2023-10-23,-6.02836879432624,-10.0,84
2023-10-23,-4.70723306544202,-10.0,50
2023-10-23,-4.85549132947977,-10.0,14
2023-10-23,-4.296875,-10.0,8
2023-10-23,-4.70183486238532,-10.0,141
2023-10-23,-5.55555555555555,-9.2,10
2023-10-23,-6.4327485380117,-5.0,39
2023-10-23,-4.296875,-10.0,6
2023-10-23,-4.84988452655889,-10.0,17
2023-10-23,-5.02645502645502,-10.0,115
2023-10-23,-4.84988452655889,-10.0,10
2023-10-23,-5.43478260869565,-9.2,23
2023-10-23,-5.30451866404715,-10.0,24
2023-10-23,-4.70723306544202,-10.0,220
2023-10-23,-9.02255639097744,-5.0,13
2023-10-23,-9.02255639097744,-5.0,28
2023-10-23,-5.59701492537313,-5.0,13
2023-10-23,-5.89147286821705,-10.0,170
2023-10-23,-7.93650793650793,-5.0,10
2023-10-23,-10.7913669064749,-9.2,9
2023-10-23,-4.296875,-10.0,67
2023-10-23,-6.4327485380117,-5.0,80
2023-10-23,-6.82261208576998,-5.0,77
2023-10-23,-4.296875,-10.0,48
2023-10-16,-5.88235294117647,-10.0,8
2023-10-16,-5.71428571428572,-10.0,21
2023-10-16,-0.12165450121655,-5.0,12
2023-10-16,-4.2989417989418,-9.2,6
2023-10-16,-0.12150668286755,-10.0,29
2023-10-16,-4.98084291187739,-10.0,64
2023-10-16,-0.12150668286755,-5.0,42
2023-10-16,-5.86466165413534,-10.0,10
2023-10-16,-0.59288537549408,-9.0,10
2023-10-16,-5.85365853658537,-5.0,18
2023-10-16,-6.42201834862385,-8.0,11
2023-10-16,-8.35579514824797,-5.0,29
2023-10-16,-3.47826086956522,-10.0,98
2023-10-16,-6.61157024793388,-10.0,158
2023-10-16,-7.64705882352941,-9.5,10
2023-10-16,-3.47938144329897,-9.5,10
2023-10-16,-7.0754716981132,-5.0,15
2023-10-16,-6.18181818181819,-5.0,6
2023-10-16,-7.84671532846716,-10.0,7
2023-10-16,-9.8214285714286,-10.0,6
2023-10-16,-1.26582278481012,-10.0,25
2023-10-09,-8.86426592797783,-10.0,20
2023-10-09,-4.7890535917902,-10.0,73
2023-10-09,-6.32911392405063,-10.0,6
2023-10-09,-7.91476407914764,-10.0,13
2023-10-09,-6.71641791044776,-10.0,12
2023-10-09,-9.09090909090909,-4.0,7
2023-10-09,-7.78443113772455,-9.5,29
2023-10-09,-0.121359223300971,-10.0,82
2023-10-09,-8.17757009345794,-10.0,10
2023-10-09,-6.18892508143323,-10.0,7
2023-10-09,-6.71641791044776,-4.4,8
2023-10-09,0.0,-10.0,7
2023-10-09,0.813008130081299,-9.2,6
2023-10-09,-8.18181818181819,-9.0,7
2023-10-09,-8.20433436532508,-9.0,8
2023-10-09,-6.83229813664596,-9.0,18
2023-10-09,-9.36599423631124,-10.0,9
2023-10-09,-3.3195020746888,-5.0,13
2023-10-09,-6.71641791044776,-9.0,6
2023-10-09,-7.45697896749522,-6.5,34
2023-10-09,-7.99180327868853,-10.0,6
2023-10-09,-7.17948717948718,-10.0,21
2023-10-09,-8.87850467289719,-10.0,6
2023-10-09,-8.63557858376512,-10.0,6
2023-10-09,-8.63557858376512,-9.0,14
2023-10-09,-6.87919463087249,-10.0,20
2023-10-09,-4.87238979118329,-10.0,14
2023-10-09,0.0,-10.0,10
2023-10-09,-8.20433436532508,-10.0,7
2023-10-09,-0.121359223300971,-5.0,106
2023-10-09,-0.12033694344164,-5.0,6
2023-10-09,-10.1092896174863,-10.0,7
2023-10-09,-6.83229813664596,-9.0,20
2023-10-09,-7.32758620689655,-10.0,7
2023-10-09,-6.83229813664596,-9.0,6
2023-10-09,-3.21888412017167,-5.0,37
2023-10-02,-5.42986425339367,-10.0,44
2023-10-02,-5.42986425339367,-10.0,18
2023-10-02,-10.1075268817205,-10.0,55
2023-10-02,-4.20168067226891,-4.0,7
2023-10-02,-4.8828125,-5.0,16
2023-10-02,-4.7945205479452,-10.0,6
2023-10-02,-5.06265664160401,-10.0,11
2023-10-02,-4.80109739368999,-4.0,28
2023-10-02,-6.45933014354067,-10.0,101
2023-10-02,-5.06993006993007,-5.0,8
2023-10-02,-5.42986425339367,-10.0,38
2023-10-02,-7.5675675675676,-10.0,6
2023-10-02,-4.33789954337899,-5.0,18
2023-10-02,-7.5675675675676,-10.0,9
2023-10-02,-6.21301775147929,-10.0,69
2023-10-02,-4.20168067226891,-5.0,26
2023-10-02,-7.8404401650619,-10.0,9
2023-10-02,-6.42570281124498,-9.5,9
2023-10-02,-6.74157303370787,-10.0,6
2023-10-02,-6.43776824034335,-9.0,6
2023-10-02,-4.76190476190477,-10.0,14
2023-10-02,-4.80109739368999,-10.0,30
2023-10-02,-0.0896057347670198,-10.0,9
2023-10-02,-6.74157303370787,-10.0,10
2023-10-02,-5.52147239263804,-9.0,21
2023-10-02,-4.91803278688525,-5.0,7
2023-10-02,-3.12907431551499,-10.0,6
2023-10-02,-4.33789954337899,-5.0,10
2023-10-02,-4.95867768595041,-5.0,11
2023-09-25,-6.64893617021277,-7.0,17
2023-09-25,-7.55102040816326,-10.0,63
2023-09-25,-6.64652567975831,-9.2,10
2023-09-25,-5.78778135048232,-10.0,64
2023-09-25,-5.97014925373135,-10.0,130
2023-09-25,-5.42635658914728,-10.0,8
2023-09-25,-7.38916256157636,-9.5,15
2023-09-25,-6.64893617021277,-9.0,19
2023-09-25,-7.38916256157636,-5.0,11
2023-09-25,-6.18846694796061,-9.2,39
2023-09-25,-6.66666666666667,-10.0,6
2023-09-25,-5.64516129032258,-9.2,14
2023-09-25,-6.12244897959187,-9.2,7
2023-09-25,-6.64893617021277,-9.2,13
2023-09-25,-6.25889046941679,-9.0,7
2023-09-25,-7.38916256157636,-6.5,11
2023-09-25,-5.86419753086419,-9.2,17
2023-09-25,-6.2111801242236,-10.0,6
2023-09-18,-5.40540540540541,-8.0,23
2023-09-18,-13.3858267716535,-5.0,11
2023-09-18,-4.02414486921529,-10.0,8
2023-09-18,-6.71641791044776,-5.0,19
2023-09-18,-5.4483541430193,-10.0,124
2023-09-18,-5.6390977443609,-5.0,16
2023-09-18,-5.46075085324232,-9.5,25
2023-09-18,-6.71641791044776,-7.0,41
2023-09-18,-6.6079295154185,-6.5,15
2023-09-18,-4.81400437636761,-8.0,11
2023-09-18,-5.55555555555556,-5.0,26
2023-09-18,-5.46075085324232,-5.0,11
2023-09-18,-8.51063829787234,-5.0,38
2023-09-18,-5.94795539033457,-5.0,6
2023-09-18,-6.61577608142494,-9.2,10
2023-09-18,-4.20168067226891,-10.0,60
2023-09-18,-7.47330960854093,-9.2,8
2023-09-18,-5.65552699228792,-10.0,51
2023-09-18,-5.96491228070176,-5.0,32
2023-09-18,-2.54237288135594,-5.0,25
2023-09-11,-3.03030303030303,-9.2,84
2023-09-11,-3.82978723404255,-4.0,88
2023-09-11,-3.07017543859649,-10.0,119
2023-09-11,-3.58306188925081,-5.0,8
2023-09-11,-4.80769230769231,-5.0,12
2023-09-11,-4.16666666666667,-5.0,13
2023-09-11,-4.81239804241436,-5.0,25
2023-09-11,-6.34920634920634,-4.4,6
2023-09-11,-4.60992907801419,-10.0,76
2023-09-11,-5.57491289198606,-5.0,19
2023-09-11,-2.89855072463768,-2.0,30
2023-09-11,-5.61868686868687,-10.0,6
2023-09-11,-2.89855072463768,-5.0,30
2023-09-11,-10.3174603174603,-9.2,16
2023-09-11,-5.24137931034482,-9.5,11
2023-09-11,-2.87539936102236,-9.2,21
2023-09-11,-2.72727272727273,-10.0,76
2023-09-11,-2.26442658875092,-4.0,12
2023-09-04,-6.19195046439629,-10.0,12
2023-09-04,-4.40340909090909,-9.5,25
2023-09-04,-10.1190476190476,-5.0,26
2023-09-04,-3.87323943661972,-9.5,11
2023-09-04,-8.0,-5.0,16
2023-09-04,-8.0338266384778,-5.0,15
2023-09-04,-10.1190476190476,-5.0,130
2023-09-04,-10.1190476190476,-5.0,7
2023-09-04,-8.3969465648855,-5.0,13
2023-09-04,-7.69230769230769,-5.0,7
2023-09-04,-4.58452722063037,-4.0,7
2023-09-04,-8.25688073394495,-10.0,7
2023-09-04,-8.85714285714285,-9.5,6
2023-09-04,-10.1190476190476,-5.0,11
2023-09-04,-2.45398773006135,-2.0,33
2023-09-04,-10.6666666666667,-9.0,7
2023-09-04,-9.02777777777777,-5.0,15
2023-09-04,-7.69230769230769,-5.0,7
2023-09-04,-8.2744702320888,-9.0,81
2023-09-04,-10.6666666666667,-9.0,9
2023-09-04,-8.85714285714285,-5.0,11
2023-09-04,-10.1813110181311,-9.0,18
2023-09-04,-8.29493087557604,-5.0,61
2023-09-04,-6.85185185185185,-9.0,48
2023-09-04,-10.1190476190476,-9.0,8
2023-09-04,-10.1813110181311,-5.0,20
2023-09-04,-10.1190476190476,-5.0,177
2023-09-04,-4.21455938697318,-9.5,34
2023-09-04,-9.63855421686748,-5.0,6
2023-09-04,-10.1190476190476,-5.0,17
2023-09-04,-8.0338266384778,-5.0,21
2023-09-04,-3.31125827814569,-4.0,8
2023-09-04,-8.2744702320888,-10.0,44
2023-09-04,-4.58452722063037,-2.0,6
2023-09-04,-10.1190476190476,-5.0,15
2023-09-04,-6.76691729323308,-5.0,60
2023-09-04,-8.25688073394495,-5.0,7
2023-09-04,-8.29493087557604,-5.0,9
2023-09-04,-10.1190476190476,-5.0,38
2023-09-04,-4.98084291187739,-9.2,18
2023-09-04,-6.6666666666667,-4.0,7
2023-09-04,-3.80228136882129,-9.5,88
2023-09-04,-3.87323943661972,-5.0,9
2023-09-04,-6.07424071991001,-5.0,23
2023-09-04,-10.1813110181311,-9.0,8
2023-09-04,-10.4602510460251,-9.0,9
2023-08-28,-2.17391304347826,-5.0,12
2023-08-28,-5.5393586005831,-5.0,26
2023-08-28,-3.92798690671031,-10.0,18
2023-08-28,-8.77598152424947,-9.0,31
2023-08-28,-2.4,-9.2,12
2023-08-28,-3.15614617940199,-10.0,123
2023-08-28,-4.93653032440057,-10.0,16
2023-08-28,-2.4,-5.0,6
2023-08-28,-3.46666666666666,-10.0,97
2023-08-28,-5.5393586005831,-10.0,19
2023-08-28,-5.71428571428571,-10.0,34
2023-08-28,-9.02255639097744,-10.0,8
2023-08-28,-1.50409201504092,-5.0,13
2023-08-28,-3.40030911901082,-5.0,9
2023-08-28,-5.41516245487365,-9.2,32
2023-08-28,-6.81818181818181,-9.2,12
2023-08-28,-2.17391304347826,-10.0,7
2023-08-28,-5.83941605839416,-9.2,15
2023-08-28,-3.38308457711443,-10.0,209
2023-08-28,-5.49132947976879,-10.0,8
2023-08-28,-1.15830115830116,-5.0,6
2023-08-28,-1.30111524163569,-5.0,17
2023-08-21,-2.47592847317744,-5.0,7
2023-08-21,-5.4095826893354,-7.0,11
2023-08-21,-5.72139303482587,-10.0,62
2023-08-21,-10.1604278074866,-2.0,35
2023-08-21,-6.4327485380117,-10.0,22
2023-08-21,-10.1876675603217,-2.0,12
2023-08-21,-5.24590163934426,-5.0,18
2023-08-21,-2.37741456166419,-5.0,13
2023-08-21,-5.44554455445545,-10.0,9
2023-08-21,-10.2702702702703,-5.0,10
2023-08-21,-5.44554455445545,-9.5,32
2023-08-21,-3.24675324675325,-5.0,16
2023-08-21,-1.65016501650165,-5.0,8
2023-08-21,-9.4850948509485,-5.0,6
2023-08-21,-4.47761194029851,-10.0,92
2023-08-21,-6.03066439522998,-10.0,10
2023-08-21,-10.0,-5.0,12
2023-08-21,-10.1876675603217,-5.0,6
2023-08-21,-3.97022332506204,-10.0,172
2023-08-21,-5.44554455445545,-5.0,8
2023-08-21,-8.00000000000001,-5.0,21
2023-08-21,-3.66598778004073,-10.0,14
2023-08-14,-5.5627425614489,-10.0,15
2023-08-14,-8.35913312693499,-5.0,9
2023-08-14,-3.26797385620915,-5.8,9
2023-08-14,-4.71337579617835,-10.0,17
2023-08-14,-3.27868852459016,-5.6,6
2023-08-14,-8.4375,-5.0,22
2023-08-14,-3.94736842105263,-4.0,6
2023-08-14,-5.86510263929619,-10.0,16
2023-08-14,-5.5627425614489,-9.5,24
2023-08-14,-4.94791666666667,-9.0,103
2023-08-14,-4.71337579617835,-9.5,17
2023-08-14,-4.35578330893118,-10.0,72
2023-08-14,-6.09603340292276,-9.2,10
2023-08-14,-3.94736842105263,-4.0,10
2023-08-14,-4.66067048242028,-10.0,8
2023-08-14,-6.09603340292276,-10.0,15
2023-08-14,-9.02527075812274,-10.0,6
2023-08-14,-8.35913312693499,-5.0,9
2023-08-14,-4.94791666666667,-9.0,46
2023-08-14,-8.4375,-5.0,23
2023-08-14,-4.23228346456693,-7.0,8
2023-08-14,-4.86918604651163,-9.0,25
2023-08-14,-4.88974113135187,-9.2,27
2023-08-14,-6.41509433962264,-5.0,10
2023-08-14,-4.02298850574713,-5.0,13
2023-08-14,-5.27964205816555,-6.5,28
2023-08-14,-8.10810810810811,-10.0,6
2023-08-14,-4.18250950570342,-2.0,6
2023-08-14,-4.71337579617835,-7.2,15
2023-08-07,-6.41025641025642,-5.0,40
2023-08-07,-6.20155038759694,-5.0,249
2023-08-07,-6.2015503875969,-5.0,219
2023-08-07,-8.46153846153849,-5.0,22
2023-08-07,-8.33333333333331,-5.0,28
2023-08-07,-5.95238095238095,-9.0,6
2023-08-07,-6.66666666666667,-9.0,10
2023-08-07,-5.59006211180124,-10.0,189
2023-08-07,-3.35365853658537,-9.0,141
2023-08-07,-1.62412993039443,-9.5,13
2023-08-07,-4.39560439560439,-6.5,7
2023-08-07,-6.81114551083592,-5.0,8
2023-08-07,2.90237467018469,-6.5,10
2023-08-07,-7.16612377850163,-10.0,18
2023-08-07,-6.62251655629139,-9.0,19
2023-08-07,-12.5319693094629,-9.0,55
2023-08-07,-5.05415162454874,-10.0,65
2023-08-07,-7.66773162939297,-10.0,8
2023-08-07,-8.64516129032257,-6.5,10
2023-08-07,-5.05415162454874,-10.0,12
2023-08-07,-3.93258426966292,-10.0,7
2023-08-07,-6.3013698630137,-10.0,8
2023-08-07,-11.8181818181818,-9.0,7
2023-08-07,-7.21649484536082,-6.5,8
2023-08-07,-1.23076923076923,-4.0,6
2023-08-07,-8.46153846153849,-5.0,22
2023-08-07,-5.75342465753425,-10.0,9
2023-08-07,-7.89473684210526,-5.0,37
2023-07-31,-4.76190476190476,-5.0,16
2023-07-31,-5.1413881748072,-6.5,11
2023-07-31,-5.42635658914728,-5.0,86
2023-07-31,-3.72492836676217,-5.0,59
2023-07-31,-4.65116279069768,-5.0,416
2023-07-31,-4.7029702970297,-5.0,6
2023-07-31,-8.01526717557252,-9.5,8
2023-07-31,-5.42635658914728,-5.0,11
2023-07-31,-4.35261707988981,-10.0,27
2023-07-31,-4.43740095087163,-5.0,6
2023-07-31,-4.58015267175572,-5.0,16
2023-07-31,-10.912906610703,-5.0,9
2023-07-31,-6.35294117647059,-9.5,7
2023-07-31,-5.38461538461538,-5.0,14
2023-07-31,-5.55555555555555,-5.0,12
2023-07-31,-6.17283950617284,-5.0,16
2023-07-31,-2.86885245901639,-5.0,7
2023-07-31,-3.72492836676217,-10.0,9
2023-07-31,-5.42635658914728,-5.0,16
2023-07-31,-4.72049689440994,-5.0,12
2023-07-31,-4.07407407407407,-5.0,21
2023-07-31,-4.72049689440994,-5.0,6
2023-07-31,-3.40425531914894,-5.0,29
2023-07-31,-6.17283950617284,-5.0,26
2023-07-31,-4.72049689440994,-5.0,11
2023-07-31,-4.65116279069768,-5.0,14
2023-07-31,-4.50191570881226,-5.0,36
2023-07-31,-6.43776824034335,-9.0,72
2023-07-31,-8.30860534124629,-10.0,86
2023-07-31,-6.63856691253951,-2.0,11
2023-07-31,-6.27450980392157,-9.5,15
2023-07-31,-5.67567567567568,-2.0,44
2023-07-31,-5.38461538461538,-5.0,6
2023-07-31,-4.70297029702971,-10.0,140
2023-07-31,-6.24113475177305,-5.0,6
2023-07-31,-2.57731958762887,-5.0,16
2023-07-31,-4.65116279069768,-5.0,18
2023-07-31,-4.65116279069768,-5.0,14
2023-07-31,-4.7244094488189,-5.0,9
2023-07-31,-1.87793427230047,-5.0,8
2023-07-31,-4.7244094488189,-5.0,14
2023-07-31,-5.72519083969462,-5.0,15
2023-07-31,-5.38461538461538,-5.0,8
2023-07-31,-6.9078947368421,-10.0,6
2023-07-31,-5.38461538461538,-5.0,8
2023-07-31,-2.35294117647059,-6.5,13
2023-07-31,-8.0,-5.0,18
2023-07-31,-6.43776824034334,-9.0,12
2023-07-31,-4.437564499484,-5.0,31
2023-07-31,-5.9666431759455,-5.0,7
2023-07-31,-3.87596899224806,-5.0,341
2023-07-31,-5.14469453376206,-5.0,10
2023-07-31,-6.44699140401146,-5.0,7
2023-07-31,-2.9512697323267,-2.0,6
2023-07-31,-4.7244094488189,-5.0,6
2023-07-31,-4.65116279069768,-5.0,15
2023-07-31,-5.72519083969462,-5.0,18
2023-07-31,-5.38461538461538,-5.0,298
2023-07-31,-3.36283185840708,-5.0,6
2023-07-31,-7.17488789237668,-5.0,27
2023-07-31,-4.54545454545454,-5.0,10
2023-07-31,-4.0,-5.0,257
2023-07-31,-7.45192307692307,-2.0,6
2023-07-31,-4.07725321888412,-6.5,6
2023-07-31,-7.42285237698081,-2.0,8
2023-07-31,-7.26643598615917,-10.0,6
2023-07-31,-4.58015267175572,-5.0,9
2023-07-31,3.98293029871977,-2.0,7
2023-07-31,-7.42285237698081,-6.5,28
2023-07-31,-6.43776824034334,-9.2,117
2023-07-31,-5.38461538461538,-5.0,16
2023-07-31,-5.38461538461538,-5.0,90
2023-07-24,-3.87811634349031,-5.0,18
2023-07-24,-5.42713567839196,-5.0,20
2023-07-24,-10.9803921568627,-10.0,8
2023-07-24,-4.00000000000001,-10.0,186
2023-07-24,-4.07876230661041,-5.0,44
2023-07-24,-6.3612099644128,-5.0,7
2023-07-24,-3.74087591240876,-8.0,6
2023-07-24,-5.01543209876543,-7.2,6
2023-07-24,-7.15917745620715,-10.0,22
2023-07-24,-5.01543209876543,-5.0,19
2023-07-24,-5.66037735849057,-6.5,10
2023-07-24,-4.58452722063037,-5.0,43
2023-07-24,-7.5,-5.0,42
2023-07-24,-4.36681222707424,-5.0,9
2023-07-24,-5.66037735849057,-4.0,7
2023-07-24,-2.51572327044025,-5.0,14
2023-07-24,-4.5662100456621,-7.2,11
2023-07-24,-4.29752066115703,-5.0,34
2023-07-24,-4.71821756225426,-10.0,70
2023-07-24,-3.87811634349031,-5.0,30
2023-07-24,-4.87804878048781,-10.0,206
2023-07-24,-4.68879668049792,-7.0,6
2023-07-24,-7.38341968911917,-9.0,15
2023-07-24,-6.3612099644128,-2.0,10
2023-07-24,-7.38341968911917,-10.0,16
2023-07-24,-4.24242424242424,-8.0,17
2023-07-17,-4.61538461538461,-9.2,33
2023-07-17,-8.26210826210826,-9.0,15
2023-07-17,-3.14814814814815,-10.0,31
2023-07-17,-3.74331550802139,-7.0,26
2023-07-17,-5.50239234449761,-10.0,6
2023-07-17,-1.03734439834025,-2.0,10
2023-07-17,-4.28571428571428,-9.5,19
2023-07-17,-2.77777777777778,-10.0,150
2023-07-17,-7.08661417322835,-10.0,14
2023-07-17,-1.49532710280374,-9.2,128
2023-07-17,-5.04201680672269,-8.0,26
2023-07-17,-3.62239297475302,-7.2,29
2023-07-17,-0.20703933747412,-5.0,6
2023-07-17,-3.13901345291479,-10.0,203
2023-07-17,-6.71641791044776,-10.0,17
2023-07-17,-4.23728813559322,-10.0,74
2023-07-17,-6.90571049136786,-10.0,21
2023-07-17,-1.49572649572649,-2.0,66
2023-07-17,-5.04201680672269,-9.2,27
2023-07-17,-1.02915951972556,-9.2,7
2023-07-17,-4.48013524936602,-10.0,23
2023-07-17,-6.71641791044776,-10.0,10
2023-07-17,-5.50239234449761,-10.0,19
2023-07-17,-3.25027085590466,-2.0,7
2023-07-17,-1.03734439834025,-10.0,15
2023-07-17,-3.25027085590466,-2.0,6
2023-07-10,-9.55414012738854,-10.0,7
2023-07-10,-3.23974082073435,-9.2,22
2023-07-10,-3.58565737051793,-5.0,22
2023-07-10,-3.34645669291339,-9.0,27
2023-07-10,-5.1980198019802,-5.0,16
2023-07-10,-3.60531309297913,-5.0,16
2023-07-10,-6.36942675159235,-5.0,10
2023-07-10,-6.11384399156711,-10.0,7
2023-07-10,-6.8870523415978,-10.0,6
2023-07-10,-6.97674418604651,-10.0,19
2023-07-10,-4.21585160202361,-10.0,84
2023-07-10,-5.44662309368192,-5.0,29
2023-07-10,-3.01418439716312,-5.0,7
2023-07-10,-2.87162162162162,-7.2,9
2023-07-10,-5.44662309368192,-5.0,6
2023-07-10,-3.56489945155393,-10.0,177
2023-07-10,-6.97674418604651,-10.0,7
2023-07-10,-0.80091533180778,-5.0,12
2023-07-10,-3.1496062992126,-5.0,11
2023-07-10,-3.56489945155393,-10.0,129
2023-07-10,-3.23974082073435,-10.0,9
2023-07-10,-9.25,-10.0,33
2023-07-03,-3.71517027863777,-10.0,31
2023-07-03,-3.71517027863777,-10.0,6
2023-07-03,-3.71517027863777,-10.0,18
2023-07-03,-6.03756708407871,-10.0,11
2023-07-03,-3.71517027863777,-10.0,77
2023-07-03,-8.51063829787234,-10.0,8
2023-07-03,-3.71517027863777,-10.0,6
2023-07-03,-3.71517027863777,-10.0,6
2023-07-03,-3.71517027863777,-10.0,6
2023-07-03,-3.29531051964512,-6.5,123
2023-07-03,-3.71517027863777,-10.0,73
2023-07-03,-3.9647577092511,-10.0,8
2023-07-03,-3.71517027863777,-10.0,8
2023-07-03,-3.71517027863777,-10.0,6
2023-07-03,-3.71517027863777,-10.0,6
2023-07-03,-3.71517027863777,-10.0,6
2023-07-03,-3.71517027863777,-10.0,6
2023-07-03,-3.7037037037037,-10.0,22
2023-07-03,-4.72610096670247,-8.0,14
2023-07-03,-3.7037037037037,-10.0,8
2023-07-03,-3.29531051964512,-9.0,177
2023-07-03,-3.71517027863777,-10.0,6
2023-07-03,-5.33980582524272,-6.5,8
2023-07-03,-3.71517027863777,-10.0,6
2023-07-03,-3.71517027863777,-10.0,274
2023-07-03,-6.22222222222222,-9.0,39
2023-07-03,-3.9647577092511,-9.2,6
2023-07-03,-6.5934065934066,-5.0,10
2023-07-03,-6.5934065934066,-5.0,12
2023-07-03,-3.71517027863777,-10.0,10
2023-07-03,-3.71517027863777,-10.0,6
2023-07-03,-10.8024691358025,-10.0,18
2023-07-03,-7.61346998535872,-5.0,65
2023-07-03,-3.71517027863777,-10.0,7
2023-07-03,-3.71517027863777,-10.0,6
2023-07-03,-3.7037037037037,-10.0,22
2023-07-03,-7.64119601328904,-5.0,26
2023-06-26,-8.09859154929578,-10.0,20
2023-06-26,-6.1613144137416,-5.0,93
2023-06-26,-4.45205479452055,-5.0,77
2023-06-26,-8.03858520900322,-10.0,6
2023-06-26,-7.51295336787564,-5.0,22
2023-06-26,-1.3215859030837,-8.0,7
2023-06-26,-5.73671497584541,-9.2,16
2023-06-26,-4.68564650059312,-8.0,9
2023-06-26,-2.16647662485747,-5.0,13
2023-06-26,-9.14454277286136,-10.0,6
2023-06-26,-1.80952380952381,-7.0,72
2023-06-26,-9.17159763313609,-10.0,10
2023-06-26,-7.55636806825107,-10.0,57
2023-06-26,-9.13705583756345,-10.0,7
2023-06-26,-9.95670995670996,-10.0,6
2023-06-26,-6.50584795321637,-5.0,9
2023-06-26,-5.13478818998716,-10.0,26
2023-06-26,-1.3215859030837,-5.0,6
2023-06-26,-6.25,-9.5,13
2023-06-26,-9.40170940170944,-10.0,26
2023-06-26,-8.55614973262032,-10.0,15
2023-06-26,-5.73671497584541,-9.2,16
2023-06-26,-1.3215859030837,-5.0,8
2023-06-26,-5.1413881748072,-10.0,88
2023-06-26,-4.98084291187739,-10.0,19
2023-06-26,-6.3768115942029,-10.0,24
2023-06-26,-8.09859154929578,-5.0,8
2023-06-26,-9.13705583756345,-10.0,6
2023-06-19,-4.40386680988184,-10.0,13
2023-06-19,1.16618075801749,-4.4,31
2023-06-19,0.28922631959508,-4.4,11
2023-06-19,-4.40386680988184,-9.2,34
2023-06-19,-6.51828298887123,-10.0,85
2023-06-19,-4.30686406460296,-9.0,21
2023-06-19,-2.80701754385965,-6.5,11
2023-06-19,-4.52054794520548,-5.0,17
2023-06-19,-6.62460567823344,-10.0,75
2023-06-19,-3.61581920903955,-10.0,183
2023-06-19,-2.80701754385965,-9.2,20
2023-06-19,-6.16883116883117,-5.0,15
2023-06-19,-6.62460567823344,-2.0,55
2023-06-19,-3.89337074710628,-5.0,6
2023-06-19,-2.76898734177215,-6.5,69
2023-06-19,-2.84552845528455,-5.0,10
2023-06-19,-3.4440344403444,-5.0,18
2023-06-19,-2.85132382892057,-5.0,18
2023-06-19,-2.23404255319149,-10.0,172
2023-06-19,-6.14973262032086,-8.0,9
2023-06-19,-2.60586319218241,-6.5,27
2023-06-19,-6.14973262032086,-9.0,6
2023-06-19,-2.91479820627803,-9.5,6
2023-06-19,-5.57377049180328,-8.0,18
2023-06-12,-5.18867924528301,-7.5,9
2023-06-12,-2.5830258302583,-2.0,14
2023-06-12,-4.32525951557093,-10.0,11
2023-06-12,5.00736377025037,-7.2,11
2023-06-12,-4.28816466552316,-10.0,25
2023-06-12,-5.078125,-9.0,22
2023-06-12,-7.39750445632798,-4.4,9
2023-06-12,-4.41044104410441,-9.0,17
2023-06-12,-2.74822695035461,-9.5,181
2023-06-12,-2.59259259259259,-2.0,14
2023-06-12,-2.74822695035461,-9.0,105
2023-06-12,-8.00744878957169,-6.5,8
2023-06-12,-3.8781163434903,-7.0,7
2023-06-12,-7.41573033707865,-4.4,9
2023-06-12,-5.18867924528301,-9.0,7
2023-06-12,-6.83994528043776,-4.4,13
2023-06-12,-7.96812749003984,-10.0,12
2023-06-12,-7.41573033707865,-9.0,6
2023-06-12,4.79338842975207,-7.2,89
2023-06-12,-7.96812749003984,-10.0,10
2023-06-12,-3.58744394618835,-9.5,50
2023-06-12,-6.04838709677419,-10.0,9
2023-06-12,-5.01474926253687,-2.0,7
2023-06-12,-2.78113663845224,-5.0,7
2023-06-12,-7.41573033707865,-9.0,6
2023-06-12,-5.66844919786096,-5.0,26
2023-06-05,-10.2091020910209,-9.5,6
2023-06-05,-9.92907801418444,-5.0,12
2023-06-05,-15.4135338345865,-5.0,7
2023-06-05,-2.62784090909091,-9.5,9
2023-06-05,-2.62784090909091,-7.0,25
2023-06-05,-6.3102541630149,-10.0,46
2023-06-05,-5.6140350877193,-10.0,8
2023-06-05,-15.0375939849624,-5.0,10
2023-06-05,-9.47630922693265,-5.0,6
2023-06-05,-9.07029478458053,-5.0,53
2023-06-05,-7.65171503957784,-10.0,7
2023-06-05,-15.4716981132075,-10.0,6
2023-06-05,-7.16019417475728,-9.0,10
2023-06-05,-2.5919228450874,-10.0,6
2023-06-05,-5.22648083623694,-9.5,59
2023-06-05,-9.79262672811059,-5.0,22
2023-06-05,-15.0375939849624,-5.0,10
2023-06-05,-9.07029478458053,-6.5,43
2023-06-05,-8.27586206896552,-5.0,21
2023-06-05,-2.62784090909091,-4.4,6
2023-06-05,-3.71845949535193,-10.0,91
2023-06-05,-4.2654028436019,-7.0,121
2023-06-05,-7.17703349282296,-5.0,11
2023-06-05,-15.0375939849624,-5.0,177
2023-06-05,-7.82778864970646,-5.0,58
2023-06-05,-2.83018867924528,-9.0,18
2023-06-05,-7.22996515679442,-5.0,6
2023-06-05,-3.13479623824452,-10.0,37
2023-06-05,-10.228802153432,-5.0,201
2023-06-05,-15.0375939849624,-5.0,11
2023-06-05,-4.06824146981627,-9.2,10
2023-06-05,-15.0375939849624,-5.0,32
2023-06-05,-15.0375939849624,-10.0,6
2023-06-05,-9.55497382198949,-5.0,16
2023-06-05,-8.79120879120875,-5.0,8
2023-05-29,-5.45454545454546,-2.0,6
2023-05-29,-4.27672955974843,-5.0,7
2023-05-29,-8.0,-5.0,40
2023-05-29,-3.96825396825397,-10.0,119
2023-05-29,-5.50561797752809,-5.0,13
2023-05-29,-4.27672955974843,-4.4,14
2023-05-29,-7.78894472361809,-6.5,6
2023-05-29,-3.78378378378379,-5.0,57
2023-05-29,-11.0236220472441,-6.5,8
2023-05-29,-7.64587525150903,-5.0,12
2023-05-29,-8.0,-6.5,18
2023-05-29,-3.98230088495575,-9.0,30
2023-05-29,-3.33333333333333,-10.0,14
2023-05-29,-2.03488372093023,-5.0,6
2023-05-29,-5.14905149051491,-9.5,22
2023-05-29,-5.45454545454546,-4.0,10
2023-05-29,-2.95857988165681,-10.0,65
2023-05-29,-6.54596100278551,-9.2,17
2023-05-29,-4.82656826568266,-7.0,32
2023-05-29,-7.78894472361809,-9.0,10
2023-05-29,-7.64587525150903,-9.5,8
2023-05-29,-7.78894472361809,-6.5,12
2023-05-29,-5.62575210589651,-8.0,57
2023-05-22,-7.30769230769231,-5.0,18
2023-05-22,-6.20525059665871,-5.0,6
2023-05-22,-4.1860465116279,-5.0,28
2023-05-22,-5.29953917050692,-5.0,6
2023-05-22,-4.24710424710424,-10.0,170
2023-05-22,-5.03663003663004,-5.0,10
2023-05-22,-5.85305105853051,-10.0,6
2023-05-22,-3.10765815760266,-9.5,8
2023-05-22,-5.29953917050692,-5.0,8
2023-05-22,-6.36363636363636,-5.0,19
2023-05-22,-6.66666666666667,-6.5,10
2023-05-22,-4.23728813559322,-5.0,17
2023-05-22,-3.45744680851064,-10.0,7
2023-05-22,-6.66666666666667,-5.0,12
2023-05-22,-5.85305105853051,-9.5,11
2023-05-22,-3.59712230215827,-10.0,91
2023-05-22,-4.33070866141732,-5.0,11
2023-05-22,-7.18562874251497,-6.5,30
2023-05-22,-5.07399577167019,-9.0,16
2023-05-22,-3.65853658536585,-6.5,132
2023-05-22,-5.99622285174693,-4.0,22
2023-05-22,-7.6,-5.0,7
2023-05-15,-3.67383512544803,-10.0,29
2023-05-15,-5.00610500610501,-9.5,7
2023-05-15,-7.18654434250764,-5.0,10
2023-05-15,-2.6378896882494,-5.0,6
2023-05-15,-6.63580246913581,-10.0,33
2023-05-15,-6.46900269541779,-5.0,10
2023-05-15,-8.81542699724521,-4.0,16
2023-05-15,-4.04624277456647,-10.0,18
2023-05-15,-8.88077858880781,-9.0,6
2023-05-15,-3.67383512544803,-10.0,98
2023-05-15,-5.4093567251462,-10.0,65
2023-05-15,-6.83870967741936,-5.0,6
2023-05-15,-2.95420974889217,-5.0,13
2023-05-15,-8.67052023121387,-5.0,10
2023-05-15,-4.30622009569378,-8.0,6
2023-05-15,-7.72946859903381,-9.0,13
2023-05-15,-4.60992907801418,-10.0,135
2023-05-15,-8.81542699724521,-4.0,14
2023-05-15,-7.85169029443839,-4.0,6
2023-05-15,-7.25244072524407,-5.0,183
2023-05-15,-10.7758620689655,-10.0,9
2023-05-15,-9.16905444126071,-10.0,9
2023-05-15,-8.81542699724521,-4.0,73
2023-05-15,-8.26727066817667,-4.0,93
2023-05-15,-2.51428571428572,-10.0,19
2023-05-15,-5.8659217877095,-9.5,18
2023-05-15,-5.84415584415585,-9.5,22
2023-05-08,-3.7122969837587,-5.0,7
2023-05-08,-8.42490842490843,-7.0,14
2023-05-08,-5.56818181818182,-9.2,39
2023-05-08,-2.02702702702703,-4.0,21
2023-05-08,-2.81910728269382,-10.0,6
2023-05-08,-2.18068535825545,-4.0,7
2023-05-08,-4.09663865546218,-5.0,21
2023-05-08,-7.88091068301226,-9.0,117
2023-05-08,-7.71113831089351,-4.0,26
2023-05-08,-3.01057770545159,-10.0,6
2023-05-08,-4.91071428571429,-10.0,26
2023-05-08,-4.13793103448276,-9.2,144
2023-05-08,-5.39956803455724,-10.0,6
2023-05-08,-0.56022408963585,-5.0,24
2023-05-08,-6.76202860858258,-5.0,6
2023-05-08,-5.81395348837209,-10.0,11
2023-05-08,-6.46067415730337,-10.0,6
2023-05-08,-8.83905013192612,-2.0,56
2023-05-08,-6.06617647058824,-10.0,7
2023-05-08,-7.5134168157424,-5.0,14
2023-05-08,-4.58839406207827,-5.0,24
2023-05-08,-7.16417910447761,-10.0,28
2023-05-08,-4.97076023391813,-5.8,15
2023-05-08,-4.13793103448276,-10.0,103
2023-05-08,-7.40740740740741,-4.0,24
2023-05-08,-6.01092896174863,-10.0,16
2023-05-08,-4.42359249329759,-6.5,16
2023-05-08,-8.12772133526851,-2.0,7
2023-05-08,-8.14558058925477,-10.0,8
2023-05-08,-4.13793103448276,-6.5,11
2023-05-08,-5.45308740978348,-9.0,9
2023-05-08,-6.76202860858258,-6.5,13
2023-05-08,-5.47147846332945,-9.2,32
2023-05-08,-5.47147846332945,-5.0,11
2023-05-08,-4.42359249329759,-10.0,18
2023-05-08,-2.81910728269382,-10.0,11
2023-05-08,-4.60431654676259,-10.0,227
2023-05-08,-8.83905013192612,-10.0,216
2023-05-08,-4.24710424710425,-10.0,21
2023-05-08,-7.9245283018868,-10.0,24
2023-05-01,-4.93630573248408,-7.2,19
2023-05-01,-5.32959326788218,-9.2,7
2023-05-01,-4.66830466830467,-5.0,52
2023-05-01,1.23839009287926,-2.0,7
2023-05-01,-3.88265746333046,-5.0,7
2023-05-01,-4.0920716112532,-10.0,180
2023-05-01,-4.43995963673057,-5.0,26
2023-05-01,-4.66830466830467,-5.0,13
2023-05-01,-4.38799076212471,-5.0,13
2023-05-01,-6.21301775147929,-7.2,11
2023-05-01,-4.66830466830467,-5.0,6
2023-05-01,-5.04201680672269,-5.0,7
2023-05-01,-2.94599018003273,-10.0,14
2023-05-01,-5.70884871550904,-5.0,26
2023-05-01,3.0808729139923,-2.0,6
2023-05-01,-5.98591549295775,-10.0,140
2023-05-01,-4.38871473354232,-10.0,247
2023-05-01,-4.37810945273631,-5.0,6
2023-05-01,-3.10825294748125,-10.0,12
2023-05-01,-5.32959326788218,-9.2,15
2023-05-01,-4.43101711983887,-5.0,19
2023-05-01,-4.64285714285715,-5.0,17
2023-05-01,-4.18326693227092,-5.0,24
2023-05-01,-4.66830466830467,-5.0,42
2023-05-01,-6.21301775147929,-5.0,7
2023-05-01,-5.32687651331719,-5.0,16
2023-05-01,-6.13333333333333,-9.5,58
2023-05-01,-9.34065934065935,-5.0,9
2023-05-01,-4.55696202531646,-5.0,10
2023-05-01,-3.88265746333046,-5.0,46
2023-04-24,-5.35465924895688,-6.5,7
2023-04-24,-6.20915032679738,-10.0,8
2023-04-24,-7.97918473547268,-9.2,11
2023-04-24,-4.83460559796437,-10.0,75
2023-04-24,-1.68453292496172,-6.5,17
2023-04-24,-5.35465924895688,-8.0,6
2023-04-24,-5.30612244897959,-7.0,18
2023-04-24,-7.69230769230769,-10.0,7
2023-04-24,-4.41001191895113,-10.0,20
2023-04-24,-5.30612244897959,-7.0,18
2023-04-24,-5.30612244897959,-7.0,25
2023-04-24,-5.59006211180124,-10.0,179
2023-04-24,-5.30612244897959,-7.0,23
2023-04-24,-4.53531598513011,-10.0,8
2023-04-24,-5.30612244897959,-5.0,8
2023-04-24,-5.30612244897959,-5.0,6
2023-04-24,-5.83501006036217,-10.0,29
2023-04-24,-3.59820089955023,-10.0,9
2023-04-24,-5.58912386706949,-9.0,18
2023-04-24,-5.30612244897959,-7.0,26
2023-04-24,-4.72049689440994,-10.0,8
2023-04-24,-4.38695163104612,-10.0,14
2023-04-24,-7.09677419354839,-7.2,12
2023-04-24,-4.75594493116396,-10.0,150
2023-04-24,-5.97014925373135,-10.0,8
2023-04-24,-7.01107011070111,-10.0,12
2023-04-24,-1.92869666861484,-10.0,6
2023-04-24,-5.02283105022831,-8.0,40
2023-04-24,-7.01107011070111,-10.0,23
2023-04-24,-5.90361445783132,-6.5,14
2023-04-24,-4.7677261613692,-10.0,6
2023-04-24,-6.46976090014065,-10.0,6
2023-04-24,-4.34782608695653,-10.0,144
2023-04-17,-6.08108108108108,-5.0,20
2023-04-17,-5.33898305084745,-9.5,7
2023-04-17,-7.52186588921283,-10.0,10
2023-04-17,-5.4225352112676,-4.0,13
2023-04-17,-6.45161290322581,-9.2,38
2023-04-17,-5.4225352112676,-5.0,26
2023-04-17,-6.08108108108108,-10.0,20
2023-04-17,-6.91244239631337,-10.0,7
2023-04-17,-4.8,-9.5,84
2023-04-17,-7.14285714285714,-9.0,20
2023-04-17,-5.34591194968553,-9.2,35
2023-04-17,-8.0,-10.0,19
2023-04-17,-6.57142857142857,-10.0,317
2023-04-17,-9.6,-10.0,6
2023-04-17,-6.27802690582959,-10.0,10
2023-04-17,-6.53409090909091,-7.0,32
2023-04-17,-6.81818181818182,-10.0,17
2023-04-17,-6.57142857142857,-10.0,83
2023-04-17,-6.57142857142857,-10.0,196
2023-04-17,-4.52261306532664,-10.0,91
2023-04-17,-5.88235294117647,-4.4,20
2023-04-17,-4.02930402930403,-10.0,6
2023-04-17,-6.53669724770642,-10.0,32
2023-04-17,-6.08108108108108,-10.0,22
2023-04-17,-4.56521739130435,-10.0,60
2023-04-17,-6.60919540229885,-5.0,6
2023-04-17,-6.07476635514019,-10.0,6
2023-04-17,-6.53669724770642,-4.0,11
2023-04-17,-7.26256983240224,-10.0,22
2023-04-17,-6.08108108108108,-10.0,7
2023-04-17,-6.77290836653387,-5.0,10
2023-04-17,-6.57142857142857,-10.0,307
2023-04-17,-6.45161290322581,-10.0,19
2023-04-17,-6.94980694980695,-10.0,6
2023-04-17,-5.3352559480894,-10.0,9
2023-04-17,-5.32544378698224,-7.0,10
2023-04-17,-6.36363636363636,-10.0,69
2023-04-17,-6.60919540229885,-10.0,34
2023-04-17,-5.5045871559633,-7.0,77
2023-04-17,-4.24028268551236,-10.0,56
2023-04-17,-7.67045454545455,-10.0,6
2023-04-17,-6.9204152249135,-10.0,10
2023-04-10,-6.13496932515338,-2.0,12
2023-04-10,-6.70103092783505,-10.0,8
2023-04-10,-5.47945205479452,-10.0,29
2023-04-10,-8.84955752212391,-2.0,24
2023-04-10,-10.1226993865031,-5.0,102
2023-04-10,-4.90430622009569,-10.0,29
2023-04-10,-7.53424657534247,-10.0,18
2023-04-10,-4.80132450331126,-10.0,11
2023-04-10,-6.15384615384615,-10.0,8
2023-04-10,-5.75342465753424,-10.0,7
2023-04-10,-9.23076923076928,-10.0,16
2023-04-10,-6.99300699300699,-10.0,209
2023-04-10,-4.90430622009569,-2.0,10
2023-04-10,-9.33333333333331,-9.0,7
2023-04-10,-7.45762711864407,-10.0,30
2023-04-10,-7.14285714285714,-10.0,200
2023-04-10,-6.23306233062331,-10.0,25
2023-04-10,-6.70391061452513,-10.0,79
2023-04-10,-6.93359375,-10.0,11
2023-04-10,-6.46950092421442,-10.0,8
2023-04-10,-5.61224489795918,-10.0,8
2023-04-10,-8.02069857697286,-10.0,19
2023-04-10,-7.2347266881029,-10.0,10
2023-04-10,-10.1744186046512,-5.0,9
2023-04-10,-8.84955752212391,-4.0,48
2023-04-10,-7.18849840255591,-10.0,9
2023-04-10,-7.0201643017177,-10.0,38
2023-04-10,-7.5197889182058,-10.0,10
2023-04-10,-9.88593155893534,-10.0,52
2023-04-10,-10.0235849056603,-10.0,6
2023-04-10,-4.64135021097046,-10.0,32
2023-04-10,-5.53846153846154,-10.0,6
2023-04-10,-9.23076923076928,-10.0,9
2023-04-10,-7.5197889182058,-10.0,9
2023-04-10,-6.16822429906542,-5.0,115
2023-04-10,-6.11702127659574,-9.0,23
2023-04-10,-5.90717299578059,-7.0,35
2023-04-10,-5.10440835266821,-10.0,6
2023-04-10,-5.94405594405594,-2.0,11
2023-04-10,-6.71140939597316,-2.0,250
2023-04-10,-4.5774647887324,-5.0,10
2023-04-10,-7.48387096774193,-2.0,29
2023-04-10,-11.8863049095608,-10.0,8
2023-04-10,-8.254397834912,-2.0,17
2023-04-10,-9.20398009950249,-9.0,7
2023-04-10,-7.93650793650794,-10.0,20
2023-04-10,-5.47504025764896,-10.0,20
2023-04-10,-8.21727019498604,-5.0,8
2023-04-10,-7.15547703180212,-10.0,20
2023-04-10,-7.10900473933649,-5.0,15
2023-04-10,-8.21727019498604,-2.0,9
2023-04-10,-7.89844851904087,-9.0,21
2023-04-10,-8.05739514348786,-10.0,11
2023-04-10,-6.77083333333333,-10.0,7
2023-04-10,-8.84955752212391,-4.0,55
2023-04-10,-7.70252324037184,-10.0,11
2023-04-10,-8.17174515235453,-10.0,23
2023-04-10,-7.21153846153846,-10.0,63
2023-04-10,-8.84955752212391,-10.0,26
2023-04-10,-8.17174515235453,-10.0,19
2023-04-10,-6.91891891891891,-10.0,24
2023-04-10,-7.45762711864407,-10.0,19
2023-04-10,-6.6079295154185,-10.0,98
2023-04-10,-7.4245939675174,-10.0,12
2023-04-10,-6.91443388072602,-10.0,1307
2023-04-10,-4.53850076491586,-10.0,10
2023-04-10,-7.08446866485014,-10.0,10
2023-04-10,-7.4245939675174,-2.0,22
2023-04-10,-6.12612612612613,-10.0,7
2023-04-10,-7.51104565537552,-10.0,37
2023-04-10,-5.91397849462366,-9.5,100
2023-04-10,-6.26702997275205,-10.0,10
2023-04-10,-5.44794188861985,-10.0,10
2023-04-10,-6.58682634730539,-10.0,25
2023-04-10,-4.5774647887324,-10.0,8
2023-04-03,-7.9646017699115,-10.0,12
2023-04-03,-0.196078431372539,-10.0,10
2023-04-03,-5.29634300126103,-10.0,41
2023-04-03,-0.196078431372539,-10.0,10
2023-04-03,-0.196078431372539,-10.0,38
2023-04-03,-0.19762845849803,-10.0,12
2023-04-03,-7.13775874375446,-9.0,11
2023-04-03,-6.81003584229391,-10.0,6
2023-04-03,-6.52985074626865,-7.0,17
2023-04-03,-9.05109489051095,-9.5,14
2023-04-03,-6.99001426533524,-4.4,11
2023-04-03,-4.7040971168437,-7.0,17
2023-04-03,-5.75079872204473,-10.0,14
2023-04-03,-5.51181102362205,-5.0,13
2023-04-03,-5.30546623794213,-5.0,13
2023-04-03,-5.53691275167785,-9.0,47
2023-04-03,-7.9646017699115,-9.0,9
2023-04-03,-4.99124343257443,-10.0,10
2023-04-03,-5.21114106019767,-10.0,27
2023-04-03,-7.13775874375446,-9.0,21
2023-04-03,-6.45161290322581,-10.0,91
2023-04-03,-6.99001426533524,-9.0,28
2023-04-03,-5.29634300126103,-10.0,150
2023-04-03,-5.29634300126103,-9.2,169
2023-04-03,-6.91994572591587,-10.0,36
2023-03-27,-3.64864864864865,-6.5,6
2023-03-27,-7.60517799352751,-6.5,138
2023-03-27,-4.59837019790454,-7.0,7
2023-03-27,-2.16962524654833,-10.0,9
2023-03-27,-6.1822125813449,-9.0,33
2023-03-27,-5.16385302879841,-10.0,26
2023-03-27,-7.15396578538103,-6.5,18
2023-03-27,-8.21256038647343,-10.0,56
2023-03-27,-6.1822125813449,-10.0,112
2023-03-27,-7.13775874375446,-9.0,40
2023-03-27,-5.74018126888218,-9.0,273
2023-03-27,1.72684458398744,-7.2,8
2023-03-27,-5.37525354969574,-9.2,25
2023-03-27,-7.15396578538103,-6.5,19
2023-03-27,-7.22379603399434,-6.5,6
2023-03-27,-4.7085201793722,-7.2,57
2023-03-27,-8.0168776371308,-5.0,7
2023-03-27,-4.7085201793722,-10.0,10
2023-03-27,-4.67445742904841,-2.0,9
2023-03-27,-7.13775874375446,-5.0,6
2023-03-27,-4.7085201793722,-10.0,46
2023-03-27,-7.22379603399434,-6.5,7
2023-03-27,-5.68421052631579,-9.2,59
2023-03-27,-8.64745011086474,-9.5,18
2023-03-27,-5.01710376282782,-10.0,189
2023-03-27,5.32786885245901,-5.0,6
2023-03-27,-2.31023102310231,-2.0,13
2023-03-27,-4.7085201793722,-5.0,32
2023-03-27,-9.09090909090909,-10.0,10
2023-03-27,-7.54414125200642,-6.5,174
2023-03-27,-4.7085201793722,-10.0,6
2023-03-27,-5.95238095238095,-10.0,43
2023-03-27,-6.41025641025641,-10.0,9
2023-03-27,-4.7085201793722,-10.0,13
2023-03-27,-5.75916230366492,-10.0,6
2023-03-27,-5.74198359433258,-10.0,10
2023-03-27,-5.74198359433258,-10.0,9
2023-03-20,-5.35714285714286,-8.0,8
2023-03-20,-10.7692307692308,-10.0,6
2023-03-20,-3.06372549019608,-10.0,45
2023-03-20,-7.30938878386894,-10.0,8
2023-03-20,-7.30938878386894,-10.0,14
2023-03-20,-4.14507772020725,-5.0,14
2023-03-20,-7.30938878386894,-10.0,7
2023-03-20,-4.14507772020725,-10.0,7
2023-03-20,-5.4641211323239,-4.0,6
2023-03-20,-3.05676855895197,-10.0,14
2023-03-20,-7.30938878386894,-10.0,8
2023-03-20,-7.30938878386894,-10.0,23
2023-03-20,-4.52054794520548,-5.0,109
2023-03-20,-7.30938878386894,-9.0,17
2023-03-20,-4.14507772020725,-10.0,7
2023-03-20,-4.50819672131148,-10.0,57
2023-03-20,-7.30938878386894,-10.0,8
2023-03-20,-4.50819672131148,-10.0,11
2023-03-20,-3.2546786004882,-10.0,109
2023-03-20,-3.2546786004882,-10.0,129
2023-03-20,-7.30938878386894,-7.2,57
2023-03-20,-7.30938878386894,-9.0,9
2023-03-13,-3.91542678151918,-10.0,145
2023-03-13,-10.3030303030303,-6.5,7
2023-03-13,-4.84848484848485,-10.0,9
2023-03-13,-8.17140009965122,-9.5,80
2023-03-13,-5.40540540540541,-4.4,9
2023-03-13,-3.41349883630721,-10.0,7
2023-03-13,-8.00970873786408,-10.0,9
2023-03-13,-2.32394366197183,-5.0,13
2023-03-13,-4.81927710843374,-10.0,23
2023-03-13,-8.20895522388059,-7.2,23
2023-03-13,-3.91542678151918,-10.0,170
2023-03-13,-7.76859504132231,-4.0,9
2023-03-13,-2.50521920668059,-2.0,6
2023-03-06,-7.73006134969325,-9.0,46
2023-03-06,-5.04587155963303,-10.0,38
2023-03-06,-6.57229524772497,-9.0,24
2023-03-06,-3.515625,-6.5,15
2023-03-06,-6.57229524772497,-9.0,6
2023-03-06,-6.30914826498423,-10.0,10
2023-03-06,-6.98985343855694,-2.0,69
2023-03-06,-9.07150480256136,-10.0,6
2023-03-06,-6.99774266365688,-10.0,41
2023-03-06,-5.04587155963303,-10.0,150
2023-03-06,-7.85714285714285,-9.0,8
2023-03-06,-8.92857142857143,-10.0,7
2023-03-06,-7.10194730813287,-9.0,6
2023-03-06,-3.47394540942928,-10.0,83
2023-02-27,-2.39282153539382,-10.0,27
2023-02-27,-5.88859416445623,-10.0,122
2023-02-27,-4.12868632707775,-10.0,31
2023-02-27,-7.69230769230769,-10.0,17
2023-02-27,-4.12868632707775,-9.2,13
2023-02-27,-3.2258064516129,-5.0,9
2023-02-27,-2.39282153539382,-10.0,7
2023-02-27,-2.39282153539382,-10.0,26
2023-02-27,-7.69230769230769,-2.0,19
2023-02-27,-3.38983050847457,-9.5,7
2023-02-27,-4.6001415428167,-5.0,10
2023-02-27,-5.33333333333334,-10.0,7
2023-02-27,-4.58167330677291,-6.5,8
2023-02-27,-6.54952076677317,-10.0,55
2023-02-27,-5.02431118314424,-10.0,75
2023-02-20,-8.25958702064892,-7.0,23
2023-02-20,-9.11764705882351,-2.0,16
2023-02-20,-4.59837019790454,-5.0,21
2023-02-20,-9.38416422287386,-2.0,7
2023-02-20,-4.7040971168437,-10.0,15
2023-02-20,-7.95228628230616,-5.0,14
2023-02-20,-4.61062693280855,-7.2,35
2023-02-20,-5.6,-10.0,9
2023-02-20,-4.83091787439614,-10.0,75
2023-02-20,-7.42049469964665,-9.0,22
2023-02-20,-8.33333333333332,-7.0,10
2023-02-20,-4.44225074037512,-10.0,102
2023-02-20,-4.44225074037512,-10.0,138
2023-02-20,-9.38416422287386,-5.0,14
2023-02-13,-6.37065637065637,-9.2,13
2023-02-13,-2.9296875,-9.2,19
2023-02-13,-2.36220472440945,-10.0,6
2023-02-13,-4.25531914893617,-10.0,63
2023-02-13,-2.3121387283237,-10.0,6
2023-02-13,-6.60592255125285,-10.0,16
2023-02-13,-1.9723865877712,-10.0,39
2023-02-13,-2.83159463487333,-9.5,120
2023-02-13,-2.36220472440945,-10.0,21
2023-02-13,-1.97628458498024,-10.0,6
2023-02-13,-8.45070422535211,-10.0,10
2023-02-13,-10.6122448979592,-10.0,8
2023-02-13,-2.37868696479543,-6.5,96
2023-02-13,-1.95694716242662,-10.0,10
2023-02-13,-11.7391304347826,-10.0,11
2023-02-13,-2.30769230769231,-10.0,6
2023-02-13,-2.1978021978022,-10.0,6
2023-02-06,-3.886925795053,-10.0,23
2023-02-06,-3.98613518197574,-5.0,6
2023-02-06,-2.36220472440945,-5.0,15
2023-02-06,-4.29447852760736,-10.0,158
2023-02-06,-6.15384615384615,-5.0,37
2023-02-06,-3.98613518197574,-5.0,7
2023-02-06,-3.50877192982456,-5.0,22
2023-02-06,-2.27272727272728,-5.0,7
2023-02-06,-3.886925795053,-10.0,8
2023-02-06,-3.84615384615384,-5.0,21
2023-02-06,-7.17131474103585,-10.0,9
2023-02-06,-2.50272034820457,-10.0,113
2023-02-06,-4.29447852760736,-10.0,74
2023-01-30,-4.45609436435125,-6.5,23
2023-01-30,-5.87544065804936,-2.0,6
2023-01-30,-9.04214559386973,-9.2,65
2023-01-30,-5.17503805175038,-5.0,16
2023-01-30,-6.29274965800274,-5.0,6
2023-01-30,-6.5989847715736,-10.0,9
2023-01-30,-5.20504731861198,-5.0,11
2023-01-30,-5.67296996662959,-7.2,17
2023-01-30,-6.33713561470215,-6.5,11
2023-01-30,-5.04926108374384,-9.2,146
2023-01-30,-6.20963735717834,-8.0,18
2023-01-30,-6.29067245119306,-5.0,32
2023-01-30,-4.38335809806835,-9.2,19
2023-01-30,-5.8659217877095,-10.0,16
2023-01-30,-2.5,-2.0,10
2023-01-30,-7.45098039215686,-10.0,69
2023-01-30,-6.01684717208182,-6.5,9
2023-01-30,-6.10889774236388,-5.0,157
2023-01-30,-5.17503805175038,-9.0,42
2023-01-30,-6.99708454810496,-9.0,9
2023-01-30,-6.0,-5.0,9
2023-01-30,-6.36363636363637,-7.0,8
2023-01-30,-6.11303344867359,-4.4,13
2023-01-30,-2.57009345794392,-9.0,78
2023-01-30,-6.20963735717834,-6.5,27
2023-01-30,-5.17503805175038,-5.0,52
2023-01-30,-5.08385744234801,-6.5,9
2023-01-30,-5.17503805175038,-2.0,26
2023-01-30,-6.81265206812652,-5.0,47
2023-01-30,-6.45161290322581,-10.0,9
2023-01-30,-6.67556742323098,-5.0,9
2023-01-30,-4.55259026687598,-5.0,15
2023-01-30,-5.52423900789177,-7.2,9
2023-01-30,-2.56,-10.0,6
2023-01-30,-6.34920634920635,-6.5,7
2023-01-30,-6.05577689243028,-9.0,13
2023-01-30,-5.17503805175038,-5.0,51
2023-01-30,-3.86473429951691,-6.5,6
2023-01-30,-9.37042459736454,-5.0,7
2023-01-30,-3.01089045483664,-6.5,6
2023-01-30,-2.5,-5.0,7
2023-01-30,-6.26702997275204,-5.0,61
2023-01-30,-2.5,-5.0,12
2023-01-30,-6.37019230769231,-7.0,16
2023-01-30,-6.41025641025641,-7.0,8
2023-01-30,0.62456627342123,-4.0,6
2023-01-23,-3.94289598912304,-10.0,6
2023-01-23,-2.76898734177215,-9.0,90
2023-01-23,-3.94289598912304,-9.0,11
2023-01-23,-3.82741823242868,-10.0,6
2023-01-23,-6.73575129533678,-10.0,20
2023-01-23,-5.58375634517767,-10.0,44
2023-01-23,-3.82741823242868,-10.0,6
2023-01-23,-3.57634112792297,-10.0,34
2023-01-23,-3.50515463917525,-10.0,9
2023-01-23,-8.1081081081081,-5.0,6
2023-01-23,-2.83505154639175,-10.0,113
2023-01-23,-3.50515463917525,-2.0,7
2023-01-16,-1.53846153846154,-10.0,6
2023-01-16,-5.47169811320755,-7.2,30
2023-01-16,-3.81125226860254,-10.0,6
2023-01-16,-3.82165605095541,-9.5,10
2023-01-16,-6.25,-6.5,9
2023-01-16,-4.0,-10.0,215
2023-01-16,-1.53846153846154,-10.0,21
2023-01-16,-5.44464609800363,-9.2,6
2023-01-16,-6.50887573964497,-10.0,16
2023-01-16,-5.35398230088496,-9.0,13
2023-01-16,-3.78912685337727,-10.0,45
2023-01-16,-4.0,-10.0,104
2023-01-16,-4.13223140495867,-10.0,12
2023-01-16,-5.91133004926108,-7.0,6
2023-01-09,-3.91566265060241,-10.0,138
2023-01-09,-6.48379052369077,-9.0,15
2023-01-09,-7.1264367816092,-10.0,12
2023-01-09,-4.59662288930581,-10.0,10
2023-01-09,-3.99480952822319,-10.0,7
2023-01-09,-3.99629114510895,-5.0,45
2023-01-09,-6.48379052369077,-9.2,12
2023-01-09,-5.88235294117647,-5.0,19
2023-01-09,-4.39367311072056,-9.0,14
2023-01-09,-4.56790123456791,-10.0,162
2023-01-09,-6.69761273209549,-9.5,10
2023-01-09,-2.67857142857143,-10.0,58
2023-01-09,-15.979381443299,-5.0,6
2023-01-09,-7.7639751552795,-2.0,7
2023-01-02,-1.35135135135135,-2.0,10
2023-01-02,-1.35135135135135,-2.0,9
2023-01-02,-2.06677265500795,-2.0,8
2023-01-02,-5.21472392638036,-6.5,24
2023-01-02,-2.59146341463415,-6.5,6
2023-01-02,-5.14285714285714,-6.5,7
2023-01-02,-6.77966101694915,-5.0,9
2023-01-02,-5.67375886524822,-9.0,15
2023-01-02,-5.06108202443281,-9.2,68
2023-01-02,-5.21472392638036,-2.0,102
2023-01-02,-1.72413793103448,-2.0,6
2023-01-02,-4.76190476190476,-5.0,36
2023-01-02,-2.54452926208651,-6.5,89
2023-01-02,-5.14285714285714,-6.5,33
2023-01-02,-5.21472392638036,-6.5,34
2023-01-02,-5.21472392638036,-6.5,36
2023-01-02,-4.0,-9.0,127
2023-01-02,-5.21472392638036,-7.2,6
2023-01-02,-5.06108202443281,-8.0,197
2023-01-02,-2.54452926208651,-7.0,46
2023-01-02,-2.63591433278418,-2.0,41
2023-01-02,-4.98220640569395,-5.0,12
2023-01-02,-5.21472392638036,-2.0,21
2023-01-02,-1.35135135135135,-6.5,8
2023-01-02,-2.22222222222222,-5.0,11
2023-01-02,-1.35135135135135,-6.5,6
2023-01-02,-2.82861896838602,-2.0,6
2023-01-02,-5.21472392638036,-6.5,84
2023-01-02,-5.21472392638036,-6.5,6
2023-01-02,-2.55009107468124,-5.0,6
2023-01-02,-4.95049504950495,-7.2,21
2023-01-02,-4.40286186020914,-2.0,6
2023-01-02,-4.34782608695652,-5.0,18
2023-01-02,-5.59006211180124,-7.0,8
2023-01-02,-5.21472392638036,-6.5,107
2022-12-26,-8.9622641509434,-5.0,8
2022-12-26,-7.8207381370826,-5.0,21
2022-12-26,5.36398467432951,-5.0,14
2022-12-26,-6.38606676342525,-2.0,6
2022-12-26,-8.84146341463412,-10.0,52
2022-12-26,-6.86015831134564,-2.0,6
2022-12-26,-9.19540229885061,-10.0,6
2022-12-26,-9.23566878980891,-5.0,11
2022-12-26,-7.69230769230768,-5.0,11
2022-12-26,-8.84146341463412,-10.0,29
2022-12-26,-10.655737704918,-5.0,6
2022-12-26,-5.50688360450564,-10.0,21
2022-12-26,-8.29346092503988,-5.0,30
2022-12-26,-7.69230769230772,-10.0,10
2022-12-26,-7.06214689265537,-5.0,48
2022-12-26,-9.16030534351143,-10.0,6
2022-12-26,-4.32766615146831,-6.5,89
2022-12-26,-6.51890482398957,-5.0,82
2022-12-26,-7.87545787545788,-10.0,15
2022-12-26,-2.6448362720403,-6.5,80
2022-12-26,-7.01001430615164,-5.0,10
2022-12-26,-6.30323679727428,-5.0,80
2022-12-26,-7.3134328358209,-2.0,6
2022-12-26,-8.84146341463412,-5.0,9
2022-12-26,-8.81801125703568,-10.0,102
2022-12-26,-6.22406639004149,-5.0,6
2022-12-26,-9.23566878980891,-5.0,27
2022-12-26,-8.95196506550214,-10.0,26
2022-12-26,-7.49999999999997,-5.0,9
2022-12-26,-6.92307692307692,-5.0,9
2022-12-26,2.87769784172662,-4.0,49
2022-12-26,-9.21052631578947,-10.0,20
2022-12-26,-8.84146341463412,-5.0,44
2022-12-26,-8.84146341463412,-5.0,17
2022-12-26,-7.3134328358209,-2.0,6
2022-12-26,-7.87545787545788,-5.0,21
2022-12-26,-4.8235294117647,-5.0,32
2022-12-26,-10.9223300970874,-6.5,12
2022-12-26,-10.3658536585366,-10.0,15
2022-12-26,-9.87261146496813,-10.0,6
2022-12-26,-7.66423357664231,-5.0,14
2022-12-26,-6.95187165775401,-5.0,26
2022-12-26,-8.84146341463412,-10.0,122
2022-12-26,-7.76439089692103,-5.0,20
2022-12-26,-4.32766615146831,-5.0,48
2022-12-26,-9.99999999999996,-10.0,6
2022-12-26,-8.35654596100279,-10.0,16
2022-12-26,-11.3756613756614,-6.5,6
2022-12-26,-10.9223300970874,-5.0,8
2022-12-26,-7.51173708920188,-5.0,9
2022-12-26,-8.3969465648855,-5.0,11
2022-12-26,-6.86015831134564,-2.0,6
2022-12-26,-8.15347721822545,-8.0,9
2022-12-26,-6.31768953068592,-2.0,6
2022-12-26,-8.84146341463412,-10.0,6
2022-12-26,-5.84415584415585,-5.0,8
2022-12-19,-7.52688172043011,-5.0,45
2022-12-19,-6.84039087947883,-2.0,19
2022-12-19,-9.14893617021276,-5.0,29
2022-12-19,-4.7486033519553,-5.0,20
2022-12-19,-6.84039087947883,-7.0,17
2022-12-19,-4.56769983686786,-9.0,10
2022-12-19,-7.98722044728434,-5.0,6
2022-12-19,-11.5511551155116,-10.0,6
2022-12-19,-6.84039087947883,-7.0,8
2022-12-19,-5.06329113924051,-5.0,63
2022-12-19,-6.84039087947883,-2.0,7
2022-12-19,-7.99999999999998,-10.0,6
2022-12-19,-2.75319567354966,-9.2,136
2022-12-19,-5.37084398976982,-5.0,7
2022-12-19,-2.70935960591133,-10.0,98
2022-12-19,-3.79746835443038,-10.0,8
2022-12-19,-9.16666666666666,-5.0,11
2022-12-19,-4.79041916167665,-5.0,8
2022-12-19,-4.79041916167665,-5.0,28
2022-12-19,-4.00943396226415,-10.0,59
2022-12-19,-6.10079575596817,-5.0,6
2022-12-19,-2.94985250737463,-2.0,6
2022-12-12,-3.95721925133689,-4.0,14
2022-12-12,-6.41399416909621,-5.0,26
2022-12-12,-4.42374854481956,-10.0,11
2022-12-12,-7.64872521246459,-5.0,35
2022-12-12,-3.58974358974359,-9.0,90
2022-12-12,-3.86029411764706,-10.0,243
2022-12-12,-3.95721925133689,-4.0,7
2022-12-12,-3.31125827814569,-10.0,6
2022-12-12,-4.8780487804878,-9.0,8
2022-12-12,2.05479452054795,-10.0,7
2022-12-12,-3.31125827814569,-7.0,13
2022-12-12,-3.49344978165939,-10.0,131
2022-12-05,-3.10288513881328,-4.0,6
2022-12-05,-7.12468193384224,-8.0,34
2022-12-05,-9.75609756097564,-10.0,87
2022-12-05,-7.24789915966386,-5.0,29
2022-12-05,-7.60330578512397,-10.0,12
2022-12-05,-12.7962085308057,-5.0,28
2022-12-05,-3.08608554412561,-4.0,8
2022-12-05,-3.11816192560175,-5.0,55
2022-12-05,-3.11475409836065,-4.0,8
2022-12-05,-12.7962085308057,-5.0,11
2022-12-05,-6.18729096989966,-5.0,22
2022-12-05,-12.7962085308057,-5.0,7
2022-12-05,-7.25274725274725,-5.0,10
2022-12-05,-7.44416873449132,-5.0,57
2022-12-05,-7.44416873449132,-9.0,17
2022-12-05,-7.24789915966386,-7.0,15
2022-12-05,-5.29801324503312,-5.0,13
2022-12-05,-3.98351648351648,-9.5,125
2022-12-05,-4.46650124069479,-9.5,215
2022-11-28,-8.53080568720379,-5.0,16
2022-11-28,-4.14201183431953,-9.0,26
2022-11-28,-8.63787375415283,-5.0,13
2022-11-28,-3.31491712707182,-2.0,6
2022-11-28,-4.24311926605504,-5.0,15
2022-11-28,0.0,-5.0,12
2022-11-28,-8.63787375415283,-5.0,7
2022-11-28,-2.31023102310231,-7.0,20
2022-11-28,-10.0732600732601,-5.0,6
2022-11-28,-8.59309182813817,-5.0,7
2022-11-28,-8.63787375415283,-5.0,9
2022-11-28,-8.63787375415283,-5.0,33
2022-11-28,-3.09372156505915,-9.0,98
2022-11-28,-8.84955752212389,-5.0,11
2022-11-28,-1.3953488372093,-7.0,10
2022-11-28,-4.14201183431953,-9.0,146
2022-11-28,-11.9266055045871,-2.0,8
2022-11-28,-8.3203732503888,-5.0,53
2022-11-28,-9.95145631067963,-5.0,9
2022-11-28,-8.63787375415283,-5.0,12
2022-11-28,0.0,-5.0,6
2022-11-28,-8.09859154929578,-5.0,6
2022-11-28,-4.14201183431953,-9.0,65
2022-11-21,-3.25814536340852,-4.0,7
2022-11-21,-3.11557788944723,-9.0,10
2022-11-21,-6.31229235880399,-5.0,10
2022-11-21,-3.55329949238578,-10.0,212
2022-11-21,-6.22406639004149,-5.0,13
2022-11-21,-3.25,-4.0,13
2022-11-21,-6.28099173553719,-5.0,29
2022-11-21,-6.30252100840336,-5.0,41
2022-11-21,-3.55329949238578,-10.0,73
2022-11-21,-6.0882800608828,-5.0,7
2022-11-21,-3.84615384615385,-9.0,13
2022-11-21,-6.0882800608828,-5.0,9
2022-11-21,-3.3809166040571,-10.0,190
2022-11-21,-6.23973727422004,-5.0,10
2022-11-21,-6.0882800608828,-5.0,31
2022-11-21,-6.0882800608828,-5.0,6
2022-11-21,-6.4516129032258,-9.2,41
2022-11-21,-3.25814536340852,-4.0,15
2022-11-21,-3.79746835443038,-5.0,6
2022-11-21,-6.30252100840336,-9.0,25
2022-11-14,-4.32960893854749,-5.0,6
2022-11-14,-4.02384500745157,-10.0,147
2022-11-14,-6.98224852071005,-5.0,26
2022-11-14,-3.68098159509203,-4.4,11
2022-11-14,-3.48101265822785,-5.0,10
2022-11-14,-4.77386934673367,-5.0,11
2022-11-14,-6.84736091298146,-2.0,115
2022-11-14,-6.84736091298146,-5.0,71
2022-11-14,-4.9645390070922,-8.0,9
2022-11-14,-7.04225352112676,-5.0,8
2022-11-14,-3.37209302325581,-5.0,6
2022-11-14,-4.53333333333334,-10.0,245
2022-11-14,-7.69230769230769,-5.0,8
2022-11-14,-6.82556879739978,-4.0,98
2022-11-14,-1.38888888888889,-5.0,10
2022-11-14,-6.91244239631336,-10.0,61
2022-11-14,-6.98224852071005,-5.0,32
2022-11-14,-6.17529880478088,-5.0,8
2022-11-14,-6.23556581986143,-5.0,11
2022-11-14,-4.9645390070922,-5.0,9
2022-11-14,-6.84736091298146,-5.0,483
2022-11-14,-6.17529880478088,-5.0,10
2022-11-14,-7.16253443526171,-5.0,6
2022-11-14,-6.98224852071005,-4.0,6
2022-11-14,-5.86370839936609,-5.0,14
2022-11-14,-6.82556879739978,-2.0,6
2022-11-14,-4.84429065743944,-5.0,12
2022-11-14,-6.98224852071005,-4.0,32
2022-11-14,-6.9364161849711,-5.0,15
2022-11-14,-6.54885654885655,-5.0,102
2022-11-14,-6.84736091298146,-2.0,231
2022-11-14,-7.32758620689655,-5.0,8
2022-11-14,-7.94117647058824,-5.0,76
2022-11-14,-7.17592592592593,-10.0,6
2022-11-14,-3.8971807628524,-9.0,9
2022-11-14,-5.03246753246754,-5.0,16
2022-11-14,-4.20560747663551,-5.0,12
2022-11-14,-7.00934579439253,-5.0,9
2022-11-14,-7.04225352112676,-5.0,12
2022-11-14,-4.79452054794521,-5.0,9
2022-11-14,-6.91244239631336,-5.0,422
2022-11-14,-6.59670164917542,-10.0,109
2022-11-14,-5.93220338983051,-5.0,24
2022-11-14,-6.98224852071005,-4.0,12
2022-11-14,-4.95495495495496,-5.0,81
2022-11-14,-6.84736091298146,-5.0,238
2022-11-07,-4.61121157323689,-10.0,8
2022-11-07,-5.79945799457995,-10.0,36
2022-11-07,-6.32911392405064,-8.0,19
2022-11-07,-6.32911392405064,-8.0,7
2022-11-07,-4.61121157323689,-10.0,7
2022-11-07,-5.54254488680718,-10.0,79
2022-11-07,-3.38983050847458,-9.2,6
2022-11-07,-6.81818181818182,-9.2,15
2022-11-07,-5.54254488680718,-10.0,169
2022-11-07,-11.9170984455959,-10.0,6
2022-11-07,-5.71584104518236,-10.0,69
2022-11-07,-4.4512663085188,-10.0,110
2022-11-07,-4.87804878048781,-10.0,15
2022-11-07,-6.15942028985507,-6.5,6
2022-11-07,-5.51053484602917,-7.2,13
2022-11-07,-4.61121157323689,-10.0,6
2022-11-07,-4.83383685800605,-10.0,6
2022-11-07,-4.61121157323689,-10.0,7
2022-11-07,-5.71584104518236,-9.0,81
2022-10-31,-7.55873340143003,-5.0,18
2022-10-31,-2.33644859813084,-5.0,7
2022-10-31,-5.76553491351698,-10.0,194
2022-10-31,-5.76553491351698,-10.0,124
2022-10-31,-6.24076809453471,-10.0,24
2022-10-31,-6.23196768609348,-5.0,66
2022-10-31,-6.99865410497981,-5.0,7
2022-10-31,-6.46153846153846,-9.2,27
2022-10-31,-7.8125,-5.0,9
2022-10-31,-4.69690887193898,-10.0,29
2022-10-31,-7.55873340143003,-5.0,16
2022-10-31,-5.10204081632653,-5.0,14
2022-10-31,-6.99865410497981,-5.0,8
2022-10-31,-4.57413249211356,-10.0,132
2022-10-31,-7.55873340143003,-5.0,7
2022-10-31,-7.8125,-5.0,6
2022-10-31,-7.8125,-5.0,16
2022-10-24,-5.08474576271186,-9.0,13
2022-10-24,-5.10769230769231,-10.0,19
2022-10-24,-8.03782505910166,-5.0,7
2022-10-24,-5.10769230769231,-10.0,7
2022-10-24,-3.77358490566037,-7.0,30
2022-10-24,-8.0,-10.0,6
2022-10-24,-6.96378830083565,-10.0,19
2022-10-24,-6.96378830083565,-10.0,12
2022-10-24,-9.14893617021276,-10.0,6
2022-10-24,-4.15309446254072,-10.0,7
2022-10-24,-7.98771121351766,-10.0,28
2022-10-24,-5.10769230769231,-10.0,14
2022-10-24,-4.50254175744372,-9.5,6
2022-10-24,-6.72451193058569,-10.0,11
2022-10-24,-3.68338557993731,-10.0,175
2022-10-24,-5.52799433026223,-10.0,71
2022-10-24,-6.30498533724341,-10.0,8
2022-10-24,-4.65288035450517,-10.0,231
2022-10-17,-5.59299191374663,-10.0,383
2022-10-17,-7.86026200873363,-5.0,34
2022-10-17,-6.56565656565656,-10.0,12
2022-10-17,-4.53752181500873,-10.0,227
2022-10-17,-9.32475884244369,-10.0,7
2022-10-17,-5.59299191374663,-10.0,31
2022-10-17,-5.00500500500501,-5.0,203
2022-10-17,-6.56565656565656,-10.0,12
2022-10-17,-5.10304219823356,-5.0,80
2022-10-17,-10.3286384976526,-5.0,20
2022-10-17,-13.3522727272727,-9.0,11
2022-10-17,-9.18065153010863,-10.0,147
2022-10-17,-5.10304219823356,-10.0,30
2022-10-17,-10.0806451612904,-10.0,6
2022-10-17,-5.00500500500501,-10.0,186
2022-10-17,-7.19298245614035,-5.0,10
2022-10-17,-5.00500500500501,-5.0,91
2022-10-17,-13.3144475920679,-10.0,11
2022-10-17,-5.00500500500501,-10.0,91
2022-10-17,-9.6551724137931,-7.0,29
2022-10-17,-10.0806451612904,-10.0,6
2022-10-17,-8.43989769820972,-2.0,9
2022-10-17,-9.09090909090905,-10.0,8
2022-10-17,-8.58995137763372,-7.0,23
2022-10-17,-5.08474576271186,-6.5,6
2022-10-17,-5.00500500500501,-5.0,93
2022-10-17,-8.43989769820972,-5.0,6
2022-10-17,-13.4770889487871,-10.0,8
2022-10-17,-9.18367346938779,-7.5,14
2022-10-10,-5.77319587628866,-5.0,20
2022-10-10,-11.8577075098815,-10.0,6
2022-10-10,-9.01960784313721,-5.0,38
2022-10-10,-5.72033898305085,-2.0,78
2022-10-10,-7.12530712530712,-5.0,9
2022-10-10,-5.55555555555555,-2.0,9
2022-10-10,-4.51770451770452,-2.0,74
2022-10-10,-7.53676470588235,-5.0,28
2022-10-10,-8.09628008752735,-5.0,11
2022-10-10,-9.97442455242968,-5.0,7
2022-10-10,-9.87654320987651,-5.0,10
2022-10-10,-4.51770451770452,-2.0,18
2022-10-10,-9.81132075471701,-5.0,7
2022-10-10,-5.65045992115637,-5.0,15
2022-10-10,-8.61618798955612,-5.0,14
2022-10-10,-5.6640625,-5.0,8
2022-10-10,-8.86075949367088,-5.0,10
2022-10-10,-5.77319587628866,-5.0,10
2022-10-10,-8.8235294117647,-5.0,8
2022-10-10,-4.85115766262403,-9.0,207
2022-10-10,-8.09628008752735,-10.0,6
2022-10-10,-5.47520661157025,-5.0,119
2022-10-10,-8.55018587360592,-5.0,10
2022-10-10,-5.77319587628866,-5.0,29
2022-10-10,-4.79651162790698,-10.0,143
2022-10-10,-9.81132075471701,-5.0,31
2022-10-10,-9.13461538461539,-5.0,7
2022-10-10,-5.98146588037068,-10.0,84
2022-10-10,-5.73183213920164,-5.0,10
2022-10-10,-5.82010582010582,-2.0,63
2022-10-10,-5.60165975103735,-2.0,11
2022-10-10,-10.6280193236715,-5.0,8
2022-10-10,-9.85626283367555,-5.0,11
2022-10-10,-8.8235294117647,-5.0,7
2022-10-10,-5.17970401691332,-5.0,178
2022-10-10,-4.51770451770452,-5.0,57
2022-10-10,-9.70464135021099,-5.0,13
2022-10-10,-8.59872611464968,-5.0,120
2022-10-10,-4.51770451770452,-5.0,54
2022-10-10,-9.42622950819669,-5.0,23
2022-10-10,-10.6280193236715,-5.0,6
2022-10-10,-5.77319587628866,-5.0,114
2022-10-10,-9.69162995594717,-10.0,22
2022-10-10,-6.77009873060649,-5.0,36
2022-10-10,-5.77319587628866,-5.0,11
2022-10-10,-8.61618798955612,-5.0,12
2022-10-10,-10.1083032490974,-5.0,12
2022-10-03,-7.33399405351834,-5.0,25
2022-10-03,-6.90121786197564,-7.2,11
2022-10-03,-10.4545454545454,-5.0,7
2022-10-03,-9.91735537190079,-5.0,53
2022-10-03,-9.90990990990995,-5.0,15
2022-10-03,-10.4545454545454,-6.5,7
2022-10-03,-6.66666666666666,-5.0,14
2022-10-03,-3.28849028400598,-10.0,128
2022-10-03,-9.91735537190079,-5.0,54
2022-10-03,-7.34463276836158,-2.0,7
2022-10-03,-3.60655737704919,-10.0,17
2022-10-03,-6.5359477124183,-10.0,33
2022-10-03,-10.4545454545454,-5.0,10
2022-10-03,-3.14585319351764,-10.0,25
2022-10-03,-10.4545454545454,-5.0,6
2022-10-03,-11.328125,-6.5,8
2022-10-03,-6.04651162790698,-6.5,10
2022-10-03,-8.16777041942605,-5.0,7
2022-10-03,-10.5263157894737,-5.0,12
2022-10-03,-7.75681341719078,-5.0,7
2022-10-03,-5.89622641509434,-5.0,13
2022-10-03,-10.204081632653,-10.0,7
2022-10-03,-10.4545454545454,-5.0,7
2022-10-03,-10.4545454545454,-5.0,35
2022-10-03,-6.76328502415459,-2.0,34
2022-10-03,-10.4545454545454,-5.0,7
2022-10-03,-9.90990990990995,-5.0,18
2022-10-03,-7.80952380952381,-5.0,43
2022-10-03,-9.79020979020979,-6.5,113
2022-10-03,-4.82625482625483,-9.0,183
2022-10-03,-10.4477611940298,-2.0,20
2022-10-03,-10.4545454545454,-5.0,12
2022-10-03,-5.98290598290599,-4.4,9
2022-10-03,-2.85714285714286,-10.0,20
2022-10-03,-6.39175257731958,-10.0,71
2022-10-03,-10.4545454545454,-5.0,6
2022-10-03,-8.21355236139631,-8.0,7
2022-10-03,-11.6438356164384,-6.5,7
2022-10-03,-9.90990990990995,-5.0,8
2022-10-03,-10.5263157894737,-2.0,13
2022-09-26,-10.062893081761,-5.0,28
2022-09-26,-7.30223123732252,-5.0,114
2022-09-26,-3.46820809248555,-9.2,55
2022-09-26,-3.11890838206628,-10.0,14
2022-09-26,-2.92490118577075,-5.0,12
2022-09-26,-7.94701986754967,-5.0,23
2022-09-26,-6.64451827242525,-7.0,12
2022-09-26,-5.57404326123128,-6.5,6
2022-09-26,-5.56621880998081,-10.0,10
2022-09-26,-5.55555555555555,-5.0,15
2022-09-26,-6.96517412935323,-5.0,6
2022-09-26,-6.69745958429561,-5.0,6
2022-09-26,-5.43259557344065,-5.0,6
2022-09-26,-6.20525059665872,-5.0,16
2022-09-26,-5.99755201958384,-5.0,206
2022-09-26,-5.4380664652568,-5.0,7
2022-09-26,-5.29100529100529,-10.0,7
2022-09-26,-5.62060889929742,-9.2,43
2022-09-26,-6.96517412935323,-5.0,9
2022-09-26,-4.95867768595041,-10.0,7
2022-09-26,-10.1449275362319,-5.0,21
2022-09-26,-5.58930741190765,-2.0,21
2022-09-26,-7.42753623188405,-6.5,23
2022-09-26,-5.0,-10.0,24
2022-09-26,-4.4004400440044,-9.5,7
2022-09-26,-4.83870967741935,-9.5,9
2022-09-26,-3.54251012145749,-10.0,145
2022-09-26,-6.22754491017964,-5.0,18
2022-09-26,-5.0,-9.5,9
2022-09-26,-9.03790087463557,-5.0,85
2022-09-26,-5.69620253164557,-10.0,21
2022-09-26,-10.0418410041841,-6.5,6
2022-09-26,-10.2102102102102,-5.0,7
2022-09-26,-5.99755201958384,-5.0,49
2022-09-26,-5.99755201958384,-5.0,77
2022-09-26,-5.62060889929742,-10.0,15
2022-09-26,-5.55555555555555,-5.0,11
2022-09-26,-3.54251012145749,-10.0,139
2022-09-26,-9.06515580736544,-5.0,27
2022-09-26,-5.98290598290599,-9.2,32
2022-09-26,-10.0418410041841,-10.0,8
2022-09-19,-6.22676579925651,-10.0,19
2022-09-19,-6.3768115942029,-10.0,6
2022-09-19,-6.12939841089671,-10.0,6
2022-09-19,-6.57216494845361,-9.2,7
2022-09-19,-6.05022831050229,-10.0,42
2022-09-19,-6.04332953249715,-10.0,21
2022-09-19,-6.48236415633937,-10.0,13
2022-09-19,-4.38095238095238,-10.0,7
2022-09-19,-6.04332953249715,-10.0,121
2022-09-19,-6.06407322654462,-9.0,35
2022-09-19,-7.10479573712256,-10.0,6
2022-09-19,-5.20833333333334,-10.0,48
2022-09-19,-6.06407322654462,-10.0,35
2022-09-19,-5.65552699228792,-10.0,7
2022-09-19,-6.00907029478458,-10.0,31
2022-09-19,-5.78358208955224,-10.0,12
2022-09-19,-5.69105691056911,-10.0,11
2022-09-19,-7.04225352112676,-10.0,22
2022-09-19,-8.51063829787233,-5.0,43
2022-09-19,-6.87830687830688,-10.0,14
2022-09-19,-3.23343848580441,-10.0,83
2022-09-19,-6.57142857142857,-9.0,13
2022-09-19,-6.3758389261745,-5.0,9
2022-09-19,-5.95882990249188,-7.0,11
2022-09-19,-6.3768115942029,-10.0,8
2022-09-19,-6.25,-10.0,26
2022-09-19,-6.25,-10.0,14
2022-09-19,-2.39752513534416,-10.0,18
2022-09-19,-6.51558073654391,-9.2,11
2022-09-19,-4.65949820788531,-10.0,46
2022-09-19,-6.73076923076923,-2.0,8
2022-09-19,-6.04332953249715,-10.0,223
2022-09-19,-6.06407322654462,-10.0,11
2022-09-19,-9.58605664488015,-10.0,6
2022-09-19,-6.81818181818182,-9.2,23
2022-09-19,-6.14754098360656,-9.2,13
2022-09-19,-7.41758241758242,-9.0,15
2022-09-19,-4.91266375545852,-4.4,6
2022-09-19,-3.23343848580441,-10.0,165
2022-09-19,-6.49651972157773,-10.0,12
2022-09-19,-6.06407322654462,-5.0,15
2022-09-19,-5.73678290213723,-9.2,17
2022-09-19,-5.19480519480519,-10.0,10
2022-09-19,-4.70470470470471,-10.0,26
2022-09-19,-5.93607305936073,-10.0,10
2022-09-19,-6.3768115942029,-10.0,10
2022-09-19,-5.65552699228792,-10.0,17
2022-09-19,-6.05714285714285,-10.0,8
2022-09-19,-5.73678290213723,-10.0,6
2022-09-19,-6.06407322654462,-10.0,8
2022-09-19,-5.06970849176172,-5.0,39
2022-09-19,-2.4904214559387,-4.4,7
2022-09-19,-6.05714285714285,-10.0,138
2022-09-19,-6.2992125984252,-10.0,15
2022-09-19,-7.39357729648992,-5.0,28
2022-09-19,-8.63636363636368,-10.0,8
2022-09-19,-6.06407322654462,-4.4,9
2022-09-19,-6.48236415633937,-10.0,10
2022-09-19,-7.43494423791822,-2.0,15
2022-09-19,-4.70470470470471,-5.0,55
2022-09-19,-4.75880052151238,-10.0,43
2022-09-19,-3.29113924050633,-10.0,13
2022-09-19,-7.69230769230769,-9.2,16
2022-09-19,-6.35593220338983,-9.2,8
2022-09-19,-6.2992125984252,-10.0,12
2022-09-19,-6.3758389261745,-9.2,40
2022-09-19,-5.2219321148825,-5.0,36
2022-09-19,-7.05467372134039,-10.0,31
2022-09-19,-6.99300699300699,-10.0,6
2022-09-12,-2.71132376395535,-9.0,91
2022-09-12,-6.62020905923345,-5.0,6
2022-09-12,-7.08456973293769,-5.0,7
2022-09-12,-5.44871794871795,-5.0,26
2022-09-12,-7.95107033639144,-10.0,6
2022-09-12,-11.0187110187111,-5.0,6
2022-09-12,-4.59770114942529,-10.0,6
2022-09-12,-5.24861878453039,-5.0,17
2022-09-12,-5.44871794871795,-9.0,23
2022-09-12,-2.71132376395535,-5.0,41
2022-09-12,-7.81440781440782,-5.0,13
2022-09-12,-4.42477876106194,-10.0,128
2022-09-12,-5.44871794871795,-5.0,21
2022-09-12,-7.13577799801784,-5.0,6
2022-09-12,-7.08456973293769,-9.0,12
2022-09-12,-7.13577799801784,-9.0,8
2022-09-12,-4.59770114942529,-10.0,7
2022-09-12,-2.47718383311604,-9.0,111
2022-09-12,-2.20125786163522,-5.0,9
2022-09-12,-4.41176470588235,-10.0,20
2022-09-12,-10.0185528756958,-10.0,48
2022-09-12,-2.20125786163522,-4.0,8
2022-09-12,-9.77859778597785,-5.0,6
2022-09-12,-7.98611111111111,-5.0,20
2022-09-12,-7.13577799801784,-7.0,9
2022-09-12,-3.44827586206897,-10.0,6
2022-09-12,-3.44827586206897,-5.0,7
2022-09-12,-7.08456973293769,-6.5,42
2022-09-05,-5.76208178438662,-9.5,11
2022-09-05,-3.42679127725857,-10.0,6
2022-09-05,-2.8263795423957,-5.0,54
2022-09-05,-8.52713178294574,-4.0,8
2022-09-05,-7.47126436781609,-5.0,19
2022-09-05,-1.82926829268292,-10.0,12
2022-09-05,-2.8263795423957,-5.0,28
2022-09-05,-2.8263795423957,-5.0,46
2022-09-05,-7.31707317073171,-5.0,12
2022-09-05,0.07299270072992,-10.0,6
2022-09-05,-5.76208178438662,-5.0,20
2022-09-05,-5.0,-10.0,35
2022-09-05,-4.96894409937888,-10.0,27
2022-09-05,-2.80830280830281,-5.0,11
2022-09-05,-5.0,-10.0,44
2022-09-05,-3.42679127725857,-10.0,6
2022-09-05,-7.92015453960077,-5.0,10
2022-09-05,-5.38461538461538,-5.0,25
2022-08-29,-9.51219512195126,-6.5,8
2022-08-29,-6.82492581602374,-5.0,33
2022-08-29,-7.32758620689653,-5.0,6
2022-08-29,-5.84028605482718,-10.0,48
2022-08-29,-8.05921052631582,-5.0,11
2022-08-29,-4.55235204855843,-2.0,17
2022-08-29,-5.41012216404887,-5.0,7
2022-08-29,-5.91715976331361,-5.0,8
2022-08-29,-6.45161290322578,-5.0,15
2022-08-29,-8.00000000000001,-5.0,10
2022-08-29,-7.56302521008406,-5.0,11
2022-08-29,-8.83392226148412,-5.0,16
2022-08-29,-6.00522193211489,-5.0,8
2022-08-29,-7.22433460076045,-5.0,8
2022-08-29,-5.36332179930795,-5.0,7
2022-08-29,-6.57276995305164,-5.0,80
2022-08-29,-3.91304347826087,-5.0,8
2022-08-29,-6.33036597428289,-5.0,50
2022-08-29,-4.87804878048781,-6.5,15
2022-08-29,-3.34128878281623,-10.0,81
2022-08-29,-9.82905982905983,-6.5,7
2022-08-29,-5.6338028169014,-5.0,9
2022-08-29,-7.53968253968252,-4.0,70
2022-08-29,-4.35356200527704,-9.0,124
2022-08-29,-8.33333333333333,-5.0,41
2022-08-29,-3.72881355932204,-5.0,10
2022-08-29,-6.88259109311737,-5.0,7
2022-08-29,-5.20156046814045,-5.0,8
2022-08-29,-7.3469387755102,-5.0,7
2022-08-29,-7.22433460076045,-10.0,12
2022-08-29,-5.30973451327434,-5.0,28
2022-08-29,-6.25,-5.0,16
2022-08-29,-5.41012216404887,-5.0,6
2022-08-29,-5.91715976331361,-5.0,44
2022-08-29,-9.43396226415092,-5.0,26
2022-08-29,-7.30897009966774,-5.0,24
2022-08-29,-0.76335877862595,-4.0,7
2022-08-29,-6.81818181818179,-5.0,105
2022-08-29,-7.22433460076045,-7.2,6
2022-08-29,-5.19480519480519,-5.0,9
2022-08-29,-4.63096960926194,-5.0,19
2022-08-29,-3.06818181818182,-10.0,42
2022-08-29,-5.84028605482718,-9.0,26
2022-08-29,-5.05902192242833,-5.0,9
2022-08-29,-7.34767025089606,-5.0,6
2022-08-29,-8.05921052631582,-5.0,8
2022-08-29,-7.56302521008406,-5.0,7
2022-08-29,-7.34767025089606,-5.0,20
2022-08-29,-6.03290676416819,-5.0,6
2022-08-29,-8.17307692307695,-10.0,25
2022-08-29,-5.84028605482718,-9.0,6
2022-08-29,-5.46875,-5.0,6
2022-08-29,-5.73394495412844,-5.0,8
2022-08-29,-7.05009276437848,-8.0,19
2022-08-29,-7.28476821192057,-5.0,20
2022-08-29,-6.06585788561525,-5.0,6
2022-08-29,-7.98479087452472,-2.0,29
2022-08-29,-1.24309392265193,-5.0,7
2022-08-29,-8.91472868217055,-4.0,8
2022-08-29,-5.70125427594071,-2.0,6
2022-08-29,-8.05921052631582,-5.0,6
2022-08-29,-8.83392226148412,-6.5,42
2022-08-29,-8.47457627118647,-5.0,6
2022-08-22,-7.73042616451932,-6.5,17
2022-08-22,-4.6875,-5.0,8
2022-08-22,-4.72727272727273,-5.0,7
2022-08-22,-5.55555555555556,-7.2,10
2022-08-22,-7.16332378223496,-5.0,7
2022-08-22,-4.22456920511396,-2.0,7
2022-08-22,-6.40776699029126,-9.0,26
2022-08-22,-3.86740331491713,-10.0,52
2022-08-22,-3.51966873706004,-5.0,21
2022-08-22,-5.8287795992714,-5.0,54
2022-08-22,-3.125,-4.4,11
2022-08-22,-5.62390158172232,-5.0,124
2022-08-22,-3.55987055016181,-5.0,6
2022-08-22,-4.22848664688427,-7.2,10
2022-08-22,-3.8751345532831,-6.5,8
2022-08-22,-5.69948186528498,-9.0,6
2022-08-22,-2.82392026578073,-9.0,6
2022-08-22,-4.88245931283906,-5.0,8
2022-08-22,-3.45489443378119,-5.0,13
2022-08-22,-12.2377622377623,-5.0,7
2022-08-22,-5.0125313283208,-9.2,41
2022-08-22,-4.55764075067024,-7.2,39
2022-08-22,-4.6875,-5.0,22
2022-08-22,-4.67289719626168,-5.0,6
2022-08-22,-3.37078651685393,-5.0,9
2022-08-22,-4.67289719626168,-5.0,18
2022-08-22,-4.76190476190476,-9.0,8
2022-08-22,-3.10077519379845,-5.0,6
2022-08-22,-5.78313253012049,-5.0,31
2022-08-22,-6.40776699029126,-5.0,23
2022-08-22,-12.2377622377623,-5.0,15
2022-08-22,-6.426735218509,-5.0,7
2022-08-22,-4.72727272727273,-5.0,7
2022-08-22,-5.69395017793594,-5.0,8
2022-08-22,-3.86740331491713,-6.5,117
2022-08-15,-2.23642172523962,-6.5,9
2022-08-15,-2.3517382413088,-5.0,65
2022-08-15,-7.00934579439252,-5.0,291
2022-08-15,-8.13397129186603,-5.0,9
2022-08-15,-8.05194805194802,-5.0,54
2022-08-15,-2.23642172523962,-5.0,31
2022-08-15,-6.81003584229391,-5.0,23
2022-08-15,-5.40037243947859,-5.0,11
2022-08-15,-3.82352941176471,-6.5,6
2022-08-15,-3.29218106995884,-6.5,8
2022-08-15,-8.61723446893785,-5.0,10
2022-08-15,-8.03212851405622,-5.0,9
2022-08-15,-3.29218106995884,-6.5,6
2022-08-15,-5.61831153388823,-7.5,15
2022-08-15,-7.67045454545452,-5.0,24
2022-08-15,-8.3815028901734,-5.0,9
2022-08-15,-5.61831153388823,-5.6,19
2022-08-15,-1.6489988221437,-5.0,19
2022-08-15,-5.03703703703704,-5.0,41
2022-08-15,-2.23642172523962,-5.0,140
2022-08-15,-8.13008130081305,-5.0,33
2022-08-15,-6.89170182841069,-5.0,43
2022-08-15,-8.58676207513414,-5.0,11
2022-08-15,-6.22568093385214,-10.0,6
2022-08-15,-8.61723446893785,-5.0,6
2022-08-15,-8.0,-5.0,19
2022-08-15,-7.42049469964662,-4.0,37
2022-08-15,-6.89170182841069,-5.0,11
2022-08-15,-5.58882235528942,-5.0,12
2022-08-15,-2.82157676348547,-9.0,108
2022-08-15,-2.84951024042743,-5.0,96
2022-08-15,-5.68927789934355,-5.0,10
2022-08-15,-6.32411067193676,-9.0,41
2022-08-15,-5.44871794871795,-7.2,11
2022-08-15,-5.42857142857142,-5.0,7
2022-08-15,-2.23642172523962,-5.0,11
2022-08-15,-6.81003584229391,-5.0,13
2022-08-15,-2.23642172523962,-5.0,48
2022-08-15,-6.21761658031088,-5.0,12
2022-08-15,-2.82157676348547,-6.5,11
2022-08-15,-1.48331273176761,-6.5,6
2022-08-15,-10.5670103092784,-5.0,6
2022-08-15,-3.59897172236504,-5.0,38
2022-08-15,-6.21761658031088,-2.0,7
2022-08-15,-6.36363636363636,-7.2,19
2022-08-15,-4.17789757412399,-5.0,8
2022-08-15,-2.82157676348547,-9.2,54
2022-08-15,-6.04229607250756,-5.0,84
2022-08-15,-5.30973451327434,-5.0,22
2022-08-15,-9.14893617021273,-5.0,7
2022-08-15,-2.22929936305732,-8.0,6
2022-08-15,-5.56745182012848,-5.0,9
2022-08-15,-8.32249674902473,-5.0,33
2022-08-15,-8.66035182679292,-5.0,10
2022-08-15,-6.76751592356688,-6.5,39
2022-08-15,-10.0890207715134,-10.0,12
2022-08-15,-7.76470588235294,-5.0,20
2022-08-15,-2.23642172523962,-5.0,12
2022-08-15,-8.66035182679292,-5.0,14
2022-08-15,-9.77917981072553,-5.0,8
2022-08-08,-5.74712643678161,-6.5,9
2022-08-08,-6.06936416184971,-5.0,21
2022-08-08,-5.03580503580504,-6.5,11
2022-08-08,-4.11347517730497,-10.0,71
2022-08-08,-6.06936416184971,-5.0,6
2022-08-08,-6.06936416184971,-2.0,6
2022-08-08,-1.81818181818182,-10.0,6
2022-08-08,-2.3224043715847,-10.0,15
2022-08-08,-5.76368876080692,-5.0,42
2022-08-08,-4.11347517730497,-9.5,51
2022-08-08,-6.76328502415459,-9.0,8
2022-08-08,-5.76368876080692,-5.0,6
2022-08-08,-7.32758620689655,-5.0,13
2022-08-08,-2.3224043715847,-4.0,30
2022-08-08,-6.06936416184971,-5.0,92
2022-08-08,-6.06936416184971,-2.0,82
2022-08-08,-7.92682926829268,-10.0,9
2022-08-08,-6.06936416184971,-2.0,55
2022-08-08,-5.03580503580504,-5.0,36
2022-08-08,-4.11347517730497,-9.0,150
2022-08-08,-6.06936416184971,-2.0,16
2022-08-08,-6.76328502415459,-5.0,18
2022-08-01,-0.11560693641618,-2.0,8
2022-08-01,-3.1055900621118,-5.0,9
2022-08-01,-2.70270270270271,-5.0,14
2022-08-01,-5.03580503580504,-5.0,6
2022-08-01,-5.34171249018067,-6.5,199
2022-08-01,-5.13674197384067,-5.0,43
2022-08-01,-8.16326530612245,-5.0,12
2022-08-01,-7.96019900497512,-7.2,18
2022-08-01,-6.22617534942821,-9.0,24
2022-08-01,-7.88381742738589,-5.0,96
2022-08-01,-5.03580503580504,-7.2,41
2022-08-01,-2.23325062034739,-6.5,8
2022-08-01,-7.37179487179487,-5.0,12
2022-08-01,-3.84615384615385,-5.0,56
2022-08-01,-6.22617534942821,-4.4,9
2022-08-01,-5.03580503580504,-5.0,15
2022-08-01,-6.22617534942821,-4.4,6
2022-08-01,-2.15139442231076,-2.0,13
2022-08-01,-6.22617534942821,-7.2,42
2022-08-01,-6.98412698412698,-2.0,15
2022-08-01,-6.22617534942821,-6.5,6
2022-08-01,-2.15139442231076,-2.0,6
2022-08-01,-7.82608695652174,-6.5,13
2022-08-01,-5.03580503580504,-5.0,6
2022-08-01,-3.34412081984897,-7.0,114
2022-08-01,-7.31707317073172,-2.0,12
2022-08-01,-5.96273291925466,-9.0,25
2022-08-01,-2.15139442231076,-2.0,7
2022-08-01,-5.13674197384067,-5.0,14
2022-08-01,-4.1958041958042,-6.5,32
2022-08-01,-5.03580503580504,-7.2,16
2022-08-01,-2.97324083250743,-5.0,21
2022-08-01,-5.03580503580504,-5.0,31
2022-08-01,-5.03580503580504,-5.0,13
2022-08-01,-7.37179487179487,-5.0,6
2022-08-01,-5.03580503580504,-5.0,28
2022-08-01,-7.63546798029557,-5.0,8
2022-08-01,-8.1896551724138,-5.0,42
2022-08-01,-8.86075949367087,-2.0,7
2022-08-01,-5.03580503580504,-6.5,22
2022-08-01,-6.50887573964497,-6.5,11
2022-08-01,-0.70921985815603,-5.0,9
2022-08-01,-2.97324083250743,-10.0,95
2022-08-01,-3.34412081984897,-10.0,50
2022-08-01,-5.71428571428572,-5.0,8
2022-08-01,-5.27306967984934,-5.0,7
2022-08-01,-5.03580503580504,-5.0,13
2022-08-01,-2.70270270270271,-5.0,10
2022-08-01,-6.58536585365854,-10.0,6
2022-08-01,-5.4421768707483,-10.0,6
2022-07-25,-9.25925925925925,-5.0,20
2022-07-25,-9.07715582450828,-5.0,12
2022-07-25,-6.3891577928364,-2.0,11
2022-07-25,-7.54098360655737,-10.0,8
2022-07-25,-4.34782608695652,-6.5,30
2022-07-25,-5.80448065173116,-5.0,7
2022-07-25,-5.53780617678381,-9.0,236
2022-07-25,-7.35930735930736,-8.0,11
2022-07-25,-6.90112806901128,-10.0,6
2022-07-25,-8.70748299319728,-5.0,7
2022-07-25,-6.27137970353478,-2.0,30
2022-07-25,-11.0,-5.0,8
2022-07-25,-8.06045340050376,-5.0,31
2022-07-25,-6.40279394644936,-5.0,11
2022-07-25,-9.07715582450828,-6.5,11
2022-07-25,-9.66850828729279,-2.0,18
2022-07-25,-5.0,-2.0,7
2022-07-25,-10.648918469218,-5.0,10
2022-07-25,-8.1453634085213,-5.0,28
2022-07-25,-4.58404074702887,-5.0,15
2022-07-25,-7.05765407554672,-5.0,36
2022-07-25,-6.66666666666666,-2.0,6
2022-07-25,-13.3928571428572,-2.0,18
2022-07-25,-9.765625,-5.0,6
2022-07-25,-8.86262924667652,-5.0,44
2022-07-25,-9.472049689441,-5.0,6
2022-07-25,-9.69162995594711,-5.0,13
2022-07-25,-9.765625,-5.0,16
2022-07-25,-7.66666666666667,-2.0,12
2022-07-25,-8.9583333333333,-5.0,586
2022-07-25,-6.3891577928364,-2.0,6
2022-07-25,-7.34463276836158,-5.0,80
2022-07-25,-6.18311533888228,-6.5,41
2022-07-25,-9.65250965250964,-5.0,10
2022-07-25,-9.57746478873242,-4.4,63
2022-07-25,-6.3891577928364,-2.0,7
2022-07-25,-6.99300699300699,-5.0,9
2022-07-25,-9.472049689441,-5.0,26
2022-07-25,-8.52713178294573,-5.0,22
2022-07-25,-8.76944837340879,-4.4,11
2022-07-25,-9.97067448680347,-2.0,9
2022-07-25,-6.66666666666666,-5.0,10
2022-07-25,-8.81934566145093,-5.0,69
2022-07-25,-7.14285714285715,-5.0,7
2022-07-25,-9.9074074074074,-2.0,13
2022-07-25,-10.4575163398692,-5.0,29
2022-07-25,-7.96344647519582,-5.0,38
2022-07-25,-9.71524288107203,-5.0,9
2022-07-25,-7.90067720090298,-10.0,13
2022-07-25,-5.40540540540541,-10.0,13
2022-07-25,-8.34340991535672,-5.0,20
2022-07-25,-4.09836065573771,-5.0,20
2022-07-25,-7.14285714285714,-5.0,12
2022-07-25,-9.27835051546396,-5.0,11
2022-07-25,-8.45921450151062,-8.0,64
2022-07-25,-10.0938967136151,-5.0,12
2022-07-25,-9.04347826086961,-5.0,26
2022-07-25,-10.6813996316759,-10.0,9
2022-07-25,-9.35582822085886,-10.0,60
2022-07-25,-8.08435852372584,-5.0,26
2022-07-25,-9.04347826086961,-10.0,10
2022-07-25,-8.21052631578947,-5.0,13
2022-07-25,-8.7962962962963,-5.0,241
2022-07-25,-9.26935659760084,-5.0,8
2022-07-25,-8.26271186440678,-5.0,106
2022-07-25,-7.74907749077491,-5.0,6
2022-07-25,-8.79396984924624,-5.0,69
2022-07-25,-7.63358778625954,-2.0,10
2022-07-25,-7.23981900452488,-5.0,19
2022-07-25,-7.35930735930736,-5.0,16
2022-07-25,-6.24133148404993,-5.0,18
2022-07-25,-6.90112806901128,-10.0,11
2022-07-25,-9.26935659760084,-5.0,9
2022-07-25,-6.63507109004739,-8.0,14
2022-07-25,-5.67567567567568,-9.0,94
2022-07-25,-9.2219020172911,-4.4,328
2022-07-25,-7.91855203619907,-10.0,13
2022-07-25,-6.55737704918032,-5.0,22
2022-07-25,-8.63683662851201,-5.0,200
2022-07-25,-9.26935659760084,-5.0,18
2022-07-25,-6.63390663390663,-2.0,20
2022-07-25,-5.53459119496856,-10.0,11
2022-07-25,-9.24242424242424,-10.0,8
2022-07-25,-6.60194174757282,-5.0,19
2022-07-25,-8.54271356783919,-6.5,41
2022-07-25,-9.13312693498451,-2.0,10
2022-07-25,-9.765625,-5.0,6
2022-07-25,-9.26935659760084,-5.0,10
2022-07-25,-8.6890243902439,-2.0,19
2022-07-25,-10.625,-5.0,6
2022-07-25,-4.49141347424042,-10.0,6
2022-07-25,-8.81934566145093,-2.0,98
2022-07-25,-9.24242424242424,-5.0,28
2022-07-25,-7.42358078602621,-10.0,10
2022-07-25,-7.88954635108482,-6.5,8
2022-07-25,-4.88038277511962,-9.0,127
2022-07-25,-6.66666666666666,-7.2,8
2022-07-25,-11.8980169971671,-5.0,15
2022-07-25,-8.04878048780488,-4.4,13
2022-07-25,-9.06200317965024,-5.0,8
2022-07-25,-8.5419734904271,-5.0,8
2022-07-25,-9.71524288107203,-2.0,19
2022-07-25,-8.31202046035803,-5.0,12
2022-07-18,-9.23076923076928,-5.0,8
2022-07-18,-5.80152671755725,-10.0,19
2022-07-18,-3.81679389312977,-10.0,143
2022-07-18,-4.61538461538462,-9.0,9
2022-07-18,-7.00636942675159,-10.0,8
2022-07-18,-5.23055746730901,-10.0,28
2022-07-18,-3.11355311355311,-5.0,46
2022-07-18,-11.3861386138614,-5.0,8
2022-07-18,-8.74479476502082,-10.0,6
2022-07-18,-11.3861386138614,-5.0,9
2022-07-18,-4.60339943342776,-9.0,16
2022-07-18,-5.80152671755725,-6.5,58
2022-07-18,-4.53020134228188,-10.0,6
2022-07-18,-4.81727574750831,-10.0,12
2022-07-18,-3.07692307692308,-10.0,141
2022-07-18,-5.80645161290323,-10.0,6
2022-07-18,-4.7244094488189,-10.0,6
2022-07-18,-6.07866507747318,-10.0,41
2022-07-18,-5.80152671755725,-6.5,85
2022-07-18,-3.84615384615385,-10.0,71
2022-07-18,-3.81679389312977,-10.0,12
2022-07-18,-3.81679389312977,-10.0,238
2022-07-18,-3.81679389312977,-9.0,6
2022-07-18,-9.23076923076928,-10.0,8
2022-07-18,-4.63917525773196,-10.0,14
2022-07-18,-5.75692963752665,-6.5,6
2022-07-18,-3.81679389312977,-5.0,169
2022-07-18,-4.61538461538462,-6.5,42
2022-07-18,-6.07866507747318,-8.0,72
2022-07-18,-11.3861386138614,-10.0,6
2022-07-18,-3.7593984962406,-9.0,86
2022-07-11,-5.94059405940594,-7.2,6
2022-07-11,-2.56410256410256,-4.0,8
2022-07-11,-2.49768732654949,-4.0,13
2022-07-11,-3.2258064516129,-8.0,9
2022-07-11,-7.1049840933192,-10.0,29
2022-07-11,-4.11723656664341,-10.0,96
2022-07-11,-3.59223300970874,-10.0,65
2022-07-11,-2.40615976900866,-7.2,18
2022-07-11,-2.29007633587786,-5.0,20
2022-07-11,-2.29007633587786,-5.0,6
2022-07-11,-2.57633587786259,-4.0,22
2022-07-11,-6.04732690622261,-5.0,13
2022-07-11,-4.11723656664341,-10.0,117
2022-07-11,-4.11723656664341,-10.0,8
2022-07-04,-7.1304347826087,-7.2,19
2022-07-04,-3.20699708454811,-10.0,8
2022-07-04,0.27624309392265,-2.0,6
2022-07-04,-5.46875,-10.0,15
2022-07-04,-5.47945205479452,-10.0,16
2022-07-04,-4.71698113207547,-9.2,12
2022-07-04,-7.28476821192053,-4.0,13
2022-07-04,-5.50724637681159,-7.0,13
2022-07-04,-5.50724637681159,-9.0,8
2022-07-04,-1.3840830449827,-10.0,10
2022-07-04,-2.95616717635066,-10.0,59
2022-07-04,-2.95616717635066,-9.0,158
2022-07-04,-1.58415841584159,-5.0,24
2022-07-04,-7.1304347826087,-10.0,17
2022-07-04,-1.57790927021696,-5.0,6
2022-07-04,-2.95616717635066,-10.0,16
2022-07-04,-6.70391061452514,-10.0,7
2022-07-04,-6.68896321070234,-5.0,29
2022-07-04,-6.70391061452514,-5.0,29
2022-07-04,-5.46762589928058,-9.5,14
2022-07-04,-7.28476821192053,-4.0,28
2022-07-04,-3.84615384615385,-10.0,9
2022-07-04,-2.95616717635066,-10.0,126
2022-07-04,-7.22120658135283,-10.0,21
2022-07-04,-6.70391061452514,-5.0,49
2022-06-27,-8.05084745762712,-5.0,35
2022-06-27,-3.47349177330896,-9.5,22
2022-06-27,-5.03194888178913,-5.0,8
2022-06-27,-7.78549507349378,-9.0,48
2022-06-27,-7.01149425287356,-5.0,12
2022-06-27,-9.62566844919783,-5.0,9
2022-06-27,-8.05084745762712,-5.0,9
2022-06-27,-5.92948717948718,-6.5,6
2022-06-27,-8.05084745762712,-5.0,9
2022-06-27,-8.05084745762712,-5.0,41
2022-06-27,-3.47349177330896,-9.0,59
2022-06-27,-3.47349177330896,-9.0,94
2022-06-27,-7.01149425287356,-5.0,11
2022-06-27,-6.73400673400674,-10.0,8
2022-06-27,-8.05084745762712,-5.0,6
2022-06-27,-4.11568409343715,-10.0,75
2022-06-27,-9.62566844919783,-5.0,6
2022-06-27,-7.78549507349378,-10.0,10
2022-06-27,-8.05084745762712,-5.0,8
2022-06-27,-7.78549507349378,-10.0,9
2022-06-27,-7.78549507349378,-5.0,271
2022-06-20,-4.82758620689655,-4.0,14
2022-06-20,-6.49122807017544,-6.5,6
2022-06-20,-1.32743362831859,-9.0,26
2022-06-20,-7.37018425460637,-5.0,11
2022-06-20,-6.48298217179903,-5.0,7
2022-06-20,-7.37018425460637,-5.0,6
2022-06-20,-5.66929133858268,-5.0,11
2022-06-20,-6.48298217179903,-5.0,7
2022-06-20,-4.91132332878582,-5.0,76
2022-06-20,-8.27067669172932,-5.0,12
2022-06-20,-2.17391304347827,-5.0,13
2022-06-20,-7.18562874251497,-5.0,14
2022-06-20,-7.54985754985755,-6.5,9
2022-06-20,-6.14973262032086,-5.0,15
2022-06-20,-4.93827160493827,-5.0,22
2022-06-20,-4.89130434782609,-5.0,8
2022-06-20,-2.77008310249308,-6.5,157
2022-06-20,-7.84313725490193,-5.0,22
2022-06-20,-6.52173913043478,-5.0,16
2022-06-20,-6.51465798045602,-5.0,8
2022-06-20,-7.20720720720721,-5.0,39
2022-06-20,-4.93827160493827,-2.0,11
2022-06-20,-7.2753209700428,-5.0,18
2022-06-20,-9.00621118012424,-5.0,6
2022-06-20,-4.67726847521048,-10.0,8
2022-06-20,-8.33333333333336,-5.0,16
2022-06-20,-8.68544600938969,-5.0,82
2022-06-20,-7.40740740740741,-5.0,10
2022-06-20,-7.12166172106825,-5.0,16
2022-06-20,-5.05992010652463,-7.2,19
2022-06-20,-6.43086816720257,-6.5,8
2022-06-20,-6.51465798045602,-6.5,9
2022-06-20,-7.79896013864819,-5.0,9
2022-06-20,-1.51515151515152,-5.0,19
2022-06-20,-6.28654970760234,-5.0,7
2022-06-20,-4.67726847521048,-6.5,278
2022-06-20,-5.0,-5.0,6
2022-06-20,-2.77008310249308,-7.2,23
2022-06-20,-6.48298217179903,-5.0,7
2022-06-20,-6.08308605341246,-5.0,11
2022-06-20,-4.67726847521048,-5.0,112
2022-06-20,-7.53246753246753,-5.0,13
2022-06-20,-6.90690690690691,-5.0,73
2022-06-20,-7.54985754985755,-5.0,7
2022-06-20,-7.64044943820225,-5.0,7
2022-06-20,-8.33333333333336,-5.0,21
2022-06-20,-6.63900414937759,-4.0,6
2022-06-20,-8.33333333333336,-5.0,9
2022-06-20,-7.439446366782,-5.0,29
2022-06-20,-8.88888888888888,-5.0,18
2022-06-20,-8.88888888888888,-5.0,7
2022-06-20,-7.57575757575757,-5.0,9
2022-06-20,-6.43086816720257,-5.0,15
2022-06-20,-7.05574912891986,-5.0,20
2022-06-20,-7.14285714285715,-5.0,22
2022-06-20,-7.79896013864819,-5.0,10
2022-06-20,-5.96026490066225,-5.0,52
2022-06-20,-6.22950819672131,-5.0,11
2022-06-13,-3.38818973862537,-10.0,167
2022-06-13,-3.38818973862537,-9.2,135
2022-06-13,-3.26086956521739,-5.0,31
2022-06-13,-6.89655172413793,-10.0,6
2022-06-13,-8.96946564885493,-5.0,37
2022-06-13,-3.38818973862537,-10.0,60
2022-06-13,-3.75586854460094,-5.0,6
2022-06-13,-7.41482965931863,-5.0,10
2022-06-13,-2.67558528428094,-5.0,9
2022-06-13,-7.06214689265537,-9.2,11
2022-06-13,-9.10815939278937,-5.0,17
2022-06-13,-10.4575163398693,-10.0,14
2022-06-13,-6.57142857142857,-9.5,7
2022-06-13,-5.44022906227631,-5.0,16
2022-06-06,-8.62470862470862,-5.0,19
2022-06-06,-4.63276836158193,-9.0,23
2022-06-06,-9.09090909090914,-5.0,6
2022-06-06,-3.37922403003755,-7.0,141
2022-06-06,-2.49307479224377,-4.0,8
2022-06-06,-8.49056603773585,-5.0,28
2022-06-06,-4.97512437810945,-5.0,19
2022-06-06,-7.46812386156648,-7.0,14
2022-06-06,-5.71791613722998,-4.0,20
2022-06-06,-5.71791613722998,-5.0,29
2022-06-06,-8.43806104129268,-10.0,8
2022-06-06,-5.64784053156146,-9.0,17
2022-06-06,-3.37922403003755,-6.5,258
2022-06-06,-5.64784053156146,-9.0,8
2022-06-06,-3.37922403003755,-9.0,61
2022-06-06,-5.64784053156146,-6.5,17
2022-06-06,-4.21166306695464,-5.0,31
2022-06-06,-5.64784053156146,-5.0,36
2022-06-06,-9.09090909090914,-2.0,9
2022-06-06,-7.74487471526196,-5.0,6
2022-06-06,-9.09090909090914,-2.0,6
2022-06-06,-9.09090909090914,-5.0,50
2022-06-06,-8.43091334894613,-5.0,9
2022-05-30,-9.38215102974826,-7.0,12
2022-05-30,-9.79020979020976,-5.0,15
2022-05-30,-8.7956698240866,-2.0,13
2022-05-30,-3.90630846366834,-10.0,26
2022-05-30,-7.8125,-10.0,6
2022-05-30,-6.81114551083591,-5.0,19
2022-05-30,-5.34591194968553,-9.2,8
2022-05-30,-8.46681922196796,-5.0,11
2022-05-30,-8.30564784053156,-5.0,8
2022-05-30,-9.03225806451612,-5.0,35
2022-05-30,-5.34591194968553,-5.0,14
2022-05-30,-8.56481481481481,-5.0,14
2022-05-30,-9.90099009900985,-4.0,24
2022-05-30,-4.16666666666667,-2.0,7
2022-05-30,-8.56481481481481,-5.0,8
2022-05-30,-3.90630846366834,-7.0,12
2022-05-30,-8.89679715302491,-7.0,28
2022-05-30,-4.16666666666667,-2.0,14
2022-05-30,-5.05655355954757,-7.0,19
2022-05-30,-2.00471698113207,-5.0,14
2022-05-30,-6.05226960110041,-5.0,7
2022-05-30,-8.48153214774282,-5.0,10
2022-05-30,-3.04302203567681,-9.0,83
2022-05-30,-7.66721044045677,-5.0,9
2022-05-30,-2.94117647058824,-6.5,187
2022-05-30,-6.59025787965617,-5.0,9
2022-05-30,-8.46681922196796,-5.0,36
2022-05-30,-9.38215102974826,-5.0,8
2022-05-30,-4.16666666666667,-10.0,14
2022-05-30,-5.62546262028127,-10.0,6
2022-05-30,-9.03225806451612,-5.0,42
2022-05-30,-9.84528832630101,-4.0,67
2022-05-30,-9.09090909090907,-2.0,169
2022-05-30,-6.95187165775401,-5.0,9
2022-05-30,-9.23076923076923,-5.0,9
2022-05-30,-4.07338308457711,-7.2,41
2022-05-30,-8.35214446952596,-5.0,14
2022-05-30,-7.01492537313433,-5.0,15
2022-05-30,-8.56481481481481,-5.0,7
2022-05-30,-9.23787528868357,-7.0,9
2022-05-30,-3.63636363636363,-5.0,14
2022-05-30,-8.97009966777412,-5.0,12
2022-05-30,-9.89399293286218,-5.0,8
2022-05-30,-9.03225806451612,-7.0,12
2022-05-30,-9.09090909090907,-4.0,416
2022-05-30,-9.2715231788079,-7.0,16
2022-05-30,-9.1139240506329,-6.5,14
2022-05-30,-3.90630846366834,-10.0,9
2022-05-30,-7.61750405186386,-5.0,16
2022-05-30,-9.92907801418437,-2.0,10
2022-05-23,-5.05226480836237,-10.0,17
2022-05-23,-4.83870967741936,-9.2,16
2022-05-23,-4.76190476190476,-10.0,16
2022-05-23,-0.66815144766147,-10.0,19
2022-05-23,-4.91803278688525,-9.2,22
2022-05-23,-4.76190476190476,-10.0,6
2022-05-23,-3.17002881844381,-10.0,13
2022-05-23,-2.9535864978903,-10.0,118
2022-05-23,-8.59106529209622,-10.0,7
2022-05-23,-4.76190476190476,-10.0,9
2022-05-23,-2.9535864978903,-9.0,139
2022-05-23,-4.71698113207548,-5.0,23
2022-05-23,-2.80442804428044,-4.0,6
2022-05-23,-6.05326876513318,-9.0,12
2022-05-23,-2.80442804428044,-5.0,6
2022-05-23,-4.71698113207548,-10.0,7
2022-05-23,-8.55855855855856,-5.0,8
2022-05-23,-4.76190476190476,-10.0,6
2022-05-23,-6.83544303797469,-9.2,18
2022-05-23,-3.57142857142857,-5.0,13
2022-05-23,-2.52941176470588,-9.2,6
2022-05-23,-3.50877192982456,-10.0,74
2022-05-16,-4.08745247148289,-10.0,71
2022-05-16,-3.73563218390805,-5.0,7
2022-05-16,0.59612518628912,-2.0,25
2022-05-16,-5.73770491803279,-9.5,11
2022-05-16,0.57306590257879,-5.0,53
2022-05-16,-2.52897787144363,-9.0,120
2022-05-16,-2.86396181384248,-9.0,193
2022-05-16,-1.22358175750834,-2.0,6
2022-05-09,-7.01754385964912,-5.0,10
2022-05-09,-2.07715133531157,-5.0,14
2022-05-09,-3.18949343339587,-9.5,59
2022-05-09,-5.10204081632653,-10.0,7
2022-05-09,-2.67857142857143,-9.0,111
2022-05-09,-5.6159420289855,-5.0,10
2022-05-09,-2.65848670756646,-9.0,16
2022-05-09,-1.24777183600713,-5.0,10
2022-05-09,0.0,-5.0,16
2022-05-09,1.20967741935484,-10.0,6
2022-05-09,-5.6159420289855,-9.0,15
2022-05-09,-6.89655172413793,-5.0,26
2022-05-09,-6.9164265129683,-10.0,32
2022-05-09,-2.71739130434783,-9.2,148
2022-05-09,1.20967741935484,-5.0,6
2022-05-02,-6.29032258064516,-5.0,25
2022-05-02,-8.57142857142857,-5.0,14
2022-05-02,-6.42504118616145,-5.0,9
2022-05-02,-5.13513513513513,-5.0,16
2022-05-02,-7.14285714285714,-5.0,10
2022-05-02,-2.87929125138428,-9.0,159
2022-05-02,-8.84955752212394,-5.0,18
2022-05-02,-7.71929824561401,-4.0,9
2022-05-02,-3.07692307692308,-4.0,7
2022-05-02,0.0,-2.0,6
2022-05-02,-7.76173285198556,-4.0,6
2022-05-02,-6.41447368421052,-5.0,6
2022-05-02,-6.42504118616145,-2.0,9
2022-05-02,-2.36039147956246,-7.0,9
2022-05-02,-6.74157303370787,-4.0,38
2022-05-02,-7.71929824561401,-4.0,21
2022-05-02,-6.42504118616145,-5.0,88
2022-05-02,-3.96518375241779,-10.0,62
2022-05-02,-1.73913043478261,-5.0,7
2022-05-02,-7.70750988142292,-4.0,7
2022-05-02,-7.71929824561401,-5.0,30
2022-05-02,-7.76173285198556,-4.4,8
2022-05-02,-8.84955752212394,-4.4,27
2022-05-02,-10.4395604395604,-5.0,6
2022-05-02,-7.63358778625955,-4.0,7
2022-05-02,-3.57487922705314,-9.0,115
2022-05-02,-2.87929125138428,-4.0,24
2022-05-02,-5.08670520231214,-4.4,19
2022-04-25,-6.83229813664596,-5.0,55
2022-04-25,-5.98290598290598,-5.0,20
2022-04-25,-7.1815718157182,-4.0,6
2022-04-25,-6.99062233589087,-5.0,17
2022-04-25,-10.05291005291,-5.0,12
2022-04-25,-4.45544554455445,-10.0,6
2022-04-25,-4.41176470588235,-5.0,107
2022-04-25,-10.2189781021898,-5.0,9
2022-04-25,-7.35524256651017,-5.0,7
2022-04-25,-11.8773946360153,-5.0,17
2022-04-25,-6.78210678210678,-5.0,27
2022-04-25,-8.92857142857143,-5.0,9
2022-04-25,-6.6222407330279,-5.0,6
2022-04-25,-5.99647266313933,-5.0,9
2022-04-25,-5.35540408958131,-4.0,638
2022-04-25,-7.53424657534247,-5.0,19
2022-04-25,-7.69230769230764,-5.0,25
2022-04-25,-6.53907496012759,-5.0,229
2022-04-25,-8.62068965517237,-5.0,8
2022-04-25,-8.68544600938965,-5.0,10
2022-04-25,-7.03592814371257,-5.0,7
2022-04-25,-3.87596899224806,-6.5,225
2022-04-25,-7.42049469964664,-5.0,9
2022-04-25,-8.38926174496641,-5.0,6
2022-04-25,-9.55056179775284,-5.0,16
2022-04-25,-6.53907496012759,-4.0,186
2022-04-25,-6.90161527165934,-4.0,35
2022-04-25,-5.60747663551402,-5.0,16
2022-04-25,-7.42705570291778,-5.0,6
2022-04-25,-10.2857142857143,-5.0,18
2022-04-25,-5.38286580742988,-5.0,236
2022-04-25,-9.10891089108912,-5.0,10
2022-04-25,-6.99062233589087,-5.0,12
2022-04-25,-7.11111111111109,-5.0,14
2022-04-25,-5.99415204678363,-5.0,162
2022-04-25,-5.97907324364724,-5.0,65
2022-04-25,-6.99062233589087,-5.0,13
2022-04-25,-7.78947368421049,-5.0,9
2022-04-25,-8.71934604904632,-5.0,8
2022-04-25,-7.63052208835343,-4.0,11
2022-04-25,-7.69230769230769,-5.0,6
2022-04-25,-8.59374999999997,-5.0,26
2022-04-25,-6.17088607594936,-2.0,16
2022-04-25,-8.62068965517237,-5.0,9
2022-04-25,-7.96812749003986,-2.0,11
2022-04-25,1.1070110701107,-10.0,6
2022-04-25,-5.99078341013825,-4.0,10
2022-04-25,-7.11111111111109,-5.0,9
2022-04-25,-7.32142857142857,-5.0,86
2022-04-25,-6.55737704918033,-5.0,21
2022-04-25,-4.41176470588235,-10.0,31
2022-04-25,-6.4516129032258,-5.0,19
2022-04-25,-9.39597315436239,-5.0,11
2022-04-25,-7.11111111111109,-5.0,6
2022-04-25,-13.0208333333333,-5.0,7
2022-04-25,-10.2857142857143,-2.0,9
2022-04-25,-12.0401337792642,-5.0,22
2022-04-25,-8.72340425531915,-5.0,12
2022-04-25,-11.7529880478087,-5.0,19
2022-04-25,-11.7529880478087,-5.0,15
2022-04-25,-6.78210678210678,-5.0,21
2022-04-25,-5.2295918367347,-5.0,6
2022-04-25,-7.04607046070465,-5.0,56
2022-04-25,-7.32984293193717,-4.0,25
2022-04-25,-6.23003194888179,-5.0,17
2022-04-25,-4.87106017191977,-5.0,10
2022-04-25,-7.11974110032363,-5.0,7
2022-04-25,-7.2289156626506,-4.0,40
2022-04-25,-8.56741573033706,-5.0,13
2022-04-25,-6.6222407330279,-5.0,9
2022-04-25,-9.10891089108912,-4.0,8
2022-04-25,-9.07258064516124,-4.0,7
2022-04-25,-6.83229813664596,-5.0,6
2022-04-25,-8.83534136546181,-5.0,62
2022-04-25,-9.4,-5.0,9
2022-04-25,-8.47457627118645,-5.0,7
2022-04-25,-7.92880258899674,-2.0,6
2022-04-25,-2.73037542662116,-4.0,14
2022-04-25,-7.18562874251497,-2.0,7
2022-04-25,-8.31826401446653,-5.0,14
2022-04-25,-6.33914421553091,-5.0,29
2022-04-25,-9.55056179775284,-5.0,6
2022-04-25,-12.4137931034482,-5.0,25
2022-04-25,-3.87596899224806,-9.0,155
2022-04-25,-7.65696784073507,-5.0,10
2022-04-25,-6.95266272189347,-5.0,12
2022-04-25,-12.3249299719888,-5.0,10
2022-04-25,-8.9622641509434,-4.4,12
2022-04-25,-5.85585585585586,-5.0,23
2022-04-25,-6.48625429553264,-2.0,7
2022-04-25,-11.1349036402569,-5.0,6
2022-04-25,-4.54545454545455,-4.0,8
2022-04-18,-3.07692307692308,-7.2,25
2022-04-18,-3.90625,-5.0,9
2022-04-18,-5.52380952380952,-5.0,57
2022-04-18,-6.01503759398496,-10.0,6
2022-04-18,-2.68817204301075,-9.0,10
2022-04-18,-6.01503759398496,-10.0,8
2022-04-18,-3.00751879699248,-5.0,66
2022-04-18,-5.38160469667319,-5.8,11
2022-04-18,-2.68817204301075,-8.0,6
2022-04-18,-3.07692307692308,-5.0,13
2022-04-18,-6.65411173885751,-10.0,13
2022-04-18,-6.01503759398496,-10.0,118
2022-04-18,-5.98705501618123,-6.5,14
2022-04-18,-10.576923076923,-5.0,11
2022-04-18,-2.68817204301075,-5.0,18
2022-04-18,-3.07692307692308,-5.0,12
2022-04-18,-5.20833333333333,-7.2,8
2022-04-18,-5.27456647398844,-5.0,6
2022-04-18,-5.20833333333333,-6.5,6
2022-04-18,-3.01441677588467,-5.0,15
2022-04-18,-3.78787878787878,-5.0,12
2022-04-18,-6.14828209764919,-6.5,12
2022-04-18,-6.01503759398496,-10.0,8
2022-04-18,-6.25,-10.0,8
2022-04-18,-3.01441677588467,-5.0,16
2022-04-18,-2.34375,-5.0,17
2022-04-18,-1.95876288659794,-7.2,9
2022-04-18,-5.34351145038168,-5.0,49
2022-04-18,-7.88804071246819,-7.0,8
2022-04-18,-6.65411173885751,-10.0,6
2022-04-18,-3.07692307692308,-5.0,39
2022-04-18,-6.01503759398496,-10.0,16
2022-04-18,-4.61538461538461,-10.0,6
2022-04-18,-3.07692307692308,-5.0,6
2022-04-18,-3.2683846637335,-10.0,89
2022-04-18,-3.07692307692308,-5.0,216
2022-04-18,-3.2683846637335,-9.0,139
2022-04-18,-3.62318840579711,-10.0,33
2022-04-18,-3.2683846637335,-9.2,29
2022-04-18,-3.07692307692308,-5.0,9
2022-04-18,-3.79310344827586,-10.0,10
2022-04-18,-4.0650406504065,-10.0,9
2022-04-11,-5.12820512820513,-6.5,10
2022-04-11,-4.28863172226004,-10.0,17
2022-04-11,-4.6875,-9.2,19
2022-04-11,-3.39961513790892,-7.0,137
2022-04-11,-1.48809523809523,-4.0,13
2022-04-11,-5.82191780821918,-5.0,20
2022-04-11,-4.28863172226004,-9.0,106
2022-04-11,-4.46428571428571,-5.0,35
2022-04-11,-5.59380378657488,-5.0,12
2022-04-11,-1.3719512195122,-4.0,205
2022-04-11,-5.41195476575122,-4.4,9
2022-04-11,-4.58715596330275,-9.2,6
2022-04-11,-4.28863172226004,-10.0,38
2022-04-11,-4.91803278688525,-5.0,30
2022-04-11,-0.78125,-10.0,9
2022-04-11,-6.50406504065041,-5.0,8
2022-04-11,-5.58899398108341,-9.0,6
2022-04-11,-3.96825396825397,-5.0,7
2022-04-11,-4.52261306532663,-6.5,39
2022-04-11,-1.37825421133232,-2.0,10
2022-04-11,-5.87703435804701,-5.0,11
2022-04-11,-1.34328358208955,-4.0,47
2022-04-11,-7.66283524904214,-10.0,10
2022-04-11,-6.11111111111112,-5.0,8
2022-04-11,-5.57977332170881,-4.4,6
2022-04-11,-5.62180579216354,-9.0,6
2022-04-11,-3.96825396825397,-5.0,121
2022-04-11,-5.82191780821918,-10.0,6
2022-04-11,-5.52721088435374,-9.0,6
2022-04-04,-6.07142857142857,-7.2,12
2022-04-04,-3.28542094455852,-10.0,8
2022-04-04,-6.96517412935324,-5.0,15
2022-04-04,-3.31325301204819,-9.0,234
2022-04-04,-3.28542094455852,-10.0,8
2022-04-04,-6.69014084507042,-5.0,12
2022-04-04,-3.31325301204819,-6.5,103
2022-04-04,-6.81818181818182,-5.0,19
2022-04-04,-3.28542094455852,-10.0,8
2022-04-04,-6.07142857142857,-10.0,6
2022-04-04,-6.23973727422003,-10.0,6
2022-04-04,-4.273919378339,-10.0,14
2022-04-04,-3.63408521303258,-8.0,8
2022-04-04,-3.9647577092511,-5.0,19
2022-04-04,-3.00429184549356,-9.5,10
2022-04-04,-2.82051282051282,-9.2,20
2022-04-04,-3.28542094455852,-10.0,8
2022-04-04,-3.1936127744511,-9.0,140
2022-04-04,-6.07142857142857,-7.5,25
2022-04-04,-6.03015075376884,-10.0,27
2022-04-04,-5.85365853658537,-10.0,122
2022-04-04,-6.96517412935324,-9.0,6
2022-04-04,0.66815144766147,-5.0,9
2022-03-28,-7.01754385964913,-5.0,32
2022-03-28,-6.97084917617237,-5.0,8
2022-03-28,0.80695220360025,-5.0,24
2022-03-28,-7.01754385964913,-5.0,17
2022-03-28,-3.92156862745099,-10.0,99
2022-03-28,-8.09248554913295,-6.5,9
2022-03-28,-8.09248554913295,-5.0,6
2022-03-28,-8.09248554913295,-5.0,6
2022-03-28,-8.09248554913295,-5.0,35
2022-03-28,-9.54063604240283,-5.0,13
2022-03-28,0.79950799507995,-5.0,38
2022-03-28,-3.33680917622523,-2.0,7
2022-03-28,-7.01754385964913,-5.0,6
2022-03-28,-8.09248554913295,-5.0,6
2022-03-28,-8.09248554913295,-5.0,24
2022-03-28,-1.35135135135135,-5.0,11
2022-03-28,-6.46616541353383,-5.0,6
2022-03-28,-6.10687022900763,-5.0,30
2022-03-28,-8.09248554913295,-5.0,6
2022-03-28,-13.265306122449,-10.0,6
2022-03-28,-2.15285252960172,-7.5,24
2022-03-28,-8.09248554913295,-5.0,11
2022-03-28,-10.2112676056338,-5.0,7
2022-03-28,-8.09248554913295,-5.0,6
2022-03-28,-6.46766169154229,-5.0,14
2022-03-28,-8.1081081081081,-9.0,7
2022-03-28,-8.09248554913295,-5.0,19
2022-03-28,-8.09248554913295,-5.0,6
2022-03-28,-8.09248554913295,-5.0,154
2022-03-28,-4.35706695005314,-9.0,165
2022-03-28,-8.09248554913295,-5.0,104
2022-03-28,-8.27943078913325,-2.0,13
2022-03-28,-8.86524822695035,-5.0,12
2022-03-28,-4.36660268714011,-5.0,8
2022-03-28,-7.01754385964913,-5.0,10
2022-03-28,-8.33333333333334,-5.0,14
2022-03-28,-3.14192849404117,-2.0,7
2022-03-28,-7.01754385964913,-5.0,14
2022-03-28,-4.73484848484848,-10.0,77
2022-03-28,-8.09248554913295,-5.0,82
2022-03-21,-5.4421768707483,-8.0,18
2022-03-21,-6.26204238921002,-5.0,257
2022-03-21,-8.70967741935484,-5.0,10
2022-03-21,-4.64135021097046,-4.0,6
2022-03-21,-6.90298507462687,-8.0,6
2022-03-21,-7.76119402985074,-9.0,13
2022-03-21,-3.18066157760814,-6.5,6
2022-03-21,-6.007669365147,-5.0,8
2022-03-21,-6.1525129982669,-9.5,20
2022-03-21,-6.66666666666667,-7.2,6
2022-03-21,-8.55332629355861,-5.0,51
2022-03-21,-7.47252747252747,-5.8,20
2022-03-21,-6.01577909270217,-5.0,6
2022-03-21,-11.4982578397212,-5.0,16
2022-03-21,-8.18181818181818,-6.5,6
2022-03-21,-10.5022831050229,-9.0,7
2022-03-21,-6.8676716917923,-9.0,33
2022-03-21,-3.37186897880539,-9.0,193
2022-03-21,-10.5022831050229,-5.8,9
2022-03-21,-7.84671532846716,-9.0,15
2022-03-21,-6.8676716917923,-7.2,6
2022-03-21,-8.24742268041237,-9.0,299
2022-03-21,-6.1525129982669,-5.0,34
2022-03-21,-8.24742268041237,-2.0,91
2022-03-21,-7.47252747252747,-5.0,15
2022-03-21,-3.18066157760814,-6.5,6
2022-03-21,-3.18066157760814,-6.5,247
2022-03-21,-6.58914728682171,-5.8,61
2022-03-21,-7.47252747252747,-5.0,18
2022-03-21,-6.1525129982669,-5.0,18
2022-03-21,-6.0,-5.0,17
2022-03-21,-4.96054114994363,-5.0,7
2022-03-21,-7.39130434782609,-4.4,7
2022-03-21,-6.007669365147,-5.0,9
2022-03-21,-6.74486803519062,-8.0,9
2022-03-21,-1.53195985208664,-2.0,6
2022-03-21,-5.9204440333025,-5.0,7
2022-03-21,-6.84736091298146,-8.0,13
2022-03-21,-6.703146374829,-7.2,31
2022-03-21,-7.47252747252747,-7.2,20
2022-03-21,-4.15800415800416,-10.0,40
2022-03-21,-6.79405520169852,-6.5,56
2022-03-21,-5.2710843373494,-10.0,47
2022-03-21,-6.57894736842105,-5.0,10
2022-03-21,-6.84736091298146,-5.0,8
2022-03-21,-6.49350649350649,-10.0,8
2022-03-21,-6.18025751072961,-5.0,53
2022-03-21,-8.18181818181818,-6.5,6
2022-03-21,-5.64292321924144,-5.0,33
2022-03-21,-4.15800415800416,-5.0,115
2022-03-21,-7.47252747252747,-4.0,9
2022-03-21,-6.92464358452138,-6.5,19
2022-03-21,-8.5714285714286,-2.0,6
2022-03-21,-6.41330166270784,-4.0,9
2022-03-21,-7.47252747252747,-5.0,6
2022-03-14,-4.53910614525139,-9.0,34
2022-03-14,-3.96551724137931,-5.0,9
2022-03-14,-4.35097897026831,-9.0,264
2022-03-14,-4.53910614525139,-9.0,311
2022-03-14,-11.4219114219115,-10.0,6
2022-03-14,-3.3313143549364,-9.5,20
2022-03-14,-6.23529411764706,-9.0,64
2022-03-14,-4.6865489957395,-10.0,116
2022-03-14,-3.96551724137931,-6.5,18
2022-03-07,-4.74452554744526,-9.0,6
2022-03-07,-1.37931034482759,-10.0,35
2022-03-07,-4.24808836023789,-9.5,111
2022-03-07,-4.75352112676057,-7.0,14
2022-03-07,-1.00755667506297,-5.0,16
2022-03-07,-4.83870967741936,-5.0,6
2022-03-07,-4.17598806860551,-9.0,176
2022-03-07,-4.77223427331887,-10.0,7
2022-03-07,-3.90390390390391,-10.0,65
2022-03-07,-5.04807692307693,-8.0,15
2022-03-07,-5.04807692307693,-5.0,8
2022-03-07,-4.9618320610687,-9.0,15
2022-02-28,-5.64784053156146,-10.0,8
2022-02-28,-4.61538461538462,-2.0,79
2022-02-28,-3.60655737704918,-5.0,18
2022-02-28,-4.6875,-10.0,21
2022-02-28,-13.013698630137,-5.0,6
2022-02-28,-3.88257575757575,-9.0,135
2022-02-28,-5.29634300126104,-5.0,14
2022-02-28,-7.5880758807588,-9.0,7
2022-02-28,-7.37704918032787,-9.0,8
2022-02-28,-4.6875,-10.0,16
2022-02-28,-6.52985074626866,-5.0,61
2022-02-28,-11.7241379310345,-5.0,16
2022-02-28,-4.61538461538462,-2.0,154
2022-02-28,-5.64784053156146,-9.5,17
2022-02-28,-5.66666666666666,-9.0,26
2022-02-28,-3.88257575757575,-9.0,147
2022-02-28,-3.88257575757575,-9.0,54
2022-02-28,-3.93700787401575,-10.0,18
2022-02-28,-3.2,-4.0,12
2022-02-28,-7.37704918032787,-10.0,9
2022-02-28,-3.2,-4.0,10
2022-02-28,-7.37704918032787,-9.0,6
2022-02-28,-3.2,-4.0,10
2022-02-21,-5.77777777777778,-2.0,25
2022-02-21,-4.551201011378,-5.0,85
2022-02-21,-4.20650095602295,-5.0,10
2022-02-21,-5.29634300126104,-9.0,15
2022-02-21,-7.89825970548862,-5.0,8
2022-02-21,-5.31645569620253,-9.2,36
2022-02-21,-8.36363636363637,-9.0,8
2022-02-21,-4.32432432432433,-6.5,102
2022-02-21,-3.72250423011844,-10.0,6
2022-02-21,-1.65128703254007,-6.5,11
2022-02-21,-6.25,-6.5,7
2022-02-21,-3.14814814814815,-4.0,8
2022-02-21,-1.70278637770898,-5.0,12
2022-02-21,-4.55635491606715,-5.0,8
2022-02-21,-0.8891928864569,-7.2,8
2022-02-21,-5.35117056856188,-2.0,6
2022-02-21,-6.9682151589242,-6.5,17
2022-02-21,-4.55635491606715,-5.0,6
2022-02-21,-6.77570093457944,-5.0,6
2022-02-21,-2.05479452054795,-4.0,14
2022-02-21,-4.32432432432433,-6.5,113
2022-02-21,-4.20650095602295,-5.0,9
2022-02-14,-3.84615384615384,-5.0,10
2022-02-14,-7.5,-5.0,10
2022-02-14,-4.32489451476793,-9.0,78
2022-02-14,-8.02919708029199,-5.0,9
2022-02-14,-6.06060606060606,-5.0,31
2022-02-14,-4.00890868596882,-9.0,41
2022-02-14,-4.7008547008547,-9.0,174
2022-02-14,-3.1496062992126,-5.0,6
2022-02-14,-3.79008746355685,-10.0,76
2022-02-14,-3.84615384615384,-10.0,12
2022-02-14,-3.74064837905237,-10.0,135
2022-02-14,-5.79531442663379,-7.2,13
2022-02-14,-6.30630630630631,-10.0,7
2022-02-14,-4.48717948717949,-10.0,6
2022-02-14,-4.6078431372549,-10.0,10
2022-02-14,-5.7649667405765,-7.2,39
2022-02-14,-4.74934036939314,-10.0,15
2022-02-14,-4.6999276934201,-9.2,41
2022-02-14,-5.59638213680046,-7.0,76
2022-02-14,-6.875,-5.0,7
2022-02-14,-5.79531442663379,-9.2,16
2022-02-14,-2.40480961923847,-5.0,7
2022-02-14,-3.54609929078014,-10.0,21
2022-02-14,-5.79531442663379,-9.2,30
2022-02-14,-3.1496062992126,-5.0,8
2022-02-14,-5.72687224669603,-7.2,24
2022-02-14,-4.55696202531645,-8.0,38
2022-02-14,-0.33670033670034,-10.0,13
2022-02-14,-7.42049469964665,-8.0,8
2022-02-07,-3.43580470162749,-8.0,171
2022-02-07,-5.7757644394111,-9.0,11
2022-02-07,-3.92156862745098,-7.2,14
2022-02-07,-5.6393963463066,-7.2,17
2022-02-07,-3.1018206338503,-9.5,290
2022-02-07,-3.54477611940299,-10.0,67
2022-02-07,-5.81473968897904,-9.0,8
2022-02-07,-5.42352224253504,-5.0,7
2022-02-07,-3.06946688206785,-8.0,6
2022-02-07,-2.55102040816327,-10.0,196
2022-02-07,-5.7757644394111,-5.0,14
2022-02-07,-6.57318141980719,-5.0,7
2022-02-07,-5.31914893617021,-6.5,14
2022-02-07,-5.7757644394111,-7.2,19
2022-02-07,-6.57318141980719,-5.0,12
2022-02-07,-5.31914893617021,-7.0,10
2022-02-07,-3.1018206338503,-10.0,84
2022-02-07,-3.83141762452107,-5.0,8
2022-02-07,-4.97017892644135,-5.0,8
2022-02-07,-3.49650349650349,-10.0,27
2022-02-07,-3.00353356890459,-5.0,13
2022-02-07,-2.77296360485269,-5.0,7
2022-02-07,-1.67364016736402,-8.0,260
2022-02-07,-3.48837209302325,-5.0,16
2022-02-07,-5.80224985198342,-9.0,31
2022-02-07,-5.86630286493861,-5.0,19
2022-02-07,-3.48837209302325,-5.0,28
2022-02-07,-5.7757644394111,-9.0,6
2022-02-07,-5.36277602523659,-5.0,16
2022-02-07,-1.67364016736402,-10.0,86
2022-02-07,-3.48837209302325,-5.0,8
2022-01-31,-4.17298937784522,-8.0,243
2022-01-31,-6.26780626780627,-6.5,18
2022-01-31,-8.05369127516774,-5.0,6
2022-01-31,-7.65171503957784,-8.0,10
2022-01-31,-8.38509316770182,-5.0,6
2022-01-31,-5.28386734120293,-5.0,11
2022-01-31,-4.8582995951417,-10.0,6
2022-01-31,-5.09761388286334,-5.0,10
2022-01-31,-7.58807588075881,-9.2,7
2022-01-31,-7.53086419753086,-10.0,29
2022-01-31,-4.17298937784522,-6.5,145
2022-01-31,-4.135737009544,-9.0,8
2022-01-31,-2.29007633587786,-2.0,28
2022-01-31,-6.93950177935943,-5.0,36
2022-01-31,-2.96296296296296,-2.0,28
2022-01-31,-5.52434456928839,-6.5,68
2022-01-31,-7.44416873449132,-2.0,8
2022-01-31,-6.34920634920635,-2.0,10
2022-01-31,-5.60747663551402,-5.0,12
2022-01-31,-7.18015665796345,-5.0,7
2022-01-31,-7.35294117647059,-6.5,29
2022-01-31,-5.56621880998081,-10.0,9
2022-01-31,-3.90879478827361,-6.5,18
2022-01-31,-4.63414634146341,-9.0,7
2022-01-31,-5.28375733855186,-5.8,261
2022-01-31,-8.85245901639344,-5.0,22
2022-01-31,-4.25531914893617,-9.2,8
2022-01-31,-4.01785714285715,-4.4,24
2022-01-31,-5.26315789473684,-8.0,11
2022-01-31,-6.77290836653386,-2.0,7
2022-01-31,-5.28117359413203,-8.0,77
2022-01-31,-3.30357142857143,-5.0,9
2022-01-31,-7.03066566940913,-5.0,42
2022-01-31,-5.11830033800096,-5.0,123
2022-01-31,-7.44336569579288,-5.0,14
2022-01-31,-4.02476780185758,-9.0,7
2022-01-31,-9.8901098901099,-5.0,10
2022-01-31,-8.71080139372825,-4.0,11
2022-01-31,-5.67375886524823,-6.5,13
2022-01-31,-5.17848164906989,-5.8,20
2022-01-31,-7.20188902007084,-5.0,206
2022-01-31,-7.69230769230769,-5.0,11
2022-01-31,-6.10367892976589,-5.0,6
2022-01-31,-6.91358024691358,-2.0,6
2022-01-31,-5.77889447236181,-9.0,6
2022-01-31,-6.20384047267356,-5.0,36
2022-01-31,-6.46900269541779,-2.0,7
2022-01-31,-7.51988430947217,-9.0,17
2022-01-31,-2.56410256410257,-9.0,21
2022-01-31,-3.95256916996048,-4.0,10
2022-01-31,-5.09399636143117,-5.0,29
2022-01-31,-3.05343511450381,-2.0,28
2022-01-31,-7.25190839694657,-5.0,41
2022-01-31,-7.03066566940913,-7.2,16
2022-01-31,-7.41222366710013,-6.5,22
2022-01-31,-6.11570247933884,-5.0,12
2022-01-31,-7.83132530120482,-5.0,7
2022-01-31,-6.22009569377991,-5.0,20
2022-01-31,-7.07732634338139,-5.0,101
2022-01-31,-5.09399636143117,-6.5,8
2022-01-31,-8.78477306002928,-9.5,12
2022-01-31,-4.66623460790667,-9.2,40
2022-01-31,-6.90045248868778,-5.0,8
2022-01-31,-4.09252669039146,-5.0,7
2022-01-31,-9.13242009132418,-10.0,11
2022-01-31,-2.49376558603491,-2.0,6
2022-01-31,-7.53968253968254,-9.0,10
2022-01-31,-3.93120393120393,-5.0,10
2022-01-31,-7.18015665796345,-5.0,17
2022-01-24,-7.76566757493187,-5.0,24
2022-01-24,-4.83193277310924,-4.0,11
2022-01-24,-3.6036036036036,-9.0,13
2022-01-24,-8.18481848184815,-10.0,8
2022-01-24,-8.36940836940837,-5.0,15
2022-01-24,-8.18481848184815,-5.0,10
2022-01-24,-4.93562231759656,-4.0,7
2022-01-24,-8.41983852364475,-7.0,35
2022-01-24,-6.58174097664543,-10.0,6
2022-01-24,0.22779043280182,-6.5,308
2022-01-24,-5.94679186228482,-7.0,20
2022-01-24,-4.49438202247191,-5.0,12
2022-01-24,-5.63079116179615,-6.5,8
2022-01-24,-4.94623655913979,-5.0,12
2022-01-24,-10.1049868766405,-5.0,6
2022-01-24,-5.11482254697286,-5.0,27
2022-01-24,-5.48885077186963,-9.0,11
2022-01-24,-1.88457008244995,-7.2,9
2022-01-24,-5.76923076923077,-4.4,11
2022-01-24,-8.52503382949932,-10.0,9
2022-01-24,-8.49825378346915,-6.5,21
2022-01-24,-8.78048780487805,-7.0,16
2022-01-24,-7.68175582990398,-6.5,59
2022-01-24,-8.52503382949932,-5.0,9
2022-01-24,-5.07662835249042,-5.0,6
2022-01-24,-4.73498233215548,-9.5,9
2022-01-24,-4.73498233215548,-9.5,11
2022-01-24,-8.23970037453183,-5.0,15
2022-01-24,0.22779043280182,-10.0,157
2022-01-24,-6.58174097664543,-10.0,14
2022-01-24,-4.94296577946768,-9.0,180
2022-01-24,-5.0483351235231,-6.5,9
2022-01-24,-5.0483351235231,-5.0,8
2022-01-24,-6.43153526970954,-5.0,19
2022-01-24,-5.76923076923077,-5.0,27
2022-01-24,-4.83193277310924,-4.0,6
2022-01-24,-4.94623655913979,-4.0,9
2022-01-24,-4.94296577946768,-10.0,93
2022-01-24,-5.52434456928839,-5.0,55
2022-01-24,-5.22803114571746,-6.5,7
2022-01-24,-5.1255230125523,-4.0,7
2022-01-24,-8.36940836940837,-5.0,20
2022-01-24,0.22779043280182,-10.0,142
2022-01-24,-8.36940836940837,-9.0,15
2022-01-24,-8.52503382949932,-10.0,8
2022-01-17,-10.7871720116618,-5.0,6
2022-01-17,-5.68181818181818,-5.0,8
2022-01-17,-3.98981324278438,-4.4,8
2022-01-17,-10.6753812636166,-10.0,8
2022-01-17,-4.76190476190476,-9.0,36
2022-01-17,-10.3529411764706,-10.0,6
2022-01-17,-3.36862367661212,-9.0,34
2022-01-17,-10.3250478011472,-7.0,22
2022-01-17,-10.0877192982457,-5.0,12
2022-01-17,-4.49438202247191,-2.0,44
2022-01-17,-5.68181818181818,-5.0,35
2022-01-17,-4.375,-9.0,171
2022-01-17,-3.98981324278438,-5.0,6
2022-01-17,-10.2661596958175,-5.0,32
2022-01-17,-5.68181818181818,-5.0,17
2022-01-17,-9.34844192634561,-5.0,6
2022-01-17,-7.75623268698061,-10.0,6
2022-01-17,-4.45969125214408,-2.0,76
2022-01-17,-8.59598853868191,-5.0,6
2022-01-17,-5.07614213197969,-2.0,7
2022-01-17,-5.68181818181818,-5.0,10
2022-01-17,-9.51008645533141,-5.0,13
2022-01-17,-4.43840579710145,-10.0,113
2022-01-17,-6.66666666666667,-5.0,11
2022-01-17,-8.35734870317002,-5.0,14
2022-01-17,-10.3529411764706,-2.0,7
2022-01-17,-9.62025316455695,-7.0,15
2022-01-17,-5.03744043567053,-5.0,14
2022-01-17,-4.83516483516483,-9.0,9
2022-01-17,-4.375,-9.2,326
2022-01-17,-7.23684210526316,-5.0,15
2022-01-17,-7.15109573241062,-9.2,9
2022-01-17,-5.68181818181818,-5.0,48
2022-01-17,-9.59302325581399,-10.0,9
2022-01-17,-5.04201680672269,-10.0,12
2022-01-17,-6.79611650485437,-5.0,35
2022-01-17,-1.61290322580646,-10.0,15
2022-01-17,-5.68181818181818,-5.0,10
2022-01-10,-8.76623376623378,-5.0,39
2022-01-10,-9.39130434782607,-5.0,22
2022-01-10,-8.31099195710454,-5.0,49
2022-01-10,-9.03426791277258,-5.0,23
2022-01-10,-7.96178343949045,-5.0,6
2022-01-10,-7.28643216080402,-5.0,141
2022-01-10,-7.49185667752443,-5.0,10
2022-01-10,-5.64387917329094,-10.0,8
2022-01-10,-10.952380952381,-10.0,27
2022-01-10,-8.24175824175823,-5.0,9
2022-01-10,-7.1625344352617,-10.0,7
2022-01-10,-7.73899848254931,-5.0,27
2022-01-10,-9.30232558139533,-5.0,6
2022-01-10,-7.16180371352786,-6.5,85
2022-01-10,-10.6261859582542,-5.0,7
2022-01-10,-9.58230958230957,-5.0,20
2022-01-10,-10.0686498855835,-5.0,7
2022-01-10,-9.45121951219507,-2.0,16
2022-01-10,-7.6923076923077,-5.0,16
2022-01-10,-8.93854748603351,-5.0,10
2022-01-10,-7.63358778625954,-5.0,12
2022-01-10,-8.28402366863902,-5.0,11
2022-01-10,-12.75,-9.0,8
2022-01-10,-4.74308300395257,-10.0,69
2022-01-10,-8.31099195710454,-5.0,8
2022-01-10,-0.2710027100271,-6.5,7
2022-01-10,-8.99830220713074,-5.0,7
2022-01-10,-9.63855421686743,-2.0,7
2022-01-10,-10.6261859582542,-5.0,7
2022-01-10,-9.45121951219507,-5.0,44
2022-01-10,-10.6157112526539,-5.0,13
2022-01-10,-9.71563981042655,-4.0,29
2022-01-10,-8.33333333333333,-9.0,43
2022-01-10,-4.29715950473416,-10.0,172
2022-01-10,-8.93854748603351,-5.0,9
2022-01-10,-8.99830220713074,-5.0,11
2022-01-10,-8.38852097130243,-5.0,16
2022-01-10,-9.82800982800987,-5.0,7
2022-01-10,-7.18232044198895,-6.5,8
2022-01-10,-12.781954887218,-5.0,16
2022-01-10,-9.58230958230957,-5.0,14
2022-01-10,-3.2008065024258,-9.0,29
2022-01-10,-6.82926829268293,-5.0,17
2022-01-10,-7.05596107055961,-5.0,14
2022-01-10,-7.65661252900232,-5.0,47
2022-01-10,-9.82800982800987,-5.0,7
2022-01-10,-6.14692653673163,-9.0,14
2022-01-10,-3.2008065024258,-6.5,46
2022-01-10,-6.22710622710623,-5.0,14
2022-01-10,-12.3287671232876,-10.0,22
2022-01-10,-9.50764006791174,-5.0,11
2022-01-10,-4.29715950473416,-9.0,257
2022-01-10,-9.71563981042655,-5.0,14
2022-01-10,-9.06298003072197,-5.0,36
2022-01-10,-3.2008065024258,-10.0,8
2022-01-10,-8.74785591766726,-5.0,16
2022-01-10,-6.06060606060606,-5.0,18
2022-01-10,-8.08080808080808,-5.0,60
2022-01-10,-10.6157112526539,-5.0,8
2022-01-10,-4.29715950473416,-10.0,20
2022-01-10,-1.15606936416185,-10.0,31
2022-01-10,-7.96812749003985,-5.0,11
2022-01-10,-9.82800982800987,-5.0,16
2022-01-10,-11.3989637305699,-5.0,55
2022-01-10,-7.62195121951219,-5.0,12
2022-01-10,-6.76470588235294,-10.0,19
2022-01-10,-9.71563981042655,-5.0,16
2022-01-10,-9.50764006791174,-5.0,10
2022-01-10,-12.75,-5.0,6
2022-01-10,-10.4125736738703,-5.0,33
2022-01-10,-2.04379562043795,-5.0,19
2022-01-10,-9.8464317976513,-5.0,6
2022-01-10,-7.55208333333333,-5.0,74
2022-01-10,-8.35380835380836,-5.0,6
2022-01-10,-7.76255707762557,-5.0,10
2022-01-10,-12.3134328358209,-5.0,37
2022-01-10,-6.82095006090134,-2.0,7
2022-01-10,-8.64197530864202,-5.0,17
2022-01-10,-0.2710027100271,-10.0,11
2022-01-10,-9.59595959595964,-2.0,9
2022-01-10,-7.05596107055961,-5.0,7
2022-01-10,-3.2008065024258,-10.0,18
2022-01-10,-8.130081300813,-5.0,11
2022-01-10,-6.95517774343122,-5.0,26
2022-01-10,-9.58230958230957,-5.0,13
2022-01-03,-7.46887966804979,-9.0,50
2022-01-03,-8.33333333333333,-8.0,10
2022-01-03,-8.25688073394495,-2.0,7
2022-01-03,-8.33333333333333,-9.0,13
2022-01-03,-8.25688073394495,-2.0,7
2022-01-03,-8.33333333333333,-8.0,9
2022-01-03,-2.96965784377018,-5.0,9
2022-01-03,-4.32766615146832,-5.0,19
2022-01-03,-5.37815126050421,-10.0,24
2022-01-03,-8.33333333333333,-2.0,8
2022-01-03,-7.31707317073171,-9.5,6
2022-01-03,-4.84848484848485,-2.0,11
2022-01-03,-8.33333333333333,-2.0,14
2022-01-03,-8.33333333333333,-5.8,11
2022-01-03,-8.25688073394495,-5.0,30
2022-01-03,-4.86815415821501,-2.0,18
2022-01-03,-8.33333333333333,-8.0,20
2022-01-03,-7.8920041536864,-5.0,27
2022-01-03,-4.86815415821501,-6.5,12
2022-01-03,-4.32766615146832,-5.0,19
2022-01-03,-8.25688073394495,-2.0,20
2022-01-03,-7.2856221792392,-9.5,15
2022-01-03,-4.28571428571429,-5.0,36
2022-01-03,-4.60750853242321,-9.5,145
2022-01-03,-8.33333333333333,-5.8,9
2022-01-03,-4.55223880597015,-10.0,69
2022-01-03,-8.33333333333333,-8.0,7
2022-01-03,-8.25688073394495,-2.0,16
2022-01-03,-4.86815415821501,-2.0,22
2022-01-03,-4.33925049309665,-5.8,10
2022-01-03,-3.09278350515464,-2.0,6
2022-01-03,-4.3343653250774,-4.0,20
2022-01-03,-4.55223880597015,-10.0,179
2022-01-03,-7.46887966804979,-9.5,138
2022-01-03,-4.32766615146832,-5.0,9
2022-01-03,-7.46887966804979,-9.5,33
2022-01-03,-2.91666666666667,-6.5,8
2022-01-03,-4.81171548117155,-6.5,6
2021-12-27,-6.8421052631579,-9.2,45
2021-12-27,-8.65533230293663,-5.0,72
2021-12-27,-7.39549839228296,-5.0,23
2021-12-27,-7.71388499298737,-5.0,18
2021-12-27,-6.1038961038961,-10.0,6
2021-12-27,-6.27306273062731,-10.0,10
2021-12-27,-8.92388451443569,-7.2,7
2021-12-27,-2.85714285714286,-10.0,6
2021-12-27,-7.61904761904758,-5.0,8
2021-12-27,-7.3170731707317,-5.0,23
2021-12-27,-8.92388451443569,-7.2,14
2021-12-27,-4.9109883364027,-9.0,90
2021-12-27,-7.91738382099825,-2.0,9
2021-12-27,-6.48148148148148,-9.2,246
2021-12-27,-7.87671232876713,-2.0,223
2021-12-27,-7.97687861271677,-10.0,9
2021-12-27,-7.8125,-5.0,6
2021-12-27,-8.10126582278481,-10.0,9
2021-12-27,-7.83645655877342,-2.0,6
2021-12-27,-6.672760511883,-5.0,7
2021-12-27,-7.40740740740742,-5.0,9
2021-12-27,-6.96969696969697,-5.0,11
2021-12-27,-6.04982206405694,-10.0,14
2021-12-27,-5.07246376811594,-5.0,42
2021-12-27,-6.03384841795438,-10.0,875
2021-12-27,-4.9109883364027,-9.0,306
2021-12-27,-5.78778135048232,-10.0,9
2021-12-27,-6.03290676416819,-5.0,24
2021-12-27,-8.8414634146341,-5.0,12
2021-12-27,-6.66280417149479,-5.0,17
2021-12-27,-6.89127105666156,-5.0,18
2021-12-27,-6.09212481426449,-10.0,6
2021-12-27,-6.89655172413793,-2.0,6
2021-12-27,-8.65533230293663,-5.0,118
2021-12-27,-7.55555555555555,-10.0,22
2021-12-27,-6.61290322580645,-5.0,40
2021-12-27,-7.65391014975042,-9.2,167
2021-12-27,-7.3394495412844,-8.0,56
2021-12-27,-4.26287744227353,-5.0,29
2021-12-27,-6.1381074168798,-10.0,6
2021-12-27,-7.72200772200772,-5.0,22
2021-12-27,-8.06451612903226,-5.0,25
2021-12-27,-7.97720797720798,-10.0,7
2021-12-27,-8.42391304347824,-5.0,15
2021-12-27,-8.23529411764706,-10.0,6
2021-12-27,-7.22713864306784,-5.0,13
2021-12-27,-8.65533230293663,-5.0,121
2021-12-27,-8.98876404494382,-10.0,8
2021-12-27,-8.74524714828897,-5.0,53
2021-12-27,-6.03112840466926,-8.0,17
2021-12-27,-6.84931506849315,-10.0,7
2021-12-27,-7.18132854578097,-5.0,10
2021-12-27,-7.3394495412844,-8.0,13
2021-12-27,-5.58375634517766,-10.0,12
2021-12-27,-9.26640926640926,-5.0,12
2021-12-27,-5.8695652173913,-5.0,109
2021-12-27,-5.72916666666667,-5.0,10
2021-12-27,-7.87671232876713,-9.0,23
2021-12-27,-6.86695278969957,-5.0,13
2021-12-27,-4.92753623188406,-5.0,11
2021-12-27,-7.22713864306784,-6.5,20
2021-12-27,-8.65533230293663,-6.5,176
2021-12-27,-7.97687861271677,-6.5,7
2021-12-27,-7.72200772200772,-9.0,6
2021-12-27,-4.40304826418289,-9.0,130
2021-12-27,-7.89473684210526,-10.0,6
2021-12-27,-6.84931506849315,-10.0,8
2021-12-27,-8.5234093637455,-5.0,10
2021-12-27,-6.96969696969697,-5.0,12
2021-12-27,-4.52261306532663,-10.0,16
2021-12-27,-5.94059405940594,-9.0,15
2021-12-27,-5.93990216631726,-5.0,17
2021-12-27,-8.3333333333333,-2.0,7
2021-12-27,-6.03290676416819,-5.0,32
2021-12-27,-6.1038961038961,-9.0,14
2021-12-27,-7.87949015063731,-10.0,6
2021-12-27,-7.3394495412844,-8.0,10
2021-12-27,-3.06513409961685,-5.0,8
2021-12-27,-4.38799076212471,-5.0,21
2021-12-27,-6.05839416058394,-9.0,9
2021-12-27,-7.83645655877342,-5.0,13
2021-12-20,-6.49122807017544,-9.0,9
2021-12-20,-8.33333333333337,-10.0,8
2021-12-20,-7.64331210191083,-5.0,6
2021-12-20,-7.43155149934811,-2.0,69
2021-12-20,-3.90946502057613,-2.0,36
2021-12-20,-8.3495145631068,-5.0,7
2021-12-20,-4.85436893203883,-5.0,7
2021-12-20,-4.04551201011378,-10.0,6
2021-12-20,-3.90946502057613,-5.0,18
2021-12-20,-8.14393939393937,-5.0,49
2021-12-20,-7.85123966942149,-5.0,16
2021-12-20,-6.38722554890219,-10.0,79
2021-12-20,-7.43155149934811,-10.0,63
2021-12-20,-4.79134466769707,-5.0,66
2021-12-20,-6.27705627705628,-10.0,12
2021-12-20,-5.93220338983051,-5.0,15
2021-12-20,-7.58928571428571,-5.0,219
2021-12-20,-7.58620689655172,-5.0,108
2021-12-20,-5.36082474226804,-10.0,8
2021-12-20,-7.68361581920904,-2.0,137
2021-12-20,-6.3768115942029,-9.0,12
2021-12-20,-4.62555066079295,-5.0,17
2021-12-20,-4.62555066079295,-5.0,10
2021-12-20,-5.01432664756447,-10.0,14
2021-12-20,-4.93482309124768,-9.0,306
2021-12-20,-5.59578670177749,-10.0,6
2021-12-20,-7.00808625336927,-10.0,6
2021-12-20,-6.13718411552346,-5.0,7
2021-12-20,-7.6036866359447,-2.0,88
2021-12-20,-9.93150684931508,-10.0,6
2021-12-20,-6.46766169154229,-10.0,9
2021-12-20,-6.93069306930693,-5.0,17
2021-12-20,-5.78034682080925,-10.0,117
2021-12-20,-9.72644376899694,-5.0,6
2021-12-20,-4.93482309124768,-9.0,206
2021-12-20,-5.3030303030303,-9.2,37
2021-12-20,-7.14285714285714,-5.0,32
2021-12-20,-7.91366906474822,-5.0,8
2021-12-20,-9.26966292134832,-6.5,6
2021-12-20,-6.54911838790932,-10.0,6
2021-12-20,-5.0,-10.0,13
2021-12-20,-6.43863179074446,-10.0,8
2021-12-20,-12.8755364806867,-5.0,6
2021-12-20,-5.0,-10.0,8
2021-12-20,-3.36,-5.0,14
2021-12-20,-5.94315245478036,-10.0,10
2021-12-20,-7.43155149934811,-2.0,63
2021-12-20,-4.60358056265985,-5.0,20
2021-12-20,-7.43155149934811,-5.0,134
2021-12-20,-3.44827586206896,-10.0,6
2021-12-20,-2.33722871452421,-10.0,6
2021-12-20,-4.93482309124768,-10.0,123
2021-12-20,-7.35009671179884,-5.0,42
2021-12-13,-6.61577608142494,-5.0,16
2021-12-13,0.0,-4.0,6
2021-12-13,-7.65957446808511,-10.0,7
2021-12-13,-7.66871165644172,-10.0,24
2021-12-13,-4.1405269761606,-9.0,34
2021-12-13,-5.24475524475524,-9.5,7
2021-12-13,-5.39845758354756,-5.0,9
2021-12-13,-3.04568527918782,-9.0,14
2021-12-13,-3.04568527918782,-9.0,77
2021-12-13,-2.55102040816327,-9.0,6
2021-12-13,-3.99334442595674,-10.0,113
2021-12-13,-5.1063829787234,-6.5,17
2021-12-13,-8.77598152424942,-10.0,6
2021-12-13,-2.55102040816327,-9.0,6
2021-12-13,-7.65957446808511,-5.0,9
2021-12-13,-2.55102040816327,-9.0,19
2021-12-13,-2.55102040816327,-9.0,22
2021-12-13,-2.55102040816327,-7.5,255
2021-12-13,-7.61523046092184,-5.0,7
2021-12-13,-7.51445086705203,-5.0,7
2021-12-13,-7.43691899070385,-6.5,9
2021-12-13,-3.84615384615385,-10.0,22
2021-12-13,-3.04568527918782,-9.0,10
2021-12-13,-5.249343832021,-5.0,13
2021-12-13,-2.55102040816327,-9.0,351
2021-12-13,-5.48926014319809,-5.0,11
2021-12-13,-2.28699551569507,-10.0,54
2021-12-13,0.15923566878981,-4.0,17
2021-12-13,-4.11663807890222,-10.0,29
2021-12-13,-7.29166666666666,-5.0,67
2021-12-13,0.58252427184466,-2.0,33
2021-12-13,-2.55102040816327,-9.0,10
2021-12-13,-8.07926829268293,-5.0,14
2021-12-13,-2.40566037735849,-10.0,27
2021-12-13,-8.77598152424942,-10.0,7
2021-12-13,-6.76691729323308,-5.0,86
2021-12-13,-3.99334442595674,-9.2,293
2021-12-13,-4.9079754601227,-9.0,13
2021-12-13,-2.55102040816327,-9.0,6
2021-12-13,-2.28699551569507,-10.0,54
2021-12-13,-4.48087431693989,-9.0,26
2021-12-13,-3.04568527918782,-9.0,10
2021-12-13,-9.16030534351145,-10.0,62
2021-12-13,-7.56756756756756,-5.0,23
2021-12-13,-8.27067669172932,-5.0,6
2021-12-13,-3.10077519379845,-9.0,9
2021-12-13,-2.55102040816327,-9.0,8
2021-12-13,-7.56756756756756,-5.0,10
2021-12-13,-3.99334442595674,-10.0,183
2021-12-13,-8.27067669172932,-5.0,17
2021-12-13,-2.28699551569507,-9.5,61
2021-12-13,-2.55102040816327,-9.0,19
2021-12-13,-4.20475319926873,-5.0,11
2021-12-13,-9.16030534351145,-9.0,12
2021-12-13,-2.55102040816327,-9.0,10
2021-12-13,-3.44563552833078,-9.0,6
2021-12-13,-3.84615384615385,-10.0,10
2021-12-13,-9.84848484848484,-5.0,6
2021-12-13,-7.56756756756756,-6.5,10
2021-12-06,-8.6826347305389,-5.0,55
2021-12-06,-8.67052023121389,-5.0,22
2021-12-06,-9.78473581213305,-5.0,43
2021-12-06,-8.92193308550188,-5.0,14
2021-12-06,-9.19305413687437,-5.0,32
2021-12-06,-9.2250922509225,-5.0,14
2021-12-06,-5.74712643678161,-2.0,8
2021-12-06,-8.41121495327107,-5.0,11
2021-12-06,-4.81927710843374,-5.0,7
2021-12-06,-8.22711471610661,-5.0,30
2021-12-06,-7.6923076923077,-5.0,31
2021-12-06,-9.39907550077041,-5.0,19
2021-12-06,-10.3403141361257,-5.0,6
2021-12-06,-6.15384615384616,-9.2,273
2021-12-06,-8.75706214689262,-5.0,38
2021-12-06,-7.01986754966887,-5.0,24
2021-12-06,-8.64485981308411,-5.0,32
2021-12-06,-9.11577028258889,-5.0,1024
2021-12-06,-10.3403141361257,-5.0,8
2021-12-06,-7.40740740740741,-5.0,11
2021-12-06,-4.51127819548872,-10.0,14
2021-12-06,-9.19305413687437,-5.0,27
2021-12-06,-8.17610062893081,-5.0,53
2021-12-06,-9.22818791946313,-6.5,15
2021-12-06,-4.51388888888889,-5.0,9
2021-12-06,-8.67052023121389,-5.0,81
2021-12-06,-8.64661654135338,-5.0,20
2021-12-06,-7.69230769230769,-5.0,11
2021-12-06,-9.21052631578951,-5.0,16
2021-12-06,-9.67741935483867,-10.0,6
2021-12-06,-8.35509138381205,-5.0,25
2021-12-06,-9.44976076555026,-6.5,8
2021-12-06,-7.38007380073801,-5.0,91
2021-12-06,-8.41121495327107,-5.0,20
2021-12-06,-10.239651416122,-5.0,14
2021-12-06,-9.39086294416246,-6.5,17
2021-12-06,-8.8235294117647,-5.0,20
2021-12-06,-9.31034482758622,-5.0,7
2021-12-06,-10.3448275862069,-5.0,6
2021-12-06,-8.49056603773585,-5.0,29
2021-12-06,-9.21052631578951,-6.5,11
2021-12-06,-6.76589986468202,-5.0,32
2021-12-06,-7.12589073634204,-5.0,9
2021-12-06,-8.69565217391308,-5.0,16
2021-12-06,-7.00218818380744,-5.0,12
2021-12-06,-9.71659919028337,-5.0,8
2021-12-06,-7.0188679245283,-5.0,385
2021-12-06,-7.06521739130435,-2.0,16
2021-12-06,-8.97435897435902,-5.0,7
2021-12-06,-6.08747044917258,-9.0,129
2021-12-06,-9.05840286054823,-10.0,178
2021-12-06,-9.39675174013921,-5.0,6
2021-12-06,-9.5581605049594,-5.0,13
2021-12-06,-8.69565217391308,-5.0,9
2021-12-06,-9.54504906333631,-5.0,14
2021-12-06,-8.65671641791045,-5.0,13
2021-12-06,-8.56610800744879,-5.0,22
2021-12-06,-8.16326530612243,-5.0,14
2021-12-06,-9.95260663507105,-5.0,41
2021-12-06,-8.13008130081306,-10.0,8
2021-12-06,-6.51408450704225,-2.0,6
2021-12-06,-3.40264650283553,-5.0,10
2021-12-06,-9.57854406130267,-5.0,9
2021-12-06,-8.67924528301887,-5.0,51
2021-12-06,-5.41666666666667,-5.0,14
2021-12-06,-8.95372233400404,-5.0,31
2021-12-06,-4.51127819548872,-10.0,14
2021-12-06,-9.70394736842106,-5.0,10
2021-12-06,-8.88888888888885,-5.0,13
2021-12-06,-8.27586206896547,-10.0,19
2021-12-06,-8.7890625,-5.0,23
2021-12-06,-7.75862068965517,-5.0,23
2021-12-06,-8.33333333333335,-5.0,43
2021-12-06,-6.61577608142494,-6.5,141
2021-12-06,-6.97026022304833,-4.0,26
2021-12-06,-4.75435816164817,-10.0,8
2021-12-06,-5.76036866359447,-5.0,21
2021-12-06,-10.9137055837563,-5.0,7
2021-12-06,-9.66183574879226,-5.0,112
2021-12-06,-3.20512820512821,-4.0,7
2021-12-06,-8.63309352517986,-5.0,209
2021-12-06,-9.05840286054823,-6.5,127
2021-12-06,-8.97666068222619,-5.0,6
2021-12-06,-8.77192982456138,-5.0,153
2021-12-06,-6.36237897648686,-5.0,18
2021-12-06,-7.68115942028989,-5.0,16
2021-12-06,-8.34575260804768,-5.0,347
2021-12-06,-9.47075208913649,-5.0,15
2021-12-06,-9.39907550077041,-5.0,21
2021-12-06,-7.06521739130435,-4.0,20
2021-12-06,-8.4269662921348,-5.0,25
2021-12-06,-8.10810810810807,-10.0,6
2021-12-06,-7.46753246753247,-5.0,18
2021-12-06,-9.2573753814852,-5.0,20
2021-12-06,-7.68115942028989,-5.0,24
2021-12-06,-6.58263305322129,-10.0,6
2021-12-06,-8.18181818181817,-5.0,23
2021-12-06,-7.22379603399433,-2.0,8
2021-12-06,-9.7199341021417,-5.0,15
2021-12-06,-6.39097744360904,-5.0,39
2021-12-06,-11.1111111111111,-5.0,8
2021-12-06,-7.68115942028989,-5.0,7
2021-12-06,-9.21052631578945,-5.0,16
2021-12-06,-9.12,-5.0,691
2021-12-06,-3.33625987708516,-5.0,16
2021-12-06,-12.1883656509695,-2.0,39
2021-12-06,-9.05840286054823,-6.5,363
2021-12-06,-7.84574468085106,-10.0,34
2021-12-06,-2.20588235294118,-5.0,10
2021-12-06,-9.72818311874103,-5.0,38
2021-12-06,-7.96460176991151,-5.0,34
2021-12-06,-10.2040816326531,-5.0,57
2021-12-06,-8.77192982456138,-5.0,68
2021-12-06,-7.31707317073171,-10.0,20
2021-12-06,-8.71080139372827,-5.0,12
2021-12-06,-7.28218465539662,-5.0,30
2021-12-06,-14.0449438202247,-6.5,14
2021-12-06,-8.50077279752701,-5.0,124
2021-12-06,-9.22818791946313,-2.0,27
2021-12-06,-6.36237897648686,-5.0,25
2021-12-06,-8.66290018832391,-6.5,13
2021-12-06,-9.05459387483358,-5.0,9
2021-12-06,-7.92580101180439,-2.0,6
2021-12-06,-10.2564102564103,-6.5,6
2021-12-06,-8.7890625,-5.0,12
2021-12-06,-4.13793103448276,-6.5,48
2021-12-06,-8.10210876803552,-5.0,21
2021-12-06,-7.86666666666667,-5.0,126
2021-12-06,-8.88888888888885,-5.0,18
2021-12-06,-8.43373493975903,-5.0,11
2021-12-06,-8.75420875420878,-5.0,6
2021-12-06,-9.18964076858815,-5.0,49
2021-12-06,-9.39907550077041,-2.0,11
2021-12-06,-7.93650793650794,-5.0,20
2021-12-06,-9.23276983094931,-5.0,20
2021-12-06,-8.84718498659522,-5.0,12
2021-12-06,-9.20195439739409,-6.5,157
2021-12-06,-7.71812080536913,-9.5,65
2021-12-06,-9.02366863905326,-5.0,106
2021-11-29,-8.63874345549738,-4.0,10
2021-11-29,-8.82852292020377,-5.0,13
2021-11-29,-5.51053484602917,-4.0,6
2021-11-29,-8.77834674469641,-9.5,6
2021-11-29,-9.02527075812274,-5.0,8
2021-11-29,-6.80473372781066,-5.0,28
2021-11-29,-8.33333333333333,-5.0,54
2021-11-29,-2.25947521865889,-4.0,10
2021-11-29,-10.4166666666667,-10.0,6
2021-11-29,-8.82852292020377,-2.0,12
2021-11-29,-4.87609912070344,-2.0,7
2021-11-29,-10.0,-4.0,21
2021-11-29,-5.51053484602917,-2.0,19
2021-11-29,-6.18238021638331,-5.0,6
2021-11-29,-8.63874345549738,-5.0,6
2021-11-29,-6.99029126213592,-5.0,16
2021-11-29,-4.72175379426644,-9.0,341
2021-11-29,-5.51053484602917,-2.0,22
2021-11-29,-7.46606334841626,-5.0,60
2021-11-29,-5.51053484602917,-4.0,7
2021-11-29,-5.85516178736518,-6.5,11
2021-11-29,-8.14159292035398,-4.0,12
2021-11-29,-10.3614457831325,-4.0,6
2021-11-29,-10.0,-6.5,15
2021-11-29,-9.02555910543129,-6.5,6
2021-11-29,-5.51053484602917,-2.0,8
2021-11-29,-0.692041522491349,-5.0,57
2021-11-29,-0.692041522491349,-5.0,53
2021-11-29,-4.87609912070344,-4.0,14
2021-11-29,-4.72175379426644,-9.0,96
2021-11-29,-9.90566037735849,-10.0,32
2021-11-29,-5.89147286821705,-5.0,125
2021-11-29,-5.81761006289308,-5.0,12
2021-11-29,-8.24949698189134,-9.0,11
2021-11-29,-8.62329803328291,-5.0,12
2021-11-29,-7.41379310344828,-2.0,7
2021-11-29,-4.739336492891,-5.0,33
2021-11-29,-8.28877005347594,-5.0,62
2021-11-29,-4.73684210526316,-6.5,16
2021-11-29,-6.41025641025641,-2.0,9
2021-11-29,-5.46875,-7.0,13
2021-11-29,-7.14285714285714,-5.0,17
2021-11-29,-11.6427432216906,-5.0,6
2021-11-29,-9.48012232415902,-6.5,14
2021-11-29,-5.51053484602917,-5.0,33
2021-11-29,-7.32323232323232,-9.0,9
2021-11-29,-7.01754385964912,-5.0,11
2021-11-29,-5.51053484602917,-4.0,9
2021-11-29,-4.58860759493671,-9.2,8
2021-11-29,-4.08673894912427,-6.5,207
2021-11-29,-5.84795321637429,-4.0,15
2021-11-29,-5.51053484602917,-5.0,18
2021-11-29,-6.86070686070687,-6.5,7
2021-11-29,-6.6326530612245,-5.0,390
2021-11-22,-6.81967213114754,-5.0,7
2021-11-22,-7.2142064372919,-7.0,31
2021-11-22,-7.421875,-6.5,22
2021-11-22,-3.96551724137931,-5.0,6
2021-11-22,-4.39306358381503,-9.2,290
2021-11-22,-7.2142064372919,-5.0,19
2021-11-22,-7.49506903353062,-2.0,8
2021-11-22,-4.91803278688524,-5.0,26
2021-11-22,-7.48031496062988,-10.0,11
2021-11-22,-7.92452830188679,-7.2,12
2021-11-22,-7.49506903353062,-6.5,8
2021-11-22,-8.91719745222928,-9.2,6
2021-11-22,-4.80769230769231,-7.2,96
2021-11-22,-6.73575129533678,-5.0,9
2021-11-22,-3.59477124183006,-5.0,7
2021-11-22,-8.97435897435896,-9.2,6
2021-11-22,-4.39306358381503,-9.2,156
2021-11-22,-7.2142064372919,-5.0,25
2021-11-22,-3.02663438256659,-5.0,10
2021-11-15,-4.16666666666667,-4.0,8
2021-11-15,-6.39899623588457,-5.0,41
2021-11-15,-3.80761523046092,-6.5,12
2021-11-15,-3.80761523046092,-5.0,6
2021-11-15,-9.51276102088165,-5.0,9
2021-11-15,-5.97345132743363,-5.0,27
2021-11-15,-11.3924050632911,-7.0,27
2021-11-15,-1.88679245283019,-10.0,6
2021-11-15,-9.97442455242963,-5.0,15
2021-11-15,-7.75623268698061,-5.0,9
2021-11-15,-9.57446808510639,-5.0,6
2021-11-15,-3.1390134529148,-5.0,31
2021-11-15,-9.16666666666666,-5.0,13
2021-11-15,-4.19847328244275,-5.0,9
2021-11-15,-4.22264875239923,-5.0,8
2021-11-15,-8.69565217391303,-5.0,10
2021-11-15,-9.16666666666666,-5.0,276
2021-11-15,-10.0934579439253,-5.0,6
2021-11-15,-3.80761523046092,-5.0,6
2021-11-15,-5.01113585746103,-10.0,9
2021-11-15,-4.18445772843724,-7.0,118
2021-11-15,-8.24742268041233,-5.0,10
2021-11-15,-6.42398286937902,-5.0,6
2021-11-15,-4.04040404040404,-5.0,101
2021-11-15,-7.56302521008403,-7.2,9
2021-11-15,-6.37329286798179,-5.0,8
2021-11-15,-10.8540925266904,-5.0,8
2021-11-15,-3.33333333333333,-5.0,8
2021-11-15,-6.22568093385214,-5.0,11
2021-11-15,-4.18445772843724,-9.2,232
2021-11-15,-3.23101777059774,-5.0,18
2021-11-15,-8.45070422535211,-5.0,24
2021-11-15,-3.80761523046092,-5.0,12
2021-11-15,-8.59375,-5.0,10
2021-11-15,-6.36363636363636,-5.0,10
2021-11-15,-4.22264875239923,-5.0,21
2021-11-15,-6.73400673400674,-5.0,22
2021-11-15,-4.13739266198282,-7.0,8
2021-11-15,-10.0393700787402,-5.0,11
2021-11-15,-4.6195652173913,-7.0,7
2021-11-15,-3.80761523046092,-10.0,6
2021-11-15,-3.7037037037037,-5.0,10
2021-11-15,-4.12371134020618,-10.0,15
2021-11-15,-8.24742268041233,-5.0,10
2021-11-15,-1.11317254174397,-10.0,9
2021-11-15,-6.25,-5.0,13
2021-11-15,-7.32323232323232,-5.0,60
2021-11-15,-9.09090909090912,-5.0,68
2021-11-15,-8.8,-5.0,15
2021-11-15,-8.69565217391305,-5.0,7
2021-11-15,-4.14201183431953,-5.0,6
2021-11-15,-4.30528375733855,-5.0,12
2021-11-15,-3.80761523046092,-5.0,35
2021-11-15,-4.46058091286307,-5.0,9
2021-11-15,-4.13739266198282,-9.0,10
2021-11-15,-9.16666666666666,-5.0,7
2021-11-15,-6.81399631675875,-5.0,8
2021-11-15,-9.88700564971754,-2.0,11
2021-11-15,-8.52272727272727,-5.0,12
2021-11-15,-4.54545454545454,-5.0,20
2021-11-15,-7.74907749077491,-5.0,59
2021-11-15,-4.89208633093525,-5.0,9
2021-11-15,-6.70194003527336,-5.0,24
2021-11-15,-9.16666666666666,-5.0,40
2021-11-15,-8.45070422535211,-5.0,17
2021-11-15,-3.96825396825397,-5.0,324
2021-11-15,-8.78734622144116,-5.0,30
2021-11-15,-6.39899623588457,-5.0,218
2021-11-15,-3.80761523046092,-10.0,7
2021-11-15,-3.93700787401575,-5.0,58
2021-11-15,-4.98220640569395,-5.0,101
2021-11-15,-6.08108108108108,-5.0,37
2021-11-15,-3.80761523046092,-5.0,28
2021-11-15,-5.72390572390573,-5.0,17
2021-11-15,-7.14285714285714,-5.0,28
2021-11-15,-7.06713780918728,-5.0,9
2021-11-15,-8.52272727272727,-5.0,18
2021-11-15,-6.56063618290259,-5.0,8
2021-11-15,-4.89208633093525,-5.0,7
2021-11-15,-8.35654596100279,-5.0,12
2021-11-15,-4.37062937062937,-5.0,21
2021-11-15,-3.33333333333333,-5.0,226
2021-11-15,-4.19734904270987,-5.0,9
2021-11-15,-7.14285714285714,-7.0,32
2021-11-08,-6.99300699300699,-5.0,11
2021-11-08,-5.99489795918368,-5.0,33
2021-11-08,-2.34375,-2.0,7
2021-11-08,-9.29853181076674,-5.0,26
2021-11-08,-5.4074638233054,-10.0,11
2021-11-08,-8.43091334894613,-5.0,13
2021-11-08,-13.6,-6.5,6
2021-11-08,-6.8241469816273,-5.0,6
2021-11-08,-1.92644483362522,-5.0,6
2021-11-08,-9.56521739130435,-4.4,22
2021-11-08,-10.8225108225108,-5.0,30
2021-11-08,-7.12589073634204,-9.0,10
2021-11-08,-10.1522842639594,-5.0,9
2021-11-08,-9.51760104302473,-5.0,286
2021-11-08,-6.65236051502146,-5.0,16
2021-11-08,-7.82726045883941,-10.0,104
2021-11-08,-7.12589073634204,-5.0,37
2021-11-08,-7.55176613885506,-5.0,12
2021-11-08,-9.73333333333337,-5.0,824
2021-11-08,-3.63636363636363,-9.2,17
2021-11-08,-11.4754098360655,-5.0,18
2021-11-08,-6.20805369127517,-5.0,27
2021-11-08,-7.58873929008568,-5.0,54
2021-11-08,-11.1111111111111,-5.0,15
2021-11-08,-8.27205882352941,-5.0,7
2021-11-08,-11.8081180811808,-5.0,18
2021-11-08,-8.22510822510822,-5.0,7
2021-11-08,-8.58433734939755,-5.0,6
2021-11-08,-9.25925925925931,-5.0,15
2021-11-08,-11.2359550561798,-6.5,7
2021-11-08,-9.79865771812085,-5.0,39
2021-11-08,-9.79865771812085,-5.0,9
2021-11-08,-12.4542124542125,-2.0,8
2021-11-08,-7.76699029126213,-10.0,87
2021-11-08,-10.9704641350211,-4.4,19
2021-11-08,-9.09090909090909,-5.0,96
2021-11-08,-6.68789808917198,-2.0,7
2021-11-08,-10.8225108225108,-5.0,13
2021-11-08,-8.27702702702703,-5.0,20
2021-11-08,-13.2678132678133,-5.0,8
2021-11-08,-9.79865771812085,-5.0,48
2021-11-08,-8.22510822510822,-5.0,15
2021-11-08,-9.25925925925931,-5.0,9
2021-11-08,-9.65608465608467,-5.0,167
2021-11-08,-4.3312101910828,-9.2,30
2021-11-08,-9.61538461538462,-5.0,6
2021-11-08,-6.50759219088937,-5.0,11
2021-11-08,-13.4020618556701,-5.0,8
2021-11-08,-8.99887514060738,-5.0,7
2021-11-08,-11.8032786885245,-6.5,9
2021-11-08,-10.1083032490975,-5.0,22
2021-11-08,-3.0035335689046,-9.0,6
2021-11-08,-8.27702702702703,-5.0,16
2021-11-08,-6.65236051502146,-5.0,15
2021-11-08,-8.63509749303621,-5.0,6
2021-11-08,-9.79865771812085,-5.0,19
2021-11-08,-7.82208588957055,-5.0,8
2021-11-08,-8.12903225806452,-10.0,143
2021-11-08,-11.8811881188119,-6.5,8
2021-11-08,-10.1449275362319,-5.0,55
2021-11-08,-5.6782334384858,-5.0,19
2021-11-08,-10.8225108225108,-5.0,7
2021-11-08,-7.63790664780764,-5.0,114
2021-11-08,-9.00735294117645,-5.0,53
2021-11-08,-9.67153284671533,-5.0,17
2021-11-08,-9.43152454780362,-5.0,227
2021-11-08,-8.12294182217344,-5.0,13
2021-11-08,-7.75193798449613,-5.0,25
2021-11-08,-8.99887514060738,-5.0,12
2021-11-08,-8.80597014925374,-5.0,71
2021-11-08,-0.65593321407275,-10.0,6
2021-11-08,-10.6907894736842,-5.0,6
2021-11-08,-13.1147540983606,-5.0,11
2021-11-08,-11.611030478955,-5.0,15
2021-11-08,-0.65593321407275,-10.0,6
2021-11-08,-10.5263157894737,-9.0,21
2021-11-08,-6.88468158347677,-5.0,6
2021-11-08,-10.8108108108108,-5.0,14
2021-11-08,-11.2676056338028,-5.0,9
2021-11-08,-10.2564102564103,-5.0,37
2021-11-08,-9.15841584158416,-5.0,11
2021-11-08,-5.35152151101784,-9.0,8
2021-11-08,-7.58873929008568,-5.0,59
2021-11-08,-13.6,-5.0,9
2021-11-08,-9.29853181076674,-5.0,36
2021-11-08,-11.8032786885245,-5.0,6
2021-11-08,-9.56521739130435,-5.0,21
2021-11-08,-11.1368909512761,-2.0,9
2021-11-08,-9.56749672346006,-4.0,28
2021-11-08,-9.79865771812085,-5.0,10
2021-11-08,-11.4551083591332,-7.0,32
2021-11-01,-5.51643192488263,-9.2,6
2021-11-01,-5.08982035928144,-4.4,8
2021-11-01,-5.97560975609756,-5.0,13
2021-11-01,-7.45614035087719,-9.0,81
2021-11-01,-5.80411124546554,-5.0,101
2021-11-01,-6.04192355117139,-4.0,20
2021-11-01,-10.5042016806723,-5.0,32
2021-11-01,-5.02793296089386,-9.2,7
2021-11-01,-7.06521739130435,-5.0,27
2021-11-01,-7.07803992740472,-5.0,26
2021-11-01,-5.63697857948139,-6.5,17
2021-11-01,-8.6839266450917,-9.0,127
2021-11-01,-6.9060773480663,-10.0,6
2021-11-01,-5.40865384615384,-7.2,8
2021-11-01,-6.7024128686327,-7.2,50
2021-11-01,-7.15372907153729,-10.0,9
2021-11-01,-5.63697857948139,-6.5,7
2021-11-01,-6.06796116504854,-4.0,11
2021-11-01,-6.27009646302251,-7.0,10
2021-11-01,-8.13793103448276,-4.0,59
2021-11-01,3.34128878281623,-2.0,6
2021-11-01,-8.64661654135338,-10.0,7
2021-11-01,-5.63697857948139,-6.5,12
2021-11-01,-5.97560975609756,-5.0,27
2021-11-01,-4.58860759493671,-5.0,44
2021-11-01,-5.63697857948139,-6.5,7
2021-11-01,-3.92798690671031,-4.4,16
2021-10-25,-4.2995839112344,-4.0,10
2021-10-25,-8.38658146964857,-7.0,14
2021-10-25,-3.59477124183006,-5.0,13
2021-10-25,-5.06666666666667,-5.0,23
2021-10-25,-5.06666666666667,-5.0,6
2021-10-25,-4.14746543778802,-5.0,6
2021-10-25,-9.12786400591282,-9.0,10
2021-10-25,-5.92592592592593,-5.0,11
2021-10-25,-7.11864406779661,-6.5,9
2021-10-25,-8.27456511518571,-9.0,26
2021-10-25,-5.06666666666667,-4.0,35
2021-10-25,-1.96078431372549,-5.0,8
2021-10-25,-8.30915325771564,-7.0,486
2021-10-25,-7.85562632696391,-2.0,15
2021-10-25,-4.88888888888889,-7.2,117
2021-10-25,-5.6710775047259,-5.0,6
2021-10-25,-8.27456511518571,-7.0,16
2021-10-25,-4.2995839112344,-5.0,9
2021-10-25,-5.22875816993464,-10.0,12
2021-10-25,-5.06666666666667,-5.0,6
2021-10-25,-2.08333333333333,-7.0,12
2021-10-25,-6.35838150289017,-2.0,7
2021-10-25,-8.34216101694915,-9.0,350
2021-10-25,-6.14973262032085,-5.0,6
2021-10-25,-6.93815987933635,-2.0,12
2021-10-25,-3.59477124183006,-4.0,6
2021-10-25,-5.06666666666667,-5.0,9
2021-10-25,-5.81613508442777,-5.0,18
2021-10-25,-5.06666666666667,-5.0,7
2021-10-25,-5.06666666666667,-5.0,12
2021-10-25,-8.26727066817667,-5.0,7
2021-10-25,-4.49620801733478,-5.0,65
2021-10-25,-8.43341339738458,-9.0,7
2021-10-25,-4.6979865771812,-5.0,13
2021-10-25,-4.8,-5.0,22
2021-10-25,-2.26086956521739,-2.0,33
2021-10-25,-8.43341339738458,-9.0,17
2021-10-25,-5.06666666666667,-5.0,12
2021-10-25,-5.06666666666667,-5.0,50
2021-10-25,-1.17531831537708,-5.0,13
2021-10-25,-4.18060200668897,-5.0,8
2021-10-25,-8.38658146964857,-9.0,12
2021-10-25,-6.8421052631579,-7.2,6
2021-10-25,-4.98687664041995,-4.0,8
2021-10-25,-6.97674418604652,-9.0,8
2021-10-25,-7.18954248366013,-9.0,22
2021-10-25,-9.41901408450709,-9.0,13
2021-10-25,-5.26315789473685,-9.0,18
2021-10-25,-6.14973262032085,-5.0,74
2021-10-25,-6.35838150289017,-2.0,26
2021-10-25,-5.18134715025907,-10.0,74
2021-10-25,-5.06666666666667,-5.0,8
2021-10-25,-4.4578313253012,-4.0,46
2021-10-25,-7.18954248366013,-5.0,8
2021-10-25,-4.03100775193799,-5.0,11
2021-10-25,-2.64765784114053,-5.0,6
2021-10-25,-9.58904109589041,-5.0,8
2021-10-25,-1.17531831537708,-7.0,6
2021-10-25,-8.38926174496644,-9.0,9
2021-10-25,-6.14973262032085,-5.0,6
2021-10-25,-8.31134564643799,-9.0,1202
2021-10-25,-7.53086419753087,-6.5,11
2021-10-25,-6.14973262032085,-5.0,22
2021-10-25,-7.74193548387097,-4.0,11
2021-10-25,-5.06666666666667,-5.0,17
2021-10-25,-8.38658146964857,-9.0,32
2021-10-25,-7.03125,-5.0,9
2021-10-25,-8.43341339738458,-7.0,8
2021-10-25,-9.12584053794428,-5.0,16
2021-10-25,-5.06666666666667,-5.0,43
2021-10-18,-5.07462686567165,-5.0,13
2021-10-18,-5.78947368421053,-4.0,6
2021-10-18,-7.85123966942146,-6.5,49
2021-10-18,-8.73786407766991,-5.0,7
2021-10-18,-5.51470588235295,-10.0,18
2021-10-18,-7.65171503957783,-5.0,6
2021-10-18,-6.20031796502384,-5.0,17
2021-10-18,-7.95454545454545,-7.0,8
2021-10-18,-5.34223706176961,-2.0,7
2021-10-18,-3.92561983471075,-5.0,7
2021-10-18,-4.38931297709923,-5.0,28
2021-10-18,-4.76190476190476,-5.0,17
2021-10-18,-2.62172284644195,-5.0,45
2021-10-18,-5.94965675057208,-4.0,6
2021-10-18,-4.76190476190476,-5.0,10
2021-10-18,-8.69565217391304,-6.5,26
2021-10-18,-5.34223706176961,-10.0,7
2021-10-18,-3.92561983471075,-4.0,11
2021-10-18,-4.92040520984081,-5.0,11
2021-10-18,-4.31654676258992,-4.0,55
2021-10-18,-5.19480519480519,-4.0,46
2021-10-18,-3.25342465753424,-5.0,6
2021-10-18,-4.35779816513762,-5.0,9
2021-10-18,-5.34223706176961,-4.0,8
2021-10-18,-4.9738219895288,-5.0,8
2021-10-18,-6.11353711790393,-5.0,15
2021-10-18,-4.61049284578696,-5.0,16
2021-10-18,-8.69565217391304,-5.0,13
2021-10-18,-4.87804878048781,-5.0,29
2021-10-18,-6.98924731182796,-2.0,6
2021-10-18,-4.34782608695652,-5.0,10
2021-10-18,-2.62172284644195,-5.0,125
2021-10-18,-3.83838383838384,-5.0,8
2021-10-18,-5.93607305936073,-9.0,83
2021-10-18,-7.83410138248848,-6.5,7
2021-10-18,-5.32544378698225,-4.0,7
2021-10-18,-4.24528301886792,-5.0,15
2021-10-18,-5.32544378698225,-5.0,22
2021-10-18,-7.06214689265537,-2.0,7
2021-10-18,-5.20833333333334,-4.0,7
2021-10-18,-7.06401766004415,-5.0,9
2021-10-18,-6.19554695062924,-9.0,80
2021-10-18,-3.10077519379845,-10.0,24
2021-10-18,-6.76855895196506,-2.0,7
2021-10-18,-7.06521739130435,-5.0,36
2021-10-18,-6.21761658031088,-5.0,31
2021-10-18,-6.19354838709677,-2.0,54
2021-10-18,-7.60233918128655,-5.0,14
2021-10-18,-7.67441860465116,-9.0,27
2021-10-18,-6.75675675675675,-5.0,9
2021-10-18,-4.59081836327345,-5.0,219
2021-10-18,-9.32475884244371,-10.0,8
2021-10-18,-6.76855895196506,-2.0,11
2021-10-18,-6.19354838709677,-4.4,208
2021-10-18,-5.34223706176961,-5.0,12
2021-10-18,-7.48620961386919,-9.0,8
2021-10-18,-6.29470672389128,-5.0,51
2021-10-18,-6.29470672389128,-5.0,41
2021-10-18,-9.4594594594595,-5.0,9
2021-10-18,-5.93692022263451,-5.0,8
2021-10-18,-5.58745583038869,-10.0,8
2021-10-18,-2.39234449760766,-6.5,12
2021-10-11,-6.31578947368421,-6.5,16
2021-10-11,-4.32595573440644,-9.0,43
2021-10-11,-3.36351875808539,-4.0,9
2021-10-11,-3.14033366045142,-5.0,6
2021-10-11,-5.97165991902835,-6.5,51
2021-10-11,-4.26929392446634,-2.0,6
2021-10-11,-8.53932584269663,-5.0,8
2021-10-11,-4.27728613569322,-4.4,46
2021-10-11,-4.9136786188579,-2.0,14
2021-10-11,-6.19335347432024,-5.0,6
2021-10-11,-4.32595573440644,-5.0,35
2021-10-11,-4.23228346456693,-6.5,15
2021-10-11,-4.15472779369628,-2.0,9
2021-10-11,-7.06106870229008,-5.0,23
2021-10-11,-0.47058823529412,-5.0,26
2021-10-11,-4.30906389301634,-2.0,10
2021-10-11,-4.2654028436019,-7.2,7
2021-10-11,-6.36604774535809,-2.0,7
2021-10-11,-5.50239234449761,-5.0,9
2021-10-11,-5.49132947976878,-5.0,60
2021-10-11,-4.2962962962963,-5.0,7
2021-10-11,-4.62686567164179,-7.0,24
2021-10-11,-0.47058823529412,-9.5,11
2021-10-11,-6.55249441548772,-9.0,6
2021-10-11,-4.11899313501144,-5.0,13
2021-10-11,-6.32279534109817,-9.0,6
2021-10-11,-6.15595075239398,-9.5,20
2021-10-11,-5.49132947976878,-7.5,45
2021-10-11,-4.2654028436019,-9.0,9
2021-10-11,-4.9438202247191,-5.0,6
2021-10-11,-4.35435435435436,-5.0,20
2021-10-11,-2.48306997742664,-2.0,15
2021-10-04,-2.30414746543779,-7.0,13
2021-10-04,-8.13953488372093,-9.2,8
2021-10-04,-7.86516853932584,-9.0,12
2021-10-04,-4.18250950570343,-10.0,7
2021-10-04,-8.34724540901503,-9.0,156
2021-10-04,-2.28187919463087,-7.0,8
2021-10-04,-5.12820512820513,-7.2,60
2021-10-04,-8.34724540901503,-5.0,96
2021-10-04,-5.18518518518518,-5.0,10
2021-10-04,-6.06060606060606,-10.0,6
2021-10-04,-5.12820512820513,-9.0,105
2021-10-04,-5.13833992094861,-9.0,100
2021-10-04,-8.34724540901503,-5.0,114
2021-10-04,-4.67289719626168,-4.0,7
2021-10-04,-3.33333333333333,-5.0,23
2021-10-04,-8.39285714285714,-5.0,15
2021-10-04,-6.3641105894627,-6.5,17
2021-10-04,-6.66666666666667,-10.0,6
2021-10-04,-6.66666666666667,-9.0,10
2021-10-04,-6.59025787965616,-5.0,6
2021-10-04,-7.64218009478673,-5.0,170
2021-09-27,-6.69975186104218,-10.0,6
2021-09-27,-7.15083798882681,-10.0,11
2021-09-27,-5.94423987375066,-5.0,6
2021-09-27,-6.59574468085106,-7.5,6
2021-09-27,-3.86774797255146,-6.5,80
2021-09-27,-3.86774797255146,-6.5,12
2021-09-27,-5.96491228070175,-7.5,155
2021-09-27,-6.0126582278481,-10.0,27
2021-09-27,-7.02380952380952,-9.0,103
2021-09-27,-6.84326710816777,-9.5,9
2021-09-27,-7.02576112412178,-9.0,6
2021-09-27,0.0,-10.0,71
2021-09-27,-6.91244239631336,-4.0,7
2021-09-27,0.0,-10.0,193
2021-09-27,-7.1611253196931,-2.0,7
2021-09-27,-5.35714285714285,-7.0,6
2021-09-27,-6.97674418604652,-10.0,84
2021-09-27,-6.87898089171975,-7.0,6
2021-09-27,-6.99223085460599,-10.0,60
2021-09-27,-5.94423987375066,-10.0,6
2021-09-27,-5.76036866359447,-10.0,12
2021-09-20,-4.83870967741935,-5.0,60
2021-09-20,-3.75782881002088,-5.0,9
2021-09-20,-5.47112462006079,-6.5,7
2021-09-20,-3.20512820512821,-6.5,12
2021-09-20,-2.54027261462206,-2.0,10
2021-09-20,-5.82822085889571,-10.0,67
2021-09-20,-6.25000000000001,-10.0,7
2021-09-20,-5.96359070935342,-9.0,72
2021-09-20,-7.76566757493188,-10.0,6
2021-09-20,-5.41310541310542,-6.5,52
2021-09-20,-4.56140350877193,-5.0,11
2021-09-20,-4.46927374301676,-5.0,12
2021-09-20,-6.22775800711743,-9.0,60
2021-09-20,-4.76190476190476,-6.5,9
2021-09-20,-6.0,-6.5,23
2021-09-20,-5.40098199672667,-10.0,27
2021-09-20,-8.05687203791469,-5.0,9
2021-09-20,-7.72881355932203,-5.0,165
2021-09-20,-5.20275439938791,-9.5,7
2021-09-20,-4.56140350877193,-5.0,11
2021-09-20,-8.62068965517241,-10.0,9
2021-09-20,-6.66666666666667,-10.0,9
2021-09-20,-2.91479820627803,-9.5,6
2021-09-20,-5.98290598290599,-6.5,6
2021-09-20,-0.90361445783133,-10.0,7
2021-09-20,-6.25,-9.0,13
2021-09-20,-6.01769911504425,-5.0,28
2021-09-20,-4.32098765432099,-5.0,25
2021-09-20,-6.875,-6.5,7
2021-09-20,-4.42477876106195,-6.5,22
2021-09-20,-5.78105781057811,-6.5,11
2021-09-20,-4.46927374301676,-5.0,7
2021-09-20,-5.97826086956521,-5.0,16
2021-09-20,-5.97826086956521,-5.0,18
2021-09-20,-4.26439232409382,-6.5,11
2021-09-20,-2.56731371321227,-10.0,13
2021-09-20,-5.34124629080119,-5.0,8
2021-09-20,-6.01769911504425,-5.0,28
2021-09-20,-4.26439232409382,-6.5,15
2021-09-20,-4.46927374301676,-5.0,20
2021-09-20,-8.76777251184834,-7.0,6
2021-09-20,-6.21669626998223,-5.0,28
2021-09-13,-5.0,-10.0,13
2021-09-13,-7.09876543209878,-10.0,6
2021-09-13,-6.32911392405063,-8.0,10
2021-09-13,-9.55284552845527,-5.0,12
2021-09-13,-8.53658536585366,-10.0,6
2021-09-13,-7.71144278606967,-9.2,7
2021-09-13,-6.25,-10.0,74
2021-09-13,-8.5995085995086,-5.0,6
2021-09-13,-6.56660412757974,-5.0,13
2021-09-13,-6.70289855072464,-6.5,91
2021-09-13,-6.32911392405063,-9.0,10
2021-09-13,-4.98220640569395,-7.0,64
2021-09-13,-7.43550834597875,-5.0,73
2021-09-13,-8.64197530864198,-9.2,10
2021-09-13,-11.8932038834951,-8.0,6
2021-09-13,-8.19047619047619,-10.0,7
2021-09-13,-8.5995085995086,-5.0,24
2021-09-13,-2.92825768667642,-7.2,16
2021-09-13,-9.93377483443706,-6.5,8
2021-09-13,-8.04794520547945,-5.0,7
2021-09-13,-7.23404255319149,-10.0,6
2021-09-13,-6.43015521064301,-5.0,62
2021-09-13,-5.67685589519651,-8.0,137
2021-09-06,-9.70464135021101,-10.0,6
2021-09-06,-3.75,-9.0,7
2021-09-06,-2.64008620689655,-10.0,6
2021-09-06,-8.29015544041451,-10.0,6
2021-09-06,-4.4,-10.0,20
2021-09-06,-3.24074074074074,-2.0,14
2021-09-06,-4.41988950276243,-5.0,66
2021-09-06,-6.15384615384616,-5.0,153
2021-09-06,-6.08272506082725,-4.0,32
2021-09-06,-4.57796852646639,-10.0,8
2021-09-06,-3.24074074074074,-4.0,9
2021-09-06,-9.43820224719102,-10.0,7
2021-09-06,-6.16197183098592,-4.0,342
2021-09-06,-3.14465408805031,-5.0,14
2021-09-06,-4.84848484848485,-5.0,9
2021-09-06,-7.1611253196931,-2.0,8
2021-09-06,-5.52995391705069,-5.0,6
2021-09-06,-7.53701211305518,-5.0,8
2021-09-06,-4.0,-2.0,19
2021-09-06,-4.27698574338086,-10.0,8
2021-09-06,-4.52418096723869,-10.0,8
2021-09-06,-7.71084337349398,-10.0,44
2021-09-06,-7.1611253196931,-10.0,6
2021-09-06,-7.06766917293234,-10.0,8
2021-09-06,-6.49350649350649,-9.0,9
2021-09-06,-0.34843205574913,-8.0,8
2021-09-06,-2.64008620689655,-9.0,14
2021-09-06,-6.19335347432024,-10.0,7
2021-09-06,-8.7378640776699,-9.0,6
2021-09-06,-6.2200956937799,-10.0,14
2021-09-06,-8.06100217864924,-10.0,57
2021-09-06,-7.53701211305518,-7.0,8
2021-09-06,-5.5921052631579,-5.0,9
2021-09-06,-0.87051142546246,-5.0,7
2021-09-06,-6.88935281837161,-2.0,13
2021-09-06,-5.18053375196232,-5.0,6
2021-09-06,-4.76190476190476,-10.0,18
2021-09-06,-6.49350649350649,-5.0,20
2021-09-06,-5.66939890710382,-9.5,135
2021-08-30,-7.91411042944786,-5.0,9
2021-08-30,-0.64377682403434,-7.0,9
2021-08-30,-9.08605024051305,-9.0,11
2021-08-30,-2.90135396518375,-5.0,10
2021-08-30,-8.97936419408813,-7.0,12
2021-08-30,-0.6423982869379,-9.0,23
2021-08-30,-2.33100233100233,-2.0,50
2021-08-30,-2.35294117647058,-2.0,7
2021-08-30,-5.22522522522523,-9.0,58
2021-08-30,-2.04841713221601,-5.0,20
2021-08-30,-6.80061823802164,-7.0,109
2021-08-30,-6.2753036437247,-2.0,14
2021-08-30,-0.2283105022831,-4.4,9
2021-08-30,-6.85249709639954,-9.5,14
2021-08-30,-2.90135396518375,-9.0,12
2021-08-30,-8.44004656577412,-10.0,49
2021-08-30,-1.88679245283019,-5.0,40
2021-08-30,-2.35294117647058,-5.0,11
2021-08-30,-1.88679245283019,-5.0,15
2021-08-30,-5.52268244575937,-6.5,33
2021-08-30,-0.6423982869379,-7.0,25
2021-08-30,-2.33100233100233,-4.0,40
2021-08-30,-2.20750551876379,-2.0,32
2021-08-23,-4.81707317073171,-6.5,6
2021-08-23,-5.34979423868313,-10.0,7
2021-08-23,-5.40412420004741,-7.0,16
2021-08-23,-7.12510356255178,-6.5,35
2021-08-23,-4.55635491606714,-6.5,6
2021-08-23,-4.92154065620542,-10.0,6
2021-08-23,-6.51085141903172,-10.0,8
2021-08-23,-5.40412420004741,-6.5,34
2021-08-23,-3.6144578313253,-10.0,6
2021-08-23,-2.97723292469352,-10.0,8
2021-08-23,-3.2258064516129,-10.0,11
2021-08-23,-5.58035714285715,-5.0,8
2021-08-23,-3.43878954607978,-10.0,25
2021-08-23,-5.04694835680752,-6.5,7
2021-08-23,-8.10234541577825,-5.0,10
2021-08-23,-6.30434782608695,-5.0,16
2021-08-23,-7.93871866295264,-9.0,43
2021-08-23,-6.00858369098713,-6.5,59
2021-08-23,-4.81707317073171,-6.5,10
2021-08-23,-3.6117381489842,-9.2,9
2021-08-16,-7.57946210268949,-7.2,55
2021-08-16,-7.53968253968254,-9.0,32
2021-08-16,-9.81308411214953,-5.0,14
2021-08-16,-6.52173913043478,-5.0,6
2021-08-16,-6.83962264150943,-9.0,33
2021-08-16,-7.60869565217392,-5.0,42
2021-08-16,-6.83962264150943,-10.0,8
2021-08-16,-8.19672131147539,-9.0,10
2021-08-16,-7.52688172043011,-10.0,54
2021-08-16,-8.0385852090032,-5.0,7
2021-08-16,-7.78816199376947,-9.0,14
2021-08-16,-9.65147453083108,-7.0,10
2021-08-16,-6.83962264150943,-9.0,16
2021-08-16,-9.97229916897508,-2.0,7
2021-08-16,-4.74040632054176,-10.0,8
2021-08-16,-10.9589041095891,-2.0,8
2021-08-16,-9.60451977401127,-5.0,11
2021-08-16,-8.0188679245283,-9.0,31
2021-08-16,-6.43478260869565,-5.0,15
2021-08-16,-6.83962264150943,-10.0,8
2021-08-16,-9.71428571428573,-7.0,8
2021-08-16,-7.53968253968254,-5.0,9
2021-08-16,-6.22406639004149,-6.5,21
2021-08-16,-10.3286384976526,-6.5,6
2021-08-16,-7.33496332518338,-6.5,91
2021-08-09,-4.81220657276995,-5.0,13
2021-08-09,-6.14754098360656,-5.0,45
2021-08-09,-4.76190476190476,-10.0,10
2021-08-09,-6.4638783269962,-5.0,8
2021-08-09,-5.29736756581085,-5.0,20
2021-08-09,-5.50458715596331,-2.0,7
2021-08-09,-6.89655172413793,-9.0,69
2021-08-09,-7.52269779507134,-10.0,7
2021-08-09,-6.28930817610063,-9.5,6
2021-08-09,-7.52269779507134,-9.5,7
2021-08-09,-6.42398286937901,-5.0,20
2021-08-09,-3.95256916996048,-5.0,9
2021-08-09,-6.42398286937901,-5.0,16
2021-08-09,-5.17241379310345,-9.0,6
2021-08-09,-5.29736756581085,-5.0,25
2021-08-09,-7.52269779507134,-9.5,7
2021-08-09,-6.89655172413793,-5.0,30
2021-08-09,-0.92635479388606,-5.0,6
2021-08-09,-4.95283018867925,-9.0,43
2021-08-09,-9.66442953020135,-6.5,8
2021-08-09,-6.28930817610063,-5.0,10
2021-08-02,-7.7720207253886,-6.5,6
2021-08-02,-4.28636570907432,-5.0,18
2021-08-02,0.62893081761006,-2.0,6
2021-08-02,-4.70347648261759,-5.0,37
2021-08-02,-3.63636363636363,-9.0,27
2021-08-02,-4.41527446300716,-6.5,44
2021-08-02,-1.37254901960784,-6.5,12
2021-08-02,-5.95533498759305,-6.5,6
2021-08-02,-4.91400491400491,-7.2,20
2021-08-02,-5.29953917050692,-10.0,6
2021-08-02,-3.98773006134969,-6.5,22
2021-08-02,-4.28636570907432,-8.0,12
2021-08-02,-4.28636570907432,-6.5,41
2021-08-02,-4.70347648261759,-6.5,54
2021-08-02,-9.31263858093126,-9.0,9
2021-08-02,-6.52173913043478,-10.0,7
2021-08-02,-3.63636363636363,-10.0,12
2021-08-02,-2.33812949640288,-4.0,8
2021-08-02,-4.28636570907432,-10.0,9
2021-08-02,-2.55863539445629,-5.0,7
2021-08-02,-6.64972469292672,-5.0,57
2021-08-02,-11.5869017632242,-6.5,11
2021-08-02,-9.31263858093126,-9.0,6
2021-08-02,-6.28272251308901,-6.5,6
2021-08-02,-4.28636570907432,-8.0,9
2021-08-02,-4.90196078431372,-5.0,13
2021-08-02,-4.90196078431372,-5.0,7
2021-08-02,-5.55555555555555,-5.0,6
2021-08-02,-6.17977528089888,-6.5,11
2021-08-02,-4.28636570907432,-6.5,62
2021-08-02,-10.632911392405,-10.0,16
2021-08-02,-7.38007380073801,-6.5,9
2021-08-02,-8.65800865800867,-6.5,8
2021-07-26,-5.10510510510511,-6.5,10
2021-07-26,-8.38095238095239,-6.5,6
2021-07-26,-6.03715170278637,-6.5,6
2021-07-26,-6.13333333333334,-5.0,8
2021-07-26,-9.89361702127655,-9.5,6
2021-07-26,-5.85683297180043,-7.0,15
2021-07-26,-5.0531914893617,-6.5,6
2021-07-26,-10.1123595505618,-2.0,6
2021-07-26,-7.60869565217391,-4.0,47
2021-07-26,-5.56309362279512,-6.5,14
2021-07-26,-5.12333965844402,-6.5,6
2021-07-26,-7.09219858156029,-7.0,7
2021-07-26,-5.5944055944056,-7.0,43
2021-07-26,-9.26640926640927,-8.0,6
2021-07-26,-11.251580278129,-6.5,13
2021-07-26,-4.74358974358974,-9.5,11
2021-07-26,-5.86264656616416,-2.0,52
2021-07-26,-4.76190476190476,-9.0,42
2021-07-26,-8.72727272727275,-5.0,13
2021-07-26,-11.251580278129,-5.0,12
2021-07-26,-9.99999999999999,-7.0,12
2021-07-26,-10.1123595505618,-5.0,11
2021-07-26,-6.56814449917898,-2.0,154
2021-07-26,-1.69971671388102,-4.0,6
2021-07-26,-1.69971671388102,-5.0,7
2021-07-26,-5.84707646176911,-2.0,55
2021-07-26,-4.64037122969838,-5.0,58
2021-07-26,-6.50205761316873,-10.0,103
2021-07-26,-6.57354149548069,-10.0,124
2021-07-26,-4.22812192723697,-6.5,14
2021-07-26,-4.93827160493827,-9.0,13
2021-07-26,-6.13333333333334,-2.0,7
2021-07-26,-5.81717451523546,-2.0,9
2021-07-26,-7.60869565217391,-9.0,20
2021-07-26,-7.60869565217391,-5.0,27
2021-07-26,-1.69971671388102,-4.0,7
2021-07-26,-3.67504835589942,-6.5,18
2021-07-26,-6.6006600660066,-6.5,8
2021-07-26,-2.14646464646465,-6.5,12
2021-07-26,-9.31558935361214,-6.5,21
2021-07-26,-5.54561717352415,-10.0,123
2021-07-26,-4.70175438596492,-4.0,16
2021-07-26,-2.14646464646465,-4.0,7
2021-07-26,-11.0024449877751,-6.5,18
2021-07-26,-1.69971671388102,-4.0,8
2021-07-26,-4.70175438596492,-4.0,48
2021-07-26,-3.67504835589942,-6.5,24
2021-07-26,-2.06349206349206,-4.4,6
2021-07-26,-5.15075376884422,-6.5,26
2021-07-26,-4.70175438596492,-4.0,14
2021-07-26,-9.89361702127655,-9.0,13
2021-07-26,-4.24757281553398,-6.5,14
2021-07-26,-10.45197740113,-5.0,7
2021-07-26,-4.84261501210654,-5.0,7
2021-07-26,-4.99432463110102,-5.0,15
2021-07-26,-7.06476030277544,-5.0,329
2021-07-19,-7.56676557863502,-6.5,20
2021-07-19,-6.54468684025334,-5.0,38
2021-07-19,-0.46674445740957,-5.0,110
2021-07-19,-8.94854586129749,-5.0,7
2021-07-19,-7.38993710691824,-5.0,6
2021-07-19,-5.35714285714285,-5.0,10
2021-07-19,-8.03921568627446,-6.5,23
2021-07-19,-8.29268292682929,-6.5,8
2021-07-19,-6.54468684025334,-6.5,11
2021-07-19,-7.75862068965516,-6.5,76
2021-07-19,-10.2127659574468,-5.0,10
2021-07-19,-8.14479638009047,-5.0,35
2021-07-19,-7.30337078651685,-10.0,12
2021-07-19,-8.14479638009047,-7.0,6
2021-07-19,-7.6517150395778,-6.5,6
2021-07-19,-3.84615384615384,-5.0,44
2021-07-19,-8.36864406779661,-9.0,16
2021-07-19,-6.54468684025334,-7.2,12
2021-07-19,-4.24528301886793,-4.0,8
2021-07-19,-7.43801652892563,-5.0,29
2021-07-19,-5.91397849462366,-10.0,18
2021-07-19,-5.16342965419233,-5.0,15
2021-07-19,-7.05882352941176,-5.0,11
2021-07-19,-8.36864406779661,-10.0,8
2021-07-19,-6.54761904761904,-10.0,9
2021-07-19,-5.13447432762837,-5.0,9
2021-07-19,-5.4014598540146,-5.0,176
2021-07-19,-4.9469964664311,-10.0,20
2021-07-19,-8.14479638009047,-5.0,8
2021-07-19,-8.14479638009047,-6.5,22
2021-07-12,-5.18207282913165,-6.5,24
2021-07-12,-6.09579100145138,-7.0,14
2021-07-12,-5.87431693989071,-5.0,20
2021-07-12,-8.17610062893081,-5.0,6
2021-07-12,-9.90990990990987,-6.5,9
2021-07-12,-6.18336886993604,-5.0,203
2021-07-12,-10.1098901098901,-10.0,35
2021-07-12,-9.38232994526973,-6.5,12
2021-07-12,-7.72200772200768,-9.2,8
2021-07-12,-6.09579100145138,-5.0,18
2021-07-12,-6.31424375917767,-7.0,6
2021-07-12,-5.59585492227979,-5.0,10
2021-07-12,-5.75916230366492,-10.0,6
2021-07-12,-2.34192037470726,-4.4,19
2021-07-12,-6.18260244428468,-5.0,49
2021-07-12,-8.17120622568097,-6.5,35
2021-07-12,-10.3448275862069,-2.0,12
2021-07-12,-7.82122905027933,-9.0,9
2021-07-12,-9.04872389791183,-9.0,8
2021-07-12,-5.46378653113087,-9.2,7
2021-07-12,-9.04872389791183,-10.0,9
2021-07-12,-5.59585492227979,-10.0,9
2021-07-12,-5.3921568627451,-6.5,6
2021-07-12,-8.46681922196796,-9.0,9
2021-07-12,-6.34920634920635,-9.0,25
2021-07-12,-8.82778581765558,-5.0,6
2021-07-12,-5.46378653113087,-9.2,15
2021-07-12,-6.18260244428468,-5.0,36
2021-07-12,-7.86729857819905,-9.0,11
2021-07-12,-5.74555403556771,-10.0,12
2021-07-12,-7.43639921722113,-5.0,21
2021-07-12,-7.09342560553633,-5.0,36
2021-07-12,-7.11805555555555,-5.0,14
2021-07-12,-6.18336886993604,-5.0,47
2021-07-12,-6.11620795107033,-5.0,8
2021-07-12,-7.07070707070707,-5.0,28
2021-07-12,-7.13073005093378,-5.0,128
2021-07-12,-8.92857142857143,-9.2,6
2021-07-12,1.59362549800796,-4.0,19
2021-07-12,-10.1098901098901,-9.0,13
2021-07-12,-10.1098901098901,-6.5,12
2021-07-12,-6.1764705882353,-9.0,133
2021-07-12,-4.66019417475729,-6.5,14
2021-07-12,-6.1764705882353,-6.5,7
2021-07-12,-9.32835820895522,-10.0,6
2021-07-12,-5.87431693989071,-9.0,9
2021-07-05,-5.56900726392251,-10.0,10
2021-07-05,-6.62983425414365,-6.5,62
2021-07-05,-5.58375634517766,-6.5,6
2021-07-05,-8.25593395252841,-5.0,12
2021-07-05,-7.23684210526315,-6.5,10
2021-07-05,-7.28862973760937,-7.0,196
2021-07-05,-5.58375634517766,-7.0,15
2021-07-05,-7.78443113772455,-10.0,7
2021-07-05,-5.99889928453495,-10.0,10
2021-07-05,-6.43500643500643,-6.5,12
2021-07-05,-8.25593395252841,-7.0,12
2021-07-05,-3.01953818827709,-8.0,7
2021-07-05,-3.15581854043393,-5.0,6
2021-07-05,-7.23684210526315,-5.0,40
2021-07-05,-2.4390243902439,-10.0,47
2021-07-05,-7.78443113772455,-10.0,11
2021-07-05,-2.4390243902439,-2.0,16
2021-07-05,-8.02469135802469,-6.5,56
2021-07-05,-5.58375634517766,-5.0,6
2021-07-05,-7.30434782608695,-5.0,135
2021-07-05,-8.25593395252841,-5.0,15
2021-07-05,-7.78443113772455,-10.0,10
2021-07-05,-6.47619047619048,-5.0,8
2021-07-05,-8.13397129186603,-6.5,6
2021-07-05,-5.43478260869565,-8.0,15
2021-07-05,-6.22876557191393,-5.0,7
2021-07-05,-7.10280373831776,-10.0,11
2021-07-05,-7.10280373831776,-7.2,15
2021-07-05,-5.58375634517766,-6.5,6
2021-07-05,-7.67441860465116,-5.0,17
2021-07-05,-5.99889928453495,-6.5,10
2021-07-05,-6.17283950617283,-6.5,8
2021-07-05,-2.98047276464542,-6.5,7
2021-07-05,-6.73575129533679,-10.0,6
2021-07-05,-5.04385964912281,-5.0,29
2021-07-05,-3.67383512544803,-10.0,7
2021-07-05,-6.22222222222223,-6.5,41
2021-06-28,-4.63576158940397,-6.5,7
2021-06-28,-7.89473684210526,-5.0,7
2021-06-28,-6.875,-10.0,12
2021-06-28,-5.57184750733138,-5.0,21
2021-06-28,-8.51528384279476,-7.0,7
2021-06-28,-7.24946695095949,-5.0,14
2021-06-28,-5.99250936329588,-6.5,7
2021-06-28,-7.37100737100737,-10.0,19
2021-06-28,-4.28769017980636,-5.0,41
2021-06-28,-4.50346420323326,-5.0,6
2021-06-28,-4.16666666666667,-5.0,9
2021-06-28,-8.19672131147541,-9.0,30
2021-06-28,-7.03125,-7.2,24
2021-06-28,-7.95454545454546,-5.0,29
2021-06-28,-6.81818181818182,-6.5,54
2021-06-28,-6.82492581602374,-5.0,441
2021-06-28,-6.88172043010753,-5.0,60
2021-06-28,-4.55445544554456,-9.0,6
2021-06-28,-8.65248226950354,-10.0,14
2021-06-28,-7.95454545454546,-5.0,36
2021-06-28,-4.33566433566433,-5.0,11
2021-06-28,-4.55445544554456,-9.0,6
2021-06-28,-7.25190839694657,-10.0,13
2021-06-28,-6.21836587129428,-5.0,13
2021-06-28,-7.90960451977401,-5.0,7
2021-06-28,-7.90020790020791,-2.0,6
2021-06-28,-4.36241610738255,-8.0,11
2021-06-28,-6.75675675675676,-6.5,175
2021-06-28,-4.96397117694156,-5.0,8
2021-06-28,-4.51977401129944,-5.0,6
2021-06-28,-7.95454545454546,-5.0,21
2021-06-28,-4.51127819548872,-5.0,170
2021-06-28,-7.51565762004172,-4.0,20
2021-06-28,-7.89473684210526,-5.0,29
2021-06-28,-7.89473684210526,-5.0,27
2021-06-28,-6.56716417910448,-7.5,22
2021-06-28,-10.2230483271375,-5.0,6
2021-06-28,-6.24048706240487,-5.0,7
2021-06-28,-3.8821954484605,-2.0,18
2021-06-28,-5.58510638297872,-4.0,13
2021-06-28,-8.33333333333331,-6.5,6
2021-06-28,-5.94059405940594,-8.0,7
2021-06-28,-11.0091743119266,-10.0,14
2021-06-28,-6.91927512355849,-7.0,21
2021-06-28,-6.94736842105263,-7.2,9
2021-06-28,-7.17592592592593,-4.0,23
2021-06-28,-6.34920634920635,-4.0,13
2021-06-28,-8.02919708029197,-5.0,7
2021-06-28,-7.76255707762554,-5.0,6
2021-06-28,-10.8949416342412,-5.0,6
2021-06-28,-3.96039603960396,-5.0,7
2021-06-28,-8.47457627118643,-6.5,37
2021-06-28,-6.10079575596817,-7.2,28
2021-06-28,-7.09677419354839,-5.0,6
2021-06-28,-7.90960451977401,-5.0,10
2021-06-28,-7.89473684210526,-6.5,66
2021-06-28,-7.90020790020791,-2.0,9
2021-06-28,-4.55445544554456,-2.0,6
2021-06-28,-4.33566433566433,-5.0,21
2021-06-28,-6.2111801242236,-5.0,12
2021-06-28,-7.25190839694657,-7.2,24
2021-06-28,-6.06617647058824,-2.0,56
2021-06-28,-6.07476635514019,-5.0,220
2021-06-28,-6.875,-10.0,8
2021-06-28,-1.06382978723404,-2.0,7
2021-06-28,-4.96397117694156,-5.0,10
2021-06-28,-6.875,-10.0,6
2021-06-28,-6.1711079943899,-5.0,9
2021-06-28,-4.55840455840456,-6.5,7
2021-06-28,-10.2230483271375,-5.0,8
2021-06-28,-6.69856459330144,-7.5,20
2021-06-28,-6.20525059665871,-5.0,13
2021-06-21,-9.16496945010187,-10.0,8
2021-06-21,-8.22510822510823,-5.0,8
2021-06-21,-5.43159792652693,-7.0,14
2021-06-21,-5.90909090909091,-2.0,8
2021-06-21,-8.07453416149068,-9.5,85
2021-06-21,-5.82959641255606,-10.0,38
2021-06-21,-8.300395256917,-5.0,12
2021-06-21,-7.45967741935484,-4.4,9
2021-06-21,-3.86996904024768,-10.0,18
2021-06-21,-6.59186535764376,-10.0,26
2021-06-21,-7.96019900497512,-9.0,15
2021-06-21,-2.83968368080518,-10.0,11
2021-06-21,-8.51063829787235,-5.0,6
2021-06-21,-4.40060698027314,-5.0,8
2021-06-21,-5.08083140877598,-6.5,7
2021-06-21,-8.300395256917,-10.0,7
2021-06-21,-4.40060698027314,-5.0,8
2021-06-21,-8.52017937219731,-5.0,8
2021-06-21,-7.96019900497512,-6.5,32
2021-06-21,-10.195530726257,-9.0,6
2021-06-21,-4.13197656490903,-5.0,6
2021-06-21,-8.44155844155844,-5.0,27
2021-06-21,-12.1338912133891,-10.0,6
2021-06-21,-8.19262038774234,-10.0,7
2021-06-21,-8.24175824175825,-9.0,10
2021-06-21,-6.32111251580278,-9.0,124
2021-06-21,-8.91089108910892,-5.0,8
2021-06-21,-5.44918998527246,-10.0,9
2021-06-21,-6.26865671641792,-5.0,162
2021-06-21,-7.3170731707317,-4.4,7
2021-06-21,-2.27272727272727,-5.0,35
2021-06-21,-7.05128205128205,-10.0,9
2021-06-21,-9.07473309608541,-10.0,11
2021-06-21,-7.69230769230769,-10.0,9
2021-06-21,-9.28571428571428,-10.0,9
2021-06-21,-12.3636363636363,-6.5,7
2021-06-21,-7.9295154185022,-10.0,8
2021-06-21,-5.44554455445544,-5.0,9
2021-06-21,-8.23529411764706,-6.5,17
2021-06-21,-9.28571428571428,-10.0,20
2021-06-21,-7.69230769230769,-10.0,34
2021-06-21,-9.16496945010187,-5.0,23
2021-06-21,-8.38709677419355,-7.0,26
2021-06-21,-5.9375,-7.2,7
2021-06-21,-7.45967741935484,-6.5,7
2021-06-14,-4.83870967741936,-4.0,15
2021-06-14,-3.39270568278201,-2.0,40
2021-06-14,-7.6555023923445,-5.0,89
2021-06-14,-6.58227848101265,-10.0,9
2021-06-14,-5.94405594405594,-9.0,30
2021-06-14,-5.10018214936248,-5.0,9
2021-06-14,-5.78512396694215,-5.0,29
2021-06-14,-6.71936758893281,-5.0,6
2021-06-14,-3.59281437125749,-5.0,17
2021-06-14,-7.48299319727891,-5.0,14
2021-06-14,-8.02469135802472,-5.0,10
2021-06-14,-7.55287009063444,-5.0,33
2021-06-14,-7.06075533661741,-5.0,8
2021-06-14,-7.28476821192053,-5.0,7
2021-06-14,0.0,-2.0,6
2021-06-14,-3.39270568278201,-4.0,37
2021-06-14,-5.72337042925278,-5.0,14
2021-06-14,-9.05797101449277,-9.0,8
2021-06-14,-7.8688524590164,-5.0,22
2021-06-14,-6.27962085308057,-5.0,10
2021-06-14,-6.27962085308057,-5.0,22
2021-06-14,-6.71936758893281,-5.0,10
2021-06-14,-7.5,-6.5,24
2021-06-14,-8.06845965770171,-5.0,42
2021-06-14,-5.04504504504505,-5.0,9
2021-06-14,-8.05369127516778,-6.5,28
2021-06-14,-9.84578884934754,-5.0,11
2021-06-14,-8.07174887892377,-5.0,7
2021-06-14,-6.51289009497965,-5.0,6
2021-06-14,-2.51572327044025,-7.0,8
2021-06-14,-6.78571428571429,-10.0,10
2021-06-14,-6.52985074626866,-9.0,13
2021-06-14,-7.8688524590164,-7.0,32
2021-06-14,-5.06950122649223,-5.0,17
2021-06-14,-7.89980732177268,-9.2,9
2021-06-14,-6.45586297760211,-5.0,6
2021-06-14,-6.51162790697674,-5.0,9
2021-06-14,-7.28476821192053,-5.0,21
2021-06-14,-7.85824345146379,-5.0,24
2021-06-14,-3.83795309168443,-5.0,17
2021-06-14,-4.53216374269006,-5.0,23
2021-06-14,-7.30223123732251,-5.0,22
2021-06-14,-7.3943661971831,-9.0,12
2021-06-14,-6.65083135391924,-10.0,7
2021-06-14,-8.23970037453184,-5.0,14
2021-06-14,-6.656346749226,-5.0,20
2021-06-14,-7.14285714285714,-5.0,7
2021-06-14,-7.05882352941176,-5.0,14
2021-06-14,-8.36575875486381,-6.5,10
2021-06-14,-8.46023688663285,-6.5,10
2021-06-14,-4.8582995951417,-5.0,29
2021-06-14,-6.656346749226,-5.0,33
2021-06-14,-6.99356913183279,-9.0,8
2021-06-14,-7.77604976671851,-5.0,58
2021-06-14,-5.45094152626363,-6.5,16
2021-06-14,-6.656346749226,-5.0,70
2021-06-14,-6.94444444444445,-5.0,7
2021-06-14,-7.93650793650794,-9.0,7
2021-06-14,-7.14285714285714,-5.0,23
2021-06-14,-8.36575875486381,-6.5,7
2021-06-14,-8.07174887892377,-5.0,9
2021-06-14,-7.74818401937046,-5.0,6
2021-06-14,-6.06826801517067,-5.0,325
2021-06-14,-6.82261208576998,-5.0,9
2021-06-14,-4.58452722063037,-5.0,23
2021-06-14,-7.02576112412178,-9.2,10
2021-06-14,-6.48148148148148,-6.5,20
2021-06-14,-8.64197530864195,-6.5,6
2021-06-14,-5.72337042925278,-5.0,219
2021-06-14,-6.83890577507599,-5.0,16
2021-06-14,-5.39568345323741,-5.0,374
2021-06-14,-3.83795309168443,-9.0,9
2021-06-14,-7.5,-10.0,103
2021-06-14,-5.46218487394958,-6.5,7
2021-06-14,-6.76416819012797,-5.0,12
2021-06-14,-6.11620795107034,-9.0,12
2021-06-14,-5.80645161290323,-5.0,40
2021-06-14,-3.39270568278201,-4.0,41
2021-06-14,-6.0584461867427,-6.5,6
2021-06-14,-10.0671140939598,-2.0,6
2021-06-14,-6.31970260223049,-6.5,8
2021-06-14,-5.77689243027888,-5.0,6
2021-06-14,-5.60578661844485,-9.0,8
2021-06-07,-7.18562874251498,-5.0,6
2021-06-07,-5.33980582524272,-6.5,34
2021-06-07,-5.91133004926108,-2.0,7
2021-06-07,-9.03614457831326,-10.0,8
2021-06-07,-9.69574036511156,-9.0,49
2021-06-07,-6.72645739910314,-8.0,6
2021-06-07,-8.80829015544037,-10.0,18
2021-06-07,-6.65064102564102,-2.0,7
2021-06-07,-8.54503464203231,-5.0,7
2021-06-07,-5.75539568345324,-5.0,6
2021-06-07,-9.14634146341462,-4.0,18
2021-06-07,-4.52674897119341,-2.0,6
2021-06-07,-8.77192982456139,-10.0,20
2021-06-07,-3.79616257478853,-4.4,11
2021-06-07,-3.18471337579618,-5.0,9
2021-06-07,-8.17843866171005,-6.5,28
2021-06-07,-9.21739130434781,-6.5,11
2021-06-07,-5.79790171176146,-5.0,19
2021-06-07,-9.61538461538463,-6.5,27
2021-06-07,-8.48329048843188,-5.0,8
2021-06-07,-5.51378446115288,-10.0,10
2021-06-07,-8.5923217550274,-5.0,7
2021-06-07,-7.27580372250424,-5.0,26
2021-06-07,-6.18336886993603,-6.5,22
2021-06-07,-8.78378378378378,-6.5,10
2021-06-07,-5.23882896764253,-6.5,10
2021-06-07,-6.91056910569105,-5.0,7
2021-06-07,-9.21875,-6.5,6
2021-06-07,-3.79616257478853,-10.0,16
2021-06-07,-7.58807588075881,-2.0,7
2021-06-07,-7.8740157480315,-9.0,6
2021-06-07,-5.23690773067331,-5.0,9
2021-06-07,-8.30188679245283,-6.5,6
2021-06-07,-9.45674044265589,-5.0,8
2021-06-07,-8.31168831168834,-5.0,22
2021-06-07,-8.9770354906054,-5.0,9
2021-06-07,-8.87681159420294,-6.5,8
2021-06-07,-8.02469135802469,-6.5,22
2021-06-07,-5.64516129032258,-5.0,53
2021-06-07,-5.80580580580581,-7.0,7
2021-06-07,-8.11188811188806,-10.0,127
2021-06-07,-9.21739130434781,-4.0,11
2021-06-07,-6.58227848101266,-2.0,17
2021-06-07,-8.13953488372093,-6.5,14
2021-06-07,-5.75916230366492,-5.0,190
2021-06-07,-3.77733598409543,-10.0,19
2021-06-07,-2.49110320284697,-9.0,16
2021-06-07,-7.85714285714286,-2.0,15
2021-06-07,-6.47058823529412,-5.0,195
2021-06-07,-6.29722921914358,-10.0,18
2021-06-07,-10.5660377358491,-9.0,6
2021-06-07,-5.04587155963303,-4.4,31
2021-06-07,-7.09342560553633,-6.5,7
2021-06-07,-7.08215297450425,-5.0,9
2021-06-07,-7.66283524904215,-4.4,35
2021-06-07,-11.2852664576802,-6.5,6
2021-06-07,-7.73809523809524,-5.0,7
2021-06-07,-6.75575352635486,-9.0,14
2021-06-07,-6.65064102564102,-10.0,15
2021-06-07,-7.72442588726514,-5.0,21
2021-06-07,-6.13207547169812,-5.0,308
2021-06-07,-6.94789081885857,-6.5,15
2021-06-07,-5.09164969450102,-10.0,12
2021-06-07,-5.44354838709677,-5.0,53
2021-06-07,-5.32359081419624,-7.0,11
2021-06-07,-7.82918149466193,-5.0,9
2021-06-07,-5.13983371126228,-10.0,6
2021-06-07,-9.03790087463561,-6.5,14
2021-06-07,-7.46812386156649,-10.0,7
2021-06-07,-6.68604651162791,-5.0,17
2021-06-07,-6.96798493408663,-6.5,18
2021-06-07,-8.52575488454707,-6.5,12
2021-06-07,-2.76595744680851,-5.0,9
2021-06-07,-8.5923217550274,-5.0,14
2021-06-07,-8.87681159420294,-5.0,11
2021-06-07,-8.71459694989107,-9.0,27
2021-06-07,-8.5923217550274,-6.5,10
2021-06-07,-9.34065934065933,-7.2,16
2021-06-07,-2.88966725043783,-5.0,12
2021-06-07,-3.52112676056338,-9.0,8
2021-06-07,-5.75539568345324,-2.0,13
2021-05-31,-7.14285714285714,-10.0,9
2021-05-31,-7.06214689265537,-10.0,13
2021-05-31,-8.09486578055771,-10.0,12
2021-05-31,-5.07246376811595,-5.0,7
2021-05-31,-7.14285714285714,-10.0,6
2021-05-31,-5.07246376811595,-6.5,11
2021-05-31,-7.14285714285714,-10.0,6
2021-05-31,-7.14285714285714,-10.0,6
2021-05-31,-8.27922077922078,-10.0,19
2021-05-31,-6.81003584229391,-5.0,54
2021-05-31,-7.06214689265537,-10.0,9
2021-05-31,-5.8659217877095,-7.0,21
2021-05-31,-6.27737226277372,-9.0,7
2021-05-31,-8.75706214689263,-5.0,33
2021-05-31,-7.14285714285714,-9.0,12
2021-05-31,-6.81003584229391,-9.0,303
2021-05-31,-4.84988452655889,-6.5,105
2021-05-31,-6.5015479876161,-5.0,42
2021-05-31,-7.14285714285714,-6.5,9
2021-05-31,-7.14285714285714,-6.5,49
2021-05-31,-7.06214689265537,-10.0,7
2021-05-31,-7.14285714285714,-10.0,6
2021-05-31,-8.75706214689263,-10.0,6
2021-05-31,-7.14285714285714,-10.0,8
2021-05-31,-8.23529411764707,-10.0,22
2021-05-31,-6.77966101694916,-9.0,7
2021-05-31,-7.14285714285714,-10.0,7
2021-05-31,-8.23529411764707,-7.0,22
2021-05-31,-7.14285714285714,-6.5,10
2021-05-31,-7.14285714285714,-10.0,12
2021-05-31,-7.14285714285714,-9.0,195
2021-05-31,-5.6,-6.5,111
2021-05-31,-3.08219178082192,-9.0,129
2021-05-31,-8.16087465833658,-10.0,9
2021-05-31,-5.37931034482759,-10.0,9
2021-05-31,-7.12945590994372,-9.0,32
2021-05-31,-7.14285714285714,-10.0,6
2021-05-31,-3.88198757763975,-9.0,7
2021-05-31,-5.49927641099855,-5.0,12
2021-05-31,-8.80195599022005,-9.0,11
2021-05-31,-7.14285714285714,-7.0,57
2021-05-31,-7.14285714285714,-7.0,25
2021-05-31,-8.27740492170022,-9.0,81
2021-05-31,-6.45161290322581,-7.5,12
2021-05-31,-7.06214689265537,-7.5,21
2021-05-31,-7.14285714285714,-10.0,6
2021-05-31,-8.09486578055771,-10.0,8
2021-05-31,-6.5015479876161,-6.5,9
2021-05-31,-5.66037735849057,-10.0,20
2021-05-31,-7.14285714285714,-10.0,394
2021-05-31,-5.5421686746988,-9.0,47
2021-05-31,-4.56140350877193,-5.0,13
2021-05-31,-7.14285714285714,-10.0,6
2021-05-31,-7.14285714285714,-10.0,8
2021-05-31,-7.06214689265537,-10.0,6
2021-05-31,-6.00315955766193,-9.0,7
2021-05-31,-7.27969348659004,-10.0,10
2021-05-31,-6.66666666666667,-9.0,12
2021-05-31,-7.14285714285714,-5.0,24
2021-05-31,-7.74091627172196,-10.0,35
2021-05-31,-7.14285714285714,-10.0,21
2021-05-31,-4.79666319082377,-7.0,10
2021-05-31,-6.62020905923345,-10.0,16
2021-05-31,-7.14285714285714,-7.0,363
2021-05-31,-7.66073871409029,-10.0,14
2021-05-31,-7.14285714285714,-6.5,8
2021-05-31,-7.67160161507402,-8.0,12
2021-05-31,-4.77759472817134,-8.0,19
2021-05-31,-6.88102893890675,-10.0,7
2021-05-31,-8.57142857142857,-5.0,11
2021-05-31,-2.84334763948498,-5.0,27
2021-05-31,-6.19834710743801,-10.0,20
2021-05-31,-6.25,-6.5,40
2021-05-31,-7.14285714285714,-10.0,11
2021-05-31,-7.14285714285714,-10.0,6
2021-05-31,-6.99432892249528,-10.0,6
2021-05-31,-7.14285714285714,-10.0,21
2021-05-31,-6.81003584229391,-7.0,84
2021-05-31,-7.14285714285714,-10.0,6
2021-05-31,-5.31645569620253,-10.0,8
2021-05-31,-6.45161290322581,-5.0,9
2021-05-31,-7.14285714285714,-10.0,59
2021-05-31,-5.82278481012658,-9.0,30
2021-05-31,-5.66615620214395,-6.5,9
2021-05-31,-7.14285714285714,-10.0,6
2021-05-31,-8.27740492170022,-10.0,81
2021-05-31,0.40816326530612,-6.5,18
2021-05-31,-7.06214689265537,-10.0,20
2021-05-31,-7.14285714285714,-10.0,9
2021-05-31,-7.06214689265537,-10.0,66
2021-05-31,-8.36501901140684,-6.5,11
2021-05-31,-8.23529411764707,-9.0,20
2021-05-24,-5.80474934036939,-6.5,6
2021-05-24,-3.41772151898734,-5.0,6
2021-05-24,-4.95942290351668,-5.0,379
2021-05-24,-3.88007054673721,-9.0,83
2021-05-24,-6.79611650485437,-7.0,8
2021-05-24,-3.9647577092511,-4.0,9
2021-05-24,-6.95517774343122,-10.0,19
2021-05-24,-5.80474934036939,-10.0,8
2021-05-24,-5.94965675057208,-5.0,8
2021-05-24,-6.92307692307692,-5.0,12
2021-05-24,-6.5359477124183,-9.5,24
2021-05-24,-5.59757942511347,-7.5,30
2021-05-24,-6.79611650485437,-7.0,11
2021-05-24,-4.15282392026578,-10.0,12
2021-05-24,-6.21019108280254,-10.0,9
2021-05-24,-3.85144429160936,-9.0,9
2021-05-24,-6.01805416248746,-9.5,36
2021-05-24,-7.03575547866205,-7.0,67
2021-05-24,-4.84581497797357,-6.5,15
2021-05-24,-5.86166471277843,-5.0,10
2021-05-24,-5.46541417591802,-6.5,17
2021-05-24,-9.25266903914591,-10.0,10
2021-05-24,-5.67786790266512,-9.5,6
2021-05-24,-9.33660933660936,-9.0,11
2021-05-24,-4.05405405405405,-5.0,10
2021-05-24,-6.15384615384615,-6.5,21
2021-05-24,-7.2992700729927,-5.0,9
2021-05-24,-4.59770114942529,-5.0,6
2021-05-24,-6.33802816901408,-5.0,24
2021-05-24,-2.04379562043796,-10.0,9
2021-05-24,-4.35413642960813,-4.0,9
2021-05-24,-8.04749340369393,-10.0,37
2021-05-24,-3.42465753424658,-5.0,672
2021-05-24,-6.57620041753654,-9.0,9
2021-05-24,-7.49185667752443,-10.0,19
2021-05-24,-6.92307692307692,-5.0,29
2021-05-24,-5.67786790266512,-9.5,19
2021-05-24,-5.86743933357479,-9.5,372
2021-05-24,-1.11248454882571,-4.4,8
2021-05-24,-6.10021786492375,-9.2,24
2021-05-24,-6.01092896174863,-10.0,6
2021-05-24,-3.72168284789644,-9.0,22
2021-05-24,-6.57620041753654,-10.0,10
2021-05-24,-4.22077922077922,-9.0,24
2021-05-24,-3.85144429160936,-9.0,6
2021-05-24,-6.79611650485437,-9.0,6
2021-05-24,-8.15660685154975,-5.0,20
2021-05-24,-7.31428571428572,-6.5,150
2021-05-24,-5.80037664783428,-9.0,926
2021-05-24,-3.85144429160936,-9.0,10
2021-05-24,-3.77358490566038,-10.0,17
2021-05-24,-4.25531914893617,-5.0,11
2021-05-24,-9.33660933660936,-10.0,12
2021-05-24,-6.28571428571429,-10.0,6
2021-05-24,-4.40251572327044,-5.0,56
2021-05-24,-5.67536889897844,-9.5,18
2021-05-24,-4.7583081570997,-10.0,7
2021-05-24,-4.74547023295944,-10.0,8
2021-05-24,-6.73076923076923,-10.0,29
2021-05-24,-3.85144429160936,-9.0,8
2021-05-24,-3.61552028218695,-9.5,26
2021-05-24,-6.47321428571429,-10.0,6
2021-05-24,-5.46541417591802,-5.0,8
2021-05-24,-6.17021276595744,-9.2,8
2021-05-24,-7.26950354609929,-6.5,119
2021-05-24,-4.86443381180223,-10.0,7
2021-05-24,-7.19602977667494,-6.5,8
2021-05-24,-6.91927512355848,-5.0,9
2021-05-24,-6.00961538461539,-4.0,9
2021-05-24,-4.41176470588235,-5.0,135
2021-05-24,-6.79611650485437,-10.0,69
2021-05-24,-5.67536889897844,-7.0,44
2021-05-24,-7.04500978473582,-5.0,9
2021-05-24,-5.86166471277843,-10.0,16
2021-05-24,-4.95942290351668,-9.5,323
2021-05-24,-5.82241630276565,-7.2,118
2021-05-24,-4.29936305732484,-4.0,9
2021-05-24,-7.75862068965517,-6.5,7
2021-05-24,-6.00961538461539,-9.5,6
2021-05-24,-6.15384615384615,-5.0,10
2021-05-24,-4.95942290351668,-2.0,117
2021-05-17,-4.89642184557439,-7.2,6
2021-05-17,-4.79930191972077,-5.0,9
2021-05-17,-4.31654676258993,-10.0,6
2021-05-17,-4.62962962962963,-9.0,115
2021-05-17,-5.99999999999999,-10.0,25
2021-05-17,-7.84810126582279,-10.0,16
2021-05-17,-3.2183908045977,-5.0,31
2021-05-17,-4.31654676258993,-5.0,18
2021-05-17,-6.57142857142857,-7.2,33
2021-05-17,-7.07070707070707,-9.0,8
2021-05-17,-7.33944954128441,-10.0,10
2021-05-17,-7.63358778625954,-10.0,6
2021-05-17,-4.87364620938628,-5.0,25
2021-05-17,-5.79514824797843,-10.0,9
2021-05-17,-5.13307984790875,-8.0,20
2021-05-17,-4.09356725146199,-5.0,9
2021-05-17,-6.47482014388489,-9.0,130
2021-05-17,-6.31163708086785,-10.0,27
2021-05-17,-3.26340326340327,-2.0,7
2021-05-17,-7.5801749271137,-10.0,6
2021-05-17,-6.57142857142857,-10.0,18
2021-05-17,-4.28015564202335,-10.0,6
2021-05-17,-5.5921052631579,-7.2,9
2021-05-17,-5.05130228887135,-5.0,10
2021-05-17,-4.34782608695652,-10.0,13
2021-05-17,-4.0,-10.0,12
2021-05-17,-4.35413642960813,-10.0,23
2021-05-17,-7.72277227722773,-5.0,15
2021-05-17,-5.81113801452785,-10.0,33
2021-05-17,-6.40569395017794,-9.0,12
2021-05-17,-6.10932475884245,-10.0,10
2021-05-17,-5.9190031152648,-10.0,75
2021-05-17,-4.88888888888889,-7.0,226
2021-05-17,-5.13307984790875,-7.0,35
2021-05-17,-6.47709320695103,-7.0,6
2021-05-17,-3.44827586206896,-6.5,9
2021-05-17,-8.50515463917529,-10.0,10
2021-05-17,-5.18672199170124,-5.0,49
2021-05-17,-7.30223123732252,-9.0,8
2021-05-17,-6.64206642066421,-5.0,13
2021-05-17,-5.62659846547315,-5.0,13
2021-05-17,-4.36046511627908,-10.0,17
2021-05-17,-5.81113801452785,-7.2,50
2021-05-17,-6.28930817610063,-4.0,22
2021-05-17,-7.53424657534247,-10.0,10
2021-05-17,-6.98529411764706,-6.5,46
2021-05-17,-4.04494382022471,-4.0,7
2021-05-17,-4.04040404040404,-6.5,13
2021-05-17,-4.52961672473868,-6.5,6
2021-05-17,-7.84810126582279,-10.0,37
2021-05-17,-8.0078125,-6.5,9
2021-05-17,-4.05498281786941,-10.0,16
2021-05-17,-3.23159784560144,-6.5,11
2021-05-17,-3.2183908045977,-5.0,11
2021-05-17,-3.96975425330813,-7.0,40
2021-05-17,-4.31654676258993,-10.0,28
2021-05-17,-4.05498281786941,-10.0,48
2021-05-17,-6.5979381443299,-10.0,13
2021-05-17,-4.14438502673797,-10.0,8
2021-05-17,-3.87243735763098,-6.5,7
2021-05-17,-3.38983050847457,-6.5,7
2021-05-17,-4.0,-10.0,25
2021-05-17,-3.2171581769437,-6.5,19
2021-05-17,-3.87931034482759,-10.0,7
2021-05-17,-6.48464163822525,-10.0,18
2021-05-17,-4.44444444444444,-2.0,8
2021-05-17,-3.23159784560144,-6.5,9
2021-05-17,-7.84313725490196,-9.5,84
2021-05-17,-5.81113801452785,-10.0,14
2021-05-17,-7.5801749271137,-7.0,13
2021-05-17,-5.17241379310345,-10.0,16
2021-05-17,-6.08974358974359,-10.0,7
2021-05-17,-6.5979381443299,-10.0,15
2021-05-10,-8.55855855855856,-9.5,47
2021-05-10,-6.01719197707736,-10.0,7
2021-05-10,-7.45341614906832,-10.0,18
2021-05-10,-6.1576354679803,-5.0,23
2021-05-10,-6.01001669449082,-8.0,19
2021-05-10,-2.18642117376294,-2.0,18
2021-05-10,-3.2421052631579,-7.0,6
2021-05-10,-6.52173913043478,-5.0,13
2021-05-10,-6.98924731182796,-6.5,6
2021-05-10,-7.439446366782,-10.0,21
2021-05-10,-8.26032540675845,-10.0,14
2021-05-10,-8.10810810810811,-5.0,22
2021-05-10,-5.39568345323741,-6.5,19
2021-05-10,-9.54356846473025,-5.0,7
2021-05-10,-9.63597430406857,-6.5,9
2021-05-10,-7.69230769230769,-9.0,19
2021-05-10,-7.69911504424779,-5.0,60
2021-05-10,-8.88290713324365,-5.0,109
2021-05-10,-7.81563126252505,-5.0,14
2021-05-10,-3.26481257557437,-9.0,27
2021-05-10,-10.2493074792243,-10.0,7
2021-05-10,-8.42105263157895,-10.0,6
2021-05-10,-4.1015625,-6.5,6
2021-05-10,-7.62852404643449,-9.0,10
2021-05-10,-5.06329113924051,-9.0,11
2021-05-10,-9.63597430406857,-10.0,7
2021-05-10,-10.5413105413105,-5.0,14
2021-05-10,-6.41711229946524,-6.5,7
2021-05-10,-8.02469135802469,-9.0,9
2021-05-10,-8.25688073394495,-5.0,37
2021-05-10,-8.23244552058111,-5.0,237
2021-05-10,-8.42105263157895,-10.0,8
2021-05-10,-9.63597430406857,-6.5,15
2021-05-10,-8.37359098228663,-6.5,19
2021-05-10,-8.64864864864861,-7.0,103
2021-05-10,-6.07661822985469,-5.0,10
2021-05-10,-6.81063122923588,-7.0,13
2021-05-10,-7.68115942028985,-5.0,29
2021-05-10,-9.36739659367394,-10.0,9
2021-05-10,-7.56172839506173,-5.0,8
2021-05-10,-7.91245791245792,-6.5,6
2021-05-10,-4.26229508196721,-5.0,52
2021-05-10,-10.2493074792243,-10.0,6
2021-05-10,-5.31697341513292,-5.0,6
2021-05-10,-6.85483870967742,-6.5,8
2021-05-10,-7.65124555160142,-5.0,13
2021-05-10,-8.55855855855856,-9.5,61
2021-05-10,-4.71014492753623,-7.2,12
2021-05-10,-7.20524017467249,-7.2,61
2021-05-10,-7.45341614906832,-10.0,58
2021-05-10,-7.68115942028985,-5.0,11
2021-05-10,-2.05696202531646,-9.5,8
2021-05-10,-7.64331210191083,-10.0,9
2021-05-10,-11.2311015118791,-5.0,19
2021-05-10,-8.41530054644808,-6.5,46
2021-05-10,-5.16962843295638,-9.0,30
2021-05-10,-4.55531453362256,-5.0,6
2021-05-10,-5.21739130434782,-6.5,19
2021-05-10,-7.61421319796955,-5.0,334
2021-05-10,-8.42105263157895,-10.0,7
2021-05-10,-8.55855855855856,-6.5,30
2021-05-10,-9.19117647058826,-10.0,7
2021-05-10,-4.51030927835051,-4.0,15
2021-05-10,-2.03125,-9.0,7
2021-05-10,-6.86591276252019,-5.0,138
2021-05-10,-10.0636942675159,-10.0,19
2021-05-10,-5.00595947556615,-6.5,7
2021-05-10,-8.42572062084258,-6.5,7
2021-05-10,-5.84343991179714,-6.5,15
2021-05-10,-6.90690690690691,-10.0,8
2021-05-10,-6.85483870967742,-6.5,9
2021-05-10,-11.2311015118791,-5.0,54
2021-05-10,-8.04455445544552,-4.0,8
2021-05-10,-7.64331210191083,-10.0,14
2021-05-10,-5.78512396694215,-7.0,6
2021-05-10,-7.01754385964912,-9.0,8
2021-05-10,-6.79190751445087,-7.2,7
2021-05-10,-5.43933054393305,-6.5,7
2021-05-10,-7.94044665012407,-5.0,27
2021-05-10,-2.03125,-6.5,13
2021-05-03,-6.18556701030928,-6.5,44
2021-05-03,-9.40860215053762,-6.5,6
2021-05-03,-7.07762557077626,-9.5,35
2021-05-03,-5.4054054054054,-10.0,7
2021-05-03,-9.56284153005467,-5.0,8
2021-05-03,-9.0909090909091,-6.5,19
2021-05-03,-5.68265682656827,-2.0,23
2021-05-03,-5.60257960499798,-6.5,213
2021-05-03,-6.99815837937385,-5.0,61
2021-05-03,-4.08525754884547,-7.2,11
2021-05-03,-6.02572782667569,-6.5,311
2021-05-03,-6.88172043010753,-5.0,13
2021-05-03,-7.32436472346786,-9.5,10
2021-05-03,-5.37482319660537,-4.0,39
2021-05-03,-7.5907590759076,-10.0,61
2021-05-03,-6.37119113573407,-10.0,7
2021-05-03,-7.5187969924812,-6.5,28
2021-05-03,-7.88912579957356,-10.0,13
2021-05-03,-8.2089552238806,-5.0,67
2021-05-03,-8.28402366863906,-10.0,7
2021-05-03,-8.49673202614379,-10.0,18
2021-05-03,-7.2,-10.0,6
2021-05-03,-5.71870170015456,-5.0,27
2021-05-03,-5.38277511961723,-10.0,6
2021-05-03,-4.13476263399694,-5.0,22
2021-05-03,-6.17801047120419,-5.8,57
2021-05-03,-7.64617691154422,-6.5,7
2021-05-03,-7.5907590759076,-10.0,8
2021-05-03,-2.94117647058824,-8.0,11
2021-05-03,-6.81063122923588,-5.0,17
2021-05-03,-8.46325167037862,-4.0,15
2021-05-03,-7.18232044198895,-10.0,7
2021-05-03,-5.63706563706563,-5.0,643
2021-05-03,-8.49673202614379,-10.0,8
2021-05-03,-6.61157024793388,-10.0,12
2021-05-03,-8.27067669172932,-7.2,6
2021-05-03,-7.16845878136201,-10.0,6
2021-05-03,-8.66141732283469,-5.0,26
2021-05-03,-6.60377358490566,-9.0,50
2021-05-03,-3.19488817891374,-5.0,34
2021-05-03,-9.48905109489053,-5.0,11
2021-05-03,-6.13915416098226,-9.0,12
2021-05-03,-7.0548712206047,-10.0,10
2021-05-03,-6.95915279878971,-4.0,6
2021-05-03,-5.5229142185664,-8.0,21
2021-05-03,-7.65832106038289,-4.4,24
2021-05-03,-7.15596330275229,-6.5,6
2021-05-03,-5.5229142185664,-10.0,38
2021-05-03,-5.95903165735568,-10.0,7
2021-05-03,-6.47840531561462,-5.0,56
2021-05-03,-6.17801047120419,-6.5,31
2021-05-03,-5.11363636363637,-2.0,9
2021-05-03,-5.66176470588235,-5.0,12
2021-05-03,-5.9967585089141,-9.5,12
2021-05-03,-8.2089552238806,-6.5,28
2021-05-03,-7.83582089552239,-10.0,11
2021-05-03,-6.48148148148148,-4.0,7
2021-05-03,-6.8676716917923,-10.0,33
2021-05-03,-5.5229142185664,-5.0,17
2021-05-03,-3.31807780320366,-6.5,17
2021-05-03,-6.60377358490566,-10.0,18
2021-05-03,-6.13915416098226,-10.0,6
2021-05-03,-7.47967479674797,-10.0,49
2021-05-03,-6.13915416098226,-10.0,7
2021-05-03,-5.21541950113379,-9.5,13
2021-05-03,-9.56284153005467,-5.0,28
2021-05-03,-9.53545232273834,-6.5,6
2021-05-03,-8.11320754716982,-10.0,9
2021-05-03,-4.01337792642141,-10.0,10
2021-05-03,-5.66593083149375,-10.0,11
2021-05-03,-3.92857142857143,-9.0,6
2021-05-03,-5.86172344689378,-5.0,15
2021-05-03,-8.07947019867549,-6.5,10
2021-05-03,-5.04201680672269,-10.0,12
2021-05-03,-7.58196721311476,-10.0,10
2021-05-03,-2.13554151231205,-9.0,9
2021-05-03,-8.10313075506446,-9.5,54
2021-05-03,-6.97050938337802,-6.5,22
2021-05-03,-6.95915279878971,-10.0,6
2021-05-03,-6.61157024793388,-10.0,17
2021-05-03,-3.19488817891374,-6.5,39
2021-04-26,-4.64362850971922,-5.0,59
2021-04-26,-6.17079889807163,-10.0,19
2021-04-26,-3.28282828282828,-6.5,11
2021-04-26,-3.60721442885772,-10.0,6
2021-04-26,-6.67613636363636,-10.0,7
2021-04-26,-6.26506024096386,-4.0,73
2021-04-26,-4.73186119873817,-10.0,6
2021-04-26,-4.46927374301676,-5.0,20
2021-04-26,-7.40037950664136,-8.0,6
2021-04-26,-8.35117773019272,-5.0,12
2021-04-26,-9.43396226415094,-8.0,6
2021-04-26,-8.07860262008737,-5.0,6
2021-04-26,-10.4060913705583,-10.0,14
2021-04-26,-4.81586402266289,-10.0,6
2021-04-26,-4.41595441595442,-5.0,9
2021-04-26,-7.8740157480315,-6.5,9
2021-04-26,-6.29370629370627,-2.0,8
2021-04-26,-7.49464668094218,-10.0,6
2021-04-26,-5.17241379310344,-6.5,51
2021-04-26,-4.18353576248313,-6.5,8
2021-04-26,-6.13718411552346,-10.0,6
2021-04-26,-3.44115622849277,-6.5,23
2021-04-26,-7.06340378197998,-6.5,48
2021-04-26,-9.18163672654694,-10.0,6
2021-04-26,-6.17079889807163,-10.0,27
2021-04-26,-5.85197934595524,-4.0,23
2021-04-26,-6.13718411552346,-10.0,9
2021-04-26,-4.74308300395257,-4.0,292
2021-04-26,-7.3943661971831,-5.0,8
2021-04-26,-5.18394648829431,-10.0,9
2021-04-26,-6.14371914426769,-10.0,20
2021-04-26,-3.60721442885772,-6.5,23
2021-04-26,-5.34069981583794,-5.0,82
2021-04-26,-6.26702997275204,-8.0,267
2021-04-26,-6.46687697160883,-7.0,71
2021-04-26,-6.71936758893281,-9.0,10
2021-04-26,-6.73575129533678,-9.0,10
2021-04-26,-7.09459459459459,-10.0,9
2021-04-26,-3.13211845102505,-5.0,15
2021-04-26,-5.0,-10.0,15
2021-04-26,-6.14371914426769,-10.0,49
2021-04-26,-10.4166666666666,-9.0,7
2021-04-26,-6.73076923076924,-7.5,8
2021-04-26,-8.35117773019272,-10.0,9
2021-04-26,-5.82857142857143,-9.0,20
2021-04-26,-7.04545454545454,-10.0,6
2021-04-26,-6.54205607476636,-7.2,57
2021-04-26,-8.95522388059701,-10.0,8
2021-04-26,-4.70779220779221,-6.5,14
2021-04-26,-3.7751677852349,-2.0,16
2021-04-26,-5.44554455445545,-10.0,12
2021-04-26,-4.74040632054177,-6.5,29
2021-04-26,-6.62460567823343,-5.0,497
2021-04-26,-8.4,-10.0,8
2021-04-26,-5.37240537240538,-6.5,23
2021-04-26,-2.54545454545454,-5.0,7
2021-04-26,-5.69210866752911,-5.0,19
2021-04-26,-6.98324022346368,-8.0,18
2021-04-26,-7.06340378197998,-6.5,52
2021-04-26,-6.5359477124183,-6.5,28
2021-04-26,-7.40740740740741,-6.5,88
2021-04-26,-6.86695278969957,-7.2,21
2021-04-26,-4.12371134020619,-10.0,9
2021-04-26,-8.47457627118648,-10.0,17
2021-04-26,-6.67613636363636,-10.0,24
2021-04-26,-6.42361111111111,-6.5,25
2021-04-26,-6.42361111111111,-5.0,6
2021-04-26,-6.77200902934537,-10.0,8
2021-04-26,-6.14371914426769,-7.0,55
2021-04-26,-6.14371914426769,-6.5,7
2021-04-26,-5.90500641848524,-5.0,11
2021-04-26,-4.8854961832061,-10.0,37
2021-04-26,-5.59322033898305,-10.0,17
2021-04-26,-6.1633281972265,-10.0,54
2021-04-26,-4.74308300395257,-6.5,90
2021-04-26,-8.46774193548384,-5.0,20
2021-04-26,-6.8676716917923,-4.4,34
2021-04-26,-5.69210866752911,-5.0,67
2021-04-26,-7.59878419452887,-5.0,13
2021-04-26,-6.5,-10.0,12
2021-04-26,-6.56779661016949,-5.0,141
2021-04-26,-6.31578947368422,-10.0,9
2021-04-26,-6.64869721473495,-7.2,6
2021-04-26,-3.43347639484978,-7.2,7
2021-04-26,-3.28282828282828,-10.0,10
2021-04-26,-7.97413793103448,-6.5,6
2021-04-26,-4.54545454545455,-10.0,57
2021-04-26,-4.8854961832061,-10.0,43
2021-04-26,-4.47761194029851,-10.0,25
2021-04-26,-10.4060913705583,-9.5,7
2021-04-26,-6.51085141903172,-10.0,6
2021-04-26,-4.98338870431894,-8.0,21
2021-04-26,-7.80748663101604,-10.0,30
2021-04-26,-6.00858369098713,-8.0,10
2021-04-26,-2.92553191489361,-10.0,8
2021-04-26,-6.5359477124183,-5.0,27
2021-04-26,-7.41935483870968,-6.5,16
2021-04-26,-7.14285714285714,-5.0,7
2021-04-26,-5.03703703703703,-5.0,6
2021-04-26,-5.33854166666667,-6.5,189
2021-04-26,-5.35947712418301,-10.0,6
2021-04-26,-7.59878419452887,-10.0,50
2021-04-26,-5.89254766031195,-4.0,7
2021-04-26,-6.63265306122449,-10.0,6
2021-04-26,-6.37119113573407,-6.5,31
2021-04-26,-5.17241379310344,-2.0,33
2021-04-26,-5.86080586080586,-10.0,15
2021-04-26,-6.31578947368422,-5.0,7
2021-04-26,-8.0593849416755,-5.0,46
2021-04-26,-7.28155339805826,-9.0,29
2021-04-26,-8.79828326180258,-6.5,7
2021-04-26,-8.07860262008737,-10.0,10
2021-04-26,-5.15695067264574,-6.5,17
2021-04-19,-3.42342342342343,-5.0,38
2021-04-19,-3.55648535564853,-6.5,27
2021-04-19,-5.33070088845015,-9.0,13
2021-04-19,-7.60869565217391,-6.5,8
2021-04-19,-5.13447432762836,-6.5,10
2021-04-19,-4.66830466830467,-6.5,20
2021-04-19,-5.73770491803278,-5.6,38
2021-04-19,-5.35714285714286,-10.0,55
2021-04-19,-4.77386934673367,-6.5,48
2021-04-19,-6.25931445603577,-5.0,6
2021-04-19,-6.38977635782748,-5.0,48
2021-04-19,-3.84122919334187,-6.5,11
2021-04-19,-9.3198992443325,-9.0,9
2021-04-19,-3.17427385892117,-5.0,7
2021-04-19,-6.15384615384616,-6.5,25
2021-04-19,-5.01672240802676,-2.0,7
2021-04-19,-6.13598673300166,-5.8,17
2021-04-19,-6.66666666666667,-9.0,6
2021-04-19,-5.6159420289855,-6.5,9
2021-04-19,-7.21649484536082,-10.0,6
2021-04-19,-5.62390158172232,-8.0,6
2021-04-19,-6.16666666666667,-5.0,287
2021-04-19,-5.82706766917293,-6.5,6
2021-04-19,-4.77386934673367,-5.0,29
2021-04-19,-5.68561872909699,-8.0,39
2021-04-19,-2.3936170212766,-10.0,7
2021-04-19,-5.27272727272728,-4.0,29
2021-04-19,-5.35372848948375,-6.5,12
2021-04-19,-4.10334346504559,-5.0,6
2021-04-19,-6.13598673300166,-6.5,24
2021-04-19,-4.70967741935484,-5.0,9
2021-04-19,-7.35355213959285,-6.5,12
2021-04-19,-2.70270270270271,-6.5,18
2021-04-19,-5.2112676056338,-10.0,8
2021-04-19,-7.67716535433075,-6.5,22
2021-04-19,-4.52961672473868,-5.0,33
2021-04-19,-5.64202334630351,-6.5,7
2021-04-19,-5.71428571428572,-8.0,20
2021-04-19,-6.16666666666667,-5.0,26
2021-04-19,-7.35355213959285,-8.0,10
2021-04-19,-9.3117408906883,-5.0,29
2021-04-19,-4.25,-5.0,186
2021-04-19,-2.36486486486486,-5.0,43
2021-04-19,-4.42857142857143,-6.5,7
2021-04-19,-5.73643410852713,-5.0,17
2021-04-19,-4.21216848673947,-6.5,9
2021-04-19,-5.75396825396825,-5.0,85
2021-04-19,-4.88656195462478,-2.0,12
2021-04-19,-4.70967741935484,-10.0,10
2021-04-19,-5.55555555555555,-4.0,10
2021-04-19,-8.60927152317878,-7.5,18
2021-04-19,-3.90879478827361,-5.0,10
2021-04-19,-2.94117647058824,-5.0,14
2021-04-19,-2.79187817258883,-5.0,8
2021-04-19,-6.15883306320908,-6.5,215
2021-04-19,-2.36486486486486,-5.0,65
2021-04-19,-3.43642611683848,-8.0,42
2021-04-19,-4.46927374301676,-8.0,6
2021-04-19,-6.71806167400881,-9.0,17
2021-04-19,-2.94117647058824,-5.0,15
2021-04-19,-7.44466800804829,-10.0,28
2021-04-19,-7.35355213959285,-6.5,31
2021-04-19,-2.95081967213115,-10.0,6
2021-04-19,-3.42342342342343,-4.0,29
2021-04-19,-4.53074433656958,-8.0,10
2021-04-19,-3.51966873706004,-5.0,21
2021-04-19,-2.23097112860892,-10.0,7
2021-04-19,-7.72277227722772,-7.2,7
2021-04-19,-7.46606334841629,-6.5,10
2021-04-19,-7.07497360084478,-4.0,11
2021-04-19,-6.88705234159779,-9.0,6
2021-04-19,-4.099560761347,-2.0,9
2021-04-19,-10.05291005291,-7.0,78
2021-04-19,-2.19435736677116,-10.0,7
2021-04-19,-5.41871921182266,-10.0,7
2021-04-19,-5.40540540540541,-5.0,42
2021-04-19,-5.30120481927711,-6.5,14
2021-04-19,-6.62205001761184,-9.0,13
2021-04-19,-6.34743875278396,-10.0,13
2021-04-12,-4.08805031446541,-5.0,24
2021-04-12,-6.33333333333333,-8.0,22
2021-04-12,-8.87096774193552,-4.0,30
2021-04-12,-7.2,-6.5,7
2021-04-12,-7.2289156626506,-10.0,38
2021-04-12,-7.35009671179884,-6.5,24
2021-04-12,-6.07734806629834,-10.0,59
2021-04-12,-6.59754948162111,-9.0,20
2021-04-12,-10.5263157894737,-6.5,18
2021-04-12,-5.10948905109489,-4.4,7
2021-04-12,-6.08695652173913,-6.5,87
2021-04-12,-6.27062706270627,-6.5,55
2021-04-12,-6.10687022900763,-8.0,436
2021-04-12,-6.10687022900763,-6.5,7
2021-04-12,-6.06469002695418,-7.2,25
2021-04-12,-3.26409495548962,-6.5,10
2021-04-12,-6.10687022900763,-6.5,18
2021-04-12,-4.08805031446541,-7.0,34
2021-04-12,-4.80349344978166,-6.5,31
2021-04-12,-4.89510489510489,-2.0,38
2021-04-12,0.72463768115942,-10.0,6
2021-04-12,-5.10948905109489,-4.0,9
2021-04-12,-5.89101620029455,-9.0,28
2021-04-12,-6.36474908200735,-5.0,9
2021-04-12,-6.45424836601307,-6.5,39
2021-04-12,-4.8780487804878,-2.0,25
2021-04-12,-6.38297872340425,-9.0,75
2021-04-12,-7.77576853526216,-9.0,6
2021-04-12,-5.0909090909091,-7.0,14
2021-04-12,-5.80645161290323,-5.8,12
2021-04-12,-9.74729241877256,-7.5,68
2021-04-12,-5.20325203252033,-10.0,45
2021-04-12,-4.26309378806333,-2.0,10
2021-04-12,-6.75,-6.5,34
2021-04-12,-9.45945945945945,-4.4,6
2021-04-12,-9.77443609022556,-6.5,27
2021-04-12,-5.23038605230386,-5.0,70
2021-04-12,-5.33980582524272,-7.2,28
2021-04-12,-5.47752808988764,-5.0,25
2021-04-12,-4.97335701598579,-10.0,33
2021-04-12,-4.3756145526057,-5.0,9
2021-04-12,-4.80093676814989,-8.0,84
2021-04-12,-6.07734806629834,-6.5,42
2021-04-12,-6.49350649350649,-5.0,47
2021-04-12,-6.92383778437191,-9.2,6
2021-04-12,-2.05223880597015,-10.0,15
2021-04-12,-6.19322873658133,-5.0,15
2021-04-12,-4.78955007256894,-9.0,19
2021-04-12,-2.54777070063694,-10.0,14
2021-04-12,-10.2857142857142,-6.5,10
2021-04-12,-4.99243570347957,-6.5,21
2021-04-12,-6.17283950617284,-5.0,374
2021-04-12,-5.72597137014315,-5.0,68
2021-04-12,-7.67004341534009,-2.0,18
2021-04-12,-6.75,-5.0,13
2021-04-12,-4.95156081808396,-6.5,15
2021-04-12,-6.9672131147541,-5.0,10
2021-04-12,-6.10820244328098,-8.0,18
2021-04-12,-8.45070422535211,-7.0,26
2021-04-12,-5.97014925373134,-5.0,17
2021-04-12,-5.26315789473684,-5.8,8
2021-04-12,-11.3861386138614,-6.5,8
2021-04-12,-5.20833333333333,-9.0,6
2021-04-12,-5.96205962059621,-4.0,25
2021-04-12,-8.94039735099338,-5.8,8
2021-04-12,-6.1056105610561,-6.5,39
2021-04-12,-5.84795321637427,-6.5,34
2021-04-12,-6.71378091872792,-7.0,24
2021-04-12,-5.08259212198222,-6.5,15
2021-04-12,-2.36920039486673,-10.0,26
2021-04-12,-5.74572127139365,-6.5,27
2021-04-12,-6.11888111888112,-2.0,14
2021-04-12,-6.06469002695418,-5.0,12
2021-04-12,-2.79329608938547,-7.5,10
2021-04-12,-4.15335463258786,-5.0,9
2021-04-12,-8.99159663865547,-10.0,22
2021-04-12,-4.8780487804878,-10.0,41
2021-04-12,-5.94262295081967,-6.5,562
2021-04-12,-5.63725490196079,-9.0,6
2021-04-12,-5.96026490066225,-5.8,10
2021-04-12,-7.61478163493841,-5.0,27
2021-04-12,-10.060975609756,-6.5,8
2021-04-12,-8.01687763713083,-7.0,14
2021-04-12,-7.98192771084338,-2.0,8
2021-04-12,-5.92105263157894,-6.5,104
2021-04-12,-5.23038605230386,-5.0,97
2021-04-12,-6.65634674922601,-9.0,16
2021-04-12,-6.1056105610561,-5.0,69
2021-04-12,-5.47112462006079,-5.0,12
2021-04-12,-4.99243570347957,-6.5,38
2021-04-12,-7.80559646539028,-2.0,9
2021-04-12,-5.68181818181818,-6.5,8
2021-04-12,-6.37785800240674,-6.5,13
2021-04-12,-4.95156081808396,-6.5,18
2021-04-12,-6.06469002695418,-5.0,15
2021-04-12,-4.3756145526057,-8.0,6
2021-04-05,-6.12244897959184,-8.0,151
2021-04-05,-4.84496124031008,-5.0,18
2021-04-05,-7.85123966942148,-10.0,7
2021-04-05,-8.08625336927224,-2.0,9
2021-04-05,-4.97297297297298,-5.8,9
2021-04-05,-6.51162790697675,-10.0,20
2021-04-05,-7.80984719864177,-9.0,29
2021-04-05,-6.25978090766823,-10.0,38
2021-04-05,-6.05143721633888,-9.0,40
2021-04-05,-5.85175552665799,-6.5,14
2021-04-05,-7.45967741935483,-10.0,22
2021-04-05,-5.83430571761961,-5.0,24
2021-04-05,-5.83430571761961,-7.0,33
2021-04-05,-6.54429369513169,-8.0,9
2021-04-05,-7.54414125200642,-9.0,7
2021-04-05,-6.54008438818565,-10.0,9
2021-04-05,-6.2,-6.5,42
2021-04-05,-7.49506903353057,-6.5,38
2021-04-05,-3.89937106918239,-4.0,6
2021-04-05,-4.10094637223974,-8.0,41
2021-04-05,-5.98726114649682,-7.2,16
2021-04-05,-7.04419889502762,-5.8,31
2021-04-05,-4.62724935732648,-2.0,12
2021-04-05,-5.92885375494071,-9.5,15
2021-04-05,-7.96812749003984,-9.0,124
2021-04-05,-5.85175552665799,-6.5,42
2021-04-05,-8.78787878787879,-6.5,188
2021-04-05,-6.94980694980695,-6.5,8
2021-04-05,-7.77385159010602,-8.0,16
2021-04-05,-7.04500978473581,-10.0,2763
2021-04-05,-7.42049469964664,-4.0,7
2021-04-05,-5.0,-10.0,43
2021-04-05,-6.54008438818565,-10.0,40
2021-04-05,-10.1190476190476,-5.8,11
2021-04-05,-6.45035183737295,-5.0,37
2021-04-05,-7.06880301602262,-7.0,46
2021-04-05,-2.8657616892911,-6.5,11
2021-04-05,-3.73831775700934,-5.0,15
2021-04-05,-6.1516452074392,-9.0,75
2021-04-05,-7.46666666666667,-6.5,9
2021-04-05,-5.78512396694215,-2.0,19
2021-04-05,-7.40242261103634,-6.5,7
2021-04-05,-9.94236311239194,-6.5,20
2021-04-05,-5.72792362768497,-9.5,20
2021-04-05,-8.10810810810811,-9.0,52
2021-04-05,-6.58436213991769,-5.0,22
2021-04-05,-6.92235734331151,-8.0,721
2021-04-05,-8.47953216374266,-5.0,23
2021-04-05,-5.52016985138005,-9.0,13
2021-04-05,-7.50551876379691,-5.0,9
2021-04-05,-9.63455149501661,-9.0,9
2021-04-05,-7.76119402985075,-6.5,9
2021-04-05,-9.02777777777778,-6.5,163
2021-04-05,-2.97029702970297,-10.0,8
2021-04-05,-8.07926829268293,-10.0,9
2021-04-05,-10.0143061516452,-10.0,9
2021-04-05,-6.24133148404993,-5.6,117
2021-04-05,-10.1734104046243,-10.0,20
2021-04-05,-4.29362880886426,-10.0,6
2021-04-05,-5.71428571428572,-10.0,73
2021-04-05,-7.05009276437848,-7.0,18
2021-04-05,-3.13390313390314,-4.0,12
2021-04-05,-6.61654135338346,-4.0,10
2021-04-05,-7.19298245614035,-5.0,20
2021-04-05,-5.5793991416309,-9.0,117
2021-04-05,-5.45876887340302,-10.0,21
2021-04-05,-8.22281167108753,-10.0,21
2021-04-05,-4.2875157629256,-7.2,23
2021-04-05,-8.06697108066971,-9.0,87
2021-04-05,-6.33147113594041,-9.0,72
2021-04-05,-7.80984719864177,-6.5,18
2021-04-05,-9.66183574879227,-10.0,7
2021-04-05,-10.6849315068493,-7.5,22
2021-04-05,-2.89115646258503,-5.0,21
2021-04-05,-6.10859728506787,-5.0,13
2021-04-05,-7.45967741935483,-10.0,47
2021-04-05,-6.54008438818565,-9.0,21
2021-04-05,-7.90464240903388,-6.5,11
2021-04-05,-7.53676470588236,-10.0,63
2021-04-05,-10.1468624833111,-10.0,6
2021-04-05,-7.95698924731183,-6.5,6
2021-04-05,-6.57894736842105,-8.0,6
2021-04-05,-7.23606168446026,-6.5,6
2021-04-05,-8.56573705179283,-10.0,13
2021-04-05,-4.97297297297298,-5.8,9
2021-04-05,-7.34966592427617,-9.0,50
2021-04-05,-5.95238095238095,-10.0,21
2021-04-05,-8.41423948220061,-9.0,76
2021-04-05,-5.70342205323194,-5.0,67
2021-04-05,-7.21649484536083,-10.0,7
2021-04-05,-4.23280423280423,-6.5,17
2021-04-05,-8.78787878787879,-10.0,694
2021-04-05,-4.39429928741092,-10.0,74
2021-04-05,-6.21761658031088,-2.0,9
2021-04-05,-4.71841704718417,-5.0,81
2021-04-05,-4.71841704718417,-6.5,29
2021-04-05,-3.65853658536586,-4.0,40
2021-04-05,-6.22222222222223,-10.0,31
2021-04-05,-6.16929698708751,-6.5,53
2021-04-05,-6.1415220293725,-10.0,9
2021-04-05,-3.89937106918239,-10.0,30
2021-04-05,-6.89655172413793,-9.0,16
2021-04-05,-7.00389105058365,-9.0,48
2021-04-05,-5.87467362924282,-6.5,10
2021-04-05,-8.03030303030303,-10.0,272
2021-04-05,-7.21649484536083,-10.0,7
2021-04-05,-8.0,-10.0,737
2021-04-05,-4.71841704718417,-8.0,8
2021-04-05,-9.46073793755916,-9.0,35
2021-04-05,-5.0,-10.0,10
2021-04-05,-6.1415220293725,-7.2,27
2021-04-05,-4.90956072351421,-10.0,7
2021-04-05,-5.49019607843138,-5.0,6
2021-04-05,-6.21359223300971,-9.0,73
2021-04-05,-6.23052959501558,-10.0,326
2021-04-05,-7.59493670886076,-7.5,8
2021-04-05,-3.5904255319149,-8.0,27
2021-04-05,-5.83430571761961,-6.5,19
2021-04-05,-5.57103064066853,-10.0,117
2021-04-05,-5.6701030927835,-5.0,12
2021-04-05,-5.56745182012848,-6.5,11
2021-04-05,-8.53658536585366,-2.0,7
2021-04-05,-6.05143721633888,-10.0,29
2021-04-05,-7.23981900452488,-9.5,70
2021-04-05,-6.17075232459847,-10.0,99
2021-04-05,-3.84615384615385,-10.0,6
2021-04-05,-7.01402805611222,-9.5,107
2021-04-05,-7.83242258652094,-6.5,15
2021-04-05,-4.19847328244274,-9.0,18
2021-04-05,-6.57894736842105,-10.0,36
2021-04-05,-6.1415220293725,-10.0,142
2021-04-05,-6.58307210031348,-9.0,55
2021-04-05,-10.1468624833111,-10.0,16
2021-04-05,-7.88912579957356,-6.5,10
2021-04-05,-7.46753246753247,-6.5,33
2021-04-05,-5.71428571428572,-7.0,21
2021-04-05,-5.42986425339366,-10.0,16
2021-04-05,-6.25832223701731,-10.0,289
2021-04-05,-6.35514018691589,-5.0,161
2021-04-05,-7.79220779220779,-10.0,13
2021-04-05,-7.43243243243243,-10.0,9
2021-04-05,-4.42655935613682,-6.5,12
2021-04-05,-7.75444264943457,-10.0,18
2021-04-05,-7.72357723577236,-9.0,9
2021-04-05,-5.40098199672667,-7.2,12
2021-04-05,-7.35826296743064,-6.5,39
2021-04-05,-6.76202860858258,-6.5,11
2021-04-05,-4.29362880886426,-4.0,8
2021-04-05,-6.06060606060607,-9.0,78
2021-03-29,-6.56424581005587,-10.0,566
2021-03-29,-6.13409415121256,-6.5,17
2021-03-29,-6.19834710743802,-10.0,9
2021-03-29,-5.79439252336449,-10.0,9
2021-03-29,-6.1576354679803,-5.8,35
2021-03-29,-5.49313358302122,-5.8,11
2021-03-29,-5.44720914593141,-7.2,15
2021-03-29,-6.72645739910314,-10.0,38
2021-03-29,-5.10805500982319,-6.5,31
2021-03-29,-5.11695906432749,-10.0,15
2021-03-29,-8.08729139922978,-9.0,42
2021-03-29,-4.82033304119194,-4.0,59
2021-03-29,-6.08628659476117,-9.5,21
2021-03-29,-7.20288115246098,-9.0,44
2021-03-29,-6.78362573099415,-6.5,47
2021-03-29,-6.47840531561462,-10.0,6
2021-03-29,-6.64652567975831,-7.0,9
2021-03-29,-6.12244897959184,-6.5,69
2021-03-29,-6.94006309148265,-9.5,119
2021-03-29,-4.05759162303664,-8.0,28
2021-03-29,-5.87248322147651,-2.0,23
2021-03-29,-6.96677384780279,-10.0,6
2021-03-29,-5.53359683794466,-6.5,11
2021-03-29,-7.40402193784278,-5.0,16
2021-03-29,-8.19277108433735,-9.0,30
2021-03-29,-3.46420323325635,-2.0,370
2021-03-29,-6.03217158176943,-9.0,12
2021-03-29,-6.77777777777778,-10.0,69
2021-03-29,-7.26817042606516,-10.0,8
2021-03-29,-7.57097791798107,-9.0,45
2021-03-29,-6.09756097560975,-7.2,62
2021-03-29,-6.77770794049863,-10.0,18
2021-03-29,-5.55207026348808,-10.0,65
2021-03-29,-4.21455938697318,-9.5,13
2021-03-29,-6.91489361702128,-9.0,43
2021-03-29,-6.70807453416149,-6.5,240
2021-03-29,-6.76691729323308,-7.2,101
2021-03-29,-6.91588785046729,-5.0,11
2021-03-29,-7.36543909348442,-10.0,56
2021-03-29,-9.20245398773004,-10.0,7
2021-03-29,-8.33333333333331,-6.5,37
2021-03-29,-6.77770794049863,-7.2,88
2021-03-29,-8.07017543859645,-2.0,9
2021-03-29,-6.81458003169572,-6.5,7
2021-03-29,-5.71108622620381,-10.0,12
2021-03-29,-8.32072617246594,-9.5,126
2021-03-29,-7.86026200873363,-10.0,829
2021-03-29,-5.97609561752988,-2.0,22
2021-03-29,-7.15909090909091,-5.0,17
2021-03-29,-7.34463276836158,-6.5,36
2021-03-29,-6.40522875816994,-6.5,87
2021-03-29,-5.74712643678161,-6.5,20
2021-03-29,-6.41821946169772,-10.0,94
2021-03-29,-6.31578947368421,-10.0,14
2021-03-29,-5.58558558558559,-4.0,7
2021-03-29,-6.62020905923345,-6.5,183
2021-03-29,-7.77777777777777,-10.0,19
2021-03-29,-6.13026819923372,-6.5,6
2021-03-29,-6.85002594706798,-10.0,104
2021-03-29,-6.25,-7.0,13
2021-03-29,-7.2562358276644,-10.0,68
2021-03-29,-5.19480519480519,-10.0,26
2021-03-29,-6.54911838790932,-5.0,29
2021-03-29,-4.87101669195751,-10.0,37
2021-03-29,-6.99588477366255,-7.0,10
2021-03-29,-8.33333333333331,-10.0,64
2021-03-29,-6.93333333333333,-10.0,20
2021-03-29,-11.0204081632653,-2.0,6
2021-03-29,-7.38916256157636,-10.0,6
2021-03-29,-6.06060606060606,-5.0,7
2021-03-29,-7.00854700854701,-5.0,54
2021-03-29,-13.013698630137,-2.0,16
2021-03-29,-1.73564753004006,-5.0,7
2021-03-29,-7.70031217481789,-10.0,8
2021-03-29,-6.92307692307692,-10.0,14
2021-03-29,-6.79738562091503,-10.0,12
2021-03-29,-7.1932299012694,-7.0,45
2021-03-29,-6.78294573643411,-10.0,7
2021-03-29,-5.89849108367627,-9.5,13
2021-03-29,-8.29562594268478,-10.0,24
2021-03-29,-7.83582089552238,-10.0,7
2021-03-29,-6.85249709639953,-10.0,20
2021-03-29,-7.09779179810725,-9.5,20
2021-03-29,-6.31578947368421,-10.0,13
2021-03-29,-7.34463276836158,-7.0,12
2021-03-29,-7.14285714285714,-6.5,92
2021-03-29,-4.96688741721854,-10.0,7
2021-03-29,-7.85413744740533,-7.0,164
2021-03-29,-6.0483870967742,-10.0,154
2021-03-29,-6.43153526970954,-10.0,1474
2021-03-29,-7.9155672823219,-10.0,12
2021-03-29,-8.4917617237009,-7.2,25
2021-03-29,-4.73083197389885,-10.0,196
2021-03-29,-6.92235734331151,-10.0,6
2021-03-29,-7.25925925925926,-5.0,37
2021-03-29,-6.47181628392484,-6.5,9
2021-03-29,-6.56934306569343,-10.0,8
2021-03-29,-6.19834710743802,-10.0,28
2021-03-29,-6.56934306569343,-10.0,13
2021-03-29,-10.8695652173913,-6.5,6
2021-03-29,-3.69127516778523,-2.0,25
2021-03-29,-5.59701492537314,-8.0,6
2021-03-29,-8.46774193548387,-2.0,11
2021-03-29,-6.76274944567627,-5.0,25
2021-03-29,-7.53012048192771,-9.0,30
2021-03-29,-7.85973397823458,-7.0,8
2021-03-29,-6.28571428571429,-10.0,19
2021-03-29,-6.79287305122494,-10.0,29
2021-03-29,-6.25,-7.2,68
2021-03-29,-6.47208121827412,-5.0,22
2021-03-29,-5.19323671497584,-8.0,8
2021-03-29,-6.45833333333334,-10.0,212
2021-03-29,-5.55207026348808,-10.0,32
2021-03-29,-5.74257425742575,-6.5,33
2021-03-29,-4.88466757123474,-6.5,15
2021-03-29,-6.43153526970954,-10.0,2600
2021-03-29,-6.57051282051282,-6.5,75
2021-03-29,-6.55270655270656,-10.0,43
2021-03-29,-5.30035335689045,-5.0,7
2021-03-29,-7.43380855397148,-5.0,11
2021-03-29,-6.66666666666667,-10.0,7
2021-03-29,-7.31707317073171,-2.0,10
2021-03-29,-5.12820512820513,-6.5,8
2021-03-29,-4.73790322580645,-10.0,6
2021-03-29,-7.73809523809523,-6.5,6
2021-03-29,-6.51387213510253,-8.0,166
2021-03-29,-7.40402193784278,-5.0,15
2021-03-29,-9.07668231611895,-2.0,6
2021-03-29,-5.24137931034482,-6.5,16
2021-03-29,-6.85483870967742,-10.0,79
2021-03-29,-5.90717299578059,-10.0,11
2021-03-29,-5.6338028169014,-2.0,10
2021-03-29,-6.71296296296296,-10.0,23
2021-03-29,-7.09342560553634,-5.0,10
2021-03-29,-10.1910828025478,-9.5,6
2021-03-29,-4.86486486486487,-6.5,28
2021-03-29,-4.92505353319057,-10.0,7
2021-03-29,-7.50853242320819,-10.0,6
2021-03-29,-7.29166666666667,-4.0,6
2021-03-29,-2.96096904441453,-6.5,6
2021-03-29,-3.83275261324041,-5.0,9
2021-03-29,-6.3013698630137,-5.0,9
2021-03-29,-6.85920577617329,-9.0,6
2021-03-29,-4.05759162303664,-4.0,6
2021-03-29,-6.90737833594976,-6.5,15
2021-03-29,-8.77697841726622,-5.0,7
2021-03-29,-5.35714285714286,-6.5,28
2021-03-29,-4.31034482758621,-5.0,12
2021-03-29,-6.28891656288917,-9.0,39
2021-03-29,-5.94059405940594,-7.0,58
2021-03-29,-6.43153526970954,-10.0,1038
2021-03-29,-6.22083981337481,-5.0,23
2021-03-29,-7.15990453460621,-10.0,117
2021-03-29,-7.22748815165877,-6.5,21
2021-03-29,-6.21572212065814,-7.0,58
2021-03-29,-4.94623655913979,-10.0,22
2021-03-29,-7.15909090909091,-5.0,51
2021-03-29,-6.02032838154809,-9.2,57
2021-03-29,-9.82019363762107,-10.0,8
2021-03-29,-5.5485498108449,-5.0,7
2021-03-29,-7.72357723577236,-2.0,6
2021-03-29,-6.99588477366255,-6.5,168
2021-03-29,-7.22394220846233,-10.0,9
2021-03-29,-8.29439252336449,-10.0,15
2021-03-29,-8.44748858447488,-10.0,146
2021-03-29,-6.28706998813761,-6.5,102
2021-03-29,-7.02947845804989,-8.0,7
2021-03-29,-8.46153846153845,-10.0,8
2021-03-29,-5.38172715894869,-8.0,23
2021-03-29,-7.36607142857143,-5.0,7
2021-03-29,-8.51808634772462,-10.0,418
2021-03-29,-7.00934579439253,-10.0,52
2021-03-29,-6.31578947368421,-10.0,10
2021-03-29,-6.72514619883041,-6.5,13
2021-03-29,-6.31578947368421,-9.2,44
2021-03-29,-6.60501981505944,-7.0,56
2021-03-29,-8.19277108433735,-9.5,17
2021-03-29,-7.85123966942148,-6.5,15
2021-03-29,-7.43405275779376,-6.5,13
2021-03-29,-5.54675118858954,-10.0,8
2021-03-29,-5.60747663551402,-10.0,26
2021-03-29,-6.84713375796179,-7.0,119
2021-03-29,-6.282722513089,-9.2,24
2021-03-29,-6.01589103291714,-6.5,152
2021-03-29,-7.04960835509139,-7.0,104
2021-03-29,-5.30035335689045,-10.0,6
2021-03-29,-6.78362573099415,-7.0,23
2021-03-29,-7.28952772073922,-10.0,6
2021-03-29,-6.68286755771568,-5.8,90
2021-03-29,-6.55270655270656,-10.0,14
2021-03-29,-6.85920577617329,-6.5,20
2021-03-29,-6.31578947368421,-10.0,34
2021-03-29,-7.79082177161153,-6.5,74
2021-03-29,-7.14285714285715,-10.0,301
2021-03-29,-4.93827160493827,-6.5,44
2021-03-29,-7.59493670886076,-6.5,8
2021-03-29,-9.43396226415096,-10.0,7
2021-03-29,-7.76340110905733,-10.0,26
2021-03-29,-5.47550432276657,-10.0,15
2021-03-29,-6.50793650793651,-5.8,26
2021-03-29,-5.94299575500304,-10.0,8
2021-03-22,-3.30882352941177,-2.0,40
2021-03-22,-5.61224489795919,-6.5,15
2021-03-22,-5.68513119533527,-10.0,60
2021-03-22,-6.00203458799593,-10.0,13
2021-03-22,-6.70640834575261,-10.0,32
2021-03-22,-5.49005806792188,-6.5,50
2021-03-22,-6.98254364089776,-7.2,273
2021-03-22,-8.52941176470588,-6.5,52
2021-03-22,-3.67132867132867,-2.0,23
2021-03-22,-8.92193308550186,-6.5,6
2021-03-22,-7.73615635179153,-9.0,147
2021-03-22,-8.75706214689266,-6.5,109
2021-03-22,-7.05679862306369,-6.5,25
2021-03-22,-3.4351145038168,-2.0,6
2021-03-22,-9.68421052631576,-5.0,10
2021-03-22,-8.12064965197215,-9.0,7
2021-03-22,-6.32183908045977,-8.0,9
2021-03-22,-4.34782608695652,-5.0,7
2021-03-22,-8.05921052631579,-6.5,90
2021-03-22,-6.82451253481895,-5.0,37
2021-03-22,-9.59051724137931,-6.5,12
2021-03-22,-5.64102564102564,-6.5,171
2021-03-22,-6.57894736842105,-10.0,130
2021-03-22,-6.98254364089776,-9.0,177
2021-03-22,-6.62782228696285,-6.5,6
2021-03-22,-6.98924731182796,-4.4,17
2021-03-22,-5.58930741190765,-10.0,435
2021-03-22,-5.00625782227784,-5.0,22
2021-03-22,-6.99865410497981,-10.0,12
2021-03-22,-3.75,-6.5,9
2021-03-22,-8.49220103986132,-8.0,9
2021-03-22,-7.79661016949152,-6.5,8
2021-03-22,-6.98254364089776,-5.0,15
2021-03-22,-6.63198959687906,-9.0,174
2021-03-22,-6.38297872340425,-9.0,6
2021-03-22,-6.74955595026643,-6.5,38
2021-03-22,-6.92951015531661,-7.0,93
2021-03-22,-5.22193211488251,-10.0,268
2021-03-22,-5.55555555555556,-6.5,217
2021-03-22,-7.48663101604278,-5.0,98
2021-03-22,-8.7475149105368,-9.0,96
2021-03-22,-7.10059171597633,-7.5,21
2021-03-22,-6.56108597285068,-2.0,30
2021-03-22,-6.66666666666667,-5.0,114
2021-03-22,-5.42635658914729,-5.0,13
2021-03-22,-6.70037926675094,-9.0,110
2021-03-22,-8.27067669172932,-10.0,13
2021-03-22,-5.66801619433198,-5.0,15
2021-03-22,-5.64102564102564,-7.0,12
2021-03-22,-9.23248053392658,-10.0,106
2021-03-22,-7.47282608695652,-6.5,77
2021-03-22,-6.78571428571433,-6.5,7
2021-03-22,-4.20032310177706,-10.0,22
2021-03-22,-6.98254364089776,-5.0,26
2021-03-22,-6.53950953678474,-5.0,52
2021-03-22,-8.00492610837438,-5.0,6
2021-03-22,-5.34883720930233,-6.5,43
2021-03-22,-5.94202898550724,-7.5,8
2021-03-22,-5.2710843373494,-5.0,9
2021-03-22,-4.90716180371353,-10.0,8
2021-03-22,-6.98254364089776,-8.0,14
2021-03-22,-7.87037037037037,-6.5,6
2021-03-22,-8.63787375415282,-7.0,15
2021-03-22,-7.65027322404372,-10.0,11
2021-03-22,-5.72987721691678,-2.0,27
2021-03-22,-6.76691729323308,-7.0,102
2021-03-22,-9.74842767295594,-8.0,7
2021-03-22,-5.00625782227784,-10.0,51
2021-03-22,-9.8484848484848,-8.0,6
2021-03-22,-8.23271130625686,-6.5,24
2021-03-22,-8.11654526534859,-6.5,28
2021-03-22,-8.75706214689266,-2.0,7
2021-03-22,-7.03275529865126,-10.0,6
2021-03-22,-7.25075528700906,-10.0,10
2021-03-22,-8.23271130625686,-5.0,10
2021-03-22,-5.53935860058309,-6.5,12
2021-03-22,-6.95573622402891,-6.5,3309
2021-03-22,-8.99031811894887,-6.5,35
2021-03-22,-7.27848101265823,-9.0,78
2021-03-22,-8.11654526534859,-7.0,61
2021-03-22,-6.72823218997361,-10.0,24
2021-03-22,-7.23926380368098,-10.0,86
2021-03-22,-5.6047197640118,-5.0,7
2021-03-22,-7.70089285714286,-6.5,880
2021-03-22,-5.43562066306862,-2.0,6
2021-03-22,-7.40393626991565,-5.0,9
2021-03-22,-7.47549019607844,-5.0,39
2021-03-22,-9.35064935064939,-6.5,60
2021-03-22,-3.57142857142857,-10.0,116
2021-03-22,-7.04697986577181,-10.0,29
2021-03-22,-7.04225352112676,-6.5,245
2021-03-22,-5.76057605760576,-9.0,222
2021-03-22,-6.58174097664543,-10.0,103
2021-03-22,-5.90809628008753,-7.0,10
2021-03-22,-8.09595202398801,-5.0,8
2021-03-22,-5.6047197640118,-10.0,17
2021-03-22,-6.8287037037037,-4.4,11
2021-03-22,-5.63165905631659,-10.0,6
2021-03-22,-7.02702702702702,-6.5,105
2021-03-22,-7.03275529865126,-6.5,6
2021-03-22,-8.12903225806452,-5.0,6
2021-03-22,-6.64857530529172,-6.5,5039
2021-03-22,-6.6334991708126,-5.0,38
2021-03-22,-7.47549019607844,-9.5,16
2021-03-22,-6.3953488372093,-6.5,23
2021-03-22,-7.38636363636364,-7.5,34
2021-03-22,-7.65765765765765,-6.5,392
2021-03-22,-8.46456692913385,-9.0,9
2021-03-22,-5.68596765779864,-4.0,17
2021-03-22,-8.7378640776699,-4.0,7
2021-03-22,-6.11940298507463,-5.0,19
2021-03-22,-5.82329317269076,-5.0,7
2021-03-22,-6.98254364089776,-5.0,59
2021-03-22,-5.6047197640118,-6.5,41
2021-03-22,-5.69744597249509,-6.5,10
2021-03-22,-8.71632329635499,-8.0,9
2021-03-22,-7.17948717948718,-6.5,193
2021-03-22,-5.1685393258427,-10.0,11
2021-03-22,-5.6047197640118,-5.0,17
2021-03-22,-6.32478632478632,-5.0,381
2021-03-22,-8.87096774193548,-6.5,17
2021-03-22,-8.81174899866489,-10.0,14
2021-03-22,-6.9371727748691,-6.5,2075
2021-03-22,-8.20995962314939,-6.5,9
2021-03-22,-4.47058823529412,-10.0,40
2021-03-22,-6.00961538461539,-9.0,11
2021-03-22,-4.95436766623207,-5.0,31
2021-03-22,-8.09595202398801,-4.0,12
2021-03-22,-5.9880239520958,-2.0,19
2021-03-22,-5.80411124546554,-6.5,41
2021-03-22,-5.56333100069979,-4.0,6
2021-03-22,-7.47282608695652,-5.0,6
2021-03-22,-7.90816326530612,-8.0,35
2021-03-22,-4.42804428044281,-6.5,85
2021-03-22,-6.2992125984252,-7.0,7
2021-03-22,-8.00492610837438,-5.0,12
2021-03-22,-9.48012232415902,-2.0,6
2021-03-22,-6.39097744360902,-6.5,238
2021-03-22,-7.73615635179153,-10.0,13
2021-03-22,-6.12516644474035,-10.0,7
2021-03-22,-7.35294117647059,-9.2,70
2021-03-22,-6.06469002695418,-6.5,14
2021-03-22,-5.95238095238095,-6.5,98
2021-03-22,-6.98254364089776,-8.0,7
2021-03-22,-7.45170193192272,-5.0,12
2021-03-22,-2.45901639344262,-10.0,17
2021-03-22,-7.41163055872291,-7.0,88
2021-03-22,-2.89017341040462,-4.0,11
2021-03-22,-1.40186915887851,-5.0,30
2021-03-22,-6.95770804911323,-6.5,79
2021-03-22,-5.80952380952381,-7.2,563
2021-03-22,-8.47222222222224,-5.0,18
2021-03-22,-8.33333333333333,-5.0,24
2021-03-22,-8.75706214689266,-10.0,15
2021-03-22,-11.2582781456954,-10.0,189
2021-03-22,-8.43023255813954,-8.0,13
2021-03-22,-6.98924731182796,-9.0,50
2021-03-22,-5.44117647058824,-10.0,43
2021-03-22,-7.25446428571429,-9.0,66
2021-03-22,-6.02564102564102,-10.0,12
2021-03-22,-6.23100303951368,-6.5,23
2021-03-22,-6.98254364089776,-5.0,9
2021-03-22,-5.82959641255606,-8.0,17
2021-03-22,-4.75285171102662,-6.5,8
2021-03-22,-13.1054131054131,-10.0,12
2021-03-22,-6.95187165775401,-9.0,11
2021-03-22,-5.72139303482587,-5.0,13
2021-03-22,-6.33561643835617,-5.0,84
2021-03-22,-6.85920577617328,-9.0,488
2021-03-22,-7.91268758526605,-8.0,7
2021-03-22,-7.15396578538103,-10.0,22
2021-03-22,-7.36543909348441,-6.5,12
2021-03-22,-6.06305578011318,-9.0,7
2021-03-22,-8.75706214689266,-7.0,68
2021-03-22,-7.99001248439451,-5.0,6
2021-03-22,-7.42857142857143,-5.0,9
2021-03-22,-7.45170193192272,-5.0,12
2021-03-22,-6.92951015531661,-9.2,34
2021-03-22,-6.06694560669456,-9.0,24
2021-03-22,-4.74137931034483,-5.0,9
2021-03-22,-6.58174097664543,-10.0,60
2021-03-22,-5.78512396694214,-5.0,7
2021-03-22,-6.06694560669456,-10.0,6
2021-03-22,-6.49350649350649,-5.0,10
2021-03-22,-6.58174097664543,-4.0,6
2021-03-22,-5.1685393258427,-5.0,9
2021-03-22,-7.7324973876698,-5.0,9
2021-03-22,-5.30973451327434,-4.0,8
2021-03-22,-8.81174899866489,-6.5,8
2021-03-22,-8.8235294117647,-8.0,6
2021-03-22,-7.70370370370371,-9.0,142
2021-03-22,-5.26315789473685,-6.5,105
2021-03-22,-6.54761904761905,-6.5,12
2021-03-22,-5.94202898550724,-10.0,20
2021-03-22,-6.13496932515338,-8.0,41
2021-03-22,-10.5555555555555,-10.0,43
2021-03-22,-7.73109243697479,-6.5,10
2021-03-22,-10.2097902097902,-8.0,17
2021-03-22,-5.61440677966101,-4.0,15
2021-03-22,-8.17757009345794,-5.0,15
2021-03-22,-5.72987721691678,-5.0,87
2021-03-22,-6.99865410497981,-2.0,20
2021-03-22,-8.98203592814374,-8.0,23
2021-03-22,-6.25,-6.5,200
2021-03-22,-6.82080924855491,-5.0,32
2021-03-22,-6.87679083094556,-10.0,18
2021-03-22,-3.77358490566037,-6.5,175
2021-03-22,-11.2033195020747,-10.0,34
2021-03-22,-5.80411124546554,-6.5,19
2021-03-22,-7.44382022471911,-9.0,101
2021-03-22,-6.20767494356659,-8.0,38
2021-03-22,-6.42857142857143,-6.5,23
2021-03-22,-9.1782283884739,-5.0,13
2021-03-22,-5.30846484935438,-9.0,20
2021-03-22,-9.76562500000003,-5.0,46
2021-03-22,-6.74955595026643,-6.5,38
2021-03-22,-8.28220858895706,-6.5,16
2021-03-22,-7.50708215297451,-9.0,81
2021-03-22,-6.98254364089776,-5.0,25
2021-03-22,-6.14035087719298,-4.0,16
2021-03-22,-7.48663101604278,-5.0,98
2021-03-22,-8.00492610837438,-5.0,19
2021-03-22,-9.35064935064939,-5.0,36
2021-03-22,-5.90717299578059,-9.0,15
2021-03-22,-6.49149922720248,-7.2,109
2021-03-22,-8.06878306878307,-8.0,9
2021-03-22,-6.21336459554514,-2.0,6
2021-03-22,-7.81065088757396,-5.0,1372
2021-03-22,-7.17703349282297,-5.0,46
2021-03-22,-7.11638250555967,-6.5,48
2021-03-22,-7.00934579439253,-8.0,9
2021-03-22,-6.71140939597315,-6.5,7
2021-03-22,-6.95187165775401,-6.5,33
2021-03-22,-5.06329113924051,-7.0,19
2021-03-22,-9.17431192660547,-6.5,12
2021-03-22,-7.47282608695652,-5.0,14
2021-03-22,-6.19946091644205,-6.5,12
2021-03-22,-6.38297872340426,-2.0,20
2021-03-22,-6.58783783783783,-2.0,7
2021-03-22,-6.06305578011318,-10.0,20
2021-03-22,-8.153078202995,-5.0,107
2021-03-22,-2.77777777777778,-2.0,37
2021-03-22,-5.59105431309904,-10.0,41
2021-03-22,-5.78635014836795,-8.0,204
2021-03-22,-6.55737704918033,-5.0,453
2021-03-22,-4.8064085447263,-5.0,6
2021-03-22,-6.67574931880109,-5.0,409
2021-03-22,-8.75706214689266,-10.0,13
2021-03-22,-7.08661417322835,-7.0,47
2021-03-22,-8.23271130625686,-10.0,31
2021-03-22,-5.21008403361345,-9.2,6
2021-03-22,-5.47730829420971,-10.0,6
2021-03-22,-6.98254364089776,-5.0,6
2021-03-22,-7.10059171597633,-6.5,7
2021-03-22,-10.1910828025478,-2.0,8
2021-03-22,-6.98254364089776,-8.0,27
2021-03-22,-6.70037926675094,-6.5,37
2021-03-22,-4.69667318982387,-6.5,7
2021-03-22,-7.81065088757396,-10.0,145
2021-03-22,-9.82142857142856,-10.0,6
2021-03-22,-8.00492610837438,-5.0,7
2021-03-22,-8.86524822695035,-10.0,10
2021-03-22,-6.25,-10.0,79
2021-03-22,-6.91823899371069,-6.5,13
2021-03-22,-8.97155361050333,-6.5,14
2021-03-22,-5.30973451327434,-6.5,16
2021-03-22,-8.16666666666666,-5.0,31
2021-03-22,-6.02409638554216,-5.0,8
2021-03-22,-7.75862068965518,-6.5,8
2021-03-22,-5.48780487804878,-9.0,35
2021-03-22,-7.29813664596273,-10.0,16
2021-03-22,-6.53846153846154,-6.5,20
2021-03-22,-9.64749536178109,-9.0,26
2021-03-22,-9.1863517060367,-9.0,34
2021-03-22,-5.85365853658537,-2.0,19
2021-03-15,-6.37191157347204,-9.2,9
2021-03-15,-7.86350148367957,-6.5,44
2021-03-15,-7.55813953488372,-10.0,7
2021-03-15,-6.31163708086785,-10.0,19
2021-03-15,-7.17131474103585,-2.0,7
2021-03-15,-7.63888888888889,-5.0,36
2021-03-15,-7.31382978723404,-5.0,9
2021-03-15,-5.6745182012848,-4.0,43
2021-03-15,-5.93220338983051,-9.0,19
2021-03-15,-5.61224489795919,-2.0,6
2021-03-15,-7.30816077953715,-9.0,60
2021-03-15,-7.79220779220779,-6.5,14
2021-03-15,-6.65557404326123,-7.0,1747
2021-03-15,-7.22379603399434,-5.0,351
2021-03-15,-8.0459770114943,-10.0,8
2021-03-15,-2.13991769547325,-5.0,10
2021-03-15,-8.67279894875159,-5.0,11
2021-03-15,-7.2753209700428,-6.5,79
2021-03-15,-6.67838312829525,-5.0,53
2021-03-15,-7.25925925925926,-6.5,42
2021-03-15,-5.720823798627,-2.0,9
2021-03-15,-3.46534653465347,-9.0,7
2021-03-15,-6.47382920110193,-6.5,7
2021-03-15,-6.41247833622184,-5.0,53
2021-03-15,-7.09876543209876,-6.5,269
2021-03-15,-10.4651162790698,-2.0,9
2021-03-15,-8.14249363867684,-6.5,76
2021-03-15,-8.29145728643216,-9.0,55
2021-03-15,-7.421875,-5.0,25
2021-03-15,-7.55813953488372,-10.0,6
2021-03-15,-7.48031496062992,-7.0,27
2021-03-15,-7.04815073272854,-9.0,41
2021-03-15,-7.51445086705202,-5.0,34
2021-03-15,-9.17431192660552,-4.4,7
2021-03-15,-6.21761658031088,-5.0,11
2021-03-15,-7.57918552036199,-6.5,17
2021-03-15,-8.61865407319952,-5.0,9
2021-03-15,-7.21247563352826,-6.5,13
2021-03-15,-7.35090152565881,-2.0,7
2021-03-15,-8.40909090909091,-10.0,8
2021-03-15,-6.9672131147541,-5.0,10
2021-03-15,-6.69014084507042,-9.0,51
2021-03-15,-7.91599353796446,-6.5,57
2021-03-15,-6.48854961832061,-6.5,79
2021-03-15,-7.15166461159063,-7.0,144
2021-03-15,-4.65956637504755,-10.0,6
2021-03-15,-6.78941311852704,-9.0,6
2021-03-15,-8.0,-6.5,36
2021-03-15,-7.18085106382979,-5.0,12
2021-03-15,-7.72357723577236,-5.0,7
2021-03-15,-6.77655677655677,-6.5,2655
2021-03-15,-9.2150170648464,-2.0,24
2021-03-15,-6.69216061185469,-10.0,10
2021-03-15,-4.65956637504755,-7.0,77
2021-03-15,-8.27423167848699,-9.0,16
2021-03-15,-6.78733031674208,-6.5,137
2021-03-15,-9.6,-5.0,9
2021-03-15,-3.98196844477836,-10.0,23
2021-03-15,-8.57142857142852,-10.0,9
2021-03-15,-9.11161731207292,-6.5,17
2021-03-15,-7.61670761670762,-9.0,47
2021-03-15,-4.65956637504755,-10.0,7
2021-03-15,-7.78739184177998,-9.0,37
2021-03-15,-7.54017305315203,-6.5,115
2021-03-15,-8.37209302325582,-10.0,6
2021-03-15,-4.93827160493827,-10.0,7
2021-03-15,-7.3200241984271,-9.0,125
2021-03-15,-8.31234256926952,-10.0,12
2021-03-15,-8.19022457067371,-10.0,10
2021-03-15,-8.8235294117647,-5.0,7
2021-03-15,-14.1025641025641,-10.0,6
2021-03-15,-4.08401400233372,-2.0,10
2021-03-15,-7.3627844712182,-6.5,59
2021-03-15,-8.32298136645963,-6.5,90
2021-03-15,-7.48663101604278,-9.0,53
2021-03-15,-6.7911714770798,-10.0,64
2021-03-15,-7.13153724247226,-9.0,44
2021-03-15,-9.70625798212003,-4.4,13
2021-03-15,-6.88775510204081,-9.0,163
2021-03-15,-7.01956271576525,-9.5,8
2021-03-15,-8.4931506849315,-5.0,32
2021-03-15,-8.15602836879433,-10.0,24
2021-03-15,-8.61865407319952,-5.0,21
2021-03-15,-8.47953216374269,-9.0,39
2021-03-15,-8.29145728643216,-7.0,38
2021-03-15,-5.91715976331361,-2.0,18
2021-03-15,-8.28331332533009,-10.0,6
2021-03-15,-5.74712643678161,-6.5,20
2021-03-15,-6.48148148148148,-5.0,162
2021-03-15,-7.45562130177514,-10.0,7
2021-03-15,-6.70640834575261,-6.5,131
2021-03-15,-7.13073005093379,-5.0,761
2021-03-15,-7.66129032258065,-7.0,19
2021-03-15,-10.7049608355091,-6.5,30
2021-03-15,-5.59210526315789,-6.5,14
2021-03-15,-7.421875,-10.0,375
2021-03-15,-8.43195266272186,-5.0,34
2021-03-15,-2.32558139534884,-5.0,9
2021-03-15,-5.60344827586207,-8.0,10
2021-03-15,-8.27423167848699,-9.0,39
2021-03-15,-7.20092915214867,-7.0,17
2021-03-15,-6.7524115755627,-5.0,1341
2021-03-15,-8.05860805860806,-6.5,43
2021-03-15,-11.3074204946996,-7.0,6
2021-03-15,-7.72532188841201,-9.0,36
2021-03-15,-7.36940298507463,-6.5,105
2021-03-15,-8.72894333843798,-6.5,9
2021-03-15,-6.30975143403442,-4.4,7
2021-03-15,-8.15286624203821,-10.0,20
2021-03-15,-8.10344827586207,-9.0,657
2021-03-15,-4.77272727272728,-10.0,8
2021-03-15,-7.04647676161919,-2.0,57
2021-03-15,-6.76691729323308,-9.5,8
2021-03-15,-6.2317429406037,-5.0,14
2021-03-15,-7.1849234393404,-10.0,13
2021-03-15,-4.65956637504755,-2.0,6
2021-03-15,-8.80579010856455,-9.5,12
2021-03-15,-7.31382978723404,-6.5,27
2021-03-15,-4.65956637504755,-6.5,111
2021-03-15,-4.83870967741936,-6.5,7
2021-03-15,-6.91244239631337,-8.0,53
2021-03-15,-7.05445544554455,-6.5,15
2021-03-15,-7.48031496062993,-10.0,12
2021-03-15,-4.54545454545455,-10.0,26
2021-03-15,-9.6,-6.5,11
2021-03-15,-6.30975143403442,-6.5,9
2021-03-15,-7.63260025873221,-10.0,26
2021-03-15,-7.09876543209876,-9.5,147
2021-03-15,-10.4434907010015,-5.0,24
2021-03-15,-8.83882149046795,-10.0,8
2021-03-15,-10.6382978723405,-6.5,6
2021-03-15,-1.68711656441718,-2.0,10
2021-03-15,-8.29694323144101,-10.0,6
2021-03-15,-10.7142857142857,-6.5,8
2021-03-15,-7.37179487179487,-9.0,20
2021-03-15,-8.37563451776649,-2.0,7
2021-03-15,-6.87285223367697,-5.0,22
2021-03-15,-7.91599353796446,-10.0,58
2021-03-15,-7.04225352112676,-9.2,10
2021-03-15,-6.73076923076918,-10.0,15
2021-03-15,-7.92079207920792,-5.0,9
2021-03-15,-7.70491803278689,-9.0,8
2021-03-15,-8.33333333333334,-6.5,144
2021-03-15,-6.30975143403442,-7.2,11
2021-03-15,-7.59717314487632,-6.5,26
2021-03-15,-6.08552631578947,-6.5,20
2021-03-15,-11.2149532710281,-10.0,8
2021-03-15,-6.43939393939393,-9.0,37
2021-03-15,-6.73854447439353,-7.0,90
2021-03-15,-8.52941176470588,-10.0,7
2021-03-15,-8.51293103448275,-6.5,8
2021-03-15,-7.25925925925926,-5.0,9
2021-03-15,-6.0952380952381,-6.5,55
2021-03-15,-6.48429584599797,-9.0,19
2021-03-15,-9.11161731207292,-5.0,10
2021-03-15,-7.19656283566058,-10.0,18
2021-03-15,-5.64635958395245,-10.0,7
2021-03-15,-5.84088620342397,-5.0,16
2021-03-15,-3.72534696859022,-10.0,58
2021-03-15,-8.31234256926952,-10.0,6
2021-03-15,-10.2496714848883,-6.5,7
2021-03-15,-7.69230769230769,-10.0,14
2021-03-15,-8.15286624203821,-7.5,36
2021-03-15,-4.08401400233372,-5.0,26
2021-03-15,-5.53191489361702,-4.0,10
2021-03-15,-7.80590717299578,-6.5,34
2021-03-15,-5.92105263157895,-10.0,16
2021-03-15,-9.14826498422717,-7.0,7
2021-03-15,-7.83132530120482,-10.0,52
2021-03-15,-7.57575757575758,-6.5,7
2021-03-15,-7.00466977985323,-9.0,17
2021-03-15,-7.37509912767644,-10.0,86
2021-03-15,-5.72597137014315,-7.0,27
2021-03-15,-7.421875,-2.0,93
2021-03-15,-7.9136690647482,-10.0,7
2021-03-15,-7.07269155206287,-5.0,105
2021-03-15,-7.62812872467223,-6.5,128
2021-03-15,-8.21256038647343,-9.0,98
2021-03-15,-7.4468085106383,-9.0,10
2021-03-15,-4.67741935483871,-6.5,7
2021-03-15,-7.09606986899563,-5.0,6
2021-03-15,-4.65956637504755,-6.5,65
2021-03-15,-6.72043010752688,-10.0,33
2021-03-15,-7.57918552036199,-6.5,46
2021-03-15,-7.421875,-10.0,70
2021-03-15,-7.69230769230769,-9.0,25
2021-03-15,-8.19672131147541,-6.5,6
2021-03-15,-7.09876543209876,-10.0,53
2021-03-15,-7.45542949756888,-5.0,7
2021-03-15,-8.27423167848699,-10.0,17
2021-03-15,-7.14285714285715,-6.5,536
2021-03-15,-9.24242424242424,-6.5,20
2021-03-15,-8.22510822510822,-6.5,183
2021-03-15,-7.34094616639478,-6.5,23
2021-03-15,-7.46951219512195,-2.0,8
2021-03-15,-10.5263157894737,-9.0,105
2021-03-15,-7.03463203463204,-6.5,53
2021-03-15,-5.69280343716434,-7.0,18
2021-03-15,-7.05882352941176,-6.5,152
2021-03-15,-6.96378830083565,-9.0,25
2021-03-15,-8.69001297016861,-9.5,50
2021-03-15,-7.26495726495727,-9.0,23
2021-03-15,-6.13861386138614,-9.5,6
2021-03-15,-4.65956637504755,-2.0,9
2021-03-15,-8.27586206896551,-6.5,6
2021-03-15,-7.08661417322835,-5.0,7
2021-03-15,-8.05369127516779,-7.5,6
2021-03-15,-4.08401400233372,-5.0,26
2021-03-08,-6.52680652680652,-6.5,26
2021-03-08,-7.21784776902887,-10.0,10
2021-03-08,-8.51581508515815,-7.0,87
2021-03-08,-9.67741935483866,-4.4,6
2021-03-08,-5.69476082004556,-7.5,10
2021-03-08,-7.10743801652893,-7.0,206
2021-03-08,-8.57142857142857,-6.5,15
2021-03-08,-5.50918196994992,-6.5,70
2021-03-08,-6.14203454894433,-5.0,13
2021-03-08,-7.58725341426403,-7.0,202
2021-03-08,-6.89655172413793,-6.5,182
2021-03-08,-3.73134328358209,-6.5,32
2021-03-08,-8.39243498817967,-10.0,13
2021-03-08,-9.43775100401603,-6.5,30
2021-03-08,-6.39686684073107,-7.2,197
2021-03-08,-5.34883720930232,-5.0,13
2021-03-08,-8.39243498817967,-9.5,14
2021-03-08,-5.41176470588236,-7.0,6
2021-03-08,-5.82386363636364,-6.5,13
2021-03-08,-5.78947368421053,-7.0,16
2021-03-08,-5.28789659224442,-6.5,24
2021-03-08,-4.69061876247505,-5.0,6
2021-03-08,-6.00961538461539,-6.5,16
2021-03-08,-9.41176470588231,-5.0,6
2021-03-08,-6.47058823529412,-7.0,153
2021-03-08,-6.4891846921797,-6.5,36
2021-03-08,-5.42763157894737,-6.5,6
2021-03-08,-6.08695652173913,-10.0,9
2021-03-08,-6.70731707317073,-6.5,37
2021-03-08,-5.01792114695341,-7.2,7
2021-03-08,1.52801358234296,-5.0,6
2021-03-08,-6.98365527488855,-10.0,15
2021-03-08,-9.1364205256571,-5.0,14
2021-03-08,-6.35838150289017,-6.5,34
2021-03-08,-7.59493670886076,-6.5,9
2021-03-08,-8.04769001490313,-9.0,722
2021-03-08,-7.75510204081633,-7.2,39
2021-03-08,-5.0185873605948,-2.0,31
2021-03-08,-7.13073005093378,-10.0,8
2021-03-08,-4.69061876247505,-7.0,194
2021-03-08,-8.19148936170213,-9.0,43
2021-03-08,-6.39686684073107,-6.5,69
2021-03-08,-8.82708585247885,-9.0,42
2021-03-08,-8.32298136645963,-2.0,23
2021-03-08,-7.41258741258741,-6.5,77
2021-03-08,-5.03355704697986,-6.5,13
2021-03-08,-8.16,-2.0,294
2021-03-08,-6.62358642972536,-10.0,15
2021-03-08,-6.03448275862069,-6.5,32
2021-03-08,-7.79510022271715,-6.5,244
2021-03-08,-7.4235807860262,-9.0,30
2021-03-08,-7.00483091787439,-6.5,37
2021-03-08,-7.64705882352941,-8.0,21
2021-03-08,-7.3469387755102,-10.0,6
2021-03-08,-4.04411764705882,-6.5,6
2021-03-08,-9.59520239880057,-9.0,69
2021-03-08,-4.70697144484796,-10.0,6
2021-03-08,-6.14203454894433,-10.0,16
2021-03-08,-4.70697144484796,-2.0,25
2021-03-08,-7.74336283185841,-6.5,38
2021-03-08,-6.93069306930693,-6.5,15
2021-03-08,-4.70697144484796,-6.5,6
2021-03-08,-9.6711798839458,-2.0,16
2021-03-08,-5.82386363636364,-7.0,7
2021-03-08,-5.28789659224442,-8.0,7
2021-03-08,-8.82708585247885,-9.0,17
2021-03-08,-7.29166666666666,-9.5,68
2021-03-08,-6.56324582338902,-5.0,9
2021-03-08,-7.75681341719078,-5.0,14
2021-03-08,-6.57894736842105,-6.5,39
2021-03-08,-7.8125,-6.5,585
2021-03-08,-6.75799086757991,-6.5,28
2021-03-08,-5.49645390070922,-10.0,70
2021-03-08,-4.01785714285715,-4.0,32
2021-03-08,-6.76470588235294,-6.5,76
2021-03-08,-10.8808290155441,-10.0,19
2021-03-08,-8.05369127516778,-6.5,29
2021-03-08,-8.28877005347595,-9.0,23
2021-03-08,-4.69061876247505,-9.0,10
2021-03-08,-8.58208955223876,-7.0,202
2021-03-08,-4.69061876247505,-5.0,10
2021-03-08,-5.92503022974607,-10.0,6
2021-03-08,-6.57894736842105,-4.0,16
2021-03-08,-5.80357142857143,-6.5,29
2021-03-08,-5.49662487945998,-9.0,6
2021-03-08,-7.95107033639143,-6.5,89
2021-03-08,-6.32911392405063,-7.2,71
2021-03-08,-6.52173913043479,-6.5,46
2021-03-08,-7.68211920529802,-6.5,166
2021-03-08,-4.69061876247505,-9.0,18
2021-03-08,-4.78395061728395,-5.0,18
2021-03-08,-1.25045972784112,-6.5,14
2021-03-08,-6.05296343001261,-6.5,58
2021-03-08,-7.73694390715668,-7.2,35
2021-03-08,-5.34883720930232,-4.0,16
2021-03-08,-8.49514563106801,-5.0,29
2021-03-08,-7.62886597938144,-9.0,113
2021-03-08,-7.16845878136201,-5.0,12
2021-03-08,-5.91630591630592,-4.0,6
2021-03-08,-7.63358778625955,-4.0,7
2021-03-08,-6.88705234159779,-5.0,13
2021-03-08,-7.07692307692307,-9.0,9
2021-03-08,-7.54950495049505,-7.0,63
2021-03-08,-6.57894736842105,-9.0,11
2021-03-08,-6.57894736842105,-6.5,69
2021-03-08,-6.57894736842105,-10.0,19
2021-03-08,-7.05218617771509,-5.0,30
2021-03-08,-7.99438990182328,-6.5,98
2021-03-08,-7.64617691154423,-9.5,122
2021-03-08,-9.27536231884058,-5.0,8
2021-03-08,-6.57894736842105,-10.0,9
2021-03-08,-6.55737704918033,-9.0,105
2021-03-08,-7.07692307692307,-5.0,37
2021-03-08,-6.80628272251309,-5.0,8
2021-03-08,1.52801358234296,-5.0,6
2021-03-08,-6.10972568578554,-6.5,763
2021-03-08,-6.70553935860058,-6.5,83
2021-03-08,-4.05594405594405,-5.0,6
2021-03-08,-6.01156069364162,-10.0,12
2021-03-08,-10.8108108108108,-6.5,24
2021-03-08,-7.39393939393939,-9.5,6
2021-03-08,-4.69061876247505,-2.0,9
2021-03-08,-8.06722689075634,-9.0,15
2021-03-08,-8.12807881773399,-9.0,15
2021-03-08,-6.4,-10.0,6
2021-03-08,-6.26780626780627,-6.5,159
2021-03-08,-5.98006644518272,-6.5,183
2021-03-08,-4.70697144484796,-9.5,17
2021-03-08,-11.340206185567,-9.0,6
2021-03-08,-4.72175379426644,-5.0,14
2021-03-08,-8.39243498817967,-9.0,33
2021-03-08,-7.04500978473581,-6.5,12
2021-03-08,-6.51465798045603,-6.5,99
2021-03-08,-7.92951541850221,-10.0,225
2021-03-08,-8.19935691318328,-9.0,42
2021-03-08,-9.74576271186438,-8.0,24
2021-03-08,-7.8125,-10.0,90
2021-03-08,-5.45746388443018,-9.5,509
2021-03-08,-3.04054054054054,-5.0,23
2021-03-08,-8.05369127516778,-10.0,9
2021-03-08,-7.13501646542262,-6.5,46
2021-03-08,-4.57831325301205,-10.0,6
2021-03-08,-6.45724258289703,-6.5,1068
2021-03-08,-6.87919463087249,-7.2,43
2021-03-08,-7.13501646542262,-7.2,27
2021-03-08,-6.52557319223986,-10.0,14
2021-03-08,-6.57894736842105,-9.0,12
2021-03-08,-7.62886597938144,-6.5,197
2021-03-08,-6.63198959687907,-9.0,18
2021-03-08,-6.10687022900763,-5.0,89
2021-03-08,-7.32558139534884,-7.5,46
2021-03-08,-6.31970260223048,-9.5,9
2021-03-08,-6.42570281124498,-9.5,6
2021-03-08,-4.69061876247505,-6.5,8
2021-03-08,-6.42857142857143,-9.0,18
2021-03-08,-8.04769001490313,-9.0,254
2021-03-08,-4.69061876247505,-2.0,6
2021-03-08,-5.57275541795665,-2.0,32
2021-03-08,-13.4057971014493,-9.0,21
2021-03-08,-7.91666666666666,-9.5,9
2021-03-08,-6.57894736842105,-10.0,31
2021-03-08,-5.69948186528498,-6.5,6
2021-03-08,-6.57894736842105,-6.5,112
2021-03-08,-4.27807486631016,-9.0,7
2021-03-08,-7.62886597938144,-6.5,105
2021-03-08,-8.36879432624114,-7.0,33
2021-03-08,-7.55007704160246,-10.0,66
2021-03-08,-5.25114155251142,-6.5,6
2021-03-08,-6.87919463087249,-5.0,95
2021-03-08,-7.94979079497908,-10.0,64
2021-03-08,-8.67052023121383,-10.0,48
2021-03-08,-7.63454317897372,-9.0,1391
2021-03-08,-3.76146788990826,-6.5,13
2021-03-08,-8.83590462833099,-10.0,8
2021-03-08,-6.53789004457652,-8.0,11
2021-03-08,-6.89655172413793,-9.5,12
2021-03-08,-4.69061876247505,-10.0,7
2021-03-08,-6.11439842209073,-6.5,37
2021-03-08,-8.57503152585119,-9.0,8
2021-03-08,-8.87949260042283,-9.0,16
2021-03-08,-6.57894736842105,-10.0,6
2021-03-08,-4.69061876247505,-6.5,15
2021-03-08,-5.39083557951483,-6.5,7
2021-03-08,-7.73809523809524,-10.0,8
2021-03-08,-6.91927512355849,-6.5,218
2021-03-08,-7.8125,-10.0,276
2021-03-08,-12.781954887218,-10.0,8
2021-03-08,-7.28155339805825,-7.2,90
2021-03-08,-5.30120481927711,-9.0,29
2021-03-08,-14.9056603773585,-10.0,8
2021-03-08,-5.71428571428571,-6.5,23
2021-03-08,-7.05128205128205,-6.5,5289
2021-03-08,-4.70697144484796,-6.5,123
2021-03-08,-5.1829268292683,-6.5,20
2021-03-08,-7.13224368499256,-7.0,2640
2021-03-08,-6.57894736842105,-10.0,11
2021-03-08,-8.08080808080808,-6.5,10
2021-03-08,-4.67836257309941,-10.0,31
2021-03-08,-6.55737704918033,-6.5,50
2021-03-08,-5.27472527472527,-10.0,28
2021-03-08,-6.04026845637584,-6.5,55
2021-03-08,-10.8320251177394,-7.0,53
2021-03-08,-9.57290132547867,-5.0,8
2021-03-08,-6.71462829736211,-6.5,491
2021-03-08,-6.31970260223049,-6.5,11
2021-03-08,-6.15141955835962,-4.0,12
2021-03-08,-7.32087227414331,-6.5,45
2021-03-08,-6.70553935860058,-9.0,14
2021-03-08,-8.77626699629175,-2.0,8
2021-03-08,-5.69259962049335,-10.0,73
2021-03-08,-4.31679129843643,-9.5,6
2021-03-08,-7.47986191024166,-9.0,985
2021-03-08,-9.27536231884058,-5.0,25
2021-03-08,-6.15384615384615,-10.0,12
2021-03-08,-7.05882352941176,-7.0,16
2021-03-08,-7.32558139534884,-8.0,15
2021-03-08,-6.91676436107855,-10.0,16
2021-03-08,-4.69061876247505,-6.5,225
2021-03-08,-7.66590389016018,-9.5,18
2021-03-08,-5.70570570570571,-5.0,7
2021-03-08,-5.88235294117647,-10.0,128
2021-03-08,-4.75206611570248,-10.0,6
2021-03-08,-6.4,-10.0,47
2021-03-08,-10.9939759036145,-4.4,6
2021-03-08,-9.56340956340955,-7.2,111
2021-03-08,-6.85164212910533,-9.0,22
2021-03-08,-6.97674418604651,-7.2,18
2021-03-08,-9.02394106813999,-9.0,111
2021-03-08,-8.40197693574959,-10.0,15
2021-03-08,-5.70570570570571,-7.5,7
2021-03-08,-5.1829268292683,-6.5,88
2021-03-08,-6.72268907563026,-9.0,223
2021-03-08,-8.16326530612245,-7.0,49
2021-03-08,-8.49514563106801,-5.0,84
2021-03-08,-6.64505672609401,-8.0,29
2021-03-08,-7.25593667546174,-6.5,55
2021-03-08,-5.6390977443609,-6.5,7
2021-03-08,-7.10659898477157,-6.5,73
2021-03-08,-10.4972375690608,-10.0,12
2021-03-08,-6.57894736842105,-10.0,6
2021-03-08,-7.97546012269939,-6.5,10
2021-03-08,-11.0644257703081,-10.0,6
2021-03-08,-5.17241379310345,-7.2,92
2021-03-08,-7.13224368499256,-7.2,2629
2021-03-08,-9.27536231884058,-10.0,27
2021-03-08,-6.63198959687907,-5.0,8
2021-03-08,-6.32911392405063,-6.5,232
2021-03-01,-6.81818181818182,-6.5,62
2021-03-01,-7.4370709382151,-9.0,96
2021-03-01,-8.03782505910169,-5.0,172
2021-03-01,-6.79320679320679,-5.0,15
2021-03-01,-5.27950310559006,-6.5,26
2021-03-01,-7.15421303656598,-9.0,30
2021-03-01,-8.07174887892376,-9.0,12
2021-03-01,-8.10276679841894,-10.0,9
2021-03-01,-7.03883495145631,-5.0,8
2021-03-01,-7.2961373390558,-6.5,208
2021-03-01,-6.76923076923077,-10.0,6
2021-03-01,-5.88235294117647,-7.2,18
2021-03-01,-7.53968253968252,-5.0,26
2021-03-01,-5.52763819095477,-7.0,37
2021-03-01,-7.73006134969326,-4.0,6
2021-03-01,-7.06401766004415,-8.0,115
2021-03-01,-7.06713780918728,-8.0,400
2021-03-01,-6.81198910081744,-5.0,43
2021-03-01,-7.01030927835051,-6.5,47
2021-03-01,-8.9311859443631,-10.0,10
2021-03-01,-7.85876993166287,-9.0,11
2021-03-01,-8.03782505910169,-2.0,80
2021-03-01,-7.25190839694657,-4.4,9
2021-03-01,-7.98525798525798,-9.0,60
2021-03-01,-7.9136690647482,-5.0,7
2021-03-01,-6.88073394495413,-10.0,33
2021-03-01,-8.48938826466916,-5.0,7
2021-03-01,-8.97129186602874,-6.5,26
2021-03-01,-7.76545166402535,-9.0,22
2021-03-01,-7.4257425742574,-2.0,9
2021-03-01,-6.51872399445215,-6.5,10
2021-03-01,-6.11961057023644,-5.0,44
2021-03-01,-7.18884120171674,-9.0,2901
2021-03-01,-7.61802575107296,-10.0,6
2021-03-01,-7.46835443037975,-5.0,21
2021-03-01,-5.94059405940594,-9.0,22
2021-03-01,-5.72916666666667,-8.0,98
2021-03-01,-9.05511811023618,-5.0,6
2021-03-01,-8.50785340314136,-10.0,13
2021-03-01,-7.71604938271604,-6.5,90
2021-03-01,-6.83090705487122,-5.0,21
2021-03-01,-7.16180371352785,-2.0,7
2021-03-01,-8.0,-6.5,29
2021-03-01,-6.09865470852018,-5.0,7
2021-03-01,-8.37696335078536,-7.5,15
2021-03-01,-9.05511811023618,-10.0,8
2021-03-01,-9.17808219178086,-5.0,7
2021-03-01,-2.94117647058823,-2.0,6
2021-03-01,-7.2258064516129,-7.0,130
2021-03-01,-7.30769230769231,-10.0,6
2021-03-01,-6.69240669240669,-6.5,59
2021-03-01,-6.11246943765281,-7.0,164
2021-03-01,-6.48379052369078,-6.5,27
2021-03-01,-7.61802575107296,-10.0,33
2021-03-01,-7.39614994934143,-9.0,64
2021-03-01,-5.50314465408805,-7.2,10
2021-03-01,-7.85876993166287,-7.0,261
2021-03-01,-6.06508875739645,-5.0,21
2021-03-01,-7.83817951959545,-2.0,47
2021-03-01,-9.55137481910272,-7.2,29
2021-03-01,-4.87421383647799,-10.0,7
2021-03-01,-7.58928571428572,-6.5,7
2021-03-01,-6.62251655629139,-10.0,10
2021-03-01,-6.11620795107033,-6.5,295
2021-03-01,-7.05394190871369,-8.0,92
2021-03-01,-5.59440559440559,-6.5,18
2021-03-01,-6.41891891891892,-10.0,15
2021-03-01,-6.55737704918033,-5.0,14
2021-03-01,-7.31939163498099,-9.0,67
2021-03-01,-5.88235294117647,-10.0,8
2021-03-01,-5.57065217391305,-5.0,6
2021-03-01,-9.6774193548387,-5.0,15
2021-03-01,-7.85876993166287,-9.0,128
2021-03-01,-7.85876993166287,-9.0,8
2021-03-01,-6.55737704918033,-2.0,6
2021-03-01,-7.82865583456426,-8.0,180
2021-03-01,-4.75138121546962,-5.0,18
2021-03-01,-1.00250626566416,-5.0,9
2021-03-01,-6.42750373692078,-10.0,9
2021-03-01,-8.09595202398801,-5.0,8
2021-03-01,-6.03448275862069,-6.5,170
2021-03-01,-8.23970037453183,-9.0,15
2021-03-01,-6.79320679320679,-6.5,13
2021-03-01,-7.18424101969873,-6.5,6
2021-03-01,-6.23556581986143,-6.5,24
2021-03-01,-5.59610705596107,-6.5,25
2021-03-01,-7.66550522648083,-2.0,6
2021-03-01,-7.96178343949044,-9.0,13
2021-03-01,-6.78733031674208,-6.5,8
2021-03-01,-8.46153846153846,-9.0,10
2021-03-01,-8.77862595419847,-5.0,12
2021-03-01,-7.11382113821138,-6.5,27
2021-03-01,-7.40740740740741,-7.2,95
2021-03-01,-7.71653543307087,-6.5,41
2021-03-01,-4.84848484848484,-5.0,19
2021-03-01,-5.68011958146487,-7.0,13
2021-03-01,-8.85608856088561,-9.0,62
2021-03-01,-5.68011958146487,-8.0,14
2021-03-01,-5.98885793871866,-5.0,6
2021-03-01,-5.92783505154639,-6.5,106
2021-03-01,-4.96660202542555,-9.0,78
2021-03-01,-6.80061823802164,-10.0,254
2021-03-01,-5.54156171284634,-6.5,34
2021-03-01,-6.74486803519061,-6.5,20
2021-03-01,-7.71604938271605,-6.5,2236
2021-03-01,-6.79320679320679,-5.0,15
2021-03-01,-5.32959326788219,-5.0,6
2021-03-01,-2.63852242744063,-10.0,7
2021-03-01,-6.86427457098284,-5.0,43
2021-03-01,-5.53306342780027,-6.5,8
2021-03-01,-6.06508875739645,-5.0,13
2021-03-01,-7.58226037195994,-2.0,11
2021-03-01,-7.89049919484702,-7.0,162
2021-03-01,-8.67823765020026,-5.0,16
2021-03-01,-4.24528301886792,-10.0,14
2021-03-01,-7.03851261620186,-5.0,563
2021-03-01,-6.32621951219512,-9.0,48
2021-03-01,-6.22710622710623,-9.0,20
2021-03-01,-7.85876993166287,-9.0,6
2021-03-01,-5.65656565656565,-5.0,11
2021-03-01,-6.7842605156038,-5.0,12
2021-03-01,-7.27272727272727,-8.0,229
2021-03-01,-8.38971583220568,-9.0,10
2021-03-01,-7.9136690647482,-6.5,17
2021-03-01,1.23152709359606,-2.0,9
2021-03-01,-5.97826086956521,-6.5,90
2021-03-01,-7.94392523364486,-6.5,46
2021-03-01,-5.42244640605296,-6.5,45
2021-03-01,-5.20156046814045,-6.5,111
2021-03-01,-9.05511811023618,-6.5,17
2021-03-01,-5.22803114571747,-6.5,62
2021-03-01,-7.6219512195122,-2.0,8
2021-03-01,-5.79531442663379,-5.0,8
2021-03-01,-8.79629629629629,-9.0,14
2021-03-01,-7.01030927835051,-7.0,98
2021-03-01,-5.578231292517,-5.0,20
2021-03-01,-8.57142857142857,-5.0,12
2021-03-01,-6.56303972366149,-6.5,13
2021-03-01,-6.79320679320679,-5.0,52
2021-03-01,-6.24169986719788,-6.5,155
2021-03-01,-6.00522193211489,-4.4,10
2021-03-01,-7.41116751269036,-6.5,3299
2021-03-01,-7.16510903426792,-6.5,7
2021-03-01,-5.58739255014327,-6.5,197
2021-03-01,-6.79320679320679,-9.0,322
2021-03-01,-6.23409669211196,-5.0,128
2021-03-01,-8.18713450292398,-9.0,29
2021-03-01,-7.52032520325203,-9.0,18
2021-03-01,-6.58174097664544,-10.0,46
2021-03-01,-4.96660202542555,-6.5,90
2021-03-01,-8.02005012531328,-6.5,76
2021-03-01,-6.6079295154185,-10.0,13
2021-03-01,-7.27788279773157,-6.5,14
2021-03-01,-6.26780626780626,-6.5,18
2021-03-01,-8.2051282051282,-10.0,6
2021-03-01,-8.45481049562682,-9.0,28
2021-03-01,-6.74486803519061,-9.0,100
2021-03-01,-5.76407506702413,-9.0,205
2021-03-01,-6.20253164556962,-9.0,64
2021-03-01,-7.01754385964912,-2.0,8
2021-03-01,-4.95867768595041,-9.0,43
2021-03-01,-6.79320679320679,-8.0,534
2021-03-01,-6.88073394495413,-9.0,31
2021-03-01,-6.55737704918033,-2.0,10
2021-03-01,-8.26210826210826,-7.0,6
2021-03-01,-5.73979591836735,-5.0,8
2021-03-01,-6.55737704918033,-2.0,11
2021-03-01,-6.6079295154185,-9.0,7
2021-03-01,-8.26161790017212,-10.0,7
2021-03-01,-7.28291316526611,-5.0,32
2021-03-01,-6.25,-6.5,72
2021-03-01,-7.21040189125296,-6.5,8
2021-03-01,-3.71517027863777,-6.5,11
2021-03-01,-8.07113543091655,-2.0,7
2021-03-01,-8.40579710144927,-10.0,14
2021-03-01,-9.55137481910272,-6.5,11
2021-03-01,-9.26829268292688,-9.0,15
2021-03-01,-5.76576576576577,-10.0,108
2021-03-01,-6.77361853832442,-10.0,6
2021-03-01,-6.49149922720247,-4.0,15
2021-03-01,-4.87421383647799,-10.0,20
2021-03-01,-6.88741721854305,-7.5,15
2021-03-01,-4.87421383647799,-10.0,16
2021-03-01,-7.73313115996967,-7.5,58
2021-03-01,-8.73180873180873,-7.0,58
2021-03-01,-7.79036827195468,-8.0,35
2021-03-01,-7.97720797720796,-9.0,24
2021-03-01,-5.42244640605296,-5.0,83
2021-03-01,-8.03108808290155,-7.0,90
2021-03-01,-7.04845814977973,-9.0,13
2021-03-01,-6.70690811535882,-6.5,370
2021-03-01,-5.23415977961432,-6.5,29
2021-03-01,-6.60714285714286,-6.5,14
2021-03-01,-7.25190839694657,-6.5,11
2021-03-01,-7.07070707070707,-10.0,20
2021-03-01,-9.98463901689704,-6.5,6
2021-03-01,-7.46054519368723,-6.5,22
2021-03-01,-7.8125,-2.0,63
2021-03-01,-10.4347826086957,-9.0,8
2021-03-01,-7.46835443037975,-6.5,8
2021-03-01,-7.08762886597938,-9.2,8
2021-03-01,-7.04845814977973,-10.0,16
2021-03-01,-10.0719424460431,-6.5,12
2021-03-01,-5.86734693877551,-5.0,15
2021-03-01,-5.8759521218716,-6.5,12
2021-03-01,-7.01030927835051,-9.0,65
2021-03-01,-6.16343490304709,-6.5,187
2021-03-01,-7.15071507150715,-6.5,29
2021-03-01,-9.98487140695915,-5.0,17
2021-03-01,-7.53424657534246,-5.0,17
2021-03-01,-8.73180873180873,-9.5,49
2021-03-01,-7.41206030150754,-9.0,25
2021-03-01,-8.56269113149847,-6.5,126
2021-03-01,-6.04026845637584,-5.0,29
2021-03-01,-6.63507109004739,-6.5,52
2021-03-01,-8.79120879120879,-6.5,67
2021-03-01,-5.80808080808081,-7.0,6
2021-03-01,-8.88888888888889,-9.0,7
2021-03-01,-7.85876993166287,-5.0,18
2021-03-01,-7.22689075630252,-6.5,1799
2021-03-01,-8.4785133565621,-10.0,8
2021-03-01,-6.08465608465608,-5.0,56
2021-03-01,-7.03851261620186,-5.0,103
2021-03-01,-9.35765265662178,-6.5,38
2021-03-01,-8.59504132231405,-9.0,57
2021-03-01,-8.375,-10.0,6
2021-03-01,-6.17433414043584,-6.5,148
2021-03-01,-8.26161790017212,-10.0,6
2021-03-01,-7.9136690647482,-5.0,12
2021-03-01,-9.98487140695915,-5.0,7
2021-03-01,-8.03782505910169,-2.0,154
2021-03-01,-6.4638783269962,-10.0,9
2021-03-01,-4.87421383647799,-10.0,6
2021-03-01,-6.98795180722892,-5.0,52
2021-03-01,-4.96660202542555,-4.4,9
2021-03-01,-7.38434163701068,-7.2,6449
2021-03-01,-5.04731861198738,-6.5,9
2021-03-01,-6.03085553997195,-5.0,49
2021-03-01,-8.95522388059705,-5.0,20
2021-03-01,-5.98290598290598,-6.5,7
2021-03-01,-8.01104972375691,-9.0,12
2021-03-01,-6.17433414043584,-6.5,74
2021-03-01,-8.86426592797785,-9.0,15
2021-03-01,-7.34229576008273,-9.0,75
2021-03-01,-6.59062103929024,-6.5,9
2021-03-01,-6.23931623931623,-4.4,7
2021-03-01,-6.83090705487122,-6.5,196
2021-03-01,-6.74486803519061,-7.0,47
2021-03-01,-8.9311859443631,-9.0,19
2021-03-01,-6.92167577413479,-10.0,21
2021-03-01,-5.57065217391305,-5.0,19
2021-03-01,-8.76494023904383,-10.0,7
2021-03-01,-7.85876993166287,-9.0,7
2021-03-01,-8.07511737089201,-9.0,30
2021-03-01,-9.05432595573438,-6.5,18
2021-03-01,-7.02947845804988,-7.2,103
2021-03-01,-7.76595744680851,-9.0,117
2021-03-01,-6.85483870967742,-6.5,8
2021-03-01,-6.97969543147208,-6.5,105
2021-03-01,-7.01030927835051,-9.0,105
2021-03-01,-8.14285714285715,-2.0,11
2021-03-01,-7.80487804878049,-6.5,13
2021-03-01,-7.63888888888889,-6.5,155
2021-03-01,-7.1363220494053,-5.0,158
2021-03-01,-8.34473324213408,-9.0,41
2021-03-01,-6.09929078014184,-7.2,456
2021-03-01,-7.01030927835051,-9.0,143
2021-03-01,-7.69230769230769,-6.5,3406
2021-03-01,-7.95262267343486,-10.0,8
2021-03-01,-5.9493670886076,-7.2,815
2021-03-01,-5.77136514983351,-9.0,9
2021-03-01,-1.00250626566416,-5.0,8
2021-03-01,-6.82004930156122,-9.0,11
2021-03-01,-7.77777777777778,-10.0,17
2021-03-01,-6.66666666666667,-5.0,238
2021-03-01,-9.1533180778032,-9.0,46
2021-03-01,-5.2132701421801,-6.5,37
2021-03-01,-5.55555555555556,-9.0,6
2021-03-01,-6.72690763052209,-9.5,66
2021-03-01,-9.83606557377047,-7.2,6
2021-03-01,-7.25190839694657,-5.0,7
2021-03-01,-5.44554455445544,-7.0,11
2021-03-01,-6.08465608465608,-5.0,59
2021-03-01,-7.9136690647482,-9.0,68
2021-03-01,-3.88655462184874,-10.0,8
2021-03-01,-8.23970037453183,-10.0,25
2021-03-01,-5.41666666666667,-7.0,12
2021-03-01,-7.79220779220779,-5.0,503
2021-03-01,-8.83054892601432,-6.5,7
2021-03-01,-3.97350993377484,-10.0,7
2021-03-01,-8.81834215167552,-10.0,13
2021-03-01,-5.86206896551724,-6.5,29
2021-03-01,-6.55737704918033,-2.0,7
2021-03-01,-5.84795321637427,-5.0,28
2021-03-01,-9.05511811023618,-10.0,7
2021-02-22,-6.83453237410072,-6.5,157
2021-02-22,-7.17948717948718,-6.5,39
2021-02-22,-5.84415584415584,-10.0,14
2021-02-22,-5.60271646859084,-6.5,35
2021-02-22,-7.4,-7.0,152
2021-02-22,-7.90513833992096,-7.2,57
2021-02-22,-6.01851851851852,-5.0,16
2021-02-22,-8.56164383561644,-6.5,7
2021-02-22,-3.95177494976557,-6.5,6
2021-02-22,-8.98734177215191,-9.0,90
2021-02-22,-7.17948717948718,-9.0,8
2021-02-22,-6.11510791366906,-5.0,16
2021-02-22,-7.1078431372549,-5.0,65
2021-02-22,-6.90140845070423,-6.5,16
2021-02-22,-9.65692503176619,-5.0,8
2021-02-22,-8.9430894308943,-2.0,9
2021-02-22,-7.14285714285714,-6.5,6
2021-02-22,-7.63723150357996,-10.0,41
2021-02-22,-5.89651022864019,-10.0,14
2021-02-22,-5.10204081632653,-6.5,34
2021-02-22,-5.24017467248909,-8.0,7
2021-02-22,-11.3970588235294,-2.0,12
2021-02-22,-4.44073455759599,-6.5,14
2021-02-22,-7.36543909348442,-10.0,9
2021-02-22,-4.21348314606741,-6.5,21
2021-02-22,-8.1190798376184,-6.5,121
2021-02-22,-5.45454545454545,-7.0,81
2021-02-22,-8.8862559241706,-7.0,865
2021-02-22,-6.85840707964601,-6.5,52
2021-02-22,-7.34966592427617,-6.5,32
2021-02-22,-6.23306233062331,-7.0,177
2021-02-22,-7.2,-6.5,197
2021-02-22,-7.22291407222914,-5.0,73
2021-02-22,-8.42105263157896,-6.5,7
2021-02-22,-7.62886597938145,-7.0,296
2021-02-22,-10.6666666666667,-6.5,8
2021-02-22,-5.43565147881695,-7.2,9
2021-02-22,-6.99774266365688,-4.4,9
2021-02-22,-5.88235294117647,-7.2,17
2021-02-22,-7.27699530516432,-7.2,41
2021-02-22,-8.10810810810811,-9.0,12
2021-02-22,-4.44444444444444,-4.0,11
2021-02-22,-8.7286527514231,-9.0,14
2021-02-22,-6.01173020527859,-6.5,15
2021-02-22,-5.38057742782152,-10.0,7
2021-02-22,-6.73684210526315,-2.0,6
2021-02-22,-4.40528634361233,-6.5,10
2021-02-22,-8.45070422535211,-10.0,8
2021-02-22,-9.06976744186048,-6.5,8
2021-02-22,-4.89642184557438,-4.4,9
2021-02-22,-9.16380297823595,-5.0,38
2021-02-22,-5.49777117384844,-6.5,56
2021-02-22,-5.9880239520958,-5.0,21
2021-02-22,-7.14285714285714,-10.0,6
2021-02-22,-6.09212481426449,-8.0,25
2021-02-22,-8.15822002472188,-9.0,24
2021-02-22,-5.76923076923077,-6.5,19
2021-02-22,-4.44073455759599,-2.0,6
2021-02-22,-6.45962732919255,-5.0,385
2021-02-22,-10.3194103194103,-5.8,7
2021-02-22,-10.3194103194103,-5.0,15
2021-02-22,-4.40528634361233,-6.5,21
2021-02-22,-6.37311703360371,-9.0,15
2021-02-22,-7.52688172043011,-6.5,7
2021-02-22,-5.90909090909091,-5.6,17
2021-02-22,-7.88732394366193,-6.5,151
2021-02-22,-5.08701472556895,-7.2,100
2021-02-22,-7.43073047858942,-5.0,6
2021-02-22,-3.09859154929578,-6.5,9
2021-02-22,-6.37119113573407,-2.0,10
2021-02-22,-8.45588235294117,-5.0,10
2021-02-22,-4.90909090909091,-10.0,209
2021-02-22,-6.89655172413793,-9.0,81
2021-02-22,-7.75862068965517,-6.5,27
2021-02-22,-8.31265508684864,-5.0,86
2021-02-22,-6.52173913043478,-2.0,6
2021-02-22,-5.85106382978723,-6.5,203
2021-02-22,-8.02997858672377,-9.0,191
2021-02-22,-4.44073455759599,-6.5,7
2021-02-22,-7.31707317073172,-10.0,10
2021-02-22,-4.44073455759599,-2.0,6
2021-02-22,-8.92193308550187,-2.0,105
2021-02-22,-6.51629072681704,-8.0,66
2021-02-22,-8.38794233289646,-6.5,25
2021-02-22,-4.06130268199234,-6.5,8
2021-02-22,-7.28021978021978,-6.5,96
2021-02-22,-4.9438202247191,-6.5,276
2021-02-22,-7.981220657277,-5.0,201
2021-02-22,-8.33333333333334,-6.5,93
2021-02-22,-5.74712643678161,-6.5,222
2021-02-22,-5.85009140767824,-6.5,120
2021-02-22,-7.88732394366193,-5.0,424
2021-02-22,-7.9136690647482,-9.0,23
2021-02-22,-8.40543881334981,-5.0,14
2021-02-22,-7.68175582990395,-9.0,112
2021-02-22,-6.37311703360371,-6.5,56
2021-02-22,-7.77777777777777,-6.5,27
2021-02-22,-7.82967032967033,-9.0,11
2021-02-22,-4.48275862068965,-6.5,35
2021-02-22,-9.69387755102042,-9.0,19
2021-02-22,-7.66129032258065,-6.5,43
2021-02-22,-5.96546310832025,-2.0,13
2021-02-22,-4.46650124069479,-6.5,11
2021-02-22,-9.48509485094851,-10.0,22
2021-02-22,-5.33807829181495,-6.5,9
2021-02-22,-6.75675675675675,-9.0,666
2021-02-22,-7.2289156626506,-7.2,37
2021-02-22,-7.69230769230771,-6.5,12
2021-02-22,-4.40677966101695,-6.5,6
2021-02-22,-8.41584158415842,-5.0,12
2021-02-22,-7.90629575402634,-2.0,7
2021-02-22,-9.69387755102042,-10.0,7
2021-02-22,-4.40677966101695,-10.0,6
2021-02-22,-7.26744186046511,-9.0,30
2021-02-22,-5.55555555555555,-6.5,21
2021-02-22,-6.68896321070234,-10.0,12
2021-02-22,-6.63265306122449,-6.5,12
2021-02-22,-10.2564102564102,-10.0,7
2021-02-22,-8.39416058394161,-10.0,6
2021-02-22,-4.44444444444444,-6.5,19
2021-02-22,-8.15450643776828,-4.0,9
2021-02-22,-8.33333333333334,-9.0,52
2021-02-22,-5.81222056631893,-6.5,13
2021-02-22,-7.62886597938145,-6.5,117
2021-02-22,-5.6701030927835,-6.5,382
2021-02-22,-7.82967032967033,-10.0,10
2021-02-22,-6.25,-9.5,83
2021-02-22,-7.92349726775956,-4.4,58
2021-02-22,-7.38636363636364,-6.5,22
2021-02-22,-7.82967032967033,-9.0,10
2021-02-22,-8.23117338003503,-10.0,102
2021-02-22,-6.8359375,-6.5,43
2021-02-22,-7.81249999999999,-5.0,17
2021-02-22,-7.23350253807106,-6.5,9
2021-02-22,-6.3913470993117,-7.2,2340
2021-02-22,-6.40535372848948,-6.5,1437
2021-02-22,-6.46766169154228,-9.0,240
2021-02-22,-6.66666666666667,-5.0,234
2021-02-22,-6.51558073654391,-6.5,37
2021-02-22,-7.8984485190409,-7.0,122
2021-02-22,-8.51581508515813,-10.0,31
2021-02-22,-6.90140845070423,-5.0,40
2021-02-22,-7.33333333333333,-4.0,16
2021-02-22,-6.0,-6.5,55
2021-02-22,-7.1078431372549,-5.0,29
2021-02-22,-6.64206642066421,-9.0,182
2021-02-22,-6.73684210526315,-2.0,10
2021-02-22,-7.39030023094688,-7.2,14
2021-02-22,-6.00315955766193,-10.0,6
2021-02-22,-5.39473684210526,-7.0,12
2021-02-22,-8.46867749419954,-7.2,8
2021-02-22,-4.51527224435591,-6.5,47
2021-02-22,-6.13496932515337,-6.5,79
2021-02-22,-6.11510791366906,-6.5,7
2021-02-22,-8.90736342042759,-5.0,172
2021-02-22,-8.7431693989071,-6.5,52
2021-02-22,-7.4,-10.0,7
2021-02-22,-4.77453580901857,-6.5,74
2021-02-22,-7.94223826714802,-5.0,44
2021-02-22,-10.5154639175257,-6.5,6
2021-02-22,-6.64961636828645,-6.5,69
2021-02-22,-8.1190798376184,-5.0,7
2021-02-22,-4.8582995951417,-6.5,87
2021-02-22,-6.99386503067485,-7.0,92
2021-02-22,-5.27235653946986,-6.5,89
2021-02-22,-5.25139664804469,-4.0,7
2021-02-22,-6.0,-7.0,10
2021-02-22,-5.09090909090909,-4.0,13
2021-02-22,-6.07210626185958,-6.5,285
2021-02-22,-10.5154639175257,-6.5,7
2021-02-22,-7.69230769230769,-5.0,25
2021-02-22,-7.14285714285715,-6.5,104
2021-02-22,-6.99386503067485,-6.5,116
2021-02-22,-8.33333333333334,-10.0,47
2021-02-22,-5.43130990415335,-10.0,13
2021-02-22,-6.02605863192182,-6.5,9
2021-02-22,-10.7806691449814,-6.5,12
2021-02-22,-5.75221238938053,-6.5,75
2021-02-22,-2.94117647058824,-6.5,41
2021-02-22,-4.13223140495868,-6.5,14
2021-02-22,-5.62248995983936,-6.5,108
2021-02-22,-10.0806451612904,-5.0,11
2021-02-22,-5.55555555555555,-6.5,93
2021-02-22,-7.27802037845706,-6.5,24
2021-02-22,-6.15384615384615,-6.5,65
2021-02-22,-7.2463768115942,-7.0,8
2021-02-22,-4.48583919406957,-8.0,8
2021-02-22,-2.94906166219839,-2.0,13
2021-02-22,-6.34328358208955,-7.0,38
2021-02-22,-6.2200956937799,-6.5,367
2021-02-22,-8.75576036866359,-10.0,8
2021-02-22,-4.82456140350878,-5.0,26
2021-02-22,-8.49825378346915,-7.0,36
2021-02-22,-7.23514211886305,-6.5,71
2021-02-22,-7.06666666666667,-5.0,239
2021-02-22,-6.52431791221826,-6.5,83
2021-02-22,-7.94701986754967,-9.0,7
2021-02-22,-7.21649484536082,-6.5,135
2021-02-22,-5.27235653946986,-6.5,57
2021-02-22,-7.88732394366193,-10.0,12
2021-02-22,-8.92193308550187,-2.0,153
2021-02-22,-8.38794233289646,-9.0,8
2021-02-22,-7.88732394366193,-4.0,41
2021-02-22,-7.27611940298507,-9.0,10
2021-02-22,-6.1898211829436,-6.5,38
2021-02-22,-4.31818181818181,-6.5,6
2021-02-22,-8.14814814814818,-9.0,23
2021-02-22,-6.54205607476636,-6.5,21
2021-02-22,-7.57800891530461,-2.0,8
2021-02-22,-5.33807829181495,-10.0,7
2021-02-22,-7.36543909348442,-6.5,9
2021-02-22,-4.44073455759599,-6.5,15
2021-02-22,-4.59016393442623,-5.0,17
2021-02-22,-10.3448275862069,-10.0,8
2021-02-22,-8.92448512585812,-10.0,19
2021-02-22,-5.64784053156146,-6.5,58
2021-02-22,-9.31558935361217,-10.0,21
2021-02-22,-8.98734177215191,-7.2,19
2021-02-22,-7.27802037845706,-6.5,12
2021-02-22,-4.80109739368998,-5.0,18
2021-02-22,-4.66472303206997,-6.5,13
2021-02-22,-8.9928057553957,-4.4,13
2021-02-22,-8.42627013630732,-4.0,19
2021-02-22,-6.79320679320679,-6.5,3723
2021-02-22,-5.14705882352942,-6.5,842
2021-02-22,-4.70139771283355,-6.5,494
2021-02-22,-8.03443328550932,-6.5,40
2021-02-22,-8.51581508515813,-6.5,41
2021-02-22,-9.54356846473033,-5.0,11
2021-02-22,-7.39030023094688,-6.5,40
2021-02-22,-8.75576036866359,-6.5,7
2021-02-22,-4.48275862068966,-8.0,30
2021-02-22,-6.02782071097373,-2.0,14
2021-02-22,-4.97237569060774,-6.5,17
2021-02-22,-4.41988950276244,-10.0,23
2021-02-22,-5.55555555555555,-6.5,12
2021-02-22,-4.35413642960813,-6.5,15
2021-02-22,-6.4034151547492,-5.0,11
2021-02-22,-6.94006309148265,-9.0,15
2021-02-22,-4.44073455759599,-9.0,11
2021-02-22,-8.9430894308943,-2.0,9
2021-02-22,-7.88732394366193,-9.0,52
2021-02-22,-8.38794233289646,-10.0,18
2021-02-22,-6.35838150289018,-6.5,84
2021-02-22,-7.71230502599653,-6.5,128
2021-02-15,-7.12616822429907,-5.0,44
2021-02-15,-4.58715596330275,-6.5,10
2021-02-15,-5.06634499396864,-6.5,70
2021-02-15,-7.91788856304985,-6.5,21
2021-02-15,-8.78048780487807,-10.0,13
2021-02-15,-7.83532536520585,-8.0,10
2021-02-15,-5.86701434159061,-6.5,6
2021-02-15,-7.74907749077491,-5.0,189
2021-02-15,-6.76328502415459,-4.4,19
2021-02-15,-8.41346153846157,-9.0,37
2021-02-15,-7.32647814910026,-6.5,162
2021-02-15,-5.46265328874024,-9.5,10
2021-02-15,-6.21650589496249,-6.5,15
2021-02-15,-6.06488011283498,-6.5,55
2021-02-15,-8.09327846364883,-6.5,15
2021-02-15,-7.68136557610242,-10.0,7
2021-02-15,-10.0472813238771,-2.0,6
2021-02-15,-5.625,-5.0,8
2021-02-15,-4.87804878048781,-2.0,72
2021-02-15,-0.21141649048626,-6.5,24
2021-02-15,-6.66666666666667,-6.5,75
2021-02-15,-7.68136557610242,-10.0,11
2021-02-15,-8.79432624113474,-4.4,12
2021-02-15,-8.25439783491204,-6.5,8
2021-02-15,-7.15048025613661,-5.0,264
2021-02-15,-5.36649214659686,-2.0,7
2021-02-15,-6.60522273425499,-2.0,11
2021-02-15,-6.11111111111111,-5.0,180
2021-02-15,-8.25545171339564,-8.0,6
2021-02-15,-8.35214446952598,-6.5,19
2021-02-15,-6.1909758656873,-6.5,200
2021-02-15,-6.85950413223141,-6.5,55
2021-02-15,-6.51013874066169,-6.5,79
2021-02-15,-5.86701434159061,-6.5,6
2021-02-15,-6.94935217903416,-7.2,65
2021-02-15,-7.25308641975308,-6.5,254
2021-02-15,-7.64075067024128,-5.0,149
2021-02-15,-6.56934306569344,-6.5,6
2021-02-15,-8.1190798376184,-6.5,44
2021-02-15,-6.25,-6.5,6
2021-02-15,-6.21650589496249,-6.5,43
2021-02-15,-5.7116953762466,-6.5,815
2021-02-15,-7.60719225449516,-5.0,28
2021-02-15,-5.78512396694215,-6.5,10
2021-02-15,-10.0472813238771,-2.0,17
2021-02-15,-4.54545454545454,-6.5,7
2021-02-15,-2.85437832607644,-6.5,12
2021-02-15,-8.34512022630836,-10.0,16
2021-02-15,-5.3475935828877,-9.0,213
2021-02-15,-3.75,-6.5,9
2021-02-15,-6.76691729323308,-7.2,26
2021-02-15,-6.265664160401,-6.5,61
2021-02-15,-7.85185185185185,-5.0,66
2021-02-15,-7.54310344827587,-5.0,172
2021-02-15,-6.87203791469194,-5.0,514
2021-02-15,-8.45272206303724,-6.5,6
2021-02-15,-8.25688073394496,-6.5,25
2021-02-15,-7.18085106382979,-10.0,8
2021-02-15,-7.64248704663213,-2.0,19
2021-02-15,-5.7116953762466,-5.0,221
2021-02-15,-5.3030303030303,-9.0,147
2021-02-15,-5.61299852289512,-8.0,35
2021-02-15,-2.85437832607644,-2.0,11
2021-02-15,-5.69476082004555,-6.5,159
2021-02-15,-4.4806517311609,-6.5,19
2021-02-15,-8.61244019138752,-5.0,12
2021-02-15,-6.1624649859944,-6.5,61
2021-02-15,-4.87804878048781,-2.0,72
2021-02-15,-7.74818401937045,-6.5,96
2021-02-15,-6.74157303370787,-5.0,94
2021-02-15,-5.65428109854604,-6.5,22
2021-02-15,-4.26356589147287,-6.5,15
2021-02-15,-6.73684210526315,-6.5,92
2021-02-15,-5.53435114503817,-6.5,1133
2021-02-15,-7.56302521008404,-6.5,177
2021-02-15,-7.9746835443038,-6.5,14
2021-02-15,-8.55614973262032,-6.5,12
2021-02-15,-5.87912087912088,-6.5,17
2021-02-15,-7.48175182481751,-9.0,11
2021-02-15,-4.62962962962963,-5.0,23
2021-02-15,-6.99881376037959,-5.0,141
2021-02-15,-6.62576687116565,-6.5,131
2021-02-15,-5.60897435897436,-6.5,69
2021-02-15,-7.64075067024128,-6.5,97
2021-02-15,-6.25,-5.0,51
2021-02-15,-4.54545454545454,-6.5,7
2021-02-15,-6.05700712589074,-6.5,18
2021-02-15,-5.92503022974607,-2.0,12
2021-02-15,-6.0,-7.0,18
2021-02-15,-4.89260143198091,-6.5,8
2021-02-15,-8.79432624113474,-4.4,10
2021-02-15,-7.1523178807947,-10.0,7
2021-02-15,-5.79710144927536,-7.2,554
2021-02-15,-3.20855614973262,-6.5,8
2021-02-15,-5.50996483001172,-6.5,568
2021-02-15,-9.11458333333337,-6.5,35
2021-02-15,-5.44303797468354,-6.5,20
2021-02-15,-5.78947368421053,-6.5,246
2021-02-15,-3.65448504983389,-4.4,8
2021-02-15,-5.95533498759305,-7.2,32
2021-02-15,-7.60456273764259,-7.2,6
2021-02-15,-2.60223048327138,-8.0,6
2021-02-15,-7.48663101604278,-2.0,6
2021-02-15,-6.16438356164384,-6.5,45
2021-02-15,-5.53435114503817,-6.5,1783
2021-02-15,-7.73381294964029,-6.5,282
2021-02-15,-6.53266331658292,-8.0,12
2021-02-15,-8.16326530612245,-6.5,15
2021-02-15,-6.26808100289296,-6.5,1945
2021-02-15,-8.34512022630836,-10.0,10
2021-02-15,-8.32395950506187,-8.0,12
2021-02-15,-7.03703703703704,-7.2,9
2021-02-15,-7.13305898491084,-6.5,74
2021-02-15,-4.6875,-6.5,15
2021-02-15,-6.12244897959183,-6.5,37
2021-02-15,-3.31858407079646,-5.0,11
2021-02-15,-8.81913303437963,-2.0,18
2021-02-15,-6.18556701030928,-6.5,37
2021-02-15,-6.06936416184971,-6.5,8
2021-02-15,-7.50382848392037,-8.0,9
2021-02-15,-7.18085106382979,-9.0,7
2021-02-15,-5.97826086956522,-6.5,9
2021-02-15,-5.65428109854604,-10.0,8
2021-02-15,-3.20855614973262,-6.5,23
2021-02-15,-6.52920962199313,-6.5,113
2021-02-15,-4.58715596330275,-6.5,51
2021-02-15,-8.45272206303724,-6.5,17
2021-02-15,-5.55555555555556,-6.5,38
2021-02-15,-4.87804878048781,-8.0,119
2021-02-15,-8.57740585774059,-6.5,149
2021-02-15,-6.49509803921568,-6.5,75
2021-02-15,-6.30758327427357,-10.0,10
2021-02-15,-7.04225352112676,-6.5,65
2021-02-15,-7.5356415478615,-6.5,21
2021-02-15,-7.59878419452887,-6.5,50
2021-02-15,-7.71084337349397,-6.5,72
2021-02-15,-8.25439783491204,-10.0,10
2021-02-15,-6.74157303370787,-6.5,15
2021-02-15,-6.25,-10.0,17
2021-02-15,-7.50382848392037,-8.0,9
2021-02-15,-7.60456273764259,-6.5,47
2021-02-15,-8.79432624113474,-2.0,9
2021-02-15,-6.64961636828644,-6.5,16
2021-02-15,-7.13305898491084,-6.5,35
2021-02-15,-8.92857142857143,-7.0,12
2021-02-15,-10.1359703337454,-2.0,7
2021-02-15,-6.62983425414365,-8.0,8
2021-02-15,-6.35696821515892,-2.0,6
2021-02-15,-4.08163265306123,-6.5,26
2021-02-15,-6.56063618290259,-5.0,9
2021-02-15,-8.25688073394496,-6.5,6
2021-02-15,-5.30973451327434,-2.0,92
2021-02-15,-5.58139534883721,-9.0,78
2021-02-15,-4.30622009569378,-8.0,6
2021-02-15,-5.36649214659686,-2.0,6
2021-02-15,-5.58139534883721,-7.2,6
2021-02-15,-8.60927152317881,-6.5,14
2021-02-15,-6.2200956937799,-9.0,16
2021-02-15,-3.93700787401575,-6.5,8
2021-02-15,-5.86701434159061,-6.5,6
2021-02-15,-5.65428109854604,-5.0,26
2021-02-15,-6.34920634920635,-6.5,288
2021-02-15,-6.67838312829525,-6.5,69
2021-02-15,-6.27177700348432,-6.5,118
2021-02-15,-7.86924939467313,-4.4,41
2021-02-15,-4.80591497227357,-5.0,22
2021-02-15,-7.19640179910045,-7.0,50
2021-02-15,-7.41839762611276,-10.0,40
2021-02-15,-7.13463751438435,-9.0,26
2021-02-15,-4.83870967741936,-9.0,8
2021-02-15,-7.4410163339383,-6.5,94
2021-02-15,-6.46492434662998,-6.5,10
2021-02-15,-5.42929292929293,-5.0,7
2021-02-15,-6.1624649859944,-6.5,24
2021-02-15,-7.21518987341772,-6.5,86
2021-02-15,-5.28455284552846,-9.0,6
2021-02-15,-8.48806366047746,-9.0,37
2021-02-15,-6.98924731182796,-6.5,72
2021-02-15,-12.9186602870813,-9.5,8
2021-02-15,-7.38045738045738,-8.0,20
2021-02-15,-6.45539906103286,-8.0,23
2021-02-15,-6.31016042780748,-6.5,4931
2021-02-15,-3.57142857142857,-6.5,91
2021-02-15,-7.12616822429907,-6.5,38
2021-02-15,-7.82442748091603,-6.5,47
2021-02-15,-5.37634408602151,-6.5,34
2021-02-15,-6.703146374829,-9.5,14
2021-02-15,-6.51685393258427,-6.5,36
2021-02-15,-6.18181818181818,-6.5,134
2021-02-15,-6.03248259860789,-9.0,24
2021-02-15,-7.59013282732447,-6.5,39
2021-02-15,-5.02793296089385,-6.5,23
2021-02-15,-5.57103064066853,-2.0,12
2021-02-15,-6.39730639730639,-6.5,166
2021-02-15,-4.47427293064877,-6.5,8
2021-02-15,-5.80524344569288,-5.0,7
2021-02-15,-5.86701434159061,-6.5,6
2021-02-15,-7.71028037383175,-9.0,8
2021-02-15,-6.06488011283498,-6.5,62
2021-02-15,-6.02836879432624,-6.5,86
2021-02-15,-3.23450134770889,-5.0,19
2021-02-15,-4.78170478170478,-7.0,19
2021-02-15,-7.85340314136125,-7.5,11
2021-02-15,-4.77272727272727,-6.5,6
2021-02-15,-6.29274965800273,-6.5,112
2021-02-15,-6.62983425414365,-8.0,8
2021-02-15,-6.02706027060271,-6.5,18
2021-02-15,-5.74412532637076,-6.5,37
2021-02-15,-6.64961636828644,-6.5,8
2021-02-15,-7.5356415478615,-6.5,67
2021-02-15,-6.94444444444445,-6.5,8
2021-02-15,-4.54545454545454,-9.0,6
2021-02-15,-6.03932584269662,-2.0,6
2021-02-15,-7.03703703703704,-6.5,10
2021-02-15,-8.36707152496626,-6.5,14
2021-02-15,-5.24412296564196,-2.0,16
2021-02-15,-7.19640179910045,-7.5,41
2021-02-15,-4.52488687782805,-6.5,9
2021-02-15,-5.79710144927536,-6.5,83
2021-02-15,-6.66666666666667,-9.0,24
2021-02-15,-6.35294117647059,-7.2,22
2021-02-15,-7.56302521008403,-10.0,6
2021-02-15,0.37147102526003,-5.0,7
2021-02-15,-6.73684210526315,-6.5,146
2021-02-15,-6.45539906103286,-9.5,11
2021-02-15,-7.58620689655172,-4.0,12
2021-02-15,-7.75862068965517,-5.0,310
2021-02-15,-5.46265328874024,-8.0,35
2021-02-15,-7.79220779220779,-6.5,24
2021-02-15,-7.50382848392037,-8.0,9
2021-02-15,-6.46341463414634,-6.5,89
2021-02-15,-3.02375809935206,-6.5,8
2021-02-15,-6.23376623376623,-7.2,1412
2021-02-15,-7.37864077669903,-6.5,211
2021-02-15,-6.56136087484812,-2.0,63
2021-02-15,-6.19808306709265,-6.5,13
2021-02-15,-6.64961636828644,-10.0,6
2021-02-15,-5.87155963302752,-6.5,108
2021-02-15,-6.25662778366914,-6.5,8
2021-02-15,-5.70291777188329,-7.2,21
2021-02-15,-5.44747081712062,-5.0,6
2021-02-15,-8.58652575957728,-7.0,12
2021-02-15,-7.21804511278196,-6.5,100
2021-02-15,-8.38150289017341,-4.0,7
2021-02-15,-4.72813238770686,-6.5,14
2021-02-15,-8.79432624113474,-4.4,16
2021-02-08,-5.93220338983051,-5.0,8
2021-02-08,-6.46599777034559,-6.5,40
2021-02-08,-2.68620268620269,-6.5,16
2021-02-08,-5.61122244488978,-6.5,1608
2021-02-08,-5.66308243727599,-5.0,162
2021-02-08,-7.17185385656292,-5.0,6
2021-02-08,-3.06946688206785,-6.5,20
2021-02-08,-5.40540540540541,-9.0,10
2021-02-08,-5.40540540540541,-5.0,21
2021-02-08,-4.24710424710425,-5.0,24
2021-02-08,-3.16205533596838,-8.0,12
2021-02-08,-4.6979865771812,-6.5,53
2021-02-08,-4.78468899521532,-9.0,11
2021-02-08,-3.57142857142857,-8.0,37
2021-02-08,-5.46318289786223,-6.5,123
2021-02-08,-4.96453900709219,-6.5,18
2021-02-08,-5.6772100567721,-6.5,14
2021-02-08,-4.93358633776091,-6.5,57
2021-02-08,-5.55555555555556,-6.5,6
2021-02-08,-6.63058186738836,-2.0,56
2021-02-08,-5.59440559440559,-6.5,105
2021-02-08,-4.80572597137014,-6.5,85
2021-02-08,-6.16016427104723,-5.0,15
2021-02-08,-6.43513789581205,-6.5,44
2021-02-08,-3.73831775700935,-6.5,7
2021-02-08,-2.12355212355213,-5.0,10
2021-02-08,-5.7919621749409,-5.0,514
2021-02-08,-4.12044374009509,-5.0,34
2021-02-08,-4.94148244473342,-6.5,52
2021-02-08,-5.51558752997601,-6.5,116
2021-02-08,-6.19469026548672,-6.5,47
2021-02-08,-8.57142857142854,-6.5,23
2021-02-08,-6.06060606060606,-6.5,56
2021-02-08,-6.26587637595258,-6.5,710
2021-02-08,-5.29217199558985,-5.0,21
2021-02-08,-5.47619047619047,-5.0,165
2021-02-08,-4.39093484419263,-10.0,8
2021-02-08,-5.61122244488978,-5.0,4528
2021-02-08,-3.30578512396694,-6.5,9
2021-02-08,-5.55555555555556,-6.5,6
2021-02-08,-4.94037478705281,-5.0,9
2021-02-08,-5.93342981186686,-2.0,7
2021-02-08,-7.88436268068331,-6.5,48
2021-02-08,-7.61421319796954,-8.0,8
2021-02-08,-5.94530321046373,-6.5,8
2021-02-08,-5.28789659224442,-5.0,101
2021-02-08,-4.60526315789474,-5.0,94
2021-02-08,-5.78231292517007,-5.0,65
2021-02-08,-4.34258142340169,-6.5,36
2021-02-08,-4.28571428571429,-6.5,252
2021-02-08,-4.38184663536777,-6.5,31
2021-02-08,-4.18470418470419,-6.5,12
2021-02-08,-4.61133069828722,-6.5,13
2021-02-08,-3.45394736842105,-2.0,6
2021-02-08,-6.67408231368187,-5.0,13
2021-02-08,-5.86319218241042,-6.5,6
2021-02-08,-5.64516129032259,-9.0,23
2021-02-08,-6.30517023959647,-6.5,29
2021-02-08,-6.67408231368187,-6.5,13
2021-02-08,-6.59340659340659,-6.5,32
2021-02-08,-4.84848484848485,-6.5,10
2021-02-08,-6.07142857142857,-6.5,43
2021-02-08,-2.16216216216216,-5.0,30
2021-02-08,-3.45394736842105,-5.0,8
2021-02-08,-6.26587637595258,-6.5,8
2021-02-08,-4.23076923076923,-6.5,39
2021-02-08,-7.48587570621469,-8.0,6
2021-02-08,-4.03337969401947,-5.0,81
2021-02-08,-0.934579439252341,-2.0,6
2021-02-08,-4.19331911869225,-6.5,159
2021-02-08,-1.30353817504656,-6.5,7
2021-02-08,-6.43513789581205,-6.5,27
2021-02-08,-5.02392344497608,-2.0,10
2021-02-08,-7.69230769230769,-6.5,13
2021-02-08,-5.61122244488978,-5.6,3246
2021-02-08,-5.41935483870968,-5.0,23
2021-02-08,-4.55868089233754,-6.5,12
2021-02-08,-4.8064085447263,-5.0,214
2021-02-08,-6.12813370473538,-6.5,8
2021-02-08,-5.19031141868512,-5.0,34
2021-02-08,-5.59006211180125,-5.0,231
2021-02-08,-5.02392344497608,-4.0,7
2021-02-08,-7.65957446808511,-6.5,9
2021-02-08,-4.49775112443778,-6.5,17
2021-02-08,-5.53306342780027,-5.0,129
2021-02-08,-5.53278688524591,-6.5,105
2021-02-08,-6.03448275862069,-5.0,19
2021-02-08,-2.98507462686567,-8.0,8
2021-02-08,-5.41935483870968,-6.5,57
2021-02-08,-5.87467362924282,-5.0,109
2021-02-08,-5.52845528455285,-5.0,212
2021-02-08,-5.91133004926108,-5.0,6
2021-02-08,-6.69975186104219,-4.0,10
2021-02-08,-5.2060737527115,-6.5,53
2021-02-08,-3.30578512396694,-4.4,6
2021-02-08,-3.94431554524362,-6.5,8
2021-02-08,-4.95391705069124,-5.0,32
2021-02-08,-5.40098199672667,-6.5,330
2021-02-08,-5.74555403556772,-5.0,612
2021-02-08,-5.69620253164557,-6.5,29
2021-02-08,-7.72946859903382,-6.5,7
2021-02-08,-4.6189376443418,-6.5,64
2021-02-08,-7.72594752186589,-8.0,13
2021-02-08,-6.16016427104723,-5.0,9
2021-02-08,-6.58857979502196,-5.8,12
2021-02-08,-4.45269016697588,-5.0,279
2021-02-08,-4.8854961832061,-6.5,55
2021-02-08,-1.30353817504656,-6.5,6
2021-02-08,-3.89408099688474,-6.5,43
2021-02-08,-5.39007092198581,-5.0,67
2021-02-08,-5.69259962049335,-6.5,16
2021-02-08,-4.40528634361233,-5.0,9
2021-02-08,-6.76691729323309,-5.0,9
2021-02-08,-6.19469026548672,-6.5,49
2021-02-08,-3.31125827814569,-6.5,9
2021-02-08,-2.32558139534884,-6.5,6
2021-02-08,-6.16016427104723,-5.0,16
2021-02-08,-4.52554744525548,-5.0,9
2021-02-08,-6.3235294117647,-5.0,89
2021-02-08,-4.26179604261796,-6.5,36
2021-02-08,-5.81241743725231,-5.0,72
2021-02-08,-5.87155963302753,-6.5,15
2021-02-08,-6.68693009118541,-5.0,16
2021-02-08,-5.42372881355932,-5.0,128
2021-02-08,-5.76671035386632,-6.5,10
2021-02-08,-5.43478260869565,-6.5,87
2021-02-08,-5.59523809523809,-5.0,13
2021-02-08,-2.74261603375527,-5.0,27
2021-02-08,-5.76923076923077,-6.5,8
2021-02-08,-3.65296803652968,-6.5,51
2021-02-08,-3.07017543859649,-4.0,9
2021-02-08,-5.61122244488978,-8.0,231
2021-02-08,-5.14579759862779,-9.0,6
2021-02-08,-7.23981900452489,-6.5,19
2021-02-08,-5.90513068731849,-6.5,187
2021-02-08,-5.73065902578796,-6.5,159
2021-02-08,-6.50406504065041,-6.5,39
2021-02-08,-4.6189376443418,-6.5,52
2021-02-08,-5.21472392638037,-5.0,36
2021-02-08,-5.86319218241042,-6.5,6
2021-02-08,-6.63058186738836,-5.0,56
2021-02-08,-4.58860759493671,-6.5,31
2021-02-08,-4.8,-6.5,85
2021-02-08,-3.57142857142857,-8.0,6
2021-02-08,-5.94159113796576,-6.5,33
2021-02-08,-5.82877959927141,-6.5,27
2021-02-08,-4.03645833333333,-8.0,12
2021-02-08,-5.27777777777777,-7.0,8
2021-02-08,-3.71287128712871,-6.5,34
2021-02-08,-4.94148244473342,-6.5,32
2021-02-08,-5.41795665634675,-5.0,11
2021-02-08,-4.35244161358811,-5.0,898
2021-02-08,-7.64331210191083,-6.5,49
2021-02-08,-6.98529411764706,-6.5,8
2021-02-08,-6.26587637595258,-5.0,12
2021-02-08,-3.09498399146211,-6.5,6
2021-02-08,-6.66666666666667,-9.0,12
2021-02-08,-3.30578512396694,-4.4,6
2021-02-08,-4.27350427350428,-5.0,12
2021-02-08,-7.22748815165877,-5.0,7
2021-02-08,-4.92307692307692,-6.5,6
2021-02-08,-5.01193317422435,-2.0,26
2021-02-08,-9.63455149501661,-6.5,6
2021-02-08,-6.15595075239398,-6.5,21
2021-02-08,-5.55555555555556,-6.5,6
2021-02-08,-3.45394736842105,-5.0,32
2021-02-08,-6.37450199203188,-5.0,1837
2021-02-08,-5.00676589986468,-5.0,56
2021-02-08,-8.27366746221161,-6.5,9
2021-02-08,-3.45394736842105,-5.0,27
2021-02-08,-5.11363636363637,-6.5,78
2021-02-08,-5.73476702508961,-6.5,95
2021-02-08,-2.56045519203414,-6.5,10
2021-02-08,-4.61538461538461,-6.5,20
2021-02-08,-3.52941176470589,-8.0,6
2021-02-08,-6.22676579925651,-5.0,324
2021-02-08,-7.61346998535872,-8.0,14
2021-02-08,-2.62828535669587,-9.0,11
2021-02-08,-6.37037037037037,-6.5,21
2021-02-08,-3.681592039801,-6.5,16
2021-02-08,-6.19469026548672,-5.0,13
2021-02-08,-5.58276199804114,-6.5,48
2021-02-08,-5.82877959927141,-5.0,72
2021-02-08,-4.14507772020725,-6.5,21
2021-02-08,-5.93220338983051,-5.0,8
2021-02-08,-4.23529411764706,-5.0,6
2021-02-08,-2.44956772334294,-2.0,6
2021-02-08,-5.5359246171967,-6.5,14
2021-02-08,-3.21839080459771,-6.5,6
2021-02-08,-3.05164319248827,-6.5,6
2021-02-08,-5.61224489795918,-6.5,102
2021-02-08,-4.54545454545454,-6.5,58
2021-02-08,-5.19005847953217,-6.5,36
2021-02-08,-1.30353817504656,-6.5,9
2021-02-08,-4.55868089233754,-5.0,6
2021-02-08,-2.70270270270271,-5.8,50
2021-02-08,-4.18781725888325,-6.5,86
2021-02-08,-4.60606060606061,-5.0,7
2021-02-08,-3.33889816360601,-5.0,15
2021-02-08,-5.32043530834341,-2.0,11
2021-02-08,-6.37681159420289,-5.0,17
2021-02-08,-5.62659846547315,-6.5,45
2021-02-08,-3.69718309859155,-6.5,6
2021-02-08,-5.0,-6.5,6
2021-02-08,-5.68720379146919,-4.0,9
2021-02-08,-4.4543429844098,-6.5,12
2021-02-08,-5.87155963302753,-5.0,20
2021-02-08,-7.21220527045769,-8.0,10
2021-02-08,-2.38726790450929,-6.5,12
2021-02-08,-6.21827411167512,-5.0,1380
2021-02-08,-5.56660039761432,-10.0,124
2021-02-08,-2.39234449760765,-4.0,6
2021-02-08,-4.6189376443418,-6.5,110
2021-02-08,-2.63157894736843,-6.5,12
2021-02-08,-7.23014256619144,-8.0,12
2021-02-08,-4.97512437810945,-6.5,86
2021-02-08,-2.40963855421687,-5.8,13
2021-02-08,-5.02392344497608,-6.5,484
2021-02-08,-4.28571428571429,-6.5,454
2021-02-08,-5.86319218241042,-6.5,6
2021-02-08,-3.69609856262834,-8.0,6
2021-02-08,-6.37119113573408,-9.0,56
2021-02-08,-2.52100840336134,-5.0,19
2021-02-08,-5.48302872062663,-6.5,186
2021-02-08,-2.04918032786886,-6.5,15
2021-02-08,-6.65529010238908,-6.5,347
2021-02-08,-3.42298288508557,-6.5,7
2021-02-08,-4.21686746987951,-6.5,113
2021-02-08,-8.40064620355411,-5.0,10
2021-02-08,-4.61133069828722,-6.5,15
2021-02-08,-10.4651162790698,-5.0,6
2021-02-08,-5.03597122302158,-6.5,6
2021-02-08,-6.10687022900763,-5.0,17
2021-02-08,-3.3373063170441,-6.5,105
2021-02-08,-5.2547770700637,-6.5,17
2021-02-08,-5.62770562770563,-6.5,68
2021-02-08,-4.03846153846154,-6.5,11
2021-02-08,-6.51041666666667,-10.0,6
2021-02-08,-3.8716814159292,-6.5,13
2021-02-08,-6.07142857142857,-6.5,48
2021-02-08,-5.98290598290599,-6.5,171
2021-02-08,-5.86319218241042,-6.5,6
2021-02-08,-4.95391705069124,-6.5,17
2021-02-08,-6.27674750356634,-5.0,21
2021-02-08,-6.93717277486911,-4.4,20
2021-02-08,-5.52825552825553,-6.5,77
2021-02-08,-5.53846153846154,-6.5,11
2021-02-08,-4.84988452655889,-5.0,46
2021-02-08,-6.40495867768595,-5.0,41
2021-02-08,-1.55339805825243,-8.0,19
2021-02-08,-4.39093484419263,-5.0,13
2021-02-08,-6.98529411764706,-5.0,23
2021-02-08,-6.38655462184874,-5.0,23
2021-02-08,-0.91575091575091,-2.0,8
2021-02-08,-6.46766169154228,-5.0,11
2021-02-08,-3.87182910547397,-5.0,21
2021-02-08,-5.60292326431182,-6.5,76
2021-02-08,-2.94388224471021,-5.0,23
2021-02-08,-3.15315315315315,-5.0,17
2021-02-08,-5.58276199804114,-6.5,147
2021-02-08,-4.91017964071856,-5.0,9
2021-02-08,-8.29493087557603,-5.0,37
2021-02-01,-7.84929356357928,-4.4,48
2021-02-01,-1.78260869565217,-5.0,30
2021-02-01,-2.97029702970297,-5.0,109
2021-02-01,-4.83729111697449,-5.0,22
2021-02-01,-3.6319612590799,-5.0,16
2021-02-01,-4.65686274509804,-7.2,7
2021-02-01,-5.76441102756892,-6.5,44
2021-02-01,-4.07098121085595,-5.0,211
2021-02-01,-2.99760191846522,-5.0,7
2021-02-01,-2.7355623100304,-5.0,44
2021-02-01,-3.38389731621937,-4.0,7
2021-02-01,-1.84528034066714,-5.0,9
2021-02-01,-1.04166666666666,-5.0,9
2021-02-01,-3.11111111111111,-5.0,41
2021-02-01,-1.25944584382872,-2.0,14
2021-02-01,-4.22885572139303,-5.0,13
2021-02-01,-3.76237623762377,-5.0,22
2021-02-01,-3.88888888888889,-6.5,16
2021-02-01,-4.04040404040404,-6.5,10
2021-02-01,-3.73831775700934,-5.0,203
2021-02-01,-3.90879478827361,-5.0,14
2021-02-01,-4.48717948717949,-2.0,45
2021-02-01,-3.92422192151556,-6.5,7
2021-02-01,-3.04449648711944,-5.0,86
2021-02-01,-3.98406374501992,-5.0,23
2021-02-01,-0.8587786259542,-10.0,8
2021-02-01,-3.34212840809146,-5.0,16
2021-02-01,-6.4935064935065,-9.5,15
2021-02-01,-1.51133501259446,-4.4,9
2021-02-01,-3.66568914956012,-5.0,8
2021-02-01,-6.55737704918033,-5.0,7
2021-02-01,-4.34782608695652,-5.0,38
2021-02-01,-3.125,-6.5,8
2021-02-01,-3.31050228310503,-6.5,7
2021-02-01,-3.37690631808279,-5.0,177
2021-02-01,-5.12,-5.0,36
2021-02-01,-7.8125,-5.0,6
2021-02-01,-5.02092050209205,-5.0,142
2021-02-01,-2.12765957446809,-6.5,7
2021-02-01,-4.02384500745157,-5.0,27
2021-02-01,-2.45098039215686,-5.0,41
2021-02-01,-7.46268656716418,-4.4,6
2021-02-01,-2.13197969543147,-9.0,7
2021-02-01,-2.78481012658228,-2.0,20
2021-02-01,-3.29531051964512,-4.4,7
2021-02-01,-4.625,-5.0,14
2021-02-01,-3.71819960861057,-4.4,100
2021-02-01,-3.26460481099657,-5.0,7
2021-02-01,-3.47222222222222,-2.0,9
2021-02-01,-3.55329949238578,-5.8,12
2021-02-01,-6.15989515072084,-2.0,7
2021-02-01,-2.99760191846522,-5.0,25
2021-02-01,-3.81750465549348,-5.0,8
2021-02-01,-2.84327323162275,-2.0,7
2021-02-01,-1.9455252918288,-5.0,50
2021-02-01,-4.0,-6.5,7
2021-02-01,-5.12,-5.0,11
2021-02-01,-4.40528634361233,-5.0,559
2021-02-01,-5.17676767676767,-2.0,17
2021-02-01,-1.78260869565217,-5.0,71
2021-02-01,-3.23232323232323,-5.0,22
2021-02-01,-2.99295774647887,-5.0,6
2021-02-01,-4.65380249716231,-9.0,8
2021-02-01,-3.70370370370371,-5.0,781
2021-02-01,-4.24107142857142,-5.0,141
2021-02-01,-3.76569037656904,-5.0,29
2021-02-01,-3.98406374501992,-5.0,43
2021-02-01,-7.6036866359447,-5.0,6
2021-02-01,-3.70134014039566,-5.0,3335
2021-02-01,-2.88461538461539,-2.0,9
2021-02-01,-1.12359550561798,-5.0,7
2021-02-01,-3.78109452736318,-5.0,8
2021-02-01,-3.71389270976616,-5.0,24
2021-02-01,-4.03669724770642,-4.0,9
2021-02-01,-2.83842794759825,-8.0,6
2021-02-01,-2.8312570781427,-5.0,15
2021-02-01,-4.52380952380952,-5.0,396
2021-02-01,-4.60431654676259,-5.0,57
2021-02-01,-3.77358490566037,-5.0,60
2021-02-01,-2.02020202020202,-6.5,6
2021-02-01,-4.81586402266289,-4.0,29
2021-02-01,-2.33853006681514,-5.0,6
2021-02-01,-4.71428571428571,-2.0,11
2021-02-01,-3.42465753424657,-5.0,188
2021-02-01,-4.93392070484582,-6.5,11
2021-02-01,-4.60878885316185,-5.0,26
2021-02-01,-3.77358490566038,-2.0,8
2021-02-01,-5.14018691588785,-5.0,48
2021-02-01,-1.42857142857143,-5.0,9
2021-02-01,-4.19580419580419,-2.0,6
2021-02-01,-1.80623973727422,-5.0,7
2021-02-01,-4.49826989619377,-6.5,9
2021-02-01,-5.32959326788218,-2.0,8
2021-02-01,-5.71428571428572,-5.0,52
2021-02-01,-3.5820895522388,-5.0,22
2021-02-01,-3.5230352303523,-5.0,51
2021-02-01,-3.67567567567568,-5.0,1807
2021-02-01,-4.72636815920398,-6.5,8
2021-02-01,-1.99296600234467,-6.5,90
2021-02-01,-3.50678733031674,-5.0,56
2021-02-01,-3.59869138495093,-5.0,18
2021-02-01,-2.92463442069742,-5.0,12
2021-02-01,-3.5483870967742,-5.0,8
2021-02-01,-4.43181818181818,-5.0,27
2021-02-01,-3.24675324675325,-5.0,11
2021-02-01,-3.3879781420765,-5.0,108
2021-02-01,-3.60360360360361,-5.0,11
2021-02-01,-4.18006430868167,-5.0,8
2021-02-01,-5.17241379310345,-6.5,18
2021-02-01,-4.87309644670051,-5.0,11
2021-02-01,-5.74443141852286,-5.0,16
2021-02-01,-4.07098121085595,-5.0,28
2021-02-01,-1.80327868852459,-9.5,14
2021-02-01,-3.00387596899225,-9.0,11
2021-02-01,-3.9381153305204,-5.0,394
2021-02-01,-4.18781725888325,-5.0,29
2021-02-01,-3.76610505450942,-5.0,649
2021-02-01,-2.82051282051283,-5.0,25
2021-02-01,-5.22006141248721,-6.5,12
2021-02-01,-4.60878885316185,-5.0,21
2021-02-01,-3.90879478827361,-6.5,24
2021-02-01,-4.33168316831683,-5.0,81
2021-02-01,-4.22535211267606,-5.0,35
2021-02-01,-3.9119804400978,-5.0,12
2021-02-01,-3.97877984084881,-5.0,25
2021-02-01,-3.45438441098317,-6.5,174
2021-02-01,-4.12698412698413,-5.0,44
2021-02-01,-3.91752577319588,-5.0,20
2021-02-01,-4.42176870748299,-6.5,11
2021-02-01,-2.53968253968254,-6.5,6
2021-02-01,-3.26460481099657,-6.5,10
2021-02-01,-4.61922596754058,-5.0,8
2021-02-01,-3.74331550802139,-5.0,530
2021-02-01,-3.70370370370371,-5.0,12
2021-02-01,-3.76712328767123,-5.0,28
2021-02-01,-2.84974093264248,-9.0,8
2021-02-01,-3.85356454720616,-5.0,49
2021-02-01,-2.30149597238205,-5.0,52
2021-02-01,-3.88888888888888,-5.0,124
2021-02-01,-4.7244094488189,-5.0,19
2021-02-01,-5.12,-5.0,11
2021-02-01,-2.96610169491526,-5.0,27
2021-02-01,-3.47938144329897,-5.8,16
2021-02-01,-6.23052959501557,-6.5,18
2021-02-01,-3.8265306122449,-5.0,36
2021-02-01,-3.63951473136915,-5.0,9
2021-02-01,-4.72636815920398,-5.0,9
2021-02-01,-3.25,-5.0,5711
2021-02-01,-8.40108401084011,-5.0,6
2021-02-01,-1.70068027210885,-2.0,37
2021-02-01,-3.78378378378378,-5.0,13
2021-02-01,-4.7244094488189,-5.0,29
2021-02-01,-3.45945945945946,-5.0,98
2021-02-01,-4.12371134020618,-4.0,34
2021-02-01,-2.74656679151061,-2.0,228
2021-02-01,-4.13793103448276,-5.0,39
2021-02-01,-4.16184971098266,-5.0,16
2021-02-01,-4.29732868757259,-5.0,12
2021-02-01,-2.38095238095238,-2.0,13
2021-02-01,-2.06961429915334,-5.0,22
2021-02-01,-3.60144057623049,-6.5,82
2021-02-01,-4.55555555555555,-5.0,19
2021-02-01,-2.56410256410257,-6.5,9
2021-02-01,-3.64963503649635,-6.5,200
2021-02-01,-3.97111913357401,-5.0,97
2021-02-01,-4.53563714902807,-5.0,201
2021-02-01,-1.42378559463987,-5.0,41
2021-02-01,-5.79234972677596,-5.8,9
2021-02-01,-4.17607223476297,-5.0,9
2021-02-01,-3.4134007585335,-5.0,53
2021-02-01,-4.17335473515249,-6.5,24
2021-02-01,-3.11958405545927,-5.0,59
2021-02-01,-3.78947368421052,-5.0,30
2021-02-01,-3.125,-10.0,11
2021-02-01,-4.61538461538462,-6.5,15
2021-02-01,-3.25131810193321,-4.0,387
2021-02-01,-2.84974093264248,-5.0,15
2021-02-01,-4.16666666666667,-5.0,6
2021-02-01,-4.91803278688524,-5.0,9
2021-02-01,-3.18681318681319,-5.0,17
2021-02-01,-3.77358490566037,-5.0,46
2021-02-01,-4.04411764705882,-5.0,21
2021-02-01,-4.02384500745157,-6.5,15
2021-02-01,-3.26409495548961,-5.0,25
2021-02-01,-3.96475770925111,-5.0,2176
2021-02-01,-4.34027777777778,-5.0,90
2021-02-01,-3.68098159509202,-5.0,80
2021-02-01,-3.81791483113069,-5.0,8
2021-02-01,-3.52112676056338,-5.0,22
2021-02-01,-2.92553191489361,-5.0,67
2021-02-01,-3.41753343239227,-5.0,118
2021-02-01,-3.94088669950739,-5.0,28
2021-02-01,-3.98406374501992,-5.0,87
2021-02-01,-4.0,-5.0,16
2021-02-01,-3.91517128874388,-5.0,139
2021-02-01,-2.92397660818714,-5.0,33
2021-02-01,-3.31632653061224,-2.0,8
2021-02-01,-4.95185694635488,-5.0,6
2021-02-01,-2.18373493975904,-4.0,15
2021-02-01,-2.91666666666667,-7.0,6
2021-02-01,-4.12979351032448,-5.0,77
2021-02-01,-6.08308605341246,-2.0,8
2021-02-01,-3.98860398860399,-5.0,73
2021-02-01,-3.45710627400768,-5.0,8
2021-02-01,-4.77326968973747,-9.0,29
2021-02-01,-7.31707317073171,-6.5,8
2021-02-01,-4.0084388185654,-4.0,6
2021-02-01,-4.27672955974843,-5.0,30
2021-02-01,-2.81517747858017,-9.0,446
2021-02-01,-3.45438441098317,-5.0,93
2021-02-01,-2.68456375838926,-5.0,34
2021-02-01,-2.78481012658228,-2.0,14
2021-02-01,-7.8125,-5.0,10
2021-02-01,-4.92424242424243,-8.0,7
2021-02-01,-3.44827586206897,-5.0,11
2021-02-01,-4.07098121085595,-5.0,134
2021-02-01,-1.21951219512195,-2.0,25
2021-02-01,-3.51851851851851,-5.0,7
2021-02-01,-4.22919508867667,-5.0,7
2021-02-01,-3.98773006134969,-6.5,80
2021-02-01,-6.66666666666667,-2.0,8
2021-02-01,-3.22997416020672,-5.0,8
2021-02-01,-2.84900284900285,-5.0,13
2021-02-01,-3.37690631808279,-5.0,8
2021-02-01,-3.10344827586207,-5.0,6
2021-02-01,-3.37690631808279,-5.6,11
2021-02-01,-0.84210526315789,-6.5,36
2021-02-01,-3.3879781420765,-5.0,14
2021-02-01,-7.8125,-5.0,6
2021-02-01,-4.57142857142857,-5.0,1005
2021-02-01,-5.62770562770563,-6.5,111
2021-02-01,-4.3859649122807,-9.5,6
2021-02-01,-1.47783251231527,-6.5,9
2021-02-01,-2.49376558603491,-5.0,29
2021-02-01,-3.4823901859913,-5.0,177
2021-02-01,-3.07692307692308,-5.0,10
2021-02-01,-4.01002506265664,-5.0,121
2021-02-01,-4.40528634361234,-5.0,7
2021-02-01,-2.95857988165681,-5.0,39
2021-02-01,-3.34212840809146,-5.0,9
2021-02-01,-4.45859872611465,-6.5,243
2021-02-01,-3.41880341880342,-5.0,9
2021-02-01,-2.16049382716049,-5.0,7
2021-02-01,-7.8125,-5.0,12
2021-02-01,-4.48430493273543,-5.0,254
2021-02-01,-3.37690631808279,-5.0,28
2021-02-01,-7.14285714285715,-5.0,12
2021-02-01,-2.04498977505112,-5.0,8
2021-02-01,-3.02677532013969,-9.0,6
2021-02-01,-3.39943342776204,-5.0,675
2021-02-01,-4.17607223476297,-5.0,102
2021-02-01,-5.2415210688592,-6.5,30
2021-02-01,-3.95894428152493,-5.0,14
2021-02-01,-4.43458980044345,-5.0,22
2021-02-01,-3.98009950248756,-8.0,9
2021-02-01,-1.3129102844639,-5.0,6
2021-02-01,-3.37690631808279,-8.0,6
2021-02-01,-4.25824175824176,-5.0,31
2021-02-01,-4.18006430868167,-5.0,151
2021-02-01,-3.08641975308642,-6.5,10
2021-02-01,-4.26997245179063,-6.5,21
2021-02-01,-3.31491712707182,-5.0,30
2021-02-01,-7.8125,-5.0,6
2021-02-01,-3.93811533052039,-5.0,65
2021-02-01,-4.47204968944099,-5.0,29
2021-02-01,-3.21100917431193,-5.0,42
2021-02-01,-2.9811320754717,-2.0,25
2021-02-01,-4.07098121085595,-4.0,12
2021-02-01,-3.76610505450942,-6.5,8
2021-02-01,-5.2415210688592,-6.5,15
2021-02-01,-1.84696569920844,-5.0,7
2021-02-01,-5.79234972677596,-5.0,20
2021-02-01,-3.27494287890327,-5.0,295
2021-02-01,-2.91595197255575,-5.0,221
2021-02-01,-3.24276950043821,-5.0,11
2021-02-01,-3.99484536082474,-4.0,6
2021-02-01,-3.48923533778767,-5.0,23
2021-02-01,-3.70370370370371,-7.2,8
2021-02-01,-2.06489675516224,-6.5,6
2021-02-01,-3.27237728585178,-6.5,26
2021-02-01,-1.86915887850468,-2.0,8
2021-02-01,-2.74285714285714,-5.0,77
2021-02-01,-4.30379746835443,-4.0,6
2021-02-01,-4.47204968944099,-9.5,17
2021-02-01,-4.08163265306123,-4.0,79
2021-02-01,-4.14673046251993,-6.5,33
2021-02-01,-2.83842794759825,-5.0,25
2021-02-01,-2.06766917293233,-5.0,53
2021-02-01,-7.14285714285715,-5.0,10
2021-02-01,-3.79008746355685,-5.0,228
2021-02-01,-3.3879781420765,-5.0,267
2021-02-01,-4.17607223476297,-5.0,31
2021-02-01,-5.52941176470588,-5.0,29
2021-02-01,-4.07801418439716,-5.0,9
2021-02-01,-3.43137254901961,-5.0,7
2021-02-01,-3.41296928327645,-5.0,9
2021-02-01,-3.44827586206897,-4.0,10
2021-02-01,-4.87309644670051,-5.0,21
2021-02-01,-3.53460972017673,-2.0,14
2021-02-01,-3.15457413249212,-9.0,39
2021-02-01,-3.53460972017673,-5.0,25
2021-02-01,-3.96341463414634,-5.0,10
2021-02-01,-4.84972677595628,-5.0,96
2021-02-01,-5.27670527670528,-5.0,133
2021-02-01,-4.375,-5.0,43
2021-02-01,-5.10396975425331,-6.5,23
2021-02-01,-2.82828282828282,-5.0,117
2021-02-01,-5.75657894736843,-5.0,8
2021-02-01,-4.60878885316185,-5.0,55
2021-02-01,-3.32594235033259,-5.0,111
2021-02-01,-3.35689045936396,-5.0,9
2021-02-01,-4.66321243523316,-5.0,47
2021-02-01,-3.45710627400768,-5.0,7
2021-02-01,-4.13105413105413,-5.0,48
2021-02-01,-2.93637846655791,-9.0,45
2021-02-01,-3.6319612590799,-10.0,7
2021-02-01,-4.02684563758389,-6.5,59
2021-02-01,-2.01342281879194,-6.5,57
2021-02-01,-2.57142857142857,-5.0,21
2021-02-01,-4.16666666666667,-6.5,15
2021-02-01,-4.93827160493827,-5.0,45
2021-02-01,-5.87431693989071,-2.0,10
2021-01-25,-5.2531041069723,-4.4,7
2021-01-25,-4.09356725146199,-4.0,118
2021-01-25,-3.78787878787879,-5.0,9
2021-01-25,-2.93663060278207,-4.0,30
2021-01-25,-6.59574468085107,-10.0,6
2021-01-25,-4.75285171102662,-4.0,7
2021-01-25,-3.21285140562249,-2.0,167
2021-01-25,-3.66598778004073,-2.0,20
2021-01-25,-4.00728597449909,-4.0,48
2021-01-25,-7.54560530679933,-5.0,6
2021-01-25,-4.16666666666667,-4.0,7
2021-01-25,-2.79232111692845,-9.0,7
2021-01-25,-4.37158469945355,-4.0,11
2021-01-25,-3.84271671134942,-4.0,10
2021-01-25,-3.84271671134942,-6.5,7
2021-01-25,-3.84271671134942,-6.5,41
2021-01-25,-3.84271671134942,-4.0,14
2021-01-25,-1.2987012987013,-2.0,6
2021-01-25,-6.59574468085107,-10.0,10
2021-01-25,-3.84271671134942,-6.5,7
2021-01-25,-4.45103857566766,-5.0,23
2021-01-25,-2.52100840336134,-4.0,6
2021-01-25,-5.80021482277121,-2.0,9
2021-01-25,-3.88888888888889,-4.0,10
2021-01-25,-2.65780730897009,-10.0,17
2021-01-25,-3.64025695931478,-2.0,10
2021-01-25,-4.44234404536862,-4.0,9
2021-01-18,-3.12944523470839,-2.0,12
2021-01-18,-0.27173913043478,-10.0,8
2021-01-18,-4.34131736526946,-10.0,8
2021-01-18,-3.31325301204819,-6.5,17
2021-01-18,-4.34131736526946,-5.0,35
2021-01-18,-5.32544378698225,-5.0,9
2021-01-11,-1.56862745098039,-5.0,8
2021-01-11,-4.2608695652174,-5.0,6
2021-01-11,-6.35593220338983,-5.0,16
2021-01-11,-4.21313506815366,-9.0,7
2021-01-11,-5.85106382978724,-6.5,7
2021-01-11,-4.19580419580419,-5.0,13
2021-01-11,-9.16030534351146,-5.0,17
2021-01-11,-3.10296191819464,-2.0,9
2021-01-04,-3.58090185676393,-5.0,9
2021-01-04,-14.4927536231884,-5.0,7
2021-01-04,-6.34920634920635,-5.0,6
2021-01-04,-5.76923076923077,-2.0,6
2021-01-04,-9.84251968503932,-10.0,10
2021-01-04,-7.14285714285715,-5.0,56
2021-01-04,-7.37704918032787,-6.5,22
2021-01-04,-7.16049382716049,-10.0,14
2021-01-04,-7.16049382716049,-5.0,31
2021-01-04,-9.84251968503932,-10.0,6
2021-01-04,-7.14285714285715,-5.0,21
2021-01-04,-7.73333333333333,-5.0,9
2021-01-04,-6.30434782608695,-10.0,27
2021-01-04,-6.72451193058569,-2.0,8
2021-01-04,-5.7110862262038,-5.0,27
2021-01-04,-5.3639846743295,-9.0,15
2021-01-04,-7.17821782178217,-5.0,11
2021-01-04,-7.14285714285715,-5.0,18
2021-01-04,-7.69230769230769,-5.0,9
