mention_week,median_tone,median_impact,mentions_count
2026-01-12,-6.66666666666667,-10.0,11
2026-01-12,-1.49892933618844,-5.0,6
2026-01-12,-6.66666666666667,-10.0,8
2026-01-05,-5.49738219895287,-4.4,19
2026-01-05,-8.5820895522388,-10.0,6
2026-01-05,-5.20673813169985,-2.0,9
2026-01-05,-7.51445086705202,-4.0,9
2026-01-05,1.07238605898123,-5.0,9
2025-12-29,-6.35964912280701,-2.0,6
2025-12-29,-6.13915416098227,-7.5,9
2025-12-29,-5.94795539033457,-5.0,34
2025-12-29,-5.4421768707483,-5.0,8
2025-12-29,-6.45161290322581,-5.0,6
2025-12-29,-6.53846153846154,-5.0,10
2025-12-29,-5.66037735849056,-7.0,36
2025-12-29,-5.66037735849056,-5.0,33
2025-12-29,-5.22875816993464,-5.0,8
2025-12-29,-2.83687943262412,-5.0,6
2025-12-29,2.38948626045401,-10.0,15
2025-12-29,-6.26506024096386,-5.0,8
2025-12-29,-3.93258426966292,-5.0,11
2025-12-29,-4.31654676258993,-5.0,6
2025-12-15,0.0,-5.0,9
2025-12-15,-1.46443514644352,-4.0,22
2025-12-15,-7.0874861572536,-5.0,6
2025-12-15,-1.38888888888889,-10.0,8
2025-12-15,-7.0874861572536,-5.0,6
2025-12-15,-7.0874861572536,-5.0,6
2025-12-15,-7.92349726775956,-4.0,6
2025-12-15,-8.26666666666666,-4.0,6
2025-12-15,-7.92349726775956,-4.0,8
2025-12-15,-4.71976401179941,-5.0,6
2025-12-15,-7.92349726775956,-4.0,11
2025-12-15,-7.92349726775956,-4.0,6
2025-12-15,-8.26666666666666,-4.0,8
2025-12-15,-0.9127210496292,-4.4,11
2025-12-08,-3.84615384615385,-5.0,15
2025-12-08,-2.2,-5.0,13
2025-12-08,-7.97546012269939,-4.0,13
2025-12-08,0.277777777777771,-4.0,6
2025-12-08,-1.25,-5.0,12
2025-12-08,0.13605442176871,-9.0,7
2025-12-08,-3.84615384615385,-5.0,10
2025-12-01,-4.83870967741936,-2.0,8
2025-12-01,-7.43494423791822,-7.0,8
2025-12-01,-7.77777777777781,-7.2,11
2025-12-01,-0.99573257467995,-2.0,6
2025-11-24,-9.03614457831323,-5.0,10
2025-11-24,-4.38184663536777,-2.0,7
2025-11-24,-6.98412698412699,-4.4,14
2025-11-17,-8.24949698189135,-2.0,6
2025-11-10,-10.6333973128599,-5.0,9
2025-11-10,0.43415340086831,-4.0,8
2025-11-03,-4.27115987460815,-9.0,10
2025-10-27,-3.67278797996662,-7.2,10
2025-10-27,-6.75324675324675,-10.0,7
2025-10-27,-8.71080139372822,-10.0,38
2025-10-27,-8.71080139372822,-10.0,19
2025-10-20,-4.1044776119403,-9.0,8
2025-10-20,-8.09968847352025,-9.0,6
2025-10-20,-5.63636363636364,-4.4,6
2025-10-20,-3.12981015905593,-7.2,7
2025-10-20,-6.01851851851852,-5.0,11
2025-10-20,-3.12981015905593,-2.0,7
2025-10-20,-5.63636363636364,-4.4,11
2025-10-20,-4.44634459170585,-10.0,6
2025-10-20,-2.10469508904479,-5.0,11
2025-10-20,-3.27868852459017,-5.0,8
2025-10-20,-6.81114551083591,-9.5,13
2025-10-20,-6.81114551083591,-9.5,29
2025-10-13,-7.59493670886076,-2.0,7
2025-10-13,-8.81742738589213,-5.0,11
2025-10-13,-4.98753117206983,-2.0,7
2025-10-06,-0.88105726872247,-4.0,8
2025-10-06,-4.92424242424242,-2.0,12
2025-10-06,-4.04040404040404,-4.0,52
2025-10-06,-5.75539568345324,-2.0,19
2025-10-06,-3.80622837370242,-2.0,7
2025-10-06,-4.8951048951049,-5.0,10
2025-10-06,-3.26721120186698,-5.0,6
2025-10-06,-6.22866894197953,-6.5,9
2025-10-06,-6.425702811245,-5.0,11
2025-10-06,-4.88505747126436,-2.0,10
2025-10-06,0.0,-6.5,12
2025-10-06,-6.31341600901917,-4.0,9
2025-09-29,0.0,-4.0,7
2025-09-29,-11.6710875331565,-10.0,6
2025-09-29,-3.25814536340852,-2.0,6
2025-09-29,-0.833333333333339,-4.0,7
2025-09-29,-3.16301703163017,-7.2,7
2025-09-29,-11.6710875331565,-10.0,7
2025-09-29,-3.08056872037914,-2.0,6
2025-09-22,-8.60215053763441,-9.0,8
2025-09-22,-5.54744525547445,-6.5,12
2025-09-22,-5.22193211488251,-2.0,8
2025-09-22,-5.20059435364041,-5.0,11
2025-09-22,-3.97350993377483,-10.0,12
2025-09-22,-5.22193211488251,-2.0,8
2025-09-22,-5.22193211488251,-2.0,8
2025-09-22,-3.08943089430895,-8.0,25
2025-09-15,-1.50659133709982,-5.0,19
2025-09-15,-6.07665939545029,-10.0,9
2025-09-15,-6.07665939545029,-10.0,34
2025-09-15,-6.0625,-10.0,45
2025-09-15,-3.08641975308642,-4.0,6
2025-09-15,-6.0625,-10.0,14
2025-09-15,-6.0625,-10.0,9
2025-09-15,-6.07665939545029,-10.0,6
2025-09-15,-0.10155721056195,-5.0,6
2025-09-15,-5.19480519480519,-10.0,6
2025-09-08,-3.72168284789644,-10.0,6
2025-09-08,-1.79948586118252,-10.0,6
2025-09-08,-9.05923344947735,-10.0,13
2025-09-08,-5.98591549295774,-2.0,7
2025-09-01,-5.19877675840979,-5.0,6
2025-09-01,-8.05194805194805,-2.0,6
2025-09-01,-6.39730639730639,-5.0,44
2025-09-01,-5.29100529100529,-5.0,18
2025-09-01,-6.08108108108108,-5.0,27
2025-09-01,-4.81099656357388,-10.0,6
2025-09-01,-5.19877675840979,-5.0,7
2025-09-01,-6.00522193211488,-5.0,9
2025-09-01,-6.4406779661017,-2.0,9
2025-09-01,-8.05500982318275,-5.0,9
2025-08-25,-6.90690690690691,-4.4,8
2025-08-25,-9.18580375782879,-5.0,9
2025-08-18,-8.75331564986734,-4.0,8
2025-08-18,-9.52380952380952,-5.8,10
2025-08-18,-4.73186119873817,-9.0,6
2025-08-18,-8.75331564986734,-4.0,8
2025-08-18,-3.69003690036901,-2.0,7
2025-08-18,-6.50406504065041,-9.5,22
2025-08-18,-3.85786802030456,-10.0,6
2025-08-18,-6.50406504065041,-2.0,7
2025-08-18,-8.75331564986734,-4.0,8
2025-08-18,-3.69003690036901,-2.0,7
2025-08-18,-7.62711864406779,-2.0,10
2025-08-18,-5.98802395209581,-2.0,12
2025-08-18,-7.62711864406779,-2.0,20
2025-08-18,-8.90052356020946,-4.0,8
2025-08-18,-8.75331564986734,-4.0,8
2025-08-18,-8.75331564986734,-4.0,8
2025-08-18,-8.75331564986734,-4.0,8
2025-08-18,-8.90052356020946,-4.0,8
2025-08-11,-8.27067669172932,-10.0,12
2025-08-11,-7.02702702702703,-9.0,7
2025-08-11,-6.14115490375802,-10.0,20
2025-08-11,-7.02702702702703,-4.0,10
2025-08-11,-1.43042912873862,-10.0,6
2025-08-04,-5.19480519480519,-5.0,7
2025-08-04,-2.56645279560037,-10.0,6
2025-08-04,-8.75486381322957,-10.0,7
2025-08-04,-5.35248041775457,-10.0,16
2025-08-04,-5.38057742782153,-6.5,12
2025-07-28,-5.70824524312896,-4.0,7
2025-07-28,-10.2362204724409,-10.0,17
2025-07-28,-2.12842067608657,-6.5,9
2025-07-28,-4.33212996389892,-5.0,7
2025-07-28,-6.77165354330709,-10.0,12
2025-07-28,-8.44444444444444,-2.0,45
2025-07-28,-6.4039408866995,-2.0,6
2025-07-28,-6.69456066945607,-5.0,8
2025-07-28,-7.96460176991151,-10.0,11
2025-07-28,-4.52674897119341,-5.0,7
2025-07-28,-6.42398286937901,-5.0,10
2025-07-28,-6.4039408866995,-10.0,6
2025-07-28,-8.55855855855856,-2.0,26
2025-07-28,-8.44444444444444,-10.0,51
2025-07-28,-8.55855855855856,-10.0,34
2025-07-21,-6.09504132231405,-4.0,7
2025-07-14,-2.1680216802168,-2.0,6
2025-07-14,-4.70798569725864,-4.0,7
2025-07-14,-2.1680216802168,-2.0,7
2025-07-14,-2.1680216802168,-2.0,6
2025-07-14,-3.3003300330033,-4.0,8
2025-07-14,-6.77631578947365,-5.0,7
2025-07-14,-4.3115901766863,-7.0,7
2025-07-14,-0.5420054200542,-5.0,6
2025-07-07,-8.60314523589269,-10.0,7
2025-07-07,-9.4853683148335,-2.0,22
2025-07-07,-9.4853683148335,-10.0,12
2025-07-07,-9.02777777777781,-5.0,8
2025-07-07,-1.97802197802198,-2.0,7
2025-06-30,-4.3859649122807,-9.0,8
2025-06-30,-0.40899795501022,-5.0,7
2025-06-30,-13.2075471698113,-5.0,7
2025-06-30,-3.36664913203578,-6.5,6
2025-06-09,-3.53614144565783,-4.0,6
2025-06-09,0.79787234042554,-4.0,7
2025-06-09,-5.6869881710646,-9.0,7
2025-06-09,0.79787234042554,-4.0,7
2025-06-09,-0.40584415584416,-5.0,7
2025-06-09,-3.53614144565783,-4.0,6
2025-06-02,-10.1952277657267,-10.0,10
2025-06-02,-5.29032258064516,-10.0,6
2025-05-26,-0.4520074448285,-7.2,8
2025-05-19,-6.04982206405694,-6.5,6
2025-05-19,2.76243093922652,-5.0,9
2025-05-19,2.06378986866791,-10.0,8
2025-05-12,-1.73961840628508,-2.0,11
2025-05-12,-7.00483091787439,-10.0,122
2025-05-12,-5.33157083057942,-9.0,7
2025-05-12,-5.33157083057942,-10.0,17
2025-05-12,-7.19874804381846,-9.0,15
2025-05-12,-6.39810426540284,-10.0,8
2025-05-12,-5.33157083057942,-10.0,8
2025-05-12,-5.8679706601467,-10.0,7
2025-05-12,-8.51926977687627,-10.0,18
2025-05-12,-7.19874804381846,-5.0,14
2025-05-12,-5.64516129032258,-10.0,13
2025-05-12,-9.72850678733029,-10.0,22
2025-05-12,-7.19602977667494,-10.0,20
2025-05-12,-1.46137787056367,-2.0,8
2025-05-12,-8.51926977687627,-6.5,6
2025-05-12,-6.18892508143322,-9.0,7
2025-05-12,-5.64516129032258,-10.0,41
2025-05-12,-6.01503759398496,-10.0,15
2025-05-12,-5.64516129032258,-10.0,14
2025-05-12,-2.61267145656434,-10.0,8
2025-05-12,-5.97484276729559,-5.0,16
2025-05-12,-7.02614379084967,-9.0,181
2025-05-12,-7.19602977667494,-6.5,22
2025-05-12,-7.88732394366197,-10.0,7
2025-05-12,-7.00483091787439,-10.0,59
2025-05-12,-7.09046454767727,-10.0,9
2025-05-12,-7.19602977667494,-2.0,43
2025-05-05,-5.09666080843585,-10.0,8
2025-05-05,-2.04369274136716,-2.0,9
2025-05-05,-3.21917808219178,-4.0,7
2025-05-05,-2.06106870229008,-10.0,6
2025-05-05,-11.8942731277533,-4.4,9
2025-04-28,-3.67278797996661,-10.0,23
2025-04-28,-2.4904214559387,-10.0,11
2025-04-28,-3.67278797996661,-10.0,21
2025-04-28,-1.42045454545455,-10.0,6
2025-04-28,0.0,-6.5,13
2025-04-28,-3.84615384615385,-6.5,10
2025-04-28,-1.79820179820179,-9.0,13
2025-04-28,1.85185185185185,-10.0,8
2025-04-28,1.85185185185185,-10.0,7
2025-04-21,-4.08163265306123,-7.0,6
2025-04-21,-8.44155844155844,-9.0,9
2025-04-21,-5.8411214953271,-10.0,7
2025-04-21,-6.06060606060606,-5.0,6
2025-04-21,-6.77200902934538,-10.0,7
2025-04-21,-5.79710144927536,-10.0,10
2025-04-21,-6.06060606060606,-10.0,16
2025-04-21,-8.02469135802469,-5.0,19
2025-04-21,-6.63129973474801,-2.0,6
2025-04-21,-5.79710144927536,-5.0,28
2025-04-14,-8.89570552147239,-10.0,9
2025-04-14,-6.99774266365688,-5.0,8
2025-04-07,-2.2887323943662,-4.0,26
2025-04-07,-2.37797246558198,-4.0,6
2025-04-07,-3.2901296111665,-4.0,6
2025-04-07,-6.20347394540943,-7.2,10
2025-04-07,-1.50862068965517,-9.0,7
2025-04-07,-2.2887323943662,-10.0,19
2025-04-07,-1.61812297734628,-4.0,21
2025-04-07,-1.61812297734628,-4.0,9
2025-04-07,-1.61812297734628,-4.4,9
2025-04-07,-8.77659574468081,-5.0,10
2025-04-07,0.14727540500736,-10.0,6
2025-03-31,-4.89913544668588,-5.0,20
2025-03-31,-6.11702127659574,-5.0,12
2025-03-31,-7.69230769230769,-10.0,11
2025-03-31,-8.84718498659513,-5.0,22
2025-03-31,-8.66372980910427,-5.0,15
2025-03-31,-1.23456790123457,-5.0,11
2025-03-31,-2.22222222222223,-5.0,11
2025-03-31,-5.0925925925926,-5.0,8
2025-03-24,-8.59030837004408,-5.0,12
2025-03-24,-0.69605568445475,-2.0,27
2025-03-24,-0.69605568445475,-2.0,13
2025-03-24,-8.1877729257642,-7.0,10
2025-03-24,-3.90625,-6.5,7
2025-03-24,-8.04597701149424,-9.0,6
2025-03-24,-8.59030837004408,-7.0,10
2025-03-24,-0.48309178743961,-5.0,9
2025-03-24,-8.1877729257642,-5.0,11
2025-03-24,-4.7979797979798,-4.4,8
2025-03-24,-6.00706713780919,-7.0,21
2025-03-24,-6.36335690132186,-9.0,12
2025-03-17,-6.20748299319728,-10.0,10
2025-03-17,-1.32325141776938,-10.0,8
2025-03-17,-9.84455958549223,-5.0,8
2025-03-17,-7.16353111432706,-10.0,6
2025-03-17,-9.62025316455697,-6.5,23
2025-03-17,-6.35838150289017,-10.0,6
2025-03-17,-2.37877401646844,-5.0,12
2025-03-17,-5.74052812858783,-4.0,7
2025-03-17,-9.84251968503937,-5.0,11
2025-03-17,-10.1351351351351,-5.0,6
2025-03-17,-9.40594059405936,-5.0,20
2025-03-17,-7.16353111432706,-9.0,13
2025-03-17,-7.80487804878046,-2.0,13
2025-03-17,-6.20748299319728,-5.0,9
2025-03-10,-6.14859094790777,-10.0,8
2025-03-10,-6.04026845637584,-6.5,8
2025-03-10,-6.04026845637584,-10.0,9
2025-03-10,-6.14859094790777,-9.5,19
2025-03-10,-8.61486486486487,-9.0,8
2025-03-10,-6.04026845637584,-6.5,18
2025-03-10,-3.52941176470589,-10.0,11
2025-03-10,-6.00328947368421,-10.0,6
2025-03-10,-8.61486486486487,-9.0,8
2025-03-10,-6.14859094790777,-6.5,13
2025-03-10,-5.96026490066225,-6.5,7
2025-03-10,-5.61122244488977,-9.0,9
2025-03-03,-6.83962264150943,-9.5,14
2025-03-03,-2.53807106598984,-10.0,8
2025-02-24,-9.55882352941172,-5.0,11
2025-02-24,3.4965034965035,-6.5,6
2025-02-24,-0.99812850904554,-7.0,6
2025-02-24,-9.55882352941172,-9.0,12
2025-02-24,-9.55882352941172,-9.0,11
2025-02-17,-2.78551532033426,-10.0,26
2025-02-17,-0.26455026455027,-7.0,7
2025-02-17,-2.8328611898017,-10.0,37
2025-02-17,-2.78551532033426,-10.0,10
2025-02-17,-2.78551532033426,-10.0,11
2025-02-17,-5.84795321637427,-9.0,15
2025-02-17,-4.53333333333334,-9.0,6
2025-02-17,-1.33141417776178,-2.0,11
2025-02-10,-6.22895622895622,-10.0,7
2025-02-03,-0.72463768115942,-4.0,12
2025-02-03,-4.5045045045045,-4.0,9
2025-02-03,-7.69230769230769,-10.0,6
2025-01-27,-1.00390407138873,-2.0,6
2025-01-27,-3.2139577594123,-2.0,12
2025-01-27,-6.62373505059797,-9.5,10
2025-01-27,-5.4245283018868,-7.2,6
2025-01-27,-5.4245283018868,-7.2,10
2025-01-20,-5.34591194968553,-10.0,12
2025-01-20,-2.35294117647059,-4.0,13
2025-01-20,-4.96894409937888,-10.0,9
2025-01-20,-4.96894409937888,-10.0,9
2025-01-20,-5.34591194968553,-10.0,9
2025-01-20,-5.34591194968553,-10.0,16
2025-01-20,-5.34591194968553,-10.0,15
2025-01-13,-10.7142857142858,-10.0,6
2025-01-13,0.3003003003003,-4.0,11
2025-01-13,-2.04081632653061,-4.0,7
2025-01-13,-1.33333333333333,-4.0,6
2025-01-06,-7.91245791245794,-10.0,6
2025-01-06,-5.50023707918444,-4.4,8
2025-01-06,-6.70482420278005,-10.0,14
2025-01-06,-0.84566596194503,-2.0,6
2025-01-06,-3.3203125,-10.0,9
2025-01-06,-4.59770114942528,-10.0,8
2025-01-06,-0.84566596194503,-2.0,6
2025-01-06,-6.77824267782427,-10.0,21
2025-01-06,-6.23376623376623,-9.0,7
2025-01-06,-5.50023707918444,-4.4,8
2025-01-06,-0.84566596194503,-2.0,6
2025-01-06,-3.37837837837838,-10.0,6
2024-12-30,-9.61538461538463,-5.0,8
2024-12-30,-8.16582914572865,-9.0,8
2024-12-30,-8.33333333333333,-10.0,7
2024-12-30,-9.46969696969694,-10.0,7
2024-12-30,-9.46969696969694,-9.0,8
2024-12-30,-0.44052863436123,-10.0,6
2024-12-30,-9.46969696969694,-10.0,6
2024-12-30,1.0351966873706,-4.0,10
2024-12-23,-5.75342465753425,-4.0,10
2024-12-23,-5.75342465753425,-4.0,6
2024-12-23,-6.94548170276326,-10.0,9
2024-12-23,-5.75342465753425,-4.0,10
2024-12-23,-6.06060606060606,-4.0,8
2024-12-23,-6.06060606060606,-4.0,6
2024-12-23,-6.06060606060606,-4.0,6
2024-12-23,-6.06060606060606,-4.0,6
2024-12-23,-7.03764320785597,-4.0,7
2024-12-16,-1.5625,-2.0,16
2024-12-16,-4.93827160493827,-5.0,6
2024-12-16,-1.16279069767442,-5.0,8
2024-12-16,0.50590219224283,-4.0,10
2024-12-16,-2.47933884297521,-2.0,6
2024-12-16,-4.0,-2.0,7
2024-12-09,-9.65732087227411,-2.0,9
2024-12-09,-7.03812316715543,-6.5,8
2024-12-09,-3.50553505535056,-2.0,10
2024-12-09,-8.33333333333333,-10.0,6
2024-12-09,-11.1111111111111,-10.0,15
2024-12-09,-8.7719298245614,-10.0,15
2024-12-02,-3.46820809248555,-4.0,6
2024-12-02,-8.2608695652174,-7.0,11
2024-12-02,-3.46820809248555,-4.0,6
2024-12-02,-4.41640378548896,-4.0,14
2024-12-02,-4.66472303206997,-4.0,42
2024-12-02,-3.40909090909091,-5.0,6
2024-12-02,-3.46820809248555,-4.0,20
2024-12-02,-6.04095563139932,-5.0,22
2024-12-02,-3.46820809248555,-4.0,8
2024-12-02,-2.10803689064559,-4.4,11
2024-12-02,-4.66472303206997,-4.0,42
2024-12-02,-3.70898716119828,-5.0,6
2024-12-02,-4.53563714902807,-10.0,8
2024-12-02,-8.2608695652174,-10.0,13
2024-12-02,-6.0984060984061,-5.0,7
2024-12-02,-4.66472303206997,-2.0,22
2024-12-02,-4.60526315789474,-2.0,46
2024-12-02,-3.46820809248555,-4.0,20
2024-12-02,-4.41640378548896,-4.0,14
2024-12-02,-4.60526315789474,-10.0,6
2024-11-25,-4.01106500691563,-10.0,10
2024-11-25,-4.01106500691563,-10.0,8
2024-11-25,-10.9266943291839,-5.0,16
2024-11-25,0.0,-4.0,13
2024-11-25,-4.01106500691563,-10.0,8
2024-11-25,-10.9266943291839,-5.0,16
2024-11-25,-6.73076923076923,-2.0,10
2024-11-25,-6.37813211845102,-5.0,18
2024-11-25,-3.0188679245283,-6.5,7
2024-11-18,-2.14477211796246,-2.0,16
2024-11-18,-2.80898876404495,-4.0,6
2024-11-18,-2.14477211796246,-2.0,14
2024-11-18,-6.91823899371069,-5.0,12
2024-11-18,-3.05676855895197,-2.0,100
2024-11-18,-2.25352112676056,-2.0,8
2024-11-18,-2.88288288288288,-2.0,109
2024-11-18,-1.88172043010752,-2.0,8
2024-11-18,-7.64872521246459,-7.0,6
2024-11-18,-3.05676855895197,-2.0,96
2024-11-18,-1.88172043010752,-2.0,8
2024-11-18,-1.90336749633967,-2.0,10
2024-11-18,-8.33333333333333,-5.0,6
2024-11-18,-1.90336749633967,-2.0,14
2024-11-18,-2.14477211796246,-2.0,17
2024-11-18,-2.0746887966805,-2.0,8
2024-11-18,-4.93653032440057,-4.4,10
2024-11-18,-2.25352112676056,-2.0,16
2024-11-11,3.87453874538745,-5.0,7
2024-11-11,-1.2310606060606,-10.0,55
2024-11-11,-1.0566762728146,-10.0,19
2024-11-11,-7.37327188940092,-10.0,14
2024-11-11,-6.14525139664804,-2.0,7
2024-11-11,-6.14525139664804,-2.0,7
2024-11-11,-2.5,-5.0,10
2024-11-04,-10.1369863013698,-5.0,6
2024-11-04,-6.74846625766872,-10.0,6
2024-11-04,0.52910052910053,-5.0,12
2024-11-04,-6.80100755667506,-4.0,7
2024-11-04,-9.32642487046629,-10.0,7
2024-10-28,-7.99319727891156,-4.4,7
2024-10-28,-9.13461538461541,-10.0,8
2024-10-28,-9.21052631578945,-4.4,11
2024-10-28,-9.35412026726057,-4.4,70
2024-10-28,-9.35412026726057,-10.0,20
2024-10-28,-4.9618320610687,-7.2,9
2024-10-21,-2.1414913957935,-4.4,9
2024-10-21,-6.78513731825525,-2.0,7
2024-10-21,-8.54166666666667,-4.4,19
2024-10-21,-5.40827147401908,-10.0,6
2024-10-14,-0.64516129032258,-4.0,6
2024-10-07,-7.04225352112676,-10.0,22
2024-10-07,-4.33996383363472,-2.0,6
2024-10-07,-4.46428571428572,-5.0,19
2024-10-07,-7.78588807785888,-10.0,10
2024-10-07,-1.09356014580802,-4.0,6
2024-10-07,-6.6869300911854,-10.0,19
2024-10-07,-7.78588807785888,-10.0,8
2024-10-07,-6.6869300911854,-5.0,17
2024-10-07,-6.6869300911854,-10.0,9
2024-10-07,-5.07982583454281,-4.4,7
2024-10-07,-6.47321428571428,-9.5,16
2024-09-30,-5.31208499335989,-9.0,13
2024-09-30,-6.71378091872792,-4.4,11
2024-09-30,-7.70171149144254,-2.0,23
2024-09-30,-7.25190839694656,-5.0,10
2024-09-30,-10.2654867256637,-10.0,11
2024-09-30,1.1764705882353,-4.0,6
2024-09-30,-7.74647887323944,-10.0,9
2024-09-30,-11.0526315789474,-10.0,14
2024-09-30,-7.70171149144254,-5.0,18
2024-09-30,-7.15990453460621,-5.0,7
2024-09-30,-8.06737588652483,-10.0,7
2024-09-30,-7.70171149144254,-9.2,60
2024-09-30,-7.70171149144254,-10.0,36
2024-09-30,-7.73006134969326,-2.0,35
2024-09-30,-10.6529209621994,-10.0,8
2024-09-23,-8.17120622568093,-10.0,35
2024-09-23,-8.12379110251451,-10.0,8
2024-09-23,-5.69105691056911,-10.0,8
2024-09-23,0.67049808429119,-9.5,11
2024-09-23,-8.17120622568093,-10.0,30
2024-09-23,-8.12379110251451,-10.0,6
2024-09-23,-8.17120622568093,-10.0,30
2024-09-23,-8.17120622568093,-10.0,48
2024-09-23,-8.12379110251451,-10.0,7
2024-09-23,-4.08163265306122,-9.5,7
2024-09-23,-3.16358024691358,-2.0,8
2024-09-23,-8.12379110251451,-10.0,8
2024-09-23,-8.17120622568093,-10.0,15
2024-09-23,-8.12379110251451,-10.0,8
2024-09-23,-5.96658711217184,-2.0,11
2024-09-23,-7.91505791505791,-10.0,6
2024-09-23,-7.91505791505791,-10.0,6
2024-09-23,-6.1624649859944,-10.0,8
2024-09-23,-8.13953488372093,-10.0,49
2024-09-23,-7.91505791505791,-10.0,6
2024-09-23,-7.91505791505791,-10.0,6
2024-09-23,-8.17120622568093,-10.0,15
2024-09-23,-5.27256478999106,-9.5,6
2024-09-16,-8.26446280991735,-10.0,14
2024-09-16,-3.7593984962406,-10.0,23
2024-09-16,-4.6474358974359,-10.0,13
2024-09-16,-8.26446280991735,-7.0,27
2024-09-16,-7.03854440986354,-9.5,23
2024-09-16,-7.03854440986354,-2.0,7
2024-09-16,-8.05369127516778,-2.0,6
2024-09-16,-7.16731898238748,-5.0,14
2024-09-16,-7.20764893356214,-9.5,21
2024-09-16,-5.22935779816513,-9.5,8
2024-09-16,-7.17821782178218,-10.0,15
2024-09-16,-5.14385353095031,-10.0,9
2024-09-16,-6.85579196217494,-10.0,28
2024-09-16,-9.86842105263158,-10.0,11
2024-09-16,-7.177734375,-10.0,85
2024-09-16,-7.16731898238748,-10.0,58
2024-09-09,-10.6127605811749,-10.0,33
2024-09-09,-10.6127605811749,-9.5,23
2024-09-09,1.93548387096775,-10.0,8
2024-09-09,-10.4109589041096,-10.0,10
2024-09-02,-7.24586704185719,-5.0,7
2024-09-02,-11.5384615384615,-10.0,6
2024-09-02,-1.01351351351351,-5.0,13
2024-09-02,-1.34228187919464,-9.2,7
2024-09-02,-2.28571428571429,-4.0,6
2024-09-02,-9.8654708520179,-10.0,13
2024-09-02,-4.63320463320464,-2.0,7
2024-09-02,-9.92481203007518,-10.0,20
2024-08-26,-10.5751391465677,-2.0,6
2024-08-26,-6.12244897959184,-4.0,14
2024-08-26,-8.94568690095846,-9.5,8
2024-08-26,-4.3298969072165,-10.0,22
2024-08-26,-7.98226164079827,-2.0,16
2024-08-26,-2.63157894736842,-7.0,7
2024-08-26,-6.09981515711645,-4.0,13
2024-08-26,-6.76691729323308,-10.0,34
2024-08-26,-7.36714975845411,-10.0,6
2024-08-26,-8.21917808219178,-10.0,6
2024-08-26,-8.43989769820972,-10.0,7
2024-08-26,-8.43989769820972,-9.0,16
2024-08-26,-4.41860465116279,-10.0,9
2024-08-26,-8.46153846153846,-9.2,35
2024-08-26,-6.06617647058824,-4.0,50
2024-08-26,-2.77777777777777,-4.4,9
2024-08-26,-8.46153846153846,-9.0,22
2024-08-26,-7.83410138248851,-10.0,15
2024-08-26,-6.47482014388489,-10.0,48
2024-08-26,-7.92507204610949,-9.0,44
2024-08-26,-9.49720670391066,-10.0,17
2024-08-26,-10.4779411764706,-9.5,8
2024-08-26,-8.43989769820972,-9.0,7
2024-08-26,-7.90697674418605,-4.4,6
2024-08-26,-5.07462686567164,-5.0,11
2024-08-26,-10.5751391465677,-9.5,11
2024-08-26,-8.43989769820972,-10.0,7
2024-08-26,-7.61548064918852,-10.0,6
2024-08-26,-10.5263157894737,-9.0,10
2024-08-26,-4.41860465116279,-10.0,9
2024-08-26,-5.07462686567164,-5.0,8
2024-08-26,-6.06617647058824,-4.0,50
2024-08-26,-10.0840336134453,-10.0,8
2024-08-26,-6.06617647058824,-5.0,102
2024-08-26,-9.7731239092496,-10.0,10
2024-08-26,-7.55885997521685,-2.0,6
2024-08-26,-8.06916426512968,-10.0,24
2024-08-26,-5.51470588235294,-5.0,13
2024-08-26,-8.60759493670885,-10.0,36
2024-08-26,-11.260053619303,-10.0,10
2024-08-26,-11.260053619303,-10.0,8
2024-08-26,-8.22179732313575,-9.0,30
2024-08-19,-9.43396226415093,-10.0,9
2024-08-19,-4.41767068273093,-9.0,6
2024-08-19,-7.85219399538106,-5.0,8
2024-08-19,-2.6268115942029,-5.0,7
2024-08-12,-2.29007633587786,-5.0,8
2024-08-12,-4.21783235451148,-4.0,6
2024-08-12,-5.02008032128514,-5.0,6
2024-08-05,-3.9453717754173,-4.0,8
2024-08-05,-2.58064516129033,-2.0,7
2024-08-05,-2.8169014084507,-4.0,7
2024-08-05,-1.50375939849624,-8.0,6
2024-08-05,-1.50375939849624,-8.0,6
2024-08-05,-0.26595744680851,-4.0,9
2024-08-05,-2.58302583025831,-4.4,11
2024-08-05,-2.15605749486653,-5.0,7
2024-08-05,-2.8169014084507,-2.0,7
2024-07-29,-7.9295154185022,-4.0,7
2024-07-29,-5.39845758354756,-9.0,6
2024-07-29,-7.22021660649822,-10.0,8
2024-07-29,-4.10958904109589,-2.0,10
2024-07-29,-7.94824399260628,-10.0,8
2024-07-29,-2.83018867924528,-2.0,18
2024-07-29,-7.9295154185022,-4.0,7
2024-07-22,-9.03954802259891,-5.0,12
2024-07-22,-2.0501138952164,-2.0,6
2024-07-22,-8.73417721518986,-4.4,6
2024-07-22,-4.79233226837061,-4.4,10
2024-07-22,-8.73417721518986,-10.0,22
2024-07-22,-3.9289055191768,-4.0,6
2024-07-22,-8.73417721518986,-4.4,6
2024-07-22,-8.73417721518986,-2.0,20
2024-07-22,-3.6117381489842,-4.0,7
2024-07-22,-2.75862068965518,-10.0,18
2024-07-15,-0.3875968992248,-2.0,7
2024-07-15,-6.53658536585366,-9.0,8
2024-07-15,-4.5774647887324,-10.0,9
2024-07-15,-5.62700964630226,-5.0,12
2024-07-15,-5.6420233463035,-5.0,7
2024-07-08,-11.3300492610838,-10.0,8
2024-07-08,-5.35031847133758,-5.0,14
2024-07-08,-5.94883997620464,-9.0,6
2024-07-08,-11.3300492610838,-10.0,8
2024-07-08,-5.35031847133758,-4.0,11
2024-07-08,-3.06122448979592,-5.0,11
2024-07-08,-1.28617363344051,-2.0,7
2024-07-08,-2.49854735618826,-6.5,7
2024-07-08,-5.50458715596331,-5.0,10
2024-07-08,-3.25443786982249,-2.0,8
2024-07-08,-5.35031847133758,-5.0,51
2024-07-08,-4.79115479115479,-5.0,7
2024-07-08,-4.4,-2.0,6
2024-07-08,-4.63320463320464,-5.0,14
2024-07-08,-2.60869565217392,-5.0,7
2024-07-08,-5.25657071339174,-5.0,14
2024-07-08,0.54894784995425,-5.0,15
2024-07-01,-1.72413793103448,-2.0,48
2024-07-01,-3.22164948453608,-5.0,7
2024-07-01,-2.80373831775701,-5.0,6
2024-07-01,1.46627565982404,-2.0,7
2024-07-01,-14.7239263803681,-2.0,7
2024-07-01,-5.6701030927835,-5.0,7
2024-06-24,-0.17953321364452,-9.0,12
2024-06-24,-3.80078636959371,-9.0,6
2024-06-24,-11.9047619047619,-10.0,6
2024-06-24,-11.9047619047619,-10.0,6
2024-06-17,-7.84132841328413,-10.0,36
2024-06-17,-9.66386554621847,-10.0,8
2024-06-17,-7.49354005167959,-10.0,9
2024-06-17,-7.27272727272727,-4.0,8
2024-06-17,-5.40540540540541,-10.0,9
2024-06-17,-7.12530712530713,-4.4,7
2024-06-17,-5.58727569331158,-10.0,7
2024-06-17,-7.61421319796954,-7.2,14
2024-06-17,-7.61421319796954,-10.0,6
2024-06-17,-7.84132841328413,-4.0,25
2024-06-17,-9.66386554621847,-10.0,8
2024-06-17,-7.61421319796954,-10.0,12
2024-06-17,-4.71380471380471,-4.4,6
2024-06-17,-5.59440559440559,-10.0,8
2024-06-17,-7.46753246753247,-10.0,11
2024-06-17,-0.75187969924812,-6.5,9
2024-06-17,-7.12530712530713,-10.0,14
2024-06-17,-7.7125328659071,-10.0,10
2024-06-17,-7.61421319796954,-10.0,35
2024-06-17,-7.34177215189874,-10.0,9
2024-06-17,-7.69874476987448,-10.0,19
2024-06-17,-7.80082987551867,-10.0,11
2024-06-17,-7.77683854606931,-10.0,11
2024-06-17,-3.86740331491713,-5.0,7
2024-06-10,3.08441558441559,-6.5,7
2024-06-10,-5.11551155115512,-2.0,13
2024-06-10,-7.6923076923077,-9.0,8
2024-06-10,-7.22222222222222,-10.0,9
2024-06-10,-5.11551155115512,-4.0,13
2024-06-10,-7.22222222222222,-2.0,8
2024-06-10,-3.87393302692055,-10.0,7
2024-06-03,-0.33444816053512,-10.0,6
2024-06-03,-6.15563298490128,-10.0,15
2024-06-03,-6.15563298490128,-5.6,69
2024-06-03,-9.66921119592872,-5.6,6
2024-06-03,0.0,-10.0,12
2024-06-03,-4.81347773766546,-5.0,8
2024-06-03,-0.60265166733628,-2.0,6
2024-06-03,-4.5539033457249,-7.2,6
2024-06-03,-4.5539033457249,-7.2,6
2024-05-27,-4.19847328244274,-9.0,6
2024-05-27,-4.52127659574468,-2.0,6
2024-05-27,-4.39481268011527,-4.0,7
2024-05-27,-1.11482720178373,-4.0,10
2024-05-27,-8.60058309037901,-5.0,9
2024-05-27,-7.05128205128205,-5.0,6
2024-05-27,-3.94190871369294,-5.0,11
2024-05-20,-5.44554455445544,-8.0,11
2024-05-20,-1.5025041736227,-5.0,11
2024-05-20,-5.37634408602151,-8.0,9
2024-05-20,-5.18518518518518,-2.0,14
2024-05-20,-5.15970515970516,-8.0,39
2024-05-13,-1.6260162601626,-9.0,10
2024-05-13,-7.77537796976242,-10.0,6
2024-05-06,-9.57446808510636,-10.0,7
2024-05-06,-6.69371196754564,-2.0,17
2024-05-06,-1.23456790123457,-10.0,8
2024-05-06,-5.65656565656565,-10.0,7
2024-04-29,-7.52212389380531,-5.0,7
2024-04-29,-7.73195876288659,-4.0,17
2024-04-29,-7.35294117647059,-10.0,50
2024-04-29,-7.54257907542579,-10.0,11
2024-04-29,-7.73195876288659,-10.0,8
2024-04-29,-7.28813559322034,-2.0,37
2024-04-29,-6.45994832041344,-2.0,11
2024-04-29,-10.091743119266,-2.0,7
2024-04-29,-6.5,-5.0,24
2024-04-29,-9.92063492063492,-9.0,6
2024-04-29,-9.3812375249501,-2.0,7
2024-04-29,-3.18725099601594,-2.0,6
2024-04-29,-8.23529411764706,-2.0,6
2024-04-29,-3.04347826086957,-10.0,6
2024-04-29,-10.091743119266,-5.0,10
2024-04-29,-7.65306122448979,-4.0,9
2024-04-29,-6.02739726027398,-10.0,6
2024-04-29,-7.48792270531401,-2.0,19
2024-04-29,-6.72645739910314,-10.0,11
2024-04-29,-5.28967254408061,-2.0,39
2024-04-29,-4.72779369627507,-2.0,9
2024-04-29,-3.97805212620027,-4.0,6
2024-04-29,-4.86008836524301,-4.0,7
2024-04-29,-5.47945205479452,-10.0,6
2024-04-29,-2.60416666666667,-6.5,8
2024-04-29,-5.94405594405594,-10.0,16
2024-04-29,-7.39856801909308,-10.0,48
2024-04-29,-10.6430155210643,-5.0,8
2024-04-29,-4.86008836524301,-2.0,21
2024-04-29,-7.45920745920746,-10.0,17
2024-04-22,-9.62566844919786,-2.0,26
2024-04-22,-9.52380952380948,-2.0,6
2024-04-22,-7.0902394106814,-10.0,8
2024-04-22,-6.32688927943761,-8.0,8
2024-04-22,-2.85714285714286,-5.0,10
2024-04-22,-6.30630630630631,-5.0,17
2024-04-22,-9.57446808510636,-10.0,23
2024-04-22,-8.9430894308943,-2.0,7
2024-04-22,-5.24861878453039,-4.0,12
2024-04-22,-8.92857142857144,-10.0,14
2024-04-22,-9.1334894613583,-9.0,6
2024-04-22,-7.96252927400468,-10.0,18
2024-04-22,-9.62566844919786,-10.0,92
2024-04-22,-6.32911392405064,-10.0,21
2024-04-22,-6.32688927943761,-8.0,8
2024-04-22,-9.43025540275049,-10.0,6
2024-04-22,-6.32688927943761,-8.0,8
2024-04-22,-6.32688927943761,-8.0,8
2024-04-22,-7.0902394106814,-10.0,38
2024-04-22,-8.22222222222223,-10.0,16
2024-04-22,-8.12064965197216,-4.4,9
2024-04-22,-9.68342644320301,-10.0,8
2024-04-22,-6.32688927943761,-8.0,8
2024-04-22,-0.65766701280719,-10.0,10
2024-04-22,-4.66666666666666,-9.0,7
2024-04-22,-6.80628272251309,-10.0,23
2024-04-22,-7.97872340425531,-10.0,10
2024-04-22,-9.68342644320301,-10.0,12
2024-04-22,-6.32688927943761,-8.0,8
2024-04-22,-7.96252927400468,-4.0,108
2024-04-22,-7.94392523364486,-2.0,11
2024-04-22,-8.9430894308943,-10.0,8
2024-04-22,-10.0580270793037,-2.0,19
2024-04-22,-6.23556581986143,-10.0,10
2024-04-22,-9.2140921409214,-10.0,8
2024-04-22,-10.4325699745547,-10.0,16
2024-04-22,-3.24909747292418,-2.0,6
2024-04-22,-1.90114068441065,-5.0,7
2024-04-15,-3.65535248041776,-2.0,9
2024-04-15,-1.73010380622837,-5.0,6
2024-04-15,-8.33333333333333,-5.0,10
2024-04-15,0.21834061135372,-5.0,12
2024-04-15,-5.35714285714285,-5.0,6
2024-04-15,-10.3789126853377,-6.5,6
2024-04-15,-3.43839541547278,-2.0,45
2024-04-15,-5.70175438596491,-5.0,16
2024-04-15,-8.51063829787234,-5.0,7
2024-04-15,-6.20689655172413,-5.0,6
2024-04-15,-6.66666666666666,-5.0,6
2024-04-15,-3.8781163434903,-5.0,7
2024-04-15,-5.45454545454545,-2.0,10
2024-04-08,-8.20443846671153,-10.0,8
2024-04-08,-4.58715596330275,-10.0,6
2024-04-08,-4.34782608695653,-10.0,9
2024-04-08,-4.296875,-10.0,15
2024-04-08,-4.296875,-10.0,15
2024-04-08,-4.58715596330275,-10.0,6
2024-04-08,-4.34782608695653,-10.0,9
2024-04-01,-6.63615560640732,-10.0,13
2024-03-25,-6.91056910569106,-2.0,6
2024-03-25,-2.11267605633803,-6.5,10
2024-03-25,-4.39024390243903,-7.2,10
2024-03-25,1.1605415860735,-6.5,9
2024-03-18,-8.06451612903225,-10.0,22
2024-03-18,-6.60592255125283,-8.0,8
2024-03-18,-8.94495412844037,-10.0,9
2024-03-18,-1.57170923379175,-10.0,6
2024-03-18,-1.95758564437195,-4.0,10
2024-03-18,-4.0625,-9.0,7
2024-03-18,-7.25673446948873,-10.0,12
2024-03-18,-8.17223198594025,-10.0,118
2024-03-18,-6.11510791366907,-10.0,6
2024-03-18,-6.11510791366907,-10.0,8
2024-03-18,0.83612040133779,-5.0,9
2024-03-18,-6.11510791366907,-10.0,6
2024-03-18,-8.06451612903225,-10.0,22
2024-03-18,-5.03373118837571,-10.0,9
2024-03-18,-8.31858407079646,-10.0,21
2024-03-18,-8.94495412844037,-10.0,6
2024-03-18,-7.46421267893661,-10.0,6
2024-03-18,-10.2822580645161,-10.0,7
2024-03-18,-8.15217391304348,-10.0,18
2024-03-11,-0.18055973517905,-6.5,6
2024-03-11,-2.95420974889218,-8.0,6
2024-03-11,1.33333333333333,-6.5,8
2024-03-11,4.22960725075529,-5.0,11
2024-03-04,-12.0481927710844,-10.0,6
2024-03-04,0.0,-4.0,7
2024-03-04,-5.17857142857143,-2.0,6
2024-03-04,-7.22222222222222,-10.0,14
2024-03-04,-5.04634397528322,-10.0,6
2024-03-04,-0.88339222614841,-4.4,6
2024-03-04,-2.11416490486258,-5.6,11
2024-03-04,-4.53665878305741,-10.0,13
2024-03-04,-7.4074074074074,-10.0,22
2024-03-04,-5.17857142857143,-2.0,6
2024-03-04,-6.97674418604651,-10.0,71
2024-03-04,-7.5,-10.0,65
2024-03-04,-7.3170731707317,-10.0,32
2024-03-04,-11.4285714285714,-9.0,25
2024-03-04,-10.2102102102102,-10.0,12
2024-03-04,-6.97674418604651,-2.0,16
2024-02-26,-6.86900958466454,-9.0,14
2024-02-26,-3.08370044052864,-2.0,7
2024-02-26,-10.3305785123967,-2.0,22
2024-02-26,-8.125,-10.0,169
2024-02-26,-2.73972602739726,-8.0,10
2024-02-26,-7.56756756756756,-10.0,33
2024-02-26,-9.69696969696968,-10.0,6
2024-02-26,-10.2981029810298,-9.0,13
2024-02-26,-6.86900958466454,-9.0,15
2024-02-26,-2.73972602739726,-2.0,12
2024-02-26,-6.65557404326123,-9.0,34
2024-02-26,-9.84126984126988,-10.0,6
2024-02-26,-12.0915032679739,-10.0,22
2024-02-26,-12.7049180327869,-10.0,26
2024-02-26,-2.73972602739726,-2.0,9
2024-02-26,-10.3305785123967,-10.0,35
2024-02-26,-4.296875,-10.0,8
2024-02-26,-10.4508196721311,-2.0,22
2024-02-26,-6.75675675675675,-10.0,8
2024-02-26,-10.6508875739645,-10.0,6
2024-02-26,-6.44391408114558,-7.2,9
2024-02-26,-7.96178343949044,-10.0,6
2024-02-26,-5.06535947712418,-10.0,13
2024-02-26,-10.4508196721311,-10.0,148
2024-02-26,-4.70737913486005,-8.0,8
2024-02-26,-10.3305785123967,-2.0,6
2024-02-26,-6.65499124343257,-10.0,12
2024-02-26,-6.09756097560974,-9.0,8
2024-02-26,-6.65557404326123,-9.0,41
2024-02-26,-12.4183006535948,-2.0,7
2024-02-26,-6.65557404326123,-9.0,11
2024-02-26,-5.49738219895288,-7.2,7
2024-02-26,-7.72200772200773,-5.0,18
2024-02-26,-8.71710526315789,-10.0,25
2024-02-26,-8.0074487895717,-10.0,11
2024-02-26,-10.0418410041841,-10.0,23
2024-02-26,-12.4,-10.0,10
2024-02-26,-3.59281437125748,-10.0,15
2024-02-26,-6.65557404326123,-10.0,8
2024-02-26,-11.400651465798,-10.0,11
2024-02-26,-10.0946372239747,-9.5,22
2024-02-26,-5.84415584415585,-10.0,18
2024-02-26,-8.0074487895717,-10.0,21
2024-02-26,-8.71710526315789,-10.0,41
2024-02-26,-7.19424460431655,-10.0,8
2024-02-26,-9.46502057613173,-10.0,25
2024-02-26,-4.36681222707424,-10.0,16
2024-02-26,-9.0545938748336,-10.0,13
2024-02-26,-6.44391408114558,-9.0,7
2024-02-26,-6.51465798045602,-10.0,9
2024-02-26,-10.3333333333334,-10.0,29
2024-02-26,-10.3092783505155,-10.0,23
2024-02-26,-12.0915032679739,-9.0,14
2024-02-26,-5.49738219895288,-7.2,14
2024-02-26,-11.5079365079365,-10.0,6
2024-02-26,-2.73972602739726,-8.0,9
2024-02-26,-9.11680911680911,-10.0,8
2024-02-26,-6.65557404326123,-9.0,14
2024-02-26,-9.11680911680911,-10.0,7
2024-02-19,-2.10280373831775,-5.8,15
2024-02-19,0.0,-5.0,8
2024-02-19,-1.82648401826484,-5.8,15
2024-02-19,-1.29310344827586,-5.0,71
2024-02-19,-2.10280373831775,-5.8,8
2024-02-19,-1.85185185185186,-5.8,18
2024-02-19,-1.30813953488373,-5.8,21
2024-02-19,-1.01522842639594,-10.0,8
2024-02-19,-2.0671834625323,-4.4,30
2024-02-19,-1.82232346241458,-8.0,8
2024-02-19,-8.22784810126578,-10.0,52
2024-02-19,-6.38297872340425,-8.0,15
2024-02-19,-12.1405750798723,-9.5,6
2024-02-19,-4.46428571428572,-5.0,6
2024-02-19,-5.58356676003735,-9.0,9
2024-02-19,-2.76073619631902,-8.0,12
2024-02-19,-1.24223602484472,-10.0,6
2024-02-19,-5.54016620498615,-10.0,6
2024-02-19,-6.38297872340425,-8.0,12
2024-02-19,-2.76073619631902,-8.0,17
2024-02-19,-8.125,-10.0,8
2024-02-19,-1.91518467852258,-5.8,9
2024-02-19,-8.20189274447952,-10.0,24
2024-02-19,-1.91518467852258,-5.8,10
2024-02-19,-6.26865671641791,-8.0,18
2024-02-19,-1.85185185185186,-5.8,17
2024-02-19,-8.90207715133533,-10.0,7
2024-02-19,-2.0671834625323,-4.4,56
2024-02-19,-10.6017191977077,-9.0,16
2024-02-19,-1.29310344827586,-5.0,71
2024-02-19,-2.0671834625323,-4.4,54
2024-02-19,-2.35756385068762,-8.0,23
2024-02-19,-1.29310344827586,-5.0,48
2024-02-19,-1.85185185185186,-5.8,10
2024-02-19,-13.1868131868132,-10.0,7
2024-02-19,-2.94985250737463,-2.0,24
2024-02-19,-2.35756385068762,-8.0,21
2024-02-19,-6.38297872340425,-8.0,9
2024-02-12,-6.55737704918033,-5.0,6
2024-02-12,-2.67295597484276,-5.0,18
2024-02-12,-2.67295597484276,-5.0,18
2024-02-12,-5.81395348837209,-10.0,8
2024-02-12,-2.98759864712514,-9.0,6
2024-02-12,-2.67295597484276,-5.0,18
2024-02-12,-2.84810126582279,-5.0,21
2024-02-12,-10.3448275862069,-10.0,7
2024-02-12,-6.55737704918033,-5.0,6
2024-02-12,-6.7774936061381,-5.0,14
2024-02-12,-6.55737704918033,-5.0,6
2024-02-12,-4.55465587044534,-10.0,8
2024-02-12,-6.55737704918033,-5.0,6
2024-02-12,-6.7774936061381,-5.0,14
2024-02-12,-2.84810126582279,-5.0,21
2024-02-12,0.88772845953002,-5.0,7
2024-02-12,0.0,-5.0,12
2024-02-12,-2.84810126582279,-5.0,21
2024-02-12,-2.98759864712514,-10.0,6
2024-02-05,-2.76890308839191,-4.0,6
2024-02-05,-2.76890308839191,-4.0,6
2024-02-05,-3.15985130111524,-8.0,7
2024-02-05,-2.76890308839191,-4.0,6
2024-02-05,-4.8653344917463,-7.0,6
2024-02-05,-2.45587106676899,-4.0,8
2024-02-05,-3.14685314685314,-4.0,20
2024-02-05,-5.24475524475524,-2.0,6
2024-02-05,-2.76890308839191,-4.0,6
2024-02-05,-2.76890308839191,-4.0,6
2024-02-05,-2.76890308839191,-4.0,7
2024-02-05,-3.23886639676114,-10.0,8
2024-01-29,-4.95049504950495,-5.0,10
2024-01-29,-4.2,-4.0,10
2024-01-29,-4.10256410256411,-4.0,14
2024-01-29,-2.41850683491062,-10.0,42
2024-01-29,-3.98936170212766,-4.0,7
2024-01-29,-4.6242774566474,-10.0,9
2024-01-29,-4.2,-4.0,10
2024-01-29,-7.84313725490191,-4.0,8
2024-01-29,-4.95049504950495,-5.0,10
2024-01-29,-1.23456790123457,-2.0,6
2024-01-29,-3.98936170212766,-7.2,6
2024-01-29,-5.08905852417303,-5.0,8
2024-01-29,-2.41850683491062,-10.0,40
2024-01-29,-5.08905852417303,-5.0,8
2024-01-29,-4.10256410256411,-2.0,12
2024-01-29,-4.2,-4.0,9
2024-01-22,-8.17757009345795,-10.0,7
2024-01-22,-4.98753117206983,-5.0,16
2024-01-22,-6.27062706270627,-4.0,6
2024-01-22,-5.26315789473684,-5.0,15
2024-01-22,-9.02777777777778,-2.0,9
2024-01-22,-4.16666666666667,-10.0,9
2024-01-22,-8.0010095911156,-6.5,16
2024-01-22,-1.91570881226054,-5.0,6
2024-01-22,-9.04872389791184,-2.0,7
2024-01-22,-4.98753117206983,-5.0,16
2024-01-22,-9.04872389791184,-2.0,8
2024-01-22,-1.87416331994645,-10.0,7
2024-01-22,-1.46862483311081,-10.0,8
2024-01-22,-6.82451253481894,-9.0,8
2024-01-22,-5.16717325227963,-10.0,6
2024-01-22,-6.97674418604651,-10.0,8
2024-01-22,-6.73267326732674,-10.0,7
2024-01-15,-5.10835913312694,-5.0,10
2024-01-15,-4.78515625,-4.0,6
2024-01-15,-0.81433224755701,-5.0,10
2024-01-08,-2.35008103727714,-7.0,14
2024-01-01,-1.51515151515152,-10.0,8
2024-01-01,-6.04026845637583,-10.0,8
2024-01-01,-3.33333333333334,-5.0,14
2024-01-01,-5.57491289198606,-10.0,12
2024-01-01,-2.01826045170591,-10.0,17
2024-01-01,-1.93704600484262,-10.0,7
2024-01-01,-0.87719298245614,-5.0,6
2024-01-01,-2.6378896882494,-5.0,7
2024-01-01,-6.04026845637583,-9.0,12
2024-01-01,-9.81595092024535,-10.0,7
2024-01-01,-11.1922141119221,-5.0,6
2023-12-25,-9.09090909090904,-10.0,15
2023-12-25,0.34324942791762,-7.0,12
2023-12-25,-11.2068965517242,-10.0,7
2023-12-25,-2.55754475703325,-10.0,10
2023-12-25,-7.2192513368984,-10.0,15
2023-12-25,-2.55754475703325,-10.0,6
2023-12-25,1.01351351351351,-2.0,7
2023-12-25,-5.23297491039427,-2.0,11
2023-12-25,-9.82367758186398,-9.0,6
2023-12-25,-2.55754475703325,-10.0,10
2023-12-18,-1.75438596491228,-10.0,12
2023-12-18,-5.40540540540541,-5.0,9
2023-12-18,-9.55056179775283,-5.0,8
2023-12-18,-7.16723549488055,-10.0,21
2023-12-18,-9.12052117263839,-10.0,8
2023-12-18,-3.04659498207886,-5.0,14
2023-12-18,-6.0,-10.0,6
2023-12-18,-9.12052117263839,-6.5,8
2023-12-18,-2.52808988764045,-10.0,10
2023-12-18,-5.40540540540541,-5.0,17
2023-12-18,0.0,-6.5,7
2023-12-18,-1.37614678899083,-5.0,8
2023-12-11,-1.88087774294671,-9.0,10
2023-12-11,-7.0230607966457,-4.0,7
2023-12-11,-7.08245243128964,-4.0,15
2023-12-11,-9.19220055710306,-10.0,6
2023-12-04,-3.07328605200945,-5.0,8
2023-12-04,-6.13496932515337,-9.0,16
2023-12-04,-4.34782608695652,-5.0,9
2023-12-04,-4.17910447761194,-9.0,13
2023-12-04,-5.62248995983936,-10.0,8
2023-12-04,-0.70814365199797,-5.0,16
2023-12-04,-4.24107142857143,-4.0,14
2023-12-04,-5.62248995983936,-10.0,10
2023-12-04,-3.30578512396694,-4.0,12
2023-12-04,-4.17910447761194,-9.0,17
2023-12-04,-3.92156862745098,-10.0,6
2023-12-04,-3.30578512396694,-4.0,12
2023-11-27,-8.04597701149425,-10.0,6
2023-11-27,-9.56521739130435,-10.0,29
2023-11-27,-6.82539682539683,-10.0,6
2023-11-27,-9.19220055710306,-10.0,139
2023-11-27,-8.25688073394496,-10.0,11
2023-11-27,-11.2781954887218,-10.0,6
2023-11-27,-5.71428571428571,-10.0,6
2023-11-27,-6.0,-10.0,36
2023-11-27,-10.0558659217877,-9.5,8
2023-11-27,-12.4826629680999,-10.0,9
2023-11-27,-12.4826629680999,-10.0,7
2023-11-27,-6.19469026548672,-5.0,6
2023-11-27,-6.82539682539683,-10.0,8
2023-11-27,-7.65306122448979,-9.0,7
2023-11-27,-7.5,-9.0,15
2023-11-27,-1.80645161290323,-10.0,21
2023-11-27,-7.69230769230769,-10.0,8
2023-11-27,-6.84713375796178,-10.0,70
2023-11-27,-11.2754158964879,-10.0,8
2023-11-27,-11.0091743119266,-10.0,10
2023-11-27,-9.78835978835974,-9.5,52
2023-11-27,-3.82978723404255,-9.0,16
2023-11-27,-9.84615384615389,-9.5,13
2023-11-27,-8.10810810810811,-9.0,6
2023-11-27,-6.01503759398496,-4.0,13
2023-11-27,-4.77299185098952,-10.0,9
2023-11-27,-3.88349514563107,-10.0,18
2023-11-20,-3.90658174097665,-6.5,6
2023-11-20,-3.90658174097665,-6.5,14
2023-11-20,-4.23111919927206,-6.5,6
2023-11-20,-3.33333333333334,-7.0,10
2023-11-20,-3.90658174097665,-6.5,16
2023-11-20,-3.90658174097665,-6.5,11
2023-11-20,-3.66300366300366,-5.0,6
2023-11-20,-0.82440230832647,-10.0,9
2023-11-20,-6.64652567975831,-7.0,10
2023-11-20,-3.90658174097665,-6.5,15
2023-11-20,-3.90658174097665,-6.5,9
2023-11-20,-3.73831775700934,-9.0,7
2023-11-20,-3.90658174097665,-10.0,13
2023-11-20,-3.90658174097665,-6.5,9
2023-11-20,-3.90658174097665,-6.5,6
2023-11-13,-9.1205211726384,-10.0,7
2023-11-13,-13.1782945736434,-2.0,11
2023-11-13,-8.92857142857143,-10.0,6
2023-11-13,-9.1205211726384,-5.0,56
2023-11-13,-6.92307692307693,-10.0,7
2023-11-13,-9.4462540716612,-10.0,15
2023-11-13,-8.38323353293413,-7.0,8
2023-11-13,-9.42857142857144,-10.0,24
2023-11-13,-8.30039525691699,-9.0,13
2023-11-13,-9.51008645533146,-10.0,8
2023-11-13,-11.0360360360361,-7.0,6
2023-11-13,-0.11904761904761,-6.5,12
2023-11-13,-13.2867132867133,-9.0,13
2023-11-13,-9.48275862068966,-2.0,20
2023-11-13,-8.92857142857143,-10.0,15
2023-11-06,-2.18446601941747,-6.5,12
2023-11-06,-5.29300567107751,-5.0,6
2023-11-06,-6.38297872340425,-10.0,7
2023-11-06,-8.78447395301326,-5.0,7
2023-11-06,-8.03782505910165,-10.0,13
2023-11-06,-8.15217391304348,-5.0,16
2023-11-06,-7.39051094890511,-5.6,17
2023-11-06,-8.78447395301326,-10.0,7
2023-11-06,-8.28402366863906,-10.0,7
2023-11-06,-8.25958702064896,-4.4,12
2023-11-06,-4.33070866141733,-5.0,6
2023-10-30,-7.00934579439252,-5.0,6
2023-10-30,0.0,-5.0,6
2023-10-30,-7.51295336787564,-9.0,16
2023-10-30,-9.06515580736542,-10.0,7
2023-10-30,-7.28744939271255,-5.0,6
2023-10-30,-2.51346499102334,-5.0,8
2023-10-30,-10.5485232067511,-9.0,13
2023-10-30,-3.54257302672468,-4.4,15
2023-10-30,-7.33333333333333,-10.0,12
2023-10-23,-1.95627157652474,-2.0,7
2023-10-23,-6.34920634920634,-5.0,6
2023-10-23,0.625,-4.0,18
2023-10-16,-2.79329608938548,-5.0,9
2023-10-16,0.80213903743316,-10.0,14
2023-10-16,-2.08333333333333,-5.0,7
2023-10-16,-16.2790697674419,-10.0,6
2023-10-16,-4.03458213256484,-5.0,9
2023-10-16,0.80213903743316,-5.0,7
2023-10-16,-4.03458213256484,-5.0,6
2023-10-16,-16.2790697674419,-10.0,10
2023-10-16,3.27868852459016,-4.0,13
2023-10-16,0.80213903743316,-10.0,6
2023-10-09,-0.57971014492754,-5.0,6
2023-10-09,-3.40909090909091,-5.0,8
2023-10-09,-3.72881355932203,-5.0,7
2023-10-09,-6.46766169154229,-2.0,9
2023-10-09,-6.46766169154229,-6.5,12
2023-10-09,-2.99003322259137,-5.0,6
2023-10-09,-3.40909090909091,-5.0,10
2023-10-09,-1.50022391401702,-10.0,22
2023-10-02,0.21413276231263,-5.0,11
2023-10-02,-5.62613430127042,-4.4,13
2023-10-02,-9.5,-10.0,12
2023-10-02,-7.41410488245931,-6.5,7
2023-10-02,-5.95959595959596,-5.0,6
2023-10-02,-2.87206266318538,-5.0,13
2023-10-02,-5.55201021059349,-10.0,10
2023-10-02,-5.0185873605948,-5.0,6
2023-10-02,-6.77966101694915,-9.0,6
2023-10-02,-4.73751600512164,-5.0,8
2023-10-02,-9.5,-10.0,10
2023-10-02,-5.62613430127042,-7.2,6
2023-10-02,-5.0185873605948,-4.0,12
2023-09-25,-2.95138888888889,-9.5,8
2023-09-25,-6.81818181818181,-6.5,6
2023-09-25,-2.02429149797571,-9.5,7
2023-09-25,-8.73015873015871,-10.0,22
2023-09-25,-1.33333333333333,-5.0,11
2023-09-25,-5.14285714285714,-6.5,25
2023-09-25,-5.26315789473684,-6.5,6
2023-09-25,-6.73758865248226,-5.0,65
2023-09-25,-4.39770554493308,-6.5,25
2023-09-25,-8.72210953346856,-5.0,31
2023-09-25,-0.31948881789138,-10.0,6
2023-09-25,-8.42105263157894,-5.0,11
2023-09-25,-4.44444444444444,-4.0,10
2023-09-25,-1.13475177304964,-4.0,10
2023-09-25,-5.04201680672268,-6.5,10
2023-09-25,-4.40366972477064,-6.5,10
2023-09-25,-4.8828125,-2.0,12
2023-09-25,-6.57640232108318,-2.0,6
2023-09-25,-6.61478599221789,-5.0,39
2023-09-25,-3.5,-2.0,7
2023-09-25,-2.42214532871972,-10.0,15
2023-09-25,-6.36833046471601,-6.5,7
2023-09-25,-5.78947368421053,-6.5,17
2023-09-25,-8.51485148514851,-5.0,6
2023-09-25,-7.84982935153584,-6.5,13
2023-09-25,-2.02429149797571,-9.5,7
2023-09-25,-2.02429149797571,-9.5,7
2023-09-25,-7.74647887323943,-6.5,24
2023-09-25,-6.89655172413793,-6.5,7
2023-09-25,-2.03252032520325,-9.5,9
2023-09-25,-8.76865671641786,-5.0,9
2023-09-25,-6.73758865248226,-6.5,17
2023-09-25,-8.72210953346856,-5.0,31
2023-09-25,-8.72210953346856,-5.0,13
2023-09-18,-5.76832151300237,-7.0,8
2023-09-18,-5.18518518518519,-9.0,16
2023-09-18,-5.61797752808988,-10.0,7
2023-09-18,-6.4453125,-4.4,6
2023-09-18,-1.91256830601093,-7.2,6
2023-09-18,-2.77502477700694,-10.0,10
2023-09-18,-2.8328611898017,-5.0,6
2023-09-18,-0.0554016620498601,-2.0,7
2023-09-18,-1.03092783505154,-10.0,8
2023-09-11,0.2865329512894,-5.0,10
2023-09-11,-8.0267558528428,-10.0,6
2023-09-11,-4.04624277456648,-4.0,12
2023-09-11,-7.56302521008403,-2.0,7
2023-09-11,-6.03889457523029,-10.0,7
2023-09-11,-1.59744408945686,-2.0,6
2023-09-11,-3.30578512396694,-7.0,6
2023-09-11,-5.759682224429,-10.0,7
2023-09-11,-4.31034482758621,-10.0,6
2023-09-11,-1.6260162601626,-5.0,6
2023-09-11,-2.15053763440861,-10.0,16
2023-09-11,-1.1049723756906,-5.0,7
2023-09-11,-2.88461538461538,-5.0,19
2023-09-11,-3.30578512396694,-7.0,6
2023-09-11,-4.21686746987952,-2.0,9
2023-09-04,-6.44391408114558,-10.0,6
2023-09-04,-7.76699029126211,-10.0,7
2023-09-04,-8.94454382826474,-10.0,13
2023-09-04,-10.0,-10.0,16
2023-09-04,-8.11359026369168,-10.0,58
2023-09-04,-8.05369127516778,-10.0,55
2023-09-04,-4.67625899280575,-10.0,9
2023-09-04,-9.34579439252341,-9.5,11
2023-09-04,-8.85311871227369,-2.0,10
2023-09-04,-7.49414519906323,-9.0,23
2023-09-04,-4.69314079422382,-10.0,9
2023-09-04,-7.83898305084746,-10.0,7
2023-09-04,-7.63358778625954,-10.0,36
2023-09-04,-9.05797101449276,-5.0,8
2023-09-04,-8.85311871227369,-10.0,8
2023-09-04,-7.20338983050847,-10.0,8
2023-09-04,-8.36236933797906,-10.0,28
2023-09-04,-12.0,-10.0,10
2023-09-04,-10.036496350365,-10.0,7
2023-09-04,-2.99684542586751,-5.0,12
2023-09-04,-6.41711229946524,-10.0,8
2023-09-04,-8.62068965517241,-10.0,13
2023-09-04,-8.57142857142859,-10.0,7
2023-09-04,-4.69314079422382,-10.0,9
2023-09-04,-2.43902439024391,-5.0,12
2023-09-04,-4.93506493506493,-4.0,6
2023-09-04,-8.15347721822542,-10.0,24
2023-09-04,-9.34579439252341,-10.0,7
2023-09-04,-7.83898305084746,-10.0,7
2023-09-04,-6.87285223367697,-2.0,25
2023-09-04,-5.61797752808988,-5.0,11
2023-08-28,-5.07462686567164,-4.0,8
2023-08-28,-9.29203539823011,-10.0,8
2023-08-28,-10.726643598616,-10.0,6
2023-08-28,-6.15640599001664,-2.0,19
2023-08-28,-2.46913580246913,-4.4,7
2023-08-28,-10.726643598616,-5.0,23
2023-08-28,-12.1673003802281,-10.0,14
2023-08-28,-0.6578947368421,-6.5,14
2023-08-28,-3.40218712029162,-5.0,11
2023-08-28,-5.64399421128799,-10.0,34
2023-08-28,-5.07462686567164,-4.0,6
2023-08-28,-0.6578947368421,-5.0,20
2023-08-28,-5.07462686567164,-5.0,6
2023-08-28,-5.07462686567164,-5.0,24
2023-08-28,-2.94117647058824,-5.0,9
2023-08-28,-5.66218809980806,-7.0,20
2023-08-28,-11.1111111111112,-7.2,9
2023-08-28,-3.78006872852233,-4.0,12
2023-08-28,-2.17613927291347,-5.0,13
2023-08-21,-0.32546786004882,-5.0,9
2023-08-21,-4.65116279069767,-10.0,8
2023-08-21,-5.60224089635855,-9.0,7
2023-08-21,-2.03488372093023,-10.0,8
2023-08-21,-2.10526315789474,-7.0,6
2023-08-21,-6.33116883116883,-2.0,12
2023-08-21,-0.19417475728156,-4.0,9
2023-08-21,-3.44827586206897,-7.0,9
2023-08-21,-6.04623592175459,-10.0,6
2023-08-21,-5.7142857142857,-6.5,6
2023-08-21,-5.29327610872675,-9.0,8
2023-08-21,-4.25531914893617,-7.0,6
2023-08-21,-6.00414078674948,-7.0,6
2023-08-21,-4.89130434782609,-9.0,13
2023-08-21,-4.32098765432098,-9.0,8
2023-08-14,-2.67281105990783,-7.0,29
2023-08-14,-4.66439135381115,-5.0,21
2023-08-14,-3.83795309168444,-7.0,6
2023-08-14,-3.82653061224489,-10.0,6
2023-08-14,-11.3636363636364,-10.0,6
2023-08-14,-4.60720614294152,-7.2,7
2023-08-14,-5.32241555783009,-2.0,8
2023-08-14,-3.47280334728034,-9.0,16
2023-08-14,-4.89130434782609,-10.0,8
2023-08-14,-3.34394904458599,-5.0,8
2023-08-14,-1.80806675938804,-10.0,54
2023-08-14,-0.93457943925234,-6.5,14
2023-08-14,-13.4328358208955,-5.0,6
2023-08-14,-4.84848484848485,-2.0,8
2023-08-14,-6.40176600441501,-7.0,9
2023-08-14,-3.41880341880342,-7.0,9
2023-08-14,-4.60048426150121,-10.0,15
2023-08-14,-3.83795309168444,-7.0,6
2023-08-14,-6.40176600441501,-7.0,6
2023-08-14,-4.65949820788531,-7.0,8
2023-08-14,-4.79302832244008,-10.0,8
2023-08-14,-4.60720614294152,-7.2,7
2023-08-14,-2.19146482122261,-10.0,8
2023-08-14,-8.15047021943574,-5.0,8
2023-08-14,-3.34346504559271,-10.0,7
2023-08-14,-3.39976553341149,-7.0,127
2023-08-14,-3.39578454332552,-7.0,159
2023-08-14,-5.16351118760758,-7.0,20
2023-08-14,-4.60048426150121,-2.0,90
2023-08-14,-4.60048426150121,-4.4,19
2023-08-14,-3.84615384615384,-7.0,6
2023-08-14,-1.8348623853211,-7.0,6
2023-08-14,-4.71142520612485,-10.0,29
2023-08-14,-4.94938132733408,-7.0,21
2023-08-07,-8.25806451612903,-5.0,12
2023-08-07,-7.4370709382151,-5.0,6
2023-08-07,-2.41379310344828,-2.0,13
2023-08-07,-3.37756332931243,-7.0,85
2023-08-07,-3.56083086053413,-4.0,18
2023-08-07,-2.46913580246913,-4.0,13
2023-08-07,-6.02409638554217,-4.0,10
2023-08-07,-3.5426731078905,-5.0,9
2023-08-07,-2.88065843621399,-4.0,8
2023-08-07,-4.60372960372961,-5.0,22
2023-08-07,-5.92417061611374,-7.0,7
2023-08-07,-7.57946210268948,-7.0,6
2023-08-07,-7.55287009063444,-7.0,6
2023-08-07,-2.24089635854342,-4.0,12
2023-08-07,-6.02409638554217,-10.0,10
2023-08-07,-2.93159609120521,-4.0,7
2023-08-07,-7.4370709382151,-7.0,15
2023-08-07,-3.70762711864407,-7.0,26
2023-08-07,-1.41843971631205,-7.0,6
2023-08-07,-3.27868852459017,-9.0,12
2023-08-07,-2.10803689064559,-7.0,7
2023-08-07,-7.119021134594,-5.0,14
2023-08-07,-6.02409638554217,-4.0,6
2023-08-07,-3.84615384615385,-5.0,12
2023-08-07,-4.16460089241447,-5.0,6
2023-08-07,-5.07042253521127,-7.0,6
2023-08-07,-8.25806451612903,-7.0,12
2023-08-07,-6.35294117647059,-7.0,6
2023-08-07,-3.74331550802139,-9.0,13
2023-08-07,-7.18232044198895,-7.0,7
2023-08-07,-3.125,-2.0,8
2023-08-07,-6.35294117647059,-7.0,7
2023-08-07,-8.25806451612903,-5.0,6
2023-08-07,-8.25806451612903,-7.0,6
2023-08-07,-6.19718309859155,-4.4,6
2023-08-07,-2.10803689064559,-7.0,8
2023-08-07,-2.62172284644194,-4.0,7
2023-08-07,-3.5426731078905,-5.0,13
2023-08-07,-5.69620253164557,-7.0,6
2023-08-07,-2.08900999091735,-7.2,14
2023-08-07,-7.42857142857143,-2.0,6
2023-08-07,-2.88978494623656,-5.0,11
2023-08-07,-7.66871165644172,-7.0,8
2023-08-07,-3.02521008403362,-5.0,8
2023-08-07,-3.75,-4.0,6
2023-08-07,-7.4370709382151,-7.0,8
2023-08-07,-3.02521008403362,-4.0,12
2023-08-07,-3.36943441636583,-2.0,7
2023-08-07,-7.40740740740741,-5.0,9
2023-08-07,-2.41935483870968,-7.0,19
2023-08-07,-3.49127182044888,-5.0,17
2023-08-07,-0.747663551401869,-5.6,7
2023-08-07,-3.00500834724541,-4.0,8
2023-08-07,-3.61111111111111,-7.0,11
2023-08-07,-4.60372960372961,-5.0,34
2023-08-07,-7.71889400921659,-7.0,6
2023-08-07,-3.70762711864407,-7.0,26
2023-08-07,-3.88888888888889,-9.0,25
2023-07-31,-4.37397484964461,-7.0,28
2023-07-31,-4.47093889716841,-7.0,6
2023-07-31,-2.54506892895016,-7.2,6
2023-07-31,-6.83139534883721,-7.0,6
2023-07-31,-5.38573508005822,-7.0,17
2023-07-31,-5.06607929515419,-7.0,8
2023-07-31,-4.85436893203883,-4.0,11
2023-07-31,-3.50877192982456,-5.0,55
2023-07-31,-3.50877192982456,-4.4,95
2023-07-31,-4.57782299084435,-10.0,7
2023-07-31,-4.59183673469388,-10.0,14
2023-07-31,-5.71428571428572,-7.0,22
2023-07-31,-4.56389452332657,-10.0,31
2023-07-31,-12.1293800539083,-10.0,6
2023-07-31,-2.647412755716,-6.5,6
2023-07-31,-5.03875968992248,-7.0,19
2023-07-31,-4.56389452332657,-10.0,46
2023-07-31,-5.88235294117647,-5.0,28
2023-07-31,-3.2,-7.0,16
2023-07-31,-5.14905149051491,-7.0,39
2023-07-31,-3.41023069207623,-4.4,6
2023-07-31,-6.94444444444445,-10.0,7
2023-07-31,-0.67340067340067,-2.0,8
2023-07-31,-5.96026490066225,-7.0,10
2023-07-31,-6.48148148148148,-7.0,6
2023-07-31,-6.94444444444445,-7.0,6
2023-07-31,-4.04040404040404,-5.0,26
2023-07-31,-3.515625,-7.0,8
2023-07-31,-4.82233502538071,-10.0,9
2023-07-31,-4.4776119402985,-4.4,13
2023-07-31,-4.59183673469388,-7.0,7
2023-07-31,-4.59183673469388,-7.0,8
2023-07-31,-2.53275109170306,-4.4,11
2023-07-31,-5.79110651499483,-10.0,29
2023-07-31,-4.38512869399428,-10.0,11
2023-07-31,-4.59183673469388,-10.0,12
2023-07-31,-5.33980582524272,-10.0,18
2023-07-31,-3.61278369615562,-9.0,6
2023-07-31,0.71090047393365,-4.0,107
2023-07-31,-6.18066561014263,-7.0,7
2023-07-31,-4.67980295566503,-4.0,6
2023-07-31,-6.64556962025316,-9.0,12
2023-07-31,-7.00549450549451,-7.0,8
2023-07-31,-4.64135021097046,-2.0,10
2023-07-31,-4.73186119873817,-7.0,6
2023-07-31,-2.45353159851301,-2.0,8
2023-07-31,-4.62287104622871,-7.0,12
2023-07-31,-5.21739130434782,-4.4,12
2023-07-31,-5.54016620498615,-7.2,9
2023-07-31,-4.31861804222648,-7.0,9
2023-07-31,-3.71517027863778,-7.0,12
2023-07-31,-4.59183673469388,-7.0,23
2023-07-31,-6.33484162895927,-10.0,7
2023-07-31,-5.23690773067332,-7.0,28
2023-07-31,-5.21739130434782,-4.4,19
2023-07-31,-2.48447204968944,-5.6,10
2023-07-31,-5.20607375271149,-7.0,11
2023-07-31,-1.6800584368152,-9.0,10
2023-07-31,-4.26229508196722,-2.0,24
2023-07-31,-4.00572246065808,-7.5,18
2023-07-31,-4.2483660130719,-4.0,6
2023-07-31,-1.88916876574308,-5.0,7
2023-07-31,-3.26797385620915,-7.0,18
2023-07-31,-3.29781836631152,-4.4,10
2023-07-31,-3.36283185840708,-10.0,39
2023-07-31,-3.31588132635253,-4.4,6
2023-07-31,-3.47648261758691,-7.0,8
2023-07-31,-3.96039603960396,-7.0,6
2023-07-31,-4.56730769230769,-7.0,9
2023-07-31,-6.18066561014263,-7.0,10
2023-07-31,-3.48360655737704,-7.0,18
2023-07-31,-2.20588235294118,-2.0,6
2023-07-31,-4.47093889716841,-7.0,11
2023-07-31,-5.27272727272727,-7.0,6
2023-07-31,-4.26229508196722,-2.0,23
2023-07-31,-4.59183673469388,-7.0,6
2023-07-31,-4.21286031042128,-7.0,6
2023-07-31,-5.3639846743295,-7.0,9
2023-07-31,-3.71517027863778,-7.0,15
2023-07-31,-5.1054384017758,-7.0,9
2023-07-31,-1.91938579654511,-7.0,6
2023-07-31,-4.37424058323208,-2.0,6
2023-07-31,-4.63121783876501,-7.0,6
2023-07-31,-6.14035087719299,-4.4,34
2023-07-31,-3.50877192982456,-5.0,51
2023-07-31,-4.59183673469388,-4.4,19
2023-07-24,-3.39892665474061,-7.2,10
2023-07-24,-4.69483568075117,-7.5,6
2023-07-24,-0.54570259208731,-5.0,23
2023-07-24,-4.35967302452316,-5.0,11
2023-07-24,-12.9277566539924,-2.0,7
2023-07-24,-4.85436893203883,-5.0,8
2023-07-24,-3.61290322580645,-2.0,8
2023-07-24,-1.75054704595186,-9.0,6
2023-07-24,-3.84615384615385,-7.0,6
2023-07-24,-2.39880059970015,-9.0,10
2023-07-24,-1.59420289855072,-7.0,6
2023-07-24,-3.61757105943152,-7.2,6
2023-07-24,0.39787798408489,-10.0,13
2023-07-24,-0.93333333333334,-10.0,14
2023-07-24,-6.1437908496732,-2.0,27
2023-07-24,0.39787798408489,-10.0,11
2023-07-24,-2.22222222222222,-9.2,10
2023-07-24,-2.39880059970015,-9.0,17
2023-07-24,-4.19463087248323,-4.0,9
2023-07-24,-2.16606498194946,-10.0,8
2023-07-24,-3.84894698620189,-4.0,12
2023-07-24,-1.00143061516452,-10.0,6
2023-07-24,-3.125,-4.4,7
2023-07-24,-6.78941311852705,-10.0,12
2023-07-24,-1.19617224880382,-4.0,7
2023-07-24,-3.963133640553,-10.0,7
2023-07-24,-3.24005891016201,-9.2,7
2023-07-24,-2.39880059970015,-2.0,6
2023-07-24,0.54054054054054,-10.0,6
2023-07-24,-4.37665782493369,-5.0,8
2023-07-17,-12.987012987013,-5.0,8
2023-07-17,-7.02702702702703,-10.0,12
2023-07-17,-8.73362445414847,-10.0,6
2023-07-17,-9.45945945945945,-5.0,13
2023-07-17,-6.78941311852705,-10.0,7
2023-07-17,-2.55681818181818,-10.0,10
2023-07-10,-3.7037037037037,-5.0,6
2023-07-10,-0.80645161290323,-4.0,7
2023-07-10,-6.5007509118215,-10.0,16
2023-07-10,-2.67857142857143,-8.0,6
2023-07-10,-2.97805642633228,-5.0,12
2023-07-10,-5.81162324649299,-10.0,7
2023-07-03,-5.80645161290323,-5.0,6
2023-07-03,-5.09950248756219,-4.0,7
2023-07-03,-8.04828973843058,-4.0,11
2023-07-03,-0.8871989860583,-4.4,9
2023-07-03,-4.70588235294118,-10.0,223
2023-07-03,-11.3636363636363,-10.0,6
2023-07-03,-9.64912280701755,-10.0,15
2023-07-03,-8.04828973843058,-2.0,12
2023-07-03,-1.46194639529884,-10.0,6
2023-06-26,-5.05050505050505,-10.0,7
2023-06-26,-7.37100737100737,-9.0,9
2023-06-26,-8.77192982456142,-9.0,11
2023-06-26,-9.92366412213744,-10.0,17
2023-06-26,-5.22277958099735,-5.0,8
2023-06-26,-6.86628807434176,-10.0,36
2023-06-26,-8.61159929701231,-9.0,6
2023-06-26,-5.24590163934427,-10.0,6
2023-06-26,-9.698275862069,-10.0,17
2023-06-26,-8.3044982698962,-2.0,8
2023-06-26,-6.86628807434176,-10.0,10
2023-06-26,-5.0073206442167,-5.0,9
2023-06-26,-5.26002971768202,-5.0,27
2023-06-26,-9.99999999999999,-10.0,7
2023-06-26,-5.5921052631579,-9.0,8
2023-06-26,-8.53658536585366,-9.0,31
2023-06-26,-8.3044982698962,-9.0,13
2023-06-26,-5.08423586040914,-5.0,23
2023-06-26,-6.66666666666667,-10.0,10
2023-06-26,-7.46268656716417,-10.0,6
2023-06-26,-5.19360786724032,-5.0,6
2023-06-26,-8.53658536585366,-9.0,50
2023-06-26,-1.7578125,-5.0,7
2023-06-26,-5.24590163934427,-9.5,13
2023-06-26,-6.86628807434176,-10.0,8
2023-06-26,-9.698275862069,-10.0,10
2023-06-19,-3.89871382636656,-4.0,7
2023-06-19,-3.77248984329657,-10.0,6
2023-06-19,0.0,-6.5,10
2023-06-12,-6.83308119011598,-10.0,38
2023-06-12,-7.01476793248945,-10.0,10
2023-06-12,-6.9361147327249,-10.0,35
2023-06-12,-7.01476793248945,-9.5,31
2023-06-12,-6.8698347107438,-10.0,10
2023-06-12,-7.01476793248945,-9.5,31
2023-06-12,-0.63091482649842,-10.0,8
2023-06-12,-5.81039755351682,-10.0,6
2023-06-12,-6.82952456002102,-10.0,8
2023-06-12,-6.8698347107438,-9.5,31
2023-06-12,-6.8698347107438,-9.2,10
2023-06-12,-7.04261954261954,-9.5,31
2023-06-12,-6.83308119011598,-9.2,12
2023-06-12,-7.01476793248945,-9.2,30
2023-06-12,-6.9361147327249,-9.2,29
2023-06-12,-7.04261954261954,-9.2,10
2023-06-12,-6.83308119011598,-9.0,11
2023-06-12,-7.01476793248945,-10.0,104
2023-06-12,-6.82952456002102,-9.5,35
2023-06-12,-6.9361147327249,-9.5,101
2023-06-12,-5.08021390374332,-10.0,11
2023-06-12,-7.01476793248945,-10.0,36
2023-06-12,-7.01476793248945,-10.0,10
2023-06-12,-6.82952456002102,-10.0,11
2023-06-12,-7.01476793248945,-9.2,10
2023-06-12,-7.04261954261954,-10.0,10
2023-06-12,-6.83308119011598,-10.0,15
2023-06-12,-7.01476793248945,-9.2,10
2023-06-05,-4.41176470588235,-5.0,8
2023-06-05,-10.0409836065574,-10.0,7
2023-06-05,-7.75427995971802,-10.0,14
2023-06-05,-4.73876063183475,-10.0,40
2023-06-05,-6.69090909090909,-10.0,62
2023-06-05,-4.74406991260924,-10.0,45
2023-05-29,-11.2745098039216,-10.0,7
2023-05-29,-9.82905982905983,-10.0,7
2023-05-29,-0.2283105022831,-5.0,10
2023-05-29,-3.125,-10.0,6
2023-05-29,-6.16438356164383,-10.0,7
2023-05-29,-6.82730923694779,-10.0,29
2023-05-29,-6.13718411552347,-5.0,9
2023-05-29,-7.80780780780781,-10.0,22
2023-05-29,-5.76923076923077,-10.0,9
2023-05-29,-5.10204081632653,-10.0,14
2023-05-29,-9.82905982905983,-10.0,11
2023-05-29,-8.43023255813953,-10.0,9
2023-05-29,-5.95482546201232,-10.0,8
2023-05-29,-7.21649484536082,-10.0,29
2023-05-29,-5.69744597249508,-10.0,11
2023-05-29,-6.13718411552347,-9.0,11
2023-05-22,-9.38864628820964,-10.0,12
2023-05-22,-9.11214953271028,-4.4,7
2023-05-22,-11.1111111111111,-10.0,11
2023-05-22,-11.1111111111111,-10.0,6
2023-05-22,-2.13128729752771,-10.0,17
2023-05-22,-9.58904109589038,-10.0,7
2023-05-22,-9.38864628820964,-10.0,14
2023-05-15,-0.78740157480315,-10.0,44
2023-05-15,-0.5420054200542,-5.0,12
2023-05-15,-12.3188405797101,-10.0,7
2023-05-15,-6.20347394540942,-10.0,9
2023-05-15,-0.683371298405469,-10.0,23
2023-05-15,-3.07692307692308,-5.0,6
2023-05-15,-4.1860465116279,-10.0,12
2023-05-15,-9.39597315436242,-10.0,41
2023-05-15,-9.34393638170977,-10.0,10
2023-05-15,-2.88808664259927,-4.4,10
2023-05-15,-9.34393638170977,-10.0,24
2023-05-15,-9.09090909090906,-10.0,17
2023-05-15,-13.3333333333334,-10.0,7
2023-05-15,-9.34393638170977,-9.0,6
2023-05-15,-6.76923076923078,-10.0,12
2023-05-15,-9.30693069306932,-9.0,10
2023-05-15,-9.34393638170977,-10.0,20
2023-05-15,-9.39597315436242,-10.0,16
2023-05-15,-11.2903225806452,-10.0,13
2023-05-15,-0.683371298405469,-10.0,23
2023-05-15,-12.3188405797101,-10.0,6
2023-05-15,-9.34393638170977,-10.0,52
2023-05-15,-0.79787234042553,-10.0,50
2023-05-15,-9.02777777777778,-10.0,10
2023-05-15,-0.5420054200542,-5.0,8
2023-05-08,-11.1111111111111,-10.0,17
2023-05-08,-11.1111111111111,-10.0,16
2023-05-08,-11.504424778761,-10.0,6
2023-05-08,-8.9026915113872,-10.0,7
2023-05-08,-11.1111111111111,-10.0,16
2023-05-08,-11.504424778761,-10.0,7
2023-05-08,-8.39002267573698,-10.0,11
2023-05-08,-3.40314136125654,-5.0,6
2023-05-08,-8.96551724137936,-10.0,8
2023-05-08,-12.4513618677043,-10.0,12
2023-05-08,-7.59878419452887,-10.0,9
2023-05-08,-1.83615819209039,-6.5,6
2023-05-08,-11.1111111111111,-10.0,24
2023-05-08,-9.0069284064665,-10.0,8
2023-05-08,-8.39002267573698,-10.0,11
2023-05-08,-9.0069284064665,-10.0,15
2023-05-08,-8.82352941176467,-10.0,20
2023-05-08,-7.58807588075881,-10.0,11
2023-05-08,-12.4513618677043,-10.0,7
2023-05-01,-7.33590733590734,-9.5,15
2023-05-01,-8.50767085076708,-10.0,6
2023-05-01,-3.37552742616034,-4.0,7
2023-05-01,-8.40517241379311,-5.0,49
2023-05-01,-6.2748212867355,-6.5,35
2023-05-01,-6.22537431048069,-7.5,9
2023-05-01,-7.8783151326053,-9.0,15
2023-05-01,-8.81410256410257,-10.0,10
2023-05-01,-0.52356020942409,-6.5,15
2023-05-01,-7.94753086419753,-5.0,39
2023-05-01,-8.50767085076708,-9.5,7
2023-05-01,-6.22537431048069,-5.0,12
2023-05-01,-5.83153347732181,-2.0,7
2023-05-01,-4.49438202247191,-10.0,7
2023-05-01,-6.28980891719745,-5.0,11
2023-05-01,-8.50767085076708,-2.0,6
2023-05-01,-6.2748212867355,-5.0,25
2023-05-01,-4.95012929442187,-9.5,15
2023-05-01,-8.81410256410257,-2.0,10
2023-05-01,-3.59281437125748,-2.0,8
2023-05-01,-5.0925925925926,-2.0,12
2023-05-01,-8.50767085076708,-2.0,9
2023-05-01,-6.26468285043069,-5.0,15
2023-04-24,-9.03954802259887,-10.0,8
2023-04-24,-10.7407407407408,-10.0,12
2023-04-24,0.18867924528302,-9.5,6
2023-04-24,-7.6158940397351,-10.0,9
2023-04-24,-7.4949358541526,-9.2,13
2023-04-24,-8.57142857142857,-10.0,11
2023-04-24,-11.2299465240641,-10.0,11
2023-04-24,-12.1052631578947,-2.0,11
2023-04-24,-10.670731707317,-10.0,6
2023-04-24,-6.30630630630631,-10.0,6
2023-04-24,-8.57908847184986,-10.0,8
2023-04-24,-8.57908847184986,-10.0,7
2023-04-24,-14.7208121827411,-10.0,8
2023-04-24,-8.57142857142857,-10.0,10
2023-04-24,-9.32944606413998,-10.0,20
2023-04-24,-4.23412204234122,-5.0,6
2023-04-24,-7.06521739130435,-9.0,7
2023-04-24,-12.1212121212121,-10.0,6
2023-04-24,-12.9496402877697,-10.0,9
2023-04-24,-7.55939524838013,-10.0,27
2023-04-24,-7.6923076923077,-10.0,7
2023-04-24,-6.52173913043479,-5.0,12
2023-04-24,-7.55939524838013,-10.0,13
2023-04-24,-8.59813084112149,-9.5,12
2023-04-24,-10.9090909090909,-10.0,10
2023-04-24,-9.58904109589046,-10.0,6
2023-04-24,-6.6030230708035,-10.0,39
2023-04-24,-8.07017543859649,-10.0,18
2023-04-24,-9.0909090909091,-9.5,141
2023-04-24,-5.64784053156147,-2.0,26
2023-04-24,-10.5990783410138,-10.0,28
2023-04-24,-12.8712871287129,-2.0,7
2023-04-24,-11.2994350282485,-10.0,6
2023-04-24,-9.77443609022554,-10.0,12
2023-04-24,-9.10973084886126,-10.0,7
2023-04-24,-9.55414012738853,-10.0,72
2023-04-24,-12.1212121212121,-10.0,6
2023-04-24,-8.9974293059126,-9.2,45
2023-04-24,-8.9974293059126,-10.0,29
2023-04-24,-8.28402366863906,-10.0,12
2023-04-24,-6.42722117202268,-9.5,12
2023-04-24,-7.36842105263158,-10.0,7
2023-04-24,-7.94392523364486,-9.2,10
2023-04-24,-4.27350427350427,-5.0,11
2023-04-24,-8.86792452830185,-10.0,157
2023-04-24,-7.55939524838013,-10.0,66
2023-04-24,-4.82625482625483,-10.0,9
2023-04-24,-10.670731707317,-10.0,12
2023-04-24,-5.65723793677205,-2.0,26
2023-04-24,-8.60465116279073,-10.0,11
2023-04-24,-3.05164319248826,-5.0,15
2023-04-24,-5.40540540540541,-10.0,12
2023-04-24,-8.6053412462908,-10.0,7
2023-04-24,-7.36842105263158,-9.2,14
2023-04-24,-12.0,-10.0,18
2023-04-24,-11.2627986348123,-10.0,8
2023-04-17,-7.75193798449616,-10.0,15
2023-04-17,-5.55555555555555,-10.0,7
2023-04-17,-8.16993464052288,-10.0,14
2023-04-17,-7.06521739130435,-10.0,8
2023-04-17,-6.98529411764711,-10.0,12
2023-04-17,-8.57787810383751,-10.0,6
2023-04-17,-8.22510822510822,-10.0,6
2023-04-17,-2.34741784037558,-5.0,6
2023-04-17,-6.68449197860963,-10.0,10
2023-04-17,-7.75193798449616,-10.0,8
2023-04-17,-2.72502064409579,-10.0,6
2023-04-17,-5.73397656788422,-9.2,6
2023-04-17,-5.5793991416309,-9.0,12
2023-04-17,-5.36044362292052,-9.0,18
2023-04-17,-6.34023854362838,-4.0,8
2023-04-17,-8.99122807017543,-10.0,9
2023-04-17,-5.24017467248908,-5.0,11
2023-04-17,-6.47342995169082,-10.0,15
2023-04-17,-7.02402957486137,-10.0,94
2023-04-17,-7.31707317073175,-10.0,41
2023-04-17,-8.68544600938969,-10.0,9
2023-04-17,-4.93827160493827,-6.5,8
2023-04-10,-9.78723404255323,-10.0,22
2023-04-10,-5.78778135048232,-10.0,6
2023-04-10,-7.06214689265537,-10.0,7
2023-04-10,-8.3482944344704,-10.0,8
2023-04-10,-8.35204310731931,-10.0,59
2023-04-10,-5.12048192771084,-10.0,6
2023-04-10,-6.35593220338983,-10.0,12
2023-04-10,-8.4821428571429,-10.0,25
2023-04-10,-9.12698412698412,-10.0,12
2023-04-10,-8.81057268722463,-10.0,15
2023-04-10,-8.64197530864197,-10.0,6
2023-04-10,-8.1896551724138,-10.0,6
2023-04-10,-6.35593220338983,-10.0,46
2023-04-10,-6.35593220338983,-10.0,48
2023-04-10,-9.12698412698412,-10.0,11
2023-04-10,-9.01639344262292,-10.0,15
2023-04-10,-11.5606936416185,-10.0,6
2023-04-10,-6.38297872340425,-10.0,9
2023-04-10,-3.44271113501883,-4.0,10
2023-04-10,-9.12698412698412,-10.0,22
2023-04-03,-10.5371900826446,-10.0,9
2023-04-03,-10.9693877551021,-10.0,10
2023-04-03,-11.2016293279022,-10.0,6
2023-04-03,-11.2016293279022,-10.0,8
2023-04-03,-6.3470627954085,-10.0,47
2023-04-03,-10.064935064935,-10.0,21
2023-04-03,-11.2016293279022,-10.0,8
2023-04-03,-4.31211498973306,-2.0,6
2023-04-03,-4.78170478170478,-4.0,52
2023-04-03,-8.97832817337464,-10.0,6
2023-04-03,-5.70522979397781,-10.0,19
2023-04-03,-10.0746268656717,-9.0,15
2023-04-03,-12.568306010929,-9.0,18
2023-04-03,-10.5691056910569,-10.0,30
2023-04-03,-10.625,-10.0,17
2023-04-03,-10.9533468559837,-10.0,6
2023-04-03,-6.21490078622238,-5.0,71
2023-04-03,-7.85714285714286,-7.0,11
2023-04-03,-9.20577617328522,-10.0,9
2023-04-03,-5.47345374931582,-10.0,9
2023-04-03,-6.19136960600375,-10.0,13
2023-04-03,-12.448132780083,-10.0,6
2023-04-03,-4.33553251649387,-4.0,6
2023-04-03,-11.2016293279022,-10.0,6
2023-04-03,-10.7142857142857,-10.0,21
2023-04-03,-6.21490078622238,-2.0,72
2023-04-03,-11.5151515151515,-10.0,21
2023-04-03,-7.58807588075881,-10.0,7
2023-04-03,-4.52342487883684,-4.0,28
2023-04-03,-9.20577617328522,-10.0,8
2023-04-03,-8.6505190311419,-10.0,12
2023-04-03,-13.4615384615385,-10.0,6
2023-04-03,-3.17848410757946,-4.4,9
2023-04-03,-10.7142857142857,-10.0,15
2023-04-03,-5.79064587973274,-10.0,8
2023-04-03,-6.22422197225347,-10.0,511
2023-04-03,-4.33553251649387,-6.5,6
2023-04-03,-6.03448275862069,-10.0,11
2023-04-03,-13.3064516129033,-9.2,7
2023-04-03,-7.97101449275362,-10.0,10
2023-04-03,-8.63095238095238,-10.0,35
2023-04-03,-6.22188905547226,-10.0,644
2023-04-03,-12.448132780083,-10.0,11
2023-04-03,-10.5809128630705,-10.0,6
2023-04-03,-5.46810273405136,-10.0,15
2023-04-03,-11.2016293279022,-10.0,9
2023-04-03,-6.3470627954085,-10.0,41
2023-04-03,-10.5809128630705,-10.0,7
2023-04-03,-8.89570552147243,-10.0,7
2023-04-03,-13.215859030837,-10.0,9
2023-04-03,-10.9589041095891,-10.0,7
2023-04-03,-4.61689587426327,-6.5,38
2023-04-03,-12.6315789473684,-10.0,16
2023-04-03,-6.21490078622238,-9.0,288
2023-04-03,-6.23376623376624,-9.0,17
2023-03-27,-6.640625,-10.0,56
2023-03-27,-7.45098039215687,-10.0,10
2023-03-27,-2.78207109737249,-2.0,47
2023-03-27,-5.92991913746631,-5.0,8
2023-03-27,-6.42857142857142,-2.0,9
2023-03-27,-3.30396475770925,-5.0,6
2023-03-27,-7.39130434782607,-10.0,7
2023-03-27,-2.25,-2.0,33
2023-03-27,-3.03867403314917,-10.0,6
2023-03-27,-4.77876106194691,-4.0,18
2023-03-27,-8.43822843822844,-10.0,6
2023-03-27,-4.83146067415731,-7.0,12
2023-03-27,-4.43740095087163,-2.0,18
2023-03-27,-7.76255707762557,-5.0,6
2023-03-27,-5.79216354344123,-9.5,10
2023-03-27,-7.80141843971631,-9.0,6
2023-03-27,-6.67976424361493,-10.0,41
2023-03-27,-5.36912751677852,-2.0,8
2023-03-27,-7.66823161189358,-10.0,10
2023-03-27,-4.79573712255773,-5.0,45
2023-03-27,-9.49913644214159,-10.0,7
2023-03-27,-6.48148148148148,-5.0,12
2023-03-27,-4.78723404255319,-4.0,23
2023-03-27,-4.02476780185759,-2.0,7
2023-03-27,-7.6923076923077,-2.0,8
2023-03-27,-6.63129973474801,-5.0,7
2023-03-27,-7.71653543307087,-2.0,9
2023-03-27,-5.05319148936171,-5.0,10
2023-03-27,-6.26118067978533,-4.0,10
2023-03-27,-6.63129973474801,-5.0,10
2023-03-20,-4.7872340425532,-9.0,7
2023-03-20,-6.88259109311741,-9.0,6
2023-03-13,-6.05714285714286,-7.5,13
2023-03-13,-7.93650793650793,-10.0,12
2023-03-13,-4.19463087248323,-4.0,9
2023-03-13,-2.72417707150964,-5.0,6
2023-03-13,-9.90415335463258,-10.0,6
2023-03-06,-8.81226053639847,-9.0,12
2023-03-06,-8.18181818181818,-9.5,17
2023-03-06,-9.19540229885057,-10.0,7
2023-03-06,-5.82278481012658,-6.5,10
2023-03-06,-8.18181818181818,-10.0,6
2023-03-06,-9.94035785288273,-9.0,10
2023-03-06,-10.9756097560976,-10.0,6
2023-03-06,-6.9423929098966,-9.0,7
2023-03-06,-5.55555555555555,-10.0,11
2023-03-06,-7.2463768115942,-10.0,13
2023-03-06,-9.60187353629972,-10.0,8
2023-03-06,-8.14814814814815,-5.0,6
2023-03-06,-9.60187353629972,-10.0,8
2023-03-06,-1.91570881226054,-7.5,6
2023-02-27,-3.17460317460317,-4.0,6
2023-02-27,-2.01729106628242,-4.0,7
2023-02-27,-0.46838407494145,-10.0,6
2023-02-27,-2.14231063504208,-4.0,8
2023-02-27,-0.29542097488922,-2.0,29
2023-02-27,-1.85567010309279,-2.0,17
2023-02-27,-2.32558139534884,-5.0,8
2023-02-27,-6.81818181818182,-5.0,6
2023-02-27,-2.32558139534884,-5.0,6
2023-02-27,-5.72916666666666,-10.0,6
2023-02-27,-1.88679245283019,-10.0,6
2023-02-27,-1.94174757281554,-2.0,6
2023-02-27,-0.46838407494145,-2.0,6
2023-02-20,-7.41301059001512,-10.0,25
2023-02-20,-7.90190735694823,-10.0,6
2023-02-20,-6.66666666666667,-10.0,9
2023-02-20,-5.76131687242799,-10.0,7
2023-02-20,-6.48148148148148,-10.0,18
2023-02-20,-10.0,-10.0,6
2023-02-20,-4.03458213256484,-9.0,15
2023-02-20,-6.76923076923077,-9.0,8
2023-02-20,-12.1546961325967,-10.0,6
2023-02-20,-8.89423076923072,-10.0,19
2023-02-20,-11.8918918918919,-10.0,6
2023-02-20,-3.29670329670329,-9.0,8
2023-02-20,-10.6060606060606,-10.0,8
2023-02-20,-1.83392766174223,-5.0,9
2023-02-20,-4.09556313993174,-10.0,8
2023-02-20,-10.25,-10.0,7
2023-02-20,-6.42530984996739,-9.5,7
2023-02-20,-8.3415112855741,-10.0,10
2023-02-20,-2.38095238095238,-10.0,116
2023-02-20,-7.97101449275362,-10.0,18
2023-02-20,-2.76315789473684,-5.0,6
2023-02-20,-11.1111111111111,-10.0,12
2023-02-20,-10.4513064133017,-10.0,6
2023-02-20,-6.6869300911854,-9.0,8
2023-02-20,-7.57800891530461,-5.0,10
2023-02-20,-4.44444444444444,-10.0,6
2023-02-20,-6.77361853832442,-10.0,15
2023-02-20,-5.2738336713996,-10.0,11
2023-02-20,-5.52995391705069,-5.0,6
2023-02-20,-6.70731707317074,-9.0,32
2023-02-20,-10.3174603174603,-10.0,39
2023-02-20,-7.51295336787561,-10.0,47
2023-02-20,-10.0,-10.0,15
2023-02-20,-10.6060606060606,-10.0,6
2023-02-20,-15.7894736842105,-10.0,6
2023-02-13,-1.32575757575757,-6.5,13
2023-02-13,-3.09278350515464,-10.0,21
2023-02-13,-0.98684210526315,-5.0,6
2023-02-13,-3.09278350515464,-10.0,11
2023-02-13,-11.0714285714286,-10.0,7
2023-02-13,-3.09278350515464,-10.0,18
2023-02-13,-4.58452722063038,-10.0,12
2023-02-13,-4.58452722063038,-10.0,16
2023-02-13,-4.24028268551237,-9.0,12
2023-02-13,-2.94784580498867,-4.0,11
2023-02-13,-4.64684014869889,-4.0,6
2023-02-13,-0.625,-5.0,12
2023-02-13,-10.752688172043,-10.0,8
2023-02-13,-13.1195335276968,-10.0,7
2023-02-13,-0.72859744990893,-2.0,7
2023-02-13,-2.8530670470756,-5.0,15
2023-02-13,-0.94161958568739,-4.0,10
2023-02-13,-8.73015873015873,-9.0,25
2023-02-13,-3.09278350515464,-10.0,9
2023-02-13,-9.8901098901099,-10.0,12
2023-02-13,-2.51572327044025,-10.0,6
2023-02-13,-2.8530670470756,-5.0,12
2023-02-13,-3.09278350515464,-9.0,14
2023-02-13,-3.09278350515464,-10.0,9
2023-02-13,-3.09278350515464,-10.0,8
2023-02-13,-8.73015873015873,-10.0,13
2023-02-13,-6.25,-8.0,21
2023-02-13,-6.42201834862385,-10.0,8
2023-02-13,-6.14886731391586,-4.0,8
2023-02-06,-4.94186046511628,-10.0,6
2023-02-06,-3.04182509505703,-10.0,6
2023-02-06,-7.48663101604278,-10.0,32
2023-02-06,-8.8,-10.0,6
2023-02-06,-4.83870967741935,-10.0,6
2023-02-06,-7.83132530120482,-10.0,6
2023-02-06,-11.4754098360656,-10.0,6
2023-02-06,0.72202166064982,-4.4,8
2023-02-06,-7.61061946902651,-10.0,28
2023-02-06,-8.27067669172932,-9.0,13
2023-02-06,-6.17828773168579,-9.5,8
2023-02-06,-7.9646017699115,-10.0,26
2023-02-06,-6.1611374407583,-8.0,14
2023-02-06,-10.6719367588933,-10.0,8
2023-02-06,-8.300395256917,-6.5,10
2023-02-06,-5.73248407643312,-10.0,7
2023-02-06,-6.03174603174603,-10.0,14
2023-02-06,-4.86111111111111,-10.0,12
2023-02-06,-8.8,-10.0,9
2023-02-06,-5.73248407643312,-10.0,7
2023-02-06,-7.80346820809249,-10.0,28
2023-02-06,-3.40136054421769,-4.0,15
2023-02-06,-7.83132530120482,-10.0,6
2023-01-30,0.4756242568371,-4.4,13
2023-01-30,-7.72442588726513,-4.0,10
2023-01-30,-5.36585365853659,-10.0,7
2023-01-30,-10.8753315649867,-10.0,24
2023-01-30,-1.52329749103943,-2.0,6
2023-01-30,-4.07523510971787,-2.0,9
2023-01-30,-3.98481973434536,-10.0,6
2023-01-30,-10.4325699745547,-2.0,18
2023-01-30,-5.28846153846154,-10.0,6
2023-01-30,-2.91545189504373,-4.0,6
2023-01-30,-4.07523510971787,-2.0,12
2023-01-30,-5.4229934924078,-10.0,8
2023-01-30,-4.0625,-5.0,8
2023-01-30,-4.0625,-2.0,22
2023-01-30,-1.51171579743008,-2.0,8
2023-01-30,-10.4325699745547,-10.0,38
2023-01-30,-8.8235294117647,-10.0,6
2023-01-30,-4.0625,-2.0,7
2023-01-30,-5.1219512195122,-2.0,16
2023-01-30,-4.07523510971787,-2.0,7
2023-01-30,-7.5,-7.2,6
2023-01-30,-8.86524822695036,-10.0,11
2023-01-30,-5.43478260869566,-10.0,14
2023-01-30,-5.36585365853659,-10.0,8
2023-01-30,-7.24946695095948,-10.0,20
2023-01-30,-8.8235294117647,-10.0,6
2023-01-23,0.23866348448687,-2.0,6
2023-01-23,-1.85873605947956,-5.0,12
2023-01-23,-1.85873605947956,-6.5,6
2023-01-23,-0.869565217391308,-4.0,17
2023-01-23,-1.75438596491229,-10.0,16
2023-01-23,-1.92307692307692,-10.0,6
2023-01-23,-0.87719298245614,-4.0,12
2023-01-23,-7.3732718894009,-10.0,8
2023-01-23,-1.73745173745174,-2.0,9
2023-01-23,-1.69491525423728,-4.0,15
2023-01-23,-5.2158273381295,-10.0,6
2023-01-23,-2.48565965583174,-6.5,10
2023-01-23,-1.40845070422535,-6.5,11
2023-01-23,-2.61958997722095,-10.0,8
2023-01-23,0.0,-2.0,11
2023-01-23,-4.81927710843373,-10.0,8
2023-01-23,-1.73745173745174,-5.0,13
2023-01-23,-3.1055900621118,-4.0,25
2023-01-23,-5.38720538720539,-10.0,7
2023-01-23,-0.63291139240506,-4.0,45
2023-01-23,-3.862660944206,-4.0,10
2023-01-23,-2.87907869481766,-5.0,7
2023-01-23,0.7843137254902,-4.0,7
2023-01-23,-1.33111480865225,-10.0,13
2023-01-23,-3.54330708661418,-7.2,28
2023-01-23,-0.87719298245614,-4.0,10
2023-01-23,-0.87719298245614,-4.0,44
2023-01-23,-1.73745173745174,-4.0,10
2023-01-23,-0.45248868778281,-6.5,7
2023-01-23,-2.32558139534883,-5.0,10
2023-01-23,-2.53807106598985,-4.0,10
2023-01-23,-1.73745173745174,-5.0,7
2023-01-23,-7.2463768115942,-9.0,7
2023-01-23,-0.9009009009009,-5.0,11
2023-01-23,-1.75438596491229,-5.0,12
2023-01-23,-1.92307692307692,-10.0,6
2023-01-23,-3.57142857142858,-5.0,13
2023-01-23,-0.87719298245614,-5.0,9
2023-01-16,-6.87203791469194,-9.0,15
2023-01-16,-3.47432024169184,-10.0,30
2023-01-16,-2.5462962962963,-6.5,33
2023-01-16,-6.1046511627907,-9.0,10
2023-01-16,-6.51558073654391,-9.0,11
2023-01-16,-6.6147859922179,-9.0,25
2023-01-16,-7.44920993227991,-2.0,10
2023-01-16,-6.98795180722887,-10.0,9
2023-01-16,-3.24675324675325,-6.5,16
2023-01-16,-7.97413793103448,-10.0,11
2023-01-16,-5.96026490066225,-9.0,12
2023-01-16,-3.24675324675325,-10.0,20
2023-01-16,-1.8018018018018,-5.0,37
2023-01-16,-6.98795180722887,-9.0,86
2023-01-16,-3.23624595469255,-6.5,7
2023-01-16,-6.84410646387833,-10.0,9
2023-01-16,-6.43086816720257,-10.0,6
2023-01-16,-8.45070422535212,-6.5,9
2023-01-16,-2.08816705336427,-5.0,7
2023-01-16,-2.53456221198156,-10.0,11
2023-01-16,-6.76328502415459,-10.0,13
2023-01-16,-6.72645739910314,-10.0,7
2023-01-16,-4.07407407407408,-5.0,12
2023-01-16,-9.70873786407765,-10.0,6
2023-01-16,-6.85579196217494,-9.0,8
2023-01-16,-6.82492581602374,-10.0,15
2023-01-16,-6.85579196217494,-9.0,7
2023-01-16,-8.5972850678733,-10.0,6
2023-01-16,-5.835734870317,-10.0,6
2023-01-16,-6.98795180722887,-10.0,7
2023-01-16,-6.84931506849315,-9.0,12
2023-01-16,-3.23624595469255,-2.0,23
2023-01-16,-3.48837209302326,-2.0,8
2023-01-16,-9.70873786407765,-10.0,9
2023-01-16,-3.78151260504202,-9.0,11
2023-01-16,-6.76328502415459,-9.0,7
2023-01-16,-7.84708249496981,-10.0,14
2023-01-16,-6.07734806629834,-9.0,25
2023-01-16,-5.96026490066225,-9.0,25
2023-01-16,-8.02469135802469,-9.0,12
2023-01-16,-8.73362445414848,-9.0,12
2023-01-16,-7.09382151029746,-9.0,77
2023-01-16,-6.85579196217494,-9.0,37
2023-01-16,-6.98795180722887,-9.0,8
2023-01-09,-3.84615384615385,-4.0,6
2023-01-09,-6.1576354679803,-5.0,13
2023-01-09,-4.94699646643109,-5.0,26
2023-01-09,-8.58895705521472,-10.0,6
2023-01-09,-1.84453227931489,-4.4,17
2023-01-09,-4.79338842975206,-6.5,11
2023-01-09,-12.6315789473684,-7.0,6
2023-01-09,-5.3897978825794,-10.0,7
2023-01-09,-10.3053435114504,-10.0,8
2023-01-09,-3.11750599520384,-4.0,7
2023-01-09,-2.11161387631976,-7.2,15
2023-01-09,-4.33212996389892,-10.0,18
2023-01-09,-5.32110091743119,-10.0,9
2023-01-09,-5.39499036608863,-10.0,6
2023-01-09,-5.6980056980057,-10.0,7
2023-01-02,-8.41750841750837,-10.0,54
2023-01-02,0.0,-10.0,10
2023-01-02,-6.33147113594042,-10.0,36
2023-01-02,-5.35168195718655,-9.0,7
2023-01-02,-1.99004975124378,-4.0,9
2023-01-02,-3.11614730878187,-5.0,12
2023-01-02,-9.67117988394581,-10.0,8
2023-01-02,-6.15384615384615,-2.0,8
2023-01-02,-3.38461538461538,-4.0,6
2023-01-02,-4.73815461346633,-10.0,7
2023-01-02,-1.99004975124378,-5.0,6
2023-01-02,-4.74308300395257,-10.0,6
2023-01-02,-5.19713261648746,-5.0,21
2023-01-02,-7.55287009063444,-10.0,14
2023-01-02,-8.60635696821515,-10.0,24
2023-01-02,-4.45682451253482,-5.0,10
2023-01-02,-7.38007380073801,-5.0,12
2023-01-02,-7.38007380073801,-7.0,7
2023-01-02,-9.67117988394581,-2.0,6
2023-01-02,-5.23854069223573,-5.0,10
2023-01-02,-5.58858501783591,-4.0,7
2023-01-02,-4.32780847145488,-4.0,7
2023-01-02,-3.86363636363636,-4.0,13
2023-01-02,-4.97237569060774,-10.0,12
2023-01-02,-6.12244897959184,-2.0,6
2023-01-02,-5.05747126436782,-10.0,11
2023-01-02,-7.34463276836158,-10.0,10
2023-01-02,-8.95522388059701,-7.2,8
2023-01-02,-3.38461538461538,-5.0,15
2023-01-02,-8.43170320404723,-2.0,37
2022-12-26,-6.56565656565656,-10.0,10
2022-12-26,-11.2847222222222,-10.0,16
2022-12-26,-4.5945945945946,-5.0,8
2022-12-26,-5.99078341013825,-9.0,7
2022-12-26,-6.97115384615385,-10.0,38
2022-12-26,-4.3338683788122,-5.0,9
2022-12-26,-4.5945945945946,-5.0,11
2022-12-26,-4.93506493506493,-5.0,16
2022-12-26,-6.5359477124183,-10.0,8
2022-12-26,-6.74157303370787,-5.0,14
2022-12-26,-7.46268656716417,-4.4,8
2022-12-26,-6.56565656565656,-10.0,10
2022-12-19,-2.83687943262412,-2.0,11
2022-12-19,-7.21868365180467,-5.0,19
2022-12-19,-5.78313253012048,-2.0,6
2022-12-19,-8.0078125,-5.0,7
2022-12-19,-0.82781456953642,-4.4,8
2022-12-19,-3.87096774193549,-10.0,7
2022-12-19,-6.10687022900763,-5.0,6
2022-12-19,-5.38302277432712,-2.0,8
2022-12-19,-5.60747663551402,-5.0,7
2022-12-19,-2.12765957446808,-5.0,10
2022-12-19,-5.48523206751055,-2.0,12
2022-12-19,-1.03092783505154,-2.0,8
2022-12-19,0.33898305084745,-2.0,7
2022-12-19,-5.33333333333333,-5.0,17
2022-12-19,-5.4968287526427,-7.0,14
2022-12-19,-7.18816067653277,-5.0,8
2022-12-19,-4.74576271186441,-10.0,18
2022-12-19,-5.3475935828877,-4.0,10
2022-12-19,-5.46218487394958,-2.0,15
2022-12-19,-0.90634441087613,-10.0,6
2022-12-19,-6.41399416909621,-4.0,6
2022-12-19,-3.48547717842323,-5.0,15
2022-12-19,-1.8,-2.0,9
2022-12-19,-3.87096774193549,-10.0,7
2022-12-19,-7.21868365180467,-2.0,7
2022-12-19,-2.76923076923077,-4.0,13
2022-12-19,-7.07317073170732,-5.0,6
2022-12-19,-4.74576271186441,-10.0,18
2022-12-12,-4.11840411840412,-5.0,8
2022-12-12,-1.9404915912031,-9.0,7
2022-12-12,-2.98804780876494,-10.0,6
2022-12-12,-2.9296875,-2.0,12
2022-12-12,-2.01593999062354,-5.0,6
2022-12-12,-5.02793296089385,-10.0,7
2022-12-12,-1.49625935162095,-9.0,10
2022-12-05,-4.76190476190476,-8.0,8
2022-12-05,-6.95970695970696,-2.0,7
2022-12-05,-3.125,-4.0,18
2022-12-05,-8.36820083682009,-10.0,10
2022-12-05,-3.59281437125749,-9.0,15
2022-12-05,-3.53982300884956,-9.0,6
2022-12-05,-7.54189944134077,-10.0,6
2022-12-05,-7.54189944134077,-10.0,6
2022-12-05,-6.75324675324675,-10.0,13
2022-12-05,-3.59281437125749,-9.0,26
2022-11-28,-8.92193308550187,-10.0,8
2022-11-28,-4.37636761487965,-2.0,6
2022-11-28,-2.80701754385965,-5.0,11
2022-11-28,-4.21836228287841,-2.0,6
2022-11-28,-6.38297872340425,-5.0,9
2022-11-21,-6.25,-10.0,11
2022-11-21,-1.92307692307692,-4.0,14
2022-11-21,-9.771986970684,-10.0,7
2022-11-21,-8.76712328767123,-10.0,10
2022-11-21,-10.5882352941176,-10.0,8
2022-11-21,-5.39174389216512,-10.0,10
2022-11-21,-10.5882352941176,-10.0,8
2022-11-21,-9.23076923076925,-10.0,7
2022-11-14,-8.16568047337274,-5.0,6
2022-11-14,0.0944643869261297,-5.0,17
2022-11-14,-8.16568047337274,-5.0,6
2022-11-14,-8.16568047337274,-5.0,6
2022-11-14,-5.51724137931035,-6.5,11
2022-11-07,-2.48447204968944,-6.5,14
2022-11-07,-1.35542168674699,-2.0,10
2022-11-07,-5.50070521861777,-5.0,6
2022-11-07,0.14771048744461,-10.0,14
2022-10-31,-1.25260960334029,-2.0,7
2022-10-31,-2.88248337028825,-2.0,8
2022-10-31,-6.91144708423326,-10.0,8
2022-10-31,-6.91144708423326,-5.0,13
2022-10-31,-0.89285714285714,-6.5,6
2022-10-31,-0.6993006993007,-10.0,8
2022-10-31,-6.91144708423326,-10.0,6
2022-10-31,-1.41509433962264,-5.0,8
2022-10-31,-6.76691729323308,-5.0,10
2022-10-31,-9.09090909090905,-10.0,8
2022-10-24,-7.6797385620915,-10.0,6
2022-10-24,-9.7402597402597,-10.0,9
2022-10-24,-4.24028268551237,-10.0,26
2022-10-24,-5.08130081300813,-10.0,13
2022-10-24,-6.70859538784067,-10.0,6
2022-10-24,-2.96296296296296,-10.0,7
2022-10-24,-5.91397849462366,-10.0,7
2022-10-24,-7.5566750629723,-10.0,9
2022-10-24,-6.72782874617737,-10.0,10
2022-10-24,-10.2941176470588,-4.0,33
2022-10-24,-4.26065162907268,-6.5,10
2022-10-24,-8.13953488372093,-10.0,8
2022-10-24,-14.2857142857143,-10.0,6
2022-10-24,-10.5590062111801,-10.0,28
2022-10-24,-11.8811881188119,-2.0,6
2022-10-24,-5.3125,-10.0,12
2022-10-24,-10.4294478527608,-10.0,6
2022-10-17,-4.39350525310411,-10.0,51
2022-10-17,-2.33812949640288,-5.0,7
2022-10-17,-4.27350427350427,-10.0,8
2022-10-17,-5.29411764705882,-10.0,7
2022-10-17,-5.06072874493927,-10.0,22
2022-10-17,-5.38461538461538,-10.0,7
2022-10-17,-4.39350525310411,-10.0,16
2022-10-17,-6.8870523415978,-4.4,7
2022-10-17,-0.79365079365079,-5.0,13
2022-10-10,-5.07075471698113,-9.5,40
2022-10-10,-5.31400966183575,-6.5,9
2022-10-10,-4.739336492891,-5.0,19
2022-10-10,-4.60829493087557,-5.0,10
2022-10-10,-6.66118421052631,-10.0,9
2022-10-10,-3.60576923076923,-9.0,22
2022-10-10,-3.72148859543817,-6.5,33
2022-10-10,-2.35074626865671,-5.0,12
2022-10-10,-6.77777777777778,-5.0,27
2022-10-10,-5.07075471698113,-5.0,18
2022-10-10,-3.67534456355283,-5.0,6
2022-10-10,-4.70914127423823,-4.0,11
2022-10-10,-3.72148859543817,-6.5,7
2022-10-10,-7.79510022271715,-10.0,7
2022-10-03,-4.15704387990762,-2.0,6
2022-10-03,-4.86486486486487,-9.0,7
2022-10-03,-8.03108808290155,-10.0,16
2022-10-03,-6.72947510094213,-2.0,13
2022-10-03,-4.71698113207547,-10.0,12
2022-10-03,-3.32326283987915,-2.0,6
2022-10-03,-3.49794238683127,-10.0,8
2022-10-03,-3.32326283987915,-10.0,6
2022-10-03,-3.5978835978836,-10.0,29
2022-10-03,-1.92307692307692,-2.0,8
2022-10-03,-3.29847144006436,-2.0,7
2022-10-03,-5.41611624834875,-6.5,10
2022-10-03,-6.21890547263681,-10.0,9
2022-10-03,-1.26582278481013,-4.0,7
2022-10-03,-5.71428571428571,-5.0,6
2022-10-03,-6.21890547263681,-10.0,38
2022-10-03,-5.28905289052891,-2.0,6
2022-10-03,-4.19161676646707,-7.0,16
2022-10-03,-1.05263157894737,-5.0,6
2022-10-03,-5.57491289198606,-2.0,7
2022-10-03,-6.25,-4.0,10
2022-10-03,-3.28571428571429,-5.0,30
2022-10-03,-6.17647058823529,-6.5,35
2022-10-03,-8.60927152317881,-10.0,8
2022-10-03,-6.70611439842209,-5.0,9
2022-10-03,-4.82398956975228,-2.0,11
2022-10-03,-5.22193211488251,-6.5,15
2022-10-03,-5.41611624834875,-6.5,6
2022-10-03,-6.25,-10.0,14
2022-10-03,-7.76892430278884,-10.0,7
2022-10-03,-1.72043010752688,-9.0,31
2022-10-03,-6.09418282548477,-6.5,9
2022-10-03,-2.91777188328913,-2.0,7
2022-10-03,-6.66666666666667,-10.0,73
2022-10-03,-3.19148936170212,-7.0,7
2022-10-03,-4.4,-10.0,6
2022-10-03,-5.57491289198606,-2.0,7
2022-10-03,-6.21890547263681,-10.0,11
2022-10-03,-6.66666666666667,-2.0,11
2022-10-03,-6.43939393939394,-10.0,10
2022-10-03,-3.11111111111111,-6.5,29
2022-10-03,-1.35135135135135,-6.5,7
2022-10-03,-6.43939393939394,-4.0,9
2022-10-03,-2.90697674418605,-6.5,7
2022-10-03,-4.19161676646707,-5.0,23
2022-10-03,-3.22209436133487,-5.0,20
2022-10-03,-3.06748466257669,-4.0,14
2022-10-03,-2.67857142857143,-5.0,57
2022-10-03,-3.2181168057211,-2.0,8
2022-10-03,-6.66666666666667,-10.0,48
2022-10-03,-6.77506775067751,-10.0,7
2022-10-03,-1.81159420289855,-4.0,8
2022-09-26,-7.3019801980198,-6.5,54
2022-09-26,-3.26530612244898,-7.5,7
2022-09-26,-4.31372549019607,-6.5,24
2022-09-26,-5.96446700507614,-10.0,7
2022-09-26,-7.58169934640523,-10.0,6
2022-09-26,-6.59767141009056,-10.0,7
2022-09-26,-5.06706408345753,-2.0,7
2022-09-26,-4.08432147562582,-6.5,10
2022-09-26,-6.55021834061136,-4.0,10
2022-09-26,-7.0,-2.0,8
2022-09-26,-6.0,-7.2,21
2022-09-26,-10.1694915254238,-10.0,19
2022-09-26,-5.74912891986063,-10.0,816
2022-09-26,-6.53409090909091,-10.0,23
2022-09-26,-4.41361916771753,-10.0,12
2022-09-26,-6.66666666666667,-2.0,46
2022-09-26,-6.36042402826855,-10.0,8
2022-09-26,-3.23834196891192,-5.0,45
2022-09-26,-4.85436893203884,-5.0,14
2022-09-26,-7.93388429752066,-10.0,10
2022-09-26,-7.35660847880299,-10.0,8
2022-09-26,-6.6815144766147,-9.0,11
2022-09-26,-5.98911070780399,-2.0,7
2022-09-26,-9.70350404312669,-2.0,6
2022-09-26,-7.86885245901639,-10.0,8
2022-09-26,-11.9113573407202,-10.0,6
2022-09-26,-6.52866242038216,-2.0,81
2022-09-26,-6.25,-9.5,69
2022-09-26,-5.74912891986063,-2.0,393
2022-09-26,-8.30670926517572,-10.0,6
2022-09-26,-1.87793427230047,-10.0,12
2022-09-26,-5.74850299401198,-10.0,8
2022-09-26,-6.6815144766147,-2.0,14
2022-09-26,-5.22765598650927,-10.0,73
2022-09-26,-8.02816901408451,-7.0,17
2022-09-26,-4.69483568075117,-7.0,9
2022-09-26,-7.93388429752066,-2.0,6
2022-09-26,-6.36942675159236,-4.0,61
2022-09-26,-5.96446700507614,-10.0,7
2022-09-26,-6.52866242038216,-10.0,369
2022-09-26,-6.53442240373396,-10.0,17
2022-09-26,-7.53532182103611,-2.0,92
2022-09-26,-4.5016077170418,-5.0,109
2022-09-26,-7.33249051833123,-10.0,7
2022-09-26,-7.93388429752066,-9.5,11
2022-09-26,-8.66510538641686,-10.0,10
2022-09-26,-5.53064275037369,-10.0,27
2022-09-26,-5.45774647887324,-10.0,37
2022-09-26,-6.54596100278551,-10.0,13
2022-09-26,-3.9832285115304,-6.5,38
2022-09-26,-5.6115107913669,-2.0,22
2022-09-26,-7.43801652892562,-10.0,13
2022-09-26,-6.2992125984252,-4.0,6
2022-09-26,-4.0920716112532,-6.5,35
2022-09-26,-6.2049062049062,-4.0,8
2022-09-26,-6.84931506849315,-2.0,19
2022-09-26,-4.40251572327044,-10.0,11
2022-09-26,-7.35660847880299,-8.0,9
2022-09-26,-1.76470588235294,-10.0,6
2022-09-26,-8.1277213352685,-2.0,6
2022-09-26,-5.27859237536657,-5.0,26
2022-09-26,-9.70350404312669,-9.0,7
2022-09-26,-6.66666666666667,-5.0,549
2022-09-26,-5.58139534883721,-10.0,14
2022-09-26,-7.33249051833123,-2.0,9
2022-09-26,-5.24193548387097,-10.0,70
2022-09-26,-4.10557184750733,-6.5,26
2022-09-26,-5.37482319660538,-6.5,8
2022-09-26,-1.48809523809524,-10.0,7
2022-09-26,-6.10119047619047,-6.5,16
2022-09-26,-0.35714285714285,-5.0,11
2022-09-26,-6.53442240373396,-6.5,12
2022-09-26,-4.25531914893617,-9.5,6
2022-09-26,-7.38636363636364,-2.0,15
2022-09-26,-4.53074433656957,-4.4,16
2022-09-26,-4.53074433656957,-10.0,8
2022-09-26,-4.06320541760723,-5.0,14
2022-09-26,-2.9296875,-5.0,25
2022-09-26,-4.70383275261324,-10.0,13
2022-09-26,-7.76892430278884,-2.0,76
2022-09-26,-5.46448087431694,-9.0,18
2022-09-26,-7.93388429752066,-9.5,14
2022-09-26,-2.97805642633229,-5.0,11
2022-09-26,-4.70383275261324,-10.0,6
2022-09-26,-5.11627906976744,-5.0,10
2022-09-26,-7.58169934640523,-9.5,11
2022-09-26,-7.07547169811321,-7.0,28
2022-09-26,-5.46448087431694,-9.0,22
2022-09-26,-11.1111111111111,-10.0,8
2022-09-26,-7.46987951807229,-2.0,7
2022-09-26,-4.25531914893617,-10.0,6
2022-09-26,-7.84313725490196,-2.0,16
2022-09-26,-8.49673202614379,-9.5,6
2022-09-26,-5.21472392638037,-10.0,92
2022-09-26,-7.07964601769911,-10.0,26
2022-09-26,-6.05022831050228,-4.0,7
2022-09-26,-7.41797432239658,-6.5,22
2022-09-26,-6.43835616438357,-10.0,7
2022-09-26,-5.24193548387097,-9.0,63
2022-09-26,-3.59116022099448,-10.0,6
2022-09-26,-1.87793427230047,-10.0,7
2022-09-19,-5.10783200908059,-5.0,12
2022-09-19,-3.66056572379368,-9.5,6
2022-09-19,-9.2063492063492,-9.0,7
2022-09-19,-3.80794701986755,-6.5,8
2022-09-19,-5.84795321637427,-2.0,12
2022-09-19,-8.75912408759129,-6.5,6
2022-09-19,-2.77502477700694,-6.5,10
2022-09-19,-8.92857142857141,-5.0,15
2022-09-19,-5.84795321637427,-4.4,18
2022-09-19,-4.95867768595041,-5.0,13
2022-09-19,-4.79452054794521,-9.5,6
2022-09-12,-6.75675675675675,-10.0,20
2022-09-12,-6.46766169154229,-10.0,17
2022-09-12,-5.80985915492957,-2.0,7
2022-09-12,-9.11330049261084,-10.0,13
2022-09-12,-4.84375,-2.0,14
2022-09-12,-3.125,-9.2,15
2022-09-12,-8.15450643776824,-6.5,6
2022-09-12,-5.95482546201232,-10.0,6
2022-09-05,-8.26923076923077,-4.0,50
2022-09-05,-6.99999999999999,-10.0,10
2022-09-05,-6.71296296296297,-10.0,15
2022-09-05,-9.23076923076926,-10.0,7
2022-09-05,-13.0841121495327,-10.0,8
2022-09-05,-12.0,-10.0,11
2022-09-05,-7.00808625336927,-4.0,6
2022-09-05,-7.52212389380531,-5.0,8
2022-09-05,-5.78947368421053,-10.0,7
2022-09-05,-4.76190476190476,-2.0,7
2022-09-05,-6.1503416856492,-10.0,19
2022-09-05,-9.32642487046628,-10.0,7
2022-09-05,-13.1147540983607,-10.0,15
2022-09-05,-5.60538116591928,-10.0,14
2022-09-05,-8.17307692307693,-10.0,11
2022-09-05,-5.69105691056911,-10.0,8
2022-09-05,-5.81395348837209,-10.0,9
2022-09-05,-13.1147540983607,-10.0,6
2022-09-05,-6.10997963340122,-10.0,27
2022-09-05,-6.54205607476636,-10.0,51
2022-09-05,-7.97101449275362,-10.0,8
2022-09-05,-6.09037328094303,-9.5,17
2022-09-05,-5.14285714285714,-7.0,9
2022-09-05,-7.52212389380531,-10.0,16
2022-09-05,-5.81395348837209,-10.0,37
2022-09-05,-7.48898678414097,-10.0,17
2022-09-05,-7.52212389380531,-5.0,9
2022-08-29,-0.15455950540958,-9.0,6
2022-08-29,-4.65116279069767,-9.0,7
2022-08-29,-1.81200453001133,-10.0,10
2022-08-29,-4.90196078431372,-10.0,6
2022-08-29,-8.04597701149425,-10.0,7
2022-08-29,-9.72762645914392,-9.0,8
2022-08-29,-2.57510729613734,-9.0,48
2022-08-29,-2.35690235690235,-10.0,6
2022-08-29,-3.74331550802139,-7.0,10
2022-08-29,-6.98689956331878,-2.0,6
2022-08-29,-2.57510729613734,-9.0,19
2022-08-29,-2.53164556962026,-9.0,22
2022-08-22,-4.87179487179487,-5.0,11
2022-08-22,-2.58175559380378,-2.0,10
2022-08-22,-2.96846011131725,-2.0,6
2022-08-22,-7.70975056689342,-10.0,9
2022-08-22,-4.12844036697247,-2.0,6
2022-08-15,-7.11538461538461,-7.2,9
2022-08-08,-6.39777468706537,-5.0,22
2022-08-08,-8.03108808290155,-10.0,7
2022-08-08,-6.38766519823789,-10.0,6
2022-08-08,-12.7340823970037,-10.0,23
2022-08-08,-4.09356725146199,-5.0,16
2022-08-08,-6.40394088669951,-9.0,13
2022-08-08,-1.15658362989324,-2.0,6
2022-08-08,-9.6916299559471,-10.0,6
2022-08-01,-9.04392764857878,-10.0,7
2022-08-01,-9.97229916897508,-10.0,6
2022-08-01,-5.61224489795919,-6.5,9
2022-08-01,-9.67117988394587,-5.0,9
2022-08-01,-9.67117988394587,-10.0,11
2022-08-01,-9.04392764857878,-10.0,15
2022-08-01,-0.92409240924093,-5.0,11
2022-08-01,-0.99601593625498,-4.0,11
2022-07-25,-6.73652694610779,-6.5,6
2022-07-25,-6.87679083094556,-5.0,16
2022-07-25,-5.57620817843866,-5.0,13
2022-07-25,-3.77358490566038,-5.0,11
2022-07-25,-6.26003210272873,-5.0,31
2022-07-25,-0.78602620087336,-5.0,7
2022-07-25,-1.2847965738758,-5.0,16
2022-07-25,-4.09556313993174,-6.5,7
2022-07-25,-5.23560209424084,-5.0,10
2022-07-25,-6.55737704918033,-10.0,10
2022-07-18,-1.05457421566043,-9.0,15
2022-07-18,-5.97826086956522,-5.0,9
2022-07-18,-4.27046263345196,-10.0,8
2022-07-18,-8.23529411764706,-10.0,7
2022-07-18,-5.4054054054054,-9.0,6
2022-07-18,-5.9447983014862,-6.5,6
2022-07-11,-7.6036866359447,-5.0,9
2022-07-11,-10.8786610878661,-5.0,6
2022-07-11,-7.91180285343709,-9.0,6
2022-07-11,-6.00545950864422,-10.0,6
2022-07-11,-10.9243697478991,-5.0,8
2022-07-11,-7.29684908789386,-10.0,20
2022-07-11,-13.6585365853659,-10.0,6
2022-07-11,-6.70731707317073,-10.0,15
2022-07-11,-9.72850678733029,-10.0,6
2022-07-11,-2.61969286359531,-5.0,9
2022-07-11,-7.4074074074074,-10.0,10
2022-07-11,-10.7462686567164,-10.0,23
2022-07-04,-7.14285714285714,-5.0,8
2022-07-04,-9.18918918918919,-10.0,8
2022-07-04,-7.80287474332649,-10.0,6
2022-07-04,-5.50660792951542,-10.0,9
2022-07-04,-10.7407407407408,-10.0,14
2022-07-04,-13.135593220339,-10.0,6
2022-07-04,-6.98602794411178,-5.0,23
2022-07-04,-3.53606789250353,-4.0,7
2022-07-04,-5.4585152838428,-5.0,17
2022-07-04,-6.77382319173364,-10.0,41
2022-07-04,-0.97902097902098,-5.0,11
2022-07-04,-7.76942355889724,-10.0,10
2022-07-04,-5.45454545454546,-10.0,155
2022-07-04,-11.3553113553114,-10.0,7
2022-07-04,-5.22388059701493,-6.5,10
2022-07-04,-7.04225352112676,-10.0,8
2022-07-04,-4.7945205479452,-5.0,6
2022-07-04,-8.69565217391304,-10.0,20
2022-07-04,-1.56046814044213,-8.0,6
2022-07-04,-6.4516129032258,-10.0,16
2022-07-04,-2.63157894736842,-5.0,14
2022-07-04,-3.05206463195691,-5.0,7
2022-07-04,-7.77096114519427,-10.0,7
2022-07-04,-8.69565217391304,-10.0,6
2022-07-04,-6.04026845637584,-10.0,6
2022-07-04,-6.88259109311741,-5.0,9
2022-07-04,-5.41586073500967,-6.5,78
2022-07-04,-4.96083550913839,-5.0,12
2022-07-04,-10.4417670682731,-5.0,22
2022-07-04,-5.53505535055351,-10.0,6
2022-07-04,-6.01092896174863,-10.0,43
2022-07-04,-7.24233983286908,-6.5,8
2022-07-04,-4.52127659574468,-10.0,20
2022-07-04,-5.42635658914728,-5.0,71
2022-07-04,-12.5925925925926,-10.0,12
2022-07-04,-7.43099787685775,-5.0,6
2022-07-04,-9.31899641577061,-10.0,7
2022-06-27,-6.09756097560976,-10.0,6
2022-06-27,-7.80141843971631,-10.0,9
2022-06-27,-4.70588235294117,-4.0,34
2022-06-27,-4.50450450450451,-10.0,29
2022-06-27,-6.04026845637584,-10.0,103
2022-06-27,-3.02197802197802,-2.0,9
2022-06-27,-7.06401766004417,-10.0,6
2022-06-27,-4.70588235294117,-4.0,68
2022-06-27,-3.00653594771242,-2.0,7
2022-06-27,-2.86885245901639,-2.0,7
2022-06-27,-4.50450450450451,-10.0,9
2022-06-27,-1.54798761609907,-7.2,10
2022-06-27,-5.55555555555555,-5.0,13
2022-06-27,-5.60131795716639,-10.0,7
2022-06-27,-4.6195652173913,-10.0,9
2022-06-27,-3.03468208092485,-2.0,16
2022-06-27,-4.85021398002853,-7.2,12
2022-06-20,-4.4362292051756,-10.0,36
2022-06-20,-7.28597449908925,-7.0,16
2022-06-20,-3.84615384615384,-8.0,18
2022-06-20,-4.4362292051756,-10.0,30
2022-06-20,-8.98203592814371,-4.0,6
2022-06-20,-8.2670906200318,-4.0,10
2022-06-20,-8.69565217391304,-10.0,6
2022-06-20,-8.30618892508143,-10.0,6
2022-06-20,-3.83022774327122,-8.0,6
2022-06-20,-8.69565217391304,-7.0,9
2022-06-20,-4.58452722063038,-10.0,25
2022-06-13,-6.60792951541851,-10.0,6
2022-06-13,-7.18849840255591,-10.0,151
2022-06-13,-10.2351313969572,-10.0,7
2022-06-13,-8.37004405286344,-10.0,6
2022-06-13,-8.38852097130243,-10.0,24
2022-06-13,-10.828025477707,-10.0,6
2022-06-13,-6.60792951541851,-10.0,6
2022-06-13,-6.33802816901408,-10.0,6
2022-06-13,-3.52697095435685,-5.0,9
2022-06-13,-10.6135986733001,-10.0,8
2022-06-13,-7.75862068965518,-10.0,40
2022-06-13,-8.64553314121038,-10.0,9
2022-06-13,-8.43373493975903,-10.0,20
2022-06-13,-11.7283950617284,-10.0,20
2022-06-13,-15.7894736842105,-2.0,8
2022-06-13,-11.7283950617284,-10.0,13
2022-06-13,-12.4223602484472,-9.0,10
2022-06-13,-10.45197740113,-10.0,17
2022-06-13,-7.49414519906323,-10.0,10
2022-06-13,-2.74809160305343,-4.0,6
2022-06-13,-12.4223602484472,-10.0,10
2022-06-13,-5.46875,-10.0,67
2022-06-13,-11.5151515151515,-10.0,14
2022-06-13,-8.64197530864197,-10.0,29
2022-06-13,-8.38852097130243,-10.0,22
2022-06-13,-9.47176684881603,-10.0,8
2022-06-13,-10.2898550724638,-10.0,14
2022-06-13,-10.022271714922,-10.0,6
2022-06-13,-11.4832535885167,-10.0,7
2022-06-13,-8.43373493975903,-10.0,30
2022-06-13,-7.34265734265734,-10.0,7
2022-06-13,-12.3711340206185,-10.0,6
2022-06-13,-1.03092783505155,-6.5,15
2022-06-13,-1.5748031496063,-10.0,7
2022-06-13,-8.7412587412587,-10.0,16
2022-06-13,-12.3711340206185,-10.0,16
2022-06-13,-7.77537796976242,-10.0,6
2022-06-13,-6.70103092783505,-5.0,13
2022-06-13,-8.80281690140845,-10.0,113
2022-06-13,-7.77537796976242,-10.0,7
2022-06-13,-11.9170984455959,-10.0,15
2022-06-13,-7.59493670886076,-10.0,6
2022-06-13,-10.122699386503,-10.0,22
2022-06-13,-2.66990291262136,-10.0,6
2022-06-13,-5.67375886524823,-10.0,22
2022-06-13,-12.5,-10.0,9
2022-06-13,-7.4074074074074,-10.0,7
2022-06-13,-5.46875,-10.0,66
2022-06-13,-8.1578947368421,-9.0,16
2022-06-06,-1.21359223300971,-5.0,7
2022-06-06,-6.19195046439629,-10.0,9
2022-06-06,-11.7647058823529,-10.0,6
2022-06-06,-12.3348017621145,-10.0,13
2022-06-06,-5.71428571428571,-10.0,8
2022-06-06,-11.9565217391304,-10.0,8
2022-06-06,-5.30503978779841,-10.0,8
2022-06-06,-4.08163265306123,-5.0,18
2022-06-06,-6.51769087523278,-9.0,10
2022-06-06,-8.63509749303622,-10.0,18
2022-06-06,-9.32475884244369,-10.0,6
2022-06-06,-14.5522388059702,-10.0,6
2022-05-30,-5.83126550868486,-10.0,9
2022-05-30,-8.20367751060821,-9.0,14
2022-05-30,-5.0513698630137,-10.0,19
2022-05-30,-8.40108401084011,-9.0,6
2022-05-30,-3.27653997378768,-10.0,6
2022-05-30,-6.56565656565657,-10.0,6
2022-05-30,-0.8610086100861,-9.0,21
2022-05-30,-3.14136125654451,-2.0,7
2022-05-23,-7.59368836291913,-10.0,9
2022-05-23,-6.9672131147541,-10.0,27
2022-05-23,-3.26752893124575,-7.0,14
2022-05-23,-13.2450331125828,-10.0,22
2022-05-23,-13.2978723404256,-10.0,10
2022-05-23,-13.3630289532294,-10.0,6
2022-05-23,-12.0689655172414,-10.0,6
2022-05-23,-10.4662226450999,-10.0,9
2022-05-23,-9.1743119266055,-10.0,9
2022-05-23,-9.30232558139535,-10.0,9
2022-05-23,-6.47482014388489,-10.0,13
2022-05-23,-12.9213483146067,-10.0,14
2022-05-23,-6.22009569377991,-10.0,8
2022-05-23,-8.25688073394496,-10.0,23
2022-05-23,-11.2676056338028,-10.0,6
2022-05-23,-12.2905027932961,-10.0,10
2022-05-23,-9.24369747899162,-10.0,9
2022-05-23,-10.2102102102102,-10.0,26
2022-05-23,-10.2102102102102,-10.0,18
2022-05-23,-2.17906205589768,-10.0,14
2022-05-23,-14.7982062780269,-10.0,7
2022-05-16,-7.93991416309013,-2.0,6
2022-05-16,-14.4486692015209,-10.0,6
2022-05-16,-10.673076923077,-10.0,34
2022-05-16,-9.1383812010444,-10.0,10
2022-05-16,-16.4285714285714,-10.0,11
2022-05-16,-6.3758389261745,-5.0,33
2022-05-16,-11.4713216957606,-10.0,9
2022-05-16,-8.73180873180873,-10.0,8
2022-05-16,-12.012012012012,-10.0,23
2022-05-16,-9.57746478873241,-10.0,8
2022-05-16,-13.3116883116883,-10.0,6
2022-05-16,-10.673076923077,-5.8,19
2022-05-16,-9.77777777777777,-9.5,20
2022-05-16,-16.3498098859316,-10.0,7
2022-05-16,-7.77649769585253,-9.0,28
2022-05-16,-10.673076923077,-5.8,16
2022-05-16,-4.72813238770686,-5.0,7
2022-05-16,-9.09090909090909,-5.0,9
2022-05-16,-8.89830508474576,-10.0,15
2022-05-16,-8.89830508474576,-10.0,13
2022-05-16,-10.673076923077,-10.0,15
2022-05-16,-10.2870813397129,-5.0,11
2022-05-16,-10.673076923077,-2.0,16
2022-05-16,-5.69800569800569,-5.0,6
2022-05-16,-8.7470449172577,-10.0,44
2022-05-16,-12.8205128205129,-10.0,6
2022-05-16,-3.37078651685393,-5.0,10
2022-05-16,-10.8527131782946,-10.0,10
2022-05-16,-6.29139072847682,-5.0,6
2022-05-16,-11.764705882353,-5.0,9
2022-05-16,-9.01287553648069,-10.0,16
2022-05-16,-9.44272445820436,-4.4,22
2022-05-16,-6.38641875505254,-10.0,6
2022-05-16,-7.42857142857143,-9.0,19
2022-05-16,-10.673076923077,-10.0,83
2022-05-16,-8.83054892601432,-10.0,7
2022-05-16,-10.8527131782946,-10.0,7
2022-05-16,-8.53080568720379,-5.0,9
2022-05-09,-6.68789808917197,-5.0,20
2022-05-09,-8.62068965517241,-9.2,6
2022-05-09,-9.52380952380952,-9.0,6
2022-05-09,-3.27552986512524,-7.2,20
2022-05-09,-9.88372093023256,-2.0,7
2022-05-09,-9.88372093023256,-2.0,8
2022-05-09,-5.30503978779841,-6.5,22
2022-05-09,-8.62068965517241,-10.0,8
2022-05-09,-6.38297872340426,-5.0,6
2022-05-09,-6.67726550079491,-5.0,13
2022-05-09,-6.65610142630745,-5.0,38
2022-05-09,-4.81927710843373,-5.0,7
2022-05-09,-11.764705882353,-9.0,30
2022-05-09,-5.15222482435597,-10.0,9
2022-05-02,-4.71698113207547,-10.0,8
2022-05-02,-10.3260869565217,-10.0,18
2022-05-02,-12.3376623376623,-10.0,7
2022-05-02,-5.04731861198738,-10.0,14
2022-05-02,-8.74524714828892,-10.0,9
2022-05-02,-4.71698113207547,-5.0,6
2022-05-02,-6.66666666666667,-4.0,55
2022-05-02,-6.66666666666667,-5.0,93
2022-05-02,-6.66666666666667,-5.0,46
2022-05-02,-10.4477611940299,-10.0,9
2022-05-02,-5.04731861198738,-10.0,7
2022-05-02,-5.12249443207127,-7.0,16
2022-05-02,-10.3260869565217,-10.0,20
2022-05-02,-12.3376623376623,-10.0,6
2022-05-02,-5.04731861198738,-10.0,11
2022-05-02,-9.66183574879229,-10.0,8
2022-05-02,-6.71140939597316,-9.0,24
2022-04-25,-6.72853828306265,-9.0,6
2022-04-25,-7.23684210526316,-7.2,7
2022-04-25,-7.05882352941177,-10.0,25
2022-04-25,-7.05882352941177,-10.0,25
2022-04-25,-3.27868852459016,-8.0,8
2022-04-25,-5.06329113924051,-10.0,8
2022-04-25,-0.85714285714285,-5.0,7
2022-04-25,-5.078125,-10.0,6
2022-04-25,-3.39943342776204,-5.0,7
2022-04-25,-8.55263157894737,-6.5,7
2022-04-25,-6.0702875399361,-10.0,10
2022-04-25,-5.9748427672956,-10.0,19
2022-04-25,-4.10810810810811,-5.0,9
2022-04-25,-6.90448791714614,-10.0,40
2022-04-25,-3.27868852459016,-8.0,16
2022-04-25,-4.91803278688525,-10.0,6
2022-04-18,-5.26315789473684,-5.0,6
2022-04-18,-8.15533980582525,-10.0,9
2022-04-18,-5.26315789473684,-5.0,9
2022-04-18,-11.1801242236025,-10.0,6
2022-04-18,-8.15533980582525,-5.0,16
2022-04-18,-11.1801242236025,-10.0,7
2022-04-18,-4.87288135593221,-10.0,6
2022-04-18,-4.6218487394958,-10.0,11
2022-04-18,-8.61244019138756,-10.0,11
2022-04-18,-6.10932475884244,-10.0,19
2022-04-18,-10.6870229007633,-10.0,9
2022-04-18,-8.15533980582525,-5.0,7
2022-04-18,-5.49450549450549,-10.0,7
2022-04-18,-5.26315789473684,-10.0,9
2022-04-18,-7.79816513761468,-2.0,11
2022-04-18,-9.771986970684,-10.0,32
2022-04-18,-10.6870229007633,-10.0,8
2022-04-11,-8.34914611005692,-9.0,10
2022-04-11,-8.11258278145695,-2.0,10
2022-04-11,-4.92505353319058,-10.0,9
2022-04-11,-8.34782608695653,-2.0,9
2022-04-11,-5.56818181818182,-5.0,21
2022-04-11,-8.34782608695653,-10.0,6
2022-04-11,-8.11258278145695,-9.0,6
2022-04-11,-2.77777777777777,-10.0,18
2022-04-11,-8.34914611005692,-2.0,13
2022-04-11,-8.34914611005692,-10.0,8
2022-04-11,-4.45246690734055,-5.0,12
2022-04-11,-7.74907749077491,-5.0,13
2022-04-11,-1.6750418760469,-5.0,9
2022-04-11,-8.11258278145695,-10.0,6
2022-04-11,-8.42696629213484,-2.0,6
2022-04-04,-10.5527638190955,-5.0,14
2022-04-04,-9.41176470588235,-5.0,14
2022-04-04,-8.17204301075269,-5.0,7
2022-04-04,-9.26640926640926,-5.0,16
2022-04-04,-7.79727095516571,-9.0,14
2022-04-04,-7.31707317073167,-5.0,119
2022-04-04,-9.41176470588236,-5.0,11
2022-04-04,-5.42056074766355,-5.0,15
2022-04-04,-9.89847715736041,-5.0,42
2022-04-04,-6.46706586826347,-5.0,10
2022-04-04,-8.38323353293413,-5.0,17
2022-04-04,-7.06371191135736,-10.0,14
2022-04-04,-11.1111111111111,-10.0,6
2022-04-04,-3.43642611683849,-9.0,6
2022-04-04,-3.40314136125654,-5.0,15
2022-04-04,-7.85854616895874,-5.0,12
2022-04-04,-2.64150943396227,-9.0,16
2022-04-04,-3.40314136125654,-5.0,9
2022-04-04,-4.60704607046071,-5.0,11
2022-04-04,-5.11811023622047,-9.2,12
2022-04-04,-12.0879120879121,-5.0,6
2022-04-04,-5.23465703971119,-5.0,10
2022-04-04,-6.56660412757974,-5.0,65
2022-04-04,-8.13704496788006,-6.5,14
2022-04-04,-8.50111856823265,-5.0,9
2022-04-04,-3.40314136125654,-5.0,18
2022-04-04,-3.30188679245283,-5.0,10
2022-04-04,-7.92507204610949,-10.0,8
2022-04-04,-5.67010309278351,-5.0,52
2022-04-04,0.15197568389058,-2.0,10
2022-04-04,-5.18134715025907,-9.0,6
2022-04-04,-9.41176470588235,-10.0,16
2022-04-04,-10.0,-10.0,10
2022-04-04,-6.15034168564921,-5.0,25
2022-04-04,-1.85893931109896,-5.0,18
2022-04-04,-9.86547085201799,-5.0,7
2022-04-04,-6.0077519379845,-10.0,9
2022-04-04,-7.0723684210526,-5.0,6
2022-04-04,-6.78294573643415,-9.2,92
2022-04-04,-9.84081041968164,-9.0,8
2022-04-04,-2.43161094224925,-9.0,13
2022-04-04,-4.45632798573975,-5.0,8
2022-04-04,-5.79710144927536,-9.0,63
2022-04-04,-2.65848670756646,-9.0,31
2022-04-04,-10.2493074792244,-4.4,7
2022-04-04,-7.54966887417216,-5.0,19
2022-04-04,-5.75620767494357,-5.0,6
2022-04-04,-9.04761904761907,-5.0,7
2022-04-04,-5.11811023622047,-9.2,6
2022-04-04,-2.67489711934157,-9.2,59
2022-03-28,0.36390101892285,-7.0,20
2022-03-28,-2.82685512367491,-5.0,11
2022-03-28,-9.68992248062019,-10.0,7
2022-03-28,-3.00429184549357,-4.0,8
2022-03-28,-1.32450331125828,-5.0,6
2022-03-28,-9.15032679738558,-10.0,8
2022-03-28,-6.89655172413793,-8.0,6
2022-03-28,-2.08877284595301,-5.0,10
2022-03-28,-1.16279069767442,-5.0,10
2022-03-28,-9.03225806451618,-10.0,7
2022-03-28,-3.39702760084926,-4.4,10
2022-03-28,-3.27868852459017,-5.0,8
2022-03-28,-2.75862068965517,-5.0,8
2022-03-28,-2.08877284595301,-5.0,11
2022-03-21,-13.4920634920635,-10.0,6
2022-03-21,-9.93788819875772,-2.0,6
2022-03-21,-5.43071161048689,-5.0,24
2022-03-21,-10.2310231023103,-8.0,9
2022-03-21,-10.2325581395349,-7.0,7
2022-03-21,-12.0141342756184,-4.4,10
2022-03-21,-3.27868852459017,-7.0,50
2022-03-21,-9.05797101449275,-5.0,9
2022-03-21,-3.2258064516129,-6.5,26
2022-03-21,0.0,-9.5,11
2022-03-21,-8.14249363867684,-6.5,6
2022-03-21,-11.336032388664,-6.5,11
2022-03-21,-2.95652173913043,-4.0,21
2022-03-21,-3.42465753424657,-5.0,12
2022-03-21,-14.1304347826087,-6.5,9
2022-03-21,-11.9718309859155,-6.5,18
2022-03-21,-5.37037037037037,-9.0,11
2022-03-21,-12.8,-10.0,7
2022-03-21,-11.2994350282486,-10.0,6
2022-03-14,-3.38983050847457,-9.0,10
2022-03-14,-9.76430976430976,-10.0,6
2022-03-14,-8.18181818181818,-10.0,9
2022-03-14,-8.69565217391304,-10.0,19
2022-03-14,-10.6172839506173,-10.0,6
2022-03-14,-5.75342465753425,-5.0,6
2022-03-14,-10.2836879432624,-9.0,6
2022-03-14,-9.45273631840798,-10.0,36
2022-03-14,-7.18954248366013,-5.0,7
2022-03-14,-5.75342465753425,-5.0,12
2022-03-14,-9.73154362416104,-10.0,25
2022-03-14,-3.01204819277109,-9.0,8
2022-03-14,-9.29368029739775,-9.0,8
2022-03-14,-9.16030534351145,-10.0,11
2022-03-14,-8.98203592814371,-10.0,7
2022-03-14,-10.6060606060606,-10.0,6
2022-03-14,-7.18954248366013,-10.0,13
2022-03-14,-9.16030534351145,-10.0,8
2022-03-14,-5.92334494773519,-6.5,14
2022-03-14,-4.90998363338789,-10.0,13
2022-03-14,-7.96460176991152,-5.0,18
2022-03-07,-5.98469032707029,-10.0,10
2022-03-07,-6.52173913043478,-9.0,7
2022-03-07,-6.38297872340426,-10.0,15
2022-03-07,-9.31677018633538,-10.0,6
2022-03-07,-5.98469032707029,-10.0,7
2022-03-07,0.22727272727273,-5.0,13
2022-03-07,-0.90322580645161,-10.0,7
2022-02-28,-6.8762278978389,-7.0,10
2022-02-28,-3.2258064516129,-4.0,7
2022-02-28,-7.26744186046512,-2.0,9
2022-02-28,-3.32829046898638,-2.0,15
2022-02-28,-6.30202140309155,-6.5,9
2022-02-28,-0.73891625615764,-4.4,7
2022-02-28,-3.06513409961686,-4.0,13
2022-02-28,-3.32829046898638,-2.0,14
2022-02-28,-5.06329113924051,-10.0,12
2022-02-21,-7.6923076923077,-10.0,8
2022-02-21,-1.92307692307693,-2.0,10
2022-02-21,-4.79041916167665,-2.0,13
2022-02-21,-6.14101592115239,-10.0,32
2022-02-21,-6.92640692640693,-10.0,10
2022-02-21,-6.14101592115239,-10.0,18
2022-02-21,-6.14101592115239,-10.0,8
2022-02-21,-3.14905528341498,-10.0,8
2022-02-21,-3.65853658536586,-10.0,8
2022-02-14,-4.11124546553809,-7.0,6
2022-02-14,-4.15335463258786,-10.0,16
2022-02-14,-6.27962085308057,-10.0,44
2022-02-14,-4.21545667447307,-7.0,9
2022-02-14,-4.21545667447307,-7.0,9
2022-02-14,-4.92341356673961,-2.0,6
2022-02-14,-3.09734513274336,-6.5,8
2022-02-14,-1.97530864197531,-5.0,16
2022-02-14,-3.88098318240621,-4.0,6
2022-02-14,-4.11124546553809,-7.0,6
2022-02-14,-7.77777777777778,-10.0,13
2022-02-14,-3.60824742268042,-5.0,42
2022-02-14,-5.59085133418043,-2.0,40
2022-02-14,-5.94713656387665,-6.5,7
2022-02-14,2.22222222222222,-9.5,8
2022-02-14,-4.76848652384243,-5.0,15
2022-02-14,-9.02335456475583,-9.5,6
2022-02-14,-5.46139359698682,-5.0,8
2022-02-14,-9.33333333333331,-5.0,12
2022-02-07,-7.99180327868852,-5.0,22
2022-02-07,-6.25,-9.0,16
2022-02-07,-6.25,-5.0,8
2022-02-07,-8.2815734989648,-10.0,35
2022-02-07,-6.62431941923775,-4.4,59
2022-02-07,-8.74316939890709,-5.0,9
2022-02-07,-2.41796200345423,-4.4,7
2022-02-07,-8.36177474402731,-10.0,8
2022-02-07,-3.65853658536586,-4.0,11
2022-02-07,-2.46602918973327,-5.0,12
2022-02-07,-7.75401069518716,-5.0,15
2022-02-07,-12.3778501628665,-10.0,7
2022-02-07,-6.85714285714286,-10.0,6
2022-02-07,-5.87044534412956,-5.0,8
2022-02-07,-2.95119182746878,-5.0,14
2022-02-07,-3.91752577319587,-5.0,31
2022-02-07,-4.83490566037736,-10.0,8
2022-02-07,-6.02409638554217,-2.0,10
2022-02-07,-4.83490566037736,-10.0,21
2022-02-07,-1.63934426229508,-4.0,16
2022-01-31,-7.3394495412844,-10.0,12
2022-01-31,-4.85436893203883,-4.0,53
2022-01-31,-4.99108734402852,-4.0,8
2022-01-31,-2.04778156996587,-4.0,21
2022-01-31,-1.97044334975369,-4.0,7
2022-01-31,-4.5,-2.0,36
2022-01-31,-4.83870967741936,-2.0,51
2022-01-31,-2.3023457862728,-2.0,6
2022-01-31,-6.34573304157549,-9.0,6
2022-01-31,-4.87179487179488,-10.0,13
2022-01-31,-4.74308300395257,-5.8,7
2022-01-31,-7.1900826446281,-10.0,16
2022-01-31,-5.1980198019802,-4.4,150
2022-01-31,-4.78579698957931,-6.5,21
2022-01-31,-6.57894736842105,-2.0,34
2022-01-31,-7.3394495412844,-6.5,6
2022-01-31,-5.46318289786224,-2.0,11
2022-01-31,-4.86381322957198,-5.0,7
2022-01-31,-4.66786355475763,-5.0,6
2022-01-31,-3.49650349650349,-10.0,12
2022-01-31,-4.16666666666667,-10.0,34
2022-01-31,-2.3023457862728,-5.0,20
2022-01-31,-4.78579698957931,-5.0,26
2022-01-31,-3.49344978165939,-4.0,8
2022-01-31,-7.1719641401793,-10.0,8
2022-01-31,-0.58252427184466,-5.6,35
2022-01-31,-5.96252129471891,-10.0,7
2022-01-31,-5.88235294117647,-4.0,6
2022-01-31,-8.69565217391304,-9.0,14
2022-01-31,-3.59375,-4.0,9
2022-01-31,-4.78579698957931,-5.0,55
2022-01-31,-3.99334442595674,-4.0,27
2022-01-31,-5.1980198019802,-2.0,58
2022-01-31,-5.46318289786224,-2.0,17
2022-01-31,-4.86815415821501,-8.0,9
2022-01-31,-7.23089564502876,-10.0,8
2022-01-31,-4.83870967741936,-2.0,102
2022-01-31,-3.49650349650349,-10.0,8
2022-01-31,-7.12530712530712,-10.0,8
2022-01-31,-2.38095238095238,-5.0,9
2022-01-31,-5.88235294117647,-4.0,6
2022-01-31,-2.04081632653062,-2.0,7
2022-01-31,-2.22929936305732,-2.0,6
2022-01-31,-3.2719836400818,-10.0,6
2022-01-31,-4.05209840810419,-2.0,17
2022-01-31,-1.84049079754601,-4.0,17
2022-01-31,-9.08113917248789,-9.5,6
2022-01-31,-4.42225392296719,-10.0,7
2022-01-24,-4.08997955010225,-2.0,29
2022-01-24,-6.55737704918033,-5.0,15
2022-01-24,-3.77019748653501,-5.0,20
2022-01-24,-6.6577896138482,-5.0,63
2022-01-24,-4.23076923076923,-2.0,8
2022-01-24,-8.62290862290862,-10.0,6
2022-01-24,-5.74412532637076,-2.0,10
2022-01-24,-6.48567119155355,-5.0,71
2022-01-24,-6.46221248630887,-9.0,1980
2022-01-24,-3.86996904024768,-2.0,69
2022-01-24,-7.8059071729958,-10.0,16
2022-01-24,-7.17079530638852,-4.0,11
2022-01-24,-5.26675786593707,-6.5,6
2022-01-24,-5.6099732858415,-6.5,43
2022-01-24,-6.6410009624639,-7.0,16
2022-01-24,-6.83760683760684,-4.0,7
2022-01-24,-6.44216691068814,-5.0,9
2022-01-24,-6.46221248630887,-10.0,6
2022-01-24,-3.50194552529183,-5.0,31
2022-01-24,-6.44216691068814,-5.0,16
2022-01-24,-7.21769499417928,-6.5,201
2022-01-24,-8.54922279792746,-10.0,46
2022-01-24,-4.95867768595041,-2.0,9
2022-01-24,-5.2863436123348,-6.5,36
2022-01-24,-1.76991150442477,-10.0,7
2022-01-24,-1.09090909090909,-10.0,16
2022-01-24,-6.17760617760618,-10.0,6
2022-01-24,-6.46186440677966,-5.0,448
2022-01-24,-4.81927710843374,-5.0,82
2022-01-24,-9.37931034482761,-5.0,6
2022-01-24,-4.19161676646707,-5.0,13
2022-01-24,-6.28571428571429,-9.0,11
2022-01-24,-6.42701525054466,-9.0,19
2022-01-24,-8.62290862290862,-5.0,55
2022-01-24,-1.84331797235023,-5.0,16
2022-01-24,-2.31362467866324,-2.0,32
2022-01-24,-8.33333333333333,-10.0,6
2022-01-24,-5.67164179104477,-5.0,39
2022-01-24,-6.63562281722933,-5.0,23
2022-01-24,-4.46927374301676,-5.0,64
2022-01-24,-6.48148148148148,-5.0,9
2022-01-24,-3.11688311688312,-2.0,7
2022-01-24,-3.34928229665071,-2.0,12
2022-01-24,-6.42701525054466,-6.5,26
2022-01-24,-1.99600798403193,-2.0,9
2022-01-24,-6.47482014388489,-10.0,17
2022-01-24,-4.58248472505091,-8.0,14
2022-01-24,-5.73248407643312,-6.5,6
2022-01-24,-8.92857142857145,-5.0,45
2022-01-24,-3.55434039644566,-2.0,8
2022-01-24,-3.90625,-2.0,9
2022-01-24,-6.42701525054466,-9.0,115
2022-01-24,-5.10396975425331,-5.0,164
2022-01-24,-3.69668246445497,-4.4,40
2022-01-24,-3.0,-5.0,11
2022-01-24,-4.07079646017699,-2.0,19
2022-01-24,0.5607476635514,-6.5,8
2022-01-24,-6.48567119155355,-10.0,50
2022-01-24,-6.05381165919283,-9.0,8
2022-01-24,-7.53768844221105,-7.0,26
2022-01-24,-2.20264317180617,-5.0,8
2022-01-24,-8.8646967340591,-4.0,149
2022-01-24,-4.82758620689655,-5.0,20
2022-01-24,-5.43601359003397,-2.0,7
2022-01-24,-4.24242424242424,-9.5,28
2022-01-24,-6.55737704918033,-5.0,22
2022-01-24,-2.30149597238205,-5.0,8
2022-01-24,-3.65699873896595,-2.0,8
2022-01-24,-8.92857142857145,-10.0,27
2022-01-24,-3.76344086021506,-10.0,7
2022-01-24,-6.8075117370892,-5.0,18
2022-01-24,-5.67164179104477,-7.5,9
2022-01-24,-3.86473429951691,-4.0,8
2022-01-24,-3.95348837209302,-6.5,24
2022-01-24,-4.97427101200686,-7.2,7
2022-01-24,-6.44216691068814,-5.0,14
2022-01-24,-7.54716981132076,-5.0,22
2022-01-24,-3.45252774352651,-2.0,18
2022-01-24,-5.25059665871122,-5.0,11
2022-01-24,-5.09259259259259,-8.0,11
2022-01-24,-7.8525641025641,-5.0,6
2022-01-24,-3.3857315598549,-2.0,7
2022-01-24,-4.71596998928189,-4.4,24
2022-01-24,-4.63917525773196,-10.0,19
2022-01-24,-6.87732342007435,-7.0,16
2022-01-24,-7.69230769230769,-7.5,40
2022-01-24,-3.3857315598549,-2.0,6
2022-01-24,-7.83699059561129,-5.0,11
2022-01-24,-4.25138632162662,-5.0,13
2022-01-24,-5.89887640449438,-5.8,18
2022-01-24,-7.21769499417928,-5.0,494
2022-01-24,-5.64895763281776,-5.0,166
2022-01-24,-5.68181818181819,-10.0,8
2022-01-24,-5.55555555555555,-5.0,19
2022-01-24,-2.75862068965518,-4.0,11
2022-01-24,-3.1634446397188,-6.5,83
2022-01-24,-6.07734806629834,-6.5,14
2022-01-24,-6.81818181818182,-4.4,14
2022-01-24,-5.79710144927536,-5.0,90
2022-01-24,-5.37634408602151,-5.0,15
2022-01-24,-6.44295302013423,-10.0,6
2022-01-24,-4.32098765432099,-4.0,8
2022-01-24,-3.3857315598549,-2.0,6
2022-01-24,-5.42021924482339,-10.0,7
2022-01-24,-2.8169014084507,-4.0,8
2022-01-24,-6.55737704918033,-5.0,15
2022-01-24,-6.64414414414415,-7.2,78
2022-01-24,-6.2953995157385,-5.0,59
2022-01-24,-4.36619718309859,-5.0,52
2022-01-24,-2.92275574112735,-5.0,6
2022-01-24,-2.80373831775701,-5.0,19
2022-01-24,-3.34928229665071,-2.0,22
2022-01-24,-4.87012987012987,-5.0,61
2022-01-24,-5.67986230636833,-8.0,7
2022-01-24,-6.09929078014184,-4.4,7
2022-01-24,-8.71934604904631,-9.0,12
2022-01-24,-1.79372197309417,-2.0,7
2022-01-24,-3.38248048568951,-2.0,12
2022-01-24,-7.55555555555556,-4.0,6
2022-01-24,-7.10194730813288,-6.5,100
2022-01-24,-1.91693290734824,-4.0,7
2022-01-24,-8.5995085995086,-5.0,13
2022-01-24,-6.55555555555555,-10.0,155
2022-01-24,-6.17760617760618,-10.0,9
2022-01-24,-4.92957746478873,-2.0,21
2022-01-24,-6.81818181818182,-4.4,7
2022-01-24,-5.55555555555556,-8.0,9
2022-01-24,-7.34229576008273,-5.0,93
2022-01-24,-5.43782487005198,-5.0,7
2022-01-24,-4.46428571428572,-5.0,15
2022-01-24,-3.75,-2.0,6
2022-01-24,-3.27868852459016,-10.0,6
2022-01-24,-6.46221248630887,-7.0,334
2022-01-24,-6.75,-5.0,6
2022-01-24,-2.07939508506616,-5.0,11
2022-01-24,-5.0,-5.0,12
2022-01-17,-6.71834625322998,-7.2,355
2022-01-17,-9.74155069582509,-5.0,18
2022-01-17,-6.55737704918033,-5.0,12
2022-01-17,-9.38123752495013,-10.0,42
2022-01-17,-10.5263157894737,-9.0,20
2022-01-17,-9.99999999999999,-9.0,6
2022-01-17,-6.79347826086956,-10.0,11
2022-01-17,0.59880239520958,-4.0,11
2022-01-17,-8.13397129186603,-5.0,11
2022-01-17,-11.5,-9.0,14
2022-01-17,-6.73575129533679,-7.2,64
2022-01-17,-6.73575129533679,-5.0,29
2022-01-17,-11.2149532710281,-5.8,6
2022-01-17,-5.47945205479453,-9.0,27
2022-01-17,-7.78097982708934,-5.0,17
2022-01-17,-8.93470790378007,-10.0,7
2022-01-17,-9.20634920634923,-5.0,30
2022-01-17,-7.1753986332574,-5.0,242
2022-01-17,-6.73575129533679,-10.0,11
2022-01-17,-9.97679814385147,-5.0,14
2022-01-17,-4.24242424242424,-6.5,12
2022-01-17,-9.99999999999999,-5.0,22
2022-01-17,-6.32911392405064,-9.5,44
2022-01-17,-11.5,-6.5,6
2022-01-17,-6.55737704918033,-5.0,7
2022-01-17,-8.90269151138714,-5.0,7
2022-01-17,-7.71604938271605,-9.0,6
2022-01-17,-5.74412532637076,-7.5,7
2022-01-17,-4.71014492753623,-5.0,8
2022-01-17,-8.68686868686869,-5.0,27
2022-01-17,-5.83580613254204,-6.5,15
2022-01-17,-5.4773082942097,-10.0,10
2022-01-17,-5.94900849858357,-5.0,11
2022-01-17,-7.4468085106383,-5.0,7
2022-01-17,-8.9622641509434,-9.2,6
2022-01-17,-7.54716981132076,-5.0,7
2022-01-17,-10.1045296167247,-5.0,34
2022-01-17,-7.02479338842975,-9.5,6
2022-01-17,-9.93485342019539,-5.0,10
2022-01-17,-6.09418282548476,-6.5,96
2022-01-17,-6.71834625322998,-10.0,60
2022-01-17,-10.5263157894737,-6.5,17
2022-01-17,-5.36585365853659,-9.5,8
2022-01-17,-5.60344827586207,-6.5,51
2022-01-17,-7.78097982708934,-5.0,17
2022-01-17,-6.47181628392485,-6.5,6
2022-01-17,-7.54716981132076,-5.0,14
2022-01-17,-9.94371482176356,-8.0,24
2022-01-17,-6.74740484429066,-5.0,16
2022-01-17,-8.9068825910931,-10.0,26
2022-01-17,-3.8135593220339,-10.0,10
2022-01-17,-9.20634920634923,-5.0,352
2022-01-17,-9.46745562130178,-5.8,6
2022-01-17,-10.62874251497,-5.0,16
2022-01-17,-5.0,-5.0,47
2022-01-17,-9.93485342019539,-5.0,12
2022-01-17,-6.67522464698331,-7.2,9
2022-01-10,-12.3943661971831,-5.0,6
2022-01-10,-7.54716981132075,-5.0,39
2022-01-10,-6.86456400742115,-9.0,6
2022-01-10,-9.14948453608248,-10.0,6
2022-01-10,-12.3943661971831,-5.0,10
2022-01-10,-5.39083557951483,-4.4,13
2022-01-10,-7.14285714285715,-5.0,12
2022-01-10,-5.28967254408061,-6.5,12
2022-01-10,-8.23529411764706,-5.0,10
2022-01-10,-3.38983050847458,-5.0,6
2022-01-10,-12.3943661971831,-5.0,15
2022-01-10,-9.71128608923888,-5.0,35
2022-01-10,-12.3943661971831,-5.0,6
2022-01-10,-6.59090909090909,-5.0,6
2022-01-10,-12.9909365558913,-10.0,6
2022-01-10,-10.4,-5.0,10
2022-01-03,-9.13705583756345,-10.0,9
2022-01-03,-4.03587443946188,-10.0,27
2022-01-03,-8.33333333333335,-10.0,7
2022-01-03,-9.13705583756345,-10.0,7
2022-01-03,-2.38095238095238,-5.0,7
2022-01-03,-6.42857142857143,-9.5,7
2022-01-03,-7.33590733590733,-10.0,8
2022-01-03,-3.54609929078014,-10.0,6
2022-01-03,-8.33333333333335,-10.0,6
2021-12-27,-10.5932203389831,-10.0,6
2021-12-27,-11.6438356164384,-10.0,11
2021-12-27,-11.6438356164384,-10.0,8
2021-12-27,-11.6438356164384,-10.0,8
2021-12-27,-11.6438356164384,-10.0,8
2021-12-27,-4.28798305982001,-9.5,10
2021-12-27,-11.6438356164384,-10.0,8
2021-12-27,-4.14342629482072,-6.5,7
2021-12-27,-6.25,-2.0,8
2021-12-27,0.0,-2.0,6
2021-12-27,-11.7886178861789,-5.0,8
2021-12-27,-12.0300751879699,-5.0,6
2021-12-27,-7.3342736248237,-10.0,6
2021-12-27,-4.50038138825324,-5.0,22
2021-12-27,-11.6438356164384,-10.0,8
2021-12-27,-7.88643533123026,-9.0,8
2021-12-27,-4.84581497797357,-5.0,18
2021-12-27,-2.84810126582279,-4.4,7
2021-12-20,-10.75,-5.0,6
2021-12-20,-6.89655172413793,-7.0,12
2021-12-20,0.11389521640091,-2.0,34
2021-12-20,-4.76190476190476,-10.0,17
2021-12-20,-0.19493177387914,-4.0,6
2021-12-20,-11.4814814814815,-10.0,7
2021-12-20,-8.95953757225433,-9.0,7
2021-12-20,-11.0169491525424,-5.0,12
2021-12-20,-11.070110701107,-9.0,8
2021-12-20,-12.7035830618893,-5.0,9
2021-12-20,-10.7296137339056,-5.0,13
2021-12-20,-4.46096654275093,-9.0,8
2021-12-20,-7.30158730158729,-10.0,41
2021-12-20,-10.8391608391608,-10.0,13
2021-12-20,-10.8391608391608,-9.0,45
2021-12-20,-11.344537815126,-9.0,7
2021-12-20,-7.27848101265822,-10.0,16
2021-12-20,-9.90566037735851,-5.0,9
2021-12-20,-6.49087221095335,-5.0,18
2021-12-20,-10.3448275862069,-5.0,7
2021-12-20,0.1131221719457,-9.5,56
2021-12-13,-6.94444444444444,-10.0,7
2021-12-13,-2.35690235690236,-4.0,7
2021-12-13,-2.34505862646566,-4.0,16
2021-12-13,-1.25223613595706,-9.0,11
2021-12-13,-4.638671875,-5.0,15
2021-12-13,-6.94444444444444,-10.0,6
2021-12-13,-3.99227301996136,-4.4,10
2021-12-06,-7.14285714285714,-5.0,18
2021-12-06,-6.09137055837563,-6.5,9
2021-12-06,-9.13884007029877,-6.5,65
2021-12-06,-8.72093023255817,-10.0,16
2021-12-06,-8.98876404494382,-6.5,13
2021-12-06,-3.93258426966292,-6.5,17
2021-12-06,-8.1896551724138,-10.0,10
2021-12-06,-9.13884007029877,-10.0,6
2021-12-06,-5.79216354344122,-6.5,8
2021-12-06,-4.70016207455429,-7.5,20
2021-12-06,-3.52941176470588,-5.0,10
2021-12-06,-10.5263157894737,-10.0,11
2021-12-06,-8.12407680945347,-6.5,74
2021-12-06,-8.69565217391304,-9.0,33
2021-12-06,-4.1360294117647,-5.0,6
2021-12-06,-4.32692307692308,-6.5,6
2021-12-06,-9.76909413854354,-6.5,19
2021-12-06,-9.30232558139535,-10.0,14
2021-12-06,-7.5609756097561,-5.0,16
2021-12-06,-9.13884007029877,-10.0,13
2021-12-06,-4.67479674796748,-6.5,7
2021-12-06,-6.8259385665529,-10.0,8
2021-12-06,-7.70833333333333,-5.0,19
2021-11-29,-10.4166666666667,-9.0,24
2021-11-29,-5.92592592592593,-7.0,11
2021-11-29,-10.3658536585366,-10.0,6
2021-11-29,-1.44230769230769,-5.0,7
2021-11-29,-10.8433734939759,-10.0,6
2021-11-29,-5.60875512995896,-10.0,7
2021-11-29,-11.4825581395349,-9.0,10
2021-11-29,-7.6062639821029,-9.5,8
2021-11-29,-5.42635658914729,-10.0,13
2021-11-29,-4.53001132502831,-6.5,7
2021-11-29,-10.3773584905661,-4.4,93
2021-11-29,-7.12589073634204,-10.0,7
2021-11-29,-9.38775510204085,-10.0,7
2021-11-29,-5.32319391634981,-2.0,10
2021-11-29,-8.87096774193549,-8.0,16
2021-11-29,-8.22784810126587,-9.0,57
2021-11-29,-9.19540229885058,-10.0,31
2021-11-29,-11.2044817927171,-10.0,6
2021-11-22,-4.77815699658703,-6.5,24
2021-11-22,-12.8035320088301,-9.0,21
2021-11-22,-12.8035320088301,-6.5,11
2021-11-22,-10.4712041884816,-9.0,11
2021-11-22,-7.27272727272727,-10.0,6
2021-11-22,-10.122699386503,-9.5,6
2021-11-22,-12.3134328358209,-10.0,10
2021-11-22,-9.71659919028336,-6.5,10
2021-11-22,-9.38166311300643,-7.0,11
2021-11-22,-6.88,-10.0,13
2021-11-22,-7.62331838565022,-6.5,223
2021-11-22,-5.03355704697987,-5.0,11
2021-11-22,-11.8589743589743,-9.2,7
2021-11-22,-11.6575591985428,-10.0,6
2021-11-22,-10.9540636042402,-9.0,10
2021-11-22,-12.5448028673835,-10.0,8
2021-11-22,-11.6575591985428,-7.0,9
2021-11-22,-6.02605863192183,-7.5,9
2021-11-22,-10.9540636042402,-10.0,9
2021-11-22,-7.59625390218522,-9.0,19
2021-11-22,-9.25925925925926,-4.0,44
2021-11-22,-12.7245508982036,-10.0,17
2021-11-22,-3.58744394618834,-6.5,30
2021-11-22,-7.67494356659142,-6.5,21
2021-11-22,-1.96629213483146,-5.0,12
2021-11-22,-10.880829015544,-7.5,10
2021-11-22,-5.42986425339366,-6.5,19
2021-11-22,-8.95953757225434,-6.5,7
2021-11-22,-8.66425992779783,-10.0,21
2021-11-22,-8.95953757225434,-9.5,11
2021-11-22,-10.1639344262295,-6.5,65
2021-11-22,-3.04878048780487,-10.0,10
2021-11-22,-4.10830999066293,-5.0,7
2021-11-22,-11.1420612813371,-6.5,6
2021-11-22,-5.42986425339366,-9.0,29
2021-11-22,-0.843881856540079,-4.0,9
2021-11-22,-9.27357032457496,-10.0,27
2021-11-22,-11.8589743589743,-10.0,10
2021-11-22,-10.2310231023102,-10.0,20
2021-11-22,-11.5264797507788,-10.0,6
2021-11-22,-7.78364116094987,-5.0,76
2021-11-22,-13.0434782608695,-6.5,6
2021-11-22,-8.7281795511222,-9.0,10
2021-11-22,-11.6504854368932,-9.0,10
2021-11-22,-9.52380952380956,-9.0,13
2021-11-22,-11.1420612813371,-9.0,7
2021-11-22,-7.67494356659142,-9.5,6
2021-11-22,-10.122699386503,-9.0,6
2021-11-22,-9.52380952380956,-10.0,9
2021-11-22,-11.5264797507788,-10.0,9
2021-11-22,-10.8559498956159,-9.5,18
2021-11-22,-9.03790087463557,-6.5,8
2021-11-22,-11.6575591985428,-5.0,6
2021-11-22,-7.67494356659142,-9.5,9
2021-11-22,-13.9423076923077,-10.0,8
2021-11-22,-8.22784810126587,-9.0,204
2021-11-15,-8.22784810126585,-10.0,24
2021-11-15,-1.78571428571429,-10.0,12
2021-11-15,-10.7368421052632,-10.0,41
2021-11-15,-10.9634551495017,-10.0,12
2021-11-15,-7.60043431053203,-5.0,78
2021-11-15,-7.4585635359116,-10.0,20
2021-11-15,-10.1694915254237,-9.0,9
2021-11-15,-10.7368421052632,-10.0,19
2021-11-15,-15.1685393258427,-6.5,9
2021-11-15,-9.21052631578949,-10.0,9
2021-11-15,-9.71786833855804,-10.0,14
2021-11-15,-15.1685393258427,-6.5,8
2021-11-15,-10.8024691358025,-5.0,9
2021-11-15,-7.24637681159421,-5.0,8
2021-11-15,-1.78571428571429,-10.0,6
2021-11-15,-10.9022556390978,-10.0,12
2021-11-15,-9.72222222222225,-10.0,9
2021-11-15,-1.78571428571429,-10.0,20
2021-11-15,-6.74053554939981,-5.0,8
2021-11-15,-6.53950953678474,-10.0,16
2021-11-15,-7.24637681159421,-2.0,10
2021-11-15,-9.26315789473683,-9.0,17
2021-11-15,-7.60043431053203,-6.5,68
2021-11-15,-8.04387568555759,-10.0,31
2021-11-15,-1.78571428571429,-10.0,11
2021-11-08,-10.5527638190954,-9.5,8
2021-11-08,-3.63128491620112,-7.0,11
2021-11-08,-8.46153846153846,-10.0,27
2021-11-08,-1.29143349117521,-7.2,9
2021-11-08,2.89256198347107,-5.0,7
2021-11-08,-5.31914893617022,-10.0,11
2021-11-08,-1.4760147601476,-5.0,9
2021-11-08,-8.61244019138756,-10.0,35
2021-11-08,-8.65139949109415,-10.0,6
2021-11-08,-9.36170212765957,-10.0,6
2021-11-01,0.0,-10.0,6
2021-11-01,-8.56031128404669,-10.0,22
2021-11-01,-8.87728459530026,-10.0,17
2021-11-01,2.80373831775701,-4.0,6
2021-11-01,-1.29366106080207,-4.0,12
2021-11-01,-3.61944157187177,-9.0,7
2021-11-01,-2.3489932885906,-5.0,8
2021-11-01,-9.43396226415097,-10.0,6
2021-11-01,-6.32911392405064,-10.0,12
2021-11-01,-5.41284403669724,-10.0,6
2021-11-01,-7.12166172106825,-10.0,13
2021-11-01,-3.53915662650602,-5.0,14
2021-11-01,-6.81818181818182,-9.5,8
2021-11-01,-12.4223602484472,-10.0,7
2021-10-25,-8.31556503198298,-2.0,9
2021-10-25,-4.30711610486892,-5.0,17
2021-10-25,-6.5359477124183,-10.0,10
2021-10-25,-6.30182421227197,-6.5,8
2021-10-25,-3.86029411764705,-10.0,8
2021-10-25,1.72744721689059,-5.0,10
2021-10-18,-3.6231884057971,-5.0,8
2021-10-18,-1.04895104895105,-5.0,9
2021-10-18,-6.30797773654916,-10.0,6
2021-10-18,-4.43271767810026,-10.0,9
2021-10-18,-6.35514018691589,-5.0,9
2021-10-11,-2.44698205546492,-10.0,8
2021-10-11,-7.14285714285714,-4.0,6
2021-10-11,-6.3391442155309,-5.0,29
2021-10-11,1.02880658436214,-9.2,8
2021-10-11,-7.11462450592885,-5.0,12
2021-10-11,-6.43382352941176,-5.0,16
2021-10-11,-6.64794007490637,-2.0,13
2021-10-11,-2.31023102310231,-9.0,34
2021-10-11,-6.72897196261683,-10.0,10
2021-10-11,-2.31023102310231,-10.0,42
2021-10-11,-6.5779748706578,-10.0,12
2021-10-11,-7.8754578754579,-10.0,22
2021-10-11,-6.01626016260163,-5.0,22
2021-10-11,-5.57184750733137,-10.0,7
2021-10-11,-6.19946091644205,-2.0,7
2021-10-11,-7.8754578754579,-8.0,14
2021-10-11,-5.48387096774193,-8.0,19
2021-10-11,-5.99078341013825,-4.0,43
2021-10-11,-4.48979591836734,-9.0,8
2021-10-11,-6.77083333333334,-10.0,6
2021-10-11,-2.11981566820276,-6.5,8
2021-10-11,-1.36054421768708,-5.0,7
2021-10-11,-3.66300366300366,-7.0,21
2021-10-11,-7.9225352112676,-2.0,7
2021-10-11,1.02880658436214,-9.0,21
2021-10-11,-4.8780487804878,-9.0,6
2021-10-04,-8.37988826815642,-7.0,9
2021-10-04,-7.06521739130435,-10.0,18
2021-10-04,-3.96270396270396,-5.0,18
2021-10-04,-7.34265734265734,-10.0,11
2021-10-04,-6.23052959501558,-2.0,7
2021-10-04,-4.69135802469136,-10.0,12
2021-10-04,-7.1301247771836,-10.0,12
2021-10-04,-3.7280701754386,-5.0,19
2021-10-04,0.0,-5.0,12
2021-10-04,-7.14285714285715,-8.0,7
2021-10-04,-3.96270396270396,-10.0,10
2021-10-04,-7.6923076923077,-9.0,18
2021-10-04,-9.65909090909091,-10.0,7
2021-10-04,-6.23052959501558,-8.0,12
2021-10-04,-4.69135802469136,-5.0,7
2021-10-04,-7.89473684210527,-10.0,6
2021-10-04,-6.5779748706578,-10.0,8
2021-10-04,-7.78097982708934,-9.5,24
2021-09-27,-6.79245283018868,-9.0,8
2021-09-27,-2.83812193412754,-5.0,9
2021-09-27,-6.79245283018868,-9.0,13
2021-09-27,-7.82122905027933,-5.6,25
2021-09-27,-6.45833333333333,-5.0,31
2021-09-27,-8.02238805970149,-10.0,10
2021-09-27,-6.85169124024285,-10.0,10
2021-09-27,-7.24233983286908,-9.0,24
2021-09-27,-2.68741159830269,-5.0,7
2021-09-27,-8.02238805970149,-10.0,22
2021-09-27,-6.85169124024285,-10.0,10
2021-09-27,-6.72043010752688,-10.0,8
2021-09-27,-5.84415584415585,-10.0,8
2021-09-27,-6.08365019011407,-10.0,13
2021-09-27,-6.94789081885859,-9.5,17
2021-09-27,-1.875,-5.0,7
2021-09-20,-2.59259259259259,-10.0,10
2021-09-20,-3.63423212192263,-5.0,7
2021-09-20,-3.2051282051282,-4.0,7
2021-09-20,-2.71668822768435,-5.0,11
2021-09-20,-3.99002493765586,-10.0,31
2021-09-20,-7.9676674364896,-9.0,20
2021-09-20,-5.4989816700611,-7.2,22
2021-09-20,-9.29203539823012,-10.0,8
2021-09-20,-3.99002493765586,-10.0,19
2021-09-20,-5.23809523809524,-10.0,10
2021-09-20,-7.94930875576037,-9.0,27
2021-09-20,-7.97687861271677,-9.5,21
2021-09-20,-8.13953488372097,-10.0,8
2021-09-20,-5.43259557344065,-10.0,12
2021-09-20,-7.9676674364896,-5.0,13
2021-09-20,-10.3260869565217,-10.0,7
2021-09-20,-4.95867768595042,-5.0,8
2021-09-13,-5.42725173210162,-10.0,8
2021-09-13,-6.31578947368421,-9.0,7
2021-09-13,-4.98533724340176,-10.0,13
2021-09-13,-10.4761904761905,-10.0,6
2021-09-13,-4.98533724340176,-10.0,49
2021-09-13,-5.26905829596413,-10.0,28
2021-09-13,-3.22033898305084,-10.0,6
2021-09-13,-7.32984293193718,-10.0,8
2021-09-13,-9.009009009009,-10.0,32
2021-09-13,-4.65949820788531,-5.0,6
2021-09-13,-1.27795527156549,-4.4,19
2021-09-13,-8.75763747454176,-10.0,11
2021-09-13,-5.29556650246306,-10.0,83
2021-09-13,-7.12871287128713,-10.0,10
2021-09-06,-8.90052356020942,-10.0,15
2021-09-06,-0.36855036855037,-5.0,6
2021-09-06,-6.86274509803923,-10.0,14
2021-09-06,-8.90052356020942,-4.4,10
2021-08-30,-3.47222222222222,-7.2,6
2021-08-30,-4.62724935732648,-9.0,12
2021-08-30,-8.91089108910892,-10.0,16
2021-08-30,-2.15633423180593,-5.0,10
2021-08-30,-8.91089108910892,-9.0,7
2021-08-30,-3.20699708454811,-10.0,6
2021-08-23,-11.6161616161616,-10.0,6
2021-08-23,-1.37195121951219,-4.4,6
2021-08-23,-3.54223433242507,-10.0,8
2021-08-23,-7.59219088937093,-9.0,7
2021-08-23,-1.37195121951219,-4.4,6
2021-08-23,-6.72645739910314,-10.0,6
2021-08-23,-6.55737704918033,-5.0,7
2021-08-23,-7.59219088937093,-5.0,7
2021-08-23,-6.72645739910314,-10.0,9
2021-08-23,-1.37195121951219,-4.4,6
2021-08-23,-4.24886191198786,-2.0,7
2021-08-23,-3.17460317460318,-10.0,13
2021-08-16,-4.66101694915254,-10.0,16
2021-08-16,-8.82352941176471,-10.0,7
2021-08-16,-10.5978260869566,-10.0,6
2021-08-16,-10.580204778157,-10.0,12
2021-08-16,-11.8181818181818,-10.0,6
2021-08-16,-12.2395833333333,-10.0,9
2021-08-16,-10.9777015437392,-10.0,20
2021-08-16,-6.26373626373626,-10.0,6
2021-08-16,-12.2395833333333,-10.0,23
2021-08-16,-6.13839285714286,-10.0,13
2021-08-16,-13.1147540983607,-10.0,9
2021-08-16,-7.66129032258065,-10.0,12
2021-08-16,-11.3300492610838,-10.0,9
2021-08-16,-7.8125,-10.0,11
2021-08-16,-13.2450331125828,-10.0,6
2021-08-16,-12.6404494382022,-10.0,6
2021-08-16,-8.93470790378011,-10.0,9
2021-08-16,-6.78336980306346,-10.0,6
2021-08-16,-10.7871720116618,-10.0,32
2021-08-16,-8.26446280991735,-10.0,12
2021-08-16,-7.80780780780781,-10.0,22
2021-08-16,-10.9777015437392,-10.0,27
2021-08-09,-10.5839416058395,-10.0,15
2021-08-09,-10.5646630236794,-10.0,6
2021-08-09,-8.6538461538462,-9.0,11
2021-08-09,-10.9215017064847,-9.0,9
2021-08-09,-10.6422018348624,-10.0,6
2021-08-09,-10.5555555555555,-9.0,7
2021-08-09,-7.08661417322835,-10.0,13
2021-08-09,-7.03839122486289,-10.0,9
2021-08-09,-6.73076923076923,-10.0,6
2021-08-09,-10.6422018348624,-10.0,8
2021-08-09,-7.34265734265734,-10.0,7
2021-08-09,3.93258426966293,-10.0,6
2021-08-09,-5.08221225710015,-4.0,15
2021-08-09,-10.3260869565217,-10.0,7
2021-08-09,-8.62470862470867,-10.0,11
2021-08-09,-10.3125,-10.0,27
2021-08-09,-8.62470862470867,-10.0,6
2021-08-09,-11.7117117117117,-10.0,11
2021-08-09,5.36912751677852,-2.0,6
2021-08-09,-10.9215017064847,-10.0,6
2021-08-09,-8.62470862470867,-10.0,6
2021-08-09,-10.6422018348624,-10.0,6
2021-08-09,-5.47945205479453,-10.0,15
2021-08-09,-7.36842105263158,-10.0,10
2021-08-09,-8.60465116279071,-10.0,6
2021-08-09,-11.241610738255,-10.0,12
2021-08-09,-11.764705882353,-9.0,10
2021-08-09,-10.3125,-10.0,34
2021-08-09,-10.3125,-10.0,9
2021-08-02,-7.04697986577181,-10.0,18
2021-08-02,-8.45070422535211,-10.0,8
2021-08-02,0.19286403085824,-5.0,9
2021-08-02,-9.39226519337017,-10.0,8
2021-08-02,-7.69230769230769,-2.0,16
2021-08-02,-7.04697986577181,-10.0,11
2021-08-02,-11.3636363636364,-10.0,85
2021-08-02,-8.68852459016393,-10.0,9
2021-08-02,-7.4074074074074,-10.0,8
2021-08-02,-11.2211221122112,-10.0,8
2021-08-02,-6.04838709677419,-10.0,6
2021-08-02,-8.65139949109415,-10.0,6
2021-08-02,-4.06290956749672,-5.0,8
2021-08-02,-8.02238805970149,-10.0,17
2021-08-02,-11.5131578947369,-10.0,8
2021-08-02,-10.8024691358025,-10.0,19
2021-08-02,-8.78859857482186,-10.0,6
2021-08-02,-8.02238805970149,-10.0,7
2021-07-26,-6.51260504201681,-5.0,7
2021-07-26,-6.51260504201681,-2.0,8
2021-07-26,-6.28019323671497,-10.0,6
2021-07-26,-6.47181628392484,-5.0,109
2021-07-26,-6.47181628392484,-2.0,158
2021-07-26,-6.51260504201681,-2.0,6
2021-07-26,-0.8,-5.0,6
2021-07-26,-1.42663043478261,-4.0,10
2021-07-26,-1.82291666666666,-5.0,6
2021-07-26,-6.47181628392484,-6.5,52
2021-07-26,-3.55492356914326,-9.2,10
2021-07-19,-5.19480519480519,-2.0,14
2021-07-19,-0.941619585687389,-4.4,7
2021-07-19,-7.13058419243986,-10.0,7
2021-07-19,-6.58036677454154,-10.0,7
2021-07-19,-6.67593880389429,-10.0,17
2021-07-19,-6.91056910569105,-10.0,8
2021-07-19,-8.0659945004583,-10.0,9
2021-07-19,-3.96825396825397,-10.0,6
2021-07-19,-8.0659945004583,-10.0,7
2021-07-12,-6.83760683760683,-10.0,28
2021-07-12,-7.22433460076045,-9.5,9
2021-07-12,-4.13354531001589,-4.4,12
2021-07-12,-6.62020905923345,-10.0,68
2021-07-12,-6.83760683760683,-10.0,97
2021-07-12,-6.62020905923345,-10.0,202
2021-07-05,-6.0965954077593,-5.0,10
2021-07-05,-6.83229813664596,-6.5,6
2021-07-05,-2.39234449760765,-5.0,6
2021-07-05,-6.74157303370786,-10.0,10
2021-07-05,-9.6875,-5.0,6
2021-07-05,-4.82897384305835,-10.0,16
2021-07-05,-6.06060606060606,-9.0,20
2021-07-05,-6.06060606060606,-10.0,22
2021-07-05,-8.21678321678321,-10.0,16
2021-06-28,-11.1111111111111,-10.0,6
2021-06-28,-4.62962962962963,-5.0,18
2021-06-28,-11.1111111111111,-5.0,16
2021-06-28,-4.98753117206983,-7.0,34
2021-06-28,-7.59493670886076,-9.0,34
2021-06-28,-3.66049879324215,-5.0,7
2021-06-28,-8.1447963800905,-10.0,12
2021-06-28,-5.23917995444191,-10.0,6
2021-06-28,-11.4202049780381,-10.0,14
2021-06-28,-11.5288220551379,-10.0,10
2021-06-28,-7.59493670886076,-6.5,27
2021-06-28,-8.1447963800905,-10.0,12
2021-06-28,-8.1447963800905,-10.0,6
2021-06-28,-8.1447963800905,-10.0,12
2021-06-28,-8.1447963800905,-10.0,12
2021-06-28,-5.72916666666666,-6.5,23
2021-06-28,-6.96798493408663,-6.5,8
2021-06-28,-11.4202049780381,-10.0,42
2021-06-28,-5.23917995444191,-5.0,16
2021-06-28,-8.1447963800905,-10.0,12
2021-06-28,-11.1111111111111,-10.0,11
2021-06-21,-10.126582278481,-10.0,11
2021-06-21,-7.97962648556877,-10.0,511
2021-06-21,-9.73871733966749,-10.0,13
2021-06-21,-8.65139949109414,-10.0,15
2021-06-21,-8.90207715133531,-10.0,8
2021-06-21,-8.30039525691704,-10.0,7
2021-06-21,-6.31578947368421,-7.2,11
2021-06-21,-8.30039525691704,-10.0,6
2021-06-21,-9.73871733966749,-10.0,6
2021-06-21,-9.25449871465296,-10.0,14
2021-06-21,-14.516129032258,-10.0,6
2021-06-21,-8.51485148514852,-10.0,23
2021-06-21,-8.30039525691704,-10.0,15
2021-06-21,-8.17120622568093,-10.0,18
2021-06-21,-8.51485148514852,-10.0,6
2021-06-21,-4.95867768595041,-9.5,8
2021-06-21,-9.89010989010985,-10.0,9
2021-06-21,-7.01754385964912,-10.0,8
2021-06-21,-10.9375,-10.0,12
2021-06-21,-9.02255639097744,-10.0,9
2021-06-21,-8.65139949109414,-10.0,41
2021-06-21,-9.21052631578946,-10.0,8
2021-06-21,-8.11455847255374,-10.0,6
2021-06-21,-7.01754385964912,-10.0,6
2021-06-21,-7.96963946869067,-10.0,202
2021-06-21,-7.21925133689839,-10.0,15
2021-06-21,-6.14973262032085,-10.0,8
2021-06-21,-8.11455847255374,-10.0,12
2021-06-21,-6.5,-10.0,13
2021-06-21,-6.4343163538874,-10.0,11
2021-06-21,-7.25806451612903,-10.0,12
2021-06-21,-14.516129032258,-10.0,13
2021-06-21,-13.9372822299652,-2.0,7
2021-06-21,-9.23787528868359,-10.0,6
2021-06-21,-7.16180371352785,-10.0,7
2021-06-21,-8.30039525691704,-10.0,6
2021-06-21,-6.63129973474801,-10.0,23
2021-06-21,-7.21925133689839,-10.0,7
2021-06-21,-7.97962648556877,-10.0,266
2021-06-21,-3.73831775700935,-10.0,16
2021-06-21,-5.97345132743363,-10.0,10
2021-06-21,-6.5,-10.0,12
2021-06-21,-14.4404332129964,-10.0,7
2021-06-21,-5.97345132743363,-5.0,19
2021-06-21,-14.516129032258,-10.0,15
2021-06-21,-8.30039525691704,-10.0,21
2021-06-21,-8.39160839160839,-10.0,17
2021-06-21,-8.30039525691704,-10.0,11
2021-06-21,-8.11455847255374,-10.0,8
2021-06-21,-8.7248322147651,-10.0,12
2021-06-21,-8.33333333333332,-10.0,7
2021-06-21,-6.95652173913043,-10.0,7
2021-06-21,-7.8125,-10.0,100
2021-06-21,-7.14285714285715,-10.0,12
2021-06-21,-9.09090909090909,-10.0,8
2021-06-14,-8.93854748603351,-10.0,16
2021-06-14,-1.98473282442748,-8.0,26
2021-06-14,-5.43478260869565,-7.0,13
2021-06-14,-4.34782608695652,-10.0,6
2021-06-14,-4.42260442260442,-10.0,8
2021-06-14,-2.18002812939522,-6.5,6
2021-06-14,-2.18002812939522,-5.0,8
2021-06-14,-10.8552631578947,-10.0,6
2021-06-14,-8.44529750479848,-10.0,14
2021-06-14,-6.31578947368421,-9.0,14
2021-06-14,-4.91803278688524,-10.0,8
2021-06-14,-4.42260442260442,-10.0,6
2021-06-14,-4.12026726057906,-9.0,10
2021-06-14,-8.03134182174339,-10.0,9
2021-06-14,-6.4343163538874,-10.0,11
2021-06-14,-4.02504472271914,-10.0,6
2021-06-14,-4.91803278688524,-7.2,20
2021-06-07,-4.83304042179262,-10.0,6
2021-06-07,-8.66141732283464,-6.5,17
2021-06-07,-9.02061855670099,-10.0,7
2021-06-07,-6.13636363636364,-4.4,9
2021-06-07,-5.62130177514793,-9.5,19
2021-06-07,-4.85981308411215,-5.0,7
2021-06-07,-4.85981308411215,-5.0,7
2021-06-07,-7.47368421052631,-10.0,18
2021-06-07,-8.81355932203388,-10.0,48
2021-06-07,-6.52920962199313,-10.0,12
2021-06-07,-12.0054570259209,-10.0,6
2021-06-07,-8.81355932203388,-10.0,191
2021-06-07,-8.48920863309357,-10.0,6
2021-06-07,-6.97674418604651,-10.0,8
2021-06-07,-7.18232044198895,-10.0,38
2021-06-07,-8.48920863309357,-10.0,21
2021-06-07,-9.31677018633538,-9.0,21
2021-06-07,-8.26693227091633,-10.0,20
2021-06-07,-7.01030927835052,-10.0,19
2021-06-07,-8.2529474812433,-10.0,61
2021-06-07,-8.54591836734695,-10.0,6
2021-06-07,-7.43034055727554,-9.5,23
2021-06-07,-5.04050405040504,-10.0,6
2021-06-07,-5.60747663551401,-7.2,6
2021-06-07,-7.2108843537415,-5.0,21
2021-06-07,-9.45945945945948,-10.0,31
2021-06-07,-9.45945945945948,-10.0,9
2021-06-07,-7.38916256157635,-10.0,29
2021-06-07,-6.13026819923372,-10.0,11
2021-06-07,-8.55614973262032,-10.0,8
2021-06-07,-7.6510067114094,-5.0,8
2021-06-07,-5.03842869342442,-4.4,14
2021-06-07,-5.89622641509433,-10.0,9
2021-06-07,-4.73537604456825,-10.0,25
2021-06-07,-10.2766798418973,-10.0,11
2021-06-07,-5.40037243947858,-10.0,14
2021-06-07,-4.83304042179262,-10.0,14
2021-06-07,-7.44466800804829,-10.0,152
2021-06-07,-2.77777777777778,-10.0,7
2021-06-07,-7.6510067114094,-10.0,46
2021-06-07,-8.63309352517985,-10.0,6
2021-06-07,-8.29015544041451,-10.0,11
2021-06-07,-10.1083032490975,-5.0,7
2021-06-07,-5.03842869342442,-10.0,10
2021-06-07,-10.6761565836299,-10.0,8
2021-06-07,-7.53138075313808,-5.0,7
2021-06-07,-7.44786494538232,-10.0,8
2021-06-07,-11.198738170347,-10.0,51
2021-06-07,-5.04050405040504,-2.0,7
2021-06-07,-8.60927152317884,-2.0,7
2021-05-31,-10.7899807321772,-10.0,7
2021-05-31,-8.62068965517241,-10.0,12
2021-05-31,-12.4401913875598,-10.0,8
2021-05-31,-9.55056179775281,-10.0,6
2021-05-31,-20.0,-10.0,14
2021-05-31,-8.23529411764706,-2.0,33
2021-05-31,-8.46153846153848,-2.0,138
2021-05-31,-9.36254980079682,-9.5,24
2021-05-31,-9.53757225433526,-10.0,7
2021-05-31,-12.258064516129,-2.0,13
2021-05-31,-10.3703703703704,-10.0,9
2021-05-31,-7.77027027027027,-10.0,6
2021-05-31,-7.95454545454546,-10.0,10
2021-05-31,-8.26086956521739,-10.0,9
2021-05-31,-10.2272727272727,-10.0,13
2021-05-31,-10.9965635738831,-10.0,13
2021-05-31,-10.4132231404958,-10.0,9
2021-05-31,-4.6551724137931,-10.0,9
2021-05-31,-9.67741935483867,-2.0,9
2021-05-31,-11.0918544194108,-10.0,9
2021-05-31,-12.6934984520124,-10.0,8
2021-05-31,-9.03225806451609,-2.0,6
2021-05-31,-0.53222945002957,-10.0,7
2021-05-31,-17.4603174603175,-10.0,11
2021-05-31,-11.6666666666667,-10.0,6
2021-05-31,-8.73493975903614,-10.0,7
2021-05-31,-9.28143712574853,-5.0,13
2021-05-31,-8.61244019138753,-5.0,8
2021-05-31,-8.0246913580247,-10.0,18
2021-05-31,-9.36254980079682,-10.0,9
2021-05-31,-10.2654867256638,-10.0,13
2021-05-31,-10.4347826086957,-10.0,6
2021-05-31,-8.30188679245287,-9.0,114
2021-05-31,-8.16326530612245,-2.0,258
2021-05-31,-3.91566265060241,-5.0,18
2021-05-31,-4.03151065801668,-9.2,15
2021-05-31,-8.23529411764706,-2.0,66
2021-05-31,-6.12244897959183,-10.0,12
2021-05-31,-9.92248062015505,-5.0,8
2021-05-31,-11.1304347826087,-10.0,7
2021-05-31,-10.0,-10.0,32
2021-05-31,-10.4132231404958,-10.0,7
2021-05-31,-12.258064516129,-10.0,10
2021-05-31,-2.97029702970296,-10.0,7
2021-05-31,-9.62962962962966,-10.0,10
2021-05-31,-10.188679245283,-10.0,12
2021-05-31,-9.97067448680354,-10.0,6
2021-05-31,-11.1304347826087,-10.0,11
2021-05-31,-13.3064516129032,-10.0,7
2021-05-31,-13.2275132275133,-10.0,10
2021-05-31,-9.21052631578946,-10.0,10
2021-05-31,-3.41207349081365,-7.2,8
2021-05-31,-8.23327615780446,-2.0,8
2021-05-31,-7.95454545454546,-10.0,6
2021-05-31,-9.15032679738562,-10.0,9
2021-05-31,-11.1801242236025,-10.0,26
2021-05-31,-9.50704225352112,-10.0,15
2021-05-31,-8.00889877641824,-10.0,15
2021-05-31,-8.04020100502513,-9.2,34
2021-05-31,-6.59340659340659,-10.0,61
2021-05-31,-9.21052631578946,-10.0,10
2021-05-31,-3.40314136125654,-10.0,9
2021-05-31,-8.42105263157893,-2.0,9
2021-05-31,-11.2852664576803,-10.0,6
2021-05-31,-10.6487148102816,-10.0,11
2021-05-31,-10.7899807321772,-10.0,12
2021-05-31,-11.2852664576803,-10.0,10
2021-05-31,-2.97029702970296,-10.0,7
2021-05-31,-11.0,-10.0,9
2021-05-31,-10.0,-9.0,16
2021-05-31,-11.2852664576803,-10.0,6
2021-05-31,-11.0918544194108,-10.0,12
2021-05-31,-9.23566878980891,-10.0,24
2021-05-31,-9.37500000000002,-9.2,6
2021-05-31,-7.35930735930736,-2.0,7
2021-05-31,-12.1951219512195,-10.0,25
2021-05-31,-7.53768844221106,-10.0,10
2021-05-31,-8.95522388059702,-10.0,62
2021-05-31,-8.95522388059702,-10.0,47
2021-05-31,-9.2,-10.0,36
2021-05-31,-10.0436681222708,-10.0,18
2021-05-31,-11.5853658536585,-10.0,8
2021-05-31,-10.5740181268882,-10.0,6
2021-05-31,-8.33333333333329,-9.0,12
2021-05-31,-8.86075949367088,-10.0,8
2021-05-31,-8.1447963800905,-9.0,33
2021-05-24,-7.64006791171477,-5.0,7
2021-05-24,-7.42677824267782,-9.5,13
2021-05-24,-8.5480093676815,-10.0,7
2021-05-24,-4.68085106382979,-5.0,15
2021-05-24,-8.5480093676815,-10.0,7
2021-05-24,-8.5480093676815,-10.0,12
2021-05-17,-7.64462809917355,-4.4,7
2021-05-17,-8.37606837606839,-10.0,14
2021-05-17,-1.40845070422535,-6.5,12
2021-05-17,-7.61099365750528,-9.5,45
2021-05-17,-7.61099365750528,-4.4,161
2021-05-17,-7.77202072538856,-10.0,8
2021-05-17,-6.02409638554217,-5.0,8
2021-05-17,-6.94444444444444,-10.0,12
2021-05-17,-7.61099365750528,-5.0,45
2021-05-17,-7.85714285714286,-10.0,14
2021-05-17,-7.30337078651686,-7.0,6
2021-05-17,-5.77716643741403,-10.0,60
2021-05-17,-8.96551724137931,-10.0,6
2021-05-17,-8.60215053763441,-10.0,6
2021-05-10,-8.61244019138756,-10.0,6
2021-05-10,-5.11945392491468,-10.0,14
2021-05-10,-5.61959654178675,-10.0,6
2021-05-10,-4.24028268551237,-4.0,10
2021-05-10,-6.06060606060606,-4.0,10
2021-05-10,-3.72907153729071,-2.0,14
2021-05-03,-8.02469135802469,-10.0,11
2021-05-03,-8.66666666666667,-10.0,11
2021-05-03,-12.8205128205128,-10.0,6
2021-05-03,-10.1851851851852,-10.0,16
2021-05-03,-9.66767371601207,-9.2,8
2021-05-03,-6.72043010752688,-10.0,19
2021-05-03,-10.6995884773663,-10.0,14
2021-05-03,-10.6017191977077,-10.0,8
2021-05-03,-9.49152542372877,-10.0,8
2021-05-03,-9.21985815602837,-10.0,14
2021-05-03,-7.25806451612904,-10.0,144
2021-05-03,-1.35823429541596,-7.2,10
2021-05-03,-9.72222222222221,-10.0,39
2021-05-03,-7.05596107055961,-10.0,25
2021-05-03,-8.18505338078292,-9.2,29
2021-05-03,-7.07317073170732,-2.0,11
2021-05-03,-4.58015267175572,-10.0,6
2021-05-03,-1.49476831091181,-4.0,10
2021-05-03,-9.49152542372877,-10.0,21
2021-05-03,-8.33333333333333,-9.2,7
2021-05-03,-6.6006600660066,-9.2,6
2021-05-03,-11.587982832618,-10.0,7
2021-05-03,-8.03212851405622,-10.0,50
2021-05-03,-8.67768595041322,-10.0,12
2021-05-03,-7.202216066482,-10.0,40
2021-05-03,-7.30337078651686,-5.0,6
2021-05-03,-7.7023498694517,-10.0,6
2021-05-03,-1.35823429541596,-10.0,10
2021-05-03,-8.33333333333333,-10.0,6
2021-05-03,-8.68421052631579,-10.0,7
2021-05-03,-4.59770114942529,-10.0,8
2021-05-03,-8.53080568720379,-10.0,7
2021-05-03,-7.05596107055961,-10.0,33
2021-04-26,-8.23045267489712,-10.0,6
2021-04-26,-6.25,-10.0,22
2021-04-26,-5.11182108626198,-10.0,14
2021-04-26,-4.45859872611465,-10.0,7
2021-04-26,-6.21621621621622,-10.0,6
2021-04-26,-6.06617647058824,-9.0,172
2021-04-26,-5.58069381598793,-10.0,9
2021-04-26,-6.06860158311346,-9.0,7
2021-04-26,-6.54205607476635,-9.0,30
2021-04-26,-9.48012232415905,-9.0,18
2021-04-26,-7.90598290598291,-10.0,6
2021-04-26,-5.4590570719603,-10.0,13
2021-04-26,-7.53138075313808,-9.0,7
2021-04-26,-4.91803278688525,-10.0,7
2021-04-26,-5.50351288056206,-10.0,6
2021-04-26,-5.82857142857143,-9.0,9
2021-04-26,-5.42168674698795,-10.0,19
2021-04-26,-3.58539765319427,-10.0,48
2021-04-26,-7.9136690647482,-9.0,66
2021-04-26,-6.52920962199312,-10.0,22
2021-04-26,-5.01672240802676,-10.0,10
2021-04-26,-7.5,-9.0,18
2021-04-26,-5.0909090909091,-2.0,8
2021-04-26,-6.83333333333334,-9.0,26
2021-04-26,-3.25982742090124,-9.0,7
2021-04-26,-8.53242320819113,-9.0,6
2021-04-26,-5.39130434782609,-9.0,29
2021-04-26,-4.81927710843374,-10.0,308
2021-04-26,-1.35823429541596,-7.2,10
2021-04-26,-8.07174887892377,-10.0,21
2021-04-26,-6.81818181818182,-10.0,22
2021-04-26,-3.17613089509143,-10.0,7
2021-04-26,-5.22727272727273,-10.0,221
2021-04-26,-6.54205607476635,-9.0,62
2021-04-26,-7.02341137123746,-10.0,21
2021-04-26,-5.82010582010582,-10.0,16
2021-04-26,-6.83453237410072,-9.0,21
2021-04-26,-6.39386189258312,-10.0,23
2021-04-26,-8.52878464818764,-9.0,6
2021-04-26,-5.55555555555556,-10.0,12
2021-04-26,-6.0,-10.0,151
2021-04-26,-3.82293762575453,-10.0,9
2021-04-26,-5.2863436123348,-10.0,36
2021-04-26,-2.31729055258467,-10.0,7
2021-04-26,-5.82857142857143,-9.0,7
2021-04-26,-8.29596412556054,-10.0,9
2021-04-26,-6.4,-10.0,14
2021-04-26,-11.1731843575419,-10.0,7
2021-04-26,-5.74712643678161,-10.0,7
2021-04-26,-7.41839762611276,-9.0,12
2021-04-26,-4.98269896193772,-10.0,133
2021-04-26,-7.99319727891157,-9.0,15
2021-04-26,-7.5,-9.0,17
2021-04-26,-7.35294117647059,-10.0,8
2021-04-26,-5.58069381598793,-10.0,6
2021-04-26,-3.98860398860398,-10.0,8
2021-04-26,-6.39147802929428,-10.0,8
2021-04-26,-9.48012232415905,-10.0,10
2021-04-26,-4.96277915632754,-10.0,9
2021-04-26,-7.79661016949153,-9.0,28
2021-04-26,-5.82857142857143,-10.0,22
2021-04-26,-6.20782726045884,-10.0,17
2021-04-26,-5.5472263868066,-10.0,7
2021-04-26,-5.88235294117645,-10.0,12
2021-04-26,-2.31729055258467,-9.0,6
2021-04-26,-6.20782726045884,-10.0,8
2021-04-26,-4.65444287729196,-9.0,14
2021-04-26,-10.1321585903084,-10.0,15
2021-04-26,-3.31125827814569,-10.0,6
2021-04-26,-7.07236842105264,-9.5,38
2021-04-26,-7.95454545454545,-9.5,13
2021-04-26,-3.26086956521739,-9.0,6
2021-04-26,-5.74712643678161,-10.0,6
2021-04-26,-7.30769230769231,-10.0,6
2021-04-26,-7.95698924731183,-10.0,6
2021-04-26,-6.38686131386861,-10.0,17
2021-04-26,-2.11480362537764,-2.0,6
2021-04-26,-6.39147802929428,-9.0,7
2021-04-26,-6.15796519410977,-10.0,11
2021-04-26,-8.19327731092437,-10.0,10
2021-04-26,-6.08465608465608,-10.0,8
2021-04-19,-8.78048780487805,-10.0,7
2021-04-19,-6.16016427104723,-5.0,6
2021-04-19,-3.8659793814433,-10.0,6
2021-04-19,-9.55223880597013,-5.0,8
2021-04-19,-6.04703247480403,-4.4,8
2021-04-19,-0.91799265605876,-4.0,7
2021-04-19,-5.02793296089386,-5.0,14
2021-04-12,-6.34517766497462,-5.0,6
2021-04-12,-11.660777385159,-10.0,7
2021-04-12,-9.03790087463556,-5.0,37
2021-04-12,-8.93371757925072,-4.0,10
2021-04-12,-5.77136514983352,-10.0,8
2021-04-12,-13.1274131274131,-10.0,21
2021-04-12,-4.49438202247191,-10.0,19
2021-04-12,-13.2295719844358,-5.0,12
2021-04-12,-6.42570281124499,-5.0,17
2021-04-12,-11.8577075098815,-9.0,6
2021-04-12,-7.42705570291773,-5.0,7
2021-04-12,-8.93371757925072,-5.0,11
2021-04-12,-13.2295719844358,-10.0,6
2021-04-12,-3.7719298245614,-5.0,21
2021-04-12,-11.660777385159,-5.0,21
2021-04-12,-7.96019900497513,-10.0,9
2021-04-12,-11.660777385159,-10.0,7
2021-04-12,-5.09666080843586,-5.0,6
2021-04-12,-11.660777385159,-5.0,14
2021-04-12,-13.1274131274131,-5.0,11
2021-04-05,-9.09090909090909,-10.0,14
2021-04-05,-6.46551724137931,-10.0,9
2021-04-05,-7.95454545454545,-9.0,17
2021-04-05,-6.54121863799283,-10.0,10
2021-04-05,-6.08365019011407,-10.0,6
2021-04-05,-8.39694656488548,-10.0,6
2021-04-05,-6.60377358490566,-5.0,6
2021-04-05,-6.08108108108108,-10.0,7
2021-04-05,-7.02875399361022,-10.0,8
2021-04-05,-0.86206896551724,-10.0,9
2021-03-29,-5.98802395209581,-10.0,11
2021-03-29,-5.17241379310345,-10.0,6
2021-03-29,-10.0,-10.0,10
2021-03-29,-12.7118644067797,-10.0,21
2021-03-29,-2.47093023255814,-5.0,9
2021-03-29,-8.29145728643216,-10.0,7
2021-03-29,-8.76288659793815,-10.0,7
2021-03-22,-7.45341614906833,-10.0,6
2021-03-22,-6.19469026548672,-9.5,8
2021-03-22,-8.55614973262029,-10.0,6
2021-03-22,-11.0726643598616,-10.0,11
2021-03-22,-7.00389105058366,-5.0,6
2021-03-22,-9.39226519337019,-10.0,9
2021-03-22,-11.25,-10.0,14
2021-03-22,-6.83760683760684,-5.0,10
2021-03-15,-7.59878419452887,-2.0,6
2021-03-15,-9.52380952380952,-5.0,20
2021-03-15,-5.48885077186964,-5.0,6
2021-03-15,-6.42857142857143,-9.0,7
2021-03-15,-3.69003690036901,-9.0,6
2021-03-15,-4.25531914893617,-5.0,6
2021-03-15,-6.42857142857143,-9.0,11
2021-03-15,-6.63265306122449,-10.0,6
2021-03-15,-1.24610591900312,-4.4,9
2021-03-15,1.58371040723982,-5.0,9
2021-03-15,-8.65800865800866,-2.0,17
2021-03-15,-15.7894736842105,-10.0,6
2021-03-15,-10.4761904761905,-10.0,18
2021-03-08,-1.98019801980197,-10.0,7
2021-03-08,-3.93258426966293,-10.0,15
2021-03-08,-2.89699570815451,-9.0,6
2021-03-08,-9.88700564971748,-10.0,6
2021-03-08,-0.72655217965654,-8.0,6
2021-03-08,-1.29138295374502,-5.0,10
2021-03-01,-3.48837209302325,-4.0,9
2021-03-01,-2.83400809716599,-5.0,7
2021-03-01,-1.53256704980843,-10.0,14
2021-03-01,-2.83400809716599,-5.0,9
2021-03-01,-8.17438692098092,-10.0,6
2021-02-22,-5.45454545454545,-5.0,7
2021-02-22,-10.2739726027397,-9.2,8
2021-02-22,-8.27067669172932,-10.0,13
2021-02-15,-6.46551724137931,-10.0,11
2021-02-15,-0.89552238805971,-10.0,39
2021-02-15,-4.88782051282052,-10.0,9
2021-02-15,-5.80357142857142,-10.0,10
2021-02-15,-2.60869565217391,-7.0,6
2021-02-15,-5.75221238938053,-10.0,6
2021-02-15,-2.15686274509804,-10.0,6
2021-02-15,-1.24333925399645,-10.0,10
2021-02-15,-0.86299892125135,-10.0,9
2021-02-15,-5.75221238938053,-9.0,9
2021-02-08,-7.95454545454546,-9.0,31
2021-02-08,-5.1975051975052,-5.0,6
2021-02-08,-3.8560411311054,-4.4,8
2021-02-08,-8.23970037453184,-7.0,50
2021-02-01,-5.73566084788029,-5.0,6
2021-02-01,0.0,-5.0,8
2021-02-01,-1.50987224157956,-4.0,8
2021-02-01,-4.32220039292731,-4.4,71
2021-01-25,-7.86163522012579,-10.0,22
2021-01-25,-3.012912482066,-10.0,13
2021-01-25,-7.03363914373089,-5.0,7
2021-01-25,-4.75409836065574,-10.0,15
2021-01-25,-6.53061224489796,-4.0,7
2021-01-25,-0.28328611898017,-4.0,7
2021-01-18,-9.41558441558445,-10.0,6
2021-01-18,-8.08823529411764,-10.0,8
2021-01-18,-4.32692307692308,-9.0,6
2021-01-18,-2.07612456747404,-4.0,6
2021-01-18,-5.46184738955823,-5.0,9
2021-01-18,-2.06473214285714,-7.0,14
2021-01-18,-8.60927152317881,-10.0,6
2021-01-18,-7.28051391862955,-9.0,7
2021-01-18,-8.88888888888888,-10.0,10
2021-01-18,-1.8970189701897,-5.0,15
2021-01-18,-5.18650616733542,-5.0,11
2021-01-11,-1.02040816326531,-5.0,7
2021-01-11,-10.5691056910569,-10.0,8
2021-01-11,-10.4477611940299,-9.0,9
2021-01-11,-8.76623376623377,-10.0,12
2021-01-11,-5.56414219474497,-5.0,6
2021-01-11,-10.4838709677419,-9.5,13
2021-01-11,-4.84581497797357,-10.0,15
2021-01-11,-8.76623376623377,-10.0,7
2021-01-04,-3.68421052631579,-9.5,12
2021-01-04,-2.81195079086116,-10.0,6
2021-01-04,-3.25732899022801,-10.0,8
2021-01-04,-7.77777777777778,-10.0,6
2021-01-04,-1.41129032258064,-10.0,7
2021-01-04,-3.470715835141,-10.0,8
2021-01-04,-5.78817733990148,-4.4,10
2021-01-04,-8.20512820512821,-10.0,17
2021-01-04,-4.76190476190477,-10.0,6
2021-01-04,-6.77506775067751,-10.0,8
2021-01-04,-3.2312925170068,-10.0,12
2021-01-04,-3.24675324675324,-10.0,12
2021-01-04,-1.68855534709193,-10.0,7
