mention_week,conflict_country_name,conflict_continent,material_conflict_mentions,google_search
2015-02-16,United States,North America,98192,https://www.google.com/search?q=site:npr.org+United States+news+after:2015-02-16+before:2015-02-23
2015-02-16,Ukraine,Europe,22242,https://www.google.com/search?q=site:bbc.com+Ukraine+news+after:2015-02-16+before:2015-02-23
2015-02-16,Syria,Asia,15591,https://www.google.com/search?q=site:pbs.org+Syria+news+after:2015-02-16+before:2015-02-23
2015-02-16,Russia,Europe,12586,https://www.google.com/search?q=site:aljazeera.com+Russia+news+after:2015-02-16+before:2015-02-23
2015-02-16,Australia,Oceania,12322,https://www.google.com/search?q=site:pbs.org+Australia+news+after:2015-02-16+before:2015-02-23
2015-02-23,United States,North America,220589,https://www.google.com/search?q=site:bbc.com+United States+news+after:2015-02-23+before:2015-03-02
2015-02-23,Russia,Europe,50240,https://www.google.com/search?q=site:pbs.org+Russia+news+after:2015-02-23+before:2015-03-02
2015-02-23,Syria,Asia,41214,https://www.google.com/search?q=site:pbs.org+Syria+news+after:2015-02-23+before:2015-03-02
2015-02-23,Iraq,Asia,36043,https://www.google.com/search?q=site:dw.com+Iraq+news+after:2015-02-23+before:2015-03-02
2015-02-23,Ukraine,Europe,29132,https://www.google.com/search?q=site:bbc.com+Ukraine+news+after:2015-02-23+before:2015-03-02
2015-03-02,United States,North America,237230,https://www.google.com/search?q=site:pbs.org+United States+news+after:2015-03-02+before:2015-03-09
2015-03-02,Russia,Europe,48205,https://www.google.com/search?q=site:reuters.com+Russia+news+after:2015-03-02+before:2015-03-09
2015-03-02,Iraq,Asia,37647,https://www.google.com/search?q=site:npr.org+Iraq+news+after:2015-03-02+before:2015-03-09
2015-03-02,Syria,Asia,28358,https://www.google.com/search?q=site:apnews.com+Syria+news+after:2015-03-02+before:2015-03-09
2015-03-02,Australia,Oceania,25787,https://www.google.com/search?q=site:apnews.com+Australia+news+after:2015-03-02+before:2015-03-09
2015-03-09,United States,North America,241638,https://www.google.com/search?q=site:bbc.com+United States+news+after:2015-03-09+before:2015-03-16
2015-03-09,Iraq,Asia,49619,https://www.google.com/search?q=site:apnews.com+Iraq+news+after:2015-03-09+before:2015-03-16
2015-03-09,Syria,Asia,32104,https://www.google.com/search?q=site:reuters.com+Syria+news+after:2015-03-09+before:2015-03-16
2015-03-09,Russia,Europe,26761,https://www.google.com/search?q=site:pbs.org+Russia+news+after:2015-03-09+before:2015-03-16
2015-03-09,India,Asia,24248,https://www.google.com/search?q=site:dw.com+India+news+after:2015-03-09+before:2015-03-16
2015-03-16,United States,North America,254968,https://www.google.com/search?q=site:aljazeera.com+United States+news+after:2015-03-16+before:2015-03-23
2015-03-16,Tunisia,Africa,53783,https://www.google.com/search?q=site:reuters.com+Tunisia+news+after:2015-03-16+before:2015-03-23
2015-03-16,Yemen,Asia,28897,https://www.google.com/search?q=site:bbc.com+Yemen+news+after:2015-03-16+before:2015-03-23
2015-03-16,Pakistan,Asia,25481,https://www.google.com/search?q=site:dw.com+Pakistan+news+after:2015-03-16+before:2015-03-23
2015-03-16,Syria,Asia,25295,https://www.google.com/search?q=site:reuters.com+Syria+news+after:2015-03-16+before:2015-03-23
2015-03-23,United States,North America,218574,https://www.google.com/search?q=site:aljazeera.com+United States+news+after:2015-03-23+before:2015-03-30
2015-03-23,Yemen,Asia,42815,https://www.google.com/search?q=site:reuters.com+Yemen+news+after:2015-03-23+before:2015-03-30
2015-03-23,United Kingdom,Europe,24360,https://www.google.com/search?q=site:reuters.com+United Kingdom+news+after:2015-03-23+before:2015-03-30
2015-03-23,Saudi Arabia,Asia,22885,https://www.google.com/search?q=site:reuters.com+Saudi Arabia+news+after:2015-03-23+before:2015-03-30
2015-03-23,Syria,Asia,22772,https://www.google.com/search?q=site:pbs.org+Syria+news+after:2015-03-23+before:2015-03-30
2015-03-30,United States,North America,199901,https://www.google.com/search?q=site:aljazeera.com+United States+news+after:2015-03-30+before:2015-04-06
2015-03-30,Kenya,Africa,61008,https://www.google.com/search?q=site:npr.org+Kenya+news+after:2015-03-30+before:2015-04-06
2015-03-30,Yemen,Asia,37011,https://www.google.com/search?q=site:dw.com+Yemen+news+after:2015-03-30+before:2015-04-06
2015-03-30,Syria,Asia,26394,https://www.google.com/search?q=site:pbs.org+Syria+news+after:2015-03-30+before:2015-04-06
2015-03-30,Saudi Arabia,Asia,26015,https://www.google.com/search?q=site:npr.org+Saudi Arabia+news+after:2015-03-30+before:2015-04-06
2015-04-06,United States,North America,258132,https://www.google.com/search?q=site:apnews.com+United States+news+after:2015-04-06+before:2015-04-13
2015-04-06,Syria,Asia,27477,https://www.google.com/search?q=site:reuters.com+Syria+news+after:2015-04-06+before:2015-04-13
2015-04-06,Yemen,Asia,25881,https://www.google.com/search?q=site:aljazeera.com+Yemen+news+after:2015-04-06+before:2015-04-13
2015-04-06,Kenya,Africa,23850,https://www.google.com/search?q=site:npr.org+Kenya+news+after:2015-04-06+before:2015-04-13
2015-04-06,Australia,Oceania,20326,https://www.google.com/search?q=site:apnews.com+Australia+news+after:2015-04-06+before:2015-04-13
2015-04-13,United States,North America,234949,https://www.google.com/search?q=site:bbc.com+United States+news+after:2015-04-13+before:2015-04-20
2015-04-13,Iraq,Asia,46449,https://www.google.com/search?q=site:dw.com+Iraq+news+after:2015-04-13+before:2015-04-20
2015-04-13,Australia,Oceania,27866,https://www.google.com/search?q=site:npr.org+Australia+news+after:2015-04-13+before:2015-04-20
2015-04-13,Yemen,Asia,22379,https://www.google.com/search?q=site:bbc.com+Yemen+news+after:2015-04-13+before:2015-04-20
2015-04-13,Ukraine,Europe,20884,https://www.google.com/search?q=site:npr.org+Ukraine+news+after:2015-04-13+before:2015-04-20
2015-04-20,United States,North America,239721,https://www.google.com/search?q=site:apnews.com+United States+news+after:2015-04-20+before:2015-04-27
2015-04-20,Australia,Oceania,30903,https://www.google.com/search?q=site:dw.com+Australia+news+after:2015-04-20+before:2015-04-27
2015-04-20,Syria,Asia,29570,https://www.google.com/search?q=site:reuters.com+Syria+news+after:2015-04-20+before:2015-04-27
2015-04-20,Iraq,Asia,23811,https://www.google.com/search?q=site:apnews.com+Iraq+news+after:2015-04-20+before:2015-04-27
2015-04-20,Yemen,Asia,22519,https://www.google.com/search?q=site:pbs.org+Yemen+news+after:2015-04-20+before:2015-04-27
2015-04-27,United States,North America,291392,https://www.google.com/search?q=site:pbs.org+United States+news+after:2015-04-27+before:2015-05-04
2015-04-27,Australia,Oceania,36462,https://www.google.com/search?q=site:aljazeera.com+Australia+news+after:2015-04-27+before:2015-05-04
2015-04-27,Indonesia,Asia,33316,https://www.google.com/search?q=site:dw.com+Indonesia+news+after:2015-04-27+before:2015-05-04
2015-04-27,Syria,Asia,32022,https://www.google.com/search?q=site:aljazeera.com+Syria+news+after:2015-04-27+before:2015-05-04
2015-04-27,Nigeria,Africa,20807,https://www.google.com/search?q=site:bbc.com+Nigeria+news+after:2015-04-27+before:2015-05-04
2015-05-04,United States,North America,315083,https://www.google.com/search?q=site:aljazeera.com+United States+news+after:2015-05-04+before:2015-05-11
2015-05-04,Syria,Asia,30065,https://www.google.com/search?q=site:bbc.com+Syria+news+after:2015-05-04+before:2015-05-11
2015-05-04,United Kingdom,Europe,29550,https://www.google.com/search?q=site:dw.com+United Kingdom+news+after:2015-05-04+before:2015-05-11
2015-05-04,Australia,Oceania,21389,https://www.google.com/search?q=site:apnews.com+Australia+news+after:2015-05-04+before:2015-05-11
2015-05-04,Iraq,Asia,19200,https://www.google.com/search?q=site:reuters.com+Iraq+news+after:2015-05-04+before:2015-05-11
2015-05-11,United States,North America,275187,https://www.google.com/search?q=site:aljazeera.com+United States+news+after:2015-05-11+before:2015-05-18
2015-05-11,Syria,Asia,37424,https://www.google.com/search?q=site:reuters.com+Syria+news+after:2015-05-11+before:2015-05-18
2015-05-11,Iraq,Asia,33071,https://www.google.com/search?q=site:reuters.com+Iraq+news+after:2015-05-11+before:2015-05-18
2015-05-11,Afghanistan,Asia,30635,https://www.google.com/search?q=site:bbc.com+Afghanistan+news+after:2015-05-11+before:2015-05-18
2015-05-11,Egypt,Africa,23564,https://www.google.com/search?q=site:bbc.com+Egypt+news+after:2015-05-11+before:2015-05-18
2015-05-18,United States,North America,288511,https://www.google.com/search?q=site:aljazeera.com+United States+news+after:2015-05-18+before:2015-05-25
2015-05-18,Iraq,Asia,43867,https://www.google.com/search?q=site:reuters.com+Iraq+news+after:2015-05-18+before:2015-05-25
2015-05-18,Syria,Asia,38910,https://www.google.com/search?q=site:apnews.com+Syria+news+after:2015-05-18+before:2015-05-25
2015-05-18,Australia,Oceania,19957,https://www.google.com/search?q=site:reuters.com+Australia+news+after:2015-05-18+before:2015-05-25
2015-05-18,United Kingdom,Europe,19540,https://www.google.com/search?q=site:npr.org+United Kingdom+news+after:2015-05-18+before:2015-05-25
2015-05-25,United States,North America,215843,https://www.google.com/search?q=site:apnews.com+United States+news+after:2015-05-25+before:2015-06-01
2015-05-25,Syria,Asia,34968,https://www.google.com/search?q=site:bbc.com+Syria+news+after:2015-05-25+before:2015-06-01
2015-05-25,Iraq,Asia,32707,https://www.google.com/search?q=site:npr.org+Iraq+news+after:2015-05-25+before:2015-06-01
2015-05-25,Australia,Oceania,20671,https://www.google.com/search?q=site:dw.com+Australia+news+after:2015-05-25+before:2015-06-01
2015-05-25,Israel,Asia,20233,https://www.google.com/search?q=site:npr.org+Israel+news+after:2015-05-25+before:2015-06-01
2015-06-01,United States,North America,220768,https://www.google.com/search?q=site:reuters.com+United States+news+after:2015-06-01+before:2015-06-08
2015-06-01,Iraq,Asia,31521,https://www.google.com/search?q=site:pbs.org+Iraq+news+after:2015-06-01+before:2015-06-08
2015-06-01,Syria,Asia,28195,https://www.google.com/search?q=site:reuters.com+Syria+news+after:2015-06-01+before:2015-06-08
2015-06-01,Ukraine,Europe,24326,https://www.google.com/search?q=site:bbc.com+Ukraine+news+after:2015-06-01+before:2015-06-08
2015-06-01,China,Asia,22990,https://www.google.com/search?q=site:npr.org+China+news+after:2015-06-01+before:2015-06-08
2015-06-08,United States,North America,293769,https://www.google.com/search?q=site:aljazeera.com+United States+news+after:2015-06-08+before:2015-06-15
2015-06-08,Syria,Asia,30591,https://www.google.com/search?q=site:apnews.com+Syria+news+after:2015-06-08+before:2015-06-15
2015-06-08,Iraq,Asia,21340,https://www.google.com/search?q=site:dw.com+Iraq+news+after:2015-06-08+before:2015-06-15
2015-06-08,India,Asia,21331,https://www.google.com/search?q=site:reuters.com+India+news+after:2015-06-08+before:2015-06-15
2015-06-08,Israel,Asia,20862,https://www.google.com/search?q=site:pbs.org+Israel+news+after:2015-06-08+before:2015-06-15
2015-06-15,United States,North America,360502,https://www.google.com/search?q=site:reuters.com+United States+news+after:2015-06-15+before:2015-06-22
2015-06-15,Syria,Asia,29343,https://www.google.com/search?q=site:reuters.com+Syria+news+after:2015-06-15+before:2015-06-22
2015-06-15,Iraq,Asia,21305,https://www.google.com/search?q=site:npr.org+Iraq+news+after:2015-06-15+before:2015-06-22
2015-06-15,Australia,Oceania,20470,https://www.google.com/search?q=site:dw.com+Australia+news+after:2015-06-15+before:2015-06-22
2015-06-15,Israel,Asia,20175,https://www.google.com/search?q=site:bbc.com+Israel+news+after:2015-06-15+before:2015-06-22
2015-06-22,United States,North America,415312,https://www.google.com/search?q=site:aljazeera.com+United States+news+after:2015-06-22+before:2015-06-29
2015-06-22,Tunisia,Africa,52109,https://www.google.com/search?q=site:npr.org+Tunisia+news+after:2015-06-22+before:2015-06-29
2015-06-22,Syria,Asia,50695,https://www.google.com/search?q=site:aljazeera.com+Syria+news+after:2015-06-22+before:2015-06-29
2015-06-22,France,Europe,30642,https://www.google.com/search?q=site:apnews.com+France+news+after:2015-06-22+before:2015-06-29
2015-06-22,United Kingdom,Europe,28883,https://www.google.com/search?q=site:reuters.com+United Kingdom+news+after:2015-06-22+before:2015-06-29
2015-06-29,United States,North America,248018,https://www.google.com/search?q=site:pbs.org+United States+news+after:2015-06-29+before:2015-07-06
2015-06-29,Egypt,Africa,67514,https://www.google.com/search?q=site:dw.com+Egypt+news+after:2015-06-29+before:2015-07-06
2015-06-29,Syria,Asia,40976,https://www.google.com/search?q=site:dw.com+Syria+news+after:2015-06-29+before:2015-07-06
2015-06-29,Israel,Asia,32110,https://www.google.com/search?q=site:dw.com+Israel+news+after:2015-06-29+before:2015-07-06
2015-06-29,Tunisia,Africa,29938,https://www.google.com/search?q=site:reuters.com+Tunisia+news+after:2015-06-29+before:2015-07-06
2015-07-06,United States,North America,305005,https://www.google.com/search?q=site:dw.com+United States+news+after:2015-07-06+before:2015-07-13
2015-07-06,Syria,Asia,37143,https://www.google.com/search?q=site:dw.com+Syria+news+after:2015-07-06+before:2015-07-13
2015-07-06,Israel,Asia,31625,https://www.google.com/search?q=site:apnews.com+Israel+news+after:2015-07-06+before:2015-07-13
2015-07-06,United Kingdom,Europe,27252,https://www.google.com/search?q=site:apnews.com+United Kingdom+news+after:2015-07-06+before:2015-07-13
2015-07-06,Australia,Oceania,24476,https://www.google.com/search?q=site:bbc.com+Australia+news+after:2015-07-06+before:2015-07-13
2015-07-13,United States,North America,322745,https://www.google.com/search?q=site:reuters.com+United States+news+after:2015-07-13+before:2015-07-20
2015-07-13,Australia,Oceania,26060,https://www.google.com/search?q=site:aljazeera.com+Australia+news+after:2015-07-13+before:2015-07-20
2015-07-13,Ukraine,Europe,24645,https://www.google.com/search?q=site:bbc.com+Ukraine+news+after:2015-07-13+before:2015-07-20
2015-07-13,Iran,Asia,23337,https://www.google.com/search?q=site:npr.org+Iran+news+after:2015-07-13+before:2015-07-20
2015-07-13,Iraq,Asia,22790,https://www.google.com/search?q=site:aljazeera.com+Iraq+news+after:2015-07-13+before:2015-07-20
2015-07-20,United States,North America,307747,https://www.google.com/search?q=site:aljazeera.com+United States+news+after:2015-07-20+before:2015-07-27
2015-07-20,Turkey,Asia,78131,https://www.google.com/search?q=site:apnews.com+Turkey+news+after:2015-07-20+before:2015-07-27
2015-07-20,Syria,Asia,48116,https://www.google.com/search?q=site:reuters.com+Syria+news+after:2015-07-20+before:2015-07-27
2015-07-20,Israel,Asia,26063,https://www.google.com/search?q=site:bbc.com+Israel+news+after:2015-07-20+before:2015-07-27
2015-07-20,Australia,Oceania,22453,https://www.google.com/search?q=site:aljazeera.com+Australia+news+after:2015-07-20+before:2015-07-27
2015-07-27,United States,North America,306462,https://www.google.com/search?q=site:dw.com+United States+news+after:2015-07-27+before:2015-08-03
2015-07-27,Turkey,Asia,68899,https://www.google.com/search?q=site:pbs.org+Turkey+news+after:2015-07-27+before:2015-08-03
2015-07-27,Israel,Asia,55245,https://www.google.com/search?q=site:aljazeera.com+Israel+news+after:2015-07-27+before:2015-08-03
2015-07-27,Syria,Asia,34258,https://www.google.com/search?q=site:dw.com+Syria+news+after:2015-07-27+before:2015-08-03
2015-07-27,Zimbabwe,Africa,26729,https://www.google.com/search?q=site:npr.org+Zimbabwe+news+after:2015-07-27+before:2015-08-03
2015-08-03,United States,North America,269586,https://www.google.com/search?q=site:reuters.com+United States+news+after:2015-08-03+before:2015-08-10
2015-08-03,Israel,Asia,34230,https://www.google.com/search?q=site:reuters.com+Israel+news+after:2015-08-03+before:2015-08-10
2015-08-03,Syria,Asia,30014,https://www.google.com/search?q=site:dw.com+Syria+news+after:2015-08-03+before:2015-08-10
2015-08-03,Turkey,Asia,29158,https://www.google.com/search?q=site:reuters.com+Turkey+news+after:2015-08-03+before:2015-08-10
2015-08-03,Afghanistan,Asia,19405,https://www.google.com/search?q=site:bbc.com+Afghanistan+news+after:2015-08-03+before:2015-08-10
2015-08-10,United States,North America,302426,https://www.google.com/search?q=site:pbs.org+United States+news+after:2015-08-10+before:2015-08-17
2015-08-10,Turkey,Asia,52132,https://www.google.com/search?q=site:dw.com+Turkey+news+after:2015-08-10+before:2015-08-17
2015-08-10,Syria,Asia,37029,https://www.google.com/search?q=site:npr.org+Syria+news+after:2015-08-10+before:2015-08-17
2015-08-10,Iraq,Asia,26423,https://www.google.com/search?q=site:aljazeera.com+Iraq+news+after:2015-08-10+before:2015-08-17
2015-08-10,Australia,Oceania,20732,https://www.google.com/search?q=site:reuters.com+Australia+news+after:2015-08-10+before:2015-08-17
2015-08-17,United States,North America,253062,https://www.google.com/search?q=site:pbs.org+United States+news+after:2015-08-17+before:2015-08-24
2015-08-17,Syria,Asia,33024,https://www.google.com/search?q=site:reuters.com+Syria+news+after:2015-08-17+before:2015-08-24
2015-08-17,Australia,Oceania,27044,https://www.google.com/search?q=site:npr.org+Australia+news+after:2015-08-17+before:2015-08-24
2015-08-17,South Korea,Asia,26760,https://www.google.com/search?q=site:bbc.com+South Korea+news+after:2015-08-17+before:2015-08-24
2015-08-17,United Kingdom,Europe,24233,https://www.google.com/search?q=site:reuters.com+United Kingdom+news+after:2015-08-17+before:2015-08-24
2015-08-24,United States,North America,329447,https://www.google.com/search?q=site:reuters.com+United States+news+after:2015-08-24+before:2015-08-31
2015-08-24,Australia,Oceania,32442,https://www.google.com/search?q=site:npr.org+Australia+news+after:2015-08-24+before:2015-08-31
2015-08-24,Egypt,Africa,27917,https://www.google.com/search?q=site:npr.org+Egypt+news+after:2015-08-24+before:2015-08-31
2015-08-24,Syria,Asia,24737,https://www.google.com/search?q=site:aljazeera.com+Syria+news+after:2015-08-24+before:2015-08-31
2015-08-24,India,Asia,22912,https://www.google.com/search?q=site:reuters.com+India+news+after:2015-08-24+before:2015-08-31
2015-08-31,United States,North America,274894,https://www.google.com/search?q=site:apnews.com+United States+news+after:2015-08-31+before:2015-09-07
2015-08-31,Syria,Asia,38170,https://www.google.com/search?q=site:dw.com+Syria+news+after:2015-08-31+before:2015-09-07
2015-08-31,Turkey,Asia,29380,https://www.google.com/search?q=site:reuters.com+Turkey+news+after:2015-08-31+before:2015-09-07
2015-08-31,Australia,Oceania,26346,https://www.google.com/search?q=site:reuters.com+Australia+news+after:2015-08-31+before:2015-09-07
2015-08-31,Yemen,Asia,24325,https://www.google.com/search?q=site:npr.org+Yemen+news+after:2015-08-31+before:2015-09-07
2015-09-07,United States,North America,210750,https://www.google.com/search?q=site:pbs.org+United States+news+after:2015-09-07+before:2015-09-14
2015-09-07,Turkey,Asia,42381,https://www.google.com/search?q=site:reuters.com+Turkey+news+after:2015-09-07+before:2015-09-14
2015-09-07,Syria,Asia,36167,https://www.google.com/search?q=site:aljazeera.com+Syria+news+after:2015-09-07+before:2015-09-14
2015-09-07,United Kingdom,Europe,24564,https://www.google.com/search?q=site:pbs.org+United Kingdom+news+after:2015-09-07+before:2015-09-14
2015-09-07,Australia,Oceania,22837,https://www.google.com/search?q=site:aljazeera.com+Australia+news+after:2015-09-07+before:2015-09-14
2015-09-14,United States,North America,309599,https://www.google.com/search?q=site:npr.org+United States+news+after:2015-09-14+before:2015-09-21
2015-09-14,Hungary,Europe,43242,https://www.google.com/search?q=site:reuters.com+Hungary+news+after:2015-09-14+before:2015-09-21
2015-09-14,Israel,Asia,37554,https://www.google.com/search?q=site:apnews.com+Israel+news+after:2015-09-14+before:2015-09-21
2015-09-14,Syria,Asia,35684,https://www.google.com/search?q=site:apnews.com+Syria+news+after:2015-09-14+before:2015-09-21
2015-09-14,Egypt,Africa,28400,https://www.google.com/search?q=site:dw.com+Egypt+news+after:2015-09-14+before:2015-09-21
2015-09-21,United States,North America,200674,https://www.google.com/search?q=site:bbc.com+United States+news+after:2015-09-21+before:2015-09-28
2015-09-21,Syria,Asia,27884,https://www.google.com/search?q=site:apnews.com+Syria+news+after:2015-09-21+before:2015-09-28
2015-09-21,Saudi Arabia,Asia,25506,https://www.google.com/search?q=site:reuters.com+Saudi Arabia+news+after:2015-09-21+before:2015-09-28
2015-09-21,Israel,Asia,23691,https://www.google.com/search?q=site:dw.com+Israel+news+after:2015-09-21+before:2015-09-28
2015-09-21,Russia,Europe,23328,https://www.google.com/search?q=site:aljazeera.com+Russia+news+after:2015-09-21+before:2015-09-28
2015-09-28,United States,North America,365691,https://www.google.com/search?q=site:dw.com+United States+news+after:2015-09-28+before:2015-10-05
2015-09-28,Russia,Europe,80783,https://www.google.com/search?q=site:apnews.com+Russia+news+after:2015-09-28+before:2015-10-05
2015-09-28,Syria,Asia,73797,https://www.google.com/search?q=site:reuters.com+Syria+news+after:2015-09-28+before:2015-10-05
2015-09-28,Afghanistan,Asia,57893,https://www.google.com/search?q=site:reuters.com+Afghanistan+news+after:2015-09-28+before:2015-10-05
2015-09-28,Israel,Asia,45588,https://www.google.com/search?q=site:bbc.com+Israel+news+after:2015-09-28+before:2015-10-05
2015-10-05,United States,North America,261366,https://www.google.com/search?q=site:npr.org+United States+news+after:2015-10-05+before:2015-10-12
2015-10-05,Israel,Asia,154766,https://www.google.com/search?q=site:dw.com+Israel+news+after:2015-10-05+before:2015-10-12
2015-10-05,Syria,Asia,88383,https://www.google.com/search?q=site:pbs.org+Syria+news+after:2015-10-05+before:2015-10-12
2015-10-05,Russia,Europe,82559,https://www.google.com/search?q=site:reuters.com+Russia+news+after:2015-10-05+before:2015-10-12
2015-10-05,Turkey,Asia,49932,https://www.google.com/search?q=site:pbs.org+Turkey+news+after:2015-10-05+before:2015-10-12
2015-10-12,United States,North America,235525,https://www.google.com/search?q=site:reuters.com+United States+news+after:2015-10-12+before:2015-10-19
2015-10-12,Israel,Asia,168718,https://www.google.com/search?q=site:apnews.com+Israel+news+after:2015-10-12+before:2015-10-19
2015-10-12,Syria,Asia,68118,https://www.google.com/search?q=site:aljazeera.com+Syria+news+after:2015-10-12+before:2015-10-19
2015-10-12,Russia,Europe,59144,https://www.google.com/search?q=site:reuters.com+Russia+news+after:2015-10-12+before:2015-10-19
2015-10-12,Turkey,Asia,43605,https://www.google.com/search?q=site:bbc.com+Turkey+news+after:2015-10-12+before:2015-10-19
2015-10-19,United States,North America,166797,https://www.google.com/search?q=site:dw.com+United States+news+after:2015-10-19+before:2015-10-26
2015-10-19,Israel,Asia,70733,https://www.google.com/search?q=site:reuters.com+Israel+news+after:2015-10-19+before:2015-10-26
2015-10-19,Syria,Asia,32307,https://www.google.com/search?q=site:npr.org+Syria+news+after:2015-10-19+before:2015-10-26
2015-10-19,Russia,Europe,25715,https://www.google.com/search?q=site:reuters.com+Russia+news+after:2015-10-19+before:2015-10-26
2015-10-19,Australia,Oceania,25323,https://www.google.com/search?q=site:npr.org+Australia+news+after:2015-10-19+before:2015-10-26
2015-10-26,United States,North America,255384,https://www.google.com/search?q=site:dw.com+United States+news+after:2015-10-26+before:2015-11-02
2015-10-26,Israel,Asia,59201,https://www.google.com/search?q=site:npr.org+Israel+news+after:2015-10-26+before:2015-11-02
2015-10-26,Australia,Oceania,53141,https://www.google.com/search?q=site:dw.com+Australia+news+after:2015-10-26+before:2015-11-02
2015-10-26,Syria,Asia,46733,https://www.google.com/search?q=site:pbs.org+Syria+news+after:2015-10-26+before:2015-11-02
2015-10-26,Russia,Europe,35556,https://www.google.com/search?q=site:bbc.com+Russia+news+after:2015-10-26+before:2015-11-02
2015-11-02,United States,North America,249348,https://www.google.com/search?q=site:reuters.com+United States+news+after:2015-11-02+before:2015-11-09
2015-11-02,Russia,Europe,66186,https://www.google.com/search?q=site:npr.org+Russia+news+after:2015-11-02+before:2015-11-09
2015-11-02,Egypt,Africa,47475,https://www.google.com/search?q=site:bbc.com+Egypt+news+after:2015-11-02+before:2015-11-09
2015-11-02,United Kingdom,Europe,42182,https://www.google.com/search?q=site:apnews.com+United Kingdom+news+after:2015-11-02+before:2015-11-09
2015-11-02,Syria,Asia,37153,https://www.google.com/search?q=site:pbs.org+Syria+news+after:2015-11-02+before:2015-11-09
2015-11-09,United States,North America,203211,https://www.google.com/search?q=site:reuters.com+United States+news+after:2015-11-09+before:2015-11-16
2015-11-09,France,Europe,93592,https://www.google.com/search?q=site:aljazeera.com+France+news+after:2015-11-09+before:2015-11-16
2015-11-09,Syria,Asia,47299,https://www.google.com/search?q=site:npr.org+Syria+news+after:2015-11-09+before:2015-11-16
2015-11-09,Israel,Asia,46294,https://www.google.com/search?q=site:npr.org+Israel+news+after:2015-11-09+before:2015-11-16
2015-11-09,United Kingdom,Europe,31675,https://www.google.com/search?q=site:reuters.com+United Kingdom+news+after:2015-11-09+before:2015-11-16
2015-11-16,United States,North America,212834,https://www.google.com/search?q=site:aljazeera.com+United States+news+after:2015-11-16+before:2015-11-23
2015-11-16,France,Europe,195683,https://www.google.com/search?q=site:reuters.com+France+news+after:2015-11-16+before:2015-11-23
2015-11-16,Syria,Asia,74535,https://www.google.com/search?q=site:bbc.com+Syria+news+after:2015-11-16+before:2015-11-23
2015-11-16,Israel,Asia,44367,https://www.google.com/search?q=site:bbc.com+Israel+news+after:2015-11-16+before:2015-11-23
2015-11-16,Belgium,Europe,43554,https://www.google.com/search?q=site:dw.com+Belgium+news+after:2015-11-16+before:2015-11-23
2015-11-23,United States,North America,250564,https://www.google.com/search?q=site:reuters.com+United States+news+after:2015-11-23+before:2015-11-30
2015-11-23,Russia,Europe,114505,https://www.google.com/search?q=site:reuters.com+Russia+news+after:2015-11-23+before:2015-11-30
2015-11-23,Turkey,Asia,112536,https://www.google.com/search?q=site:bbc.com+Turkey+news+after:2015-11-23+before:2015-11-30
2015-11-23,Syria,Asia,80383,https://www.google.com/search?q=site:pbs.org+Syria+news+after:2015-11-23+before:2015-11-30
2015-11-23,France,Europe,78046,https://www.google.com/search?q=site:bbc.com+France+news+after:2015-11-23+before:2015-11-30
2015-11-30,United States,North America,403780,https://www.google.com/search?q=site:npr.org+United States+news+after:2015-11-30+before:2015-12-07
2015-11-30,Syria,Asia,52025,https://www.google.com/search?q=site:reuters.com+Syria+news+after:2015-11-30+before:2015-12-07
2015-11-30,France,Europe,44777,https://www.google.com/search?q=site:bbc.com+France+news+after:2015-11-30+before:2015-12-07
2015-11-30,Russia,Europe,44659,https://www.google.com/search?q=site:dw.com+Russia+news+after:2015-11-30+before:2015-12-07
2015-11-30,Turkey,Asia,44544,https://www.google.com/search?q=site:aljazeera.com+Turkey+news+after:2015-11-30+before:2015-12-07
2015-12-07,United States,North America,318691,https://www.google.com/search?q=site:pbs.org+United States+news+after:2015-12-07+before:2015-12-14
2015-12-07,Syria,Asia,47411,https://www.google.com/search?q=site:npr.org+Syria+news+after:2015-12-07+before:2015-12-14
2015-12-07,Russia,Europe,41342,https://www.google.com/search?q=site:bbc.com+Russia+news+after:2015-12-07+before:2015-12-14
2015-12-07,Australia,Oceania,35614,https://www.google.com/search?q=site:aljazeera.com+Australia+news+after:2015-12-07+before:2015-12-14
2015-12-07,Israel,Asia,30459,https://www.google.com/search?q=site:apnews.com+Israel+news+after:2015-12-07+before:2015-12-14
2015-12-14,United States,North America,268775,https://www.google.com/search?q=site:aljazeera.com+United States+news+after:2015-12-14+before:2015-12-21
2015-12-14,Syria,Asia,41240,https://www.google.com/search?q=site:apnews.com+Syria+news+after:2015-12-14+before:2015-12-21
2015-12-14,Turkey,Asia,35987,https://www.google.com/search?q=site:aljazeera.com+Turkey+news+after:2015-12-14+before:2015-12-21
2015-12-14,Israel,Asia,34589,https://www.google.com/search?q=site:npr.org+Israel+news+after:2015-12-14+before:2015-12-21
2015-12-14,Russia,Europe,34116,https://www.google.com/search?q=site:aljazeera.com+Russia+news+after:2015-12-14+before:2015-12-21
2015-12-21,United States,North America,213592,https://www.google.com/search?q=site:reuters.com+United States+news+after:2015-12-21+before:2015-12-28
2015-12-21,Syria,Asia,59925,https://www.google.com/search?q=site:reuters.com+Syria+news+after:2015-12-21+before:2015-12-28
2015-12-21,Israel,Asia,52485,https://www.google.com/search?q=site:reuters.com+Israel+news+after:2015-12-21+before:2015-12-28
2015-12-21,Afghanistan,Asia,45218,https://www.google.com/search?q=site:reuters.com+Afghanistan+news+after:2015-12-21+before:2015-12-28
2015-12-21,Russia,Europe,28899,https://www.google.com/search?q=site:dw.com+Russia+news+after:2015-12-21+before:2015-12-28
2015-12-28,United States,North America,204470,https://www.google.com/search?q=site:apnews.com+United States+news+after:2015-12-28+before:2016-01-04
2015-12-28,Saudi Arabia,Asia,57456,https://www.google.com/search?q=site:aljazeera.com+Saudi Arabia+news+after:2015-12-28+before:2016-01-04
2015-12-28,Israel,Asia,40678,https://www.google.com/search?q=site:aljazeera.com+Israel+news+after:2015-12-28+before:2016-01-04
2015-12-28,Iraq,Asia,34912,https://www.google.com/search?q=site:npr.org+Iraq+news+after:2015-12-28+before:2016-01-04
2015-12-28,Syria,Asia,33420,https://www.google.com/search?q=site:npr.org+Syria+news+after:2015-12-28+before:2016-01-04
2016-01-04,United States,North America,278437,https://www.google.com/search?q=site:apnews.com+United States+news+after:2016-01-04+before:2016-01-11
2016-01-04,Saudi Arabia,Asia,106945,https://www.google.com/search?q=site:dw.com+Saudi Arabia+news+after:2016-01-04+before:2016-01-11
2016-01-04,Iran,Asia,89170,https://www.google.com/search?q=site:bbc.com+Iran+news+after:2016-01-04+before:2016-01-11
2016-01-04,Mexico,North America,45563,https://www.google.com/search?q=site:aljazeera.com+Mexico+news+after:2016-01-04+before:2016-01-11
2016-01-04,Israel,Asia,36740,https://www.google.com/search?q=site:bbc.com+Israel+news+after:2016-01-04+before:2016-01-11
2016-01-11,United States,North America,229066,https://www.google.com/search?q=site:aljazeera.com+United States+news+after:2016-01-11+before:2016-01-18
2016-01-11,Turkey,Asia,65815,https://www.google.com/search?q=site:apnews.com+Turkey+news+after:2016-01-11+before:2016-01-18
2016-01-11,Indonesia,Asia,48971,https://www.google.com/search?q=site:bbc.com+Indonesia+news+after:2016-01-11+before:2016-01-18
2016-01-11,Iran,Asia,47013,https://www.google.com/search?q=site:reuters.com+Iran+news+after:2016-01-11+before:2016-01-18
2016-01-11,Syria,Asia,43966,https://www.google.com/search?q=site:bbc.com+Syria+news+after:2016-01-11+before:2016-01-18
2016-01-18,United States,North America,211411,https://www.google.com/search?q=site:reuters.com+United States+news+after:2016-01-18+before:2016-01-25
2016-01-18,Pakistan,Asia,42964,https://www.google.com/search?q=site:npr.org+Pakistan+news+after:2016-01-18+before:2016-01-25
2016-01-18,Syria,Asia,33256,https://www.google.com/search?q=site:aljazeera.com+Syria+news+after:2016-01-18+before:2016-01-25
2016-01-18,Israel,Asia,32032,https://www.google.com/search?q=site:npr.org+Israel+news+after:2016-01-18+before:2016-01-25
2016-01-18,Russia,Europe,29236,https://www.google.com/search?q=site:reuters.com+Russia+news+after:2016-01-18+before:2016-01-25
2016-01-25,United States,North America,258936,https://www.google.com/search?q=site:bbc.com+United States+news+after:2016-01-25+before:2016-02-01
2016-01-25,Syria,Asia,28568,https://www.google.com/search?q=site:npr.org+Syria+news+after:2016-01-25+before:2016-02-01
2016-01-25,Israel,Asia,26887,https://www.google.com/search?q=site:reuters.com+Israel+news+after:2016-01-25+before:2016-02-01
2016-01-25,Russia,Europe,22877,https://www.google.com/search?q=site:reuters.com+Russia+news+after:2016-01-25+before:2016-02-01
2016-01-25,Turkey,Asia,20654,https://www.google.com/search?q=site:pbs.org+Turkey+news+after:2016-01-25+before:2016-02-01
2016-02-01,United States,North America,242094,https://www.google.com/search?q=site:dw.com+United States+news+after:2016-02-01+before:2016-02-08
2016-02-01,Israel,Asia,58556,https://www.google.com/search?q=site:reuters.com+Israel+news+after:2016-02-01+before:2016-02-08
2016-02-01,Syria,Asia,53104,https://www.google.com/search?q=site:npr.org+Syria+news+after:2016-02-01+before:2016-02-08
2016-02-01,United Kingdom,Europe,29773,https://www.google.com/search?q=site:dw.com+United Kingdom+news+after:2016-02-01+before:2016-02-08
2016-02-01,Russia,Europe,29533,https://www.google.com/search?q=site:apnews.com+Russia+news+after:2016-02-01+before:2016-02-08
2016-02-08,United States,North America,283646,https://www.google.com/search?q=site:apnews.com+United States+news+after:2016-02-08+before:2016-02-15
2016-02-08,Syria,Asia,71971,https://www.google.com/search?q=site:npr.org+Syria+news+after:2016-02-08+before:2016-02-15
2016-02-08,Russia,Europe,37301,https://www.google.com/search?q=site:bbc.com+Russia+news+after:2016-02-08+before:2016-02-15
2016-02-08,Turkey,Asia,35366,https://www.google.com/search?q=site:reuters.com+Turkey+news+after:2016-02-08+before:2016-02-15
2016-02-08,Israel,Asia,33019,https://www.google.com/search?q=site:reuters.com+Israel+news+after:2016-02-08+before:2016-02-15
2016-02-15,United States,North America,258108,https://www.google.com/search?q=site:aljazeera.com+United States+news+after:2016-02-15+before:2016-02-22
2016-02-15,Syria,Asia,84082,https://www.google.com/search?q=site:npr.org+Syria+news+after:2016-02-15+before:2016-02-22
2016-02-15,Turkey,Asia,80214,https://www.google.com/search?q=site:npr.org+Turkey+news+after:2016-02-15+before:2016-02-22
2016-02-15,Israel,Asia,56522,https://www.google.com/search?q=site:pbs.org+Israel+news+after:2016-02-15+before:2016-02-22
2016-02-15,Russia,Europe,35709,https://www.google.com/search?q=site:npr.org+Russia+news+after:2016-02-15+before:2016-02-22
2016-02-22,United States,North America,330709,https://www.google.com/search?q=site:reuters.com+United States+news+after:2016-02-22+before:2016-02-29
2016-02-22,Syria,Asia,63092,https://www.google.com/search?q=site:npr.org+Syria+news+after:2016-02-22+before:2016-02-29
2016-02-22,Israel,Asia,60441,https://www.google.com/search?q=site:pbs.org+Israel+news+after:2016-02-22+before:2016-02-29
2016-02-22,Russia,Europe,32249,https://www.google.com/search?q=site:aljazeera.com+Russia+news+after:2016-02-22+before:2016-02-29
2016-02-22,Turkey,Asia,26129,https://www.google.com/search?q=site:reuters.com+Turkey+news+after:2016-02-22+before:2016-02-29
2016-02-29,United States,North America,258345,https://www.google.com/search?q=site:npr.org+United States+news+after:2016-02-29+before:2016-03-07
2016-02-29,Israel,Asia,49860,https://www.google.com/search?q=site:apnews.com+Israel+news+after:2016-02-29+before:2016-03-07
2016-02-29,Syria,Asia,45284,https://www.google.com/search?q=site:aljazeera.com+Syria+news+after:2016-02-29+before:2016-03-07
2016-02-29,Turkey,Asia,30067,https://www.google.com/search?q=site:reuters.com+Turkey+news+after:2016-02-29+before:2016-03-07
2016-02-29,Russia,Europe,26899,https://www.google.com/search?q=site:bbc.com+Russia+news+after:2016-02-29+before:2016-03-07
2016-03-07,United States,North America,275968,https://www.google.com/search?q=site:reuters.com+United States+news+after:2016-03-07+before:2016-03-14
2016-03-07,Israel,Asia,77865,https://www.google.com/search?q=site:aljazeera.com+Israel+news+after:2016-03-07+before:2016-03-14
2016-03-07,Syria,Asia,32899,https://www.google.com/search?q=site:dw.com+Syria+news+after:2016-03-07+before:2016-03-14
2016-03-07,Russia,Europe,25950,https://www.google.com/search?q=site:aljazeera.com+Russia+news+after:2016-03-07+before:2016-03-14
2016-03-07,Tunisia,Africa,25538,https://www.google.com/search?q=site:reuters.com+Tunisia+news+after:2016-03-07+before:2016-03-14
2016-03-14,United States,North America,228404,https://www.google.com/search?q=site:dw.com+United States+news+after:2016-03-14+before:2016-03-21
2016-03-14,Turkey,Asia,74893,https://www.google.com/search?q=site:dw.com+Turkey+news+after:2016-03-14+before:2016-03-21
2016-03-14,Belgium,Europe,51931,https://www.google.com/search?q=site:apnews.com+Belgium+news+after:2016-03-14+before:2016-03-21
2016-03-14,France,Europe,46374,https://www.google.com/search?q=site:bbc.com+France+news+after:2016-03-14+before:2016-03-21
2016-03-14,Israel,Asia,43130,https://www.google.com/search?q=site:apnews.com+Israel+news+after:2016-03-14+before:2016-03-21
2016-03-21,United States,North America,224003,https://www.google.com/search?q=site:dw.com+United States+news+after:2016-03-21+before:2016-03-28
2016-03-21,Belgium,Europe,183020,https://www.google.com/search?q=site:aljazeera.com+Belgium+news+after:2016-03-21+before:2016-03-28
2016-03-21,France,Europe,77653,https://www.google.com/search?q=site:apnews.com+France+news+after:2016-03-21+before:2016-03-28
2016-03-21,Syria,Asia,46750,https://www.google.com/search?q=site:apnews.com+Syria+news+after:2016-03-21+before:2016-03-28
2016-03-21,Israel,Asia,39978,https://www.google.com/search?q=site:pbs.org+Israel+news+after:2016-03-21+before:2016-03-28
2016-03-28,United States,North America,248030,https://www.google.com/search?q=site:aljazeera.com+United States+news+after:2016-03-28+before:2016-04-04
2016-03-28,Pakistan,Asia,44210,https://www.google.com/search?q=site:dw.com+Pakistan+news+after:2016-03-28+before:2016-04-04
2016-03-28,Belgium,Europe,43678,https://www.google.com/search?q=site:reuters.com+Belgium+news+after:2016-03-28+before:2016-04-04
2016-03-28,Israel,Asia,41971,https://www.google.com/search?q=site:reuters.com+Israel+news+after:2016-03-28+before:2016-04-04
2016-03-28,Syria,Asia,38797,https://www.google.com/search?q=site:dw.com+Syria+news+after:2016-03-28+before:2016-04-04
2016-04-04,United States,North America,230550,https://www.google.com/search?q=site:pbs.org+United States+news+after:2016-04-04+before:2016-04-11
2016-04-04,Syria,Asia,51636,https://www.google.com/search?q=site:dw.com+Syria+news+after:2016-04-04+before:2016-04-11
2016-04-04,Israel,Asia,33324,https://www.google.com/search?q=site:bbc.com+Israel+news+after:2016-04-04+before:2016-04-11
2016-04-04,Belgium,Europe,32696,https://www.google.com/search?q=site:reuters.com+Belgium+news+after:2016-04-04+before:2016-04-11
2016-04-04,France,Europe,30491,https://www.google.com/search?q=site:dw.com+France+news+after:2016-04-04+before:2016-04-11
2016-04-11,United States,North America,231358,https://www.google.com/search?q=site:reuters.com+United States+news+after:2016-04-11+before:2016-04-18
2016-04-11,Syria,Asia,46830,https://www.google.com/search?q=site:apnews.com+Syria+news+after:2016-04-11+before:2016-04-18
2016-04-11,Israel,Asia,45396,https://www.google.com/search?q=site:reuters.com+Israel+news+after:2016-04-11+before:2016-04-18
2016-04-11,Russia,Europe,25375,https://www.google.com/search?q=site:reuters.com+Russia+news+after:2016-04-11+before:2016-04-18
2016-04-11,Australia,Oceania,24989,https://www.google.com/search?q=site:pbs.org+Australia+news+after:2016-04-11+before:2016-04-18
2016-04-18,United States,North America,241312,https://www.google.com/search?q=site:reuters.com+United States+news+after:2016-04-18+before:2016-04-25
2016-04-18,Syria,Asia,43667,https://www.google.com/search?q=site:apnews.com+Syria+news+after:2016-04-18+before:2016-04-25
2016-04-18,Israel,Asia,42118,https://www.google.com/search?q=site:apnews.com+Israel+news+after:2016-04-18+before:2016-04-25
2016-04-18,Turkey,Asia,25394,https://www.google.com/search?q=site:reuters.com+Turkey+news+after:2016-04-18+before:2016-04-25
2016-04-18,Afghanistan,Asia,23702,https://www.google.com/search?q=site:npr.org+Afghanistan+news+after:2016-04-18+before:2016-04-25
2016-04-25,United States,North America,264427,https://www.google.com/search?q=site:pbs.org+United States+news+after:2016-04-25+before:2016-05-02
2016-04-25,Syria,Asia,59590,https://www.google.com/search?q=site:aljazeera.com+Syria+news+after:2016-04-25+before:2016-05-02
2016-04-25,Israel,Asia,48318,https://www.google.com/search?q=site:pbs.org+Israel+news+after:2016-04-25+before:2016-05-02
2016-04-25,Turkey,Asia,34031,https://www.google.com/search?q=site:reuters.com+Turkey+news+after:2016-04-25+before:2016-05-02
2016-04-25,Russia,Europe,25072,https://www.google.com/search?q=site:aljazeera.com+Russia+news+after:2016-04-25+before:2016-05-02
2016-05-02,United States,North America,283540,https://www.google.com/search?q=site:reuters.com+United States+news+after:2016-05-02+before:2016-05-09
2016-05-02,Syria,Asia,72954,https://www.google.com/search?q=site:reuters.com+Syria+news+after:2016-05-02+before:2016-05-09
2016-05-02,Israel,Asia,65624,https://www.google.com/search?q=site:reuters.com+Israel+news+after:2016-05-02+before:2016-05-09
2016-05-02,Turkey,Asia,34855,https://www.google.com/search?q=site:reuters.com+Turkey+news+after:2016-05-02+before:2016-05-09
2016-05-02,Iraq,Asia,31025,https://www.google.com/search?q=site:apnews.com+Iraq+news+after:2016-05-02+before:2016-05-09
2016-05-09,United States,North America,294710,https://www.google.com/search?q=site:apnews.com+United States+news+after:2016-05-09+before:2016-05-16
2016-05-09,Syria,Asia,50405,https://www.google.com/search?q=site:reuters.com+Syria+news+after:2016-05-09+before:2016-05-16
2016-05-09,Israel,Asia,50327,https://www.google.com/search?q=site:aljazeera.com+Israel+news+after:2016-05-09+before:2016-05-16
2016-05-09,Iraq,Asia,42096,https://www.google.com/search?q=site:apnews.com+Iraq+news+after:2016-05-09+before:2016-05-16
2016-05-09,United Kingdom,Europe,28518,https://www.google.com/search?q=site:aljazeera.com+United Kingdom+news+after:2016-05-09+before:2016-05-16
2016-05-16,United States,North America,257651,https://www.google.com/search?q=site:reuters.com+United States+news+after:2016-05-16+before:2016-05-23
2016-05-16,Israel,Asia,36694,https://www.google.com/search?q=site:reuters.com+Israel+news+after:2016-05-16+before:2016-05-23
2016-05-16,Iraq,Asia,32000,https://www.google.com/search?q=site:reuters.com+Iraq+news+after:2016-05-16+before:2016-05-23
2016-05-16,Syria,Asia,28684,https://www.google.com/search?q=site:reuters.com+Syria+news+after:2016-05-16+before:2016-05-23
2016-05-16,Afghanistan,Asia,22972,https://www.google.com/search?q=site:reuters.com+Afghanistan+news+after:2016-05-16+before:2016-05-23
2016-05-23,United States,North America,310699,https://www.google.com/search?q=site:aljazeera.com+United States+news+after:2016-05-23+before:2016-05-30
2016-05-23,Iraq,Asia,42492,https://www.google.com/search?q=site:apnews.com+Iraq+news+after:2016-05-23+before:2016-05-30
2016-05-23,Syria,Asia,41550,https://www.google.com/search?q=site:reuters.com+Syria+news+after:2016-05-23+before:2016-05-30
2016-05-23,Israel,Asia,38662,https://www.google.com/search?q=site:reuters.com+Israel+news+after:2016-05-23+before:2016-05-30
2016-05-23,Russia,Europe,28975,https://www.google.com/search?q=site:reuters.com+Russia+news+after:2016-05-23+before:2016-05-30
2016-05-30,United States,North America,269244,https://www.google.com/search?q=site:aljazeera.com+United States+news+after:2016-05-30+before:2016-06-06
2016-05-30,Iraq,Asia,45747,https://www.google.com/search?q=site:bbc.com+Iraq+news+after:2016-05-30+before:2016-06-06
2016-05-30,Syria,Asia,40474,https://www.google.com/search?q=site:bbc.com+Syria+news+after:2016-05-30+before:2016-06-06
2016-05-30,Israel,Asia,32515,https://www.google.com/search?q=site:aljazeera.com+Israel+news+after:2016-05-30+before:2016-06-06
2016-05-30,Saudi Arabia,Asia,31091,https://www.google.com/search?q=site:aljazeera.com+Saudi Arabia+news+after:2016-05-30+before:2016-06-06
2016-06-06,United States,North America,343621,https://www.google.com/search?q=site:aljazeera.com+United States+news+after:2016-06-06+before:2016-06-13
2016-06-06,Israel,Asia,59398,https://www.google.com/search?q=site:npr.org+Israel+news+after:2016-06-06+before:2016-06-13
2016-06-06,Syria,Asia,44440,https://www.google.com/search?q=site:reuters.com+Syria+news+after:2016-06-06+before:2016-06-13
2016-06-06,Turkey,Asia,37649,https://www.google.com/search?q=site:aljazeera.com+Turkey+news+after:2016-06-06+before:2016-06-13
2016-06-06,Iraq,Asia,32420,https://www.google.com/search?q=site:aljazeera.com+Iraq+news+after:2016-06-06+before:2016-06-13
2016-06-13,United States,North America,490346,https://www.google.com/search?q=site:npr.org+United States+news+after:2016-06-13+before:2016-06-20
2016-06-13,United Kingdom,Europe,64036,https://www.google.com/search?q=site:apnews.com+United Kingdom+news+after:2016-06-13+before:2016-06-20
2016-06-13,Syria,Asia,39393,https://www.google.com/search?q=site:npr.org+Syria+news+after:2016-06-13+before:2016-06-20
2016-06-13,Iraq,Asia,30874,https://www.google.com/search?q=site:aljazeera.com+Iraq+news+after:2016-06-13+before:2016-06-20
2016-06-13,Israel,Asia,29510,https://www.google.com/search?q=site:reuters.com+Israel+news+after:2016-06-13+before:2016-06-20
2016-06-20,United States,North America,320098,https://www.google.com/search?q=site:bbc.com+United States+news+after:2016-06-20+before:2016-06-27
2016-06-20,United Kingdom,Europe,45058,https://www.google.com/search?q=site:aljazeera.com+United Kingdom+news+after:2016-06-20+before:2016-06-27
2016-06-20,Israel,Asia,35537,https://www.google.com/search?q=site:reuters.com+Israel+news+after:2016-06-20+before:2016-06-27
2016-06-20,Syria,Asia,32900,https://www.google.com/search?q=site:npr.org+Syria+news+after:2016-06-20+before:2016-06-27
2016-06-20,Saudi Arabia,Asia,28348,https://www.google.com/search?q=site:aljazeera.com+Saudi Arabia+news+after:2016-06-20+before:2016-06-27
2016-06-27,United States,North America,244552,https://www.google.com/search?q=site:reuters.com+United States+news+after:2016-06-27+before:2016-07-04
2016-06-27,Turkey,Asia,144513,https://www.google.com/search?q=site:reuters.com+Turkey+news+after:2016-06-27+before:2016-07-04
2016-06-27,Bangladesh,Asia,68388,https://www.google.com/search?q=site:reuters.com+Bangladesh+news+after:2016-06-27+before:2016-07-04
2016-06-27,Israel,Asia,67339,https://www.google.com/search?q=site:reuters.com+Israel+news+after:2016-06-27+before:2016-07-04
2016-06-27,United Kingdom,Europe,39586,https://www.google.com/search?q=site:npr.org+United Kingdom+news+after:2016-06-27+before:2016-07-04
2016-07-04,United States,North America,651230,https://www.google.com/search?q=site:pbs.org+United States+news+after:2016-07-04+before:2016-07-11
2016-07-04,Saudi Arabia,Asia,48301,https://www.google.com/search?q=site:dw.com+Saudi Arabia+news+after:2016-07-04+before:2016-07-11
2016-07-04,Iraq,Asia,46410,https://www.google.com/search?q=site:aljazeera.com+Iraq+news+after:2016-07-04+before:2016-07-11
2016-07-04,Israel,Asia,37168,https://www.google.com/search?q=site:apnews.com+Israel+news+after:2016-07-04+before:2016-07-11
2016-07-04,Bangladesh,Asia,34208,https://www.google.com/search?q=site:reuters.com+Bangladesh+news+after:2016-07-04+before:2016-07-11
2016-07-11,United States,North America,507304,https://www.google.com/search?q=site:dw.com+United States+news+after:2016-07-11+before:2016-07-18
2016-07-11,Turkey,Asia,157899,https://www.google.com/search?q=site:npr.org+Turkey+news+after:2016-07-11+before:2016-07-18
2016-07-11,France,Europe,53363,https://www.google.com/search?q=site:reuters.com+France+news+after:2016-07-11+before:2016-07-18
2016-07-11,Syria,Asia,34146,https://www.google.com/search?q=site:dw.com+Syria+news+after:2016-07-11+before:2016-07-18
2016-07-11,Israel,Asia,31498,https://www.google.com/search?q=site:aljazeera.com+Israel+news+after:2016-07-11+before:2016-07-18
2016-07-18,United States,North America,456824,https://www.google.com/search?q=site:reuters.com+United States+news+after:2016-07-18+before:2016-07-25
2016-07-18,Turkey,Asia,91757,https://www.google.com/search?q=site:bbc.com+Turkey+news+after:2016-07-18+before:2016-07-25
2016-07-18,Germany,Europe,73251,https://www.google.com/search?q=site:apnews.com+Germany+news+after:2016-07-18+before:2016-07-25
2016-07-18,France,Europe,37486,https://www.google.com/search?q=site:apnews.com+France+news+after:2016-07-18+before:2016-07-25
2016-07-18,Syria,Asia,35633,https://www.google.com/search?q=site:reuters.com+Syria+news+after:2016-07-18+before:2016-07-25
2016-07-25,United States,North America,348131,https://www.google.com/search?q=site:dw.com+United States+news+after:2016-07-25+before:2016-08-01
2016-07-25,France,Europe,63938,https://www.google.com/search?q=site:dw.com+France+news+after:2016-07-25+before:2016-08-01
2016-07-25,Turkey,Asia,50910,https://www.google.com/search?q=site:reuters.com+Turkey+news+after:2016-07-25+before:2016-08-01
2016-07-25,Germany,Europe,42283,https://www.google.com/search?q=site:reuters.com+Germany+news+after:2016-07-25+before:2016-08-01
2016-07-25,Syria,Asia,40413,https://www.google.com/search?q=site:apnews.com+Syria+news+after:2016-07-25+before:2016-08-01
2016-08-01,United States,North America,290803,https://www.google.com/search?q=site:bbc.com+United States+news+after:2016-08-01+before:2016-08-08
2016-08-01,Syria,Asia,61578,https://www.google.com/search?q=site:aljazeera.com+Syria+news+after:2016-08-01+before:2016-08-08
2016-08-01,Russia,Europe,34391,https://www.google.com/search?q=site:aljazeera.com+Russia+news+after:2016-08-01+before:2016-08-08
2016-08-01,Iraq,Asia,33981,https://www.google.com/search?q=site:pbs.org+Iraq+news+after:2016-08-01+before:2016-08-08
2016-08-01,United Kingdom,Europe,33691,https://www.google.com/search?q=site:bbc.com+United Kingdom+news+after:2016-08-01+before:2016-08-08
2016-08-08,United States,North America,327023,https://www.google.com/search?q=site:pbs.org+United States+news+after:2016-08-08+before:2016-08-15
2016-08-08,Pakistan,Asia,56233,https://www.google.com/search?q=site:dw.com+Pakistan+news+after:2016-08-08+before:2016-08-15
2016-08-08,Syria,Asia,49877,https://www.google.com/search?q=site:pbs.org+Syria+news+after:2016-08-08+before:2016-08-15
2016-08-08,United Kingdom,Europe,37161,https://www.google.com/search?q=site:bbc.com+United Kingdom+news+after:2016-08-08+before:2016-08-15
2016-08-08,Turkey,Asia,35883,https://www.google.com/search?q=site:apnews.com+Turkey+news+after:2016-08-08+before:2016-08-15
2016-08-15,United States,North America,336042,https://www.google.com/search?q=site:npr.org+United States+news+after:2016-08-15+before:2016-08-22
2016-08-15,Turkey,Asia,65669,https://www.google.com/search?q=site:npr.org+Turkey+news+after:2016-08-15+before:2016-08-22
2016-08-15,Syria,Asia,56425,https://www.google.com/search?q=site:apnews.com+Syria+news+after:2016-08-15+before:2016-08-22
2016-08-15,India,Asia,37013,https://www.google.com/search?q=site:apnews.com+India+news+after:2016-08-15+before:2016-08-22
2016-08-15,Afghanistan,Asia,36430,https://www.google.com/search?q=site:reuters.com+Afghanistan+news+after:2016-08-15+before:2016-08-22
2016-08-22,United States,North America,318076,https://www.google.com/search?q=site:reuters.com+United States+news+after:2016-08-22+before:2016-08-29
2016-08-22,Turkey,Asia,93934,https://www.google.com/search?q=site:npr.org+Turkey+news+after:2016-08-22+before:2016-08-29
2016-08-22,Syria,Asia,72152,https://www.google.com/search?q=site:reuters.com+Syria+news+after:2016-08-22+before:2016-08-29
2016-08-22,India,Asia,37114,https://www.google.com/search?q=site:reuters.com+India+news+after:2016-08-22+before:2016-08-29
2016-08-22,Pakistan,Asia,33771,https://www.google.com/search?q=site:reuters.com+Pakistan+news+after:2016-08-22+before:2016-08-29
2016-08-29,United States,North America,267664,https://www.google.com/search?q=site:npr.org+United States+news+after:2016-08-29+before:2016-09-05
2016-08-29,Syria,Asia,57746,https://www.google.com/search?q=site:apnews.com+Syria+news+after:2016-08-29+before:2016-09-05
2016-08-29,Turkey,Asia,49784,https://www.google.com/search?q=site:bbc.com+Turkey+news+after:2016-08-29+before:2016-09-05
2016-08-29,Saudi Arabia,Asia,29392,https://www.google.com/search?q=site:bbc.com+Saudi Arabia+news+after:2016-08-29+before:2016-09-05
2016-08-29,Israel,Asia,25956,https://www.google.com/search?q=site:reuters.com+Israel+news+after:2016-08-29+before:2016-09-05
2016-09-05,United States,North America,239576,https://www.google.com/search?q=site:pbs.org+United States+news+after:2016-09-05+before:2016-09-12
2016-09-05,Syria,Asia,56783,https://www.google.com/search?q=site:npr.org+Syria+news+after:2016-09-05+before:2016-09-12
2016-09-05,Israel,Asia,30249,https://www.google.com/search?q=site:dw.com+Israel+news+after:2016-09-05+before:2016-09-12
2016-09-05,France,Europe,28051,https://www.google.com/search?q=site:reuters.com+France+news+after:2016-09-05+before:2016-09-12
2016-09-05,Russia,Europe,25785,https://www.google.com/search?q=site:bbc.com+Russia+news+after:2016-09-05+before:2016-09-12
2016-09-12,United States,North America,266566,https://www.google.com/search?q=site:bbc.com+United States+news+after:2016-09-12+before:2016-09-19
2016-09-12,Syria,Asia,75199,https://www.google.com/search?q=site:aljazeera.com+Syria+news+after:2016-09-12+before:2016-09-19
2016-09-12,Israel,Asia,40399,https://www.google.com/search?q=site:npr.org+Israel+news+after:2016-09-12+before:2016-09-19
2016-09-12,Russia,Europe,33181,https://www.google.com/search?q=site:dw.com+Russia+news+after:2016-09-12+before:2016-09-19
2016-09-12,United Kingdom,Europe,29309,https://www.google.com/search?q=site:aljazeera.com+United Kingdom+news+after:2016-09-12+before:2016-09-19
2016-09-19,United States,North America,456081,https://www.google.com/search?q=site:pbs.org+United States+news+after:2016-09-19+before:2016-09-26
2016-09-19,Syria,Asia,104286,https://www.google.com/search?q=site:aljazeera.com+Syria+news+after:2016-09-19+before:2016-09-26
2016-09-19,Russia,Europe,39405,https://www.google.com/search?q=site:apnews.com+Russia+news+after:2016-09-19+before:2016-09-26
2016-09-19,Israel,Asia,36890,https://www.google.com/search?q=site:aljazeera.com+Israel+news+after:2016-09-19+before:2016-09-26
2016-09-19,India,Asia,28116,https://www.google.com/search?q=site:pbs.org+India+news+after:2016-09-19+before:2016-09-26
2016-09-26,United States,North America,352890,https://www.google.com/search?q=site:bbc.com+United States+news+after:2016-09-26+before:2016-10-03
2016-09-26,Syria,Asia,63954,https://www.google.com/search?q=site:reuters.com+Syria+news+after:2016-09-26+before:2016-10-03
2016-09-26,Bangladesh,Asia,61888,https://www.google.com/search?q=site:dw.com+Bangladesh+news+after:2016-09-26+before:2016-10-03
2016-09-26,Russia,Europe,38325,https://www.google.com/search?q=site:reuters.com+Russia+news+after:2016-09-26+before:2016-10-03
2016-09-26,Israel,Asia,30204,https://www.google.com/search?q=site:aljazeera.com+Israel+news+after:2016-09-26+before:2016-10-03
2016-10-03,United States,North America,323832,https://www.google.com/search?q=site:apnews.com+United States+news+after:2016-10-03+before:2016-10-10
2016-10-03,Syria,Asia,69961,https://www.google.com/search?q=site:dw.com+Syria+news+after:2016-10-03+before:2016-10-10
2016-10-03,Russia,Europe,43917,https://www.google.com/search?q=site:dw.com+Russia+news+after:2016-10-03+before:2016-10-10
2016-10-03,Turkey,Asia,39097,https://www.google.com/search?q=site:npr.org+Turkey+news+after:2016-10-03+before:2016-10-10
2016-10-03,Israel,Asia,32756,https://www.google.com/search?q=site:bbc.com+Israel+news+after:2016-10-03+before:2016-10-10
2016-10-10,United States,North America,277120,https://www.google.com/search?q=site:reuters.com+United States+news+after:2016-10-10+before:2016-10-17
2016-10-10,Syria,Asia,64375,https://www.google.com/search?q=site:apnews.com+Syria+news+after:2016-10-10+before:2016-10-17
2016-10-10,Russia,Europe,37912,https://www.google.com/search?q=site:reuters.com+Russia+news+after:2016-10-10+before:2016-10-17
2016-10-10,Israel,Asia,32331,https://www.google.com/search?q=site:dw.com+Israel+news+after:2016-10-10+before:2016-10-17
2016-10-10,Turkey,Asia,29995,https://www.google.com/search?q=site:bbc.com+Turkey+news+after:2016-10-10+before:2016-10-17
2016-10-17,United States,North America,268461,https://www.google.com/search?q=site:dw.com+United States+news+after:2016-10-17+before:2016-10-24
2016-10-17,Iraq,Asia,94974,https://www.google.com/search?q=site:reuters.com+Iraq+news+after:2016-10-17+before:2016-10-24
2016-10-17,Syria,Asia,62292,https://www.google.com/search?q=site:reuters.com+Syria+news+after:2016-10-17+before:2016-10-24
2016-10-17,Russia,Europe,39446,https://www.google.com/search?q=site:bbc.com+Russia+news+after:2016-10-17+before:2016-10-24
2016-10-17,Turkey,Asia,31870,https://www.google.com/search?q=site:pbs.org+Turkey+news+after:2016-10-17+before:2016-10-24
2016-10-24,United States,North America,271431,https://www.google.com/search?q=site:reuters.com+United States+news+after:2016-10-24+before:2016-10-31
2016-10-24,Iraq,Asia,61166,https://www.google.com/search?q=site:reuters.com+Iraq+news+after:2016-10-24+before:2016-10-31
2016-10-24,Syria,Asia,55908,https://www.google.com/search?q=site:reuters.com+Syria+news+after:2016-10-24+before:2016-10-31
2016-10-24,Pakistan,Asia,42490,https://www.google.com/search?q=site:dw.com+Pakistan+news+after:2016-10-24+before:2016-10-31
2016-10-24,Russia,Europe,32301,https://www.google.com/search?q=site:bbc.com+Russia+news+after:2016-10-24+before:2016-10-31
2016-10-31,United States,North America,365314,https://www.google.com/search?q=site:reuters.com+United States+news+after:2016-10-31+before:2016-11-07
2016-10-31,Iraq,Asia,61856,https://www.google.com/search?q=site:apnews.com+Iraq+news+after:2016-10-31+before:2016-11-07
2016-10-31,Turkey,Asia,50401,https://www.google.com/search?q=site:pbs.org+Turkey+news+after:2016-10-31+before:2016-11-07
2016-10-31,Syria,Asia,41674,https://www.google.com/search?q=site:bbc.com+Syria+news+after:2016-10-31+before:2016-11-07
2016-10-31,Afghanistan,Asia,25830,https://www.google.com/search?q=site:pbs.org+Afghanistan+news+after:2016-10-31+before:2016-11-07
2016-11-07,United States,North America,337873,https://www.google.com/search?q=site:bbc.com+United States+news+after:2016-11-07+before:2016-11-14
2016-11-07,Iraq,Asia,40810,https://www.google.com/search?q=site:reuters.com+Iraq+news+after:2016-11-07+before:2016-11-14
2016-11-07,Syria,Asia,39582,https://www.google.com/search?q=site:reuters.com+Syria+news+after:2016-11-07+before:2016-11-14
2016-11-07,United Kingdom,Europe,23323,https://www.google.com/search?q=site:pbs.org+United Kingdom+news+after:2016-11-07+before:2016-11-14
2016-11-07,Afghanistan,Asia,22725,https://www.google.com/search?q=site:aljazeera.com+Afghanistan+news+after:2016-11-07+before:2016-11-14
2016-11-14,United States,North America,304673,https://www.google.com/search?q=site:pbs.org+United States+news+after:2016-11-14+before:2016-11-21
2016-11-14,Syria,Asia,49056,https://www.google.com/search?q=site:dw.com+Syria+news+after:2016-11-14+before:2016-11-21
2016-11-14,Iraq,Asia,34568,https://www.google.com/search?q=site:dw.com+Iraq+news+after:2016-11-14+before:2016-11-21
2016-11-14,Russia,Europe,29137,https://www.google.com/search?q=site:dw.com+Russia+news+after:2016-11-14+before:2016-11-21
2016-11-14,Israel,Asia,26535,https://www.google.com/search?q=site:npr.org+Israel+news+after:2016-11-14+before:2016-11-21
2016-11-21,United States,North America,311668,https://www.google.com/search?q=site:apnews.com+United States+news+after:2016-11-21+before:2016-11-28
2016-11-21,Syria,Asia,42234,https://www.google.com/search?q=site:dw.com+Syria+news+after:2016-11-21+before:2016-11-28
2016-11-21,Turkey,Asia,30961,https://www.google.com/search?q=site:dw.com+Turkey+news+after:2016-11-21+before:2016-11-28
2016-11-21,United Kingdom,Europe,28859,https://www.google.com/search?q=site:dw.com+United Kingdom+news+after:2016-11-21+before:2016-11-28
2016-11-21,Israel,Asia,28648,https://www.google.com/search?q=site:aljazeera.com+Israel+news+after:2016-11-21+before:2016-11-28
2016-11-28,United States,North America,292031,https://www.google.com/search?q=site:pbs.org+United States+news+after:2016-11-28+before:2016-12-05
2016-11-28,Syria,Asia,52140,https://www.google.com/search?q=site:bbc.com+Syria+news+after:2016-11-28+before:2016-12-05
2016-11-28,Russia,Europe,24903,https://www.google.com/search?q=site:npr.org+Russia+news+after:2016-11-28+before:2016-12-05
2016-11-28,Iraq,Asia,22934,https://www.google.com/search?q=site:reuters.com+Iraq+news+after:2016-11-28+before:2016-12-05
2016-11-28,United Kingdom,Europe,22782,https://www.google.com/search?q=site:aljazeera.com+United Kingdom+news+after:2016-11-28+before:2016-12-05
2016-12-05,United States,North America,287247,https://www.google.com/search?q=site:apnews.com+United States+news+after:2016-12-05+before:2016-12-12
2016-12-05,Syria,Asia,71111,https://www.google.com/search?q=site:reuters.com+Syria+news+after:2016-12-05+before:2016-12-12
2016-12-05,Russia,Europe,30844,https://www.google.com/search?q=site:aljazeera.com+Russia+news+after:2016-12-05+before:2016-12-12
2016-12-05,United Kingdom,Europe,25399,https://www.google.com/search?q=site:reuters.com+United Kingdom+news+after:2016-12-05+before:2016-12-12
2016-12-05,Iraq,Asia,24085,https://www.google.com/search?q=site:npr.org+Iraq+news+after:2016-12-05+before:2016-12-12
2016-12-12,United States,North America,263420,https://www.google.com/search?q=site:apnews.com+United States+news+after:2016-12-12+before:2016-12-19
2016-12-12,Syria,Asia,105979,https://www.google.com/search?q=site:reuters.com+Syria+news+after:2016-12-12+before:2016-12-19
2016-12-12,Russia,Europe,40152,https://www.google.com/search?q=site:bbc.com+Russia+news+after:2016-12-12+before:2016-12-19
2016-12-12,Turkey,Asia,32866,https://www.google.com/search?q=site:apnews.com+Turkey+news+after:2016-12-12+before:2016-12-19
2016-12-12,United Kingdom,Europe,28111,https://www.google.com/search?q=site:apnews.com+United Kingdom+news+after:2016-12-12+before:2016-12-19
2016-12-19,United States,North America,192126,https://www.google.com/search?q=site:npr.org+United States+news+after:2016-12-19+before:2016-12-26
2016-12-19,Turkey,Asia,116094,https://www.google.com/search?q=site:apnews.com+Turkey+news+after:2016-12-19+before:2016-12-26
2016-12-19,Russia,Europe,94035,https://www.google.com/search?q=site:dw.com+Russia+news+after:2016-12-19+before:2016-12-26
2016-12-19,Germany,Europe,91559,https://www.google.com/search?q=site:npr.org+Germany+news+after:2016-12-19+before:2016-12-26
2016-12-19,Syria,Asia,68168,https://www.google.com/search?q=site:aljazeera.com+Syria+news+after:2016-12-19+before:2016-12-26
2016-12-26,United States,North America,187072,https://www.google.com/search?q=site:npr.org+United States+news+after:2016-12-26+before:2017-01-02
2016-12-26,Russia,Europe,58369,https://www.google.com/search?q=site:aljazeera.com+Russia+news+after:2016-12-26+before:2017-01-02
2016-12-26,Syria,Asia,47616,https://www.google.com/search?q=site:apnews.com+Syria+news+after:2016-12-26+before:2017-01-02
2016-12-26,Turkey,Asia,41133,https://www.google.com/search?q=site:dw.com+Turkey+news+after:2016-12-26+before:2017-01-02
2016-12-26,Israel,Asia,36183,https://www.google.com/search?q=site:aljazeera.com+Israel+news+after:2016-12-26+before:2017-01-02
2017-01-02,United States,North America,246440,https://www.google.com/search?q=site:reuters.com+United States+news+after:2017-01-02+before:2017-01-09
2017-01-02,Turkey,Asia,83483,https://www.google.com/search?q=site:reuters.com+Turkey+news+after:2017-01-02+before:2017-01-09
2017-01-02,Israel,Asia,58529,https://www.google.com/search?q=site:pbs.org+Israel+news+after:2017-01-02+before:2017-01-09
2017-01-02,Syria,Asia,38415,https://www.google.com/search?q=site:reuters.com+Syria+news+after:2017-01-02+before:2017-01-09
2017-01-02,Iraq,Asia,33495,https://www.google.com/search?q=site:aljazeera.com+Iraq+news+after:2017-01-02+before:2017-01-09
2017-01-09,United States,North America,263202,https://www.google.com/search?q=site:reuters.com+United States+news+after:2017-01-09+before:2017-01-16
2017-01-09,Israel,Asia,37197,https://www.google.com/search?q=site:reuters.com+Israel+news+after:2017-01-09+before:2017-01-16
2017-01-09,Russia,Europe,31605,https://www.google.com/search?q=site:apnews.com+Russia+news+after:2017-01-09+before:2017-01-16
2017-01-09,Syria,Asia,29940,https://www.google.com/search?q=site:reuters.com+Syria+news+after:2017-01-09+before:2017-01-16
2017-01-09,Afghanistan,Asia,25470,https://www.google.com/search?q=site:apnews.com+Afghanistan+news+after:2017-01-09+before:2017-01-16
2017-01-16,United States,North America,337944,https://www.google.com/search?q=site:reuters.com+United States+news+after:2017-01-16+before:2017-01-23
2017-01-16,Israel,Asia,45129,https://www.google.com/search?q=site:reuters.com+Israel+news+after:2017-01-16+before:2017-01-23
2017-01-16,Mexico,North America,36691,https://www.google.com/search?q=site:npr.org+Mexico+news+after:2017-01-16+before:2017-01-23
2017-01-16,Syria,Asia,32066,https://www.google.com/search?q=site:bbc.com+Syria+news+after:2017-01-16+before:2017-01-23
2017-01-16,Turkey,Asia,31980,https://www.google.com/search?q=site:reuters.com+Turkey+news+after:2017-01-16+before:2017-01-23
2017-01-23,United States,North America,363668,https://www.google.com/search?q=site:aljazeera.com+United States+news+after:2017-01-23+before:2017-01-30
2017-01-23,Syria,Asia,58891,https://www.google.com/search?q=site:aljazeera.com+Syria+news+after:2017-01-23+before:2017-01-30
2017-01-23,Mexico,North America,38434,https://www.google.com/search?q=site:apnews.com+Mexico+news+after:2017-01-23+before:2017-01-30
2017-01-23,Israel,Asia,37411,https://www.google.com/search?q=site:pbs.org+Israel+news+after:2017-01-23+before:2017-01-30
2017-01-23,United Kingdom,Europe,36788,https://www.google.com/search?q=site:reuters.com+United Kingdom+news+after:2017-01-23+before:2017-01-30
2017-01-30,United States,North America,426117,https://www.google.com/search?q=site:reuters.com+United States+news+after:2017-01-30+before:2017-02-06
2017-01-30,Canada,North America,63234,https://www.google.com/search?q=site:bbc.com+Canada+news+after:2017-01-30+before:2017-02-06
2017-01-30,Iraq,Asia,61486,https://www.google.com/search?q=site:aljazeera.com+Iraq+news+after:2017-01-30+before:2017-02-06
2017-01-30,Iran,Asia,56054,https://www.google.com/search?q=site:reuters.com+Iran+news+after:2017-01-30+before:2017-02-06
2017-01-30,Syria,Asia,51024,https://www.google.com/search?q=site:reuters.com+Syria+news+after:2017-01-30+before:2017-02-06
2017-02-06,United States,North America,375212,https://www.google.com/search?q=site:apnews.com+United States+news+after:2017-02-06+before:2017-02-13
2017-02-06,Syria,Asia,51250,https://www.google.com/search?q=site:apnews.com+Syria+news+after:2017-02-06+before:2017-02-13
2017-02-06,Israel,Asia,41949,https://www.google.com/search?q=site:npr.org+Israel+news+after:2017-02-06+before:2017-02-13
2017-02-06,Russia,Europe,31173,https://www.google.com/search?q=site:apnews.com+Russia+news+after:2017-02-06+before:2017-02-13
2017-02-06,United Kingdom,Europe,29190,https://www.google.com/search?q=site:aljazeera.com+United Kingdom+news+after:2017-02-06+before:2017-02-13
2017-02-13,United States,North America,280578,https://www.google.com/search?q=site:reuters.com+United States+news+after:2017-02-13+before:2017-02-20
2017-02-13,Pakistan,Asia,38909,https://www.google.com/search?q=site:pbs.org+Pakistan+news+after:2017-02-13+before:2017-02-20
2017-02-13,Russia,Europe,35559,https://www.google.com/search?q=site:reuters.com+Russia+news+after:2017-02-13+before:2017-02-20
2017-02-13,Syria,Asia,35194,https://www.google.com/search?q=site:dw.com+Syria+news+after:2017-02-13+before:2017-02-20
2017-02-13,North Korea,Asia,30521,https://www.google.com/search?q=site:reuters.com+North Korea+news+after:2017-02-13+before:2017-02-20
2017-02-20,United States,North America,283961,https://www.google.com/search?q=site:npr.org+United States+news+after:2017-02-20+before:2017-02-27
2017-02-20,Syria,Asia,60226,https://www.google.com/search?q=site:aljazeera.com+Syria+news+after:2017-02-20+before:2017-02-27
2017-02-20,Iraq,Asia,38353,https://www.google.com/search?q=site:bbc.com+Iraq+news+after:2017-02-20+before:2017-02-27
2017-02-20,Israel,Asia,36989,https://www.google.com/search?q=site:bbc.com+Israel+news+after:2017-02-20+before:2017-02-27
2017-02-20,Malaysia,Asia,29067,https://www.google.com/search?q=site:apnews.com+Malaysia+news+after:2017-02-20+before:2017-02-27
2017-02-27,United States,North America,301432,https://www.google.com/search?q=site:reuters.com+United States+news+after:2017-02-27+before:2017-03-06
2017-02-27,Syria,Asia,47276,https://www.google.com/search?q=site:apnews.com+Syria+news+after:2017-02-27+before:2017-03-06
2017-02-27,Israel,Asia,42366,https://www.google.com/search?q=site:pbs.org+Israel+news+after:2017-02-27+before:2017-03-06
2017-02-27,Russia,Europe,31608,https://www.google.com/search?q=site:npr.org+Russia+news+after:2017-02-27+before:2017-03-06
2017-02-27,Turkey,Asia,25555,https://www.google.com/search?q=site:bbc.com+Turkey+news+after:2017-02-27+before:2017-03-06
2017-03-06,United States,North America,310870,https://www.google.com/search?q=site:aljazeera.com+United States+news+after:2017-03-06+before:2017-03-13
2017-03-06,Turkey,Asia,48540,https://www.google.com/search?q=site:apnews.com+Turkey+news+after:2017-03-06+before:2017-03-13
2017-03-06,Syria,Asia,42765,https://www.google.com/search?q=site:aljazeera.com+Syria+news+after:2017-03-06+before:2017-03-13
2017-03-06,Iraq,Asia,33852,https://www.google.com/search?q=site:reuters.com+Iraq+news+after:2017-03-06+before:2017-03-13
2017-03-06,North Korea,Asia,29728,https://www.google.com/search?q=site:npr.org+North Korea+news+after:2017-03-06+before:2017-03-13
2017-03-13,United States,North America,293227,https://www.google.com/search?q=site:reuters.com+United States+news+after:2017-03-13+before:2017-03-20
2017-03-13,Syria,Asia,51784,https://www.google.com/search?q=site:reuters.com+Syria+news+after:2017-03-13+before:2017-03-20
2017-03-13,France,Europe,48186,https://www.google.com/search?q=site:npr.org+France+news+after:2017-03-13+before:2017-03-20
2017-03-13,Israel,Asia,35825,https://www.google.com/search?q=site:pbs.org+Israel+news+after:2017-03-13+before:2017-03-20
2017-03-13,Turkey,Asia,31873,https://www.google.com/search?q=site:apnews.com+Turkey+news+after:2017-03-13+before:2017-03-20
2017-03-20,United States,North America,244461,https://www.google.com/search?q=site:aljazeera.com+United States+news+after:2017-03-20+before:2017-03-27
2017-03-20,United Kingdom,Europe,136893,https://www.google.com/search?q=site:dw.com+United Kingdom+news+after:2017-03-20+before:2017-03-27
2017-03-20,Syria,Asia,39822,https://www.google.com/search?q=site:dw.com+Syria+news+after:2017-03-20+before:2017-03-27
2017-03-20,Israel,Asia,39218,https://www.google.com/search?q=site:dw.com+Israel+news+after:2017-03-20+before:2017-03-27
2017-03-20,Russia,Europe,33591,https://www.google.com/search?q=site:bbc.com+Russia+news+after:2017-03-20+before:2017-03-27
2017-03-27,United States,North America,267341,https://www.google.com/search?q=site:bbc.com+United States+news+after:2017-03-27+before:2017-04-03
2017-03-27,Russia,Europe,36187,https://www.google.com/search?q=site:aljazeera.com+Russia+news+after:2017-03-27+before:2017-04-03
2017-03-27,United Kingdom,Europe,35035,https://www.google.com/search?q=site:reuters.com+United Kingdom+news+after:2017-03-27+before:2017-04-03
2017-03-27,Israel,Asia,29366,https://www.google.com/search?q=site:pbs.org+Israel+news+after:2017-03-27+before:2017-04-03
2017-03-27,Iraq,Asia,22405,https://www.google.com/search?q=site:apnews.com+Iraq+news+after:2017-03-27+before:2017-04-03
2017-04-03,Syria,Asia,295302,https://www.google.com/search?q=site:bbc.com+Syria+news+after:2017-04-03+before:2017-04-10
2017-04-03,United States,North America,267891,https://www.google.com/search?q=site:npr.org+United States+news+after:2017-04-03+before:2017-04-10
2017-04-03,Russia,Europe,105651,https://www.google.com/search?q=site:reuters.com+Russia+news+after:2017-04-03+before:2017-04-10
2017-04-03,Sweden,Europe,49288,https://www.google.com/search?q=site:npr.org+Sweden+news+after:2017-04-03+before:2017-04-10
2017-04-03,United Kingdom,Europe,39290,https://www.google.com/search?q=site:npr.org+United Kingdom+news+after:2017-04-03+before:2017-04-10
2017-04-10,United States,North America,283550,https://www.google.com/search?q=site:reuters.com+United States+news+after:2017-04-10+before:2017-04-17
2017-04-10,Syria,Asia,126132,https://www.google.com/search?q=site:apnews.com+Syria+news+after:2017-04-10+before:2017-04-17
2017-04-10,Russia,Europe,54353,https://www.google.com/search?q=site:npr.org+Russia+news+after:2017-04-10+before:2017-04-17
2017-04-10,Afghanistan,Asia,34434,https://www.google.com/search?q=site:reuters.com+Afghanistan+news+after:2017-04-10+before:2017-04-17
2017-04-10,Israel,Asia,32669,https://www.google.com/search?q=site:npr.org+Israel+news+after:2017-04-10+before:2017-04-17
2017-04-17,United States,North America,276180,https://www.google.com/search?q=site:reuters.com+United States+news+after:2017-04-17+before:2017-04-24
2017-04-17,France,Europe,65122,https://www.google.com/search?q=site:pbs.org+France+news+after:2017-04-17+before:2017-04-24
2017-04-17,Syria,Asia,32800,https://www.google.com/search?q=site:npr.org+Syria+news+after:2017-04-17+before:2017-04-24
2017-04-17,Israel,Asia,32337,https://www.google.com/search?q=site:reuters.com+Israel+news+after:2017-04-17+before:2017-04-24
2017-04-17,Russia,Europe,30998,https://www.google.com/search?q=site:dw.com+Russia+news+after:2017-04-17+before:2017-04-24
2017-04-24,United States,North America,294639,https://www.google.com/search?q=site:reuters.com+United States+news+after:2017-04-24+before:2017-05-01
2017-04-24,Syria,Asia,47691,https://www.google.com/search?q=site:dw.com+Syria+news+after:2017-04-24+before:2017-05-01
2017-04-24,Israel,Asia,39499,https://www.google.com/search?q=site:pbs.org+Israel+news+after:2017-04-24+before:2017-05-01
2017-04-24,Turkey,Asia,35415,https://www.google.com/search?q=site:dw.com+Turkey+news+after:2017-04-24+before:2017-05-01
2017-04-24,North Korea,Asia,35142,https://www.google.com/search?q=site:apnews.com+North Korea+news+after:2017-04-24+before:2017-05-01
2017-05-01,United States,North America,285387,https://www.google.com/search?q=site:pbs.org+United States+news+after:2017-05-01+before:2017-05-08
2017-05-01,France,Europe,30972,https://www.google.com/search?q=site:dw.com+France+news+after:2017-05-01+before:2017-05-08
2017-05-01,Israel,Asia,29906,https://www.google.com/search?q=site:reuters.com+Israel+news+after:2017-05-01+before:2017-05-08
2017-05-01,Syria,Asia,29130,https://www.google.com/search?q=site:bbc.com+Syria+news+after:2017-05-01+before:2017-05-08
2017-05-01,United Kingdom,Europe,22829,https://www.google.com/search?q=site:npr.org+United Kingdom+news+after:2017-05-01+before:2017-05-08
2017-05-08,United States,North America,246302,https://www.google.com/search?q=site:reuters.com+United States+news+after:2017-05-08+before:2017-05-15
2017-05-08,Russia,Europe,27695,https://www.google.com/search?q=site:aljazeera.com+Russia+news+after:2017-05-08+before:2017-05-15
2017-05-08,Israel,Asia,27168,https://www.google.com/search?q=site:reuters.com+Israel+news+after:2017-05-08+before:2017-05-15
2017-05-08,Syria,Asia,26152,https://www.google.com/search?q=site:reuters.com+Syria+news+after:2017-05-08+before:2017-05-15
2017-05-08,United Kingdom,Europe,22992,https://www.google.com/search?q=site:npr.org+United Kingdom+news+after:2017-05-08+before:2017-05-15
2017-05-15,United States,North America,270454,https://www.google.com/search?q=site:reuters.com+United States+news+after:2017-05-15+before:2017-05-22
2017-05-15,Israel,Asia,34739,https://www.google.com/search?q=site:reuters.com+Israel+news+after:2017-05-15+before:2017-05-22
2017-05-15,Syria,Asia,32853,https://www.google.com/search?q=site:npr.org+Syria+news+after:2017-05-15+before:2017-05-22
2017-05-15,Russia,Europe,32043,https://www.google.com/search?q=site:apnews.com+Russia+news+after:2017-05-15+before:2017-05-22
2017-05-15,United Kingdom,Europe,26868,https://www.google.com/search?q=site:npr.org+United Kingdom+news+after:2017-05-15+before:2017-05-22
2017-05-22,United States,North America,258914,https://www.google.com/search?q=site:reuters.com+United States+news+after:2017-05-22+before:2017-05-29
2017-05-22,United Kingdom,Europe,88582,https://www.google.com/search?q=site:reuters.com+United Kingdom+news+after:2017-05-22+before:2017-05-29
2017-05-22,Philippines,Asia,39284,https://www.google.com/search?q=site:pbs.org+Philippines+news+after:2017-05-22+before:2017-05-29
2017-05-22,Egypt,Africa,31746,https://www.google.com/search?q=site:dw.com+Egypt+news+after:2017-05-22+before:2017-05-29
2017-05-22,Israel,Asia,31263,https://www.google.com/search?q=site:dw.com+Israel+news+after:2017-05-22+before:2017-05-29
2017-05-29,United States,North America,210808,https://www.google.com/search?q=site:npr.org+United States+news+after:2017-05-29+before:2017-06-05
2017-05-29,United Kingdom,Europe,81042,https://www.google.com/search?q=site:bbc.com+United Kingdom+news+after:2017-05-29+before:2017-06-05
2017-05-29,Afghanistan,Asia,42743,https://www.google.com/search?q=site:reuters.com+Afghanistan+news+after:2017-05-29+before:2017-06-05
2017-05-29,Philippines,Asia,38358,https://www.google.com/search?q=site:aljazeera.com+Philippines+news+after:2017-05-29+before:2017-06-05
2017-05-29,Russia,Europe,24320,https://www.google.com/search?q=site:pbs.org+Russia+news+after:2017-05-29+before:2017-06-05
2017-06-05,United States,North America,255404,https://www.google.com/search?q=site:npr.org+United States+news+after:2017-06-05+before:2017-06-12
2017-06-05,United Kingdom,Europe,94488,https://www.google.com/search?q=site:reuters.com+United Kingdom+news+after:2017-06-05+before:2017-06-12
2017-06-05,Qatar,Asia,52718,https://www.google.com/search?q=site:bbc.com+Qatar+news+after:2017-06-05+before:2017-06-12
2017-06-05,Iran,Asia,47959,https://www.google.com/search?q=site:reuters.com+Iran+news+after:2017-06-05+before:2017-06-12
2017-06-05,Australia,Oceania,30728,https://www.google.com/search?q=site:pbs.org+Australia+news+after:2017-06-05+before:2017-06-12
2017-06-12,United States,North America,315466,https://www.google.com/search?q=site:npr.org+United States+news+after:2017-06-12+before:2017-06-19
2017-06-12,United Kingdom,Europe,43544,https://www.google.com/search?q=site:dw.com+United Kingdom+news+after:2017-06-12+before:2017-06-19
2017-06-12,Russia,Europe,37864,https://www.google.com/search?q=site:reuters.com+Russia+news+after:2017-06-12+before:2017-06-19
2017-06-12,Israel,Asia,25402,https://www.google.com/search?q=site:dw.com+Israel+news+after:2017-06-12+before:2017-06-19
2017-06-12,Syria,Asia,25292,https://www.google.com/search?q=site:bbc.com+Syria+news+after:2017-06-12+before:2017-06-19
2017-06-19,United States,North America,266932,https://www.google.com/search?q=site:reuters.com+United States+news+after:2017-06-19+before:2017-06-26
2017-06-19,United Kingdom,Europe,51092,https://www.google.com/search?q=site:bbc.com+United Kingdom+news+after:2017-06-19+before:2017-06-26
2017-06-19,Syria,Asia,44454,https://www.google.com/search?q=site:apnews.com+Syria+news+after:2017-06-19+before:2017-06-26
2017-06-19,Russia,Europe,29782,https://www.google.com/search?q=site:npr.org+Russia+news+after:2017-06-19+before:2017-06-26
2017-06-19,Pakistan,Asia,24572,https://www.google.com/search?q=site:reuters.com+Pakistan+news+after:2017-06-19+before:2017-06-26
2017-06-26,United States,North America,274703,https://www.google.com/search?q=site:aljazeera.com+United States+news+after:2017-06-26+before:2017-07-03
2017-06-26,Syria,Asia,45330,https://www.google.com/search?q=site:npr.org+Syria+news+after:2017-06-26+before:2017-07-03
2017-06-26,Israel,Asia,28172,https://www.google.com/search?q=site:reuters.com+Israel+news+after:2017-06-26+before:2017-07-03
2017-06-26,Russia,Europe,23522,https://www.google.com/search?q=site:pbs.org+Russia+news+after:2017-06-26+before:2017-07-03
2017-06-26,United Kingdom,Europe,21607,https://www.google.com/search?q=site:npr.org+United Kingdom+news+after:2017-06-26+before:2017-07-03
2017-07-03,United States,North America,223215,https://www.google.com/search?q=site:reuters.com+United States+news+after:2017-07-03+before:2017-07-10
2017-07-03,Syria,Asia,28584,https://www.google.com/search?q=site:apnews.com+Syria+news+after:2017-07-03+before:2017-07-10
2017-07-03,Germany,Europe,28209,https://www.google.com/search?q=site:npr.org+Germany+news+after:2017-07-03+before:2017-07-10
2017-07-03,Russia,Europe,24763,https://www.google.com/search?q=site:bbc.com+Russia+news+after:2017-07-03+before:2017-07-10
2017-07-03,Iraq,Asia,19627,https://www.google.com/search?q=site:pbs.org+Iraq+news+after:2017-07-03+before:2017-07-10
2017-07-10,United States,North America,223083,https://www.google.com/search?q=site:reuters.com+United States+news+after:2017-07-10+before:2017-07-17
2017-07-10,Israel,Asia,44586,https://www.google.com/search?q=site:pbs.org+Israel+news+after:2017-07-10+before:2017-07-17
2017-07-10,United Kingdom,Europe,23761,https://www.google.com/search?q=site:npr.org+United Kingdom+news+after:2017-07-10+before:2017-07-17
2017-07-10,Syria,Asia,23229,https://www.google.com/search?q=site:npr.org+Syria+news+after:2017-07-10+before:2017-07-17
2017-07-10,Iraq,Asia,22852,https://www.google.com/search?q=site:pbs.org+Iraq+news+after:2017-07-10+before:2017-07-17
2017-07-17,United States,North America,217089,https://www.google.com/search?q=site:npr.org+United States+news+after:2017-07-17+before:2017-07-24
2017-07-17,Israel,Asia,110388,https://www.google.com/search?q=site:pbs.org+Israel+news+after:2017-07-17+before:2017-07-24
2017-07-17,Syria,Asia,22790,https://www.google.com/search?q=site:apnews.com+Syria+news+after:2017-07-17+before:2017-07-24
2017-07-17,Russia,Europe,22117,https://www.google.com/search?q=site:aljazeera.com+Russia+news+after:2017-07-17+before:2017-07-24
2017-07-17,Australia,Oceania,21126,https://www.google.com/search?q=site:npr.org+Australia+news+after:2017-07-17+before:2017-07-24
2017-07-24,United States,North America,236431,https://www.google.com/search?q=site:npr.org+United States+news+after:2017-07-24+before:2017-07-31
2017-07-24,Israel,Asia,92445,https://www.google.com/search?q=site:pbs.org+Israel+news+after:2017-07-24+before:2017-07-31
2017-07-24,Russia,Europe,31774,https://www.google.com/search?q=site:bbc.com+Russia+news+after:2017-07-24+before:2017-07-31
2017-07-24,Venezuela,South America,24222,https://www.google.com/search?q=site:reuters.com+Venezuela+news+after:2017-07-24+before:2017-07-31
2017-07-24,United Kingdom,Europe,23533,https://www.google.com/search?q=site:npr.org+United Kingdom+news+after:2017-07-24+before:2017-07-31
2017-07-31,United States,North America,232058,https://www.google.com/search?q=site:bbc.com+United States+news+after:2017-07-31+before:2017-08-07
2017-07-31,Russia,Europe,36806,https://www.google.com/search?q=site:reuters.com+Russia+news+after:2017-07-31+before:2017-08-07
2017-07-31,Venezuela,South America,35042,https://www.google.com/search?q=site:pbs.org+Venezuela+news+after:2017-07-31+before:2017-08-07
2017-07-31,Israel,Asia,30239,https://www.google.com/search?q=site:npr.org+Israel+news+after:2017-07-31+before:2017-08-07
2017-07-31,United Kingdom,Europe,24371,https://www.google.com/search?q=site:bbc.com+United Kingdom+news+after:2017-07-31+before:2017-08-07
2017-08-07,United States,North America,219178,https://www.google.com/search?q=site:reuters.com+United States+news+after:2017-08-07+before:2017-08-14
2017-08-07,Israel,Asia,28152,https://www.google.com/search?q=site:dw.com+Israel+news+after:2017-08-07+before:2017-08-14
2017-08-07,North Korea,Asia,24070,https://www.google.com/search?q=site:aljazeera.com+North Korea+news+after:2017-08-07+before:2017-08-14
2017-08-07,United Kingdom,Europe,21965,https://www.google.com/search?q=site:aljazeera.com+United Kingdom+news+after:2017-08-07+before:2017-08-14
2017-08-07,Venezuela,South America,19142,https://www.google.com/search?q=site:bbc.com+Venezuela+news+after:2017-08-07+before:2017-08-14
2017-08-14,United States,North America,291468,https://www.google.com/search?q=site:reuters.com+United States+news+after:2017-08-14+before:2017-08-21
2017-08-14,Spain,Europe,94165,https://www.google.com/search?q=site:reuters.com+Spain+news+after:2017-08-14+before:2017-08-21
2017-08-14,Israel,Asia,27365,https://www.google.com/search?q=site:bbc.com+Israel+news+after:2017-08-14+before:2017-08-21
2017-08-14,United Kingdom,Europe,21731,https://www.google.com/search?q=site:npr.org+United Kingdom+news+after:2017-08-14+before:2017-08-21
2017-08-14,France,Europe,16674,https://www.google.com/search?q=site:bbc.com+France+news+after:2017-08-14+before:2017-08-21
2017-08-21,United States,North America,256656,https://www.google.com/search?q=site:pbs.org+United States+news+after:2017-08-21+before:2017-08-28
2017-08-21,Spain,Europe,68367,https://www.google.com/search?q=site:reuters.com+Spain+news+after:2017-08-21+before:2017-08-28
2017-08-21,Afghanistan,Asia,24593,https://www.google.com/search?q=site:dw.com+Afghanistan+news+after:2017-08-21+before:2017-08-28
2017-08-21,Israel,Asia,23687,https://www.google.com/search?q=site:dw.com+Israel+news+after:2017-08-21+before:2017-08-28
2017-08-21,United Kingdom,Europe,20486,https://www.google.com/search?q=site:apnews.com+United Kingdom+news+after:2017-08-21+before:2017-08-28
2017-08-28,United States,North America,140108,https://www.google.com/search?q=site:reuters.com+United States+news+after:2017-08-28+before:2017-09-04
2017-08-28,Russia,Europe,23738,https://www.google.com/search?q=site:pbs.org+Russia+news+after:2017-08-28+before:2017-09-04
2017-08-28,United Kingdom,Europe,12739,https://www.google.com/search?q=site:bbc.com+United Kingdom+news+after:2017-08-28+before:2017-09-04
2017-08-28,Israel,Asia,11799,https://www.google.com/search?q=site:reuters.com+Israel+news+after:2017-08-28+before:2017-09-04
2017-08-28,India,Asia,10784,https://www.google.com/search?q=site:reuters.com+India+news+after:2017-08-28+before:2017-09-04
2017-09-04,United States,North America,213744,https://www.google.com/search?q=site:bbc.com+United States+news+after:2017-09-04+before:2017-09-11
2017-09-04,India,Asia,24344,https://www.google.com/search?q=site:apnews.com+India+news+after:2017-09-04+before:2017-09-11
2017-09-04,Russia,Europe,23504,https://www.google.com/search?q=site:dw.com+Russia+news+after:2017-09-04+before:2017-09-11
2017-09-04,Israel,Asia,23210,https://www.google.com/search?q=site:pbs.org+Israel+news+after:2017-09-04+before:2017-09-11
2017-09-04,Syria,Asia,20008,https://www.google.com/search?q=site:apnews.com+Syria+news+after:2017-09-04+before:2017-09-11
2017-09-11,United States,North America,260716,https://www.google.com/search?q=site:npr.org+United States+news+after:2017-09-11+before:2017-09-18
2017-09-11,United Kingdom,Europe,48193,https://www.google.com/search?q=site:reuters.com+United Kingdom+news+after:2017-09-11+before:2017-09-18
2017-09-11,Russia,Europe,24247,https://www.google.com/search?q=site:aljazeera.com+Russia+news+after:2017-09-11+before:2017-09-18
2017-09-11,North Korea,Asia,22773,https://www.google.com/search?q=site:apnews.com+North Korea+news+after:2017-09-11+before:2017-09-18
2017-09-11,Israel,Asia,18668,https://www.google.com/search?q=site:aljazeera.com+Israel+news+after:2017-09-11+before:2017-09-18
2017-09-18,United States,North America,243827,https://www.google.com/search?q=site:aljazeera.com+United States+news+after:2017-09-18+before:2017-09-25
2017-09-18,United Kingdom,Europe,29682,https://www.google.com/search?q=site:reuters.com+United Kingdom+news+after:2017-09-18+before:2017-09-25
2017-09-18,North Korea,Asia,22968,https://www.google.com/search?q=site:apnews.com+North Korea+news+after:2017-09-18+before:2017-09-25
2017-09-18,Russia,Europe,22527,https://www.google.com/search?q=site:dw.com+Russia+news+after:2017-09-18+before:2017-09-25
2017-09-18,Israel,Asia,21044,https://www.google.com/search?q=site:npr.org+Israel+news+after:2017-09-18+before:2017-09-25
2017-09-25,United States,North America,219442,https://www.google.com/search?q=site:aljazeera.com+United States+news+after:2017-09-25+before:2017-10-02
2017-09-25,Israel,Asia,28176,https://www.google.com/search?q=site:pbs.org+Israel+news+after:2017-09-25+before:2017-10-02
2017-09-25,Iraq,Asia,22741,https://www.google.com/search?q=site:reuters.com+Iraq+news+after:2017-09-25+before:2017-10-02
2017-09-25,Russia,Europe,22509,https://www.google.com/search?q=site:apnews.com+Russia+news+after:2017-09-25+before:2017-10-02
2017-09-25,United Kingdom,Europe,20189,https://www.google.com/search?q=site:reuters.com+United Kingdom+news+after:2017-09-25+before:2017-10-02
2017-10-02,United States,North America,338924,https://www.google.com/search?q=site:dw.com+United States+news+after:2017-10-02+before:2017-10-09
2017-10-02,Myanmar,Asia,36078,https://www.google.com/search?q=site:reuters.com+Myanmar+news+after:2017-10-02+before:2017-10-09
2017-10-02,Russia,Europe,25914,https://www.google.com/search?q=site:bbc.com+Russia+news+after:2017-10-02+before:2017-10-09
2017-10-02,Israel,Asia,25811,https://www.google.com/search?q=site:pbs.org+Israel+news+after:2017-10-02+before:2017-10-09
2017-10-02,Spain,Europe,24474,https://www.google.com/search?q=site:dw.com+Spain+news+after:2017-10-02+before:2017-10-09
2017-10-09,United States,North America,299821,https://www.google.com/search?q=site:npr.org+United States+news+after:2017-10-09+before:2017-10-16
2017-10-09,United Kingdom,Europe,23107,https://www.google.com/search?q=site:apnews.com+United Kingdom+news+after:2017-10-09+before:2017-10-16
2017-10-09,Israel,Asia,22215,https://www.google.com/search?q=site:reuters.com+Israel+news+after:2017-10-09+before:2017-10-16
2017-10-09,Syria,Asia,21517,https://www.google.com/search?q=site:bbc.com+Syria+news+after:2017-10-09+before:2017-10-16
2017-10-09,Turkey,Asia,20187,https://www.google.com/search?q=site:dw.com+Turkey+news+after:2017-10-09+before:2017-10-16
2017-10-16,United States,North America,314900,https://www.google.com/search?q=site:bbc.com+United States+news+after:2017-10-16+before:2017-10-23
2017-10-16,Afghanistan,Asia,37372,https://www.google.com/search?q=site:dw.com+Afghanistan+news+after:2017-10-16+before:2017-10-23
2017-10-16,Iraq,Asia,33610,https://www.google.com/search?q=site:pbs.org+Iraq+news+after:2017-10-16+before:2017-10-23
2017-10-16,Israel,Asia,29612,https://www.google.com/search?q=site:reuters.com+Israel+news+after:2017-10-16+before:2017-10-23
2017-10-16,Syria,Asia,27692,https://www.google.com/search?q=site:apnews.com+Syria+news+after:2017-10-16+before:2017-10-23
2017-10-23,United States,North America,238515,https://www.google.com/search?q=site:reuters.com+United States+news+after:2017-10-23+before:2017-10-30
2017-10-23,Spain,Europe,25157,https://www.google.com/search?q=site:npr.org+Spain+news+after:2017-10-23+before:2017-10-30
2017-10-23,Russia,Europe,25101,https://www.google.com/search?q=site:pbs.org+Russia+news+after:2017-10-23+before:2017-10-30
2017-10-23,Israel,Asia,24339,https://www.google.com/search?q=site:dw.com+Israel+news+after:2017-10-23+before:2017-10-30
2017-10-23,Syria,Asia,23403,https://www.google.com/search?q=site:reuters.com+Syria+news+after:2017-10-23+before:2017-10-30
2017-10-30,United States,North America,295963,https://www.google.com/search?q=site:pbs.org+United States+news+after:2017-10-30+before:2017-11-06
2017-10-30,Russia,Europe,32246,https://www.google.com/search?q=site:bbc.com+Russia+news+after:2017-10-30+before:2017-11-06
2017-10-30,Spain,Europe,29736,https://www.google.com/search?q=site:aljazeera.com+Spain+news+after:2017-10-30+before:2017-11-06
2017-10-30,Israel,Asia,26805,https://www.google.com/search?q=site:reuters.com+Israel+news+after:2017-10-30+before:2017-11-06
2017-10-30,United Kingdom,Europe,26228,https://www.google.com/search?q=site:reuters.com+United Kingdom+news+after:2017-10-30+before:2017-11-06
2017-11-06,United States,North America,422543,https://www.google.com/search?q=site:aljazeera.com+United States+news+after:2017-11-06+before:2017-11-13
2017-11-06,Saudi Arabia,Asia,27440,https://www.google.com/search?q=site:apnews.com+Saudi Arabia+news+after:2017-11-06+before:2017-11-13
2017-11-06,United Kingdom,Europe,21496,https://www.google.com/search?q=site:aljazeera.com+United Kingdom+news+after:2017-11-06+before:2017-11-13
2017-11-06,Russia,Europe,17799,https://www.google.com/search?q=site:apnews.com+Russia+news+after:2017-11-06+before:2017-11-13
2017-11-06,Israel,Asia,17317,https://www.google.com/search?q=site:dw.com+Israel+news+after:2017-11-06+before:2017-11-13
2017-11-13,United States,North America,283521,https://www.google.com/search?q=site:aljazeera.com+United States+news+after:2017-11-13+before:2017-11-20
2017-11-13,Israel,Asia,27168,https://www.google.com/search?q=site:apnews.com+Israel+news+after:2017-11-13+before:2017-11-20
2017-11-13,Zimbabwe,Africa,18399,https://www.google.com/search?q=site:dw.com+Zimbabwe+news+after:2017-11-13+before:2017-11-20
2017-11-13,United Kingdom,Europe,18315,https://www.google.com/search?q=site:npr.org+United Kingdom+news+after:2017-11-13+before:2017-11-20
2017-11-13,Syria,Asia,16247,https://www.google.com/search?q=site:reuters.com+Syria+news+after:2017-11-13+before:2017-11-20
2017-11-20,United States,North America,200318,https://www.google.com/search?q=site:pbs.org+United States+news+after:2017-11-20+before:2017-11-27
2017-11-20,Egypt,Africa,49448,https://www.google.com/search?q=site:reuters.com+Egypt+news+after:2017-11-20+before:2017-11-27
2017-11-20,Israel,Asia,24011,https://www.google.com/search?q=site:bbc.com+Israel+news+after:2017-11-20+before:2017-11-27
2017-11-20,United Kingdom,Europe,22629,https://www.google.com/search?q=site:aljazeera.com+United Kingdom+news+after:2017-11-20+before:2017-11-27
2017-11-20,Pakistan,Asia,17887,https://www.google.com/search?q=site:reuters.com+Pakistan+news+after:2017-11-20+before:2017-11-27
2017-11-27,United States,North America,234538,https://www.google.com/search?q=site:pbs.org+United States+news+after:2017-11-27+before:2017-12-04
2017-11-27,Israel,Asia,30216,https://www.google.com/search?q=site:reuters.com+Israel+news+after:2017-11-27+before:2017-12-04
2017-11-27,United Kingdom,Europe,27441,https://www.google.com/search?q=site:npr.org+United Kingdom+news+after:2017-11-27+before:2017-12-04
2017-11-27,Russia,Europe,25137,https://www.google.com/search?q=site:reuters.com+Russia+news+after:2017-11-27+before:2017-12-04
2017-11-27,North Korea,Asia,22384,https://www.google.com/search?q=site:bbc.com+North Korea+news+after:2017-11-27+before:2017-12-04
2017-12-04,United States,North America,279056,https://www.google.com/search?q=site:apnews.com+United States+news+after:2017-12-04+before:2017-12-11
2017-12-04,Israel,Asia,127676,https://www.google.com/search?q=site:dw.com+Israel+news+after:2017-12-04+before:2017-12-11
2017-12-04,United Kingdom,Europe,23494,https://www.google.com/search?q=site:apnews.com+United Kingdom+news+after:2017-12-04+before:2017-12-11
2017-12-04,Yemen,Asia,21180,https://www.google.com/search?q=site:bbc.com+Yemen+news+after:2017-12-04+before:2017-12-11
2017-12-04,Palestine,Asia,17821,https://www.google.com/search?q=site:bbc.com+Palestine+news+after:2017-12-04+before:2017-12-11
2017-12-11,United States,North America,241399,https://www.google.com/search?q=site:aljazeera.com+United States+news+after:2017-12-11+before:2017-12-18
2017-12-11,Israel,Asia,89753,https://www.google.com/search?q=site:aljazeera.com+Israel+news+after:2017-12-11+before:2017-12-18
2017-12-11,Russia,Europe,20629,https://www.google.com/search?q=site:reuters.com+Russia+news+after:2017-12-11+before:2017-12-18
2017-12-11,United Kingdom,Europe,19003,https://www.google.com/search?q=site:aljazeera.com+United Kingdom+news+after:2017-12-11+before:2017-12-18
2017-12-11,India,Asia,14847,https://www.google.com/search?q=site:pbs.org+India+news+after:2017-12-11+before:2017-12-18
2017-12-18,United States,North America,219163,https://www.google.com/search?q=site:aljazeera.com+United States+news+after:2017-12-18+before:2017-12-25
2017-12-18,Israel,Asia,59977,https://www.google.com/search?q=site:npr.org+Israel+news+after:2017-12-18+before:2017-12-25
2017-12-18,United Kingdom,Europe,22827,https://www.google.com/search?q=site:npr.org+United Kingdom+news+after:2017-12-18+before:2017-12-25
2017-12-18,Russia,Europe,18798,https://www.google.com/search?q=site:pbs.org+Russia+news+after:2017-12-18+before:2017-12-25
2017-12-18,India,Asia,13606,https://www.google.com/search?q=site:apnews.com+India+news+after:2017-12-18+before:2017-12-25
2017-12-25,United States,North America,170806,https://www.google.com/search?q=site:reuters.com+United States+news+after:2017-12-25+before:2018-01-01
2017-12-25,Israel,Asia,44284,https://www.google.com/search?q=site:npr.org+Israel+news+after:2017-12-25+before:2018-01-01
2017-12-25,Egypt,Africa,30032,https://www.google.com/search?q=site:apnews.com+Egypt+news+after:2017-12-25+before:2018-01-01
2017-12-25,Russia,Europe,23509,https://www.google.com/search?q=site:apnews.com+Russia+news+after:2017-12-25+before:2018-01-01
2017-12-25,Afghanistan,Asia,21775,https://www.google.com/search?q=site:apnews.com+Afghanistan+news+after:2017-12-25+before:2018-01-01
2018-01-01,United States,North America,203685,https://www.google.com/search?q=site:pbs.org+United States+news+after:2018-01-01+before:2018-01-08
2018-01-01,Israel,Asia,45039,https://www.google.com/search?q=site:reuters.com+Israel+news+after:2018-01-01+before:2018-01-08
2018-01-01,Iran,Asia,36071,https://www.google.com/search?q=site:reuters.com+Iran+news+after:2018-01-01+before:2018-01-08
2018-01-01,United Kingdom,Europe,18591,https://www.google.com/search?q=site:apnews.com+United Kingdom+news+after:2018-01-01+before:2018-01-08
2018-01-01,India,Asia,16482,https://www.google.com/search?q=site:pbs.org+India+news+after:2018-01-01+before:2018-01-08
2018-01-08,United States,North America,208825,https://www.google.com/search?q=site:apnews.com+United States+news+after:2018-01-08+before:2018-01-15
2018-01-08,Israel,Asia,39948,https://www.google.com/search?q=site:pbs.org+Israel+news+after:2018-01-08+before:2018-01-15
2018-01-08,United Kingdom,Europe,24312,https://www.google.com/search?q=site:pbs.org+United Kingdom+news+after:2018-01-08+before:2018-01-15
2018-01-08,Syria,Asia,22032,https://www.google.com/search?q=site:apnews.com+Syria+news+after:2018-01-08+before:2018-01-15
2018-01-08,Russia,Europe,17676,https://www.google.com/search?q=site:pbs.org+Russia+news+after:2018-01-08+before:2018-01-15
2018-01-15,United States,North America,216328,https://www.google.com/search?q=site:pbs.org+United States+news+after:2018-01-15+before:2018-01-22
2018-01-15,Israel,Asia,42062,https://www.google.com/search?q=site:pbs.org+Israel+news+after:2018-01-15+before:2018-01-22
2018-01-15,Turkey,Asia,28133,https://www.google.com/search?q=site:npr.org+Turkey+news+after:2018-01-15+before:2018-01-22
2018-01-15,Syria,Asia,27130,https://www.google.com/search?q=site:dw.com+Syria+news+after:2018-01-15+before:2018-01-22
2018-01-15,Serbia,Europe,25951,https://www.google.com/search?q=site:aljazeera.com+Serbia+news+after:2018-01-15+before:2018-01-22
2018-01-22,United States,North America,233065,https://www.google.com/search?q=site:npr.org+United States+news+after:2018-01-22+before:2018-01-29
2018-01-22,Turkey,Asia,39516,https://www.google.com/search?q=site:reuters.com+Turkey+news+after:2018-01-22+before:2018-01-29
2018-01-22,Syria,Asia,35913,https://www.google.com/search?q=site:apnews.com+Syria+news+after:2018-01-22+before:2018-01-29
2018-01-22,Israel,Asia,33154,https://www.google.com/search?q=site:apnews.com+Israel+news+after:2018-01-22+before:2018-01-29
2018-01-22,Afghanistan,Asia,27388,https://www.google.com/search?q=site:npr.org+Afghanistan+news+after:2018-01-22+before:2018-01-29
2018-01-29,United States,North America,222226,https://www.google.com/search?q=site:apnews.com+United States+news+after:2018-01-29+before:2018-02-05
2018-01-29,Israel,Asia,53290,https://www.google.com/search?q=site:bbc.com+Israel+news+after:2018-01-29+before:2018-02-05
2018-01-29,Syria,Asia,36911,https://www.google.com/search?q=site:dw.com+Syria+news+after:2018-01-29+before:2018-02-05
2018-01-29,Russia,Europe,31499,https://www.google.com/search?q=site:pbs.org+Russia+news+after:2018-01-29+before:2018-02-05
2018-01-29,Turkey,Asia,27842,https://www.google.com/search?q=site:apnews.com+Turkey+news+after:2018-01-29+before:2018-02-05
2018-02-05,United States,North America,218060,https://www.google.com/search?q=site:reuters.com+United States+news+after:2018-02-05+before:2018-02-12
2018-02-05,Israel,Asia,66353,https://www.google.com/search?q=site:dw.com+Israel+news+after:2018-02-05+before:2018-02-12
2018-02-05,Syria,Asia,61489,https://www.google.com/search?q=site:apnews.com+Syria+news+after:2018-02-05+before:2018-02-12
2018-02-05,Turkey,Asia,26200,https://www.google.com/search?q=site:bbc.com+Turkey+news+after:2018-02-05+before:2018-02-12
2018-02-05,Russia,Europe,25615,https://www.google.com/search?q=site:bbc.com+Russia+news+after:2018-02-05+before:2018-02-12
2018-02-12,United States,North America,332640,https://www.google.com/search?q=site:apnews.com+United States+news+after:2018-02-12+before:2018-02-19
2018-02-12,Israel,Asia,56259,https://www.google.com/search?q=site:aljazeera.com+Israel+news+after:2018-02-12+before:2018-02-19
2018-02-12,Russia,Europe,32115,https://www.google.com/search?q=site:aljazeera.com+Russia+news+after:2018-02-12+before:2018-02-19
2018-02-12,Syria,Asia,23881,https://www.google.com/search?q=site:aljazeera.com+Syria+news+after:2018-02-12+before:2018-02-19
2018-02-12,United Kingdom,Europe,21674,https://www.google.com/search?q=site:dw.com+United Kingdom+news+after:2018-02-12+before:2018-02-19
2018-02-19,United States,North America,374361,https://www.google.com/search?q=site:pbs.org+United States+news+after:2018-02-19+before:2018-02-26
2018-02-19,Syria,Asia,58660,https://www.google.com/search?q=site:apnews.com+Syria+news+after:2018-02-19+before:2018-02-26
2018-02-19,Israel,Asia,48019,https://www.google.com/search?q=site:aljazeera.com+Israel+news+after:2018-02-19+before:2018-02-26
2018-02-19,Russia,Europe,36514,https://www.google.com/search?q=site:dw.com+Russia+news+after:2018-02-19+before:2018-02-26
2018-02-19,United Kingdom,Europe,20653,https://www.google.com/search?q=site:bbc.com+United Kingdom+news+after:2018-02-19+before:2018-02-26
2018-02-26,United States,North America,314456,https://www.google.com/search?q=site:npr.org+United States+news+after:2018-02-26+before:2018-03-05
2018-02-26,Syria,Asia,45587,https://www.google.com/search?q=site:dw.com+Syria+news+after:2018-02-26+before:2018-03-05
2018-02-26,Israel,Asia,36114,https://www.google.com/search?q=site:bbc.com+Israel+news+after:2018-02-26+before:2018-03-05
2018-02-26,Russia,Europe,26453,https://www.google.com/search?q=site:reuters.com+Russia+news+after:2018-02-26+before:2018-03-05
2018-02-26,United Kingdom,Europe,21176,https://www.google.com/search?q=site:npr.org+United Kingdom+news+after:2018-02-26+before:2018-03-05
2018-03-05,United States,North America,268650,https://www.google.com/search?q=site:aljazeera.com+United States+news+after:2018-03-05+before:2018-03-12
2018-03-05,Russia,Europe,38767,https://www.google.com/search?q=site:reuters.com+Russia+news+after:2018-03-05+before:2018-03-12
2018-03-05,Israel,Asia,34908,https://www.google.com/search?q=site:pbs.org+Israel+news+after:2018-03-05+before:2018-03-12
2018-03-05,Syria,Asia,33422,https://www.google.com/search?q=site:npr.org+Syria+news+after:2018-03-05+before:2018-03-12
2018-03-05,United Kingdom,Europe,26611,https://www.google.com/search?q=site:npr.org+United Kingdom+news+after:2018-03-05+before:2018-03-12
2018-03-12,United States,North America,268209,https://www.google.com/search?q=site:apnews.com+United States+news+after:2018-03-12+before:2018-03-19
2018-03-12,Russia,Europe,74798,https://www.google.com/search?q=site:reuters.com+Russia+news+after:2018-03-12+before:2018-03-19
2018-03-12,Syria,Asia,45179,https://www.google.com/search?q=site:dw.com+Syria+news+after:2018-03-12+before:2018-03-19
2018-03-12,United Kingdom,Europe,43864,https://www.google.com/search?q=site:reuters.com+United Kingdom+news+after:2018-03-12+before:2018-03-19
2018-03-12,Israel,Asia,36085,https://www.google.com/search?q=site:reuters.com+Israel+news+after:2018-03-12+before:2018-03-19
2018-03-19,United States,North America,301002,https://www.google.com/search?q=site:apnews.com+United States+news+after:2018-03-19+before:2018-03-26
2018-03-19,Russia,Europe,40621,https://www.google.com/search?q=site:apnews.com+Russia+news+after:2018-03-19+before:2018-03-26
2018-03-19,Israel,Asia,34786,https://www.google.com/search?q=site:aljazeera.com+Israel+news+after:2018-03-19+before:2018-03-26
2018-03-19,France,Europe,31703,https://www.google.com/search?q=site:apnews.com+France+news+after:2018-03-19+before:2018-03-26
2018-03-19,Syria,Asia,30433,https://www.google.com/search?q=site:npr.org+Syria+news+after:2018-03-19+before:2018-03-26
2018-03-26,United States,North America,270378,https://www.google.com/search?q=site:dw.com+United States+news+after:2018-03-26+before:2018-04-02
2018-03-26,Russia,Europe,126287,https://www.google.com/search?q=site:aljazeera.com+Russia+news+after:2018-03-26+before:2018-04-02
2018-03-26,Israel,Asia,65997,https://www.google.com/search?q=site:dw.com+Israel+news+after:2018-03-26+before:2018-04-02
2018-03-26,United Kingdom,Europe,41600,https://www.google.com/search?q=site:apnews.com+United Kingdom+news+after:2018-03-26+before:2018-04-02
2018-03-26,Serbia,Europe,24142,https://www.google.com/search?q=site:bbc.com+Serbia+news+after:2018-03-26+before:2018-04-02
2018-04-02,United States,North America,269025,https://www.google.com/search?q=site:aljazeera.com+United States+news+after:2018-04-02+before:2018-04-09
2018-04-02,Israel,Asia,65094,https://www.google.com/search?q=site:bbc.com+Israel+news+after:2018-04-02+before:2018-04-09
2018-04-02,Russia,Europe,38411,https://www.google.com/search?q=site:aljazeera.com+Russia+news+after:2018-04-02+before:2018-04-09
2018-04-02,Syria,Asia,33726,https://www.google.com/search?q=site:apnews.com+Syria+news+after:2018-04-02+before:2018-04-09
2018-04-02,United Kingdom,Europe,28850,https://www.google.com/search?q=site:aljazeera.com+United Kingdom+news+after:2018-04-02+before:2018-04-09
2018-04-09,United States,North America,292226,https://www.google.com/search?q=site:npr.org+United States+news+after:2018-04-09+before:2018-04-16
2018-04-09,Syria,Asia,262666,https://www.google.com/search?q=site:aljazeera.com+Syria+news+after:2018-04-09+before:2018-04-16
2018-04-09,Russia,Europe,98374,https://www.google.com/search?q=site:reuters.com+Russia+news+after:2018-04-09+before:2018-04-16
2018-04-09,Israel,Asia,69913,https://www.google.com/search?q=site:reuters.com+Israel+news+after:2018-04-09+before:2018-04-16
2018-04-09,United Kingdom,Europe,54322,https://www.google.com/search?q=site:npr.org+United Kingdom+news+after:2018-04-09+before:2018-04-16
2018-04-16,United States,North America,300201,https://www.google.com/search?q=site:bbc.com+United States+news+after:2018-04-16+before:2018-04-23
2018-04-16,Syria,Asia,67592,https://www.google.com/search?q=site:bbc.com+Syria+news+after:2018-04-16+before:2018-04-23
2018-04-16,Israel,Asia,54075,https://www.google.com/search?q=site:apnews.com+Israel+news+after:2018-04-16+before:2018-04-23
2018-04-16,Russia,Europe,35375,https://www.google.com/search?q=site:apnews.com+Russia+news+after:2018-04-16+before:2018-04-23
2018-04-16,United Kingdom,Europe,33092,https://www.google.com/search?q=site:dw.com+United Kingdom+news+after:2018-04-16+before:2018-04-23
2018-04-23,United States,North America,323119,https://www.google.com/search?q=site:npr.org+United States+news+after:2018-04-23+before:2018-04-30
2018-04-23,Israel,Asia,56708,https://www.google.com/search?q=site:reuters.com+Israel+news+after:2018-04-23+before:2018-04-30
2018-04-23,United Kingdom,Europe,24618,https://www.google.com/search?q=site:dw.com+United Kingdom+news+after:2018-04-23+before:2018-04-30
2018-04-23,Syria,Asia,21886,https://www.google.com/search?q=site:aljazeera.com+Syria+news+after:2018-04-23+before:2018-04-30
2018-04-23,Canada,North America,20417,https://www.google.com/search?q=site:apnews.com+Canada+news+after:2018-04-23+before:2018-04-30
2018-04-30,United States,North America,274790,https://www.google.com/search?q=site:aljazeera.com+United States+news+after:2018-04-30+before:2018-05-07
2018-04-30,Israel,Asia,38940,https://www.google.com/search?q=site:npr.org+Israel+news+after:2018-04-30+before:2018-05-07
2018-04-30,Afghanistan,Asia,37582,https://www.google.com/search?q=site:reuters.com+Afghanistan+news+after:2018-04-30+before:2018-05-07
2018-04-30,Russia,Europe,22066,https://www.google.com/search?q=site:reuters.com+Russia+news+after:2018-04-30+before:2018-05-07
2018-04-30,United Kingdom,Europe,21797,https://www.google.com/search?q=site:bbc.com+United Kingdom+news+after:2018-04-30+before:2018-05-07
2018-05-07,United States,North America,281950,https://www.google.com/search?q=site:reuters.com+United States+news+after:2018-05-07+before:2018-05-14
2018-05-07,Israel,Asia,85494,https://www.google.com/search?q=site:bbc.com+Israel+news+after:2018-05-07+before:2018-05-14
2018-05-07,Iran,Asia,51334,https://www.google.com/search?q=site:apnews.com+Iran+news+after:2018-05-07+before:2018-05-14
2018-05-07,Syria,Asia,45862,https://www.google.com/search?q=site:dw.com+Syria+news+after:2018-05-07+before:2018-05-14
2018-05-07,Indonesia,Asia,30915,https://www.google.com/search?q=site:pbs.org+Indonesia+news+after:2018-05-07+before:2018-05-14
2018-05-14,United States,North America,304736,https://www.google.com/search?q=site:reuters.com+United States+news+after:2018-05-14+before:2018-05-21
2018-05-14,Israel,Asia,167891,https://www.google.com/search?q=site:apnews.com+Israel+news+after:2018-05-14+before:2018-05-21
2018-05-14,Indonesia,Asia,24887,https://www.google.com/search?q=site:apnews.com+Indonesia+news+after:2018-05-14+before:2018-05-21
2018-05-14,United Kingdom,Europe,21730,https://www.google.com/search?q=site:aljazeera.com+United Kingdom+news+after:2018-05-14+before:2018-05-21
2018-05-14,Russia,Europe,20038,https://www.google.com/search?q=site:npr.org+Russia+news+after:2018-05-14+before:2018-05-21
2018-05-21,United States,North America,294176,https://www.google.com/search?q=site:pbs.org+United States+news+after:2018-05-21+before:2018-05-28
2018-05-21,Israel,Asia,45901,https://www.google.com/search?q=site:aljazeera.com+Israel+news+after:2018-05-21+before:2018-05-28
2018-05-21,United Kingdom,Europe,23121,https://www.google.com/search?q=site:aljazeera.com+United Kingdom+news+after:2018-05-21+before:2018-05-28
2018-05-21,Russia,Europe,20924,https://www.google.com/search?q=site:apnews.com+Russia+news+after:2018-05-21+before:2018-05-28
2018-05-21,Syria,Asia,18951,https://www.google.com/search?q=site:pbs.org+Syria+news+after:2018-05-21+before:2018-05-28
2018-05-28,United States,North America,252135,https://www.google.com/search?q=site:aljazeera.com+United States+news+after:2018-05-28+before:2018-06-04
2018-05-28,Israel,Asia,71839,https://www.google.com/search?q=site:bbc.com+Israel+news+after:2018-05-28+before:2018-06-04
2018-05-28,Russia,Europe,36273,https://www.google.com/search?q=site:reuters.com+Russia+news+after:2018-05-28+before:2018-06-04
2018-05-28,Ukraine,Europe,27026,https://www.google.com/search?q=site:apnews.com+Ukraine+news+after:2018-05-28+before:2018-06-04
2018-05-28,Belgium,Europe,21370,https://www.google.com/search?q=site:pbs.org+Belgium+news+after:2018-05-28+before:2018-06-04
2018-06-04,United States,North America,247385,https://www.google.com/search?q=site:apnews.com+United States+news+after:2018-06-04+before:2018-06-11
2018-06-04,Israel,Asia,40140,https://www.google.com/search?q=site:aljazeera.com+Israel+news+after:2018-06-04+before:2018-06-11
2018-06-04,United Kingdom,Europe,20825,https://www.google.com/search?q=site:bbc.com+United Kingdom+news+after:2018-06-04+before:2018-06-11
2018-06-04,Russia,Europe,18539,https://www.google.com/search?q=site:dw.com+Russia+news+after:2018-06-04+before:2018-06-11
2018-06-04,India,Asia,13879,https://www.google.com/search?q=site:apnews.com+India+news+after:2018-06-04+before:2018-06-11
2018-06-11,United States,North America,225874,https://www.google.com/search?q=site:aljazeera.com+United States+news+after:2018-06-11+before:2018-06-18
2018-06-11,Israel,Asia,26553,https://www.google.com/search?q=site:aljazeera.com+Israel+news+after:2018-06-11+before:2018-06-18
2018-06-11,United Kingdom,Europe,22309,https://www.google.com/search?q=site:aljazeera.com+United Kingdom+news+after:2018-06-11+before:2018-06-18
2018-06-11,Afghanistan,Asia,17308,https://www.google.com/search?q=site:reuters.com+Afghanistan+news+after:2018-06-11+before:2018-06-18
2018-06-11,Yemen,Asia,15550,https://www.google.com/search?q=site:pbs.org+Yemen+news+after:2018-06-11+before:2018-06-18
2018-06-18,United States,North America,237121,https://www.google.com/search?q=site:apnews.com+United States+news+after:2018-06-18+before:2018-06-25
2018-06-18,Israel,Asia,39307,https://www.google.com/search?q=site:apnews.com+Israel+news+after:2018-06-18+before:2018-06-25
2018-06-18,United Kingdom,Europe,19970,https://www.google.com/search?q=site:bbc.com+United Kingdom+news+after:2018-06-18+before:2018-06-25
2018-06-18,Syria,Asia,16158,https://www.google.com/search?q=site:dw.com+Syria+news+after:2018-06-18+before:2018-06-25
2018-06-18,India,Asia,14381,https://www.google.com/search?q=site:reuters.com+India+news+after:2018-06-18+before:2018-06-25
2018-06-25,United States,North America,333618,https://www.google.com/search?q=site:reuters.com+United States+news+after:2018-06-25+before:2018-07-02
2018-06-25,Israel,Asia,25103,https://www.google.com/search?q=site:reuters.com+Israel+news+after:2018-06-25+before:2018-07-02
2018-06-25,United Kingdom,Europe,18365,https://www.google.com/search?q=site:reuters.com+United Kingdom+news+after:2018-06-25+before:2018-07-02
2018-06-25,Syria,Asia,15804,https://www.google.com/search?q=site:pbs.org+Syria+news+after:2018-06-25+before:2018-07-02
2018-06-25,Mexico,North America,14722,https://www.google.com/search?q=site:bbc.com+Mexico+news+after:2018-06-25+before:2018-07-02
2018-07-02,United States,North America,232054,https://www.google.com/search?q=site:pbs.org+United States+news+after:2018-07-02+before:2018-07-09
2018-07-02,Israel,Asia,35345,https://www.google.com/search?q=site:aljazeera.com+Israel+news+after:2018-07-02+before:2018-07-09
2018-07-02,United Kingdom,Europe,23404,https://www.google.com/search?q=site:aljazeera.com+United Kingdom+news+after:2018-07-02+before:2018-07-09
2018-07-02,Australia,Oceania,16206,https://www.google.com/search?q=site:bbc.com+Australia+news+after:2018-07-02+before:2018-07-09
2018-07-02,Syria,Asia,14602,https://www.google.com/search?q=site:apnews.com+Syria+news+after:2018-07-02+before:2018-07-09
2018-07-09,United States,North America,254495,https://www.google.com/search?q=site:bbc.com+United States+news+after:2018-07-09+before:2018-07-16
2018-07-09,Israel,Asia,49490,https://www.google.com/search?q=site:pbs.org+Israel+news+after:2018-07-09+before:2018-07-16
2018-07-09,United Kingdom,Europe,28723,https://www.google.com/search?q=site:npr.org+United Kingdom+news+after:2018-07-09+before:2018-07-16
2018-07-09,Russia,Europe,25003,https://www.google.com/search?q=site:pbs.org+Russia+news+after:2018-07-09+before:2018-07-16
2018-07-09,Pakistan,Asia,23611,https://www.google.com/search?q=site:reuters.com+Pakistan+news+after:2018-07-09+before:2018-07-16
2018-07-16,United States,North America,259985,https://www.google.com/search?q=site:reuters.com+United States+news+after:2018-07-16+before:2018-07-23
2018-07-16,Israel,Asia,49937,https://www.google.com/search?q=site:npr.org+Israel+news+after:2018-07-16+before:2018-07-23
2018-07-16,Russia,Europe,44288,https://www.google.com/search?q=site:apnews.com+Russia+news+after:2018-07-16+before:2018-07-23
2018-07-16,United Kingdom,Europe,21005,https://www.google.com/search?q=site:aljazeera.com+United Kingdom+news+after:2018-07-16+before:2018-07-23
2018-07-16,Syria,Asia,16724,https://www.google.com/search?q=site:bbc.com+Syria+news+after:2018-07-16+before:2018-07-23
2018-07-23,United States,North America,301652,https://www.google.com/search?q=site:aljazeera.com+United States+news+after:2018-07-23+before:2018-07-30
2018-07-23,Israel,Asia,57368,https://www.google.com/search?q=site:apnews.com+Israel+news+after:2018-07-23+before:2018-07-30
2018-07-23,Canada,North America,41298,https://www.google.com/search?q=site:apnews.com+Canada+news+after:2018-07-23+before:2018-07-30
2018-07-23,Syria,Asia,26577,https://www.google.com/search?q=site:dw.com+Syria+news+after:2018-07-23+before:2018-07-30
2018-07-23,Russia,Europe,21285,https://www.google.com/search?q=site:reuters.com+Russia+news+after:2018-07-23+before:2018-07-30
2018-07-30,United States,North America,277393,https://www.google.com/search?q=site:npr.org+United States+news+after:2018-07-30+before:2018-08-06
2018-07-30,Israel,Asia,31831,https://www.google.com/search?q=site:pbs.org+Israel+news+after:2018-07-30+before:2018-08-06
2018-07-30,Russia,Europe,29818,https://www.google.com/search?q=site:reuters.com+Russia+news+after:2018-07-30+before:2018-08-06
2018-07-30,United Kingdom,Europe,18100,https://www.google.com/search?q=site:pbs.org+United Kingdom+news+after:2018-07-30+before:2018-08-06
2018-07-30,Australia,Oceania,17339,https://www.google.com/search?q=site:apnews.com+Australia+news+after:2018-07-30+before:2018-08-06
2018-08-06,United States,North America,318142,https://www.google.com/search?q=site:bbc.com+United States+news+after:2018-08-06+before:2018-08-13
2018-08-06,Israel,Asia,62657,https://www.google.com/search?q=site:apnews.com+Israel+news+after:2018-08-06+before:2018-08-13
2018-08-06,Canada,North America,31759,https://www.google.com/search?q=site:reuters.com+Canada+news+after:2018-08-06+before:2018-08-13
2018-08-06,Russia,Europe,30548,https://www.google.com/search?q=site:npr.org+Russia+news+after:2018-08-06+before:2018-08-13
2018-08-06,United Kingdom,Europe,21794,https://www.google.com/search?q=site:reuters.com+United Kingdom+news+after:2018-08-06+before:2018-08-13
2018-08-13,United States,North America,249877,https://www.google.com/search?q=site:pbs.org+United States+news+after:2018-08-13+before:2018-08-20
2018-08-13,Afghanistan,Asia,37518,https://www.google.com/search?q=site:pbs.org+Afghanistan+news+after:2018-08-13+before:2018-08-20
2018-08-13,Israel,Asia,37093,https://www.google.com/search?q=site:apnews.com+Israel+news+after:2018-08-13+before:2018-08-20
2018-08-13,United Kingdom,Europe,36386,https://www.google.com/search?q=site:reuters.com+United Kingdom+news+after:2018-08-13+before:2018-08-20
2018-08-13,Australia,Oceania,17916,https://www.google.com/search?q=site:reuters.com+Australia+news+after:2018-08-13+before:2018-08-20
2018-08-20,United States,North America,341857,https://www.google.com/search?q=site:apnews.com+United States+news+after:2018-08-20+before:2018-08-27
2018-08-20,Russia,Europe,39517,https://www.google.com/search?q=site:reuters.com+Russia+news+after:2018-08-20+before:2018-08-27
2018-08-20,Israel,Asia,21487,https://www.google.com/search?q=site:aljazeera.com+Israel+news+after:2018-08-20+before:2018-08-27
2018-08-20,Australia,Oceania,17924,https://www.google.com/search?q=site:pbs.org+Australia+news+after:2018-08-20+before:2018-08-27
2018-08-20,United Kingdom,Europe,17922,https://www.google.com/search?q=site:pbs.org+United Kingdom+news+after:2018-08-20+before:2018-08-27
2018-08-27,United States,North America,268463,https://www.google.com/search?q=site:reuters.com+United States+news+after:2018-08-27+before:2018-09-03
2018-08-27,Israel,Asia,31196,https://www.google.com/search?q=site:reuters.com+Israel+news+after:2018-08-27+before:2018-09-03
2018-08-27,Russia,Europe,27094,https://www.google.com/search?q=site:npr.org+Russia+news+after:2018-08-27+before:2018-09-03
2018-08-27,United Kingdom,Europe,24501,https://www.google.com/search?q=site:npr.org+United Kingdom+news+after:2018-08-27+before:2018-09-03
2018-08-27,Australia,Oceania,21688,https://www.google.com/search?q=site:bbc.com+Australia+news+after:2018-08-27+before:2018-09-03
2018-09-03,United States,North America,259395,https://www.google.com/search?q=site:reuters.com+United States+news+after:2018-09-03+before:2018-09-10
2018-09-03,Syria,Asia,44217,https://www.google.com/search?q=site:reuters.com+Syria+news+after:2018-09-03+before:2018-09-10
2018-09-03,Israel,Asia,40127,https://www.google.com/search?q=site:reuters.com+Israel+news+after:2018-09-03+before:2018-09-10
2018-09-03,Russia,Europe,38655,https://www.google.com/search?q=site:reuters.com+Russia+news+after:2018-09-03+before:2018-09-10
2018-09-03,United Kingdom,Europe,27245,https://www.google.com/search?q=site:apnews.com+United Kingdom+news+after:2018-09-03+before:2018-09-10
2018-09-10,United States,North America,330552,https://www.google.com/search?q=site:reuters.com+United States+news+after:2018-09-10+before:2018-09-17
2018-09-10,Israel,Asia,58919,https://www.google.com/search?q=site:npr.org+Israel+news+after:2018-09-10+before:2018-09-17
2018-09-10,Russia,Europe,33964,https://www.google.com/search?q=site:dw.com+Russia+news+after:2018-09-10+before:2018-09-17
2018-09-10,Syria,Asia,30704,https://www.google.com/search?q=site:reuters.com+Syria+news+after:2018-09-10+before:2018-09-17
2018-09-10,Afghanistan,Asia,21649,https://www.google.com/search?q=site:reuters.com+Afghanistan+news+after:2018-09-10+before:2018-09-17
2018-09-17,United States,North America,346504,https://www.google.com/search?q=site:dw.com+United States+news+after:2018-09-17+before:2018-09-24
2018-09-17,Israel,Asia,45911,https://www.google.com/search?q=site:aljazeera.com+Israel+news+after:2018-09-17+before:2018-09-24
2018-09-17,Russia,Europe,39719,https://www.google.com/search?q=site:apnews.com+Russia+news+after:2018-09-17+before:2018-09-24
2018-09-17,Syria,Asia,32635,https://www.google.com/search?q=site:bbc.com+Syria+news+after:2018-09-17+before:2018-09-24
2018-09-17,Iran,Asia,27679,https://www.google.com/search?q=site:aljazeera.com+Iran+news+after:2018-09-17+before:2018-09-24
2018-09-24,United States,North America,337274,https://www.google.com/search?q=site:bbc.com+United States+news+after:2018-09-24+before:2018-10-01
2018-09-24,Israel,Asia,33956,https://www.google.com/search?q=site:reuters.com+Israel+news+after:2018-09-24+before:2018-10-01
2018-09-24,Russia,Europe,25919,https://www.google.com/search?q=site:dw.com+Russia+news+after:2018-09-24+before:2018-10-01
2018-09-24,Iran,Asia,17047,https://www.google.com/search?q=site:aljazeera.com+Iran+news+after:2018-09-24+before:2018-10-01
2018-09-24,United Kingdom,Europe,16164,https://www.google.com/search?q=site:reuters.com+United Kingdom+news+after:2018-09-24+before:2018-10-01
2018-10-01,United States,North America,344070,https://www.google.com/search?q=site:bbc.com+United States+news+after:2018-10-01+before:2018-10-08
2018-10-01,Israel,Asia,39198,https://www.google.com/search?q=site:bbc.com+Israel+news+after:2018-10-01+before:2018-10-08
2018-10-01,Russia,Europe,21525,https://www.google.com/search?q=site:dw.com+Russia+news+after:2018-10-01+before:2018-10-08
2018-10-01,United Kingdom,Europe,19592,https://www.google.com/search?q=site:npr.org+United Kingdom+news+after:2018-10-01+before:2018-10-08
2018-10-01,Iran,Asia,15862,https://www.google.com/search?q=site:bbc.com+Iran+news+after:2018-10-01+before:2018-10-08
2018-10-08,United States,North America,239331,https://www.google.com/search?q=site:npr.org+United States+news+after:2018-10-08+before:2018-10-15
2018-10-08,Saudi Arabia,Asia,43291,https://www.google.com/search?q=site:reuters.com+Saudi Arabia+news+after:2018-10-08+before:2018-10-15
2018-10-08,Turkey,Asia,41253,https://www.google.com/search?q=site:npr.org+Turkey+news+after:2018-10-08+before:2018-10-15
2018-10-08,Israel,Asia,40453,https://www.google.com/search?q=site:bbc.com+Israel+news+after:2018-10-08+before:2018-10-15
2018-10-08,Russia,Europe,19216,https://www.google.com/search?q=site:reuters.com+Russia+news+after:2018-10-08+before:2018-10-15
2018-10-15,United States,North America,250690,https://www.google.com/search?q=site:apnews.com+United States+news+after:2018-10-15+before:2018-10-22
2018-10-15,Saudi Arabia,Asia,83597,https://www.google.com/search?q=site:dw.com+Saudi Arabia+news+after:2018-10-15+before:2018-10-22
2018-10-15,Israel,Asia,46701,https://www.google.com/search?q=site:pbs.org+Israel+news+after:2018-10-15+before:2018-10-22
2018-10-15,Turkey,Asia,42856,https://www.google.com/search?q=site:bbc.com+Turkey+news+after:2018-10-15+before:2018-10-22
2018-10-15,Afghanistan,Asia,31148,https://www.google.com/search?q=site:reuters.com+Afghanistan+news+after:2018-10-15+before:2018-10-22
2018-10-22,United States,North America,275716,https://www.google.com/search?q=site:apnews.com+United States+news+after:2018-10-22+before:2018-10-29
2018-10-22,Saudi Arabia,Asia,64667,https://www.google.com/search?q=site:npr.org+Saudi Arabia+news+after:2018-10-22+before:2018-10-29
2018-10-22,Israel,Asia,64465,https://www.google.com/search?q=site:dw.com+Israel+news+after:2018-10-22+before:2018-10-29
2018-10-22,Turkey,Asia,38623,https://www.google.com/search?q=site:npr.org+Turkey+news+after:2018-10-22+before:2018-10-29
2018-10-22,Russia,Europe,24239,https://www.google.com/search?q=site:apnews.com+Russia+news+after:2018-10-22+before:2018-10-29
2018-10-29,United States,North America,353436,https://www.google.com/search?q=site:aljazeera.com+United States+news+after:2018-10-29+before:2018-11-05
2018-10-29,Israel,Asia,32427,https://www.google.com/search?q=site:apnews.com+Israel+news+after:2018-10-29+before:2018-11-05
2018-10-29,Pakistan,Asia,26289,https://www.google.com/search?q=site:pbs.org+Pakistan+news+after:2018-10-29+before:2018-11-05
2018-10-29,United Kingdom,Europe,25383,https://www.google.com/search?q=site:bbc.com+United Kingdom+news+after:2018-10-29+before:2018-11-05
2018-10-29,Saudi Arabia,Asia,24142,https://www.google.com/search?q=site:apnews.com+Saudi Arabia+news+after:2018-10-29+before:2018-11-05
2018-11-05,United States,North America,369346,https://www.google.com/search?q=site:apnews.com+United States+news+after:2018-11-05+before:2018-11-12
2018-11-05,Israel,Asia,31948,https://www.google.com/search?q=site:reuters.com+Israel+news+after:2018-11-05+before:2018-11-12
2018-11-05,Australia,Oceania,25070,https://www.google.com/search?q=site:dw.com+Australia+news+after:2018-11-05+before:2018-11-12
2018-11-05,United Kingdom,Europe,24529,https://www.google.com/search?q=site:bbc.com+United Kingdom+news+after:2018-11-05+before:2018-11-12
2018-11-05,Russia,Europe,20895,https://www.google.com/search?q=site:reuters.com+Russia+news+after:2018-11-05+before:2018-11-12
2018-11-12,United States,North America,298898,https://www.google.com/search?q=site:aljazeera.com+United States+news+after:2018-11-12+before:2018-11-19
2018-11-12,Israel,Asia,109012,https://www.google.com/search?q=site:pbs.org+Israel+news+after:2018-11-12+before:2018-11-19
2018-11-12,Saudi Arabia,Asia,38620,https://www.google.com/search?q=site:dw.com+Saudi Arabia+news+after:2018-11-12+before:2018-11-19
2018-11-12,Australia,Oceania,23945,https://www.google.com/search?q=site:pbs.org+Australia+news+after:2018-11-12+before:2018-11-19
2018-11-12,United Kingdom,Europe,23427,https://www.google.com/search?q=site:pbs.org+United Kingdom+news+after:2018-11-12+before:2018-11-19
2018-11-19,United States,North America,285118,https://www.google.com/search?q=site:reuters.com+United States+news+after:2018-11-19+before:2018-11-26
2018-11-19,Israel,Asia,33285,https://www.google.com/search?q=site:reuters.com+Israel+news+after:2018-11-19+before:2018-11-26
2018-11-19,Saudi Arabia,Asia,32776,https://www.google.com/search?q=site:apnews.com+Saudi Arabia+news+after:2018-11-19+before:2018-11-26
2018-11-19,United Kingdom,Europe,25560,https://www.google.com/search?q=site:reuters.com+United Kingdom+news+after:2018-11-19+before:2018-11-26
2018-11-19,France,Europe,21360,https://www.google.com/search?q=site:dw.com+France+news+after:2018-11-19+before:2018-11-26
2018-11-26,United States,North America,243464,https://www.google.com/search?q=site:aljazeera.com+United States+news+after:2018-11-26+before:2018-12-03
2018-11-26,Russia,Europe,78231,https://www.google.com/search?q=site:aljazeera.com+Russia+news+after:2018-11-26+before:2018-12-03
2018-11-26,Ukraine,Europe,64301,https://www.google.com/search?q=site:apnews.com+Ukraine+news+after:2018-11-26+before:2018-12-03
2018-11-26,Israel,Asia,32304,https://www.google.com/search?q=site:reuters.com+Israel+news+after:2018-11-26+before:2018-12-03
2018-11-26,Afghanistan,Asia,26879,https://www.google.com/search?q=site:dw.com+Afghanistan+news+after:2018-11-26+before:2018-12-03
2018-12-03,United States,North America,199624,https://www.google.com/search?q=site:dw.com+United States+news+after:2018-12-03+before:2018-12-10
2018-12-03,Russia,Europe,30354,https://www.google.com/search?q=site:aljazeera.com+Russia+news+after:2018-12-03+before:2018-12-10
2018-12-03,Israel,Asia,30175,https://www.google.com/search?q=site:aljazeera.com+Israel+news+after:2018-12-03+before:2018-12-10
2018-12-03,France,Europe,27276,https://www.google.com/search?q=site:npr.org+France+news+after:2018-12-03+before:2018-12-10
2018-12-03,Canada,North America,19717,https://www.google.com/search?q=site:reuters.com+Canada+news+after:2018-12-03+before:2018-12-10
2018-12-10,United States,North America,213697,https://www.google.com/search?q=site:npr.org+United States+news+after:2018-12-10+before:2018-12-17
2018-12-10,Israel,Asia,64695,https://www.google.com/search?q=site:reuters.com+Israel+news+after:2018-12-10+before:2018-12-17
2018-12-10,France,Europe,54084,https://www.google.com/search?q=site:aljazeera.com+France+news+after:2018-12-10+before:2018-12-17
2018-12-10,Russia,Europe,32592,https://www.google.com/search?q=site:dw.com+Russia+news+after:2018-12-10+before:2018-12-17
2018-12-10,China,Asia,26392,https://www.google.com/search?q=site:apnews.com+China+news+after:2018-12-10+before:2018-12-17
2018-12-17,United States,North America,213533,https://www.google.com/search?q=site:reuters.com+United States+news+after:2018-12-17+before:2018-12-24
2018-12-17,Israel,Asia,43103,https://www.google.com/search?q=site:reuters.com+Israel+news+after:2018-12-17+before:2018-12-24
2018-12-17,Syria,Asia,26489,https://www.google.com/search?q=site:dw.com+Syria+news+after:2018-12-17+before:2018-12-24
2018-12-17,United Kingdom,Europe,25456,https://www.google.com/search?q=site:reuters.com+United Kingdom+news+after:2018-12-17+before:2018-12-24
2018-12-17,Russia,Europe,21695,https://www.google.com/search?q=site:aljazeera.com+Russia+news+after:2018-12-17+before:2018-12-24
2018-12-24,United States,North America,153957,https://www.google.com/search?q=site:npr.org+United States+news+after:2018-12-24+before:2018-12-31
2018-12-24,Israel,Asia,30163,https://www.google.com/search?q=site:aljazeera.com+Israel+news+after:2018-12-24+before:2018-12-31
2018-12-24,Syria,Asia,17845,https://www.google.com/search?q=site:reuters.com+Syria+news+after:2018-12-24+before:2018-12-31
2018-12-24,Russia,Europe,16648,https://www.google.com/search?q=site:aljazeera.com+Russia+news+after:2018-12-24+before:2018-12-31
2018-12-24,United Kingdom,Europe,15136,https://www.google.com/search?q=site:bbc.com+United Kingdom+news+after:2018-12-24+before:2018-12-31
2018-12-31,United States,North America,175363,https://www.google.com/search?q=site:aljazeera.com+United States+news+after:2018-12-31+before:2019-01-07
2018-12-31,Russia,Europe,25798,https://www.google.com/search?q=site:bbc.com+Russia+news+after:2018-12-31+before:2019-01-07
2018-12-31,United Kingdom,Europe,21464,https://www.google.com/search?q=site:apnews.com+United Kingdom+news+after:2018-12-31+before:2019-01-07
2018-12-31,Israel,Asia,18020,https://www.google.com/search?q=site:reuters.com+Israel+news+after:2018-12-31+before:2019-01-07
2018-12-31,Syria,Asia,13110,https://www.google.com/search?q=site:bbc.com+Syria+news+after:2018-12-31+before:2019-01-07
2019-01-07,United States,North America,226265,https://www.google.com/search?q=site:dw.com+United States+news+after:2019-01-07+before:2019-01-14
2019-01-07,Israel,Asia,38064,https://www.google.com/search?q=site:reuters.com+Israel+news+after:2019-01-07+before:2019-01-14
2019-01-07,United Kingdom,Europe,15719,https://www.google.com/search?q=site:reuters.com+United Kingdom+news+after:2019-01-07+before:2019-01-14
2019-01-07,Russia,Europe,15618,https://www.google.com/search?q=site:pbs.org+Russia+news+after:2019-01-07+before:2019-01-14
2019-01-07,France,Europe,15267,https://www.google.com/search?q=site:reuters.com+France+news+after:2019-01-07+before:2019-01-14
2019-01-14,United States,North America,219197,https://www.google.com/search?q=site:apnews.com+United States+news+after:2019-01-14+before:2019-01-21
2019-01-14,Israel,Asia,30760,https://www.google.com/search?q=site:reuters.com+Israel+news+after:2019-01-14+before:2019-01-21
2019-01-14,Russia,Europe,24660,https://www.google.com/search?q=site:bbc.com+Russia+news+after:2019-01-14+before:2019-01-21
2019-01-14,Canada,North America,22881,https://www.google.com/search?q=site:aljazeera.com+Canada+news+after:2019-01-14+before:2019-01-21
2019-01-14,Kenya,Africa,20797,https://www.google.com/search?q=site:dw.com+Kenya+news+after:2019-01-14+before:2019-01-21
2019-01-21,United States,North America,217487,https://www.google.com/search?q=site:reuters.com+United States+news+after:2019-01-21+before:2019-01-28
2019-01-21,Israel,Asia,50405,https://www.google.com/search?q=site:reuters.com+Israel+news+after:2019-01-21+before:2019-01-28
2019-01-21,Russia,Europe,25759,https://www.google.com/search?q=site:bbc.com+Russia+news+after:2019-01-21+before:2019-01-28
2019-01-21,United Kingdom,Europe,22953,https://www.google.com/search?q=site:bbc.com+United Kingdom+news+after:2019-01-21+before:2019-01-28
2019-01-21,Venezuela,South America,20002,https://www.google.com/search?q=site:pbs.org+Venezuela+news+after:2019-01-21+before:2019-01-28
2019-01-28,United States,North America,207574,https://www.google.com/search?q=site:npr.org+United States+news+after:2019-01-28+before:2019-02-04
2019-01-28,Israel,Asia,33201,https://www.google.com/search?q=site:reuters.com+Israel+news+after:2019-01-28+before:2019-02-04
2019-01-28,Russia,Europe,22644,https://www.google.com/search?q=site:reuters.com+Russia+news+after:2019-01-28+before:2019-02-04
2019-01-28,Venezuela,South America,21955,https://www.google.com/search?q=site:bbc.com+Venezuela+news+after:2019-01-28+before:2019-02-04
2019-01-28,Canada,North America,21073,https://www.google.com/search?q=site:aljazeera.com+Canada+news+after:2019-01-28+before:2019-02-04
2019-02-04,United States,North America,244400,https://www.google.com/search?q=site:bbc.com+United States+news+after:2019-02-04+before:2019-02-11
2019-02-04,Israel,Asia,30308,https://www.google.com/search?q=site:npr.org+Israel+news+after:2019-02-04+before:2019-02-11
2019-02-04,Russia,Europe,21436,https://www.google.com/search?q=site:reuters.com+Russia+news+after:2019-02-04+before:2019-02-11
2019-02-04,United Kingdom,Europe,19508,https://www.google.com/search?q=site:bbc.com+United Kingdom+news+after:2019-02-04+before:2019-02-11
2019-02-04,Canada,North America,17266,https://www.google.com/search?q=site:reuters.com+Canada+news+after:2019-02-04+before:2019-02-11
2019-02-11,United States,North America,274301,https://www.google.com/search?q=site:npr.org+United States+news+after:2019-02-11+before:2019-02-18
2019-02-11,Israel,Asia,36460,https://www.google.com/search?q=site:aljazeera.com+Israel+news+after:2019-02-11+before:2019-02-18
2019-02-11,India,Asia,24122,https://www.google.com/search?q=site:pbs.org+India+news+after:2019-02-11+before:2019-02-18
2019-02-11,United Kingdom,Europe,21974,https://www.google.com/search?q=site:apnews.com+United Kingdom+news+after:2019-02-11+before:2019-02-18
2019-02-11,Russia,Europe,19585,https://www.google.com/search?q=site:pbs.org+Russia+news+after:2019-02-11+before:2019-02-18
2019-02-18,United States,North America,198644,https://www.google.com/search?q=site:pbs.org+United States+news+after:2019-02-18+before:2019-02-25
2019-02-18,Israel,Asia,39650,https://www.google.com/search?q=site:reuters.com+Israel+news+after:2019-02-18+before:2019-02-25
2019-02-18,Venezuela,South America,25110,https://www.google.com/search?q=site:bbc.com+Venezuela+news+after:2019-02-18+before:2019-02-25
2019-02-18,India,Asia,23306,https://www.google.com/search?q=site:dw.com+India+news+after:2019-02-18+before:2019-02-25
2019-02-18,United Kingdom,Europe,23066,https://www.google.com/search?q=site:aljazeera.com+United Kingdom+news+after:2019-02-18+before:2019-02-25
2019-02-25,United States,North America,198786,https://www.google.com/search?q=site:aljazeera.com+United States+news+after:2019-02-25+before:2019-03-04
2019-02-25,Pakistan,Asia,74215,https://www.google.com/search?q=site:reuters.com+Pakistan+news+after:2019-02-25+before:2019-03-04
2019-02-25,Israel,Asia,47008,https://www.google.com/search?q=site:reuters.com+Israel+news+after:2019-02-25+before:2019-03-04
2019-02-25,India,Asia,42439,https://www.google.com/search?q=site:reuters.com+India+news+after:2019-02-25+before:2019-03-04
2019-02-25,United Kingdom,Europe,27755,https://www.google.com/search?q=site:apnews.com+United Kingdom+news+after:2019-02-25+before:2019-03-04
2019-03-04,United States,North America,216011,https://www.google.com/search?q=site:reuters.com+United States+news+after:2019-03-04+before:2019-03-11
2019-03-04,Israel,Asia,45207,https://www.google.com/search?q=site:aljazeera.com+Israel+news+after:2019-03-04+before:2019-03-11
2019-03-04,United Kingdom,Europe,31003,https://www.google.com/search?q=site:aljazeera.com+United Kingdom+news+after:2019-03-04+before:2019-03-11
2019-03-04,Pakistan,Asia,22752,https://www.google.com/search?q=site:aljazeera.com+Pakistan+news+after:2019-03-04+before:2019-03-11
2019-03-04,Canada,North America,21996,https://www.google.com/search?q=site:aljazeera.com+Canada+news+after:2019-03-04+before:2019-03-11
2019-03-11,United States,North America,232199,https://www.google.com/search?q=site:dw.com+United States+news+after:2019-03-11+before:2019-03-18
2019-03-11,New Zealand,Oceania,56701,https://www.google.com/search?q=site:aljazeera.com+New Zealand+news+after:2019-03-11+before:2019-03-18
2019-03-11,Israel,Asia,56183,https://www.google.com/search?q=site:reuters.com+Israel+news+after:2019-03-11+before:2019-03-18
2019-03-11,Australia,Oceania,38256,https://www.google.com/search?q=site:pbs.org+Australia+news+after:2019-03-11+before:2019-03-18
2019-03-11,United Kingdom,Europe,25388,https://www.google.com/search?q=site:reuters.com+United Kingdom+news+after:2019-03-11+before:2019-03-18
2019-03-18,United States,North America,263894,https://www.google.com/search?q=site:reuters.com+United States+news+after:2019-03-18+before:2019-03-25
2019-03-18,New Zealand,Oceania,44866,https://www.google.com/search?q=site:apnews.com+New Zealand+news+after:2019-03-18+before:2019-03-25
2019-03-18,Israel,Asia,44354,https://www.google.com/search?q=site:pbs.org+Israel+news+after:2019-03-18+before:2019-03-25
2019-03-18,Australia,Oceania,25538,https://www.google.com/search?q=site:reuters.com+Australia+news+after:2019-03-18+before:2019-03-25
2019-03-18,Russia,Europe,23808,https://www.google.com/search?q=site:reuters.com+Russia+news+after:2019-03-18+before:2019-03-25
2019-03-25,United States,North America,265108,https://www.google.com/search?q=site:apnews.com+United States+news+after:2019-03-25+before:2019-04-01
2019-03-25,Israel,Asia,113156,https://www.google.com/search?q=site:reuters.com+Israel+news+after:2019-03-25+before:2019-04-01
2019-03-25,United Kingdom,Europe,25724,https://www.google.com/search?q=site:bbc.com+United Kingdom+news+after:2019-03-25+before:2019-04-01
2019-03-25,Russia,Europe,23747,https://www.google.com/search?q=site:apnews.com+Russia+news+after:2019-03-25+before:2019-04-01
2019-03-25,Palestine,Asia,16687,https://www.google.com/search?q=site:apnews.com+Palestine+news+after:2019-03-25+before:2019-04-01
2019-04-01,United States,North America,235888,https://www.google.com/search?q=site:bbc.com+United States+news+after:2019-04-01+before:2019-04-08
2019-04-01,Israel,Asia,35511,https://www.google.com/search?q=site:pbs.org+Israel+news+after:2019-04-01+before:2019-04-08
2019-04-01,United Kingdom,Europe,28769,https://www.google.com/search?q=site:dw.com+United Kingdom+news+after:2019-04-01+before:2019-04-08
2019-04-01,Mexico,North America,22975,https://www.google.com/search?q=site:aljazeera.com+Mexico+news+after:2019-04-01+before:2019-04-08
2019-04-01,Libya,Africa,14093,https://www.google.com/search?q=site:apnews.com+Libya+news+after:2019-04-01+before:2019-04-08
2019-04-08,United States,North America,253079,https://www.google.com/search?q=site:bbc.com+United States+news+after:2019-04-08+before:2019-04-15
2019-04-08,United Kingdom,Europe,57028,https://www.google.com/search?q=site:aljazeera.com+United Kingdom+news+after:2019-04-08+before:2019-04-15
2019-04-08,Israel,Asia,40141,https://www.google.com/search?q=site:reuters.com+Israel+news+after:2019-04-08+before:2019-04-15
2019-04-08,Libya,Africa,17783,https://www.google.com/search?q=site:bbc.com+Libya+news+after:2019-04-08+before:2019-04-15
2019-04-08,Russia,Europe,17477,https://www.google.com/search?q=site:reuters.com+Russia+news+after:2019-04-08+before:2019-04-15
2019-04-15,United States,North America,243019,https://www.google.com/search?q=site:dw.com+United States+news+after:2019-04-15+before:2019-04-22
2019-04-15,France,Europe,40572,https://www.google.com/search?q=site:apnews.com+France+news+after:2019-04-15+before:2019-04-22
2019-04-15,United Kingdom,Europe,36855,https://www.google.com/search?q=site:dw.com+United Kingdom+news+after:2019-04-15+before:2019-04-22
2019-04-15,Israel,Asia,25668,https://www.google.com/search?q=site:npr.org+Israel+news+after:2019-04-15+before:2019-04-22
2019-04-15,Russia,Europe,22348,https://www.google.com/search?q=site:reuters.com+Russia+news+after:2019-04-15+before:2019-04-22
2019-04-22,United States,North America,250208,https://www.google.com/search?q=site:bbc.com+United States+news+after:2019-04-22+before:2019-04-29
2019-04-22,Sri Lanka,Asia,77498,https://www.google.com/search?q=site:dw.com+Sri Lanka+news+after:2019-04-22+before:2019-04-29
2019-04-22,United Kingdom,Europe,30031,https://www.google.com/search?q=site:pbs.org+United Kingdom+news+after:2019-04-22+before:2019-04-29
2019-04-22,Israel,Asia,24280,https://www.google.com/search?q=site:npr.org+Israel+news+after:2019-04-22+before:2019-04-29
2019-04-22,Russia,Europe,16700,https://www.google.com/search?q=site:dw.com+Russia+news+after:2019-04-22+before:2019-04-29
2019-04-29,United States,North America,265493,https://www.google.com/search?q=site:pbs.org+United States+news+after:2019-04-29+before:2019-05-06
2019-04-29,Israel,Asia,92623,https://www.google.com/search?q=site:bbc.com+Israel+news+after:2019-04-29+before:2019-05-06
2019-04-29,United Kingdom,Europe,32568,https://www.google.com/search?q=site:pbs.org+United Kingdom+news+after:2019-04-29+before:2019-05-06
2019-04-29,Venezuela,South America,23827,https://www.google.com/search?q=site:apnews.com+Venezuela+news+after:2019-04-29+before:2019-05-06
2019-04-29,Russia,Europe,21485,https://www.google.com/search?q=site:reuters.com+Russia+news+after:2019-04-29+before:2019-05-06
2019-05-06,United States,North America,270611,https://www.google.com/search?q=site:apnews.com+United States+news+after:2019-05-06+before:2019-05-13
2019-05-06,Israel,Asia,49182,https://www.google.com/search?q=site:bbc.com+Israel+news+after:2019-05-06+before:2019-05-13
2019-05-06,United Kingdom,Europe,24893,https://www.google.com/search?q=site:bbc.com+United Kingdom+news+after:2019-05-06+before:2019-05-13
2019-05-06,Russia,Europe,19628,https://www.google.com/search?q=site:pbs.org+Russia+news+after:2019-05-06+before:2019-05-13
2019-05-06,China,Asia,16092,https://www.google.com/search?q=site:dw.com+China+news+after:2019-05-06+before:2019-05-13
2019-05-13,United States,North America,287219,https://www.google.com/search?q=site:reuters.com+United States+news+after:2019-05-13+before:2019-05-20
2019-05-13,United Kingdom,Europe,24644,https://www.google.com/search?q=site:pbs.org+United Kingdom+news+after:2019-05-13+before:2019-05-20
2019-05-13,Iran,Asia,23428,https://www.google.com/search?q=site:bbc.com+Iran+news+after:2019-05-13+before:2019-05-20
2019-05-13,India,Asia,15434,https://www.google.com/search?q=site:reuters.com+India+news+after:2019-05-13+before:2019-05-20
2019-05-13,China,Asia,15159,https://www.google.com/search?q=site:aljazeera.com+China+news+after:2019-05-13+before:2019-05-20
2019-05-20,United States,North America,264533,https://www.google.com/search?q=site:aljazeera.com+United States+news+after:2019-05-20+before:2019-05-27
2019-05-20,United Kingdom,Europe,23879,https://www.google.com/search?q=site:aljazeera.com+United Kingdom+news+after:2019-05-20+before:2019-05-27
2019-05-20,Israel,Asia,21137,https://www.google.com/search?q=site:aljazeera.com+Israel+news+after:2019-05-20+before:2019-05-27
2019-05-20,China,Asia,17890,https://www.google.com/search?q=site:apnews.com+China+news+after:2019-05-20+before:2019-05-27
2019-05-20,Iran,Asia,16571,https://www.google.com/search?q=site:dw.com+Iran+news+after:2019-05-20+before:2019-05-27
2019-05-27,United States,North America,226629,https://www.google.com/search?q=site:apnews.com+United States+news+after:2019-05-27+before:2019-06-03
2019-05-27,Israel,Asia,33745,https://www.google.com/search?q=site:bbc.com+Israel+news+after:2019-05-27+before:2019-06-03
2019-05-27,United Kingdom,Europe,19493,https://www.google.com/search?q=site:dw.com+United Kingdom+news+after:2019-05-27+before:2019-06-03
2019-05-27,Russia,Europe,18026,https://www.google.com/search?q=site:pbs.org+Russia+news+after:2019-05-27+before:2019-06-03
2019-05-27,China,Asia,16793,https://www.google.com/search?q=site:apnews.com+China+news+after:2019-05-27+before:2019-06-03
2019-06-03,United States,North America,240643,https://www.google.com/search?q=site:dw.com+United States+news+after:2019-06-03+before:2019-06-10
2019-06-03,United Kingdom,Europe,31762,https://www.google.com/search?q=site:reuters.com+United Kingdom+news+after:2019-06-03+before:2019-06-10
2019-06-03,Israel,Asia,22182,https://www.google.com/search?q=site:bbc.com+Israel+news+after:2019-06-03+before:2019-06-10
2019-06-03,Australia,Oceania,19365,https://www.google.com/search?q=site:dw.com+Australia+news+after:2019-06-03+before:2019-06-10
2019-06-03,Sudan,Africa,18575,https://www.google.com/search?q=site:apnews.com+Sudan+news+after:2019-06-03+before:2019-06-10
2019-06-10,United States,North America,216327,https://www.google.com/search?q=site:apnews.com+United States+news+after:2019-06-10+before:2019-06-17
2019-06-10,Israel,Asia,30172,https://www.google.com/search?q=site:apnews.com+Israel+news+after:2019-06-10+before:2019-06-17
2019-06-10,United Kingdom,Europe,27007,https://www.google.com/search?q=site:npr.org+United Kingdom+news+after:2019-06-10+before:2019-06-17
2019-06-10,Iran,Asia,23680,https://www.google.com/search?q=site:reuters.com+Iran+news+after:2019-06-10+before:2019-06-17
2019-06-10,India,Asia,16506,https://www.google.com/search?q=site:bbc.com+India+news+after:2019-06-10+before:2019-06-17
2019-06-17,United States,North America,249219,https://www.google.com/search?q=site:pbs.org+United States+news+after:2019-06-17+before:2019-06-24
2019-06-17,Iran,Asia,98121,https://www.google.com/search?q=site:pbs.org+Iran+news+after:2019-06-17+before:2019-06-24
2019-06-17,Israel,Asia,21670,https://www.google.com/search?q=site:bbc.com+Israel+news+after:2019-06-17+before:2019-06-24
2019-06-17,Russia,Europe,21616,https://www.google.com/search?q=site:pbs.org+Russia+news+after:2019-06-17+before:2019-06-24
2019-06-17,United Kingdom,Europe,19196,https://www.google.com/search?q=site:apnews.com+United Kingdom+news+after:2019-06-17+before:2019-06-24
2019-06-24,United States,North America,274439,https://www.google.com/search?q=site:npr.org+United States+news+after:2019-06-24+before:2019-07-01
2019-06-24,Iran,Asia,40438,https://www.google.com/search?q=site:pbs.org+Iran+news+after:2019-06-24+before:2019-07-01
2019-06-24,Israel,Asia,28546,https://www.google.com/search?q=site:apnews.com+Israel+news+after:2019-06-24+before:2019-07-01
2019-06-24,Russia,Europe,18420,https://www.google.com/search?q=site:aljazeera.com+Russia+news+after:2019-06-24+before:2019-07-01
2019-06-24,United Kingdom,Europe,16822,https://www.google.com/search?q=site:npr.org+United Kingdom+news+after:2019-06-24+before:2019-07-01
2019-07-01,United States,North America,178550,https://www.google.com/search?q=site:pbs.org+United States+news+after:2019-07-01+before:2019-07-08
2019-07-01,Israel,Asia,24872,https://www.google.com/search?q=site:aljazeera.com+Israel+news+after:2019-07-01+before:2019-07-08
2019-07-01,United Kingdom,Europe,17937,https://www.google.com/search?q=site:dw.com+United Kingdom+news+after:2019-07-01+before:2019-07-08
2019-07-01,Russia,Europe,16770,https://www.google.com/search?q=site:dw.com+Russia+news+after:2019-07-01+before:2019-07-08
2019-07-01,Libya,Africa,15384,https://www.google.com/search?q=site:dw.com+Libya+news+after:2019-07-01+before:2019-07-08
2019-07-08,United States,North America,212041,https://www.google.com/search?q=site:npr.org+United States+news+after:2019-07-08+before:2019-07-15
2019-07-08,United Kingdom,Europe,33270,https://www.google.com/search?q=site:dw.com+United Kingdom+news+after:2019-07-08+before:2019-07-15
2019-07-08,Israel,Asia,24628,https://www.google.com/search?q=site:reuters.com+Israel+news+after:2019-07-08+before:2019-07-15
2019-07-08,Russia,Europe,15507,https://www.google.com/search?q=site:reuters.com+Russia+news+after:2019-07-08+before:2019-07-15
2019-07-08,Iran,Asia,14786,https://www.google.com/search?q=site:npr.org+Iran+news+after:2019-07-08+before:2019-07-15
2019-07-15,United States,North America,205622,https://www.google.com/search?q=site:npr.org+United States+news+after:2019-07-15+before:2019-07-22
2019-07-15,United Kingdom,Europe,31819,https://www.google.com/search?q=site:npr.org+United Kingdom+news+after:2019-07-15+before:2019-07-22
2019-07-15,Iran,Asia,31387,https://www.google.com/search?q=site:pbs.org+Iran+news+after:2019-07-15+before:2019-07-22
2019-07-15,Israel,Asia,28994,https://www.google.com/search?q=site:reuters.com+Israel+news+after:2019-07-15+before:2019-07-22
2019-07-15,Mexico,North America,19418,https://www.google.com/search?q=site:dw.com+Mexico+news+after:2019-07-15+before:2019-07-22
2019-07-22,United States,North America,197057,https://www.google.com/search?q=site:aljazeera.com+United States+news+after:2019-07-22+before:2019-07-29
2019-07-22,Russia,Europe,36006,https://www.google.com/search?q=site:reuters.com+Russia+news+after:2019-07-22+before:2019-07-29
2019-07-22,Israel,Asia,34751,https://www.google.com/search?q=site:aljazeera.com+Israel+news+after:2019-07-22+before:2019-07-29
2019-07-22,United Kingdom,Europe,31590,https://www.google.com/search?q=site:reuters.com+United Kingdom+news+after:2019-07-22+before:2019-07-29
2019-07-22,Iran,Asia,16568,https://www.google.com/search?q=site:aljazeera.com+Iran+news+after:2019-07-22+before:2019-07-29
2019-07-29,United States,North America,350658,https://www.google.com/search?q=site:pbs.org+United States+news+after:2019-07-29+before:2019-08-05
2019-07-29,Russia,Europe,26164,https://www.google.com/search?q=site:bbc.com+Russia+news+after:2019-07-29+before:2019-08-05
2019-07-29,Israel,Asia,25572,https://www.google.com/search?q=site:reuters.com+Israel+news+after:2019-07-29+before:2019-08-05
2019-07-29,United Kingdom,Europe,20568,https://www.google.com/search?q=site:reuters.com+United Kingdom+news+after:2019-07-29+before:2019-08-05
2019-07-29,Mexico,North America,18164,https://www.google.com/search?q=site:dw.com+Mexico+news+after:2019-07-29+before:2019-08-05
2019-08-05,United States,North America,394282,https://www.google.com/search?q=site:npr.org+United States+news+after:2019-08-05+before:2019-08-12
2019-08-05,Israel,Asia,40809,https://www.google.com/search?q=site:dw.com+Israel+news+after:2019-08-05+before:2019-08-12
2019-08-05,Mexico,North America,24290,https://www.google.com/search?q=site:pbs.org+Mexico+news+after:2019-08-05+before:2019-08-12
2019-08-05,United Kingdom,Europe,21710,https://www.google.com/search?q=site:reuters.com+United Kingdom+news+after:2019-08-05+before:2019-08-12
2019-08-05,India,Asia,18361,https://www.google.com/search?q=site:npr.org+India+news+after:2019-08-05+before:2019-08-12
2019-08-12,United States,North America,248979,https://www.google.com/search?q=site:aljazeera.com+United States+news+after:2019-08-12+before:2019-08-19
2019-08-12,Israel,Asia,52631,https://www.google.com/search?q=site:reuters.com+Israel+news+after:2019-08-12+before:2019-08-19
2019-08-12,United Kingdom,Europe,25782,https://www.google.com/search?q=site:npr.org+United Kingdom+news+after:2019-08-12+before:2019-08-19
2019-08-12,China,Asia,19191,https://www.google.com/search?q=site:pbs.org+China+news+after:2019-08-12+before:2019-08-19
2019-08-12,Hong Kong,Asia,18323,https://www.google.com/search?q=site:reuters.com+Hong Kong+news+after:2019-08-12+before:2019-08-19
2019-08-19,United States,North America,223772,https://www.google.com/search?q=site:npr.org+United States+news+after:2019-08-19+before:2019-08-26
2019-08-19,Israel,Asia,33143,https://www.google.com/search?q=site:dw.com+Israel+news+after:2019-08-19+before:2019-08-26
2019-08-19,China,Asia,19217,https://www.google.com/search?q=site:reuters.com+China+news+after:2019-08-19+before:2019-08-26
2019-08-19,United Kingdom,Europe,18525,https://www.google.com/search?q=site:apnews.com+United Kingdom+news+after:2019-08-19+before:2019-08-26
2019-08-19,Russia,Europe,17926,https://www.google.com/search?q=site:npr.org+Russia+news+after:2019-08-19+before:2019-08-26
2019-08-26,United States,North America,227242,https://www.google.com/search?q=site:bbc.com+United States+news+after:2019-08-26+before:2019-09-02
2019-08-26,Israel,Asia,45711,https://www.google.com/search?q=site:reuters.com+Israel+news+after:2019-08-26+before:2019-09-02
2019-08-26,United Kingdom,Europe,23739,https://www.google.com/search?q=site:dw.com+United Kingdom+news+after:2019-08-26+before:2019-09-02
2019-08-26,China,Asia,17810,https://www.google.com/search?q=site:bbc.com+China+news+after:2019-08-26+before:2019-09-02
2019-08-26,Russia,Europe,14884,https://www.google.com/search?q=site:bbc.com+Russia+news+after:2019-08-26+before:2019-09-02
2019-09-02,United States,North America,231274,https://www.google.com/search?q=site:apnews.com+United States+news+after:2019-09-02+before:2019-09-09
2019-09-02,United Kingdom,Europe,25972,https://www.google.com/search?q=site:reuters.com+United Kingdom+news+after:2019-09-02+before:2019-09-09
2019-09-02,Afghanistan,Asia,23045,https://www.google.com/search?q=site:dw.com+Afghanistan+news+after:2019-09-02+before:2019-09-09
2019-09-02,Israel,Asia,19473,https://www.google.com/search?q=site:pbs.org+Israel+news+after:2019-09-02+before:2019-09-09
2019-09-02,Russia,Europe,16790,https://www.google.com/search?q=site:pbs.org+Russia+news+after:2019-09-02+before:2019-09-09
2019-09-09,United States,North America,222526,https://www.google.com/search?q=site:pbs.org+United States+news+after:2019-09-09+before:2019-09-16
2019-09-09,United Kingdom,Europe,24970,https://www.google.com/search?q=site:aljazeera.com+United Kingdom+news+after:2019-09-09+before:2019-09-16
2019-09-09,Afghanistan,Asia,19938,https://www.google.com/search?q=site:pbs.org+Afghanistan+news+after:2019-09-09+before:2019-09-16
2019-09-09,Saudi Arabia,Asia,16847,https://www.google.com/search?q=site:aljazeera.com+Saudi Arabia+news+after:2019-09-09+before:2019-09-16
2019-09-09,Iran,Asia,16712,https://www.google.com/search?q=site:pbs.org+Iran+news+after:2019-09-09+before:2019-09-16
2019-09-16,United States,North America,197616,https://www.google.com/search?q=site:reuters.com+United States+news+after:2019-09-16+before:2019-09-23
2019-09-16,Iran,Asia,32300,https://www.google.com/search?q=site:apnews.com+Iran+news+after:2019-09-16+before:2019-09-23
2019-09-16,Saudi Arabia,Asia,23881,https://www.google.com/search?q=site:reuters.com+Saudi Arabia+news+after:2019-09-16+before:2019-09-23
2019-09-16,United Kingdom,Europe,16969,https://www.google.com/search?q=site:dw.com+United Kingdom+news+after:2019-09-16+before:2019-09-23
2019-09-16,Russia,Europe,14477,https://www.google.com/search?q=site:pbs.org+Russia+news+after:2019-09-16+before:2019-09-23
2019-09-23,United States,North America,197793,https://www.google.com/search?q=site:reuters.com+United States+news+after:2019-09-23+before:2019-09-30
2019-09-23,United Kingdom,Europe,23532,https://www.google.com/search?q=site:reuters.com+United Kingdom+news+after:2019-09-23+before:2019-09-30
2019-09-23,Ukraine,Europe,20441,https://www.google.com/search?q=site:bbc.com+Ukraine+news+after:2019-09-23+before:2019-09-30
2019-09-23,Iran,Asia,14710,https://www.google.com/search?q=site:apnews.com+Iran+news+after:2019-09-23+before:2019-09-30
2019-09-23,Russia,Europe,12592,https://www.google.com/search?q=site:reuters.com+Russia+news+after:2019-09-23+before:2019-09-30
2019-09-30,United States,North America,251879,https://www.google.com/search?q=site:reuters.com+United States+news+after:2019-09-30+before:2019-10-07
2019-09-30,Iraq,Asia,29183,https://www.google.com/search?q=site:reuters.com+Iraq+news+after:2019-09-30+before:2019-10-07
2019-09-30,China,Asia,24114,https://www.google.com/search?q=site:npr.org+China+news+after:2019-09-30+before:2019-10-07
2019-09-30,United Kingdom,Europe,18078,https://www.google.com/search?q=site:aljazeera.com+United Kingdom+news+after:2019-09-30+before:2019-10-07
2019-09-30,Hong Kong,Asia,17537,https://www.google.com/search?q=site:aljazeera.com+Hong Kong+news+after:2019-09-30+before:2019-10-07
2019-10-07,United States,North America,231984,https://www.google.com/search?q=site:npr.org+United States+news+after:2019-10-07+before:2019-10-14
2019-10-07,Turkey,Asia,99190,https://www.google.com/search?q=site:reuters.com+Turkey+news+after:2019-10-07+before:2019-10-14
2019-10-07,Syria,Asia,76368,https://www.google.com/search?q=site:pbs.org+Syria+news+after:2019-10-07+before:2019-10-14
2019-10-07,United Kingdom,Europe,29313,https://www.google.com/search?q=site:reuters.com+United Kingdom+news+after:2019-10-07+before:2019-10-14
2019-10-07,Ukraine,Europe,15520,https://www.google.com/search?q=site:apnews.com+Ukraine+news+after:2019-10-07+before:2019-10-14
2019-10-14,United States,North America,231813,https://www.google.com/search?q=site:aljazeera.com+United States+news+after:2019-10-14+before:2019-10-21
2019-10-14,Turkey,Asia,75911,https://www.google.com/search?q=site:apnews.com+Turkey+news+after:2019-10-14+before:2019-10-21
2019-10-14,Syria,Asia,64760,https://www.google.com/search?q=site:reuters.com+Syria+news+after:2019-10-14+before:2019-10-21
2019-10-14,Spain,Europe,29076,https://www.google.com/search?q=site:bbc.com+Spain+news+after:2019-10-14+before:2019-10-21
2019-10-14,United Kingdom,Europe,23948,https://www.google.com/search?q=site:npr.org+United Kingdom+news+after:2019-10-14+before:2019-10-21
2019-10-21,United States,North America,189392,https://www.google.com/search?q=site:npr.org+United States+news+after:2019-10-21+before:2019-10-28
2019-10-21,United Kingdom,Europe,42325,https://www.google.com/search?q=site:reuters.com+United Kingdom+news+after:2019-10-21+before:2019-10-28
2019-10-21,Syria,Asia,38272,https://www.google.com/search?q=site:aljazeera.com+Syria+news+after:2019-10-21+before:2019-10-28
2019-10-21,Turkey,Asia,31203,https://www.google.com/search?q=site:reuters.com+Turkey+news+after:2019-10-21+before:2019-10-28
2019-10-21,Iraq,Asia,23787,https://www.google.com/search?q=site:aljazeera.com+Iraq+news+after:2019-10-21+before:2019-10-28
2019-10-28,United States,North America,204459,https://www.google.com/search?q=site:apnews.com+United States+news+after:2019-10-28+before:2019-11-04
2019-10-28,Syria,Asia,27854,https://www.google.com/search?q=site:dw.com+Syria+news+after:2019-10-28+before:2019-11-04
2019-10-28,United Kingdom,Europe,19765,https://www.google.com/search?q=site:pbs.org+United Kingdom+news+after:2019-10-28+before:2019-11-04
2019-10-28,Iraq,Asia,18779,https://www.google.com/search?q=site:reuters.com+Iraq+news+after:2019-10-28+before:2019-11-04
2019-10-28,Russia,Europe,17661,https://www.google.com/search?q=site:bbc.com+Russia+news+after:2019-10-28+before:2019-11-04
2019-11-04,United States,North America,189706,https://www.google.com/search?q=site:reuters.com+United States+news+after:2019-11-04+before:2019-11-11
2019-11-04,Mexico,North America,31018,https://www.google.com/search?q=site:apnews.com+Mexico+news+after:2019-11-04+before:2019-11-11
2019-11-04,United Kingdom,Europe,19846,https://www.google.com/search?q=site:reuters.com+United Kingdom+news+after:2019-11-04+before:2019-11-11
2019-11-04,Iraq,Asia,19281,https://www.google.com/search?q=site:bbc.com+Iraq+news+after:2019-11-04+before:2019-11-11
2019-11-04,Turkey,Asia,13218,https://www.google.com/search?q=site:npr.org+Turkey+news+after:2019-11-04+before:2019-11-11
2019-11-11,United States,North America,212159,https://www.google.com/search?q=site:aljazeera.com+United States+news+after:2019-11-11+before:2019-11-18
2019-11-11,Israel,Asia,57697,https://www.google.com/search?q=site:reuters.com+Israel+news+after:2019-11-11+before:2019-11-18
2019-11-11,Hong Kong,Asia,21667,https://www.google.com/search?q=site:npr.org+Hong Kong+news+after:2019-11-11+before:2019-11-18
2019-11-11,Russia,Europe,19954,https://www.google.com/search?q=site:bbc.com+Russia+news+after:2019-11-11+before:2019-11-18
2019-11-11,United Kingdom,Europe,19372,https://www.google.com/search?q=site:dw.com+United Kingdom+news+after:2019-11-11+before:2019-11-18
2019-11-18,United States,North America,197006,https://www.google.com/search?q=site:bbc.com+United States+news+after:2019-11-18+before:2019-11-25
2019-11-18,United Kingdom,Europe,27515,https://www.google.com/search?q=site:bbc.com+United Kingdom+news+after:2019-11-18+before:2019-11-25
2019-11-18,Israel,Asia,24497,https://www.google.com/search?q=site:dw.com+Israel+news+after:2019-11-18+before:2019-11-25
2019-11-18,China,Asia,15652,https://www.google.com/search?q=site:aljazeera.com+China+news+after:2019-11-18+before:2019-11-25
2019-11-18,Iraq,Asia,15021,https://www.google.com/search?q=site:bbc.com+Iraq+news+after:2019-11-18+before:2019-11-25
2019-11-25,United States,North America,144418,https://www.google.com/search?q=site:pbs.org+United States+news+after:2019-11-25+before:2019-12-02
2019-11-25,United Kingdom,Europe,53721,https://www.google.com/search?q=site:bbc.com+United Kingdom+news+after:2019-11-25+before:2019-12-02
2019-11-25,Iraq,Asia,25241,https://www.google.com/search?q=site:apnews.com+Iraq+news+after:2019-11-25+before:2019-12-02
2019-11-25,Israel,Asia,14137,https://www.google.com/search?q=site:reuters.com+Israel+news+after:2019-11-25+before:2019-12-02
2019-11-25,China,Asia,13598,https://www.google.com/search?q=site:npr.org+China+news+after:2019-11-25+before:2019-12-02
2019-12-02,United States,North America,212923,https://www.google.com/search?q=site:dw.com+United States+news+after:2019-12-02+before:2019-12-09
2019-12-02,United Kingdom,Europe,33889,https://www.google.com/search?q=site:apnews.com+United Kingdom+news+after:2019-12-02+before:2019-12-09
2019-12-02,India,Asia,25492,https://www.google.com/search?q=site:reuters.com+India+news+after:2019-12-02+before:2019-12-09
2019-12-02,Russia,Europe,17855,https://www.google.com/search?q=site:reuters.com+Russia+news+after:2019-12-02+before:2019-12-09
2019-12-02,Ukraine,Europe,16139,https://www.google.com/search?q=site:pbs.org+Ukraine+news+after:2019-12-02+before:2019-12-09
2019-12-09,United States,North America,192155,https://www.google.com/search?q=site:dw.com+United States+news+after:2019-12-09+before:2019-12-16
2019-12-09,United Kingdom,Europe,23208,https://www.google.com/search?q=site:npr.org+United Kingdom+news+after:2019-12-09+before:2019-12-16
2019-12-09,India,Asia,20982,https://www.google.com/search?q=site:bbc.com+India+news+after:2019-12-09+before:2019-12-16
2019-12-09,Russia,Europe,17735,https://www.google.com/search?q=site:npr.org+Russia+news+after:2019-12-09+before:2019-12-16
2019-12-09,Ukraine,Europe,16028,https://www.google.com/search?q=site:pbs.org+Ukraine+news+after:2019-12-09+before:2019-12-16
2019-12-16,United States,North America,190090,https://www.google.com/search?q=site:aljazeera.com+United States+news+after:2019-12-16+before:2019-12-23
2019-12-16,India,Asia,46342,https://www.google.com/search?q=site:apnews.com+India+news+after:2019-12-16+before:2019-12-23
2019-12-16,United Kingdom,Europe,29314,https://www.google.com/search?q=site:reuters.com+United Kingdom+news+after:2019-12-16+before:2019-12-23
2019-12-16,Russia,Europe,20601,https://www.google.com/search?q=site:reuters.com+Russia+news+after:2019-12-16+before:2019-12-23
2019-12-16,Australia,Oceania,15647,https://www.google.com/search?q=site:dw.com+Australia+news+after:2019-12-16+before:2019-12-23
2019-12-23,United States,North America,136521,https://www.google.com/search?q=site:pbs.org+United States+news+after:2019-12-23+before:2019-12-30
2019-12-23,Saudi Arabia,Asia,17068,https://www.google.com/search?q=site:reuters.com+Saudi Arabia+news+after:2019-12-23+before:2019-12-30
2019-12-23,Russia,Europe,16703,https://www.google.com/search?q=site:aljazeera.com+Russia+news+after:2019-12-23+before:2019-12-30
2019-12-23,Syria,Asia,16500,https://www.google.com/search?q=site:apnews.com+Syria+news+after:2019-12-23+before:2019-12-30
2019-12-23,Turkey,Asia,14478,https://www.google.com/search?q=site:aljazeera.com+Turkey+news+after:2019-12-23+before:2019-12-30
2019-12-30,United States,North America,89954,https://www.google.com/search?q=site:reuters.com+United States+news+after:2019-12-30+before:2020-01-06
2019-12-30,Iraq,Asia,22514,https://www.google.com/search?q=site:dw.com+Iraq+news+after:2019-12-30+before:2020-01-06
2019-12-30,Iran,Asia,17296,https://www.google.com/search?q=site:reuters.com+Iran+news+after:2019-12-30+before:2020-01-06
2019-12-30,China,Asia,7116,https://www.google.com/search?q=site:aljazeera.com+China+news+after:2019-12-30+before:2020-01-06
2019-12-30,United Kingdom,Europe,5699,https://www.google.com/search?q=site:npr.org+United Kingdom+news+after:2019-12-30+before:2020-01-06
2020-01-06,Iran,Asia,234010,https://www.google.com/search?q=site:apnews.com+Iran+news+after:2020-01-06+before:2020-01-13
2020-01-06,United States,North America,232935,https://www.google.com/search?q=site:aljazeera.com+United States+news+after:2020-01-06+before:2020-01-13
2020-01-06,Iraq,Asia,86936,https://www.google.com/search?q=site:pbs.org+Iraq+news+after:2020-01-06+before:2020-01-13
2020-01-06,Ukraine,Europe,29270,https://www.google.com/search?q=site:pbs.org+Ukraine+news+after:2020-01-06+before:2020-01-13
2020-01-06,Australia,Oceania,28763,https://www.google.com/search?q=site:reuters.com+Australia+news+after:2020-01-06+before:2020-01-13
2020-01-13,United States,North America,191245,https://www.google.com/search?q=site:aljazeera.com+United States+news+after:2020-01-13+before:2020-01-20
2020-01-13,Iran,Asia,61639,https://www.google.com/search?q=site:aljazeera.com+Iran+news+after:2020-01-13+before:2020-01-20
2020-01-13,Ukraine,Europe,24290,https://www.google.com/search?q=site:bbc.com+Ukraine+news+after:2020-01-13+before:2020-01-20
2020-01-13,Iraq,Asia,19543,https://www.google.com/search?q=site:apnews.com+Iraq+news+after:2020-01-13+before:2020-01-20
2020-01-13,United Kingdom,Europe,19176,https://www.google.com/search?q=site:npr.org+United Kingdom+news+after:2020-01-13+before:2020-01-20
2020-01-20,United States,North America,195877,https://www.google.com/search?q=site:bbc.com+United States+news+after:2020-01-20+before:2020-01-27
2020-01-20,China,Asia,23922,https://www.google.com/search?q=site:reuters.com+China+news+after:2020-01-20+before:2020-01-27
2020-01-20,United Kingdom,Europe,20872,https://www.google.com/search?q=site:reuters.com+United Kingdom+news+after:2020-01-20+before:2020-01-27
2020-01-20,Iraq,Asia,19676,https://www.google.com/search?q=site:dw.com+Iraq+news+after:2020-01-20+before:2020-01-27
2020-01-20,Iran,Asia,17151,https://www.google.com/search?q=site:apnews.com+Iran+news+after:2020-01-20+before:2020-01-27
2020-01-27,United States,North America,185997,https://www.google.com/search?q=site:reuters.com+United States+news+after:2020-01-27+before:2020-02-03
2020-01-27,China,Asia,79559,https://www.google.com/search?q=site:reuters.com+China+news+after:2020-01-27+before:2020-02-03
2020-01-27,United Kingdom,Europe,35981,https://www.google.com/search?q=site:apnews.com+United Kingdom+news+after:2020-01-27+before:2020-02-03
2020-01-27,Israel,Asia,26559,https://www.google.com/search?q=site:bbc.com+Israel+news+after:2020-01-27+before:2020-02-03
2020-01-27,India,Asia,17670,https://www.google.com/search?q=site:bbc.com+India+news+after:2020-01-27+before:2020-02-03
2020-02-03,United States,North America,206869,https://www.google.com/search?q=site:apnews.com+United States+news+after:2020-02-03+before:2020-02-10
2020-02-03,China,Asia,47196,https://www.google.com/search?q=site:aljazeera.com+China+news+after:2020-02-03+before:2020-02-10
2020-02-03,United Kingdom,Europe,33266,https://www.google.com/search?q=site:apnews.com+United Kingdom+news+after:2020-02-03+before:2020-02-10
2020-02-03,Syria,Asia,19840,https://www.google.com/search?q=site:reuters.com+Syria+news+after:2020-02-03+before:2020-02-10
2020-02-03,Thailand,Asia,18562,https://www.google.com/search?q=site:npr.org+Thailand+news+after:2020-02-03+before:2020-02-10
2020-02-10,United States,North America,185198,https://www.google.com/search?q=site:bbc.com+United States+news+after:2020-02-10+before:2020-02-17
2020-02-10,United Kingdom,Europe,23270,https://www.google.com/search?q=site:apnews.com+United Kingdom+news+after:2020-02-10+before:2020-02-17
2020-02-10,China,Asia,23005,https://www.google.com/search?q=site:reuters.com+China+news+after:2020-02-10+before:2020-02-17
2020-02-10,Syria,Asia,21569,https://www.google.com/search?q=site:dw.com+Syria+news+after:2020-02-10+before:2020-02-17
2020-02-10,Russia,Europe,17733,https://www.google.com/search?q=site:dw.com+Russia+news+after:2020-02-10+before:2020-02-17
2020-02-17,United States,North America,181730,https://www.google.com/search?q=site:bbc.com+United States+news+after:2020-02-17+before:2020-02-24
2020-02-17,China,Asia,24816,https://www.google.com/search?q=site:pbs.org+China+news+after:2020-02-17+before:2020-02-24
2020-02-17,United Kingdom,Europe,23943,https://www.google.com/search?q=site:apnews.com+United Kingdom+news+after:2020-02-17+before:2020-02-24
2020-02-17,Russia,Europe,22354,https://www.google.com/search?q=site:dw.com+Russia+news+after:2020-02-17+before:2020-02-24
2020-02-17,Germany,Europe,16187,https://www.google.com/search?q=site:reuters.com+Germany+news+after:2020-02-17+before:2020-02-24
2020-02-24,United States,North America,204737,https://www.google.com/search?q=site:bbc.com+United States+news+after:2020-02-24+before:2020-03-02
2020-02-24,Syria,Asia,34655,https://www.google.com/search?q=site:dw.com+Syria+news+after:2020-02-24+before:2020-03-02
2020-02-24,Turkey,Asia,30530,https://www.google.com/search?q=site:apnews.com+Turkey+news+after:2020-02-24+before:2020-03-02
2020-02-24,India,Asia,28254,https://www.google.com/search?q=site:aljazeera.com+India+news+after:2020-02-24+before:2020-03-02
2020-02-24,China,Asia,20324,https://www.google.com/search?q=site:npr.org+China+news+after:2020-02-24+before:2020-03-02
2020-03-02,United States,North America,171669,https://www.google.com/search?q=site:reuters.com+United States+news+after:2020-03-02+before:2020-03-09
2020-03-02,Turkey,Asia,29210,https://www.google.com/search?q=site:aljazeera.com+Turkey+news+after:2020-03-02+before:2020-03-09
2020-03-02,Syria,Asia,22410,https://www.google.com/search?q=site:dw.com+Syria+news+after:2020-03-02+before:2020-03-09
2020-03-02,United Kingdom,Europe,21625,https://www.google.com/search?q=site:bbc.com+United Kingdom+news+after:2020-03-02+before:2020-03-09
2020-03-02,China,Asia,17323,https://www.google.com/search?q=site:apnews.com+China+news+after:2020-03-02+before:2020-03-09
2020-03-09,United States,North America,169088,https://www.google.com/search?q=site:pbs.org+United States+news+after:2020-03-09+before:2020-03-16
2020-03-09,Iraq,Asia,28591,https://www.google.com/search?q=site:apnews.com+Iraq+news+after:2020-03-09+before:2020-03-16
2020-03-09,United Kingdom,Europe,27419,https://www.google.com/search?q=site:reuters.com+United Kingdom+news+after:2020-03-09+before:2020-03-16
2020-03-09,Italy,Europe,17076,https://www.google.com/search?q=site:pbs.org+Italy+news+after:2020-03-09+before:2020-03-16
2020-03-09,Israel,Asia,16347,https://www.google.com/search?q=site:bbc.com+Israel+news+after:2020-03-09+before:2020-03-16
2020-03-16,United States,North America,146268,https://www.google.com/search?q=site:reuters.com+United States+news+after:2020-03-16+before:2020-03-23
2020-03-16,United Kingdom,Europe,22036,https://www.google.com/search?q=site:bbc.com+United Kingdom+news+after:2020-03-16+before:2020-03-23
2020-03-16,China,Asia,16566,https://www.google.com/search?q=site:reuters.com+China+news+after:2020-03-16+before:2020-03-23
2020-03-16,Israel,Asia,15479,https://www.google.com/search?q=site:apnews.com+Israel+news+after:2020-03-16+before:2020-03-23
2020-03-16,Canada,North America,14848,https://www.google.com/search?q=site:reuters.com+Canada+news+after:2020-03-16+before:2020-03-23
2020-03-23,United States,North America,113932,https://www.google.com/search?q=site:apnews.com+United States+news+after:2020-03-23+before:2020-03-30
2020-03-23,Israel,Asia,23411,https://www.google.com/search?q=site:npr.org+Israel+news+after:2020-03-23+before:2020-03-30
2020-03-23,United Kingdom,Europe,17203,https://www.google.com/search?q=site:reuters.com+United Kingdom+news+after:2020-03-23+before:2020-03-30
2020-03-23,China,Asia,13559,https://www.google.com/search?q=site:dw.com+China+news+after:2020-03-23+before:2020-03-30
2020-03-23,Russia,Europe,9868,https://www.google.com/search?q=site:pbs.org+Russia+news+after:2020-03-23+before:2020-03-30
2020-03-30,United States,North America,116287,https://www.google.com/search?q=site:reuters.com+United States+news+after:2020-03-30+before:2020-04-06
2020-03-30,Israel,Asia,16414,https://www.google.com/search?q=site:reuters.com+Israel+news+after:2020-03-30+before:2020-04-06
2020-03-30,United Kingdom,Europe,15194,https://www.google.com/search?q=site:apnews.com+United Kingdom+news+after:2020-03-30+before:2020-04-06
2020-03-30,China,Asia,12842,https://www.google.com/search?q=site:reuters.com+China+news+after:2020-03-30+before:2020-04-06
2020-03-30,Russia,Europe,10407,https://www.google.com/search?q=site:dw.com+Russia+news+after:2020-03-30+before:2020-04-06
2020-04-06,United States,North America,116207,https://www.google.com/search?q=site:npr.org+United States+news+after:2020-04-06+before:2020-04-13
2020-04-06,United Kingdom,Europe,21373,https://www.google.com/search?q=site:apnews.com+United Kingdom+news+after:2020-04-06+before:2020-04-13
2020-04-06,China,Asia,13941,https://www.google.com/search?q=site:aljazeera.com+China+news+after:2020-04-06+before:2020-04-13
2020-04-06,Australia,Oceania,12635,https://www.google.com/search?q=site:npr.org+Australia+news+after:2020-04-06+before:2020-04-13
2020-04-06,Israel,Asia,9923,https://www.google.com/search?q=site:reuters.com+Israel+news+after:2020-04-06+before:2020-04-13
2020-04-13,United States,North America,112456,https://www.google.com/search?q=site:apnews.com+United States+news+after:2020-04-13+before:2020-04-20
2020-04-13,Israel,Asia,15974,https://www.google.com/search?q=site:reuters.com+Israel+news+after:2020-04-13+before:2020-04-20
2020-04-13,China,Asia,12487,https://www.google.com/search?q=site:pbs.org+China+news+after:2020-04-13+before:2020-04-20
2020-04-13,United Kingdom,Europe,10830,https://www.google.com/search?q=site:aljazeera.com+United Kingdom+news+after:2020-04-13+before:2020-04-20
2020-04-13,Russia,Europe,8290,https://www.google.com/search?q=site:npr.org+Russia+news+after:2020-04-13+before:2020-04-20
2020-04-20,United States,North America,103174,https://www.google.com/search?q=site:pbs.org+United States+news+after:2020-04-20+before:2020-04-27
2020-04-20,Canada,North America,27429,https://www.google.com/search?q=site:aljazeera.com+Canada+news+after:2020-04-20+before:2020-04-27
2020-04-20,United Kingdom,Europe,12246,https://www.google.com/search?q=site:apnews.com+United Kingdom+news+after:2020-04-20+before:2020-04-27
2020-04-20,Israel,Asia,11567,https://www.google.com/search?q=site:apnews.com+Israel+news+after:2020-04-20+before:2020-04-27
2020-04-20,China,Asia,9754,https://www.google.com/search?q=site:aljazeera.com+China+news+after:2020-04-20+before:2020-04-27
2020-04-27,United States,North America,117105,https://www.google.com/search?q=site:npr.org+United States+news+after:2020-04-27+before:2020-05-04
2020-04-27,Israel,Asia,17342,https://www.google.com/search?q=site:bbc.com+Israel+news+after:2020-04-27+before:2020-05-04
2020-04-27,United Kingdom,Europe,14298,https://www.google.com/search?q=site:reuters.com+United Kingdom+news+after:2020-04-27+before:2020-05-04
2020-04-27,Canada,North America,12004,https://www.google.com/search?q=site:apnews.com+Canada+news+after:2020-04-27+before:2020-05-04
2020-04-27,China,Asia,11163,https://www.google.com/search?q=site:apnews.com+China+news+after:2020-04-27+before:2020-05-04
2020-05-04,United States,North America,136713,https://www.google.com/search?q=site:pbs.org+United States+news+after:2020-05-04+before:2020-05-11
2020-05-04,Israel,Asia,16202,https://www.google.com/search?q=site:reuters.com+Israel+news+after:2020-05-04+before:2020-05-11
2020-05-04,United Kingdom,Europe,13374,https://www.google.com/search?q=site:bbc.com+United Kingdom+news+after:2020-05-04+before:2020-05-11
2020-05-04,China,Asia,11509,https://www.google.com/search?q=site:aljazeera.com+China+news+after:2020-05-04+before:2020-05-11
2020-05-04,India,Asia,10943,https://www.google.com/search?q=site:pbs.org+India+news+after:2020-05-04+before:2020-05-11
2020-05-11,United States,North America,127369,https://www.google.com/search?q=site:aljazeera.com+United States+news+after:2020-05-11+before:2020-05-18
2020-05-11,Israel,Asia,23950,https://www.google.com/search?q=site:dw.com+Israel+news+after:2020-05-11+before:2020-05-18
2020-05-11,United Kingdom,Europe,12938,https://www.google.com/search?q=site:pbs.org+United Kingdom+news+after:2020-05-11+before:2020-05-18
2020-05-11,China,Asia,12734,https://www.google.com/search?q=site:pbs.org+China+news+after:2020-05-11+before:2020-05-18
2020-05-11,Afghanistan,Asia,11990,https://www.google.com/search?q=site:pbs.org+Afghanistan+news+after:2020-05-11+before:2020-05-18
2020-05-18,United States,North America,118785,https://www.google.com/search?q=site:dw.com+United States+news+after:2020-05-18+before:2020-05-25
2020-05-18,Israel,Asia,18632,https://www.google.com/search?q=site:aljazeera.com+Israel+news+after:2020-05-18+before:2020-05-25
2020-05-18,China,Asia,15893,https://www.google.com/search?q=site:apnews.com+China+news+after:2020-05-18+before:2020-05-25
2020-05-18,United Kingdom,Europe,14083,https://www.google.com/search?q=site:aljazeera.com+United Kingdom+news+after:2020-05-18+before:2020-05-25
2020-05-18,Russia,Europe,10160,https://www.google.com/search?q=site:dw.com+Russia+news+after:2020-05-18+before:2020-05-25
2020-05-25,United States,North America,256498,https://www.google.com/search?q=site:reuters.com+United States+news+after:2020-05-25+before:2020-06-01
2020-05-25,China,Asia,19056,https://www.google.com/search?q=site:bbc.com+China+news+after:2020-05-25+before:2020-06-01
2020-05-25,Israel,Asia,18489,https://www.google.com/search?q=site:apnews.com+Israel+news+after:2020-05-25+before:2020-06-01
2020-05-25,United Kingdom,Europe,11990,https://www.google.com/search?q=site:apnews.com+United Kingdom+news+after:2020-05-25+before:2020-06-01
2020-05-25,Russia,Europe,10925,https://www.google.com/search?q=site:bbc.com+Russia+news+after:2020-05-25+before:2020-06-01
2020-06-01,United States,North America,348152,https://www.google.com/search?q=site:reuters.com+United States+news+after:2020-06-01+before:2020-06-08
2020-06-01,United Kingdom,Europe,22514,https://www.google.com/search?q=site:reuters.com+United Kingdom+news+after:2020-06-01+before:2020-06-08
2020-06-01,Israel,Asia,21567,https://www.google.com/search?q=site:reuters.com+Israel+news+after:2020-06-01+before:2020-06-08
2020-06-01,China,Asia,16251,https://www.google.com/search?q=site:apnews.com+China+news+after:2020-06-01+before:2020-06-08
2020-06-01,France,Europe,12702,https://www.google.com/search?q=site:pbs.org+France+news+after:2020-06-01+before:2020-06-08
2020-06-08,United States,North America,236924,https://www.google.com/search?q=site:npr.org+United States+news+after:2020-06-08+before:2020-06-15
2020-06-08,United Kingdom,Europe,26534,https://www.google.com/search?q=site:reuters.com+United Kingdom+news+after:2020-06-08+before:2020-06-15
2020-06-08,Israel,Asia,15387,https://www.google.com/search?q=site:dw.com+Israel+news+after:2020-06-08+before:2020-06-15
2020-06-08,Russia,Europe,12557,https://www.google.com/search?q=site:aljazeera.com+Russia+news+after:2020-06-08+before:2020-06-15
2020-06-08,China,Asia,10452,https://www.google.com/search?q=site:aljazeera.com+China+news+after:2020-06-08+before:2020-06-15
2020-06-15,United States,North America,200630,https://www.google.com/search?q=site:aljazeera.com+United States+news+after:2020-06-15+before:2020-06-22
2020-06-15,China,Asia,32880,https://www.google.com/search?q=site:dw.com+China+news+after:2020-06-15+before:2020-06-22
2020-06-15,Russia,Europe,15915,https://www.google.com/search?q=site:apnews.com+Russia+news+after:2020-06-15+before:2020-06-22
2020-06-15,India,Asia,15169,https://www.google.com/search?q=site:bbc.com+India+news+after:2020-06-15+before:2020-06-22
2020-06-15,United Kingdom,Europe,15047,https://www.google.com/search?q=site:reuters.com+United Kingdom+news+after:2020-06-15+before:2020-06-22
2020-06-22,United States,North America,180476,https://www.google.com/search?q=site:reuters.com+United States+news+after:2020-06-22+before:2020-06-29
2020-06-22,United Kingdom,Europe,18111,https://www.google.com/search?q=site:npr.org+United Kingdom+news+after:2020-06-22+before:2020-06-29
2020-06-22,Israel,Asia,17672,https://www.google.com/search?q=site:apnews.com+Israel+news+after:2020-06-22+before:2020-06-29
2020-06-22,China,Asia,15547,https://www.google.com/search?q=site:pbs.org+China+news+after:2020-06-22+before:2020-06-29
2020-06-22,Russia,Europe,11851,https://www.google.com/search?q=site:dw.com+Russia+news+after:2020-06-22+before:2020-06-29
2020-06-29,United States,North America,188313,https://www.google.com/search?q=site:aljazeera.com+United States+news+after:2020-06-29+before:2020-07-06
2020-06-29,China,Asia,22575,https://www.google.com/search?q=site:bbc.com+China+news+after:2020-06-29+before:2020-07-06
2020-06-29,United Kingdom,Europe,20064,https://www.google.com/search?q=site:npr.org+United Kingdom+news+after:2020-06-29+before:2020-07-06
2020-06-29,India,Asia,13804,https://www.google.com/search?q=site:dw.com+India+news+after:2020-06-29+before:2020-07-06
2020-06-29,Israel,Asia,12197,https://www.google.com/search?q=site:bbc.com+Israel+news+after:2020-06-29+before:2020-07-06
2020-07-06,United States,North America,165465,https://www.google.com/search?q=site:dw.com+United States+news+after:2020-07-06+before:2020-07-13
2020-07-06,India,Asia,17659,https://www.google.com/search?q=site:npr.org+India+news+after:2020-07-06+before:2020-07-13
2020-07-06,Russia,Europe,17238,https://www.google.com/search?q=site:dw.com+Russia+news+after:2020-07-06+before:2020-07-13
2020-07-06,Israel,Asia,16539,https://www.google.com/search?q=site:bbc.com+Israel+news+after:2020-07-06+before:2020-07-13
2020-07-06,United Kingdom,Europe,15943,https://www.google.com/search?q=site:pbs.org+United Kingdom+news+after:2020-07-06+before:2020-07-13
2020-07-13,United States,North America,180424,https://www.google.com/search?q=site:npr.org+United States+news+after:2020-07-13+before:2020-07-20
2020-07-13,United Kingdom,Europe,20369,https://www.google.com/search?q=site:reuters.com+United Kingdom+news+after:2020-07-13+before:2020-07-20
2020-07-13,China,Asia,19601,https://www.google.com/search?q=site:bbc.com+China+news+after:2020-07-13+before:2020-07-20
2020-07-13,Russia,Europe,12575,https://www.google.com/search?q=site:reuters.com+Russia+news+after:2020-07-13+before:2020-07-20
2020-07-13,Australia,Oceania,9979,https://www.google.com/search?q=site:bbc.com+Australia+news+after:2020-07-13+before:2020-07-20
2020-07-20,United States,North America,182630,https://www.google.com/search?q=site:aljazeera.com+United States+news+after:2020-07-20+before:2020-07-27
2020-07-20,China,Asia,29062,https://www.google.com/search?q=site:npr.org+China+news+after:2020-07-20+before:2020-07-27
2020-07-20,United Kingdom,Europe,14070,https://www.google.com/search?q=site:pbs.org+United Kingdom+news+after:2020-07-20+before:2020-07-27
2020-07-20,Russia,Europe,11527,https://www.google.com/search?q=site:npr.org+Russia+news+after:2020-07-20+before:2020-07-27
2020-07-20,Australia,Oceania,9195,https://www.google.com/search?q=site:pbs.org+Australia+news+after:2020-07-20+before:2020-07-27
2020-07-27,United States,North America,156051,https://www.google.com/search?q=site:aljazeera.com+United States+news+after:2020-07-27+before:2020-08-03
2020-07-27,China,Asia,24601,https://www.google.com/search?q=site:aljazeera.com+China+news+after:2020-07-27+before:2020-08-03
2020-07-27,United Kingdom,Europe,13993,https://www.google.com/search?q=site:npr.org+United Kingdom+news+after:2020-07-27+before:2020-08-03
2020-07-27,Russia,Europe,11732,https://www.google.com/search?q=site:npr.org+Russia+news+after:2020-07-27+before:2020-08-03
2020-07-27,Australia,Oceania,10889,https://www.google.com/search?q=site:bbc.com+Australia+news+after:2020-07-27+before:2020-08-03
2020-08-03,United States,North America,138335,https://www.google.com/search?q=site:reuters.com+United States+news+after:2020-08-03+before:2020-08-10
2020-08-03,Lebanon,Asia,27475,https://www.google.com/search?q=site:dw.com+Lebanon+news+after:2020-08-03+before:2020-08-10
2020-08-03,China,Asia,23411,https://www.google.com/search?q=site:apnews.com+China+news+after:2020-08-03+before:2020-08-10
2020-08-03,United Kingdom,Europe,12899,https://www.google.com/search?q=site:pbs.org+United Kingdom+news+after:2020-08-03+before:2020-08-10
2020-08-03,India,Asia,10801,https://www.google.com/search?q=site:aljazeera.com+India+news+after:2020-08-03+before:2020-08-10
2020-08-10,United States,North America,136871,https://www.google.com/search?q=site:aljazeera.com+United States+news+after:2020-08-10+before:2020-08-17
2020-08-10,Belarus,Europe,24394,https://www.google.com/search?q=site:npr.org+Belarus+news+after:2020-08-10+before:2020-08-17
2020-08-10,China,Asia,16119,https://www.google.com/search?q=site:bbc.com+China+news+after:2020-08-10+before:2020-08-17
2020-08-10,Israel,Asia,14981,https://www.google.com/search?q=site:npr.org+Israel+news+after:2020-08-10+before:2020-08-17
2020-08-10,Russia,Europe,13613,https://www.google.com/search?q=site:pbs.org+Russia+news+after:2020-08-10+before:2020-08-17
2020-08-17,United States,North America,185641,https://www.google.com/search?q=site:npr.org+United States+news+after:2020-08-17+before:2020-08-24
2020-08-17,Russia,Europe,21190,https://www.google.com/search?q=site:dw.com+Russia+news+after:2020-08-17+before:2020-08-24
2020-08-17,United Kingdom,Europe,15364,https://www.google.com/search?q=site:reuters.com+United Kingdom+news+after:2020-08-17+before:2020-08-24
2020-08-17,China,Asia,12271,https://www.google.com/search?q=site:apnews.com+China+news+after:2020-08-17+before:2020-08-24
2020-08-17,Israel,Asia,12028,https://www.google.com/search?q=site:apnews.com+Israel+news+after:2020-08-17+before:2020-08-24
2020-08-24,United States,North America,271370,https://www.google.com/search?q=site:bbc.com+United States+news+after:2020-08-24+before:2020-08-31
2020-08-24,China,Asia,13387,https://www.google.com/search?q=site:bbc.com+China+news+after:2020-08-24+before:2020-08-31
2020-08-24,Russia,Europe,12657,https://www.google.com/search?q=site:npr.org+Russia+news+after:2020-08-24+before:2020-08-31
2020-08-24,Australia,Oceania,11424,https://www.google.com/search?q=site:pbs.org+Australia+news+after:2020-08-24+before:2020-08-31
2020-08-24,United Kingdom,Europe,11201,https://www.google.com/search?q=site:reuters.com+United Kingdom+news+after:2020-08-24+before:2020-08-31
2020-08-31,United States,North America,195293,https://www.google.com/search?q=site:aljazeera.com+United States+news+after:2020-08-31+before:2020-09-07
2020-08-31,Russia,Europe,17275,https://www.google.com/search?q=site:aljazeera.com+Russia+news+after:2020-08-31+before:2020-09-07
2020-08-31,China,Asia,15779,https://www.google.com/search?q=site:aljazeera.com+China+news+after:2020-08-31+before:2020-09-07
2020-08-31,United Kingdom,Europe,15549,https://www.google.com/search?q=site:dw.com+United Kingdom+news+after:2020-08-31+before:2020-09-07
2020-08-31,Australia,Oceania,9899,https://www.google.com/search?q=site:pbs.org+Australia+news+after:2020-08-31+before:2020-09-07
2020-09-07,United States,North America,172224,https://www.google.com/search?q=site:reuters.com+United States+news+after:2020-09-07+before:2020-09-14
2020-09-07,United Kingdom,Europe,15708,https://www.google.com/search?q=site:dw.com+United Kingdom+news+after:2020-09-07+before:2020-09-14
2020-09-07,China,Asia,14844,https://www.google.com/search?q=site:reuters.com+China+news+after:2020-09-07+before:2020-09-14
2020-09-07,Russia,Europe,12962,https://www.google.com/search?q=site:bbc.com+Russia+news+after:2020-09-07+before:2020-09-14
2020-09-07,India,Asia,11842,https://www.google.com/search?q=site:npr.org+India+news+after:2020-09-07+before:2020-09-14
2020-09-14,United States,North America,157178,https://www.google.com/search?q=site:bbc.com+United States+news+after:2020-09-14+before:2020-09-21
2020-09-14,China,Asia,18690,https://www.google.com/search?q=site:apnews.com+China+news+after:2020-09-14+before:2020-09-21
2020-09-14,United Kingdom,Europe,16442,https://www.google.com/search?q=site:pbs.org+United Kingdom+news+after:2020-09-14+before:2020-09-21
2020-09-14,Russia,Europe,12180,https://www.google.com/search?q=site:reuters.com+Russia+news+after:2020-09-14+before:2020-09-21
2020-09-14,India,Asia,10342,https://www.google.com/search?q=site:apnews.com+India+news+after:2020-09-14+before:2020-09-21
2020-09-21,United States,North America,185332,https://www.google.com/search?q=site:reuters.com+United States+news+after:2020-09-21+before:2020-09-28
2020-09-21,United Kingdom,Europe,23911,https://www.google.com/search?q=site:reuters.com+United Kingdom+news+after:2020-09-21+before:2020-09-28
2020-09-21,China,Asia,13230,https://www.google.com/search?q=site:bbc.com+China+news+after:2020-09-21+before:2020-09-28
2020-09-21,Russia,Europe,11352,https://www.google.com/search?q=site:aljazeera.com+Russia+news+after:2020-09-21+before:2020-09-28
2020-09-21,France,Europe,10692,https://www.google.com/search?q=site:npr.org+France+news+after:2020-09-21+before:2020-09-28
2020-09-28,United States,North America,114817,https://www.google.com/search?q=site:aljazeera.com+United States+news+after:2020-09-28+before:2020-10-05
2020-09-28,Armenia,Asia,23412,https://www.google.com/search?q=site:dw.com+Armenia+news+after:2020-09-28+before:2020-10-05
2020-09-28,Azerbaijan,Asia,23331,https://www.google.com/search?q=site:npr.org+Azerbaijan+news+after:2020-09-28+before:2020-10-05
2020-09-28,Russia,Europe,15273,https://www.google.com/search?q=site:dw.com+Russia+news+after:2020-09-28+before:2020-10-05
2020-09-28,India,Asia,15197,https://www.google.com/search?q=site:apnews.com+India+news+after:2020-09-28+before:2020-10-05
2020-10-05,United States,North America,110651,https://www.google.com/search?q=site:aljazeera.com+United States+news+after:2020-10-05+before:2020-10-12
2020-10-05,United Kingdom,Europe,12429,https://www.google.com/search?q=site:npr.org+United Kingdom+news+after:2020-10-05+before:2020-10-12
2020-10-05,Russia,Europe,12291,https://www.google.com/search?q=site:reuters.com+Russia+news+after:2020-10-05+before:2020-10-12
2020-10-05,Azerbaijan,Asia,12149,https://www.google.com/search?q=site:reuters.com+Azerbaijan+news+after:2020-10-05+before:2020-10-12
2020-10-05,Armenia,Asia,11797,https://www.google.com/search?q=site:reuters.com+Armenia+news+after:2020-10-05+before:2020-10-12
2020-10-12,United States,North America,74041,https://www.google.com/search?q=site:reuters.com+United States+news+after:2020-10-12+before:2020-10-19
2020-10-12,United Kingdom,Europe,14124,https://www.google.com/search?q=site:reuters.com+United Kingdom+news+after:2020-10-12+before:2020-10-19
2020-10-12,France,Europe,11831,https://www.google.com/search?q=site:reuters.com+France+news+after:2020-10-12+before:2020-10-19
2020-10-12,Russia,Europe,9248,https://www.google.com/search?q=site:npr.org+Russia+news+after:2020-10-12+before:2020-10-19
2020-10-12,Azerbaijan,Asia,9104,https://www.google.com/search?q=site:reuters.com+Azerbaijan+news+after:2020-10-12+before:2020-10-19
2020-10-19,United States,North America,61777,https://www.google.com/search?q=site:aljazeera.com+United States+news+after:2020-10-19+before:2020-10-26
2020-10-19,Nigeria,Africa,11017,https://www.google.com/search?q=site:reuters.com+Nigeria+news+after:2020-10-19+before:2020-10-26
2020-10-19,France,Europe,8001,https://www.google.com/search?q=site:pbs.org+France+news+after:2020-10-19+before:2020-10-26
2020-10-19,Russia,Europe,7473,https://www.google.com/search?q=site:reuters.com+Russia+news+after:2020-10-19+before:2020-10-26
2020-10-19,United Kingdom,Europe,6858,https://www.google.com/search?q=site:bbc.com+United Kingdom+news+after:2020-10-19+before:2020-10-26
2020-10-26,United States,North America,59220,https://www.google.com/search?q=site:bbc.com+United States+news+after:2020-10-26+before:2020-11-02
2020-10-26,France,Europe,16661,https://www.google.com/search?q=site:apnews.com+France+news+after:2020-10-26+before:2020-11-02
2020-10-26,Russia,Europe,5512,https://www.google.com/search?q=site:dw.com+Russia+news+after:2020-10-26+before:2020-11-02
2020-10-26,United Kingdom,Europe,5379,https://www.google.com/search?q=site:apnews.com+United Kingdom+news+after:2020-10-26+before:2020-11-02
2020-10-26,China,Asia,4962,https://www.google.com/search?q=site:reuters.com+China+news+after:2020-10-26+before:2020-11-02
2020-11-02,United States,North America,63252,https://www.google.com/search?q=site:npr.org+United States+news+after:2020-11-02+before:2020-11-09
2020-11-02,Austria,Europe,8457,https://www.google.com/search?q=site:reuters.com+Austria+news+after:2020-11-02+before:2020-11-09
2020-11-02,United Kingdom,Europe,5606,https://www.google.com/search?q=site:pbs.org+United Kingdom+news+after:2020-11-02+before:2020-11-09
2020-11-02,Afghanistan,Asia,4555,https://www.google.com/search?q=site:reuters.com+Afghanistan+news+after:2020-11-02+before:2020-11-09
2020-11-02,France,Europe,4279,https://www.google.com/search?q=site:reuters.com+France+news+after:2020-11-02+before:2020-11-09
2020-11-09,United States,North America,26158,https://www.google.com/search?q=site:dw.com+United States+news+after:2020-11-09+before:2020-11-16
2020-11-09,Russia,Europe,4180,https://www.google.com/search?q=site:apnews.com+Russia+news+after:2020-11-09+before:2020-11-16
2020-11-09,United Kingdom,Europe,3930,https://www.google.com/search?q=site:aljazeera.com+United Kingdom+news+after:2020-11-09+before:2020-11-16
2020-11-09,Ethiopia,Africa,3063,https://www.google.com/search?q=site:dw.com+Ethiopia+news+after:2020-11-09+before:2020-11-16
2020-11-09,Israel,Asia,2525,https://www.google.com/search?q=site:bbc.com+Israel+news+after:2020-11-09+before:2020-11-16
2020-11-16,United States,North America,104869,https://www.google.com/search?q=site:npr.org+United States+news+after:2020-11-16+before:2020-11-23
2020-11-16,United Kingdom,Europe,11936,https://www.google.com/search?q=site:dw.com+United Kingdom+news+after:2020-11-16+before:2020-11-23
2020-11-16,Russia,Europe,8542,https://www.google.com/search?q=site:npr.org+Russia+news+after:2020-11-16+before:2020-11-23
2020-11-16,Germany,Europe,7722,https://www.google.com/search?q=site:pbs.org+Germany+news+after:2020-11-16+before:2020-11-23
2020-11-16,India,Asia,7535,https://www.google.com/search?q=site:dw.com+India+news+after:2020-11-16+before:2020-11-23
2020-11-23,United States,North America,83045,https://www.google.com/search?q=site:aljazeera.com+United States+news+after:2020-11-23+before:2020-11-30
2020-11-23,Iran,Asia,19101,https://www.google.com/search?q=site:reuters.com+Iran+news+after:2020-11-23+before:2020-11-30
2020-11-23,United Kingdom,Europe,18887,https://www.google.com/search?q=site:aljazeera.com+United Kingdom+news+after:2020-11-23+before:2020-11-30
2020-11-23,India,Asia,12137,https://www.google.com/search?q=site:bbc.com+India+news+after:2020-11-23+before:2020-11-30
2020-11-23,Israel,Asia,11058,https://www.google.com/search?q=site:aljazeera.com+Israel+news+after:2020-11-23+before:2020-11-30
2020-11-30,United States,North America,106729,https://www.google.com/search?q=site:pbs.org+United States+news+after:2020-11-30+before:2020-12-07
2020-11-30,United Kingdom,Europe,16424,https://www.google.com/search?q=site:bbc.com+United Kingdom+news+after:2020-11-30+before:2020-12-07
2020-11-30,China,Asia,10869,https://www.google.com/search?q=site:pbs.org+China+news+after:2020-11-30+before:2020-12-07
2020-11-30,Iran,Asia,10711,https://www.google.com/search?q=site:reuters.com+Iran+news+after:2020-11-30+before:2020-12-07
2020-11-30,Russia,Europe,10577,https://www.google.com/search?q=site:reuters.com+Russia+news+after:2020-11-30+before:2020-12-07
2020-12-07,United States,North America,123531,https://www.google.com/search?q=site:reuters.com+United States+news+after:2020-12-07+before:2020-12-14
2020-12-07,United Kingdom,Europe,17974,https://www.google.com/search?q=site:bbc.com+United Kingdom+news+after:2020-12-07+before:2020-12-14
2020-12-07,Russia,Europe,11626,https://www.google.com/search?q=site:apnews.com+Russia+news+after:2020-12-07+before:2020-12-14
2020-12-07,China,Asia,10837,https://www.google.com/search?q=site:reuters.com+China+news+after:2020-12-07+before:2020-12-14
2020-12-07,India,Asia,8817,https://www.google.com/search?q=site:aljazeera.com+India+news+after:2020-12-07+before:2020-12-14
2020-12-14,United States,North America,117115,https://www.google.com/search?q=site:npr.org+United States+news+after:2020-12-14+before:2020-12-21
2020-12-14,United Kingdom,Europe,28651,https://www.google.com/search?q=site:bbc.com+United Kingdom+news+after:2020-12-14+before:2020-12-21
2020-12-14,Nigeria,Africa,15315,https://www.google.com/search?q=site:reuters.com+Nigeria+news+after:2020-12-14+before:2020-12-21
2020-12-14,Russia,Europe,12048,https://www.google.com/search?q=site:reuters.com+Russia+news+after:2020-12-14+before:2020-12-21
2020-12-14,Afghanistan,Asia,9310,https://www.google.com/search?q=site:pbs.org+Afghanistan+news+after:2020-12-14+before:2020-12-21
2020-12-21,United States,North America,92318,https://www.google.com/search?q=site:bbc.com+United States+news+after:2020-12-21+before:2020-12-28
2020-12-21,United Kingdom,Europe,36777,https://www.google.com/search?q=site:apnews.com+United Kingdom+news+after:2020-12-21+before:2020-12-28
2020-12-21,Russia,Europe,15433,https://www.google.com/search?q=site:reuters.com+Russia+news+after:2020-12-21+before:2020-12-28
2020-12-21,France,Europe,11474,https://www.google.com/search?q=site:apnews.com+France+news+after:2020-12-21+before:2020-12-28
2020-12-21,Iraq,Asia,11222,https://www.google.com/search?q=site:apnews.com+Iraq+news+after:2020-12-21+before:2020-12-28
2020-12-28,United States,North America,92893,https://www.google.com/search?q=site:dw.com+United States+news+after:2020-12-28+before:2021-01-04
2020-12-28,United Kingdom,Europe,23138,https://www.google.com/search?q=site:apnews.com+United Kingdom+news+after:2020-12-28+before:2021-01-04
2020-12-28,China,Asia,14631,https://www.google.com/search?q=site:dw.com+China+news+after:2020-12-28+before:2021-01-04
2020-12-28,Russia,Europe,8241,https://www.google.com/search?q=site:pbs.org+Russia+news+after:2020-12-28+before:2021-01-04
2020-12-28,India,Asia,7689,https://www.google.com/search?q=site:npr.org+India+news+after:2020-12-28+before:2021-01-04
2021-01-04,United States,North America,251778,https://www.google.com/search?q=site:dw.com+United States+news+after:2021-01-04+before:2021-01-11
2021-01-04,United Kingdom,Europe,28358,https://www.google.com/search?q=site:pbs.org+United Kingdom+news+after:2021-01-04+before:2021-01-11
2021-01-04,China,Asia,12303,https://www.google.com/search?q=site:bbc.com+China+news+after:2021-01-04+before:2021-01-11
2021-01-04,Iran,Asia,10279,https://www.google.com/search?q=site:aljazeera.com+Iran+news+after:2021-01-04+before:2021-01-11
2021-01-04,India,Asia,9194,https://www.google.com/search?q=site:pbs.org+India+news+after:2021-01-04+before:2021-01-11
2021-01-11,United States,North America,236141,https://www.google.com/search?q=site:dw.com+United States+news+after:2021-01-11+before:2021-01-18
2021-01-11,United Kingdom,Europe,17400,https://www.google.com/search?q=site:pbs.org+United Kingdom+news+after:2021-01-11+before:2021-01-18
2021-01-11,Russia,Europe,10610,https://www.google.com/search?q=site:reuters.com+Russia+news+after:2021-01-11+before:2021-01-18
2021-01-11,China,Asia,10504,https://www.google.com/search?q=site:reuters.com+China+news+after:2021-01-11+before:2021-01-18
2021-01-11,India,Asia,7650,https://www.google.com/search?q=site:apnews.com+India+news+after:2021-01-11+before:2021-01-18
2021-01-18,United States,North America,144240,https://www.google.com/search?q=site:aljazeera.com+United States+news+after:2021-01-18+before:2021-01-25
2021-01-18,Russia,Europe,31069,https://www.google.com/search?q=site:bbc.com+Russia+news+after:2021-01-18+before:2021-01-25
2021-01-18,United Kingdom,Europe,13436,https://www.google.com/search?q=site:aljazeera.com+United Kingdom+news+after:2021-01-18+before:2021-01-25
2021-01-18,China,Asia,11109,https://www.google.com/search?q=site:pbs.org+China+news+after:2021-01-18+before:2021-01-25
2021-01-18,Israel,Asia,8239,https://www.google.com/search?q=site:aljazeera.com+Israel+news+after:2021-01-18+before:2021-01-25
2021-01-25,United States,North America,132997,https://www.google.com/search?q=site:npr.org+United States+news+after:2021-01-25+before:2021-02-01
2021-01-25,Russia,Europe,28754,https://www.google.com/search?q=site:npr.org+Russia+news+after:2021-01-25+before:2021-02-01
2021-01-25,United Kingdom,Europe,19910,https://www.google.com/search?q=site:npr.org+United Kingdom+news+after:2021-01-25+before:2021-02-01
2021-01-25,India,Asia,16278,https://www.google.com/search?q=site:npr.org+India+news+after:2021-01-25+before:2021-02-01
2021-01-25,China,Asia,9214,https://www.google.com/search?q=site:apnews.com+China+news+after:2021-01-25+before:2021-02-01
2021-02-01,United States,North America,145391,https://www.google.com/search?q=site:npr.org+United States+news+after:2021-02-01+before:2021-02-08
2021-02-01,Russia,Europe,24312,https://www.google.com/search?q=site:apnews.com+Russia+news+after:2021-02-01+before:2021-02-08
2021-02-01,Myanmar,Asia,15563,https://www.google.com/search?q=site:reuters.com+Myanmar+news+after:2021-02-01+before:2021-02-08
2021-02-01,United Kingdom,Europe,14849,https://www.google.com/search?q=site:bbc.com+United Kingdom+news+after:2021-02-01+before:2021-02-08
2021-02-01,India,Asia,10489,https://www.google.com/search?q=site:pbs.org+India+news+after:2021-02-01+before:2021-02-08
2021-02-08,United States,North America,168669,https://www.google.com/search?q=site:pbs.org+United States+news+after:2021-02-08+before:2021-02-15
2021-02-08,United Kingdom,Europe,14665,https://www.google.com/search?q=site:aljazeera.com+United Kingdom+news+after:2021-02-08+before:2021-02-15
2021-02-08,Russia,Europe,12363,https://www.google.com/search?q=site:apnews.com+Russia+news+after:2021-02-08+before:2021-02-15
2021-02-08,China,Asia,12166,https://www.google.com/search?q=site:reuters.com+China+news+after:2021-02-08+before:2021-02-15
2021-02-08,Myanmar,Asia,12071,https://www.google.com/search?q=site:bbc.com+Myanmar+news+after:2021-02-08+before:2021-02-15
2021-02-15,United States,North America,108936,https://www.google.com/search?q=site:bbc.com+United States+news+after:2021-02-15+before:2021-02-22
2021-02-15,United Kingdom,Europe,13875,https://www.google.com/search?q=site:apnews.com+United Kingdom+news+after:2021-02-15+before:2021-02-22
2021-02-15,Russia,Europe,11750,https://www.google.com/search?q=site:aljazeera.com+Russia+news+after:2021-02-15+before:2021-02-22
2021-02-15,Myanmar,Asia,11630,https://www.google.com/search?q=site:dw.com+Myanmar+news+after:2021-02-15+before:2021-02-22
2021-02-15,India,Asia,11074,https://www.google.com/search?q=site:reuters.com+India+news+after:2021-02-15+before:2021-02-22
2021-02-22,United States,North America,118642,https://www.google.com/search?q=site:aljazeera.com+United States+news+after:2021-02-22+before:2021-03-01
2021-02-22,Nigeria,Africa,14424,https://www.google.com/search?q=site:aljazeera.com+Nigeria+news+after:2021-02-22+before:2021-03-01
2021-02-22,United Kingdom,Europe,14171,https://www.google.com/search?q=site:reuters.com+United Kingdom+news+after:2021-02-22+before:2021-03-01
2021-02-22,Myanmar,Asia,12644,https://www.google.com/search?q=site:aljazeera.com+Myanmar+news+after:2021-02-22+before:2021-03-01
2021-02-22,Russia,Europe,11945,https://www.google.com/search?q=site:npr.org+Russia+news+after:2021-02-22+before:2021-03-01
2021-03-01,United States,North America,126045,https://www.google.com/search?q=site:bbc.com+United States+news+after:2021-03-01+before:2021-03-08
2021-03-01,Myanmar,Asia,21409,https://www.google.com/search?q=site:bbc.com+Myanmar+news+after:2021-03-01+before:2021-03-08
2021-03-01,United Kingdom,Europe,16711,https://www.google.com/search?q=site:reuters.com+United Kingdom+news+after:2021-03-01+before:2021-03-08
2021-03-01,Iraq,Asia,14707,https://www.google.com/search?q=site:apnews.com+Iraq+news+after:2021-03-01+before:2021-03-08
2021-03-01,Russia,Europe,14065,https://www.google.com/search?q=site:npr.org+Russia+news+after:2021-03-01+before:2021-03-08
2021-03-08,United States,North America,122524,https://www.google.com/search?q=site:dw.com+United States+news+after:2021-03-08+before:2021-03-15
2021-03-08,United Kingdom,Europe,26169,https://www.google.com/search?q=site:reuters.com+United Kingdom+news+after:2021-03-08+before:2021-03-15
2021-03-08,Myanmar,Asia,16932,https://www.google.com/search?q=site:dw.com+Myanmar+news+after:2021-03-08+before:2021-03-15
2021-03-08,Russia,Europe,10446,https://www.google.com/search?q=site:pbs.org+Russia+news+after:2021-03-08+before:2021-03-15
2021-03-08,China,Asia,9029,https://www.google.com/search?q=site:npr.org+China+news+after:2021-03-08+before:2021-03-15
2021-03-15,United States,North America,153819,https://www.google.com/search?q=site:bbc.com+United States+news+after:2021-03-15+before:2021-03-22
2021-03-15,United Kingdom,Europe,19714,https://www.google.com/search?q=site:aljazeera.com+United Kingdom+news+after:2021-03-15+before:2021-03-22
2021-03-15,China,Asia,17733,https://www.google.com/search?q=site:aljazeera.com+China+news+after:2021-03-15+before:2021-03-22
2021-03-15,Russia,Europe,12485,https://www.google.com/search?q=site:dw.com+Russia+news+after:2021-03-15+before:2021-03-22
2021-03-15,Australia,Oceania,10526,https://www.google.com/search?q=site:aljazeera.com+Australia+news+after:2021-03-15+before:2021-03-22
2021-03-22,United States,North America,193707,https://www.google.com/search?q=site:bbc.com+United States+news+after:2021-03-22+before:2021-03-29
2021-03-22,China,Asia,20146,https://www.google.com/search?q=site:npr.org+China+news+after:2021-03-22+before:2021-03-29
2021-03-22,United Kingdom,Europe,19910,https://www.google.com/search?q=site:apnews.com+United Kingdom+news+after:2021-03-22+before:2021-03-29
2021-03-22,Myanmar,Asia,15468,https://www.google.com/search?q=site:apnews.com+Myanmar+news+after:2021-03-22+before:2021-03-29
2021-03-22,Russia,Europe,11424,https://www.google.com/search?q=site:reuters.com+Russia+news+after:2021-03-22+before:2021-03-29
2021-03-29,United States,North America,146105,https://www.google.com/search?q=site:apnews.com+United States+news+after:2021-03-29+before:2021-04-05
2021-03-29,United Kingdom,Europe,17696,https://www.google.com/search?q=site:aljazeera.com+United Kingdom+news+after:2021-03-29+before:2021-04-05
2021-03-29,Russia,Europe,13448,https://www.google.com/search?q=site:apnews.com+Russia+news+after:2021-03-29+before:2021-04-05
2021-03-29,Myanmar,Asia,9340,https://www.google.com/search?q=site:dw.com+Myanmar+news+after:2021-03-29+before:2021-04-05
2021-03-29,India,Asia,9058,https://www.google.com/search?q=site:dw.com+India+news+after:2021-03-29+before:2021-04-05
2021-04-05,United States,North America,141622,https://www.google.com/search?q=site:pbs.org+United States+news+after:2021-04-05+before:2021-04-12
2021-04-05,United Kingdom,Europe,25107,https://www.google.com/search?q=site:apnews.com+United Kingdom+news+after:2021-04-05+before:2021-04-12
2021-04-05,Russia,Europe,14898,https://www.google.com/search?q=site:aljazeera.com+Russia+news+after:2021-04-05+before:2021-04-12
2021-04-05,India,Asia,10785,https://www.google.com/search?q=site:pbs.org+India+news+after:2021-04-05+before:2021-04-12
2021-04-05,Ukraine,Europe,9479,https://www.google.com/search?q=site:apnews.com+Ukraine+news+after:2021-04-05+before:2021-04-12
2021-04-12,United States,North America,219747,https://www.google.com/search?q=site:npr.org+United States+news+after:2021-04-12+before:2021-04-19
2021-04-12,Russia,Europe,31354,https://www.google.com/search?q=site:bbc.com+Russia+news+after:2021-04-12+before:2021-04-19
2021-04-12,United Kingdom,Europe,15223,https://www.google.com/search?q=site:dw.com+United Kingdom+news+after:2021-04-12+before:2021-04-19
2021-04-12,Ukraine,Europe,10127,https://www.google.com/search?q=site:aljazeera.com+Ukraine+news+after:2021-04-12+before:2021-04-19
2021-04-12,China,Asia,8583,https://www.google.com/search?q=site:pbs.org+China+news+after:2021-04-12+before:2021-04-19
2021-04-19,United States,North America,255893,https://www.google.com/search?q=site:reuters.com+United States+news+after:2021-04-19+before:2021-04-26
2021-04-19,Russia,Europe,30276,https://www.google.com/search?q=site:apnews.com+Russia+news+after:2021-04-19+before:2021-04-26
2021-04-19,Israel,Asia,15107,https://www.google.com/search?q=site:apnews.com+Israel+news+after:2021-04-19+before:2021-04-26
2021-04-19,United Kingdom,Europe,14886,https://www.google.com/search?q=site:apnews.com+United Kingdom+news+after:2021-04-19+before:2021-04-26
2021-04-19,France,Europe,11777,https://www.google.com/search?q=site:reuters.com+France+news+after:2021-04-19+before:2021-04-26
2021-04-26,United States,North America,163227,https://www.google.com/search?q=site:npr.org+United States+news+after:2021-04-26+before:2021-05-03
2021-04-26,Russia,Europe,17553,https://www.google.com/search?q=site:dw.com+Russia+news+after:2021-04-26+before:2021-05-03
2021-04-26,United Kingdom,Europe,15553,https://www.google.com/search?q=site:dw.com+United Kingdom+news+after:2021-04-26+before:2021-05-03
2021-04-26,Israel,Asia,12591,https://www.google.com/search?q=site:npr.org+Israel+news+after:2021-04-26+before:2021-05-03
2021-04-26,India,Asia,10904,https://www.google.com/search?q=site:aljazeera.com+India+news+after:2021-04-26+before:2021-05-03
2021-05-03,United States,North America,136458,https://www.google.com/search?q=site:dw.com+United States+news+after:2021-05-03+before:2021-05-10
2021-05-03,Israel,Asia,35673,https://www.google.com/search?q=site:apnews.com+Israel+news+after:2021-05-03+before:2021-05-10
2021-05-03,United Kingdom,Europe,15241,https://www.google.com/search?q=site:npr.org+United Kingdom+news+after:2021-05-03+before:2021-05-10
2021-05-03,Russia,Europe,9663,https://www.google.com/search?q=site:pbs.org+Russia+news+after:2021-05-03+before:2021-05-10
2021-05-03,India,Asia,8441,https://www.google.com/search?q=site:bbc.com+India+news+after:2021-05-03+before:2021-05-10
2021-05-10,Israel,Asia,385480,https://www.google.com/search?q=site:npr.org+Israel+news+after:2021-05-10+before:2021-05-17
2021-05-10,United States,North America,139988,https://www.google.com/search?q=site:apnews.com+United States+news+after:2021-05-10+before:2021-05-17
2021-05-10,Palestine,Asia,16103,https://www.google.com/search?q=site:apnews.com+Palestine+news+after:2021-05-10+before:2021-05-17
2021-05-10,Russia,Europe,15056,https://www.google.com/search?q=site:dw.com+Russia+news+after:2021-05-10+before:2021-05-17
2021-05-10,United Kingdom,Europe,14918,https://www.google.com/search?q=site:reuters.com+United Kingdom+news+after:2021-05-10+before:2021-05-17
2021-05-17,Israel,Asia,213256,https://www.google.com/search?q=site:apnews.com+Israel+news+after:2021-05-17+before:2021-05-24
2021-05-17,United States,North America,136235,https://www.google.com/search?q=site:aljazeera.com+United States+news+after:2021-05-17+before:2021-05-24
2021-05-17,United Kingdom,Europe,13118,https://www.google.com/search?q=site:bbc.com+United Kingdom+news+after:2021-05-17+before:2021-05-24
2021-05-17,Palestine,Asia,10655,https://www.google.com/search?q=site:apnews.com+Palestine+news+after:2021-05-17+before:2021-05-24
2021-05-17,Russia,Europe,10437,https://www.google.com/search?q=site:reuters.com+Russia+news+after:2021-05-17+before:2021-05-24
2021-05-24,United States,North America,156426,https://www.google.com/search?q=site:aljazeera.com+United States+news+after:2021-05-24+before:2021-05-31
2021-05-24,Israel,Asia,39064,https://www.google.com/search?q=site:pbs.org+Israel+news+after:2021-05-24+before:2021-05-31
2021-05-24,Belarus,Europe,22921,https://www.google.com/search?q=site:reuters.com+Belarus+news+after:2021-05-24+before:2021-05-31
2021-05-24,United Kingdom,Europe,15785,https://www.google.com/search?q=site:npr.org+United Kingdom+news+after:2021-05-24+before:2021-05-31
2021-05-24,Russia,Europe,13812,https://www.google.com/search?q=site:reuters.com+Russia+news+after:2021-05-24+before:2021-05-31
2021-05-31,United States,North America,111051,https://www.google.com/search?q=site:npr.org+United States+news+after:2021-05-31+before:2021-06-07
2021-05-31,Israel,Asia,18092,https://www.google.com/search?q=site:dw.com+Israel+news+after:2021-05-31+before:2021-06-07
2021-05-31,Poland,Europe,16998,https://www.google.com/search?q=site:reuters.com+Poland+news+after:2021-05-31+before:2021-06-07
2021-05-31,China,Asia,13942,https://www.google.com/search?q=site:npr.org+China+news+after:2021-05-31+before:2021-06-07
2021-05-31,Russia,Europe,13124,https://www.google.com/search?q=site:reuters.com+Russia+news+after:2021-05-31+before:2021-06-07
2021-06-07,United States,North America,113765,https://www.google.com/search?q=site:npr.org+United States+news+after:2021-06-07+before:2021-06-14
2021-06-07,United Kingdom,Europe,20447,https://www.google.com/search?q=site:apnews.com+United Kingdom+news+after:2021-06-07+before:2021-06-14
2021-06-07,Israel,Asia,15141,https://www.google.com/search?q=site:reuters.com+Israel+news+after:2021-06-07+before:2021-06-14
2021-06-07,Russia,Europe,13027,https://www.google.com/search?q=site:reuters.com+Russia+news+after:2021-06-07+before:2021-06-14
2021-06-07,China,Asia,11643,https://www.google.com/search?q=site:npr.org+China+news+after:2021-06-07+before:2021-06-14
2021-06-14,United States,North America,115440,https://www.google.com/search?q=site:aljazeera.com+United States+news+after:2021-06-14+before:2021-06-21
2021-06-14,Israel,Asia,21062,https://www.google.com/search?q=site:dw.com+Israel+news+after:2021-06-14+before:2021-06-21
2021-06-14,Russia,Europe,16983,https://www.google.com/search?q=site:reuters.com+Russia+news+after:2021-06-14+before:2021-06-21
2021-06-14,United Kingdom,Europe,11427,https://www.google.com/search?q=site:pbs.org+United Kingdom+news+after:2021-06-14+before:2021-06-21
2021-06-14,China,Asia,9056,https://www.google.com/search?q=site:reuters.com+China+news+after:2021-06-14+before:2021-06-21
2021-06-21,United States,North America,137090,https://www.google.com/search?q=site:pbs.org+United States+news+after:2021-06-21+before:2021-06-28
2021-06-21,Russia,Europe,15824,https://www.google.com/search?q=site:reuters.com+Russia+news+after:2021-06-21+before:2021-06-28
2021-06-21,United Kingdom,Europe,15493,https://www.google.com/search?q=site:dw.com+United Kingdom+news+after:2021-06-21+before:2021-06-28
2021-06-21,Israel,Asia,11107,https://www.google.com/search?q=site:pbs.org+Israel+news+after:2021-06-21+before:2021-06-28
2021-06-21,China,Asia,8542,https://www.google.com/search?q=site:pbs.org+China+news+after:2021-06-21+before:2021-06-28
2021-06-28,United States,North America,121284,https://www.google.com/search?q=site:pbs.org+United States+news+after:2021-06-28+before:2021-07-05
2021-06-28,United Kingdom,Europe,13293,https://www.google.com/search?q=site:aljazeera.com+United Kingdom+news+after:2021-06-28+before:2021-07-05
2021-06-28,Afghanistan,Asia,12151,https://www.google.com/search?q=site:bbc.com+Afghanistan+news+after:2021-06-28+before:2021-07-05
2021-06-28,Russia,Europe,10888,https://www.google.com/search?q=site:bbc.com+Russia+news+after:2021-06-28+before:2021-07-05
2021-06-28,Israel,Asia,9100,https://www.google.com/search?q=site:bbc.com+Israel+news+after:2021-06-28+before:2021-07-05
2021-07-05,United States,North America,110322,https://www.google.com/search?q=site:dw.com+United States+news+after:2021-07-05+before:2021-07-12
2021-07-05,Haiti,North America,27911,https://www.google.com/search?q=site:npr.org+Haiti+news+after:2021-07-05+before:2021-07-12
2021-07-05,United Kingdom,Europe,14418,https://www.google.com/search?q=site:aljazeera.com+United Kingdom+news+after:2021-07-05+before:2021-07-12
2021-07-05,Afghanistan,Asia,12964,https://www.google.com/search?q=site:npr.org+Afghanistan+news+after:2021-07-05+before:2021-07-12
2021-07-05,Russia,Europe,10536,https://www.google.com/search?q=site:apnews.com+Russia+news+after:2021-07-05+before:2021-07-12
2021-07-12,United States,North America,120694,https://www.google.com/search?q=site:aljazeera.com+United States+news+after:2021-07-12+before:2021-07-19
2021-07-12,Haiti,North America,14869,https://www.google.com/search?q=site:npr.org+Haiti+news+after:2021-07-12+before:2021-07-19
2021-07-12,Afghanistan,Asia,12165,https://www.google.com/search?q=site:bbc.com+Afghanistan+news+after:2021-07-12+before:2021-07-19
2021-07-12,South Africa,Africa,11639,https://www.google.com/search?q=site:npr.org+South Africa+news+after:2021-07-12+before:2021-07-19
2021-07-12,United Kingdom,Europe,10504,https://www.google.com/search?q=site:reuters.com+United Kingdom+news+after:2021-07-12+before:2021-07-19
2021-07-19,United States,North America,123020,https://www.google.com/search?q=site:pbs.org+United States+news+after:2021-07-19+before:2021-07-26
2021-07-19,United Kingdom,Europe,9943,https://www.google.com/search?q=site:reuters.com+United Kingdom+news+after:2021-07-19+before:2021-07-26
2021-07-19,Afghanistan,Asia,9322,https://www.google.com/search?q=site:reuters.com+Afghanistan+news+after:2021-07-19+before:2021-07-26
2021-07-19,Israel,Asia,9033,https://www.google.com/search?q=site:reuters.com+Israel+news+after:2021-07-19+before:2021-07-26
2021-07-19,Russia,Europe,7985,https://www.google.com/search?q=site:dw.com+Russia+news+after:2021-07-19+before:2021-07-26
2021-07-26,United States,North America,103055,https://www.google.com/search?q=site:npr.org+United States+news+after:2021-07-26+before:2021-08-02
2021-07-26,Israel,Asia,13598,https://www.google.com/search?q=site:dw.com+Israel+news+after:2021-07-26+before:2021-08-02
2021-07-26,United Kingdom,Europe,11597,https://www.google.com/search?q=site:dw.com+United Kingdom+news+after:2021-07-26+before:2021-08-02
2021-07-26,Afghanistan,Asia,11350,https://www.google.com/search?q=site:reuters.com+Afghanistan+news+after:2021-07-26+before:2021-08-02
2021-07-26,Russia,Europe,8772,https://www.google.com/search?q=site:pbs.org+Russia+news+after:2021-07-26+before:2021-08-02
2021-08-02,United States,North America,87915,https://www.google.com/search?q=site:reuters.com+United States+news+after:2021-08-02+before:2021-08-09
2021-08-02,Afghanistan,Asia,23120,https://www.google.com/search?q=site:aljazeera.com+Afghanistan+news+after:2021-08-02+before:2021-08-09
2021-08-02,Israel,Asia,11919,https://www.google.com/search?q=site:dw.com+Israel+news+after:2021-08-02+before:2021-08-09
2021-08-02,United Kingdom,Europe,9970,https://www.google.com/search?q=site:aljazeera.com+United Kingdom+news+after:2021-08-02+before:2021-08-09
2021-08-02,Greece,Europe,8127,https://www.google.com/search?q=site:dw.com+Greece+news+after:2021-08-02+before:2021-08-09
2021-08-09,United States,North America,84973,https://www.google.com/search?q=site:dw.com+United States+news+after:2021-08-09+before:2021-08-16
2021-08-09,Afghanistan,Asia,36405,https://www.google.com/search?q=site:pbs.org+Afghanistan+news+after:2021-08-09+before:2021-08-16
2021-08-09,United Kingdom,Europe,15872,https://www.google.com/search?q=site:pbs.org+United Kingdom+news+after:2021-08-09+before:2021-08-16
2021-08-09,Russia,Europe,8866,https://www.google.com/search?q=site:npr.org+Russia+news+after:2021-08-09+before:2021-08-16
2021-08-09,Canada,North America,8692,https://www.google.com/search?q=site:aljazeera.com+Canada+news+after:2021-08-09+before:2021-08-16
2021-08-16,United States,North America,90507,https://www.google.com/search?q=site:npr.org+United States+news+after:2021-08-16+before:2021-08-23
2021-08-16,Afghanistan,Asia,71530,https://www.google.com/search?q=site:pbs.org+Afghanistan+news+after:2021-08-16+before:2021-08-23
2021-08-16,United Kingdom,Europe,14766,https://www.google.com/search?q=site:reuters.com+United Kingdom+news+after:2021-08-16+before:2021-08-23
2021-08-16,Russia,Europe,11943,https://www.google.com/search?q=site:aljazeera.com+Russia+news+after:2021-08-16+before:2021-08-23
2021-08-16,Israel,Asia,10750,https://www.google.com/search?q=site:reuters.com+Israel+news+after:2021-08-16+before:2021-08-23
2021-08-23,United States,North America,143129,https://www.google.com/search?q=site:apnews.com+United States+news+after:2021-08-23+before:2021-08-30
2021-08-23,Afghanistan,Asia,96285,https://www.google.com/search?q=site:pbs.org+Afghanistan+news+after:2021-08-23+before:2021-08-30
2021-08-23,United Kingdom,Europe,21411,https://www.google.com/search?q=site:pbs.org+United Kingdom+news+after:2021-08-23+before:2021-08-30
2021-08-23,Israel,Asia,14092,https://www.google.com/search?q=site:dw.com+Israel+news+after:2021-08-23+before:2021-08-30
2021-08-23,Russia,Europe,10449,https://www.google.com/search?q=site:dw.com+Russia+news+after:2021-08-23+before:2021-08-30
2021-08-30,United States,North America,138280,https://www.google.com/search?q=site:apnews.com+United States+news+after:2021-08-30+before:2021-09-06
2021-08-30,Afghanistan,Asia,49514,https://www.google.com/search?q=site:aljazeera.com+Afghanistan+news+after:2021-08-30+before:2021-09-06
2021-08-30,United Kingdom,Europe,12752,https://www.google.com/search?q=site:dw.com+United Kingdom+news+after:2021-08-30+before:2021-09-06
2021-08-30,Russia,Europe,9301,https://www.google.com/search?q=site:reuters.com+Russia+news+after:2021-08-30+before:2021-09-06
2021-08-30,Israel,Asia,6283,https://www.google.com/search?q=site:aljazeera.com+Israel+news+after:2021-08-30+before:2021-09-06
2021-09-06,United States,North America,112459,https://www.google.com/search?q=site:npr.org+United States+news+after:2021-09-06+before:2021-09-13
2021-09-06,Afghanistan,Asia,33472,https://www.google.com/search?q=site:reuters.com+Afghanistan+news+after:2021-09-06+before:2021-09-13
2021-09-06,Israel,Asia,12112,https://www.google.com/search?q=site:reuters.com+Israel+news+after:2021-09-06+before:2021-09-13
2021-09-06,United Kingdom,Europe,11767,https://www.google.com/search?q=site:reuters.com+United Kingdom+news+after:2021-09-06+before:2021-09-13
2021-09-06,Russia,Europe,9784,https://www.google.com/search?q=site:npr.org+Russia+news+after:2021-09-06+before:2021-09-13
2021-09-13,United States,North America,115872,https://www.google.com/search?q=site:dw.com+United States+news+after:2021-09-13+before:2021-09-20
2021-09-13,Afghanistan,Asia,15352,https://www.google.com/search?q=site:bbc.com+Afghanistan+news+after:2021-09-13+before:2021-09-20
2021-09-13,France,Europe,13740,https://www.google.com/search?q=site:apnews.com+France+news+after:2021-09-13+before:2021-09-20
2021-09-13,United Kingdom,Europe,12087,https://www.google.com/search?q=site:pbs.org+United Kingdom+news+after:2021-09-13+before:2021-09-20
2021-09-13,Russia,Europe,11996,https://www.google.com/search?q=site:apnews.com+Russia+news+after:2021-09-13+before:2021-09-20
2021-09-20,United States,North America,113389,https://www.google.com/search?q=site:pbs.org+United States+news+after:2021-09-20+before:2021-09-27
2021-09-20,United Kingdom,Europe,21371,https://www.google.com/search?q=site:aljazeera.com+United Kingdom+news+after:2021-09-20+before:2021-09-27
2021-09-20,Russia,Europe,16757,https://www.google.com/search?q=site:reuters.com+Russia+news+after:2021-09-20+before:2021-09-27
2021-09-20,Israel,Asia,13959,https://www.google.com/search?q=site:pbs.org+Israel+news+after:2021-09-20+before:2021-09-27
2021-09-20,France,Europe,11441,https://www.google.com/search?q=site:dw.com+France+news+after:2021-09-20+before:2021-09-27
2021-09-27,United States,North America,117490,https://www.google.com/search?q=site:reuters.com+United States+news+after:2021-09-27+before:2021-10-04
2021-09-27,United Kingdom,Europe,25845,https://www.google.com/search?q=site:aljazeera.com+United Kingdom+news+after:2021-09-27+before:2021-10-04
2021-09-27,Afghanistan,Asia,11909,https://www.google.com/search?q=site:reuters.com+Afghanistan+news+after:2021-09-27+before:2021-10-04
2021-09-27,Russia,Europe,9943,https://www.google.com/search?q=site:dw.com+Russia+news+after:2021-09-27+before:2021-10-04
2021-09-27,France,Europe,8784,https://www.google.com/search?q=site:pbs.org+France+news+after:2021-09-27+before:2021-10-04
2021-10-04,United States,North America,123618,https://www.google.com/search?q=site:reuters.com+United States+news+after:2021-10-04+before:2021-10-11
2021-10-04,United Kingdom,Europe,14037,https://www.google.com/search?q=site:apnews.com+United Kingdom+news+after:2021-10-04+before:2021-10-11
2021-10-04,Russia,Europe,13575,https://www.google.com/search?q=site:reuters.com+Russia+news+after:2021-10-04+before:2021-10-11
2021-10-04,Afghanistan,Asia,12395,https://www.google.com/search?q=site:aljazeera.com+Afghanistan+news+after:2021-10-04+before:2021-10-11
2021-10-04,India,Asia,12061,https://www.google.com/search?q=site:reuters.com+India+news+after:2021-10-04+before:2021-10-11
2021-10-11,United States,North America,114917,https://www.google.com/search?q=site:npr.org+United States+news+after:2021-10-11+before:2021-10-18
2021-10-11,United Kingdom,Europe,27335,https://www.google.com/search?q=site:npr.org+United Kingdom+news+after:2021-10-11+before:2021-10-18
2021-10-11,Russia,Europe,9040,https://www.google.com/search?q=site:reuters.com+Russia+news+after:2021-10-11+before:2021-10-18
2021-10-11,Afghanistan,Asia,9021,https://www.google.com/search?q=site:aljazeera.com+Afghanistan+news+after:2021-10-11+before:2021-10-18
2021-10-11,India,Asia,7823,https://www.google.com/search?q=site:aljazeera.com+India+news+after:2021-10-11+before:2021-10-18
2021-10-18,United States,North America,140890,https://www.google.com/search?q=site:dw.com+United States+news+after:2021-10-18+before:2021-10-25
2021-10-18,United Kingdom,Europe,20383,https://www.google.com/search?q=site:apnews.com+United Kingdom+news+after:2021-10-18+before:2021-10-25
2021-10-18,Russia,Europe,16092,https://www.google.com/search?q=site:pbs.org+Russia+news+after:2021-10-18+before:2021-10-25
2021-10-18,India,Asia,7183,https://www.google.com/search?q=site:pbs.org+India+news+after:2021-10-18+before:2021-10-25
2021-10-18,Israel,Asia,6709,https://www.google.com/search?q=site:apnews.com+Israel+news+after:2021-10-18+before:2021-10-25
2021-10-25,United States,North America,116869,https://www.google.com/search?q=site:bbc.com+United States+news+after:2021-10-25+before:2021-11-01
2021-10-25,United Kingdom,Europe,17752,https://www.google.com/search?q=site:dw.com+United Kingdom+news+after:2021-10-25+before:2021-11-01
2021-10-25,Sudan,Africa,13933,https://www.google.com/search?q=site:dw.com+Sudan+news+after:2021-10-25+before:2021-11-01
2021-10-25,Russia,Europe,9270,https://www.google.com/search?q=site:npr.org+Russia+news+after:2021-10-25+before:2021-11-01
2021-10-25,China,Asia,5921,https://www.google.com/search?q=site:apnews.com+China+news+after:2021-10-25+before:2021-11-01
2021-11-01,United States,North America,123760,https://www.google.com/search?q=site:apnews.com+United States+news+after:2021-11-01+before:2021-11-08
2021-11-01,United Kingdom,Europe,18267,https://www.google.com/search?q=site:reuters.com+United Kingdom+news+after:2021-11-01+before:2021-11-08
2021-11-01,Russia,Europe,10191,https://www.google.com/search?q=site:aljazeera.com+Russia+news+after:2021-11-01+before:2021-11-08
2021-11-01,Mexico,North America,6448,https://www.google.com/search?q=site:reuters.com+Mexico+news+after:2021-11-01+before:2021-11-08
2021-11-01,China,Asia,6173,https://www.google.com/search?q=site:pbs.org+China+news+after:2021-11-01+before:2021-11-08
2021-11-08,United States,North America,123129,https://www.google.com/search?q=site:pbs.org+United States+news+after:2021-11-08+before:2021-11-15
2021-11-08,United Kingdom,Europe,13164,https://www.google.com/search?q=site:npr.org+United Kingdom+news+after:2021-11-08+before:2021-11-15
2021-11-08,Russia,Europe,10907,https://www.google.com/search?q=site:aljazeera.com+Russia+news+after:2021-11-08+before:2021-11-15
2021-11-08,Poland,Europe,8553,https://www.google.com/search?q=site:npr.org+Poland+news+after:2021-11-08+before:2021-11-15
2021-11-08,Belarus,Europe,8162,https://www.google.com/search?q=site:pbs.org+Belarus+news+after:2021-11-08+before:2021-11-15
2021-11-15,United States,North America,164992,https://www.google.com/search?q=site:reuters.com+United States+news+after:2021-11-15+before:2021-11-22
2021-11-15,United Kingdom,Europe,15256,https://www.google.com/search?q=site:pbs.org+United Kingdom+news+after:2021-11-15+before:2021-11-22
2021-11-15,Russia,Europe,10694,https://www.google.com/search?q=site:bbc.com+Russia+news+after:2021-11-15+before:2021-11-22
2021-11-15,Israel,Asia,9142,https://www.google.com/search?q=site:dw.com+Israel+news+after:2021-11-15+before:2021-11-22
2021-11-15,Poland,Europe,8522,https://www.google.com/search?q=site:npr.org+Poland+news+after:2021-11-15+before:2021-11-22
2021-11-22,United States,North America,104687,https://www.google.com/search?q=site:aljazeera.com+United States+news+after:2021-11-22+before:2021-11-29
2021-11-22,United Kingdom,Europe,17515,https://www.google.com/search?q=site:bbc.com+United Kingdom+news+after:2021-11-22+before:2021-11-29
2021-11-22,Russia,Europe,9641,https://www.google.com/search?q=site:bbc.com+Russia+news+after:2021-11-22+before:2021-11-29
2021-11-22,Israel,Asia,7798,https://www.google.com/search?q=site:apnews.com+Israel+news+after:2021-11-22+before:2021-11-29
2021-11-22,France,Europe,7464,https://www.google.com/search?q=site:reuters.com+France+news+after:2021-11-22+before:2021-11-29
2021-11-29,United States,North America,136061,https://www.google.com/search?q=site:bbc.com+United States+news+after:2021-11-29+before:2021-12-06
2021-11-29,Russia,Europe,15098,https://www.google.com/search?q=site:apnews.com+Russia+news+after:2021-11-29+before:2021-12-06
2021-11-29,United Kingdom,Europe,12071,https://www.google.com/search?q=site:dw.com+United Kingdom+news+after:2021-11-29+before:2021-12-06
2021-11-29,Israel,Asia,8508,https://www.google.com/search?q=site:apnews.com+Israel+news+after:2021-11-29+before:2021-12-06
2021-11-29,Ukraine,Europe,8274,https://www.google.com/search?q=site:aljazeera.com+Ukraine+news+after:2021-11-29+before:2021-12-06
2021-12-06,United States,North America,124097,https://www.google.com/search?q=site:bbc.com+United States+news+after:2021-12-06+before:2021-12-13
2021-12-06,United Kingdom,Europe,18307,https://www.google.com/search?q=site:dw.com+United Kingdom+news+after:2021-12-06+before:2021-12-13
2021-12-06,Russia,Europe,15649,https://www.google.com/search?q=site:reuters.com+Russia+news+after:2021-12-06+before:2021-12-13
2021-12-06,China,Asia,9219,https://www.google.com/search?q=site:apnews.com+China+news+after:2021-12-06+before:2021-12-13
2021-12-06,Israel,Asia,7508,https://www.google.com/search?q=site:reuters.com+Israel+news+after:2021-12-06+before:2021-12-13
2021-12-13,United States,North America,107676,https://www.google.com/search?q=site:apnews.com+United States+news+after:2021-12-13+before:2021-12-20
2021-12-13,Russia,Europe,17105,https://www.google.com/search?q=site:reuters.com+Russia+news+after:2021-12-13+before:2021-12-20
2021-12-13,United Kingdom,Europe,12486,https://www.google.com/search?q=site:pbs.org+United Kingdom+news+after:2021-12-13+before:2021-12-20
2021-12-13,Israel,Asia,11775,https://www.google.com/search?q=site:apnews.com+Israel+news+after:2021-12-13+before:2021-12-20
2021-12-13,China,Asia,7418,https://www.google.com/search?q=site:dw.com+China+news+after:2021-12-13+before:2021-12-20
2021-12-20,United States,North America,95967,https://www.google.com/search?q=site:reuters.com+United States+news+after:2021-12-20+before:2021-12-27
2021-12-20,Russia,Europe,13754,https://www.google.com/search?q=site:npr.org+Russia+news+after:2021-12-20+before:2021-12-27
2021-12-20,United Kingdom,Europe,9930,https://www.google.com/search?q=site:reuters.com+United Kingdom+news+after:2021-12-20+before:2021-12-27
2021-12-20,Israel,Asia,9072,https://www.google.com/search?q=site:reuters.com+Israel+news+after:2021-12-20+before:2021-12-27
2021-12-20,China,Asia,8231,https://www.google.com/search?q=site:aljazeera.com+China+news+after:2021-12-20+before:2021-12-27
2021-12-27,United States,North America,102703,https://www.google.com/search?q=site:reuters.com+United States+news+after:2021-12-27+before:2022-01-03
2021-12-27,United Kingdom,Europe,15909,https://www.google.com/search?q=site:bbc.com+United Kingdom+news+after:2021-12-27+before:2022-01-03
2021-12-27,Russia,Europe,12757,https://www.google.com/search?q=site:apnews.com+Russia+news+after:2021-12-27+before:2022-01-03
2021-12-27,Israel,Asia,11592,https://www.google.com/search?q=site:npr.org+Israel+news+after:2021-12-27+before:2022-01-03
2021-12-27,India,Asia,7323,https://www.google.com/search?q=site:reuters.com+India+news+after:2021-12-27+before:2022-01-03
2022-01-03,United States,North America,115694,https://www.google.com/search?q=site:apnews.com+United States+news+after:2022-01-03+before:2022-01-10
2022-01-03,Kazakhstan,Asia,19443,https://www.google.com/search?q=site:bbc.com+Kazakhstan+news+after:2022-01-03+before:2022-01-10
2022-01-03,Russia,Europe,14638,https://www.google.com/search?q=site:aljazeera.com+Russia+news+after:2022-01-03+before:2022-01-10
2022-01-03,United Kingdom,Europe,10948,https://www.google.com/search?q=site:aljazeera.com+United Kingdom+news+after:2022-01-03+before:2022-01-10
2022-01-03,Israel,Asia,7675,https://www.google.com/search?q=site:reuters.com+Israel+news+after:2022-01-03+before:2022-01-10
2022-01-10,United States,North America,119345,https://www.google.com/search?q=site:dw.com+United States+news+after:2022-01-10+before:2022-01-17
2022-01-10,Russia,Europe,19353,https://www.google.com/search?q=site:dw.com+Russia+news+after:2022-01-10+before:2022-01-17
2022-01-10,United Kingdom,Europe,10722,https://www.google.com/search?q=site:reuters.com+United Kingdom+news+after:2022-01-10+before:2022-01-17
2022-01-10,Ukraine,Europe,6607,https://www.google.com/search?q=site:npr.org+Ukraine+news+after:2022-01-10+before:2022-01-17
2022-01-10,Israel,Asia,6571,https://www.google.com/search?q=site:bbc.com+Israel+news+after:2022-01-10+before:2022-01-17
2022-01-17,United States,North America,110957,https://www.google.com/search?q=site:pbs.org+United States+news+after:2022-01-17+before:2022-01-24
2022-01-17,Russia,Europe,26032,https://www.google.com/search?q=site:dw.com+Russia+news+after:2022-01-17+before:2022-01-24
2022-01-17,United Kingdom,Europe,15810,https://www.google.com/search?q=site:reuters.com+United Kingdom+news+after:2022-01-17+before:2022-01-24
2022-01-17,Ukraine,Europe,13684,https://www.google.com/search?q=site:bbc.com+Ukraine+news+after:2022-01-17+before:2022-01-24
2022-01-17,Israel,Asia,6515,https://www.google.com/search?q=site:bbc.com+Israel+news+after:2022-01-17+before:2022-01-24
2022-01-24,United States,North America,122451,https://www.google.com/search?q=site:reuters.com+United States+news+after:2022-01-24+before:2022-01-31
2022-01-24,Russia,Europe,31328,https://www.google.com/search?q=site:dw.com+Russia+news+after:2022-01-24+before:2022-01-31
2022-01-24,Ukraine,Europe,20995,https://www.google.com/search?q=site:apnews.com+Ukraine+news+after:2022-01-24+before:2022-01-31
2022-01-24,United Kingdom,Europe,20643,https://www.google.com/search?q=site:reuters.com+United Kingdom+news+after:2022-01-24+before:2022-01-31
2022-01-24,Canada,North America,7933,https://www.google.com/search?q=site:aljazeera.com+Canada+news+after:2022-01-24+before:2022-01-31
2022-01-31,United States,North America,111744,https://www.google.com/search?q=site:pbs.org+United States+news+after:2022-01-31+before:2022-02-07
2022-01-31,Russia,Europe,29682,https://www.google.com/search?q=site:reuters.com+Russia+news+after:2022-01-31+before:2022-02-07
2022-01-31,United Kingdom,Europe,16448,https://www.google.com/search?q=site:bbc.com+United Kingdom+news+after:2022-01-31+before:2022-02-07
2022-01-31,Ukraine,Europe,15515,https://www.google.com/search?q=site:aljazeera.com+Ukraine+news+after:2022-01-31+before:2022-02-07
2022-01-31,Syria,Asia,10513,https://www.google.com/search?q=site:dw.com+Syria+news+after:2022-01-31+before:2022-02-07
2022-02-07,United States,North America,99439,https://www.google.com/search?q=site:npr.org+United States+news+after:2022-02-07+before:2022-02-14
2022-02-07,Russia,Europe,45704,https://www.google.com/search?q=site:bbc.com+Russia+news+after:2022-02-07+before:2022-02-14
2022-02-07,Ukraine,Europe,26692,https://www.google.com/search?q=site:bbc.com+Ukraine+news+after:2022-02-07+before:2022-02-14
2022-02-07,United Kingdom,Europe,15046,https://www.google.com/search?q=site:npr.org+United Kingdom+news+after:2022-02-07+before:2022-02-14
2022-02-07,France,Europe,9717,https://www.google.com/search?q=site:dw.com+France+news+after:2022-02-07+before:2022-02-14
2022-02-14,United States,North America,113031,https://www.google.com/search?q=site:reuters.com+United States+news+after:2022-02-14+before:2022-02-21
2022-02-14,Russia,Europe,55556,https://www.google.com/search?q=site:reuters.com+Russia+news+after:2022-02-14+before:2022-02-21
2022-02-14,Ukraine,Europe,49123,https://www.google.com/search?q=site:dw.com+Ukraine+news+after:2022-02-14+before:2022-02-21
2022-02-14,Canada,North America,16407,https://www.google.com/search?q=site:reuters.com+Canada+news+after:2022-02-14+before:2022-02-21
2022-02-14,United Kingdom,Europe,10716,https://www.google.com/search?q=site:reuters.com+United Kingdom+news+after:2022-02-14+before:2022-02-21
2022-02-21,Russia,Europe,232167,https://www.google.com/search?q=site:bbc.com+Russia+news+after:2022-02-21+before:2022-02-28
2022-02-21,Ukraine,Europe,188045,https://www.google.com/search?q=site:reuters.com+Ukraine+news+after:2022-02-21+before:2022-02-28
2022-02-21,United States,North America,103682,https://www.google.com/search?q=site:reuters.com+United States+news+after:2022-02-21+before:2022-02-28
2022-02-21,United Kingdom,Europe,26010,https://www.google.com/search?q=site:npr.org+United Kingdom+news+after:2022-02-21+before:2022-02-28
2022-02-21,Canada,North America,10168,https://www.google.com/search?q=site:bbc.com+Canada+news+after:2022-02-21+before:2022-02-28
2022-02-28,Russia,Europe,182132,https://www.google.com/search?q=site:npr.org+Russia+news+after:2022-02-28+before:2022-03-07
2022-02-28,Ukraine,Europe,136128,https://www.google.com/search?q=site:pbs.org+Ukraine+news+after:2022-02-28+before:2022-03-07
2022-02-28,United States,North America,89695,https://www.google.com/search?q=site:pbs.org+United States+news+after:2022-02-28+before:2022-03-07
2022-02-28,United Kingdom,Europe,14142,https://www.google.com/search?q=site:apnews.com+United Kingdom+news+after:2022-02-28+before:2022-03-07
2022-02-28,Pakistan,Asia,7790,https://www.google.com/search?q=site:bbc.com+Pakistan+news+after:2022-02-28+before:2022-03-07
2022-03-07,Russia,Europe,141339,https://www.google.com/search?q=site:bbc.com+Russia+news+after:2022-03-07+before:2022-03-14
2022-03-07,Ukraine,Europe,104939,https://www.google.com/search?q=site:reuters.com+Ukraine+news+after:2022-03-07+before:2022-03-14
2022-03-07,United States,North America,99015,https://www.google.com/search?q=site:bbc.com+United States+news+after:2022-03-07+before:2022-03-14
2022-03-07,United Kingdom,Europe,14686,https://www.google.com/search?q=site:npr.org+United Kingdom+news+after:2022-03-07+before:2022-03-14
2022-03-07,Turkey,Asia,5706,https://www.google.com/search?q=site:dw.com+Turkey+news+after:2022-03-07+before:2022-03-14
2022-03-14,Russia,Europe,126772,https://www.google.com/search?q=site:reuters.com+Russia+news+after:2022-03-14+before:2022-03-21
2022-03-14,Ukraine,Europe,110096,https://www.google.com/search?q=site:reuters.com+Ukraine+news+after:2022-03-14+before:2022-03-21
2022-03-14,United States,North America,85385,https://www.google.com/search?q=site:apnews.com+United States+news+after:2022-03-14+before:2022-03-21
2022-03-14,United Kingdom,Europe,15424,https://www.google.com/search?q=site:npr.org+United Kingdom+news+after:2022-03-14+before:2022-03-21
2022-03-14,Iran,Asia,9786,https://www.google.com/search?q=site:aljazeera.com+Iran+news+after:2022-03-14+before:2022-03-21
2022-03-21,Russia,Europe,105038,https://www.google.com/search?q=site:reuters.com+Russia+news+after:2022-03-21+before:2022-03-28
2022-03-21,United States,North America,88495,https://www.google.com/search?q=site:reuters.com+United States+news+after:2022-03-21+before:2022-03-28
2022-03-21,Ukraine,Europe,79922,https://www.google.com/search?q=site:aljazeera.com+Ukraine+news+after:2022-03-21+before:2022-03-28
2022-03-21,United Kingdom,Europe,15545,https://www.google.com/search?q=site:bbc.com+United Kingdom+news+after:2022-03-21+before:2022-03-28
2022-03-21,China,Asia,8029,https://www.google.com/search?q=site:bbc.com+China+news+after:2022-03-21+before:2022-03-28
2022-03-28,United States,North America,89735,https://www.google.com/search?q=site:pbs.org+United States+news+after:2022-03-28+before:2022-04-04
2022-03-28,Russia,Europe,83494,https://www.google.com/search?q=site:reuters.com+Russia+news+after:2022-03-28+before:2022-04-04
2022-03-28,Ukraine,Europe,76481,https://www.google.com/search?q=site:dw.com+Ukraine+news+after:2022-03-28+before:2022-04-04
2022-03-28,Israel,Asia,23972,https://www.google.com/search?q=site:apnews.com+Israel+news+after:2022-03-28+before:2022-04-04
2022-03-28,United Kingdom,Europe,13563,https://www.google.com/search?q=site:bbc.com+United Kingdom+news+after:2022-03-28+before:2022-04-04
2022-04-04,Russia,Europe,109071,https://www.google.com/search?q=site:aljazeera.com+Russia+news+after:2022-04-04+before:2022-04-11
2022-04-04,United States,North America,105825,https://www.google.com/search?q=site:pbs.org+United States+news+after:2022-04-04+before:2022-04-11
2022-04-04,Ukraine,Europe,82218,https://www.google.com/search?q=site:reuters.com+Ukraine+news+after:2022-04-04+before:2022-04-11
2022-04-04,Israel,Asia,20235,https://www.google.com/search?q=site:pbs.org+Israel+news+after:2022-04-04+before:2022-04-11
2022-04-04,United Kingdom,Europe,13448,https://www.google.com/search?q=site:apnews.com+United Kingdom+news+after:2022-04-04+before:2022-04-11
2022-04-11,United States,North America,118085,https://www.google.com/search?q=site:reuters.com+United States+news+after:2022-04-11+before:2022-04-18
2022-04-11,Russia,Europe,88116,https://www.google.com/search?q=site:aljazeera.com+Russia+news+after:2022-04-11+before:2022-04-18
2022-04-11,Ukraine,Europe,81073,https://www.google.com/search?q=site:apnews.com+Ukraine+news+after:2022-04-11+before:2022-04-18
2022-04-11,Israel,Asia,29432,https://www.google.com/search?q=site:npr.org+Israel+news+after:2022-04-11+before:2022-04-18
2022-04-11,United Kingdom,Europe,23275,https://www.google.com/search?q=site:pbs.org+United Kingdom+news+after:2022-04-11+before:2022-04-18
2022-04-18,United States,North America,113838,https://www.google.com/search?q=site:reuters.com+United States+news+after:2022-04-18+before:2022-04-25
2022-04-18,Ukraine,Europe,78306,https://www.google.com/search?q=site:npr.org+Ukraine+news+after:2022-04-18+before:2022-04-25
2022-04-18,Russia,Europe,77579,https://www.google.com/search?q=site:npr.org+Russia+news+after:2022-04-18+before:2022-04-25
2022-04-18,Israel,Asia,27737,https://www.google.com/search?q=site:reuters.com+Israel+news+after:2022-04-18+before:2022-04-25
2022-04-18,United Kingdom,Europe,13788,https://www.google.com/search?q=site:aljazeera.com+United Kingdom+news+after:2022-04-18+before:2022-04-25
2022-04-25,United States,North America,110416,https://www.google.com/search?q=site:npr.org+United States+news+after:2022-04-25+before:2022-05-02
2022-04-25,Ukraine,Europe,82515,https://www.google.com/search?q=site:pbs.org+Ukraine+news+after:2022-04-25+before:2022-05-02
2022-04-25,Russia,Europe,80766,https://www.google.com/search?q=site:reuters.com+Russia+news+after:2022-04-25+before:2022-05-02
2022-04-25,Israel,Asia,16751,https://www.google.com/search?q=site:npr.org+Israel+news+after:2022-04-25+before:2022-05-02
2022-04-25,United Kingdom,Europe,14455,https://www.google.com/search?q=site:pbs.org+United Kingdom+news+after:2022-04-25+before:2022-05-02
2022-05-02,United States,North America,109016,https://www.google.com/search?q=site:reuters.com+United States+news+after:2022-05-02+before:2022-05-09
2022-05-02,Ukraine,Europe,77117,https://www.google.com/search?q=site:dw.com+Ukraine+news+after:2022-05-02+before:2022-05-09
2022-05-02,Russia,Europe,73066,https://www.google.com/search?q=site:dw.com+Russia+news+after:2022-05-02+before:2022-05-09
2022-05-02,Israel,Asia,15361,https://www.google.com/search?q=site:reuters.com+Israel+news+after:2022-05-02+before:2022-05-09
2022-05-02,United Kingdom,Europe,12095,https://www.google.com/search?q=site:dw.com+United Kingdom+news+after:2022-05-02+before:2022-05-09
2022-05-09,United States,North America,132177,https://www.google.com/search?q=site:aljazeera.com+United States+news+after:2022-05-09+before:2022-05-16
2022-05-09,Ukraine,Europe,57481,https://www.google.com/search?q=site:npr.org+Ukraine+news+after:2022-05-09+before:2022-05-16
2022-05-09,Russia,Europe,56218,https://www.google.com/search?q=site:bbc.com+Russia+news+after:2022-05-09+before:2022-05-16
2022-05-09,Israel,Asia,46627,https://www.google.com/search?q=site:bbc.com+Israel+news+after:2022-05-09+before:2022-05-16
2022-05-09,United Kingdom,Europe,8814,https://www.google.com/search?q=site:npr.org+United Kingdom+news+after:2022-05-09+before:2022-05-16
2022-05-16,United States,North America,115468,https://www.google.com/search?q=site:reuters.com+United States+news+after:2022-05-16+before:2022-05-23
2022-05-16,Russia,Europe,53382,https://www.google.com/search?q=site:dw.com+Russia+news+after:2022-05-16+before:2022-05-23
2022-05-16,Ukraine,Europe,52970,https://www.google.com/search?q=site:npr.org+Ukraine+news+after:2022-05-16+before:2022-05-23
2022-05-16,Israel,Asia,16198,https://www.google.com/search?q=site:dw.com+Israel+news+after:2022-05-16+before:2022-05-23
2022-05-16,United Kingdom,Europe,12364,https://www.google.com/search?q=site:pbs.org+United Kingdom+news+after:2022-05-16+before:2022-05-23
2022-05-23,United States,North America,204522,https://www.google.com/search?q=site:pbs.org+United States+news+after:2022-05-23+before:2022-05-30
2022-05-23,Ukraine,Europe,51560,https://www.google.com/search?q=site:npr.org+Ukraine+news+after:2022-05-23+before:2022-05-30
2022-05-23,Russia,Europe,49230,https://www.google.com/search?q=site:pbs.org+Russia+news+after:2022-05-23+before:2022-05-30
2022-05-23,United Kingdom,Europe,15180,https://www.google.com/search?q=site:apnews.com+United Kingdom+news+after:2022-05-23+before:2022-05-30
2022-05-23,Israel,Asia,13602,https://www.google.com/search?q=site:npr.org+Israel+news+after:2022-05-23+before:2022-05-30
2022-05-30,United States,North America,159769,https://www.google.com/search?q=site:npr.org+United States+news+after:2022-05-30+before:2022-06-06
2022-05-30,Ukraine,Europe,51178,https://www.google.com/search?q=site:pbs.org+Ukraine+news+after:2022-05-30+before:2022-06-06
2022-05-30,Russia,Europe,48387,https://www.google.com/search?q=site:npr.org+Russia+news+after:2022-05-30+before:2022-06-06
2022-05-30,United Kingdom,Europe,11044,https://www.google.com/search?q=site:dw.com+United Kingdom+news+after:2022-05-30+before:2022-06-06
2022-05-30,Israel,Asia,9816,https://www.google.com/search?q=site:dw.com+Israel+news+after:2022-05-30+before:2022-06-06
2022-06-06,United States,North America,134334,https://www.google.com/search?q=site:reuters.com+United States+news+after:2022-06-06+before:2022-06-13
2022-06-06,Russia,Europe,42383,https://www.google.com/search?q=site:apnews.com+Russia+news+after:2022-06-06+before:2022-06-13
2022-06-06,Ukraine,Europe,42202,https://www.google.com/search?q=site:aljazeera.com+Ukraine+news+after:2022-06-06+before:2022-06-13
2022-06-06,United Kingdom,Europe,13380,https://www.google.com/search?q=site:reuters.com+United Kingdom+news+after:2022-06-06+before:2022-06-13
2022-06-06,India,Asia,8290,https://www.google.com/search?q=site:aljazeera.com+India+news+after:2022-06-06+before:2022-06-13
2022-06-13,United States,North America,110800,https://www.google.com/search?q=site:reuters.com+United States+news+after:2022-06-13+before:2022-06-20
2022-06-13,Ukraine,Europe,34836,https://www.google.com/search?q=site:reuters.com+Ukraine+news+after:2022-06-13+before:2022-06-20
2022-06-13,Russia,Europe,34016,https://www.google.com/search?q=site:reuters.com+Russia+news+after:2022-06-13+before:2022-06-20
2022-06-13,United Kingdom,Europe,17733,https://www.google.com/search?q=site:bbc.com+United Kingdom+news+after:2022-06-13+before:2022-06-20
2022-06-13,Israel,Asia,9512,https://www.google.com/search?q=site:aljazeera.com+Israel+news+after:2022-06-13+before:2022-06-20
2022-06-20,United States,North America,131983,https://www.google.com/search?q=site:npr.org+United States+news+after:2022-06-20+before:2022-06-27
2022-06-20,Russia,Europe,37522,https://www.google.com/search?q=site:dw.com+Russia+news+after:2022-06-20+before:2022-06-27
2022-06-20,Ukraine,Europe,32063,https://www.google.com/search?q=site:reuters.com+Ukraine+news+after:2022-06-20+before:2022-06-27
2022-06-20,United Kingdom,Europe,14219,https://www.google.com/search?q=site:dw.com+United Kingdom+news+after:2022-06-20+before:2022-06-27
2022-06-20,Norway,Europe,8694,https://www.google.com/search?q=site:aljazeera.com+Norway+news+after:2022-06-20+before:2022-06-27
2022-06-27,United States,North America,127532,https://www.google.com/search?q=site:apnews.com+United States+news+after:2022-06-27+before:2022-07-04
2022-06-27,Russia,Europe,48493,https://www.google.com/search?q=site:apnews.com+Russia+news+after:2022-06-27+before:2022-07-04
2022-06-27,Ukraine,Europe,36710,https://www.google.com/search?q=site:apnews.com+Ukraine+news+after:2022-06-27+before:2022-07-04
2022-06-27,United Kingdom,Europe,15339,https://www.google.com/search?q=site:aljazeera.com+United Kingdom+news+after:2022-06-27+before:2022-07-04
2022-06-27,Israel,Asia,9119,https://www.google.com/search?q=site:reuters.com+Israel+news+after:2022-06-27+before:2022-07-04
2022-07-04,United States,North America,118288,https://www.google.com/search?q=site:bbc.com+United States+news+after:2022-07-04+before:2022-07-11
2022-07-04,Russia,Europe,35235,https://www.google.com/search?q=site:pbs.org+Russia+news+after:2022-07-04+before:2022-07-11
2022-07-04,Ukraine,Europe,28554,https://www.google.com/search?q=site:npr.org+Ukraine+news+after:2022-07-04+before:2022-07-11
2022-07-04,Japan,Asia,27990,https://www.google.com/search?q=site:reuters.com+Japan+news+after:2022-07-04+before:2022-07-11
2022-07-04,United Kingdom,Europe,14120,https://www.google.com/search?q=site:dw.com+United Kingdom+news+after:2022-07-04+before:2022-07-11
2022-07-11,United States,North America,111057,https://www.google.com/search?q=site:dw.com+United States+news+after:2022-07-11+before:2022-07-18
2022-07-11,Russia,Europe,43895,https://www.google.com/search?q=site:npr.org+Russia+news+after:2022-07-11+before:2022-07-18
2022-07-11,Ukraine,Europe,31200,https://www.google.com/search?q=site:apnews.com+Ukraine+news+after:2022-07-11+before:2022-07-18
2022-07-11,United Kingdom,Europe,12970,https://www.google.com/search?q=site:apnews.com+United Kingdom+news+after:2022-07-11+before:2022-07-18
2022-07-11,Israel,Asia,8362,https://www.google.com/search?q=site:aljazeera.com+Israel+news+after:2022-07-11+before:2022-07-18
2022-07-18,United States,North America,123667,https://www.google.com/search?q=site:apnews.com+United States+news+after:2022-07-18+before:2022-07-25
2022-07-18,Russia,Europe,30307,https://www.google.com/search?q=site:dw.com+Russia+news+after:2022-07-18+before:2022-07-25
2022-07-18,Ukraine,Europe,27039,https://www.google.com/search?q=site:aljazeera.com+Ukraine+news+after:2022-07-18+before:2022-07-25
2022-07-18,United Kingdom,Europe,11156,https://www.google.com/search?q=site:aljazeera.com+United Kingdom+news+after:2022-07-18+before:2022-07-25
2022-07-18,Israel,Asia,7449,https://www.google.com/search?q=site:pbs.org+Israel+news+after:2022-07-18+before:2022-07-25
2022-07-25,United States,North America,98504,https://www.google.com/search?q=site:dw.com+United States+news+after:2022-07-25+before:2022-08-01
2022-07-25,Russia,Europe,31855,https://www.google.com/search?q=site:aljazeera.com+Russia+news+after:2022-07-25+before:2022-08-01
2022-07-25,Ukraine,Europe,28365,https://www.google.com/search?q=site:bbc.com+Ukraine+news+after:2022-07-25+before:2022-08-01
2022-07-25,United Kingdom,Europe,10277,https://www.google.com/search?q=site:npr.org+United Kingdom+news+after:2022-07-25+before:2022-08-01
2022-07-25,India,Asia,6785,https://www.google.com/search?q=site:reuters.com+India+news+after:2022-07-25+before:2022-08-01
2022-08-01,United States,North America,114332,https://www.google.com/search?q=site:bbc.com+United States+news+after:2022-08-01+before:2022-08-08
2022-08-01,Israel,Asia,69738,https://www.google.com/search?q=site:aljazeera.com+Israel+news+after:2022-08-01+before:2022-08-08
2022-08-01,Russia,Europe,30293,https://www.google.com/search?q=site:dw.com+Russia+news+after:2022-08-01+before:2022-08-08
2022-08-01,China,Asia,28480,https://www.google.com/search?q=site:reuters.com+China+news+after:2022-08-01+before:2022-08-08
2022-08-01,Ukraine,Europe,22043,https://www.google.com/search?q=site:bbc.com+Ukraine+news+after:2022-08-01+before:2022-08-08
2022-08-08,United States,North America,126529,https://www.google.com/search?q=site:aljazeera.com+United States+news+after:2022-08-08+before:2022-08-15
2022-08-08,Israel,Asia,41654,https://www.google.com/search?q=site:reuters.com+Israel+news+after:2022-08-08+before:2022-08-15
2022-08-08,Russia,Europe,29416,https://www.google.com/search?q=site:pbs.org+Russia+news+after:2022-08-08+before:2022-08-15
2022-08-08,Ukraine,Europe,24505,https://www.google.com/search?q=site:pbs.org+Ukraine+news+after:2022-08-08+before:2022-08-15
2022-08-08,China,Asia,10890,https://www.google.com/search?q=site:apnews.com+China+news+after:2022-08-08+before:2022-08-15
2022-08-15,United States,North America,90424,https://www.google.com/search?q=site:npr.org+United States+news+after:2022-08-15+before:2022-08-22
2022-08-15,Russia,Europe,28401,https://www.google.com/search?q=site:npr.org+Russia+news+after:2022-08-15+before:2022-08-22
2022-08-15,Ukraine,Europe,22297,https://www.google.com/search?q=site:reuters.com+Ukraine+news+after:2022-08-15+before:2022-08-22
2022-08-15,United Kingdom,Europe,10893,https://www.google.com/search?q=site:reuters.com+United Kingdom+news+after:2022-08-15+before:2022-08-22
2022-08-15,Israel,Asia,9300,https://www.google.com/search?q=site:reuters.com+Israel+news+after:2022-08-15+before:2022-08-22
2022-08-22,United States,North America,95437,https://www.google.com/search?q=site:reuters.com+United States+news+after:2022-08-22+before:2022-08-29
2022-08-22,Russia,Europe,34993,https://www.google.com/search?q=site:reuters.com+Russia+news+after:2022-08-22+before:2022-08-29
2022-08-22,Ukraine,Europe,26628,https://www.google.com/search?q=site:dw.com+Ukraine+news+after:2022-08-22+before:2022-08-29
2022-08-22,United Kingdom,Europe,7582,https://www.google.com/search?q=site:bbc.com+United Kingdom+news+after:2022-08-22+before:2022-08-29
2022-08-22,India,Asia,7355,https://www.google.com/search?q=site:reuters.com+India+news+after:2022-08-22+before:2022-08-29
2022-08-29,United States,North America,89778,https://www.google.com/search?q=site:reuters.com+United States+news+after:2022-08-29+before:2022-09-05
2022-08-29,Russia,Europe,30147,https://www.google.com/search?q=site:reuters.com+Russia+news+after:2022-08-29+before:2022-09-05
2022-08-29,Ukraine,Europe,23751,https://www.google.com/search?q=site:bbc.com+Ukraine+news+after:2022-08-29+before:2022-09-05
2022-08-29,Israel,Asia,9680,https://www.google.com/search?q=site:dw.com+Israel+news+after:2022-08-29+before:2022-09-05
2022-08-29,Iraq,Asia,8687,https://www.google.com/search?q=site:apnews.com+Iraq+news+after:2022-08-29+before:2022-09-05
2022-09-05,United States,North America,82769,https://www.google.com/search?q=site:reuters.com+United States+news+after:2022-09-05+before:2022-09-12
2022-09-05,Russia,Europe,28196,https://www.google.com/search?q=site:reuters.com+Russia+news+after:2022-09-05+before:2022-09-12
2022-09-05,Ukraine,Europe,24452,https://www.google.com/search?q=site:bbc.com+Ukraine+news+after:2022-09-05+before:2022-09-12
2022-09-05,United Kingdom,Europe,15056,https://www.google.com/search?q=site:bbc.com+United Kingdom+news+after:2022-09-05+before:2022-09-12
2022-09-05,Israel,Asia,10784,https://www.google.com/search?q=site:pbs.org+Israel+news+after:2022-09-05+before:2022-09-12
2022-09-12,United States,North America,80460,https://www.google.com/search?q=site:apnews.com+United States+news+after:2022-09-12+before:2022-09-19
2022-09-12,Ukraine,Europe,31706,https://www.google.com/search?q=site:dw.com+Ukraine+news+after:2022-09-12+before:2022-09-19
2022-09-12,Russia,Europe,31091,https://www.google.com/search?q=site:aljazeera.com+Russia+news+after:2022-09-12+before:2022-09-19
2022-09-12,United Kingdom,Europe,13301,https://www.google.com/search?q=site:reuters.com+United Kingdom+news+after:2022-09-12+before:2022-09-19
2022-09-12,Armenia,Asia,8625,https://www.google.com/search?q=site:dw.com+Armenia+news+after:2022-09-12+before:2022-09-19
2022-09-19,United States,North America,79093,https://www.google.com/search?q=site:bbc.com+United States+news+after:2022-09-19+before:2022-09-26
2022-09-19,Russia,Europe,36452,https://www.google.com/search?q=site:reuters.com+Russia+news+after:2022-09-19+before:2022-09-26
2022-09-19,Ukraine,Europe,25488,https://www.google.com/search?q=site:dw.com+Ukraine+news+after:2022-09-19+before:2022-09-26
2022-09-19,Iran,Asia,20258,https://www.google.com/search?q=site:dw.com+Iran+news+after:2022-09-19+before:2022-09-26
2022-09-19,United Kingdom,Europe,11598,https://www.google.com/search?q=site:reuters.com+United Kingdom+news+after:2022-09-19+before:2022-09-26
2022-09-26,United States,North America,82322,https://www.google.com/search?q=site:aljazeera.com+United States+news+after:2022-09-26+before:2022-10-03
2022-09-26,Russia,Europe,42028,https://www.google.com/search?q=site:pbs.org+Russia+news+after:2022-09-26+before:2022-10-03
2022-09-26,Ukraine,Europe,26201,https://www.google.com/search?q=site:dw.com+Ukraine+news+after:2022-09-26+before:2022-10-03
2022-09-26,Iran,Asia,14075,https://www.google.com/search?q=site:pbs.org+Iran+news+after:2022-09-26+before:2022-10-03
2022-09-26,United Kingdom,Europe,8715,https://www.google.com/search?q=site:apnews.com+United Kingdom+news+after:2022-09-26+before:2022-10-03
2022-10-03,United States,North America,97655,https://www.google.com/search?q=site:aljazeera.com+United States+news+after:2022-10-03+before:2022-10-10
2022-10-03,Russia,Europe,31572,https://www.google.com/search?q=site:pbs.org+Russia+news+after:2022-10-03+before:2022-10-10
2022-10-03,Ukraine,Europe,28878,https://www.google.com/search?q=site:dw.com+Ukraine+news+after:2022-10-03+before:2022-10-10
2022-10-03,Iran,Asia,11907,https://www.google.com/search?q=site:reuters.com+Iran+news+after:2022-10-03+before:2022-10-10
2022-10-03,Israel,Asia,11218,https://www.google.com/search?q=site:pbs.org+Israel+news+after:2022-10-03+before:2022-10-10
2022-10-10,United States,North America,99007,https://www.google.com/search?q=site:reuters.com+United States+news+after:2022-10-10+before:2022-10-17
2022-10-10,Russia,Europe,50238,https://www.google.com/search?q=site:apnews.com+Russia+news+after:2022-10-10+before:2022-10-17
2022-10-10,Ukraine,Europe,42074,https://www.google.com/search?q=site:npr.org+Ukraine+news+after:2022-10-10+before:2022-10-17
2022-10-10,Iran,Asia,15214,https://www.google.com/search?q=site:aljazeera.com+Iran+news+after:2022-10-10+before:2022-10-17
2022-10-10,United Kingdom,Europe,11933,https://www.google.com/search?q=site:aljazeera.com+United Kingdom+news+after:2022-10-10+before:2022-10-17
2022-10-17,United States,North America,94113,https://www.google.com/search?q=site:pbs.org+United States+news+after:2022-10-17+before:2022-10-24
2022-10-17,Russia,Europe,41889,https://www.google.com/search?q=site:apnews.com+Russia+news+after:2022-10-17+before:2022-10-24
2022-10-17,Ukraine,Europe,40802,https://www.google.com/search?q=site:pbs.org+Ukraine+news+after:2022-10-17+before:2022-10-24
2022-10-17,Iran,Asia,12305,https://www.google.com/search?q=site:bbc.com+Iran+news+after:2022-10-17+before:2022-10-24
2022-10-17,United Kingdom,Europe,11253,https://www.google.com/search?q=site:reuters.com+United Kingdom+news+after:2022-10-17+before:2022-10-24
2022-10-24,United States,North America,99791,https://www.google.com/search?q=site:npr.org+United States+news+after:2022-10-24+before:2022-10-31
2022-10-24,Russia,Europe,27074,https://www.google.com/search?q=site:aljazeera.com+Russia+news+after:2022-10-24+before:2022-10-31
2022-10-24,Ukraine,Europe,23358,https://www.google.com/search?q=site:pbs.org+Ukraine+news+after:2022-10-24+before:2022-10-31
2022-10-24,Iran,Asia,12864,https://www.google.com/search?q=site:aljazeera.com+Iran+news+after:2022-10-24+before:2022-10-31
2022-10-24,Israel,Asia,12225,https://www.google.com/search?q=site:aljazeera.com+Israel+news+after:2022-10-24+before:2022-10-31
2022-10-31,United States,North America,84110,https://www.google.com/search?q=site:apnews.com+United States+news+after:2022-10-31+before:2022-11-07
2022-10-31,Russia,Europe,29201,https://www.google.com/search?q=site:aljazeera.com+Russia+news+after:2022-10-31+before:2022-11-07
2022-10-31,Ukraine,Europe,25462,https://www.google.com/search?q=site:apnews.com+Ukraine+news+after:2022-10-31+before:2022-11-07
2022-10-31,United Kingdom,Europe,11358,https://www.google.com/search?q=site:reuters.com+United Kingdom+news+after:2022-10-31+before:2022-11-07
2022-10-31,Israel,Asia,10114,https://www.google.com/search?q=site:dw.com+Israel+news+after:2022-10-31+before:2022-11-07
2022-11-07,United States,North America,63028,https://www.google.com/search?q=site:pbs.org+United States+news+after:2022-11-07+before:2022-11-14
2022-11-07,Russia,Europe,23539,https://www.google.com/search?q=site:npr.org+Russia+news+after:2022-11-07+before:2022-11-14
2022-11-07,Ukraine,Europe,22915,https://www.google.com/search?q=site:dw.com+Ukraine+news+after:2022-11-07+before:2022-11-14
2022-11-07,United Kingdom,Europe,9089,https://www.google.com/search?q=site:reuters.com+United Kingdom+news+after:2022-11-07+before:2022-11-14
2022-11-07,China,Asia,4407,https://www.google.com/search?q=site:dw.com+China+news+after:2022-11-07+before:2022-11-14
2022-11-14,United States,North America,83109,https://www.google.com/search?q=site:aljazeera.com+United States+news+after:2022-11-14+before:2022-11-21
2022-11-14,Russia,Europe,46478,https://www.google.com/search?q=site:apnews.com+Russia+news+after:2022-11-14+before:2022-11-21
2022-11-14,Ukraine,Europe,39577,https://www.google.com/search?q=site:reuters.com+Ukraine+news+after:2022-11-14+before:2022-11-21
2022-11-14,Poland,Europe,12757,https://www.google.com/search?q=site:bbc.com+Poland+news+after:2022-11-14+before:2022-11-21
2022-11-14,Iran,Asia,9200,https://www.google.com/search?q=site:reuters.com+Iran+news+after:2022-11-14+before:2022-11-21
2022-11-21,United States,North America,76888,https://www.google.com/search?q=site:apnews.com+United States+news+after:2022-11-21+before:2022-11-28
2022-11-21,Russia,Europe,28048,https://www.google.com/search?q=site:apnews.com+Russia+news+after:2022-11-21+before:2022-11-28
2022-11-21,Ukraine,Europe,26833,https://www.google.com/search?q=site:pbs.org+Ukraine+news+after:2022-11-21+before:2022-11-28
2022-11-21,China,Asia,8398,https://www.google.com/search?q=site:pbs.org+China+news+after:2022-11-21+before:2022-11-28
2022-11-21,United Kingdom,Europe,7955,https://www.google.com/search?q=site:aljazeera.com+United Kingdom+news+after:2022-11-21+before:2022-11-28
2022-11-28,United States,North America,81724,https://www.google.com/search?q=site:pbs.org+United States+news+after:2022-11-28+before:2022-12-05
2022-11-28,Russia,Europe,24839,https://www.google.com/search?q=site:reuters.com+Russia+news+after:2022-11-28+before:2022-12-05
2022-11-28,Ukraine,Europe,21896,https://www.google.com/search?q=site:apnews.com+Ukraine+news+after:2022-11-28+before:2022-12-05
2022-11-28,China,Asia,13544,https://www.google.com/search?q=site:pbs.org+China+news+after:2022-11-28+before:2022-12-05
2022-11-28,Israel,Asia,10575,https://www.google.com/search?q=site:bbc.com+Israel+news+after:2022-11-28+before:2022-12-05
2022-12-05,United States,North America,96012,https://www.google.com/search?q=site:reuters.com+United States+news+after:2022-12-05+before:2022-12-12
2022-12-05,Russia,Europe,35860,https://www.google.com/search?q=site:apnews.com+Russia+news+after:2022-12-05+before:2022-12-12
2022-12-05,Ukraine,Europe,26725,https://www.google.com/search?q=site:aljazeera.com+Ukraine+news+after:2022-12-05+before:2022-12-12
2022-12-05,United Kingdom,Europe,10329,https://www.google.com/search?q=site:bbc.com+United Kingdom+news+after:2022-12-05+before:2022-12-12
2022-12-05,Israel,Asia,8081,https://www.google.com/search?q=site:pbs.org+Israel+news+after:2022-12-05+before:2022-12-12
2022-12-12,United States,North America,98351,https://www.google.com/search?q=site:aljazeera.com+United States+news+after:2022-12-12+before:2022-12-19
2022-12-12,Russia,Europe,31870,https://www.google.com/search?q=site:pbs.org+Russia+news+after:2022-12-12+before:2022-12-19
2022-12-12,Ukraine,Europe,23876,https://www.google.com/search?q=site:npr.org+Ukraine+news+after:2022-12-12+before:2022-12-19
2022-12-12,United Kingdom,Europe,9754,https://www.google.com/search?q=site:reuters.com+United Kingdom+news+after:2022-12-12+before:2022-12-19
2022-12-12,China,Asia,9190,https://www.google.com/search?q=site:dw.com+China+news+after:2022-12-12+before:2022-12-19
2022-12-19,United States,North America,81589,https://www.google.com/search?q=site:pbs.org+United States+news+after:2022-12-19+before:2022-12-26
2022-12-19,Russia,Europe,29060,https://www.google.com/search?q=site:bbc.com+Russia+news+after:2022-12-19+before:2022-12-26
2022-12-19,Ukraine,Europe,22550,https://www.google.com/search?q=site:bbc.com+Ukraine+news+after:2022-12-19+before:2022-12-26
2022-12-19,France,Europe,11640,https://www.google.com/search?q=site:npr.org+France+news+after:2022-12-19+before:2022-12-26
2022-12-19,Afghanistan,Asia,10939,https://www.google.com/search?q=site:bbc.com+Afghanistan+news+after:2022-12-19+before:2022-12-26
2022-12-26,United States,North America,75005,https://www.google.com/search?q=site:npr.org+United States+news+after:2022-12-26+before:2023-01-02
2022-12-26,Russia,Europe,37400,https://www.google.com/search?q=site:pbs.org+Russia+news+after:2022-12-26+before:2023-01-02
2022-12-26,Ukraine,Europe,33395,https://www.google.com/search?q=site:bbc.com+Ukraine+news+after:2022-12-26+before:2023-01-02
2022-12-26,China,Asia,7251,https://www.google.com/search?q=site:bbc.com+China+news+after:2022-12-26+before:2023-01-02
2022-12-26,United Kingdom,Europe,6782,https://www.google.com/search?q=site:dw.com+United Kingdom+news+after:2022-12-26+before:2023-01-02
2023-01-02,United States,North America,96871,https://www.google.com/search?q=site:bbc.com+United States+news+after:2023-01-02+before:2023-01-09
2023-01-02,Russia,Europe,33381,https://www.google.com/search?q=site:apnews.com+Russia+news+after:2023-01-02+before:2023-01-09
2023-01-02,Ukraine,Europe,30434,https://www.google.com/search?q=site:dw.com+Ukraine+news+after:2023-01-02+before:2023-01-09
2023-01-02,Mexico,North America,12331,https://www.google.com/search?q=site:bbc.com+Mexico+news+after:2023-01-02+before:2023-01-09
2023-01-02,Israel,Asia,11597,https://www.google.com/search?q=site:npr.org+Israel+news+after:2023-01-02+before:2023-01-09
2023-01-09,United States,North America,93619,https://www.google.com/search?q=site:pbs.org+United States+news+after:2023-01-09+before:2023-01-16
2023-01-09,Ukraine,Europe,38624,https://www.google.com/search?q=site:apnews.com+Ukraine+news+after:2023-01-09+before:2023-01-16
2023-01-09,Russia,Europe,35829,https://www.google.com/search?q=site:apnews.com+Russia+news+after:2023-01-09+before:2023-01-16
2023-01-09,United Kingdom,Europe,17957,https://www.google.com/search?q=site:apnews.com+United Kingdom+news+after:2023-01-09+before:2023-01-16
2023-01-09,Brazil,South America,10837,https://www.google.com/search?q=site:npr.org+Brazil+news+after:2023-01-09+before:2023-01-16
2023-01-16,United States,North America,117236,https://www.google.com/search?q=site:npr.org+United States+news+after:2023-01-16+before:2023-01-23
2023-01-16,Ukraine,Europe,31738,https://www.google.com/search?q=site:npr.org+Ukraine+news+after:2023-01-16+before:2023-01-23
2023-01-16,Russia,Europe,30908,https://www.google.com/search?q=site:reuters.com+Russia+news+after:2023-01-16+before:2023-01-23
2023-01-16,United Kingdom,Europe,14086,https://www.google.com/search?q=site:reuters.com+United Kingdom+news+after:2023-01-16+before:2023-01-23
2023-01-16,Peru,South America,10018,https://www.google.com/search?q=site:pbs.org+Peru+news+after:2023-01-16+before:2023-01-23
2023-01-23,United States,North America,143189,https://www.google.com/search?q=site:bbc.com+United States+news+after:2023-01-23+before:2023-01-30
2023-01-23,Israel,Asia,58627,https://www.google.com/search?q=site:reuters.com+Israel+news+after:2023-01-23+before:2023-01-30
2023-01-23,Ukraine,Europe,31171,https://www.google.com/search?q=site:pbs.org+Ukraine+news+after:2023-01-23+before:2023-01-30
2023-01-23,Russia,Europe,30878,https://www.google.com/search?q=site:aljazeera.com+Russia+news+after:2023-01-23+before:2023-01-30
2023-01-23,United Kingdom,Europe,14157,https://www.google.com/search?q=site:reuters.com+United Kingdom+news+after:2023-01-23+before:2023-01-30
2023-01-30,United States,North America,109523,https://www.google.com/search?q=site:bbc.com+United States+news+after:2023-01-30+before:2023-02-06
2023-01-30,Russia,Europe,32768,https://www.google.com/search?q=site:pbs.org+Russia+news+after:2023-01-30+before:2023-02-06
2023-01-30,Ukraine,Europe,28075,https://www.google.com/search?q=site:reuters.com+Ukraine+news+after:2023-01-30+before:2023-02-06
2023-01-30,Israel,Asia,21806,https://www.google.com/search?q=site:pbs.org+Israel+news+after:2023-01-30+before:2023-02-06
2023-01-30,Pakistan,Asia,15852,https://www.google.com/search?q=site:npr.org+Pakistan+news+after:2023-01-30+before:2023-02-06
2023-02-06,United States,North America,95734,https://www.google.com/search?q=site:dw.com+United States+news+after:2023-02-06+before:2023-02-13
2023-02-06,Russia,Europe,32404,https://www.google.com/search?q=site:reuters.com+Russia+news+after:2023-02-06+before:2023-02-13
2023-02-06,Ukraine,Europe,28649,https://www.google.com/search?q=site:bbc.com+Ukraine+news+after:2023-02-06+before:2023-02-13
2023-02-06,Israel,Asia,17408,https://www.google.com/search?q=site:pbs.org+Israel+news+after:2023-02-06+before:2023-02-13
2023-02-06,United Kingdom,Europe,14344,https://www.google.com/search?q=site:pbs.org+United Kingdom+news+after:2023-02-06+before:2023-02-13
2023-02-13,United States,North America,109768,https://www.google.com/search?q=site:dw.com+United States+news+after:2023-02-13+before:2023-02-20
2023-02-13,Russia,Europe,33391,https://www.google.com/search?q=site:bbc.com+Russia+news+after:2023-02-13+before:2023-02-20
2023-02-13,Ukraine,Europe,27406,https://www.google.com/search?q=site:npr.org+Ukraine+news+after:2023-02-13+before:2023-02-20
2023-02-13,United Kingdom,Europe,13132,https://www.google.com/search?q=site:bbc.com+United Kingdom+news+after:2023-02-13+before:2023-02-20
2023-02-13,China,Asia,9483,https://www.google.com/search?q=site:pbs.org+China+news+after:2023-02-13+before:2023-02-20
2023-02-20,United States,North America,102950,https://www.google.com/search?q=site:bbc.com+United States+news+after:2023-02-20+before:2023-02-27
2023-02-20,Russia,Europe,38143,https://www.google.com/search?q=site:aljazeera.com+Russia+news+after:2023-02-20+before:2023-02-27
2023-02-20,Ukraine,Europe,34293,https://www.google.com/search?q=site:npr.org+Ukraine+news+after:2023-02-20+before:2023-02-27
2023-02-20,Israel,Asia,30594,https://www.google.com/search?q=site:aljazeera.com+Israel+news+after:2023-02-20+before:2023-02-27
2023-02-20,United Kingdom,Europe,10660,https://www.google.com/search?q=site:pbs.org+United Kingdom+news+after:2023-02-20+before:2023-02-27
2023-02-27,United States,North America,104036,https://www.google.com/search?q=site:dw.com+United States+news+after:2023-02-27+before:2023-03-06
2023-02-27,Russia,Europe,32856,https://www.google.com/search?q=site:aljazeera.com+Russia+news+after:2023-02-27+before:2023-03-06
2023-02-27,Ukraine,Europe,28316,https://www.google.com/search?q=site:aljazeera.com+Ukraine+news+after:2023-02-27+before:2023-03-06
2023-02-27,Israel,Asia,23584,https://www.google.com/search?q=site:aljazeera.com+Israel+news+after:2023-02-27+before:2023-03-06
2023-02-27,United Kingdom,Europe,12100,https://www.google.com/search?q=site:apnews.com+United Kingdom+news+after:2023-02-27+before:2023-03-06
2023-03-06,United States,North America,94437,https://www.google.com/search?q=site:apnews.com+United States+news+after:2023-03-06+before:2023-03-13
2023-03-06,Ukraine,Europe,35730,https://www.google.com/search?q=site:bbc.com+Ukraine+news+after:2023-03-06+before:2023-03-13
2023-03-06,Russia,Europe,34241,https://www.google.com/search?q=site:pbs.org+Russia+news+after:2023-03-06+before:2023-03-13
2023-03-06,Israel,Asia,21178,https://www.google.com/search?q=site:dw.com+Israel+news+after:2023-03-06+before:2023-03-13
2023-03-06,Mexico,North America,16731,https://www.google.com/search?q=site:pbs.org+Mexico+news+after:2023-03-06+before:2023-03-13
2023-03-13,United States,North America,81303,https://www.google.com/search?q=site:reuters.com+United States+news+after:2023-03-13+before:2023-03-20
2023-03-13,Russia,Europe,37098,https://www.google.com/search?q=site:dw.com+Russia+news+after:2023-03-13+before:2023-03-20
2023-03-13,Ukraine,Europe,30016,https://www.google.com/search?q=site:apnews.com+Ukraine+news+after:2023-03-13+before:2023-03-20
2023-03-13,Israel,Asia,12856,https://www.google.com/search?q=site:dw.com+Israel+news+after:2023-03-13+before:2023-03-20
2023-03-13,Pakistan,Asia,11173,https://www.google.com/search?q=site:pbs.org+Pakistan+news+after:2023-03-13+before:2023-03-20
2023-03-20,United States,North America,72949,https://www.google.com/search?q=site:reuters.com+United States+news+after:2023-03-20+before:2023-03-27
2023-03-20,Russia,Europe,21879,https://www.google.com/search?q=site:dw.com+Russia+news+after:2023-03-20+before:2023-03-27
2023-03-20,Ukraine,Europe,14777,https://www.google.com/search?q=site:reuters.com+Ukraine+news+after:2023-03-20+before:2023-03-27
2023-03-20,Israel,Asia,8557,https://www.google.com/search?q=site:bbc.com+Israel+news+after:2023-03-20+before:2023-03-27
2023-03-20,United Kingdom,Europe,7857,https://www.google.com/search?q=site:apnews.com+United Kingdom+news+after:2023-03-20+before:2023-03-27
2023-03-27,United States,North America,246329,https://www.google.com/search?q=site:bbc.com+United States+news+after:2023-03-27+before:2023-04-03
2023-03-27,Russia,Europe,62603,https://www.google.com/search?q=site:apnews.com+Russia+news+after:2023-03-27+before:2023-04-03
2023-03-27,Ukraine,Europe,36283,https://www.google.com/search?q=site:dw.com+Ukraine+news+after:2023-03-27+before:2023-04-03
2023-03-27,United Kingdom,Europe,18551,https://www.google.com/search?q=site:bbc.com+United Kingdom+news+after:2023-03-27+before:2023-04-03
2023-03-27,Israel,Asia,17314,https://www.google.com/search?q=site:reuters.com+Israel+news+after:2023-03-27+before:2023-04-03
2023-04-03,United States,North America,188366,https://www.google.com/search?q=site:reuters.com+United States+news+after:2023-04-03+before:2023-04-10
2023-04-03,Israel,Asia,119659,https://www.google.com/search?q=site:dw.com+Israel+news+after:2023-04-03+before:2023-04-10
2023-04-03,Russia,Europe,52094,https://www.google.com/search?q=site:reuters.com+Russia+news+after:2023-04-03+before:2023-04-10
2023-04-03,Ukraine,Europe,36512,https://www.google.com/search?q=site:reuters.com+Ukraine+news+after:2023-04-03+before:2023-04-10
2023-04-03,United Kingdom,Europe,22340,https://www.google.com/search?q=site:reuters.com+United Kingdom+news+after:2023-04-03+before:2023-04-10
2023-04-10,United States,North America,192064,https://www.google.com/search?q=site:dw.com+United States+news+after:2023-04-10+before:2023-04-17
2023-04-10,Russia,Europe,41373,https://www.google.com/search?q=site:reuters.com+Russia+news+after:2023-04-10+before:2023-04-17
2023-04-10,Ukraine,Europe,29383,https://www.google.com/search?q=site:pbs.org+Ukraine+news+after:2023-04-10+before:2023-04-17
2023-04-10,Israel,Asia,28109,https://www.google.com/search?q=site:dw.com+Israel+news+after:2023-04-10+before:2023-04-17
2023-04-10,Sudan,Africa,21645,https://www.google.com/search?q=site:npr.org+Sudan+news+after:2023-04-10+before:2023-04-17
2023-04-17,United States,North America,185794,https://www.google.com/search?q=site:bbc.com+United States+news+after:2023-04-17+before:2023-04-24
2023-04-17,Sudan,Africa,51948,https://www.google.com/search?q=site:apnews.com+Sudan+news+after:2023-04-17+before:2023-04-24
2023-04-17,Russia,Europe,40098,https://www.google.com/search?q=site:apnews.com+Russia+news+after:2023-04-17+before:2023-04-24
2023-04-17,Ukraine,Europe,29391,https://www.google.com/search?q=site:npr.org+Ukraine+news+after:2023-04-17+before:2023-04-24
2023-04-17,United Kingdom,Europe,20122,https://www.google.com/search?q=site:dw.com+United Kingdom+news+after:2023-04-17+before:2023-04-24
2023-04-24,United States,North America,160822,https://www.google.com/search?q=site:npr.org+United States+news+after:2023-04-24+before:2023-05-01
2023-04-24,Sudan,Africa,53957,https://www.google.com/search?q=site:bbc.com+Sudan+news+after:2023-04-24+before:2023-05-01
2023-04-24,Russia,Europe,43108,https://www.google.com/search?q=site:reuters.com+Russia+news+after:2023-04-24+before:2023-05-01
2023-04-24,Ukraine,Europe,38924,https://www.google.com/search?q=site:bbc.com+Ukraine+news+after:2023-04-24+before:2023-05-01
2023-04-24,United Kingdom,Europe,21533,https://www.google.com/search?q=site:apnews.com+United Kingdom+news+after:2023-04-24+before:2023-05-01
2023-05-01,United States,North America,173852,https://www.google.com/search?q=site:reuters.com+United States+news+after:2023-05-01+before:2023-05-08
2023-05-01,Russia,Europe,53924,https://www.google.com/search?q=site:dw.com+Russia+news+after:2023-05-01+before:2023-05-08
2023-05-01,Ukraine,Europe,48461,https://www.google.com/search?q=site:apnews.com+Ukraine+news+after:2023-05-01+before:2023-05-08
2023-05-01,United Kingdom,Europe,27257,https://www.google.com/search?q=site:reuters.com+United Kingdom+news+after:2023-05-01+before:2023-05-08
2023-05-01,Israel,Asia,25748,https://www.google.com/search?q=site:dw.com+Israel+news+after:2023-05-01+before:2023-05-08
2023-05-08,United States,North America,181465,https://www.google.com/search?q=site:reuters.com+United States+news+after:2023-05-08+before:2023-05-15
2023-05-08,Israel,Asia,105961,https://www.google.com/search?q=site:apnews.com+Israel+news+after:2023-05-08+before:2023-05-15
2023-05-08,Russia,Europe,45246,https://www.google.com/search?q=site:reuters.com+Russia+news+after:2023-05-08+before:2023-05-15
2023-05-08,Ukraine,Europe,40651,https://www.google.com/search?q=site:dw.com+Ukraine+news+after:2023-05-08+before:2023-05-15
2023-05-08,Pakistan,Asia,26012,https://www.google.com/search?q=site:pbs.org+Pakistan+news+after:2023-05-08+before:2023-05-15
2023-05-15,United States,North America,156623,https://www.google.com/search?q=site:reuters.com+United States+news+after:2023-05-15+before:2023-05-22
2023-05-15,Russia,Europe,52933,https://www.google.com/search?q=site:aljazeera.com+Russia+news+after:2023-05-15+before:2023-05-22
2023-05-15,Ukraine,Europe,48961,https://www.google.com/search?q=site:dw.com+Ukraine+news+after:2023-05-15+before:2023-05-22
2023-05-15,United Kingdom,Europe,18135,https://www.google.com/search?q=site:reuters.com+United Kingdom+news+after:2023-05-15+before:2023-05-22
2023-05-15,Israel,Asia,16119,https://www.google.com/search?q=site:reuters.com+Israel+news+after:2023-05-15+before:2023-05-22
2023-05-22,United States,North America,161170,https://www.google.com/search?q=site:reuters.com+United States+news+after:2023-05-22+before:2023-05-29
2023-05-22,Russia,Europe,49503,https://www.google.com/search?q=site:reuters.com+Russia+news+after:2023-05-22+before:2023-05-29
2023-05-22,Ukraine,Europe,39045,https://www.google.com/search?q=site:bbc.com+Ukraine+news+after:2023-05-22+before:2023-05-29
2023-05-22,United Kingdom,Europe,16882,https://www.google.com/search?q=site:dw.com+United Kingdom+news+after:2023-05-22+before:2023-05-29
2023-05-22,Australia,Oceania,16615,https://www.google.com/search?q=site:bbc.com+Australia+news+after:2023-05-22+before:2023-05-29
2023-05-29,United States,North America,139684,https://www.google.com/search?q=site:pbs.org+United States+news+after:2023-05-29+before:2023-06-05
2023-05-29,Russia,Europe,55673,https://www.google.com/search?q=site:dw.com+Russia+news+after:2023-05-29+before:2023-06-05
2023-05-29,Ukraine,Europe,48912,https://www.google.com/search?q=site:dw.com+Ukraine+news+after:2023-05-29+before:2023-06-05
2023-05-29,Serbia,Europe,14789,https://www.google.com/search?q=site:bbc.com+Serbia+news+after:2023-05-29+before:2023-06-05
2023-05-29,Israel,Asia,14358,https://www.google.com/search?q=site:reuters.com+Israel+news+after:2023-05-29+before:2023-06-05
2023-06-05,United States,North America,144996,https://www.google.com/search?q=site:npr.org+United States+news+after:2023-06-05+before:2023-06-12
2023-06-05,Ukraine,Europe,49238,https://www.google.com/search?q=site:npr.org+Ukraine+news+after:2023-06-05+before:2023-06-12
2023-06-05,Russia,Europe,42046,https://www.google.com/search?q=site:bbc.com+Russia+news+after:2023-06-05+before:2023-06-12
2023-06-05,United Kingdom,Europe,23100,https://www.google.com/search?q=site:reuters.com+United Kingdom+news+after:2023-06-05+before:2023-06-12
2023-06-05,Canada,North America,12338,https://www.google.com/search?q=site:dw.com+Canada+news+after:2023-06-05+before:2023-06-12
2023-06-12,United States,North America,139618,https://www.google.com/search?q=site:pbs.org+United States+news+after:2023-06-12+before:2023-06-19
2023-06-12,Ukraine,Europe,41344,https://www.google.com/search?q=site:pbs.org+Ukraine+news+after:2023-06-12+before:2023-06-19
2023-06-12,Russia,Europe,38383,https://www.google.com/search?q=site:reuters.com+Russia+news+after:2023-06-12+before:2023-06-19
2023-06-12,United Kingdom,Europe,21343,https://www.google.com/search?q=site:pbs.org+United Kingdom+news+after:2023-06-12+before:2023-06-19
2023-06-12,Australia,Oceania,13143,https://www.google.com/search?q=site:reuters.com+Australia+news+after:2023-06-12+before:2023-06-19
2023-06-19,United States,North America,123861,https://www.google.com/search?q=site:dw.com+United States+news+after:2023-06-19+before:2023-06-26
2023-06-19,Russia,Europe,71681,https://www.google.com/search?q=site:pbs.org+Russia+news+after:2023-06-19+before:2023-06-26
2023-06-19,Israel,Asia,45929,https://www.google.com/search?q=site:dw.com+Israel+news+after:2023-06-19+before:2023-06-26
2023-06-19,Ukraine,Europe,39761,https://www.google.com/search?q=site:reuters.com+Ukraine+news+after:2023-06-19+before:2023-06-26
2023-06-19,United Kingdom,Europe,18260,https://www.google.com/search?q=site:npr.org+United Kingdom+news+after:2023-06-19+before:2023-06-26
2023-06-26,United States,North America,126237,https://www.google.com/search?q=site:apnews.com+United States+news+after:2023-06-26+before:2023-07-03
2023-06-26,Russia,Europe,50245,https://www.google.com/search?q=site:bbc.com+Russia+news+after:2023-06-26+before:2023-07-03
2023-06-26,France,Europe,34240,https://www.google.com/search?q=site:apnews.com+France+news+after:2023-06-26+before:2023-07-03
2023-06-26,Ukraine,Europe,33670,https://www.google.com/search?q=site:dw.com+Ukraine+news+after:2023-06-26+before:2023-07-03
2023-06-26,United Kingdom,Europe,20912,https://www.google.com/search?q=site:dw.com+United Kingdom+news+after:2023-06-26+before:2023-07-03
2023-07-03,United States,North America,116471,https://www.google.com/search?q=site:bbc.com+United States+news+after:2023-07-03+before:2023-07-10
2023-07-03,Israel,Asia,56254,https://www.google.com/search?q=site:reuters.com+Israel+news+after:2023-07-03+before:2023-07-10
2023-07-03,Russia,Europe,36282,https://www.google.com/search?q=site:bbc.com+Russia+news+after:2023-07-03+before:2023-07-10
2023-07-03,Ukraine,Europe,30200,https://www.google.com/search?q=site:aljazeera.com+Ukraine+news+after:2023-07-03+before:2023-07-10
2023-07-03,United Kingdom,Europe,16396,https://www.google.com/search?q=site:pbs.org+United Kingdom+news+after:2023-07-03+before:2023-07-10
2023-07-10,United States,North America,135965,https://www.google.com/search?q=site:dw.com+United States+news+after:2023-07-10+before:2023-07-17
2023-07-10,Russia,Europe,42002,https://www.google.com/search?q=site:npr.org+Russia+news+after:2023-07-10+before:2023-07-17
2023-07-10,Ukraine,Europe,36424,https://www.google.com/search?q=site:reuters.com+Ukraine+news+after:2023-07-10+before:2023-07-17
2023-07-10,United Kingdom,Europe,15296,https://www.google.com/search?q=site:bbc.com+United Kingdom+news+after:2023-07-10+before:2023-07-17
2023-07-10,Israel,Asia,13155,https://www.google.com/search?q=site:reuters.com+Israel+news+after:2023-07-10+before:2023-07-17
2023-07-17,United States,North America,136079,https://www.google.com/search?q=site:reuters.com+United States+news+after:2023-07-17+before:2023-07-24
2023-07-17,Russia,Europe,43395,https://www.google.com/search?q=site:aljazeera.com+Russia+news+after:2023-07-17+before:2023-07-24
2023-07-17,Ukraine,Europe,40542,https://www.google.com/search?q=site:reuters.com+Ukraine+news+after:2023-07-17+before:2023-07-24
2023-07-17,United Kingdom,Europe,15216,https://www.google.com/search?q=site:aljazeera.com+United Kingdom+news+after:2023-07-17+before:2023-07-24
2023-07-17,North Korea,Asia,13328,https://www.google.com/search?q=site:npr.org+North Korea+news+after:2023-07-17+before:2023-07-24
2023-07-24,United States,North America,117422,https://www.google.com/search?q=site:reuters.com+United States+news+after:2023-07-24+before:2023-07-31
2023-07-24,Russia,Europe,42036,https://www.google.com/search?q=site:pbs.org+Russia+news+after:2023-07-24+before:2023-07-31
2023-07-24,Ukraine,Europe,38410,https://www.google.com/search?q=site:dw.com+Ukraine+news+after:2023-07-24+before:2023-07-31
2023-07-24,United Kingdom,Europe,22235,https://www.google.com/search?q=site:pbs.org+United Kingdom+news+after:2023-07-24+before:2023-07-31
2023-07-24,Israel,Asia,12975,https://www.google.com/search?q=site:reuters.com+Israel+news+after:2023-07-24+before:2023-07-31
2023-07-31,United States,North America,160656,https://www.google.com/search?q=site:bbc.com+United States+news+after:2023-07-31+before:2023-08-07
2023-07-31,Russia,Europe,49810,https://www.google.com/search?q=site:apnews.com+Russia+news+after:2023-07-31+before:2023-08-07
2023-07-31,Ukraine,Europe,38597,https://www.google.com/search?q=site:bbc.com+Ukraine+news+after:2023-07-31+before:2023-08-07
2023-07-31,Israel,Asia,16634,https://www.google.com/search?q=site:aljazeera.com+Israel+news+after:2023-07-31+before:2023-08-07
2023-07-31,United Kingdom,Europe,14591,https://www.google.com/search?q=site:pbs.org+United Kingdom+news+after:2023-07-31+before:2023-08-07
2023-08-07,United States,North America,137735,https://www.google.com/search?q=site:pbs.org+United States+news+after:2023-08-07+before:2023-08-14
2023-08-07,Russia,Europe,36784,https://www.google.com/search?q=site:pbs.org+Russia+news+after:2023-08-07+before:2023-08-14
2023-08-07,Ukraine,Europe,34160,https://www.google.com/search?q=site:npr.org+Ukraine+news+after:2023-08-07+before:2023-08-14
2023-08-07,Ecuador,South America,14627,https://www.google.com/search?q=site:reuters.com+Ecuador+news+after:2023-08-07+before:2023-08-14
2023-08-07,United Kingdom,Europe,13597,https://www.google.com/search?q=site:bbc.com+United Kingdom+news+after:2023-08-07+before:2023-08-14
2023-08-14,United States,North America,154421,https://www.google.com/search?q=site:bbc.com+United States+news+after:2023-08-14+before:2023-08-21
2023-08-14,Russia,Europe,39788,https://www.google.com/search?q=site:apnews.com+Russia+news+after:2023-08-14+before:2023-08-21
2023-08-14,Ukraine,Europe,30919,https://www.google.com/search?q=site:bbc.com+Ukraine+news+after:2023-08-14+before:2023-08-21
2023-08-14,United Kingdom,Europe,19747,https://www.google.com/search?q=site:reuters.com+United Kingdom+news+after:2023-08-14+before:2023-08-21
2023-08-14,Canada,North America,14335,https://www.google.com/search?q=site:aljazeera.com+Canada+news+after:2023-08-14+before:2023-08-21
2023-08-21,United States,North America,167303,https://www.google.com/search?q=site:bbc.com+United States+news+after:2023-08-21+before:2023-08-28
2023-08-21,Russia,Europe,45819,https://www.google.com/search?q=site:npr.org+Russia+news+after:2023-08-21+before:2023-08-28
2023-08-21,Ukraine,Europe,35601,https://www.google.com/search?q=site:apnews.com+Ukraine+news+after:2023-08-21+before:2023-08-28
2023-08-21,United Kingdom,Europe,23207,https://www.google.com/search?q=site:dw.com+United Kingdom+news+after:2023-08-21+before:2023-08-28
2023-08-21,Greece,Europe,16120,https://www.google.com/search?q=site:aljazeera.com+Greece+news+after:2023-08-21+before:2023-08-28
2023-08-28,United States,North America,132096,https://www.google.com/search?q=site:aljazeera.com+United States+news+after:2023-08-28+before:2023-09-04
2023-08-28,Russia,Europe,36147,https://www.google.com/search?q=site:bbc.com+Russia+news+after:2023-08-28+before:2023-09-04
2023-08-28,Ukraine,Europe,31582,https://www.google.com/search?q=site:apnews.com+Ukraine+news+after:2023-08-28+before:2023-09-04
2023-08-28,United Kingdom,Europe,12974,https://www.google.com/search?q=site:pbs.org+United Kingdom+news+after:2023-08-28+before:2023-09-04
2023-08-28,Israel,Asia,12689,https://www.google.com/search?q=site:pbs.org+Israel+news+after:2023-08-28+before:2023-09-04
2023-09-04,United States,North America,111056,https://www.google.com/search?q=site:reuters.com+United States+news+after:2023-09-04+before:2023-09-11
2023-09-04,Russia,Europe,36942,https://www.google.com/search?q=site:aljazeera.com+Russia+news+after:2023-09-04+before:2023-09-11
2023-09-04,Ukraine,Europe,34931,https://www.google.com/search?q=site:reuters.com+Ukraine+news+after:2023-09-04+before:2023-09-11
2023-09-04,United Kingdom,Europe,17820,https://www.google.com/search?q=site:reuters.com+United Kingdom+news+after:2023-09-04+before:2023-09-11
2023-09-04,Australia,Oceania,13927,https://www.google.com/search?q=site:pbs.org+Australia+news+after:2023-09-04+before:2023-09-11
2023-09-11,United States,North America,122305,https://www.google.com/search?q=site:reuters.com+United States+news+after:2023-09-11+before:2023-09-18
2023-09-11,Russia,Europe,30534,https://www.google.com/search?q=site:reuters.com+Russia+news+after:2023-09-11+before:2023-09-18
2023-09-11,Ukraine,Europe,30299,https://www.google.com/search?q=site:npr.org+Ukraine+news+after:2023-09-11+before:2023-09-18
2023-09-11,United Kingdom,Europe,17578,https://www.google.com/search?q=site:aljazeera.com+United Kingdom+news+after:2023-09-11+before:2023-09-18
2023-09-11,Australia,Oceania,10406,https://www.google.com/search?q=site:reuters.com+Australia+news+after:2023-09-11+before:2023-09-18
2023-09-18,United States,North America,124350,https://www.google.com/search?q=site:apnews.com+United States+news+after:2023-09-18+before:2023-09-25
2023-09-18,Russia,Europe,36303,https://www.google.com/search?q=site:reuters.com+Russia+news+after:2023-09-18+before:2023-09-25
2023-09-18,Ukraine,Europe,35342,https://www.google.com/search?q=site:bbc.com+Ukraine+news+after:2023-09-18+before:2023-09-25
2023-09-18,Canada,North America,23352,https://www.google.com/search?q=site:pbs.org+Canada+news+after:2023-09-18+before:2023-09-25
2023-09-18,India,Asia,23313,https://www.google.com/search?q=site:pbs.org+India+news+after:2023-09-18+before:2023-09-25
2023-09-25,United States,North America,132873,https://www.google.com/search?q=site:pbs.org+United States+news+after:2023-09-25+before:2023-10-02
2023-09-25,Ukraine,Europe,30039,https://www.google.com/search?q=site:npr.org+Ukraine+news+after:2023-09-25+before:2023-10-02
2023-09-25,Russia,Europe,27074,https://www.google.com/search?q=site:aljazeera.com+Russia+news+after:2023-09-25+before:2023-10-02
2023-09-25,United Kingdom,Europe,21056,https://www.google.com/search?q=site:apnews.com+United Kingdom+news+after:2023-09-25+before:2023-10-02
2023-09-25,India,Asia,12515,https://www.google.com/search?q=site:aljazeera.com+India+news+after:2023-09-25+before:2023-10-02
2023-10-02,Israel,Asia,157747,https://www.google.com/search?q=site:npr.org+Israel+news+after:2023-10-02+before:2023-10-09
2023-10-02,United States,North America,120312,https://www.google.com/search?q=site:reuters.com+United States+news+after:2023-10-02+before:2023-10-09
2023-10-02,Ukraine,Europe,30967,https://www.google.com/search?q=site:reuters.com+Ukraine+news+after:2023-10-02+before:2023-10-09
2023-10-02,Russia,Europe,29938,https://www.google.com/search?q=site:reuters.com+Russia+news+after:2023-10-02+before:2023-10-09
2023-10-02,United Kingdom,Europe,22180,https://www.google.com/search?q=site:pbs.org+United Kingdom+news+after:2023-10-02+before:2023-10-09
2023-10-09,Israel,Asia,522467,https://www.google.com/search?q=site:pbs.org+Israel+news+after:2023-10-09+before:2023-10-16
2023-10-09,United States,North America,118980,https://www.google.com/search?q=site:pbs.org+United States+news+after:2023-10-09+before:2023-10-16
2023-10-09,Palestine,Asia,29029,https://www.google.com/search?q=site:bbc.com+Palestine+news+after:2023-10-09+before:2023-10-16
2023-10-09,Russia,Europe,22301,https://www.google.com/search?q=site:dw.com+Russia+news+after:2023-10-09+before:2023-10-16
2023-10-09,United Kingdom,Europe,21572,https://www.google.com/search?q=site:bbc.com+United Kingdom+news+after:2023-10-09+before:2023-10-16
2023-10-16,Israel,Asia,360144,https://www.google.com/search?q=site:reuters.com+Israel+news+after:2023-10-16+before:2023-10-23
2023-10-16,United States,North America,132707,https://www.google.com/search?q=site:reuters.com+United States+news+after:2023-10-16+before:2023-10-23
2023-10-16,Russia,Europe,26038,https://www.google.com/search?q=site:npr.org+Russia+news+after:2023-10-16+before:2023-10-23
2023-10-16,Palestine,Asia,23251,https://www.google.com/search?q=site:apnews.com+Palestine+news+after:2023-10-16+before:2023-10-23
2023-10-16,Ukraine,Europe,21534,https://www.google.com/search?q=site:reuters.com+Ukraine+news+after:2023-10-16+before:2023-10-23
2023-10-23,Israel,Asia,275013,https://www.google.com/search?q=site:dw.com+Israel+news+after:2023-10-23+before:2023-10-30
2023-10-23,United States,North America,148089,https://www.google.com/search?q=site:reuters.com+United States+news+after:2023-10-23+before:2023-10-30
2023-10-23,Russia,Europe,21384,https://www.google.com/search?q=site:apnews.com+Russia+news+after:2023-10-23+before:2023-10-30
2023-10-23,Palestine,Asia,21042,https://www.google.com/search?q=site:aljazeera.com+Palestine+news+after:2023-10-23+before:2023-10-30
2023-10-23,United Kingdom,Europe,18262,https://www.google.com/search?q=site:aljazeera.com+United Kingdom+news+after:2023-10-23+before:2023-10-30
2023-10-30,Israel,Asia,287121,https://www.google.com/search?q=site:bbc.com+Israel+news+after:2023-10-30+before:2023-11-06
2023-10-30,United States,North America,124895,https://www.google.com/search?q=site:pbs.org+United States+news+after:2023-10-30+before:2023-11-06
2023-10-30,Palestine,Asia,24602,https://www.google.com/search?q=site:pbs.org+Palestine+news+after:2023-10-30+before:2023-11-06
2023-10-30,Russia,Europe,23177,https://www.google.com/search?q=site:reuters.com+Russia+news+after:2023-10-30+before:2023-11-06
2023-10-30,United Kingdom,Europe,22863,https://www.google.com/search?q=site:reuters.com+United Kingdom+news+after:2023-10-30+before:2023-11-06
2023-11-06,Israel,Asia,238987,https://www.google.com/search?q=site:dw.com+Israel+news+after:2023-11-06+before:2023-11-13
2023-11-06,United States,North America,127120,https://www.google.com/search?q=site:bbc.com+United States+news+after:2023-11-06+before:2023-11-13
2023-11-06,Ukraine,Europe,23619,https://www.google.com/search?q=site:reuters.com+Ukraine+news+after:2023-11-06+before:2023-11-13
2023-11-06,Russia,Europe,22328,https://www.google.com/search?q=site:dw.com+Russia+news+after:2023-11-06+before:2023-11-13
2023-11-06,United Kingdom,Europe,19266,https://www.google.com/search?q=site:bbc.com+United Kingdom+news+after:2023-11-06+before:2023-11-13
2023-11-13,Israel,Asia,178070,https://www.google.com/search?q=site:dw.com+Israel+news+after:2023-11-13+before:2023-11-20
2023-11-13,United States,North America,126159,https://www.google.com/search?q=site:bbc.com+United States+news+after:2023-11-13+before:2023-11-20
2023-11-13,Russia,Europe,21548,https://www.google.com/search?q=site:reuters.com+Russia+news+after:2023-11-13+before:2023-11-20
2023-11-13,Ukraine,Europe,20089,https://www.google.com/search?q=site:dw.com+Ukraine+news+after:2023-11-13+before:2023-11-20
2023-11-13,United Kingdom,Europe,17850,https://www.google.com/search?q=site:reuters.com+United Kingdom+news+after:2023-11-13+before:2023-11-20
2023-11-20,Israel,Asia,191002,https://www.google.com/search?q=site:bbc.com+Israel+news+after:2023-11-20+before:2023-11-27
2023-11-20,United States,North America,93454,https://www.google.com/search?q=site:npr.org+United States+news+after:2023-11-20+before:2023-11-27
2023-11-20,Ukraine,Europe,23680,https://www.google.com/search?q=site:npr.org+Ukraine+news+after:2023-11-20+before:2023-11-27
2023-11-20,Russia,Europe,21910,https://www.google.com/search?q=site:npr.org+Russia+news+after:2023-11-20+before:2023-11-27
2023-11-20,Australia,Oceania,13162,https://www.google.com/search?q=site:reuters.com+Australia+news+after:2023-11-20+before:2023-11-27
2023-11-27,Israel,Asia,168482,https://www.google.com/search?q=site:pbs.org+Israel+news+after:2023-11-27+before:2023-12-04
2023-11-27,United States,North America,129686,https://www.google.com/search?q=site:reuters.com+United States+news+after:2023-11-27+before:2023-12-04
2023-11-27,Russia,Europe,25482,https://www.google.com/search?q=site:npr.org+Russia+news+after:2023-11-27+before:2023-12-04
2023-11-27,Ukraine,Europe,19700,https://www.google.com/search?q=site:aljazeera.com+Ukraine+news+after:2023-11-27+before:2023-12-04
2023-11-27,United Kingdom,Europe,17716,https://www.google.com/search?q=site:npr.org+United Kingdom+news+after:2023-11-27+before:2023-12-04
2023-12-04,Israel,Asia,143924,https://www.google.com/search?q=site:npr.org+Israel+news+after:2023-12-04+before:2023-12-11
2023-12-04,United States,North America,140645,https://www.google.com/search?q=site:reuters.com+United States+news+after:2023-12-04+before:2023-12-11
2023-12-04,Russia,Europe,22726,https://www.google.com/search?q=site:aljazeera.com+Russia+news+after:2023-12-04+before:2023-12-11
2023-12-04,Ukraine,Europe,20035,https://www.google.com/search?q=site:dw.com+Ukraine+news+after:2023-12-04+before:2023-12-11
2023-12-04,Palestine,Asia,14958,https://www.google.com/search?q=site:apnews.com+Palestine+news+after:2023-12-04+before:2023-12-11
2023-12-11,Israel,Asia,131626,https://www.google.com/search?q=site:bbc.com+Israel+news+after:2023-12-11+before:2023-12-18
2023-12-11,United States,North America,115144,https://www.google.com/search?q=site:apnews.com+United States+news+after:2023-12-11+before:2023-12-18
2023-12-11,Russia,Europe,23813,https://www.google.com/search?q=site:npr.org+Russia+news+after:2023-12-11+before:2023-12-18
2023-12-11,Ukraine,Europe,22639,https://www.google.com/search?q=site:reuters.com+Ukraine+news+after:2023-12-11+before:2023-12-18
2023-12-11,United Kingdom,Europe,18649,https://www.google.com/search?q=site:bbc.com+United Kingdom+news+after:2023-12-11+before:2023-12-18
2023-12-18,United States,North America,125435,https://www.google.com/search?q=site:reuters.com+United States+news+after:2023-12-18+before:2023-12-25
2023-12-18,Israel,Asia,107671,https://www.google.com/search?q=site:apnews.com+Israel+news+after:2023-12-18+before:2023-12-25
2023-12-18,Russia,Europe,21503,https://www.google.com/search?q=site:pbs.org+Russia+news+after:2023-12-18+before:2023-12-25
2023-12-18,Czech Republic,Europe,20153,https://www.google.com/search?q=site:dw.com+Czech Republic+news+after:2023-12-18+before:2023-12-25
2023-12-18,Ukraine,Europe,16547,https://www.google.com/search?q=site:bbc.com+Ukraine+news+after:2023-12-18+before:2023-12-25
2023-12-25,Israel,Asia,113001,https://www.google.com/search?q=site:reuters.com+Israel+news+after:2023-12-25+before:2024-01-01
2023-12-25,United States,North America,83218,https://www.google.com/search?q=site:pbs.org+United States+news+after:2023-12-25+before:2024-01-01
2023-12-25,Russia,Europe,43032,https://www.google.com/search?q=site:dw.com+Russia+news+after:2023-12-25+before:2024-01-01
2023-12-25,Ukraine,Europe,41259,https://www.google.com/search?q=site:reuters.com+Ukraine+news+after:2023-12-25+before:2024-01-01
2023-12-25,Palestine,Asia,10666,https://www.google.com/search?q=site:dw.com+Palestine+news+after:2023-12-25+before:2024-01-01
2024-01-01,United States,North America,115055,https://www.google.com/search?q=site:npr.org+United States+news+after:2024-01-01+before:2024-01-08
2024-01-01,Israel,Asia,114284,https://www.google.com/search?q=site:npr.org+Israel+news+after:2024-01-01+before:2024-01-08
2024-01-01,Ukraine,Europe,31203,https://www.google.com/search?q=site:aljazeera.com+Ukraine+news+after:2024-01-01+before:2024-01-08
2024-01-01,Russia,Europe,30446,https://www.google.com/search?q=site:pbs.org+Russia+news+after:2024-01-01+before:2024-01-08
2024-01-01,United Kingdom,Europe,17665,https://www.google.com/search?q=site:apnews.com+United Kingdom+news+after:2024-01-01+before:2024-01-08
2024-01-08,United States,North America,114596,https://www.google.com/search?q=site:dw.com+United States+news+after:2024-01-08+before:2024-01-15
2024-01-08,Israel,Asia,101572,https://www.google.com/search?q=site:reuters.com+Israel+news+after:2024-01-08+before:2024-01-15
2024-01-08,United Kingdom,Europe,27597,https://www.google.com/search?q=site:reuters.com+United Kingdom+news+after:2024-01-08+before:2024-01-15
2024-01-08,Russia,Europe,21896,https://www.google.com/search?q=site:bbc.com+Russia+news+after:2024-01-08+before:2024-01-15
2024-01-08,Ukraine,Europe,20874,https://www.google.com/search?q=site:bbc.com+Ukraine+news+after:2024-01-08+before:2024-01-15
2024-01-15,United States,North America,121332,https://www.google.com/search?q=site:npr.org+United States+news+after:2024-01-15+before:2024-01-22
2024-01-15,Israel,Asia,92258,https://www.google.com/search?q=site:npr.org+Israel+news+after:2024-01-15+before:2024-01-22
2024-01-15,Iran,Asia,29703,https://www.google.com/search?q=site:aljazeera.com+Iran+news+after:2024-01-15+before:2024-01-22
2024-01-15,Russia,Europe,26304,https://www.google.com/search?q=site:pbs.org+Russia+news+after:2024-01-15+before:2024-01-22
2024-01-15,Ukraine,Europe,20258,https://www.google.com/search?q=site:pbs.org+Ukraine+news+after:2024-01-15+before:2024-01-22
2024-01-22,United States,North America,131708,https://www.google.com/search?q=site:reuters.com+United States+news+after:2024-01-22+before:2024-01-29
2024-01-22,Israel,Asia,86893,https://www.google.com/search?q=site:dw.com+Israel+news+after:2024-01-22+before:2024-01-29
2024-01-22,Russia,Europe,27482,https://www.google.com/search?q=site:reuters.com+Russia+news+after:2024-01-22+before:2024-01-29
2024-01-22,Ukraine,Europe,27106,https://www.google.com/search?q=site:reuters.com+Ukraine+news+after:2024-01-22+before:2024-01-29
2024-01-22,United Kingdom,Europe,18116,https://www.google.com/search?q=site:dw.com+United Kingdom+news+after:2024-01-22+before:2024-01-29
2024-01-29,United States,North America,123947,https://www.google.com/search?q=site:dw.com+United States+news+after:2024-01-29+before:2024-02-05
2024-01-29,Israel,Asia,75736,https://www.google.com/search?q=site:pbs.org+Israel+news+after:2024-01-29+before:2024-02-05
2024-01-29,United Kingdom,Europe,23233,https://www.google.com/search?q=site:dw.com+United Kingdom+news+after:2024-01-29+before:2024-02-05
2024-01-29,Russia,Europe,21939,https://www.google.com/search?q=site:dw.com+Russia+news+after:2024-01-29+before:2024-02-05
2024-01-29,Iran,Asia,20273,https://www.google.com/search?q=site:reuters.com+Iran+news+after:2024-01-29+before:2024-02-05
2024-02-05,United States,North America,124924,https://www.google.com/search?q=site:reuters.com+United States+news+after:2024-02-05+before:2024-02-12
2024-02-05,Israel,Asia,73350,https://www.google.com/search?q=site:reuters.com+Israel+news+after:2024-02-05+before:2024-02-12
2024-02-05,Ukraine,Europe,25423,https://www.google.com/search?q=site:aljazeera.com+Ukraine+news+after:2024-02-05+before:2024-02-12
2024-02-05,Russia,Europe,23682,https://www.google.com/search?q=site:reuters.com+Russia+news+after:2024-02-05+before:2024-02-12
2024-02-05,United Kingdom,Europe,17384,https://www.google.com/search?q=site:apnews.com+United Kingdom+news+after:2024-02-05+before:2024-02-12
2024-02-12,United States,North America,126571,https://www.google.com/search?q=site:dw.com+United States+news+after:2024-02-12+before:2024-02-19
2024-02-12,Israel,Asia,95658,https://www.google.com/search?q=site:dw.com+Israel+news+after:2024-02-12+before:2024-02-19
2024-02-12,Russia,Europe,44600,https://www.google.com/search?q=site:reuters.com+Russia+news+after:2024-02-12+before:2024-02-19
2024-02-12,Ukraine,Europe,26690,https://www.google.com/search?q=site:npr.org+Ukraine+news+after:2024-02-12+before:2024-02-19
2024-02-12,United Kingdom,Europe,16020,https://www.google.com/search?q=site:reuters.com+United Kingdom+news+after:2024-02-12+before:2024-02-19
2024-02-19,United States,North America,129359,https://www.google.com/search?q=site:reuters.com+United States+news+after:2024-02-19+before:2024-02-26
2024-02-19,Israel,Asia,71729,https://www.google.com/search?q=site:dw.com+Israel+news+after:2024-02-19+before:2024-02-26
2024-02-19,Russia,Europe,62178,https://www.google.com/search?q=site:apnews.com+Russia+news+after:2024-02-19+before:2024-02-26
2024-02-19,Ukraine,Europe,35450,https://www.google.com/search?q=site:aljazeera.com+Ukraine+news+after:2024-02-19+before:2024-02-26
2024-02-19,United Kingdom,Europe,21113,https://www.google.com/search?q=site:aljazeera.com+United Kingdom+news+after:2024-02-19+before:2024-02-26
2024-02-26,United States,North America,134285,https://www.google.com/search?q=site:dw.com+United States+news+after:2024-02-26+before:2024-03-04
2024-02-26,Israel,Asia,79509,https://www.google.com/search?q=site:reuters.com+Israel+news+after:2024-02-26+before:2024-03-04
2024-02-26,Russia,Europe,33962,https://www.google.com/search?q=site:aljazeera.com+Russia+news+after:2024-02-26+before:2024-03-04
2024-02-26,Ukraine,Europe,26416,https://www.google.com/search?q=site:reuters.com+Ukraine+news+after:2024-02-26+before:2024-03-04
2024-02-26,Australia,Oceania,21522,https://www.google.com/search?q=site:reuters.com+Australia+news+after:2024-02-26+before:2024-03-04
2024-03-04,United States,North America,130306,https://www.google.com/search?q=site:bbc.com+United States+news+after:2024-03-04+before:2024-03-11
2024-03-04,Israel,Asia,62025,https://www.google.com/search?q=site:dw.com+Israel+news+after:2024-03-04+before:2024-03-11
2024-03-04,Russia,Europe,30723,https://www.google.com/search?q=site:npr.org+Russia+news+after:2024-03-04+before:2024-03-11
2024-03-04,Ukraine,Europe,22255,https://www.google.com/search?q=site:reuters.com+Ukraine+news+after:2024-03-04+before:2024-03-11
2024-03-04,United Kingdom,Europe,14661,https://www.google.com/search?q=site:apnews.com+United Kingdom+news+after:2024-03-04+before:2024-03-11
2024-03-11,United States,North America,129348,https://www.google.com/search?q=site:apnews.com+United States+news+after:2024-03-11+before:2024-03-18
2024-03-11,Israel,Asia,59831,https://www.google.com/search?q=site:pbs.org+Israel+news+after:2024-03-11+before:2024-03-18
2024-03-11,Russia,Europe,44230,https://www.google.com/search?q=site:dw.com+Russia+news+after:2024-03-11+before:2024-03-18
2024-03-11,Ukraine,Europe,31940,https://www.google.com/search?q=site:bbc.com+Ukraine+news+after:2024-03-11+before:2024-03-18
2024-03-11,United Kingdom,Europe,16477,https://www.google.com/search?q=site:dw.com+United Kingdom+news+after:2024-03-11+before:2024-03-18
2024-03-18,United States,North America,153247,https://www.google.com/search?q=site:aljazeera.com+United States+news+after:2024-03-18+before:2024-03-25
2024-03-18,Israel,Asia,70447,https://www.google.com/search?q=site:aljazeera.com+Israel+news+after:2024-03-18+before:2024-03-25
2024-03-18,Russia,Europe,70430,https://www.google.com/search?q=site:pbs.org+Russia+news+after:2024-03-18+before:2024-03-25
2024-03-18,Ukraine,Europe,31570,https://www.google.com/search?q=site:apnews.com+Ukraine+news+after:2024-03-18+before:2024-03-25
2024-03-18,United Kingdom,Europe,15025,https://www.google.com/search?q=site:npr.org+United Kingdom+news+after:2024-03-18+before:2024-03-25
2024-03-25,United States,North America,104955,https://www.google.com/search?q=site:dw.com+United States+news+after:2024-03-25+before:2024-04-01
2024-03-25,Israel,Asia,66802,https://www.google.com/search?q=site:bbc.com+Israel+news+after:2024-03-25+before:2024-04-01
2024-03-25,Russia,Europe,43135,https://www.google.com/search?q=site:reuters.com+Russia+news+after:2024-03-25+before:2024-04-01
2024-03-25,Ukraine,Europe,25125,https://www.google.com/search?q=site:dw.com+Ukraine+news+after:2024-03-25+before:2024-04-01
2024-03-25,United Kingdom,Europe,18028,https://www.google.com/search?q=site:reuters.com+United Kingdom+news+after:2024-03-25+before:2024-04-01
2024-04-01,Israel,Asia,107214,https://www.google.com/search?q=site:pbs.org+Israel+news+after:2024-04-01+before:2024-04-08
2024-04-01,United States,North America,105987,https://www.google.com/search?q=site:pbs.org+United States+news+after:2024-04-01+before:2024-04-08
2024-04-01,Russia,Europe,29278,https://www.google.com/search?q=site:reuters.com+Russia+news+after:2024-04-01+before:2024-04-08
2024-04-01,Ukraine,Europe,23537,https://www.google.com/search?q=site:bbc.com+Ukraine+news+after:2024-04-01+before:2024-04-08
2024-04-01,Australia,Oceania,15844,https://www.google.com/search?q=site:apnews.com+Australia+news+after:2024-04-01+before:2024-04-08
2024-04-08,United States,North America,131923,https://www.google.com/search?q=site:pbs.org+United States+news+after:2024-04-08+before:2024-04-15
2024-04-08,Israel,Asia,105639,https://www.google.com/search?q=site:reuters.com+Israel+news+after:2024-04-08+before:2024-04-15
2024-04-08,Iran,Asia,44979,https://www.google.com/search?q=site:npr.org+Iran+news+after:2024-04-08+before:2024-04-15
2024-04-08,Russia,Europe,24820,https://www.google.com/search?q=site:reuters.com+Russia+news+after:2024-04-08+before:2024-04-15
2024-04-08,Ukraine,Europe,21019,https://www.google.com/search?q=site:dw.com+Ukraine+news+after:2024-04-08+before:2024-04-15
2024-04-15,United States,North America,120445,https://www.google.com/search?q=site:dw.com+United States+news+after:2024-04-15+before:2024-04-22
2024-04-15,Israel,Asia,99787,https://www.google.com/search?q=site:bbc.com+Israel+news+after:2024-04-15+before:2024-04-22
2024-04-15,Iran,Asia,53859,https://www.google.com/search?q=site:bbc.com+Iran+news+after:2024-04-15+before:2024-04-22
2024-04-15,Russia,Europe,28192,https://www.google.com/search?q=site:dw.com+Russia+news+after:2024-04-15+before:2024-04-22
2024-04-15,Ukraine,Europe,26143,https://www.google.com/search?q=site:reuters.com+Ukraine+news+after:2024-04-15+before:2024-04-22
2024-04-22,United States,North America,176433,https://www.google.com/search?q=site:aljazeera.com+United States+news+after:2024-04-22+before:2024-04-29
2024-04-22,Israel,Asia,89098,https://www.google.com/search?q=site:reuters.com+Israel+news+after:2024-04-22+before:2024-04-29
2024-04-22,Russia,Europe,27309,https://www.google.com/search?q=site:pbs.org+Russia+news+after:2024-04-22+before:2024-04-29
2024-04-22,Ukraine,Europe,24814,https://www.google.com/search?q=site:dw.com+Ukraine+news+after:2024-04-22+before:2024-04-29
2024-04-22,United Kingdom,Europe,19256,https://www.google.com/search?q=site:aljazeera.com+United Kingdom+news+after:2024-04-22+before:2024-04-29
2024-04-29,United States,North America,158470,https://www.google.com/search?q=site:npr.org+United States+news+after:2024-04-29+before:2024-05-06
2024-04-29,Israel,Asia,94481,https://www.google.com/search?q=site:reuters.com+Israel+news+after:2024-04-29+before:2024-05-06
2024-04-29,Russia,Europe,25838,https://www.google.com/search?q=site:pbs.org+Russia+news+after:2024-04-29+before:2024-05-06
2024-04-29,Ukraine,Europe,19744,https://www.google.com/search?q=site:pbs.org+Ukraine+news+after:2024-04-29+before:2024-05-06
2024-04-29,United Kingdom,Europe,17236,https://www.google.com/search?q=site:npr.org+United Kingdom+news+after:2024-04-29+before:2024-05-06
2024-05-06,Israel,Asia,121665,https://www.google.com/search?q=site:aljazeera.com+Israel+news+after:2024-05-06+before:2024-05-13
2024-05-06,United States,North America,106816,https://www.google.com/search?q=site:dw.com+United States+news+after:2024-05-06+before:2024-05-13
2024-05-06,Russia,Europe,34238,https://www.google.com/search?q=site:npr.org+Russia+news+after:2024-05-06+before:2024-05-13
2024-05-06,Ukraine,Europe,26847,https://www.google.com/search?q=site:aljazeera.com+Ukraine+news+after:2024-05-06+before:2024-05-13
2024-05-06,Egypt,Africa,17317,https://www.google.com/search?q=site:aljazeera.com+Egypt+news+after:2024-05-06+before:2024-05-13
2024-05-13,United States,North America,112587,https://www.google.com/search?q=site:npr.org+United States+news+after:2024-05-13+before:2024-05-20
2024-05-13,Israel,Asia,87723,https://www.google.com/search?q=site:reuters.com+Israel+news+after:2024-05-13+before:2024-05-20
2024-05-13,Russia,Europe,40058,https://www.google.com/search?q=site:npr.org+Russia+news+after:2024-05-13+before:2024-05-20
2024-05-13,Ukraine,Europe,36549,https://www.google.com/search?q=site:reuters.com+Ukraine+news+after:2024-05-13+before:2024-05-20
2024-05-13,France,Europe,15787,https://www.google.com/search?q=site:bbc.com+France+news+after:2024-05-13+before:2024-05-20
2024-05-20,Israel,Asia,103500,https://www.google.com/search?q=site:aljazeera.com+Israel+news+after:2024-05-20+before:2024-05-27
2024-05-20,United States,North America,99662,https://www.google.com/search?q=site:reuters.com+United States+news+after:2024-05-20+before:2024-05-27
2024-05-20,Russia,Europe,30087,https://www.google.com/search?q=site:reuters.com+Russia+news+after:2024-05-20+before:2024-05-27
2024-05-20,Ukraine,Europe,24348,https://www.google.com/search?q=site:reuters.com+Ukraine+news+after:2024-05-20+before:2024-05-27
2024-05-20,United Kingdom,Europe,16557,https://www.google.com/search?q=site:dw.com+United Kingdom+news+after:2024-05-20+before:2024-05-27
2024-05-27,United States,North America,163687,https://www.google.com/search?q=site:bbc.com+United States+news+after:2024-05-27+before:2024-06-03
2024-05-27,Israel,Asia,95852,https://www.google.com/search?q=site:dw.com+Israel+news+after:2024-05-27+before:2024-06-03
2024-05-27,Russia,Europe,25085,https://www.google.com/search?q=site:reuters.com+Russia+news+after:2024-05-27+before:2024-06-03
2024-05-27,Ukraine,Europe,21849,https://www.google.com/search?q=site:reuters.com+Ukraine+news+after:2024-05-27+before:2024-06-03
2024-05-27,United Kingdom,Europe,13498,https://www.google.com/search?q=site:reuters.com+United Kingdom+news+after:2024-05-27+before:2024-06-03
2024-06-03,United States,North America,119412,https://www.google.com/search?q=site:reuters.com+United States+news+after:2024-06-03+before:2024-06-10
2024-06-03,Israel,Asia,83709,https://www.google.com/search?q=site:aljazeera.com+Israel+news+after:2024-06-03+before:2024-06-10
2024-06-03,Russia,Europe,22014,https://www.google.com/search?q=site:reuters.com+Russia+news+after:2024-06-03+before:2024-06-10
2024-06-03,Ukraine,Europe,19669,https://www.google.com/search?q=site:npr.org+Ukraine+news+after:2024-06-03+before:2024-06-10
2024-06-03,United Kingdom,Europe,16650,https://www.google.com/search?q=site:dw.com+United Kingdom+news+after:2024-06-03+before:2024-06-10
2024-06-10,United States,North America,136201,https://www.google.com/search?q=site:dw.com+United States+news+after:2024-06-10+before:2024-06-17
2024-06-10,Israel,Asia,63226,https://www.google.com/search?q=site:apnews.com+Israel+news+after:2024-06-10+before:2024-06-17
2024-06-10,Russia,Europe,26412,https://www.google.com/search?q=site:aljazeera.com+Russia+news+after:2024-06-10+before:2024-06-17
2024-06-10,Ukraine,Europe,20350,https://www.google.com/search?q=site:reuters.com+Ukraine+news+after:2024-06-10+before:2024-06-17
2024-06-10,United Kingdom,Europe,13450,https://www.google.com/search?q=site:apnews.com+United Kingdom+news+after:2024-06-10+before:2024-06-17
2024-06-17,United States,North America,126137,https://www.google.com/search?q=site:reuters.com+United States+news+after:2024-06-17+before:2024-06-24
2024-06-17,Israel,Asia,48721,https://www.google.com/search?q=site:dw.com+Israel+news+after:2024-06-17+before:2024-06-24
2024-06-17,Russia,Europe,31747,https://www.google.com/search?q=site:dw.com+Russia+news+after:2024-06-17+before:2024-06-24
2024-06-17,Ukraine,Europe,21034,https://www.google.com/search?q=site:apnews.com+Ukraine+news+after:2024-06-17+before:2024-06-24
2024-06-17,United Kingdom,Europe,12974,https://www.google.com/search?q=site:aljazeera.com+United Kingdom+news+after:2024-06-17+before:2024-06-24
2024-06-24,United States,North America,127753,https://www.google.com/search?q=site:bbc.com+United States+news+after:2024-06-24+before:2024-07-01
2024-06-24,Israel,Asia,50500,https://www.google.com/search?q=site:bbc.com+Israel+news+after:2024-06-24+before:2024-07-01
2024-06-24,Russia,Europe,34296,https://www.google.com/search?q=site:npr.org+Russia+news+after:2024-06-24+before:2024-07-01
2024-06-24,United Kingdom,Europe,23514,https://www.google.com/search?q=site:reuters.com+United Kingdom+news+after:2024-06-24+before:2024-07-01
2024-06-24,Australia,Oceania,17582,https://www.google.com/search?q=site:dw.com+Australia+news+after:2024-06-24+before:2024-07-01
2024-07-01,United States,North America,100288,https://www.google.com/search?q=site:pbs.org+United States+news+after:2024-07-01+before:2024-07-08
2024-07-01,Israel,Asia,59223,https://www.google.com/search?q=site:bbc.com+Israel+news+after:2024-07-01+before:2024-07-08
2024-07-01,Russia,Europe,20030,https://www.google.com/search?q=site:reuters.com+Russia+news+after:2024-07-01+before:2024-07-08
2024-07-01,Ukraine,Europe,17053,https://www.google.com/search?q=site:reuters.com+Ukraine+news+after:2024-07-01+before:2024-07-08
2024-07-01,United Kingdom,Europe,16132,https://www.google.com/search?q=site:npr.org+United Kingdom+news+after:2024-07-01+before:2024-07-08
2024-07-08,United States,North America,163987,https://www.google.com/search?q=site:reuters.com+United States+news+after:2024-07-08+before:2024-07-15
2024-07-08,Israel,Asia,53757,https://www.google.com/search?q=site:dw.com+Israel+news+after:2024-07-08+before:2024-07-15
2024-07-08,Russia,Europe,33032,https://www.google.com/search?q=site:npr.org+Russia+news+after:2024-07-08+before:2024-07-15
2024-07-08,Ukraine,Europe,25695,https://www.google.com/search?q=site:bbc.com+Ukraine+news+after:2024-07-08+before:2024-07-15
2024-07-08,Australia,Oceania,16434,https://www.google.com/search?q=site:dw.com+Australia+news+after:2024-07-08+before:2024-07-15
2024-07-15,United States,North America,169268,https://www.google.com/search?q=site:pbs.org+United States+news+after:2024-07-15+before:2024-07-22
2024-07-15,Israel,Asia,57929,https://www.google.com/search?q=site:bbc.com+Israel+news+after:2024-07-15+before:2024-07-22
2024-07-15,Russia,Europe,26672,https://www.google.com/search?q=site:reuters.com+Russia+news+after:2024-07-15+before:2024-07-22
2024-07-15,Ukraine,Europe,18932,https://www.google.com/search?q=site:aljazeera.com+Ukraine+news+after:2024-07-15+before:2024-07-22
2024-07-15,Bangladesh,Asia,12755,https://www.google.com/search?q=site:reuters.com+Bangladesh+news+after:2024-07-15+before:2024-07-22
2024-07-22,United States,North America,140136,https://www.google.com/search?q=site:reuters.com+United States+news+after:2024-07-22+before:2024-07-29
2024-07-22,Israel,Asia,59684,https://www.google.com/search?q=site:pbs.org+Israel+news+after:2024-07-22+before:2024-07-29
2024-07-22,Russia,Europe,20628,https://www.google.com/search?q=site:npr.org+Russia+news+after:2024-07-22+before:2024-07-29
2024-07-22,United Kingdom,Europe,16401,https://www.google.com/search?q=site:dw.com+United Kingdom+news+after:2024-07-22+before:2024-07-29
2024-07-22,Ukraine,Europe,15664,https://www.google.com/search?q=site:npr.org+Ukraine+news+after:2024-07-22+before:2024-07-29
2024-07-29,United States,North America,122210,https://www.google.com/search?q=site:dw.com+United States+news+after:2024-07-29+before:2024-08-05
2024-07-29,Israel,Asia,87129,https://www.google.com/search?q=site:reuters.com+Israel+news+after:2024-07-29+before:2024-08-05
2024-07-29,United Kingdom,Europe,42798,https://www.google.com/search?q=site:aljazeera.com+United Kingdom+news+after:2024-07-29+before:2024-08-05
2024-07-29,Russia,Europe,41874,https://www.google.com/search?q=site:apnews.com+Russia+news+after:2024-07-29+before:2024-08-05
2024-07-29,Iran,Asia,31832,https://www.google.com/search?q=site:dw.com+Iran+news+after:2024-07-29+before:2024-08-05
2024-08-05,United States,North America,120668,https://www.google.com/search?q=site:aljazeera.com+United States+news+after:2024-08-05+before:2024-08-12
2024-08-05,Israel,Asia,66930,https://www.google.com/search?q=site:npr.org+Israel+news+after:2024-08-05+before:2024-08-12
2024-08-05,Russia,Europe,34504,https://www.google.com/search?q=site:apnews.com+Russia+news+after:2024-08-05+before:2024-08-12
2024-08-05,United Kingdom,Europe,33706,https://www.google.com/search?q=site:apnews.com+United Kingdom+news+after:2024-08-05+before:2024-08-12
2024-08-05,Ukraine,Europe,30650,https://www.google.com/search?q=site:bbc.com+Ukraine+news+after:2024-08-05+before:2024-08-12
2024-08-12,United States,North America,109092,https://www.google.com/search?q=site:reuters.com+United States+news+after:2024-08-12+before:2024-08-19
2024-08-12,Israel,Asia,69506,https://www.google.com/search?q=site:aljazeera.com+Israel+news+after:2024-08-12+before:2024-08-19
2024-08-12,Russia,Europe,45289,https://www.google.com/search?q=site:npr.org+Russia+news+after:2024-08-12+before:2024-08-19
2024-08-12,Ukraine,Europe,43036,https://www.google.com/search?q=site:pbs.org+Ukraine+news+after:2024-08-12+before:2024-08-19
2024-08-12,India,Asia,25617,https://www.google.com/search?q=site:npr.org+India+news+after:2024-08-12+before:2024-08-19
2024-08-19,United States,North America,109571,https://www.google.com/search?q=site:aljazeera.com+United States+news+after:2024-08-19+before:2024-08-26
2024-08-19,Israel,Asia,68325,https://www.google.com/search?q=site:dw.com+Israel+news+after:2024-08-19+before:2024-08-26
2024-08-19,Russia,Europe,43284,https://www.google.com/search?q=site:reuters.com+Russia+news+after:2024-08-19+before:2024-08-26
2024-08-19,Ukraine,Europe,39267,https://www.google.com/search?q=site:npr.org+Ukraine+news+after:2024-08-19+before:2024-08-26
2024-08-19,India,Asia,19265,https://www.google.com/search?q=site:npr.org+India+news+after:2024-08-19+before:2024-08-26
2024-08-26,United States,North America,116080,https://www.google.com/search?q=site:dw.com+United States+news+after:2024-08-26+before:2024-09-02
2024-08-26,Israel,Asia,78803,https://www.google.com/search?q=site:reuters.com+Israel+news+after:2024-08-26+before:2024-09-02
2024-08-26,Russia,Europe,39463,https://www.google.com/search?q=site:apnews.com+Russia+news+after:2024-08-26+before:2024-09-02
2024-08-26,Ukraine,Europe,34112,https://www.google.com/search?q=site:reuters.com+Ukraine+news+after:2024-08-26+before:2024-09-02
2024-08-26,Palestine,Asia,15067,https://www.google.com/search?q=site:bbc.com+Palestine+news+after:2024-08-26+before:2024-09-02
2024-09-02,United States,North America,121812,https://www.google.com/search?q=site:pbs.org+United States+news+after:2024-09-02+before:2024-09-09
2024-09-02,Israel,Asia,65787,https://www.google.com/search?q=site:aljazeera.com+Israel+news+after:2024-09-02+before:2024-09-09
2024-09-02,Russia,Europe,31306,https://www.google.com/search?q=site:bbc.com+Russia+news+after:2024-09-02+before:2024-09-09
2024-09-02,Ukraine,Europe,26202,https://www.google.com/search?q=site:dw.com+Ukraine+news+after:2024-09-02+before:2024-09-09
2024-09-02,United Kingdom,Europe,16013,https://www.google.com/search?q=site:aljazeera.com+United Kingdom+news+after:2024-09-02+before:2024-09-09
2024-09-09,United States,North America,127021,https://www.google.com/search?q=site:dw.com+United States+news+after:2024-09-09+before:2024-09-16
2024-09-09,Israel,Asia,53054,https://www.google.com/search?q=site:dw.com+Israel+news+after:2024-09-09+before:2024-09-16
2024-09-09,Russia,Europe,30991,https://www.google.com/search?q=site:npr.org+Russia+news+after:2024-09-09+before:2024-09-16
2024-09-09,Ukraine,Europe,23169,https://www.google.com/search?q=site:apnews.com+Ukraine+news+after:2024-09-09+before:2024-09-16
2024-09-09,United Kingdom,Europe,16621,https://www.google.com/search?q=site:reuters.com+United Kingdom+news+after:2024-09-09+before:2024-09-16
2024-09-16,United States,North America,113641,https://www.google.com/search?q=site:bbc.com+United States+news+after:2024-09-16+before:2024-09-23
2024-09-16,Israel,Asia,90489,https://www.google.com/search?q=site:reuters.com+Israel+news+after:2024-09-16+before:2024-09-23
2024-09-16,Lebanon,Asia,30534,https://www.google.com/search?q=site:pbs.org+Lebanon+news+after:2024-09-16+before:2024-09-23
2024-09-16,Russia,Europe,22638,https://www.google.com/search?q=site:npr.org+Russia+news+after:2024-09-16+before:2024-09-23
2024-09-16,Ukraine,Europe,17111,https://www.google.com/search?q=site:apnews.com+Ukraine+news+after:2024-09-16+before:2024-09-23
2024-09-23,Israel,Asia,130927,https://www.google.com/search?q=site:npr.org+Israel+news+after:2024-09-23+before:2024-09-30
2024-09-23,United States,North America,123437,https://www.google.com/search?q=site:reuters.com+United States+news+after:2024-09-23+before:2024-09-30
2024-09-23,Lebanon,Asia,62695,https://www.google.com/search?q=site:bbc.com+Lebanon+news+after:2024-09-23+before:2024-09-30
2024-09-23,Russia,Europe,20506,https://www.google.com/search?q=site:npr.org+Russia+news+after:2024-09-23+before:2024-09-30
2024-09-23,Ukraine,Europe,18033,https://www.google.com/search?q=site:reuters.com+Ukraine+news+after:2024-09-23+before:2024-09-30
2024-09-30,Israel,Asia,211256,https://www.google.com/search?q=site:apnews.com+Israel+news+after:2024-09-30+before:2024-10-07
2024-09-30,United States,North America,100181,https://www.google.com/search?q=site:bbc.com+United States+news+after:2024-09-30+before:2024-10-07
2024-09-30,Lebanon,Asia,68669,https://www.google.com/search?q=site:reuters.com+Lebanon+news+after:2024-09-30+before:2024-10-07
2024-09-30,Iran,Asia,64264,https://www.google.com/search?q=site:reuters.com+Iran+news+after:2024-09-30+before:2024-10-07
2024-09-30,United Kingdom,Europe,19815,https://www.google.com/search?q=site:bbc.com+United Kingdom+news+after:2024-09-30+before:2024-10-07
2024-10-07,Israel,Asia,134023,https://www.google.com/search?q=site:bbc.com+Israel+news+after:2024-10-07+before:2024-10-14
2024-10-07,United States,North America,89659,https://www.google.com/search?q=site:reuters.com+United States+news+after:2024-10-07+before:2024-10-14
2024-10-07,Lebanon,Asia,34914,https://www.google.com/search?q=site:pbs.org+Lebanon+news+after:2024-10-07+before:2024-10-14
2024-10-07,Russia,Europe,21212,https://www.google.com/search?q=site:dw.com+Russia+news+after:2024-10-07+before:2024-10-14
2024-10-07,Iran,Asia,17533,https://www.google.com/search?q=site:dw.com+Iran+news+after:2024-10-07+before:2024-10-14
2024-10-14,Israel,Asia,125160,https://www.google.com/search?q=site:reuters.com+Israel+news+after:2024-10-14+before:2024-10-21
2024-10-14,United States,North America,104427,https://www.google.com/search?q=site:reuters.com+United States+news+after:2024-10-14+before:2024-10-21
2024-10-14,Lebanon,Asia,21068,https://www.google.com/search?q=site:pbs.org+Lebanon+news+after:2024-10-14+before:2024-10-21
2024-10-14,India,Asia,18725,https://www.google.com/search?q=site:dw.com+India+news+after:2024-10-14+before:2024-10-21
2024-10-14,Russia,Europe,18470,https://www.google.com/search?q=site:reuters.com+Russia+news+after:2024-10-14+before:2024-10-21
2024-10-21,United States,North America,108321,https://www.google.com/search?q=site:aljazeera.com+United States+news+after:2024-10-21+before:2024-10-28
2024-10-21,Israel,Asia,97689,https://www.google.com/search?q=site:aljazeera.com+Israel+news+after:2024-10-21+before:2024-10-28
2024-10-21,Iran,Asia,28391,https://www.google.com/search?q=site:pbs.org+Iran+news+after:2024-10-21+before:2024-10-28
2024-10-21,Russia,Europe,22647,https://www.google.com/search?q=site:reuters.com+Russia+news+after:2024-10-21+before:2024-10-28
2024-10-21,Lebanon,Asia,20321,https://www.google.com/search?q=site:dw.com+Lebanon+news+after:2024-10-21+before:2024-10-28
2024-10-28,United States,North America,103395,https://www.google.com/search?q=site:bbc.com+United States+news+after:2024-10-28+before:2024-11-04
2024-10-28,Israel,Asia,77826,https://www.google.com/search?q=site:aljazeera.com+Israel+news+after:2024-10-28+before:2024-11-04
2024-10-28,Russia,Europe,23589,https://www.google.com/search?q=site:apnews.com+Russia+news+after:2024-10-28+before:2024-11-04
2024-10-28,Ukraine,Europe,18224,https://www.google.com/search?q=site:bbc.com+Ukraine+news+after:2024-10-28+before:2024-11-04
2024-10-28,Lebanon,Asia,17569,https://www.google.com/search?q=site:bbc.com+Lebanon+news+after:2024-10-28+before:2024-11-04
2024-11-04,United States,North America,113186,https://www.google.com/search?q=site:bbc.com+United States+news+after:2024-11-04+before:2024-11-11
2024-11-04,Israel,Asia,47578,https://www.google.com/search?q=site:pbs.org+Israel+news+after:2024-11-04+before:2024-11-11
2024-11-04,Russia,Europe,18861,https://www.google.com/search?q=site:reuters.com+Russia+news+after:2024-11-04+before:2024-11-11
2024-11-04,Ukraine,Europe,17176,https://www.google.com/search?q=site:pbs.org+Ukraine+news+after:2024-11-04+before:2024-11-11
2024-11-04,United Kingdom,Europe,12759,https://www.google.com/search?q=site:npr.org+United Kingdom+news+after:2024-11-04+before:2024-11-11
2024-11-11,United States,North America,95346,https://www.google.com/search?q=site:dw.com+United States+news+after:2024-11-11+before:2024-11-18
2024-11-11,Israel,Asia,57879,https://www.google.com/search?q=site:apnews.com+Israel+news+after:2024-11-11+before:2024-11-18
2024-11-11,Russia,Europe,26207,https://www.google.com/search?q=site:bbc.com+Russia+news+after:2024-11-11+before:2024-11-18
2024-11-11,Ukraine,Europe,23619,https://www.google.com/search?q=site:bbc.com+Ukraine+news+after:2024-11-11+before:2024-11-18
2024-11-11,Lebanon,Asia,11792,https://www.google.com/search?q=site:reuters.com+Lebanon+news+after:2024-11-11+before:2024-11-18
2024-11-18,United States,North America,105035,https://www.google.com/search?q=site:reuters.com+United States+news+after:2024-11-18+before:2024-11-25
2024-11-18,Israel,Asia,62937,https://www.google.com/search?q=site:pbs.org+Israel+news+after:2024-11-18+before:2024-11-25
2024-11-18,Russia,Europe,50332,https://www.google.com/search?q=site:dw.com+Russia+news+after:2024-11-18+before:2024-11-25
2024-11-18,Ukraine,Europe,42188,https://www.google.com/search?q=site:pbs.org+Ukraine+news+after:2024-11-18+before:2024-11-25
2024-11-18,United Kingdom,Europe,17254,https://www.google.com/search?q=site:npr.org+United Kingdom+news+after:2024-11-18+before:2024-11-25
2024-11-25,United States,North America,68234,https://www.google.com/search?q=site:apnews.com+United States+news+after:2024-11-25+before:2024-12-02
2024-11-25,Israel,Asia,58221,https://www.google.com/search?q=site:npr.org+Israel+news+after:2024-11-25+before:2024-12-02
2024-11-25,Russia,Europe,29983,https://www.google.com/search?q=site:aljazeera.com+Russia+news+after:2024-11-25+before:2024-12-02
2024-11-25,Syria,Asia,23179,https://www.google.com/search?q=site:pbs.org+Syria+news+after:2024-11-25+before:2024-12-02
2024-11-25,Ukraine,Europe,22465,https://www.google.com/search?q=site:apnews.com+Ukraine+news+after:2024-11-25+before:2024-12-02
2024-12-02,United States,North America,120312,https://www.google.com/search?q=site:reuters.com+United States+news+after:2024-12-02+before:2024-12-09
2024-12-02,Syria,Asia,48031,https://www.google.com/search?q=site:aljazeera.com+Syria+news+after:2024-12-02+before:2024-12-09
2024-12-02,Israel,Asia,38446,https://www.google.com/search?q=site:npr.org+Israel+news+after:2024-12-02+before:2024-12-09
2024-12-02,Russia,Europe,22687,https://www.google.com/search?q=site:pbs.org+Russia+news+after:2024-12-02+before:2024-12-09
2024-12-02,South Korea,Asia,13482,https://www.google.com/search?q=site:reuters.com+South Korea+news+after:2024-12-02+before:2024-12-09
2024-12-09,United States,North America,140190,https://www.google.com/search?q=site:dw.com+United States+news+after:2024-12-09+before:2024-12-16
2024-12-09,Syria,Asia,48598,https://www.google.com/search?q=site:apnews.com+Syria+news+after:2024-12-09+before:2024-12-16
2024-12-09,Israel,Asia,44757,https://www.google.com/search?q=site:apnews.com+Israel+news+after:2024-12-09+before:2024-12-16
2024-12-09,Russia,Europe,25015,https://www.google.com/search?q=site:pbs.org+Russia+news+after:2024-12-09+before:2024-12-16
2024-12-09,Ukraine,Europe,16929,https://www.google.com/search?q=site:pbs.org+Ukraine+news+after:2024-12-09+before:2024-12-16
2024-12-16,United States,North America,146536,https://www.google.com/search?q=site:dw.com+United States+news+after:2024-12-16+before:2024-12-23
2024-12-16,Israel,Asia,39876,https://www.google.com/search?q=site:pbs.org+Israel+news+after:2024-12-16+before:2024-12-23
2024-12-16,Russia,Europe,31929,https://www.google.com/search?q=site:reuters.com+Russia+news+after:2024-12-16+before:2024-12-23
2024-12-16,Ukraine,Europe,25642,https://www.google.com/search?q=site:dw.com+Ukraine+news+after:2024-12-16+before:2024-12-23
2024-12-16,Syria,Asia,14974,https://www.google.com/search?q=site:reuters.com+Syria+news+after:2024-12-16+before:2024-12-23
2024-12-23,United States,North America,70310,https://www.google.com/search?q=site:pbs.org+United States+news+after:2024-12-23+before:2024-12-30
2024-12-23,Israel,Asia,53528,https://www.google.com/search?q=site:reuters.com+Israel+news+after:2024-12-23+before:2024-12-30
2024-12-23,Russia,Europe,36462,https://www.google.com/search?q=site:apnews.com+Russia+news+after:2024-12-23+before:2024-12-30
2024-12-23,Ukraine,Europe,21385,https://www.google.com/search?q=site:reuters.com+Ukraine+news+after:2024-12-23+before:2024-12-30
2024-12-23,Syria,Asia,10205,https://www.google.com/search?q=site:aljazeera.com+Syria+news+after:2024-12-23+before:2024-12-30
2024-12-30,United States,North America,84748,https://www.google.com/search?q=site:reuters.com+United States+news+after:2024-12-30+before:2025-01-06
2024-12-30,Israel,Asia,45314,https://www.google.com/search?q=site:reuters.com+Israel+news+after:2024-12-30+before:2025-01-06
2024-12-30,Russia,Europe,19490,https://www.google.com/search?q=site:dw.com+Russia+news+after:2024-12-30+before:2025-01-06
2024-12-30,Ukraine,Europe,16632,https://www.google.com/search?q=site:npr.org+Ukraine+news+after:2024-12-30+before:2025-01-06
2024-12-30,United Kingdom,Europe,10413,https://www.google.com/search?q=site:aljazeera.com+United Kingdom+news+after:2024-12-30+before:2025-01-06
2025-01-06,United States,North America,144439,https://www.google.com/search?q=site:npr.org+United States+news+after:2025-01-06+before:2025-01-13
2025-01-06,Israel,Asia,33689,https://www.google.com/search?q=site:reuters.com+Israel+news+after:2025-01-06+before:2025-01-13
2025-01-06,Russia,Europe,18914,https://www.google.com/search?q=site:reuters.com+Russia+news+after:2025-01-06+before:2025-01-13
2025-01-06,Ukraine,Europe,16585,https://www.google.com/search?q=site:npr.org+Ukraine+news+after:2025-01-06+before:2025-01-13
2025-01-06,United Kingdom,Europe,15634,https://www.google.com/search?q=site:apnews.com+United Kingdom+news+after:2025-01-06+before:2025-01-13
2025-01-13,United States,North America,124594,https://www.google.com/search?q=site:apnews.com+United States+news+after:2025-01-13+before:2025-01-20
2025-01-13,Israel,Asia,71307,https://www.google.com/search?q=site:bbc.com+Israel+news+after:2025-01-13+before:2025-01-20
2025-01-13,Russia,Europe,24652,https://www.google.com/search?q=site:bbc.com+Russia+news+after:2025-01-13+before:2025-01-20
2025-01-13,Ukraine,Europe,17328,https://www.google.com/search?q=site:reuters.com+Ukraine+news+after:2025-01-13+before:2025-01-20
2025-01-13,United Kingdom,Europe,14528,https://www.google.com/search?q=site:bbc.com+United Kingdom+news+after:2025-01-13+before:2025-01-20
2025-01-20,United States,North America,154541,https://www.google.com/search?q=site:pbs.org+United States+news+after:2025-01-20+before:2025-01-27
2025-01-20,Israel,Asia,54791,https://www.google.com/search?q=site:reuters.com+Israel+news+after:2025-01-20+before:2025-01-27
2025-01-20,United Kingdom,Europe,18577,https://www.google.com/search?q=site:reuters.com+United Kingdom+news+after:2025-01-20+before:2025-01-27
2025-01-20,Russia,Europe,16700,https://www.google.com/search?q=site:dw.com+Russia+news+after:2025-01-20+before:2025-01-27
2025-01-20,Ukraine,Europe,13440,https://www.google.com/search?q=site:reuters.com+Ukraine+news+after:2025-01-20+before:2025-01-27
2025-01-27,United States,North America,126290,https://www.google.com/search?q=site:apnews.com+United States+news+after:2025-01-27+before:2025-02-03
2025-01-27,Israel,Asia,45029,https://www.google.com/search?q=site:reuters.com+Israel+news+after:2025-01-27+before:2025-02-03
2025-01-27,Russia,Europe,19982,https://www.google.com/search?q=site:reuters.com+Russia+news+after:2025-01-27+before:2025-02-03
2025-01-27,United Kingdom,Europe,16925,https://www.google.com/search?q=site:reuters.com+United Kingdom+news+after:2025-01-27+before:2025-02-03
2025-01-27,Ukraine,Europe,15377,https://www.google.com/search?q=site:dw.com+Ukraine+news+after:2025-01-27+before:2025-02-03
2025-02-03,United States,North America,105032,https://www.google.com/search?q=site:bbc.com+United States+news+after:2025-02-03+before:2025-02-10
2025-02-03,Israel,Asia,48153,https://www.google.com/search?q=site:dw.com+Israel+news+after:2025-02-03+before:2025-02-10
2025-02-03,Russia,Europe,17610,https://www.google.com/search?q=site:reuters.com+Russia+news+after:2025-02-03+before:2025-02-10
2025-02-03,Ukraine,Europe,14709,https://www.google.com/search?q=site:reuters.com+Ukraine+news+after:2025-02-03+before:2025-02-10
2025-02-03,United Kingdom,Europe,11930,https://www.google.com/search?q=site:reuters.com+United Kingdom+news+after:2025-02-03+before:2025-02-10
2025-02-10,United States,North America,104230,https://www.google.com/search?q=site:reuters.com+United States+news+after:2025-02-10+before:2025-02-17
2025-02-10,Israel,Asia,39390,https://www.google.com/search?q=site:bbc.com+Israel+news+after:2025-02-10+before:2025-02-17
2025-02-10,Russia,Europe,22679,https://www.google.com/search?q=site:apnews.com+Russia+news+after:2025-02-10+before:2025-02-17
2025-02-10,Ukraine,Europe,16355,https://www.google.com/search?q=site:pbs.org+Ukraine+news+after:2025-02-10+before:2025-02-17
2025-02-10,United Kingdom,Europe,13434,https://www.google.com/search?q=site:apnews.com+United Kingdom+news+after:2025-02-10+before:2025-02-17
2025-02-17,United States,North America,113048,https://www.google.com/search?q=site:dw.com+United States+news+after:2025-02-17+before:2025-02-24
2025-02-17,Israel,Asia,53147,https://www.google.com/search?q=site:pbs.org+Israel+news+after:2025-02-17+before:2025-02-24
2025-02-17,Russia,Europe,20750,https://www.google.com/search?q=site:reuters.com+Russia+news+after:2025-02-17+before:2025-02-24
2025-02-17,Ukraine,Europe,18643,https://www.google.com/search?q=site:bbc.com+Ukraine+news+after:2025-02-17+before:2025-02-24
2025-02-17,United Kingdom,Europe,11678,https://www.google.com/search?q=site:reuters.com+United Kingdom+news+after:2025-02-17+before:2025-02-24
2025-02-24,United States,North America,102572,https://www.google.com/search?q=site:aljazeera.com+United States+news+after:2025-02-24+before:2025-03-03
2025-02-24,Israel,Asia,31864,https://www.google.com/search?q=site:apnews.com+Israel+news+after:2025-02-24+before:2025-03-03
2025-02-24,Ukraine,Europe,26060,https://www.google.com/search?q=site:reuters.com+Ukraine+news+after:2025-02-24+before:2025-03-03
2025-02-24,Russia,Europe,22105,https://www.google.com/search?q=site:dw.com+Russia+news+after:2025-02-24+before:2025-03-03
2025-02-24,United Kingdom,Europe,14583,https://www.google.com/search?q=site:reuters.com+United Kingdom+news+after:2025-02-24+before:2025-03-03
2025-03-03,United States,North America,108492,https://www.google.com/search?q=site:reuters.com+United States+news+after:2025-03-03+before:2025-03-10
2025-03-03,Ukraine,Europe,38475,https://www.google.com/search?q=site:aljazeera.com+Ukraine+news+after:2025-03-03+before:2025-03-10
2025-03-03,Israel,Asia,31011,https://www.google.com/search?q=site:bbc.com+Israel+news+after:2025-03-03+before:2025-03-10
2025-03-03,Russia,Europe,30284,https://www.google.com/search?q=site:reuters.com+Russia+news+after:2025-03-03+before:2025-03-10
2025-03-03,Syria,Asia,21141,https://www.google.com/search?q=site:apnews.com+Syria+news+after:2025-03-03+before:2025-03-10
2025-03-10,United States,North America,112630,https://www.google.com/search?q=site:pbs.org+United States+news+after:2025-03-10+before:2025-03-17
2025-03-10,Russia,Europe,37261,https://www.google.com/search?q=site:reuters.com+Russia+news+after:2025-03-10+before:2025-03-17
2025-03-10,Israel,Asia,37097,https://www.google.com/search?q=site:bbc.com+Israel+news+after:2025-03-10+before:2025-03-17
2025-03-10,Ukraine,Europe,27400,https://www.google.com/search?q=site:bbc.com+Ukraine+news+after:2025-03-10+before:2025-03-17
2025-03-10,United Kingdom,Europe,17624,https://www.google.com/search?q=site:npr.org+United Kingdom+news+after:2025-03-10+before:2025-03-17
2025-03-17,United States,North America,121234,https://www.google.com/search?q=site:npr.org+United States+news+after:2025-03-17+before:2025-03-24
2025-03-17,Israel,Asia,88954,https://www.google.com/search?q=site:dw.com+Israel+news+after:2025-03-17+before:2025-03-24
2025-03-17,Russia,Europe,25740,https://www.google.com/search?q=site:pbs.org+Russia+news+after:2025-03-17+before:2025-03-24
2025-03-17,Ukraine,Europe,23203,https://www.google.com/search?q=site:reuters.com+Ukraine+news+after:2025-03-17+before:2025-03-24
2025-03-17,United Kingdom,Europe,19325,https://www.google.com/search?q=site:bbc.com+United Kingdom+news+after:2025-03-17+before:2025-03-24
2025-03-24,United States,North America,111271,https://www.google.com/search?q=site:reuters.com+United States+news+after:2025-03-24+before:2025-03-31
2025-03-24,Israel,Asia,46501,https://www.google.com/search?q=site:pbs.org+Israel+news+after:2025-03-24+before:2025-03-31
2025-03-24,Russia,Europe,25049,https://www.google.com/search?q=site:pbs.org+Russia+news+after:2025-03-24+before:2025-03-31
2025-03-24,Ukraine,Europe,21051,https://www.google.com/search?q=site:dw.com+Ukraine+news+after:2025-03-24+before:2025-03-31
2025-03-24,Turkey,Asia,17625,https://www.google.com/search?q=site:reuters.com+Turkey+news+after:2025-03-24+before:2025-03-31
2025-03-31,United States,North America,105651,https://www.google.com/search?q=site:pbs.org+United States+news+after:2025-03-31+before:2025-04-07
2025-03-31,Israel,Asia,39870,https://www.google.com/search?q=site:apnews.com+Israel+news+after:2025-03-31+before:2025-04-07
2025-03-31,Russia,Europe,22259,https://www.google.com/search?q=site:npr.org+Russia+news+after:2025-03-31+before:2025-04-07
2025-03-31,United Kingdom,Europe,18278,https://www.google.com/search?q=site:reuters.com+United Kingdom+news+after:2025-03-31+before:2025-04-07
2025-03-31,Ukraine,Europe,17079,https://www.google.com/search?q=site:dw.com+Ukraine+news+after:2025-03-31+before:2025-04-07
2025-04-07,United States,North America,114565,https://www.google.com/search?q=site:npr.org+United States+news+after:2025-04-07+before:2025-04-14
2025-04-07,Israel,Asia,40676,https://www.google.com/search?q=site:npr.org+Israel+news+after:2025-04-07+before:2025-04-14
2025-04-07,Russia,Europe,22183,https://www.google.com/search?q=site:apnews.com+Russia+news+after:2025-04-07+before:2025-04-14
2025-04-07,United Kingdom,Europe,17422,https://www.google.com/search?q=site:pbs.org+United Kingdom+news+after:2025-04-07+before:2025-04-14
2025-04-07,Ukraine,Europe,17243,https://www.google.com/search?q=site:aljazeera.com+Ukraine+news+after:2025-04-07+before:2025-04-14
2025-04-14,United States,North America,134922,https://www.google.com/search?q=site:reuters.com+United States+news+after:2025-04-14+before:2025-04-21
2025-04-14,Israel,Asia,38791,https://www.google.com/search?q=site:reuters.com+Israel+news+after:2025-04-14+before:2025-04-21
2025-04-14,Russia,Europe,26850,https://www.google.com/search?q=site:dw.com+Russia+news+after:2025-04-14+before:2025-04-21
2025-04-14,Ukraine,Europe,20525,https://www.google.com/search?q=site:apnews.com+Ukraine+news+after:2025-04-14+before:2025-04-21
2025-04-14,United Kingdom,Europe,13988,https://www.google.com/search?q=site:reuters.com+United Kingdom+news+after:2025-04-14+before:2025-04-21
2025-04-21,United States,North America,116906,https://www.google.com/search?q=site:npr.org+United States+news+after:2025-04-21+before:2025-04-28
2025-04-21,India,Asia,31516,https://www.google.com/search?q=site:npr.org+India+news+after:2025-04-21+before:2025-04-28
2025-04-21,Russia,Europe,29394,https://www.google.com/search?q=site:bbc.com+Russia+news+after:2025-04-21+before:2025-04-28
2025-04-21,Israel,Asia,27259,https://www.google.com/search?q=site:dw.com+Israel+news+after:2025-04-21+before:2025-04-28
2025-04-21,Ukraine,Europe,26256,https://www.google.com/search?q=site:dw.com+Ukraine+news+after:2025-04-21+before:2025-04-28
2025-04-28,United States,North America,108420,https://www.google.com/search?q=site:dw.com+United States+news+after:2025-04-28+before:2025-05-05
2025-04-28,Israel,Asia,38754,https://www.google.com/search?q=site:apnews.com+Israel+news+after:2025-04-28+before:2025-05-05
2025-04-28,Russia,Europe,19603,https://www.google.com/search?q=site:reuters.com+Russia+news+after:2025-04-28+before:2025-05-05
2025-04-28,Ukraine,Europe,17537,https://www.google.com/search?q=site:aljazeera.com+Ukraine+news+after:2025-04-28+before:2025-05-05
2025-04-28,India,Asia,17474,https://www.google.com/search?q=site:npr.org+India+news+after:2025-04-28+before:2025-05-05
2025-05-05,United States,North America,106577,https://www.google.com/search?q=site:reuters.com+United States+news+after:2025-05-05+before:2025-05-12
2025-05-05,Pakistan,Asia,55565,https://www.google.com/search?q=site:bbc.com+Pakistan+news+after:2025-05-05+before:2025-05-12
2025-05-05,India,Asia,44072,https://www.google.com/search?q=site:reuters.com+India+news+after:2025-05-05+before:2025-05-12
2025-05-05,Israel,Asia,37324,https://www.google.com/search?q=site:reuters.com+Israel+news+after:2025-05-05+before:2025-05-12
2025-05-05,Russia,Europe,25020,https://www.google.com/search?q=site:bbc.com+Russia+news+after:2025-05-05+before:2025-05-12
2025-05-12,United States,North America,105422,https://www.google.com/search?q=site:pbs.org+United States+news+after:2025-05-12+before:2025-05-19
2025-05-12,Israel,Asia,46379,https://www.google.com/search?q=site:npr.org+Israel+news+after:2025-05-12+before:2025-05-19
2025-05-12,Russia,Europe,21170,https://www.google.com/search?q=site:dw.com+Russia+news+after:2025-05-12+before:2025-05-19
2025-05-12,Ukraine,Europe,16272,https://www.google.com/search?q=site:bbc.com+Ukraine+news+after:2025-05-12+before:2025-05-19
2025-05-12,India,Asia,16053,https://www.google.com/search?q=site:reuters.com+India+news+after:2025-05-12+before:2025-05-19
2025-05-19,United States,North America,119232,https://www.google.com/search?q=site:dw.com+United States+news+after:2025-05-19+before:2025-05-26
2025-05-19,Israel,Asia,68367,https://www.google.com/search?q=site:aljazeera.com+Israel+news+after:2025-05-19+before:2025-05-26
2025-05-19,Russia,Europe,27305,https://www.google.com/search?q=site:bbc.com+Russia+news+after:2025-05-19+before:2025-05-26
2025-05-19,Ukraine,Europe,25164,https://www.google.com/search?q=site:reuters.com+Ukraine+news+after:2025-05-19+before:2025-05-26
2025-05-19,United Kingdom,Europe,13905,https://www.google.com/search?q=site:reuters.com+United Kingdom+news+after:2025-05-19+before:2025-05-26
2025-05-26,United States,North America,105730,https://www.google.com/search?q=site:apnews.com+United States+news+after:2025-05-26+before:2025-06-02
2025-05-26,Israel,Asia,49715,https://www.google.com/search?q=site:apnews.com+Israel+news+after:2025-05-26+before:2025-06-02
2025-05-26,Russia,Europe,30269,https://www.google.com/search?q=site:dw.com+Russia+news+after:2025-05-26+before:2025-06-02
2025-05-26,Ukraine,Europe,26599,https://www.google.com/search?q=site:reuters.com+Ukraine+news+after:2025-05-26+before:2025-06-02
2025-05-26,United Kingdom,Europe,10823,https://www.google.com/search?q=site:apnews.com+United Kingdom+news+after:2025-05-26+before:2025-06-02
2025-06-02,United States,North America,144758,https://www.google.com/search?q=site:apnews.com+United States+news+after:2025-06-02+before:2025-06-09
2025-06-02,Israel,Asia,54817,https://www.google.com/search?q=site:pbs.org+Israel+news+after:2025-06-02+before:2025-06-09
2025-06-02,Russia,Europe,35269,https://www.google.com/search?q=site:aljazeera.com+Russia+news+after:2025-06-02+before:2025-06-09
2025-06-02,Ukraine,Europe,33167,https://www.google.com/search?q=site:apnews.com+Ukraine+news+after:2025-06-02+before:2025-06-09
2025-06-02,United Kingdom,Europe,13946,https://www.google.com/search?q=site:dw.com+United Kingdom+news+after:2025-06-02+before:2025-06-09
2025-06-09,United States,North America,162137,https://www.google.com/search?q=site:reuters.com+United States+news+after:2025-06-09+before:2025-06-16
2025-06-09,Israel,Asia,77749,https://www.google.com/search?q=site:apnews.com+Israel+news+after:2025-06-09+before:2025-06-16
2025-06-09,Iran,Asia,48715,https://www.google.com/search?q=site:dw.com+Iran+news+after:2025-06-09+before:2025-06-16
2025-06-09,United Kingdom,Europe,22690,https://www.google.com/search?q=site:apnews.com+United Kingdom+news+after:2025-06-09+before:2025-06-16
2025-06-09,Russia,Europe,16919,https://www.google.com/search?q=site:dw.com+Russia+news+after:2025-06-09+before:2025-06-16
2025-06-30,United States,North America,61909,https://www.google.com/search?q=site:bbc.com+United States+news+after:2025-06-30+before:2025-07-07
2025-06-30,Israel,Asia,34157,https://www.google.com/search?q=site:apnews.com+Israel+news+after:2025-06-30+before:2025-07-07
2025-06-30,Russia,Europe,19974,https://www.google.com/search?q=site:apnews.com+Russia+news+after:2025-06-30+before:2025-07-07
2025-06-30,Ukraine,Europe,19002,https://www.google.com/search?q=site:npr.org+Ukraine+news+after:2025-06-30+before:2025-07-07
2025-06-30,United Kingdom,Europe,9258,https://www.google.com/search?q=site:bbc.com+United Kingdom+news+after:2025-06-30+before:2025-07-07
2025-07-07,United States,North America,101215,https://www.google.com/search?q=site:bbc.com+United States+news+after:2025-07-07+before:2025-07-14
2025-07-07,Israel,Asia,48312,https://www.google.com/search?q=site:dw.com+Israel+news+after:2025-07-07+before:2025-07-14
2025-07-07,Russia,Europe,25641,https://www.google.com/search?q=site:apnews.com+Russia+news+after:2025-07-07+before:2025-07-14
2025-07-07,Ukraine,Europe,24744,https://www.google.com/search?q=site:apnews.com+Ukraine+news+after:2025-07-07+before:2025-07-14
2025-07-07,United Kingdom,Europe,13640,https://www.google.com/search?q=site:bbc.com+United Kingdom+news+after:2025-07-07+before:2025-07-14
2025-07-14,United States,North America,109575,https://www.google.com/search?q=site:bbc.com+United States+news+after:2025-07-14+before:2025-07-21
2025-07-14,Israel,Asia,47796,https://www.google.com/search?q=site:bbc.com+Israel+news+after:2025-07-14+before:2025-07-21
2025-07-14,Syria,Asia,32157,https://www.google.com/search?q=site:npr.org+Syria+news+after:2025-07-14+before:2025-07-21
2025-07-14,Russia,Europe,20784,https://www.google.com/search?q=site:reuters.com+Russia+news+after:2025-07-14+before:2025-07-21
2025-07-14,United Kingdom,Europe,17858,https://www.google.com/search?q=site:apnews.com+United Kingdom+news+after:2025-07-14+before:2025-07-21
2025-07-21,United States,North America,123787,https://www.google.com/search?q=site:pbs.org+United States+news+after:2025-07-21+before:2025-07-28
2025-07-21,Israel,Asia,47892,https://www.google.com/search?q=site:reuters.com+Israel+news+after:2025-07-21+before:2025-07-28
2025-07-21,United Kingdom,Europe,21851,https://www.google.com/search?q=site:pbs.org+United Kingdom+news+after:2025-07-21+before:2025-07-28
2025-07-21,Russia,Europe,20792,https://www.google.com/search?q=site:pbs.org+Russia+news+after:2025-07-21+before:2025-07-28
2025-07-21,Thailand,Asia,17726,https://www.google.com/search?q=site:bbc.com+Thailand+news+after:2025-07-21+before:2025-07-28
2025-07-28,United States,North America,109305,https://www.google.com/search?q=site:reuters.com+United States+news+after:2025-07-28+before:2025-08-04
2025-07-28,Israel,Asia,41250,https://www.google.com/search?q=site:reuters.com+Israel+news+after:2025-07-28+before:2025-08-04
2025-07-28,Russia,Europe,24036,https://www.google.com/search?q=site:npr.org+Russia+news+after:2025-07-28+before:2025-08-04
2025-07-28,Ukraine,Europe,18887,https://www.google.com/search?q=site:dw.com+Ukraine+news+after:2025-07-28+before:2025-08-04
2025-07-28,United Kingdom,Europe,15447,https://www.google.com/search?q=site:dw.com+United Kingdom+news+after:2025-07-28+before:2025-08-04
2025-08-04,United States,North America,126383,https://www.google.com/search?q=site:apnews.com+United States+news+after:2025-08-04+before:2025-08-11
2025-08-04,Israel,Asia,53081,https://www.google.com/search?q=site:aljazeera.com+Israel+news+after:2025-08-04+before:2025-08-11
2025-08-04,Russia,Europe,24529,https://www.google.com/search?q=site:aljazeera.com+Russia+news+after:2025-08-04+before:2025-08-11
2025-08-04,United Kingdom,Europe,20965,https://www.google.com/search?q=site:apnews.com+United Kingdom+news+after:2025-08-04+before:2025-08-11
2025-08-04,Ukraine,Europe,16339,https://www.google.com/search?q=site:reuters.com+Ukraine+news+after:2025-08-04+before:2025-08-11
2025-08-11,United States,North America,116589,https://www.google.com/search?q=site:apnews.com+United States+news+after:2025-08-11+before:2025-08-18
2025-08-11,Israel,Asia,47127,https://www.google.com/search?q=site:reuters.com+Israel+news+after:2025-08-11+before:2025-08-18
2025-08-11,Russia,Europe,21355,https://www.google.com/search?q=site:apnews.com+Russia+news+after:2025-08-11+before:2025-08-18
2025-08-11,Ukraine,Europe,18629,https://www.google.com/search?q=site:npr.org+Ukraine+news+after:2025-08-11+before:2025-08-18
2025-08-11,United Kingdom,Europe,15345,https://www.google.com/search?q=site:apnews.com+United Kingdom+news+after:2025-08-11+before:2025-08-18
2025-08-18,United States,North America,123174,https://www.google.com/search?q=site:apnews.com+United States+news+after:2025-08-18+before:2025-08-25
2025-08-18,Israel,Asia,44297,https://www.google.com/search?q=site:reuters.com+Israel+news+after:2025-08-18+before:2025-08-25
2025-08-18,Russia,Europe,24642,https://www.google.com/search?q=site:pbs.org+Russia+news+after:2025-08-18+before:2025-08-25
2025-08-18,Ukraine,Europe,23292,https://www.google.com/search?q=site:aljazeera.com+Ukraine+news+after:2025-08-18+before:2025-08-25
2025-08-18,United Kingdom,Europe,16730,https://www.google.com/search?q=site:bbc.com+United Kingdom+news+after:2025-08-18+before:2025-08-25
2025-08-25,United States,North America,134019,https://www.google.com/search?q=site:npr.org+United States+news+after:2025-08-25+before:2025-09-01
2025-08-25,Israel,Asia,68859,https://www.google.com/search?q=site:reuters.com+Israel+news+after:2025-08-25+before:2025-09-01
2025-08-25,Ukraine,Europe,24706,https://www.google.com/search?q=site:bbc.com+Ukraine+news+after:2025-08-25+before:2025-09-01
2025-08-25,Russia,Europe,23982,https://www.google.com/search?q=site:reuters.com+Russia+news+after:2025-08-25+before:2025-09-01
2025-08-25,Australia,Oceania,18202,https://www.google.com/search?q=site:aljazeera.com+Australia+news+after:2025-08-25+before:2025-09-01
2025-09-01,United States,North America,109914,https://www.google.com/search?q=site:reuters.com+United States+news+after:2025-09-01+before:2025-09-08
2025-09-01,Israel,Asia,40986,https://www.google.com/search?q=site:dw.com+Israel+news+after:2025-09-01+before:2025-09-08
2025-09-01,Ukraine,Europe,20325,https://www.google.com/search?q=site:apnews.com+Ukraine+news+after:2025-09-01+before:2025-09-08
2025-09-01,Russia,Europe,18245,https://www.google.com/search?q=site:dw.com+Russia+news+after:2025-09-01+before:2025-09-08
2025-09-01,United Kingdom,Europe,16039,https://www.google.com/search?q=site:pbs.org+United Kingdom+news+after:2025-09-01+before:2025-09-08
2025-09-08,United States,North America,188561,https://www.google.com/search?q=site:bbc.com+United States+news+after:2025-09-08+before:2025-09-15
2025-09-08,Israel,Asia,58288,https://www.google.com/search?q=site:npr.org+Israel+news+after:2025-09-08+before:2025-09-15
2025-09-08,Russia,Europe,32298,https://www.google.com/search?q=site:pbs.org+Russia+news+after:2025-09-08+before:2025-09-15
2025-09-08,Ukraine,Europe,22734,https://www.google.com/search?q=site:pbs.org+Ukraine+news+after:2025-09-08+before:2025-09-15
2025-09-08,Nepal,Asia,20897,https://www.google.com/search?q=site:aljazeera.com+Nepal+news+after:2025-09-08+before:2025-09-15
2025-09-15,United States,North America,166851,https://www.google.com/search?q=site:aljazeera.com+United States+news+after:2025-09-15+before:2025-09-22
2025-09-15,Israel,Asia,54209,https://www.google.com/search?q=site:aljazeera.com+Israel+news+after:2025-09-15+before:2025-09-22
2025-09-15,Russia,Europe,23448,https://www.google.com/search?q=site:bbc.com+Russia+news+after:2025-09-15+before:2025-09-22
2025-09-15,United Kingdom,Europe,17220,https://www.google.com/search?q=site:pbs.org+United Kingdom+news+after:2025-09-15+before:2025-09-22
2025-09-15,Ukraine,Europe,14422,https://www.google.com/search?q=site:reuters.com+Ukraine+news+after:2025-09-15+before:2025-09-22
2025-09-22,United States,North America,132185,https://www.google.com/search?q=site:pbs.org+United States+news+after:2025-09-22+before:2025-09-29
2025-09-22,Israel,Asia,42383,https://www.google.com/search?q=site:reuters.com+Israel+news+after:2025-09-22+before:2025-09-29
2025-09-22,Russia,Europe,28095,https://www.google.com/search?q=site:aljazeera.com+Russia+news+after:2025-09-22+before:2025-09-29
2025-09-22,Ukraine,Europe,17413,https://www.google.com/search?q=site:reuters.com+Ukraine+news+after:2025-09-22+before:2025-09-29
2025-09-22,United Kingdom,Europe,14105,https://www.google.com/search?q=site:dw.com+United Kingdom+news+after:2025-09-22+before:2025-09-29
2025-09-29,United States,North America,126711,https://www.google.com/search?q=site:reuters.com+United States+news+after:2025-09-29+before:2025-10-06
2025-09-29,Israel,Asia,53927,https://www.google.com/search?q=site:bbc.com+Israel+news+after:2025-09-29+before:2025-10-06
2025-09-29,United Kingdom,Europe,22924,https://www.google.com/search?q=site:apnews.com+United Kingdom+news+after:2025-09-29+before:2025-10-06
2025-09-29,Russia,Europe,18933,https://www.google.com/search?q=site:reuters.com+Russia+news+after:2025-09-29+before:2025-10-06
2025-09-29,Ukraine,Europe,13721,https://www.google.com/search?q=site:reuters.com+Ukraine+news+after:2025-09-29+before:2025-10-06
2025-10-06,United States,North America,124899,https://www.google.com/search?q=site:apnews.com+United States+news+after:2025-10-06+before:2025-10-13
2025-10-06,Israel,Asia,63441,https://www.google.com/search?q=site:pbs.org+Israel+news+after:2025-10-06+before:2025-10-13
2025-10-06,Russia,Europe,17158,https://www.google.com/search?q=site:apnews.com+Russia+news+after:2025-10-06+before:2025-10-13
2025-10-06,United Kingdom,Europe,16651,https://www.google.com/search?q=site:reuters.com+United Kingdom+news+after:2025-10-06+before:2025-10-13
2025-10-06,Ukraine,Europe,12177,https://www.google.com/search?q=site:aljazeera.com+Ukraine+news+after:2025-10-06+before:2025-10-13
2025-10-13,United States,North America,104384,https://www.google.com/search?q=site:aljazeera.com+United States+news+after:2025-10-13+before:2025-10-20
2025-10-13,Israel,Asia,69492,https://www.google.com/search?q=site:npr.org+Israel+news+after:2025-10-13+before:2025-10-20
2025-10-13,Russia,Europe,18048,https://www.google.com/search?q=site:dw.com+Russia+news+after:2025-10-13+before:2025-10-20
2025-10-13,United Kingdom,Europe,15533,https://www.google.com/search?q=site:pbs.org+United Kingdom+news+after:2025-10-13+before:2025-10-20
2025-10-13,Ukraine,Europe,14544,https://www.google.com/search?q=site:reuters.com+Ukraine+news+after:2025-10-13+before:2025-10-20
2025-10-20,United States,North America,110688,https://www.google.com/search?q=site:aljazeera.com+United States+news+after:2025-10-20+before:2025-10-27
2025-10-20,Israel,Asia,33363,https://www.google.com/search?q=site:apnews.com+Israel+news+after:2025-10-20+before:2025-10-27
2025-10-20,Russia,Europe,28392,https://www.google.com/search?q=site:apnews.com+Russia+news+after:2025-10-20+before:2025-10-27
2025-10-20,United Kingdom,Europe,25136,https://www.google.com/search?q=site:pbs.org+United Kingdom+news+after:2025-10-20+before:2025-10-27
2025-10-20,Ukraine,Europe,18797,https://www.google.com/search?q=site:dw.com+Ukraine+news+after:2025-10-20+before:2025-10-27
2025-10-27,United States,North America,98363,https://www.google.com/search?q=site:aljazeera.com+United States+news+after:2025-10-27+before:2025-11-03
2025-10-27,Israel,Asia,34388,https://www.google.com/search?q=site:npr.org+Israel+news+after:2025-10-27+before:2025-11-03
2025-10-27,United Kingdom,Europe,19712,https://www.google.com/search?q=site:reuters.com+United Kingdom+news+after:2025-10-27+before:2025-11-03
2025-10-27,Russia,Europe,19632,https://www.google.com/search?q=site:aljazeera.com+Russia+news+after:2025-10-27+before:2025-11-03
2025-10-27,Ukraine,Europe,14937,https://www.google.com/search?q=site:aljazeera.com+Ukraine+news+after:2025-10-27+before:2025-11-03
2025-11-03,United States,North America,97751,https://www.google.com/search?q=site:reuters.com+United States+news+after:2025-11-03+before:2025-11-10
2025-11-03,Israel,Asia,26184,https://www.google.com/search?q=site:apnews.com+Israel+news+after:2025-11-03+before:2025-11-10
2025-11-03,Russia,Europe,17952,https://www.google.com/search?q=site:bbc.com+Russia+news+after:2025-11-03+before:2025-11-10
2025-11-03,United Kingdom,Europe,15862,https://www.google.com/search?q=site:reuters.com+United Kingdom+news+after:2025-11-03+before:2025-11-10
2025-11-03,Ukraine,Europe,14093,https://www.google.com/search?q=site:dw.com+Ukraine+news+after:2025-11-03+before:2025-11-10
2025-11-10,United States,North America,94791,https://www.google.com/search?q=site:reuters.com+United States+news+after:2025-11-10+before:2025-11-17
2025-11-10,Israel,Asia,20307,https://www.google.com/search?q=site:dw.com+Israel+news+after:2025-11-10+before:2025-11-17
2025-11-10,Russia,Europe,16214,https://www.google.com/search?q=site:aljazeera.com+Russia+news+after:2025-11-10+before:2025-11-17
2025-11-10,United Kingdom,Europe,14625,https://www.google.com/search?q=site:npr.org+United Kingdom+news+after:2025-11-10+before:2025-11-17
2025-11-10,India,Asia,13689,https://www.google.com/search?q=site:reuters.com+India+news+after:2025-11-10+before:2025-11-17
2025-11-17,United States,North America,104897,https://www.google.com/search?q=site:pbs.org+United States+news+after:2025-11-17+before:2025-11-24
2025-11-17,Israel,Asia,30301,https://www.google.com/search?q=site:apnews.com+Israel+news+after:2025-11-17+before:2025-11-24
2025-11-17,Russia,Europe,20350,https://www.google.com/search?q=site:reuters.com+Russia+news+after:2025-11-17+before:2025-11-24
2025-11-17,Ukraine,Europe,17464,https://www.google.com/search?q=site:npr.org+Ukraine+news+after:2025-11-17+before:2025-11-24
2025-11-17,Nigeria,Africa,15335,https://www.google.com/search?q=site:aljazeera.com+Nigeria+news+after:2025-11-17+before:2025-11-24
2025-11-24,United States,North America,97162,https://www.google.com/search?q=site:npr.org+United States+news+after:2025-11-24+before:2025-12-01
2025-11-24,Israel,Asia,29073,https://www.google.com/search?q=site:npr.org+Israel+news+after:2025-11-24+before:2025-12-01
2025-11-24,Russia,Europe,19048,https://www.google.com/search?q=site:npr.org+Russia+news+after:2025-11-24+before:2025-12-01
2025-11-24,Ukraine,Europe,16915,https://www.google.com/search?q=site:aljazeera.com+Ukraine+news+after:2025-11-24+before:2025-12-01
2025-11-24,United Kingdom,Europe,10791,https://www.google.com/search?q=site:bbc.com+United Kingdom+news+after:2025-11-24+before:2025-12-01
2025-12-01,United States,North America,109253,https://www.google.com/search?q=site:reuters.com+United States+news+after:2025-12-01+before:2025-12-08
2025-12-01,Israel,Asia,22029,https://www.google.com/search?q=site:npr.org+Israel+news+after:2025-12-01+before:2025-12-08
2025-12-01,Russia,Europe,19720,https://www.google.com/search?q=site:aljazeera.com+Russia+news+after:2025-12-01+before:2025-12-08
2025-12-01,Ukraine,Europe,15655,https://www.google.com/search?q=site:reuters.com+Ukraine+news+after:2025-12-01+before:2025-12-08
2025-12-01,United Kingdom,Europe,11132,https://www.google.com/search?q=site:apnews.com+United Kingdom+news+after:2025-12-01+before:2025-12-08
2025-12-08,United States,North America,104914,https://www.google.com/search?q=site:apnews.com+United States+news+after:2025-12-08+before:2025-12-15
2025-12-08,Australia,Oceania,34977,https://www.google.com/search?q=site:apnews.com+Australia+news+after:2025-12-08+before:2025-12-15
2025-12-08,Russia,Europe,18345,https://www.google.com/search?q=site:pbs.org+Russia+news+after:2025-12-08+before:2025-12-15
2025-12-08,Ukraine,Europe,17566,https://www.google.com/search?q=site:reuters.com+Ukraine+news+after:2025-12-08+before:2025-12-15
2025-12-08,Israel,Asia,17057,https://www.google.com/search?q=site:reuters.com+Israel+news+after:2025-12-08+before:2025-12-15
2025-12-15,United States,North America,127518,https://www.google.com/search?q=site:apnews.com+United States+news+after:2025-12-15+before:2025-12-22
2025-12-15,Australia,Oceania,60920,https://www.google.com/search?q=site:apnews.com+Australia+news+after:2025-12-15+before:2025-12-22
2025-12-15,Israel,Asia,18474,https://www.google.com/search?q=site:reuters.com+Israel+news+after:2025-12-15+before:2025-12-22
2025-12-15,Russia,Europe,17561,https://www.google.com/search?q=site:apnews.com+Russia+news+after:2025-12-15+before:2025-12-22
2025-12-15,United Kingdom,Europe,16990,https://www.google.com/search?q=site:bbc.com+United Kingdom+news+after:2025-12-15+before:2025-12-22
2025-12-22,United States,North America,64123,https://www.google.com/search?q=site:reuters.com+United States+news+after:2025-12-22+before:2025-12-29
2025-12-22,Russia,Europe,24299,https://www.google.com/search?q=site:dw.com+Russia+news+after:2025-12-22+before:2025-12-29
2025-12-22,Israel,Asia,20978,https://www.google.com/search?q=site:reuters.com+Israel+news+after:2025-12-22+before:2025-12-29
2025-12-22,Ukraine,Europe,17974,https://www.google.com/search?q=site:npr.org+Ukraine+news+after:2025-12-22+before:2025-12-29
2025-12-22,United Kingdom,Europe,14598,https://www.google.com/search?q=site:reuters.com+United Kingdom+news+after:2025-12-22+before:2025-12-29
2025-12-29,United States,North America,87671,https://www.google.com/search?q=site:reuters.com+United States+news+after:2025-12-29+before:2026-01-05
2025-12-29,Venezuela,South America,40031,https://www.google.com/search?q=site:reuters.com+Venezuela+news+after:2025-12-29+before:2026-01-05
2025-12-29,Ukraine,Europe,17883,https://www.google.com/search?q=site:reuters.com+Ukraine+news+after:2025-12-29+before:2026-01-05
2025-12-29,Russia,Europe,16614,https://www.google.com/search?q=site:reuters.com+Russia+news+after:2025-12-29+before:2026-01-05
2025-12-29,Israel,Asia,15096,https://www.google.com/search?q=site:dw.com+Israel+news+after:2025-12-29+before:2026-01-05
2026-01-05,United States,North America,136947,https://www.google.com/search?q=site:dw.com+United States+news+after:2026-01-05+before:2026-01-12
2026-01-05,Venezuela,South America,40249,https://www.google.com/search?q=site:aljazeera.com+Venezuela+news+after:2026-01-05+before:2026-01-12
2026-01-05,Iran,Asia,17571,https://www.google.com/search?q=site:dw.com+Iran+news+after:2026-01-05+before:2026-01-12
2026-01-05,Russia,Europe,15155,https://www.google.com/search?q=site:bbc.com+Russia+news+after:2026-01-05+before:2026-01-12
2026-01-05,Ukraine,Europe,15144,https://www.google.com/search?q=site:apnews.com+Ukraine+news+after:2026-01-05+before:2026-01-12
2026-01-12,United States,North America,113405,https://www.google.com/search?q=site:reuters.com+United States+news+after:2026-01-12+before:2026-01-19
2026-01-12,Iran,Asia,29633,https://www.google.com/search?q=site:bbc.com+Iran+news+after:2026-01-12+before:2026-01-19
2026-01-12,United Kingdom,Europe,14819,https://www.google.com/search?q=site:npr.org+United Kingdom+news+after:2026-01-12+before:2026-01-19
2026-01-12,Israel,Asia,14695,https://www.google.com/search?q=site:apnews.com+Israel+news+after:2026-01-12+before:2026-01-19
2026-01-12,Venezuela,South America,13742,https://www.google.com/search?q=site:reuters.com+Venezuela+news+after:2026-01-12+before:2026-01-19
