mention_week,conflict_country_name,conflict_continent,material_conflict_mentions,material_conflict_unique_events,material_conflict_mentions_weighted
2015-02-16,United States,North America,98192,33319,9.270112778168848
2015-02-16,Ukraine,Europe,22242,8985,9.938102404466312
2015-02-16,Syria,Asia,15591,6371,5.426069274252885
2015-02-16,Russia,Europe,12586,5546,5.666502003059111
2015-02-16,Australia,Oceania,12322,2817,1.1648748320295326
2015-02-16,Libya,Africa,12087,4791,4.765327005840616
2015-02-16,Iraq,Asia,12027,4061,2.569012093622302
2015-02-16,Nigeria,Africa,11954,5091,5.025153066400665
2015-02-16,Egypt,Africa,10762,5062,4.312952408036242
2015-02-16,United Kingdom,Europe,10101,4129,1.9833851624792445
2015-02-16,India,Asia,9263,3923,1.180831166744736
2015-02-16,Turkey,Asia,8509,3169,3.312083099026923
2015-02-16,Canada,North America,6125,2356,0.7157336821177172
2015-02-16,Israel,Asia,5707,2796,0.9860096016186336
2015-02-16,France,Europe,5178,2390,1.878953104597021
2015-02-23,United States,North America,220589,65640,10.19157300898578
2015-02-23,Russia,Europe,50240,15941,14.334789142663011
2015-02-23,Syria,Asia,41214,16107,7.286460147676932
2015-02-23,Iraq,Asia,36043,11600,4.989375611003563
2015-02-23,Ukraine,Europe,29132,13224,6.643993612425257
2015-02-23,Australia,Oceania,26434,4893,1.260459098051708
2015-02-23,United Kingdom,Europe,23017,8613,2.5200881150130283
2015-02-23,Egypt,Africa,21184,8844,4.468789359227785
2015-02-23,Nigeria,Africa,19563,8372,2.7786723417265486
2015-02-23,Israel,Asia,18868,8987,2.1253163064956593
2015-02-23,Turkey,Asia,17631,5771,1.5730454481383915
2015-02-23,France,Europe,14388,5445,3.56732156943013
2015-02-23,Venezuela,South America,12849,4239,3.1744833364726395
2015-02-23,Bangladesh,Asia,11883,4626,1.572234564789507
2015-02-23,Mexico,North America,11881,4374,1.7824719894269934
2015-03-02,United States,North America,237230,68309,11.816105012791976
2015-03-02,Russia,Europe,48205,18518,14.492718624887557
2015-03-02,Iraq,Asia,37647,14394,7.645921559979033
2015-03-02,Syria,Asia,28358,12712,5.426147975708797
2015-03-02,Australia,Oceania,25787,5174,1.2934525409045399
2015-03-02,Ukraine,Europe,25136,12104,4.8676451326985
2015-03-02,United Kingdom,Europe,24762,9444,2.4340480515753797
2015-03-02,India,Asia,22062,9804,3.0244440834693185
2015-03-02,Israel,Asia,19839,9048,2.32389530255061
2015-03-02,France,Europe,15175,5242,2.3331968079451046
2015-03-02,Egypt,Africa,14983,6251,2.6195191133092077
2015-03-02,Nigeria,Africa,14512,6326,3.2522424628065485
2015-03-02,Indonesia,Asia,13834,3309,1.576951818136682
2015-03-02,Iran,Asia,13549,5644,1.9549668643611242
2015-03-02,Canada,North America,12469,4111,0.7143952822201718
2015-03-09,United States,North America,241638,68867,14.138400588948086
2015-03-09,Iraq,Asia,49619,17026,9.470766328136705
2015-03-09,Syria,Asia,32104,12613,4.702853226575706
2015-03-09,Russia,Europe,26761,12988,8.27858721983482
2015-03-09,India,Asia,24248,11731,3.1708872230270995
2015-03-09,Pakistan,Asia,22923,9616,3.1570313306211135
2015-03-09,Australia,Oceania,22732,4606,1.0953365786284657
2015-03-09,United Kingdom,Europe,19413,8357,1.9956055434719302
2015-03-09,Nigeria,Africa,15473,6875,2.4450167057967045
2015-03-09,Ukraine,Europe,15242,8358,3.2179346831398052
2015-03-09,France,Europe,15241,5603,2.9789512217703695
2015-03-09,Egypt,Africa,14141,6013,2.1254083725470063
2015-03-09,Israel,Asia,13974,7112,1.6428364527400978
2015-03-09,Turkey,Asia,12430,4754,1.797438441590035
2015-03-09,China,Asia,10537,4889,2.04138293990962
2015-03-16,United States,North America,254968,66261,14.019868486086184
2015-03-16,Tunisia,Africa,53783,13294,9.857652663731773
2015-03-16,Yemen,Asia,28897,8871,5.339127630572039
2015-03-16,Pakistan,Asia,25481,11051,3.0805407597349923
2015-03-16,Syria,Asia,25295,10164,3.8026133252827963
2015-03-16,India,Asia,24695,9401,2.0005400132850495
2015-03-16,Australia,Oceania,24401,4732,0.9380628415162833
2015-03-16,Iraq,Asia,21611,9001,4.000469333967266
2015-03-16,Russia,Europe,20974,9844,5.614874323588263
2015-03-16,United Kingdom,Europe,20244,8329,2.0860258403851635
2015-03-16,Israel,Asia,16857,7157,1.6769012112154709
2015-03-16,Ukraine,Europe,15506,8476,3.3130848086887394
2015-03-16,Libya,Africa,13570,4825,2.947469826635389
2015-03-16,France,Europe,12985,5333,2.5830909107811966
2015-03-16,Afghanistan,Asia,11225,3319,1.2369684884063503
2015-03-23,United States,North America,218574,62981,12.234359836822165
2015-03-23,Yemen,Asia,42815,16378,10.641147617927961
2015-03-23,United Kingdom,Europe,24360,8715,2.7426530036677215
2015-03-23,Saudi Arabia,Asia,22885,9632,5.295129571875022
2015-03-23,Syria,Asia,22772,9851,3.5946977250565673
2015-03-23,Nigeria,Africa,22362,8998,4.9364944172489995
2015-03-23,Iraq,Asia,20977,7777,2.791869213790604
2015-03-23,Italy,Europe,20283,4807,2.1319777301874563
2015-03-23,Afghanistan,Asia,19634,4636,1.84237748655805
2015-03-23,Australia,Oceania,18721,3736,0.8847287187615165
2015-03-23,India,Asia,16871,7593,1.087880159986368
2015-03-23,Pakistan,Asia,15625,7081,1.8437089745959727
2015-03-23,Ukraine,Europe,13850,7668,3.1295064659444747
2015-03-23,Russia,Europe,13513,6488,3.5755712076388746
2015-03-23,France,Europe,13471,4900,2.3688306131243473
2015-03-30,United States,North America,199901,61840,9.907457248145372
2015-03-30,Kenya,Africa,61008,16135,18.12928000862197
2015-03-30,Yemen,Asia,37011,15405,7.9801060496939416
2015-03-30,Syria,Asia,26394,10517,3.870883486718385
2015-03-30,Saudi Arabia,Asia,26015,9120,3.913592930600539
2015-03-30,Turkey,Asia,22564,9946,8.006290800157686
2015-03-30,Israel,Asia,21165,9083,2.6383836844868287
2015-03-30,Somalia,Africa,20167,5208,3.574739347952497
2015-03-30,Australia,Oceania,20107,3643,0.9313665393240489
2015-03-30,Iraq,Asia,20073,7922,2.96493057580673
2015-03-30,Iran,Asia,17959,6726,2.6865061962454626
2015-03-30,United Kingdom,Europe,16098,7339,2.157395717822909
2015-03-30,India,Asia,14696,7771,0.895178021756056
2015-03-30,China,Asia,13438,5049,1.7892868912827409
2015-03-30,Ukraine,Europe,13411,7072,3.077465482637624
2015-04-06,United States,North America,258132,69324,16.109303538593174
2015-04-06,Syria,Asia,27477,11377,4.721298994870722
2015-04-06,Yemen,Asia,25881,11320,5.491044958387517
2015-04-06,Kenya,Africa,23850,9509,8.864152304313452
2015-04-06,Australia,Oceania,20326,3424,1.0607011138645157
2015-04-06,India,Asia,20029,10076,1.3255610510221307
2015-04-06,Pakistan,Asia,18594,7630,2.033648747602977
2015-04-06,Turkey,Asia,18330,6701,3.934815734629803
2015-04-06,Egypt,Africa,18209,6133,3.962134110157087
2015-04-06,Saudi Arabia,Asia,17307,7511,2.9494333349096724
2015-04-06,Iraq,Asia,17008,7535,2.8748399844326507
2015-04-06,Afghanistan,Asia,15878,4329,2.6925491753285873
2015-04-06,Russia,Europe,14740,7219,4.7001480407410705
2015-04-06,Ukraine,Europe,13862,7256,3.48761834661245
2015-04-06,United Kingdom,Europe,13859,6355,1.767829488648601
2015-04-13,United States,North America,234949,67614,13.475668702175858
2015-04-13,Iraq,Asia,46449,13702,7.180882569696344
2015-04-13,Australia,Oceania,27866,4829,1.7566591948575383
2015-04-13,Yemen,Asia,22379,9518,5.69183817127444
2015-04-13,Ukraine,Europe,20884,9295,4.817360212748321
2015-04-13,Syria,Asia,19723,7725,2.6751336195058917
2015-04-13,Russia,Europe,19394,8547,5.2620383302995215
2015-04-13,United Kingdom,Europe,16557,7042,1.7671157705603833
2015-04-13,India,Asia,15729,7651,1.181385135378107
2015-04-13,Pakistan,Asia,14645,7179,1.4616313192284947
2015-04-13,Nigeria,Africa,14131,5698,2.178792862132858
2015-04-13,Saudi Arabia,Asia,13108,5431,2.3581944102343932
2015-04-13,Iran,Asia,12235,5479,2.111297846027748
2015-04-13,Israel,Asia,11353,6173,1.524533998283761
2015-04-13,Turkey,Asia,10427,4571,2.239911742050947
2015-04-20,United States,North America,239721,62230,11.963608211370682
2015-04-20,Australia,Oceania,30903,5916,1.9832898777712529
2015-04-20,Syria,Asia,29570,11085,4.563780797916671
2015-04-20,Iraq,Asia,23811,7683,2.901956116735938
2015-04-20,Yemen,Asia,22519,9504,5.063203453688467
2015-04-20,United Kingdom,Europe,20070,7267,1.9004925762176208
2015-04-20,Turkey,Asia,19112,6951,3.0181400805614698
2015-04-20,Pakistan,Asia,19108,7305,1.943007501440873
2015-04-20,Israel,Asia,19016,8434,2.9680085457557435
2015-04-20,Egypt,Africa,18162,7252,3.7768293379568605
2015-04-20,Italy,Europe,17947,4886,2.2491241995356352
2015-04-20,Indonesia,Asia,17125,3798,2.1589722494642984
2015-04-20,Iran,Asia,15195,4356,1.3406491452058484
2015-04-20,Russia,Europe,14980,7602,4.504331499932399
2015-04-20,Ukraine,Europe,14240,7305,3.3699709043228396
2015-04-27,United States,North America,291392,65030,17.4952577987313
2015-04-27,Australia,Oceania,36462,6684,2.1737773204561592
2015-04-27,Indonesia,Asia,33316,7762,3.7792358198023286
2015-04-27,Syria,Asia,32022,12239,5.374924793024085
2015-04-27,Nigeria,Africa,20807,6489,3.2626122232621393
2015-04-27,United Kingdom,Europe,17752,6566,2.0768869402376313
2015-04-27,Yemen,Asia,17626,6936,3.663311285748377
2015-04-27,Saudi Arabia,Asia,17253,5640,2.2932734354722846
2015-04-27,Pakistan,Asia,16352,6556,2.1597143735008113
2015-04-27,Nepal,Asia,16313,3176,2.651458505294604
2015-04-27,Iraq,Asia,16165,6225,2.440524926213998
2015-04-27,Israel,Asia,15853,7407,2.155936983065495
2015-04-27,Ukraine,Europe,15090,7099,3.314321416317781
2015-04-27,Mexico,North America,13806,4335,3.06005468726806
2015-04-27,Iran,Asia,12400,4289,1.5947569466435092
2015-05-04,United States,North America,315083,65270,15.660396877962782
2015-05-04,Syria,Asia,30065,12056,6.0197993251040645
2015-05-04,United Kingdom,Europe,29550,8871,2.9245361158291363
2015-05-04,Australia,Oceania,21389,4001,1.270481239181182
2015-05-04,Iraq,Asia,19200,6499,3.158442072830041
2015-05-04,Yemen,Asia,18765,7575,4.681761080208541
2015-05-04,Canada,North America,16998,3714,0.646265396227993
2015-05-04,Saudi Arabia,Asia,15111,6450,3.556655063902493
2015-05-04,Israel,Asia,14581,6427,1.6453158673421104
2015-05-04,France,Europe,14120,4479,3.0541060977008825
2015-05-04,India,Asia,13942,6564,1.2810716485370641
2015-05-04,Russia,Europe,13637,7243,6.2030542242696445
2015-05-04,Pakistan,Asia,12835,4610,1.1164124606566643
2015-05-04,Ukraine,Europe,12402,6548,2.9753848138595385
2015-05-04,Egypt,Africa,12224,4851,2.3047430700192733
2015-05-11,United States,North America,275187,60344,12.860694303182475
2015-05-11,Syria,Asia,37424,14885,7.589739619890324
2015-05-11,Iraq,Asia,33071,9769,4.45388401811851
2015-05-11,Afghanistan,Asia,30635,5692,2.533416000477149
2015-05-11,Egypt,Africa,23564,7507,6.4447254694874845
2015-05-11,Russia,Europe,22588,7420,5.350879322348966
2015-05-11,Pakistan,Asia,22226,8969,3.6186816921487366
2015-05-11,United Kingdom,Europe,19673,7194,2.715347163107734
2015-05-11,Australia,Oceania,17571,3308,0.8876789738373437
2015-05-11,Yemen,Asia,15186,5078,2.7089120591509452
2015-05-11,Ukraine,Europe,14810,7046,3.2566984774631695
2015-05-11,Israel,Asia,13986,6357,1.7245619538862795
2015-05-11,Saudi Arabia,Asia,13956,4351,1.8709430822866557
2015-05-11,India,Asia,11781,5915,0.7055794421097001
2015-05-11,Iran,Asia,11070,3785,1.4035691138673314
2015-05-18,United States,North America,288511,63596,14.447261210035432
2015-05-18,Iraq,Asia,43867,14234,6.972354503951328
2015-05-18,Syria,Asia,38910,15379,8.881370047605412
2015-05-18,Australia,Oceania,19957,3485,0.8763342701469164
2015-05-18,United Kingdom,Europe,19540,7739,2.114504077189222
2015-05-18,Ukraine,Europe,19109,9224,4.416628606907799
2015-05-18,Russia,Europe,17582,8647,4.924297778933549
2015-05-18,Mexico,North America,17316,5605,4.402456130613783
2015-05-18,Saudi Arabia,Asia,15392,6719,3.3511004649479
2015-05-18,India,Asia,13372,6171,0.9404716690782555
2015-05-18,Afghanistan,Asia,12555,3819,2.0089845310948027
2015-05-18,Israel,Asia,12202,5933,1.5240588730230373
2015-05-18,Yemen,Asia,11183,5188,2.809371808690734
2015-05-18,Pakistan,Asia,11016,5681,1.1977063027123858
2015-05-18,Libya,Africa,10996,3000,1.724606802363076
2015-05-25,United States,North America,215843,54032,12.845540510474608
2015-05-25,Syria,Asia,34968,13861,8.373811417783365
2015-05-25,Iraq,Asia,32707,10999,5.343776026666874
2015-05-25,Australia,Oceania,20671,3986,1.2132758744956407
2015-05-25,Israel,Asia,20233,7476,3.451721755877865
2015-05-25,Russia,Europe,19004,7999,6.056263190175908
2015-05-25,Afghanistan,Asia,18364,4594,2.030593158128134
2015-05-25,Saudi Arabia,Asia,15433,5301,2.619568187761586
2015-05-25,Ukraine,Europe,14573,7465,4.398589916891999
2015-05-25,Yemen,Asia,14533,5319,3.2796962407340393
2015-05-25,Pakistan,Asia,14495,6935,1.6238865644594016
2015-05-25,United Kingdom,Europe,13656,6117,1.6346938147888923
2015-05-25,Mexico,North America,12815,3300,1.3543198642906649
2015-05-25,Nigeria,Africa,11755,4690,4.442757225855866
2015-05-25,India,Asia,11466,5863,0.9085447167452428
2015-06-01,United States,North America,220768,54244,10.913698651616679
2015-06-01,Iraq,Asia,31521,10638,5.591150050225071
2015-06-01,Syria,Asia,28195,12460,6.138893706299787
2015-06-01,Ukraine,Europe,24326,9986,6.863660355149584
2015-06-01,China,Asia,22990,5982,4.440835076842074
2015-06-01,India,Asia,20240,9273,1.4353264916851896
2015-06-01,Israel,Asia,19993,9512,3.494493115746842
2015-06-01,Australia,Oceania,19365,3281,0.8589307922213489
2015-06-01,Russia,Europe,18348,8191,5.685933217916891
2015-06-01,Saudi Arabia,Asia,16696,4881,2.493320111188544
2015-06-01,United Kingdom,Europe,13957,6385,2.074606560576697
2015-06-01,Egypt,Africa,13768,5455,2.8567481928998415
2015-06-01,Pakistan,Asia,12571,6425,2.0370323371321413
2015-06-01,Canada,North America,12145,3368,0.9637527216641503
2015-06-01,Turkey,Asia,11927,4693,2.2480861511020733
2015-06-08,United States,North America,293769,62293,16.72359293799339
2015-06-08,Syria,Asia,30591,11605,5.139440192513943
2015-06-08,Iraq,Asia,21340,7984,3.6543518914294815
2015-06-08,India,Asia,21331,9527,1.9854934443134127
2015-06-08,Israel,Asia,20862,8449,3.06360528561985
2015-06-08,Australia,Oceania,20758,3630,1.0769704653551666
2015-06-08,Egypt,Africa,18721,6633,3.648935791500147
2015-06-08,United Kingdom,Europe,18509,7517,2.293415956076988
2015-06-08,Ukraine,Europe,18312,7932,4.1117428866158106
2015-06-08,Canada,North America,17627,4002,0.7808207923468943
2015-06-08,Pakistan,Asia,15482,7308,2.259739031149274
2015-06-08,France,Europe,14962,3438,2.1774149922915282
2015-06-08,Russia,Europe,13878,6040,4.0196962190025225
2015-06-08,Afghanistan,Asia,11824,3486,1.6080635352549058
2015-06-08,South Africa,Africa,10983,3323,2.381831897082917
2015-06-15,United States,North America,360502,72359,20.862359451242508
2015-06-15,Syria,Asia,29343,11749,4.877782864010029
2015-06-15,Iraq,Asia,21305,6150,2.505310596919003
2015-06-15,Australia,Oceania,20470,3222,0.9760792208165149
2015-06-15,Israel,Asia,20175,7870,2.2420353150729504
2015-06-15,Egypt,Africa,18553,6937,5.052342716451097
2015-06-15,Libya,Africa,18322,3831,2.5750718928574763
2015-06-15,United Kingdom,Europe,18091,7389,1.8756221668147226
2015-06-15,Yemen,Asia,17050,6069,3.3070501393482377
2015-06-15,Russia,Europe,15807,7169,4.409709386270777
2015-06-15,Ukraine,Europe,15408,6598,3.064753699517064
2015-06-15,India,Asia,13887,6274,0.8691623952536529
2015-06-15,France,Europe,12133,3970,1.7654392511341963
2015-06-15,Turkey,Asia,12108,4578,1.397939628280726
2015-06-15,Pakistan,Asia,11956,4826,0.9391174984392792
2015-06-22,United States,North America,415312,74186,15.716659255310342
2015-06-22,Tunisia,Africa,52109,9995,9.405880969049148
2015-06-22,Syria,Asia,50695,18318,8.046606811629871
2015-06-22,France,Europe,30642,8957,5.3220928306142685
2015-06-22,United Kingdom,Europe,28883,9820,2.996456425896895
2015-06-22,Israel,Asia,26860,10915,3.4276055236987673
2015-06-22,Australia,Oceania,25806,3866,0.8329147513457781
2015-06-22,Afghanistan,Asia,18050,5666,3.3595908025982597
2015-06-22,Russia,Europe,15187,6597,3.608358256778434
2015-06-22,Iraq,Asia,14969,5974,1.9059409640321523
2015-06-22,Canada,North America,14830,3640,0.6256594865669028
2015-06-22,Turkey,Asia,14795,5360,2.129612538665786
2015-06-22,Ukraine,Europe,13261,6394,3.4465242110774565
2015-06-22,India,Asia,13090,6833,0.8884719019279591
2015-06-22,Kuwait,Asia,12531,3754,2.0758993639291505
2015-06-29,United States,North America,248018,61096,11.579952362763185
2015-06-29,Egypt,Africa,67514,18108,12.90139852089015
2015-06-29,Syria,Asia,40976,15499,6.110037864793126
2015-06-29,Israel,Asia,32110,12375,3.4115189980485896
2015-06-29,Tunisia,Africa,29938,9296,6.20145150789244
2015-06-29,United Kingdom,Europe,26630,11212,3.6473183016544564
2015-06-29,Australia,Oceania,20354,3122,0.754966260145273
2015-06-29,Nigeria,Africa,18867,8037,6.119858606699781
2015-06-29,Iraq,Asia,18849,6437,2.2708510422999515
2015-06-29,Canada,North America,18340,3684,0.5349959389755266
2015-06-29,Afghanistan,Asia,16332,4983,2.1903792907694557
2015-06-29,Greece,Europe,13073,4716,4.27140681920793
2015-06-29,Russia,Europe,11564,5768,3.031135482458115
2015-06-29,India,Asia,11161,6209,0.6709896091040547
2015-06-29,France,Europe,11134,4774,2.79191256966329
2015-07-06,United States,North America,305005,72566,11.700755450818242
2015-07-06,Syria,Asia,37143,13022,4.563886402782265
2015-07-06,Israel,Asia,31625,10797,2.86033228699241
2015-07-06,United Kingdom,Europe,27252,10155,3.161640565095856
2015-07-06,Australia,Oceania,24476,4035,0.9267084691152224
2015-07-06,Iraq,Asia,21706,8406,2.8089667759713066
2015-07-06,Mexico,North America,21643,5770,2.338251454645527
2015-07-06,Egypt,Africa,20929,8677,4.854311348418884
2015-07-06,Nigeria,Africa,20318,9375,5.568576183006208
2015-07-06,India,Asia,16667,8016,1.0586738643071336
2015-07-06,Ukraine,Europe,15617,7603,2.805719190241404
2015-07-06,Afghanistan,Asia,14959,5015,2.2378428422133085
2015-07-06,Russia,Europe,14457,7314,3.516665625239914
2015-07-06,Greece,Europe,13537,4596,4.127409788699447
2015-07-06,China,Asia,11801,5271,2.552301367676784
2015-07-13,United States,North America,322745,79400,17.115896463027287
2015-07-13,Australia,Oceania,26060,4310,1.2103623414042814
2015-07-13,Ukraine,Europe,24645,10381,5.129525593726074
2015-07-13,Iran,Asia,23337,7296,2.924145403073821
2015-07-13,Iraq,Asia,22790,9225,5.0710612233700285
2015-07-13,Syria,Asia,20775,9624,4.116225085136844
2015-07-13,Mexico,North America,20225,7150,4.16035470905078
2015-07-13,United Kingdom,Europe,20147,9052,2.877226420525149
2015-07-13,Egypt,Africa,19180,7822,3.8261631098953317
2015-07-13,Israel,Asia,18285,8265,2.0753669946581383
2015-07-13,China,Asia,17971,6748,3.1289598704437793
2015-07-13,Russia,Europe,15569,7762,3.436063726490584
2015-07-13,India,Asia,15157,7609,1.9497596654709133
2015-07-13,Greece,Europe,13266,5101,4.425770682266669
2015-07-13,Nigeria,Africa,12997,6747,4.255368106135468
2015-07-20,United States,North America,307747,78148,16.403544790907898
2015-07-20,Turkey,Asia,78131,27869,19.486987674706945
2015-07-20,Syria,Asia,48116,16843,8.007674007611886
2015-07-20,Israel,Asia,26063,10242,3.121938112347564
2015-07-20,Australia,Oceania,22453,4152,0.9971617310629897
2015-07-20,Iraq,Asia,22136,8918,3.0623050276710373
2015-07-20,United Kingdom,Europe,17281,8102,2.37464805202592
2015-07-20,Ukraine,Europe,16263,8158,2.671769214289462
2015-07-20,Yemen,Asia,15379,5509,2.4563965246379467
2015-07-20,Russia,Europe,13850,7180,2.8723353871158004
2015-07-20,Afghanistan,Asia,13090,4743,2.505963152163611
2015-07-20,India,Asia,12847,6826,1.985673834300948
2015-07-20,Kenya,Africa,12557,2922,2.3232422748496115
2015-07-20,Iran,Asia,11436,5250,1.32511936834607
2015-07-20,France,Europe,11222,4124,1.6246136064282224
2015-07-27,United States,North America,306462,77868,13.380876638309665
2015-07-27,Turkey,Asia,68899,25472,15.45717735638493
2015-07-27,Israel,Asia,55245,22015,9.242490477902622
2015-07-27,Syria,Asia,34258,13801,4.420363924129811
2015-07-27,Zimbabwe,Africa,26729,4939,2.927048288398205
2015-07-27,Pakistan,Asia,25310,10710,2.677453697532256
2015-07-27,India,Asia,24769,11586,2.1146838840519777
2015-07-27,Australia,Oceania,23031,4002,0.884352577962419
2015-07-27,Iraq,Asia,22764,8328,2.7940192024310804
2015-07-27,Russia,Europe,20426,9673,4.55383237971169
2015-07-27,Ukraine,Europe,19585,9289,3.4858213516034944
2015-07-27,Afghanistan,Asia,18964,5154,2.1448410215563167
2015-07-27,United Kingdom,Europe,16688,8562,2.5387067929967544
2015-07-27,Libya,Africa,15677,4316,3.147972959123302
2015-07-27,Yemen,Asia,13115,5461,2.0659640967478006
2015-08-03,United States,North America,269586,67912,16.462172406796626
2015-08-03,Israel,Asia,34230,12923,5.012148937682234
2015-08-03,Syria,Asia,30014,12771,5.961467153633885
2015-08-03,Turkey,Asia,29158,11337,5.409095416675359
2015-08-03,Afghanistan,Asia,19405,6348,4.677715140109068
2015-08-03,Pakistan,Asia,18332,8285,2.2465412209951148
2015-08-03,Iraq,Asia,18137,6093,2.392115984396952
2015-08-03,India,Asia,17708,9223,1.2679655738466837
2015-08-03,Australia,Oceania,16609,2969,0.6784103123032047
2015-08-03,Russia,Europe,15640,7959,4.947961778829847
2015-08-03,Egypt,Africa,15329,4800,2.180928806181941
2015-08-03,United Kingdom,Europe,14980,7573,2.8258296653326234
2015-08-03,Saudi Arabia,Asia,12867,4932,2.3282221893059085
2015-08-03,Ukraine,Europe,12279,6633,2.716911392381052
2015-08-03,China,Asia,11124,3967,1.654486307903832
2015-08-10,United States,North America,302426,76449,17.25708538569488
2015-08-10,Turkey,Asia,52132,20358,12.45144071270587
2015-08-10,Syria,Asia,37029,15958,5.894771469402515
2015-08-10,Iraq,Asia,26423,10325,4.17681821432205
2015-08-10,Australia,Oceania,20732,3526,0.7760172678473625
2015-08-10,Ukraine,Europe,20411,9312,3.7226245037440884
2015-08-10,Pakistan,Asia,19466,8611,2.268635191408868
2015-08-10,Israel,Asia,19322,9873,2.4373386877917436
2015-08-10,United Kingdom,Europe,19222,8397,2.883064843679365
2015-08-10,Egypt,Africa,17267,6865,2.711785059593301
2015-08-10,China,Asia,16669,6205,3.257603381332515
2015-08-10,Russia,Europe,15890,8451,4.047484589517814
2015-08-10,India,Asia,14689,7462,0.8203743221899504
2015-08-10,Afghanistan,Asia,11710,4738,2.277938984351969
2015-08-10,Iran,Asia,10980,4402,1.1809711052720524
2015-08-17,United States,North America,253062,71601,12.685935406787253
2015-08-17,Syria,Asia,33024,14568,5.096522467632047
2015-08-17,Australia,Oceania,27044,3972,0.8582457779466434
2015-08-17,South Korea,Asia,26760,5815,5.05295949897007
2015-08-17,United Kingdom,Europe,24233,9425,2.687920927587982
2015-08-17,Israel,Asia,22659,11228,3.2226604907284675
2015-08-17,Thailand,Asia,22523,5603,4.090035240854447
2015-08-17,Turkey,Asia,22272,9759,4.020990559887789
2015-08-17,Pakistan,Asia,18591,9416,1.8220186079844307
2015-08-17,India,Asia,17826,8670,0.842872280176062
2015-08-17,France,Europe,17761,5443,2.383410139294416
2015-08-17,Russia,Europe,17684,8637,4.432134175618744
2015-08-17,Iraq,Asia,17344,6676,2.299952956330202
2015-08-17,Yemen,Asia,16426,5904,2.7144118038548184
2015-08-17,Egypt,Africa,16312,7269,2.784180895025579
2015-08-24,United States,North America,329447,77404,18.046855495990492
2015-08-24,Australia,Oceania,32442,4708,1.1518925448076203
2015-08-24,Egypt,Africa,27917,6659,2.9513077056895334
2015-08-24,Syria,Asia,24737,11797,4.354211084870799
2015-08-24,India,Asia,22912,10285,1.9239628909386584
2015-08-24,Russia,Europe,20835,9470,4.760576332257913
2015-08-24,Turkey,Asia,19508,8491,3.3396062361376653
2015-08-24,United Kingdom,Europe,18508,8567,2.3947937035752447
2015-08-24,Ukraine,Europe,17896,8966,2.8790304376274527
2015-08-24,Israel,Asia,16936,7979,2.1417714816486257
2015-08-24,Pakistan,Asia,16571,7837,1.3678000185672052
2015-08-24,Iraq,Asia,16480,7270,2.575518040586755
2015-08-24,Afghanistan,Asia,16091,5074,2.78275500941218
2015-08-24,Yemen,Asia,14651,6195,2.7229323864644575
2015-08-24,Hungary,Europe,14278,3336,1.903549364682029
2015-08-31,United States,North America,274894,70548,12.408750533339484
2015-08-31,Syria,Asia,38170,14403,6.719319937633329
2015-08-31,Turkey,Asia,29380,10650,3.836806133188574
2015-08-31,Australia,Oceania,26346,3843,0.8308843088994974
2015-08-31,Yemen,Asia,24325,8266,4.652213231406657
2015-08-31,United Kingdom,Europe,21207,8056,2.2585620819794205
2015-08-31,Ukraine,Europe,18392,9257,5.637666865462514
2015-08-31,India,Asia,16861,8828,1.3104481155227434
2015-08-31,Russia,Europe,15274,8059,3.8828480686168168
2015-08-31,Pakistan,Asia,14008,6837,1.319264011017254
2015-08-31,Israel,Asia,13957,7634,1.7829896891459052
2015-08-31,Hungary,Europe,13697,4368,2.867831251647741
2015-08-31,Iraq,Asia,12040,5612,2.177866270470085
2015-08-31,China,Asia,10922,5238,2.4444276941620524
2015-08-31,France,Europe,10792,3392,3.294557304167869
2015-09-07,United States,North America,210750,61818,11.226225009206932
2015-09-07,Turkey,Asia,42381,16601,9.184597607224624
2015-09-07,Syria,Asia,36167,15996,8.04420276915718
2015-09-07,United Kingdom,Europe,24564,11481,3.456561955177241
2015-09-07,Australia,Oceania,22837,3985,0.8142043978022081
2015-09-07,Russia,Europe,20339,10471,4.864625319094434
2015-09-07,India,Asia,19600,9634,1.1680965668232075
2015-09-07,Israel,Asia,18210,8553,2.7757457471777514
2015-09-07,Iraq,Asia,15212,6933,3.022820250122944
2015-09-07,Yemen,Asia,15123,6960,3.0520754267451875
2015-09-07,Saudi Arabia,Asia,13964,5377,2.1420937126303485
2015-09-07,Pakistan,Asia,13864,6774,1.4471420487933095
2015-09-07,Ukraine,Europe,12299,6921,1.9724856748961872
2015-09-07,Venezuela,South America,12036,4303,3.5067628301664504
2015-09-07,Germany,Europe,12034,3942,2.0160431631473834
2015-09-14,United States,North America,309599,71131,11.366832205114914
2015-09-14,Hungary,Europe,43242,9507,6.0628135428675005
2015-09-14,Israel,Asia,37554,14365,6.06322687390033
2015-09-14,Syria,Asia,35684,15547,5.982466451352256
2015-09-14,Egypt,Africa,28400,10546,4.881592438238581
2015-09-14,Pakistan,Asia,26298,8761,2.8003590561005645
2015-09-14,Australia,Oceania,24163,3950,0.9640021883994926
2015-09-14,Germany,Europe,21466,5179,2.5658295749902287
2015-09-14,United Kingdom,Europe,19811,8703,2.9634702347909556
2015-09-14,Russia,Europe,19628,10145,3.791202865227878
2015-09-14,Serbia,Europe,18681,3228,1.9228789649882838
2015-09-14,Mexico,North America,17683,6460,2.4723161709913937
2015-09-14,Turkey,Asia,16915,8175,2.6059020940047617
2015-09-14,India,Asia,15733,8198,0.8864100280472211
2015-09-14,Croatia,Europe,15067,3593,2.73265236909482
2015-09-21,United States,North America,200674,63353,11.73363084655688
2015-09-21,Syria,Asia,27884,12641,5.879980089507184
2015-09-21,Saudi Arabia,Asia,25506,7571,4.854125653919183
2015-09-21,Israel,Asia,23691,10068,4.413174333564706
2015-09-21,Russia,Europe,23328,12044,7.050984772929664
2015-09-21,Australia,Oceania,22265,3610,1.026172290563377
2015-09-21,Hungary,Europe,15777,2530,1.5009337123500306
2015-09-21,United Kingdom,Europe,15686,7305,1.95847603743558
2015-09-21,Yemen,Asia,15080,5587,3.392644371420844
2015-09-21,India,Asia,14817,7227,1.1789555597114336
2015-09-21,Egypt,Africa,13281,5120,2.75194294705812
2015-09-21,Ukraine,Europe,13249,7459,2.4529099292628382
2015-09-21,Turkey,Asia,12609,4810,1.8033696321592785
2015-09-21,Canada,North America,12312,3797,0.7688281300550804
2015-09-21,France,Europe,12042,4481,3.2637054808921837
2015-09-28,United States,North America,365691,84774,20.29924228345907
2015-09-28,Russia,Europe,80783,32952,18.133740383947973
2015-09-28,Syria,Asia,73797,28302,12.996904527039314
2015-09-28,Afghanistan,Asia,57893,16557,9.87177661354174
2015-09-28,Israel,Asia,45588,16113,5.043678991010098
2015-09-28,Australia,Oceania,32973,5233,1.2773504847320218
2015-09-28,United Kingdom,Europe,18416,8939,2.441624391952666
2015-09-28,India,Asia,16028,8125,0.875317072443228
2015-09-28,Turkey,Asia,15749,6724,1.5654898097181298
2015-09-28,Iraq,Asia,15161,6388,1.6962309166442713
2015-09-28,Ukraine,Europe,13794,7596,1.7352078567795113
2015-09-28,Iran,Asia,13600,5555,1.4917330833898357
2015-09-28,France,Europe,12973,4946,1.771727796662034
2015-09-28,Saudi Arabia,Asia,12261,5527,1.5431451384345038
2015-09-28,Yemen,Asia,11564,5368,1.953342062544017
2015-10-05,United States,North America,261366,75382,12.721509874660066
2015-10-05,Israel,Asia,154766,40852,16.947207885426415
2015-10-05,Syria,Asia,88383,31886,12.447968702065603
2015-10-05,Russia,Europe,82559,33279,15.606242685676555
2015-10-05,Turkey,Asia,49932,15611,8.239296624965428
2015-10-05,Australia,Oceania,36081,6020,1.2084312175159417
2015-10-05,Afghanistan,Asia,28329,9153,3.366003832528111
2015-10-05,Palestine,Asia,27725,9330,1.8316660430987324
2015-10-05,India,Asia,18956,9879,1.7096373706617052
2015-10-05,United Kingdom,Europe,17247,8663,1.9068840541597551
2015-10-05,Iran,Asia,15962,4768,0.8191693683651909
2015-10-05,Iraq,Asia,15170,6818,2.124037481244049
2015-10-05,France,Europe,14006,5329,3.3312825988891737
2015-10-05,Yemen,Asia,12042,5887,1.8168733106787596
2015-10-05,Nigeria,Africa,11808,5467,1.7444222372280458
2015-10-12,United States,North America,235525,68633,9.316304849151862
2015-10-12,Israel,Asia,168718,39235,19.913049619658178
2015-10-12,Syria,Asia,68118,26533,9.749194059927062
2015-10-12,Russia,Europe,59144,24511,10.57344884298322
2015-10-12,Turkey,Asia,43605,15097,7.419417459477138
2015-10-12,Australia,Oceania,33962,4828,1.0535557882909181
2015-10-12,United Kingdom,Europe,25318,9386,2.0037103547724557
2015-10-12,India,Asia,21999,10029,1.7267232320867723
2015-10-12,Palestine,Asia,21501,6888,1.6004174471882262
2015-10-12,Afghanistan,Asia,20033,7117,2.420963055936646
2015-10-12,Hungary,Europe,18399,2237,1.0838595796219095
2015-10-12,Ukraine,Europe,16188,7670,3.2159880683004625
2015-10-12,Iran,Asia,15889,6075,1.3268822652360395
2015-10-12,Canada,North America,13984,3661,0.4822532319948618
2015-10-12,Iraq,Asia,13022,6555,1.948894233244947
2015-10-19,United States,North America,166797,47958,9.126883286285647
2015-10-19,Israel,Asia,70733,22290,14.352454963666222
2015-10-19,Syria,Asia,32307,14259,7.383145589095777
2015-10-19,Russia,Europe,25715,12012,8.153223192572367
2015-10-19,Australia,Oceania,25323,3227,1.0242008014604693
2015-10-19,Iraq,Asia,16278,5917,2.2539496231432476
2015-10-19,India,Asia,14613,7818,1.8298421794259387
2015-10-19,Canada,North America,13080,3097,0.7534841445991279
2015-10-19,Sweden,Europe,12360,2694,2.4488846760937553
2015-10-19,United Kingdom,Europe,12290,5622,1.8202357857261495
2015-10-19,Afghanistan,Asia,12177,3434,1.8500849454604549
2015-10-19,Turkey,Asia,11853,5486,2.3776881085065416
2015-10-19,Pakistan,Asia,9746,4897,1.5869779473690506
2015-10-19,Mexico,North America,9006,3252,2.1087833151098327
2015-10-19,South Africa,Africa,8617,2943,2.3918242074486367
2015-10-26,United States,North America,255384,69361,13.138325464415615
2015-10-26,Israel,Asia,59201,20309,7.617044111284651
2015-10-26,Australia,Oceania,53141,4846,2.2239616776055118
2015-10-26,Syria,Asia,46733,19138,8.199497006502499
2015-10-26,Russia,Europe,35556,16033,8.825065457262827
2015-10-26,Turkey,Asia,32877,12108,7.104230671931592
2015-10-26,India,Asia,22098,10167,1.2683043415106425
2015-10-26,United Kingdom,Europe,21887,9273,2.260474753228135
2015-10-26,Iraq,Asia,16618,6592,2.005579328034685
2015-10-26,Pakistan,Asia,16149,6903,1.4708911573589907
2015-10-26,Afghanistan,Asia,13897,4286,2.0049101439599686
2015-10-26,Iran,Asia,13593,4043,0.9485369085585765
2015-10-26,Egypt,Africa,12186,4572,1.7146878370676746
2015-10-26,Bangladesh,Asia,11782,3597,1.3428930555778713
2015-10-26,France,Europe,11618,4549,3.629826199597248
2015-11-02,United States,North America,249348,65865,9.951704017177708
2015-11-02,Russia,Europe,66186,20706,11.550144114651143
2015-11-02,Egypt,Africa,47475,12609,6.222222445553309
2015-11-02,United Kingdom,Europe,42182,13525,4.601708349095625
2015-11-02,Syria,Asia,37153,17149,6.716444017519733
2015-11-02,Israel,Asia,35390,15368,5.553770436405961
2015-11-02,Turkey,Asia,22559,10040,4.917273959565665
2015-11-02,India,Asia,21950,9866,1.9376323076906092
2015-11-02,Australia,Oceania,20999,3533,0.7089289174210196
2015-11-02,France,Europe,14187,4555,2.598607525039527
2015-11-02,Germany,Europe,13108,3920,2.7580598502840155
2015-11-02,Canada,North America,11507,3805,0.43172490194155094
2015-11-02,Iraq,Asia,11019,5417,1.8484936577328537
2015-11-02,Ukraine,Europe,10687,6106,1.9600823067221915
2015-11-02,Mexico,North America,9178,3315,1.3563612987865796
2015-11-09,United States,North America,203211,65590,10.842822555534278
2015-11-09,France,Europe,93592,24991,22.473731434079085
2015-11-09,Syria,Asia,47299,18537,5.729579986100844
2015-11-09,Israel,Asia,46294,16910,5.672139059997513
2015-11-09,United Kingdom,Europe,31675,12451,3.227092337899317
2015-11-09,Russia,Europe,30233,14314,5.1341211694978135
2015-11-09,Iraq,Asia,26214,8558,2.617346211683531
2015-11-09,Australia,Oceania,24953,4133,0.9828247999318382
2015-11-09,Turkey,Asia,22469,8772,2.937282059463292
2015-11-09,Egypt,Africa,18942,7753,2.290923054941083
2015-11-09,Afghanistan,Asia,15596,5223,2.0540753293575627
2015-11-09,Belgium,Europe,12489,2920,1.3861912968611527
2015-11-09,Ukraine,Europe,12035,6529,1.543618131706831
2015-11-09,India,Asia,11526,6042,0.7059773671555751
2015-11-09,Jordan,Asia,11295,2728,0.8888074326419134
2015-11-16,United States,North America,212834,68057,7.372487862177019
2015-11-16,France,Europe,195683,58540,39.65324539068078
2015-11-16,Syria,Asia,74535,29566,9.486909896911726
2015-11-16,Israel,Asia,44367,17437,4.2624655678035195
2015-11-16,Belgium,Europe,43554,13709,5.243511298214589
2015-11-16,Russia,Europe,41163,18497,6.733719164413001
2015-11-16,Mali,Africa,34824,6265,4.030272239191065
2015-11-16,Australia,Oceania,25115,4151,0.5274552262634163
2015-11-16,Iraq,Asia,22559,8375,1.7855472029120292
2015-11-16,United Kingdom,Europe,21551,10422,1.814837444690648
2015-11-16,Turkey,Asia,20414,7684,1.7878375607152683
2015-11-16,China,Asia,14517,5896,2.149806279583537
2015-11-16,India,Asia,13829,7237,0.7377642335740857
2015-11-16,Canada,North America,11674,3849,0.3677816418167572
2015-11-16,Pakistan,Asia,10329,5372,0.8577605583713659
2015-11-23,United States,North America,250564,61853,11.79377389471567
2015-11-23,Russia,Europe,114505,46999,20.367878202103803
2015-11-23,Turkey,Asia,112536,40779,18.146110088186553
2015-11-23,Syria,Asia,80383,32382,9.742929292361607
2015-11-23,France,Europe,78046,24688,9.617893977956236
2015-11-23,Israel,Asia,41925,16814,3.934693891463794
2015-11-23,Australia,Oceania,22937,3831,0.6082286138255494
2015-11-23,United Kingdom,Europe,22728,9506,1.6657818874521935
2015-11-23,Belgium,Europe,18515,6250,2.126712961176022
2015-11-23,Ukraine,Europe,15164,7975,1.2166286903155967
2015-11-23,Tunisia,Africa,13735,4551,2.2663895972892454
2015-11-23,Iraq,Asia,13639,5921,1.3603687279936982
2015-11-23,India,Asia,13115,7238,0.6496325181402787
2015-11-23,Mali,Africa,12965,3637,2.52035630128388
2015-11-23,Egypt,Africa,12834,5923,1.4244542376601046
2015-11-30,United States,North America,403780,86524,18.951938711491962
2015-11-30,Syria,Asia,52025,22519,7.513532455677628
2015-11-30,France,Europe,44777,14005,6.946150042039965
2015-11-30,Russia,Europe,44659,22835,10.273698424522813
2015-11-30,Turkey,Asia,44544,21178,9.49163965187425
2015-11-30,Israel,Asia,35584,14829,4.402973133419815
2015-11-30,United Kingdom,Europe,30238,12963,3.9988227552756066
2015-11-30,Australia,Oceania,27258,4040,0.66130612930661
2015-11-30,Iraq,Asia,23967,9448,2.668735199165277
2015-11-30,Pakistan,Asia,22468,7971,1.877704281896923
2015-11-30,South Africa,Africa,14968,4124,2.742002893696852
2015-11-30,Nigeria,Africa,14092,5612,1.6510429365606891
2015-11-30,Yemen,Asia,12201,5455,1.8709792744904805
2015-11-30,India,Asia,11962,6596,0.7406091248596107
2015-11-30,Egypt,Africa,11866,4826,1.3490531083253685
2015-12-07,United States,North America,318691,82701,17.349360482545446
2015-12-07,Syria,Asia,47411,20892,8.57859895501751
2015-12-07,Russia,Europe,41342,18507,8.45469269959862
2015-12-07,Australia,Oceania,35614,4832,1.2284213581894197
2015-12-07,Israel,Asia,30459,13347,3.3781271604285563
2015-12-07,France,Europe,29921,9508,4.862702700460144
2015-12-07,Turkey,Asia,29295,14130,5.403805501882381
2015-12-07,United Kingdom,Europe,24575,9965,2.7408541682443617
2015-12-07,Iraq,Asia,24344,10811,3.682550379229295
2015-12-07,Afghanistan,Asia,24209,8744,4.0833471082308685
2015-12-07,Pakistan,Asia,19185,6328,1.6652559684639086
2015-12-07,India,Asia,14420,7227,1.0062780893925514
2015-12-07,Ukraine,Europe,11745,6777,1.8628088093172226
2015-12-07,South Africa,Africa,11421,3030,2.3270750214114626
2015-12-07,Spain,Europe,10446,3921,1.2144051715269026
2015-12-14,United States,North America,268775,74556,17.997388326352716
2015-12-14,Syria,Asia,41240,17773,6.081415461404113
2015-12-14,Turkey,Asia,35987,16494,7.084332771060618
2015-12-14,Israel,Asia,34589,14288,4.212161504632293
2015-12-14,Russia,Europe,34116,16196,8.251755752002241
2015-12-14,France,Europe,22201,8441,4.664718354840687
2015-12-14,Iraq,Asia,22071,9133,2.5150326413742308
2015-12-14,India,Asia,21137,9088,1.5625783505508097
2015-12-14,Australia,Oceania,20614,3653,0.8259835073322055
2015-12-14,Nigeria,Africa,18726,8607,3.3548956895103923
2015-12-14,United Kingdom,Europe,16844,8406,2.0951194073380512
2015-12-14,Yemen,Asia,13644,6752,2.475912397728043
2015-12-14,Pakistan,Asia,12710,6268,1.6719049102437653
2015-12-14,Canada,North America,12460,3731,0.9255876887423798
2015-12-14,China,Asia,12107,5367,3.5506585732772287
2015-12-21,United States,North America,213592,57235,10.566016963374862
2015-12-21,Syria,Asia,59925,21007,8.933478655087981
2015-12-21,Israel,Asia,52485,17623,6.74220875668376
2015-12-21,Afghanistan,Asia,45218,10686,5.035275363700688
2015-12-21,Russia,Europe,28899,14629,10.448794382535036
2015-12-21,Iraq,Asia,27884,11282,4.957666731033625
2015-12-21,Turkey,Asia,24013,11505,4.533633227955145
2015-12-21,France,Europe,20935,7784,5.047785202240368
2015-12-21,United Kingdom,Europe,18427,7670,2.3635986358357215
2015-12-21,Australia,Oceania,16269,2976,1.174146345947803
2015-12-21,India,Asia,15052,7682,1.330380526582747
2015-12-21,Saudi Arabia,Asia,11916,4703,2.1399030932966543
2015-12-21,Egypt,Africa,10853,4586,1.0027973838061044
2015-12-21,Ukraine,Europe,10680,6279,1.8630498123971724
2015-12-21,China,Asia,10508,4431,2.7004861590346296
2015-12-28,United States,North America,204470,58672,13.223700469827664
2015-12-28,Saudi Arabia,Asia,57456,12930,8.730513633960692
2015-12-28,Israel,Asia,40678,15966,5.269355126355089
2015-12-28,Iraq,Asia,34912,13431,6.19060283276885
2015-12-28,Syria,Asia,33420,16181,5.883028449287327
2015-12-28,Iran,Asia,32159,8931,3.7991444015768865
2015-12-28,France,Europe,25919,8910,5.400254052049994
2015-12-28,India,Asia,24729,9552,2.9451677161632035
2015-12-28,Turkey,Asia,23052,10758,4.695203225532965
2015-12-28,Russia,Europe,21200,11329,7.8124563561500455
2015-12-28,Pakistan,Asia,19935,8637,2.641457896717147
2015-12-28,United Kingdom,Europe,17412,6937,2.252247358585938
2015-12-28,Mexico,North America,15447,4201,2.0671774149077966
2015-12-28,Afghanistan,Asia,14349,5779,2.0862366377230703
2015-12-28,Nigeria,Africa,14318,5970,3.0491140137994304
2016-01-04,United States,North America,278437,79710,13.913476339501237
2016-01-04,Saudi Arabia,Asia,106945,30248,13.22182779967209
2016-01-04,Iran,Asia,89170,26380,11.316679315132191
2016-01-04,Mexico,North America,45563,12149,5.8590626506850585
2016-01-04,Israel,Asia,36740,17365,3.854070054236057
2016-01-04,Syria,Asia,35099,14540,4.163099338319881
2016-01-04,France,Europe,29355,9810,6.538481438172036
2016-01-04,Iraq,Asia,28096,10764,2.7172799212031635
2016-01-04,Germany,Europe,23016,8422,4.79540274621844
2016-01-04,United Kingdom,Europe,20795,9100,2.1282078050064457
2016-01-04,Egypt,Africa,19702,8086,2.295311000765853
2016-01-04,India,Asia,19230,9701,1.1716203328857377
2016-01-04,Turkey,Asia,19145,9009,2.6313807104637053
2016-01-04,Pakistan,Asia,16575,8276,1.2353495926156424
2016-01-04,Yemen,Asia,14788,7151,1.6413144771071912
2016-01-11,United States,North America,229066,72666,11.75159813215593
2016-01-11,Turkey,Asia,65815,21005,9.912688611819856
2016-01-11,Indonesia,Asia,48971,10838,8.590279613654713
2016-01-11,Iran,Asia,47013,12857,3.8489481558627925
2016-01-11,Syria,Asia,43966,17781,7.043933582890688
2016-01-11,Israel,Asia,31421,14899,3.353876762714971
2016-01-11,Mexico,North America,28338,9053,3.7718612182131035
2016-01-11,Australia,Oceania,26654,3836,0.9310294029003
2016-01-11,Germany,Europe,24607,9174,4.051472575693943
2016-01-11,Iraq,Asia,23935,10123,3.3448239794479537
2016-01-11,France,Europe,23215,8487,3.849197648443917
2016-01-11,Russia,Europe,21615,11125,4.658178171752499
2016-01-11,Burkina Faso,Africa,20960,3459,2.403341767183926
2016-01-11,Pakistan,Asia,19906,8550,1.640225018868413
2016-01-11,United Kingdom,Europe,19259,8745,2.1482227781503838
2016-01-18,United States,North America,211411,67856,13.07303624216811
2016-01-18,Pakistan,Asia,42964,14858,7.365060930215774
2016-01-18,Syria,Asia,33256,15013,5.729272227073188
2016-01-18,Israel,Asia,32032,14996,4.039728834614815
2016-01-18,Russia,Europe,29236,13230,6.802752470100064
2016-01-18,Iran,Asia,28567,10661,3.604947569358389
2016-01-18,United Kingdom,Europe,25141,10929,3.5148552391007666
2016-01-18,Canada,North America,24355,6262,2.2269970811254316
2016-01-18,Iraq,Asia,23921,8235,2.667135328438718
2016-01-18,Turkey,Asia,23393,9713,3.668735499657209
2016-01-18,Australia,Oceania,21165,3460,0.9255504248242606
2016-01-18,India,Asia,19263,9276,2.0986984702177955
2016-01-18,France,Europe,14859,6555,3.622677338922677
2016-01-18,Germany,Europe,12621,5456,2.5454087520064954
2016-01-18,Egypt,Africa,12096,5390,1.7747069029557296
2016-01-25,United States,North America,258936,71402,12.928033114140526
2016-01-25,Syria,Asia,28568,13055,6.7735689939931865
2016-01-25,Israel,Asia,26887,12354,3.6210602434589827
2016-01-25,Russia,Europe,22877,12444,6.2966857792747595
2016-01-25,Turkey,Asia,20654,8790,4.8393276223105
2016-01-25,United Kingdom,Europe,19770,9536,3.015958500157357
2016-01-25,Australia,Oceania,18836,3180,1.0078989674158816
2016-01-25,France,Europe,18411,7055,7.134825719357274
2016-01-25,Canada,North America,15224,4469,0.8238624789138732
2016-01-25,India,Asia,14274,7464,2.2247902873065124
2016-01-25,Iran,Asia,12665,5372,1.600771153480254
2016-01-25,Nigeria,Africa,12398,5793,2.5457635739415108
2016-01-25,Ukraine,Europe,10575,5987,1.3715501181855823
2016-01-25,Germany,Europe,10497,4397,2.3125978489296535
2016-01-25,Saudi Arabia,Asia,10225,5234,2.201518661245005
2016-02-01,United States,North America,242094,70825,11.89457643923596
2016-02-01,Israel,Asia,58556,15151,4.202061773699734
2016-02-01,Syria,Asia,53104,21244,10.618848532696981
2016-02-01,United Kingdom,Europe,29773,11893,4.554252721980361
2016-02-01,Russia,Europe,29533,14606,6.6389939890574245
2016-02-01,Turkey,Asia,27004,11073,3.963356315317901
2016-02-01,Australia,Oceania,23624,4284,1.2346501282963755
2016-02-01,India,Asia,15216,7917,0.9501184060888406
2016-02-01,Sweden,Europe,14654,4246,2.578708776232597
2016-02-01,Afghanistan,Asia,14483,4289,1.758235970385086
2016-02-01,Canada,North America,13933,3903,0.6308741952854572
2016-02-01,Iraq,Asia,13356,5330,1.6794415856300238
2016-02-01,Egypt,Africa,13238,5333,1.8596154588869875
2016-02-01,France,Europe,12629,5830,3.159672927242407
2016-02-01,Germany,Europe,12067,5098,2.7401831424130565
2016-02-08,United States,North America,283646,74117,12.695028434057104
2016-02-08,Syria,Asia,71971,27402,12.379094571980199
2016-02-08,Russia,Europe,37301,17217,8.512221224069611
2016-02-08,Turkey,Asia,35366,14405,5.814563520085911
2016-02-08,Israel,Asia,33019,12912,2.7705326116030355
2016-02-08,India,Asia,24713,10431,1.5404651075902638
2016-02-08,United Kingdom,Europe,20565,9904,2.7730058704670135
2016-02-08,Mexico,North America,19004,7241,3.622535536171438
2016-02-08,Australia,Oceania,18940,3455,0.7597564361905311
2016-02-08,Nigeria,Africa,15954,7040,3.3916379963876855
2016-02-08,Canada,North America,12767,3825,0.6216331829829458
2016-02-08,Saudi Arabia,Asia,11985,5438,1.973722881959645
2016-02-08,Pakistan,Asia,11873,6990,1.4258970473976658
2016-02-08,Ukraine,Europe,11871,6347,1.581185568715456
2016-02-08,Iraq,Asia,11853,5411,1.49287660183993
2016-02-15,United States,North America,258108,73734,15.126398387108226
2016-02-15,Syria,Asia,84082,29388,10.261840277452976
2016-02-15,Turkey,Asia,80214,27165,12.386078354790936
2016-02-15,Israel,Asia,56522,15164,3.9021759804142935
2016-02-15,Russia,Europe,35709,16901,6.961796423649135
2016-02-15,India,Asia,32167,13649,2.0577230030479763
2016-02-15,United Kingdom,Europe,20008,9316,2.6078451476150395
2016-02-15,Australia,Oceania,18789,3271,0.6562316677506169
2016-02-15,Iraq,Asia,18202,6622,1.947407980661329
2016-02-15,Mexico,North America,14905,4745,1.8741486077500702
2016-02-15,Ukraine,Europe,14624,7668,1.8614354067152836
2016-02-15,Egypt,Africa,13654,5705,1.3227295545432998
2016-02-15,Canada,North America,12703,3892,0.5860929746927314
2016-02-15,Pakistan,Asia,12663,6656,1.3670821051364317
2016-02-15,France,Europe,12561,4642,2.1309100673594585
2016-02-22,United States,North America,330709,81721,17.64802784294852
2016-02-22,Syria,Asia,63092,23166,12.91528149827642
2016-02-22,Israel,Asia,60441,12268,2.4396871088970826
2016-02-22,Russia,Europe,32249,14810,7.312027797282333
2016-02-22,Turkey,Asia,26129,11175,4.014064543464102
2016-02-22,India,Asia,24649,11220,1.719889273240017
2016-02-22,Australia,Oceania,20697,3564,0.751748469212295
2016-02-22,United Kingdom,Europe,19198,9270,2.6635436685048632
2016-02-22,Iraq,Asia,18237,6222,2.417647126665488
2016-02-22,Egypt,Africa,14774,5816,1.9757846652912272
2016-02-22,Canada,North America,14576,4148,0.7016513645040903
2016-02-22,Afghanistan,Asia,13961,5628,2.255379135970149
2016-02-22,Ukraine,Europe,12731,6870,1.7830340052335765
2016-02-22,Iran,Asia,11007,4621,1.1818314123992772
2016-02-22,France,Europe,10699,4542,2.686035686510123
2016-02-29,United States,North America,258345,75063,15.195774851804414
2016-02-29,Israel,Asia,49860,11316,2.789685302992251
2016-02-29,Syria,Asia,45284,17197,7.223652755328147
2016-02-29,Turkey,Asia,30067,12761,7.092748632051611
2016-02-29,Russia,Europe,26899,13369,6.41609677820914
2016-02-29,Australia,Oceania,26255,3791,1.0561721145304985
2016-02-29,Iraq,Asia,24290,9942,4.631612056400378
2016-02-29,United Kingdom,Europe,19216,9217,2.4475568620043924
2016-02-29,India,Asia,16293,8590,1.1831080559568627
2016-02-29,Pakistan,Asia,15327,8233,2.1574829222646357
2016-02-29,Ukraine,Europe,13672,7318,2.10249058341543
2016-02-29,North Korea,Asia,12975,3082,2.0610969980145577
2016-02-29,Canada,North America,11758,3446,0.5260351323632526
2016-02-29,Yemen,Asia,11607,4734,1.9607469588250694
2016-02-29,France,Europe,11530,5158,3.367454216201086
2016-03-07,United States,North America,275968,75734,13.28978713018285
2016-03-07,Israel,Asia,77865,17916,5.828900900073701
2016-03-07,Syria,Asia,32899,13959,5.519753256486943
2016-03-07,Russia,Europe,25950,11384,5.825366747278295
2016-03-07,Tunisia,Africa,25538,8281,4.810795341984363
2016-03-07,Turkey,Asia,24451,10752,4.924272937513539
2016-03-07,United Kingdom,Europe,21108,8627,2.14237964869273
2016-03-07,Australia,Oceania,21016,4295,1.0929022808102526
2016-03-07,Iraq,Asia,19747,7658,2.2924479010105014
2016-03-07,Libya,Africa,18505,5671,2.714457942132804
2016-03-07,India,Asia,14313,7602,1.437456651330504
2016-03-07,Iran,Asia,13769,5912,1.7182421521455717
2016-03-07,Ukraine,Europe,13485,7232,2.546466181132718
2016-03-07,Palestine,Asia,13471,1915,0.3516386986913525
2016-03-07,France,Europe,12558,4987,2.2892614835381386
2016-03-14,United States,North America,228404,70873,12.659905014011262
2016-03-14,Turkey,Asia,74893,24483,14.167808887428182
2016-03-14,Belgium,Europe,51931,11927,6.607732001524719
2016-03-14,France,Europe,46374,13729,8.971310981089362
2016-03-14,Israel,Asia,43130,10411,2.7550238145524872
2016-03-14,Syria,Asia,38650,16414,5.900717250367926
2016-03-14,Russia,Europe,29444,15154,6.09774199859717
2016-03-14,Iraq,Asia,18890,6597,1.7282045505811046
2016-03-14,North Korea,Asia,18490,4949,2.3016055134370563
2016-03-14,United Kingdom,Europe,14903,7458,1.507949888766997
2016-03-14,India,Asia,13076,7446,0.8452665967519325
2016-03-14,Australia,Oceania,12991,3358,0.6560404902773105
2016-03-14,Ukraine,Europe,12306,6405,1.4325799663546228
2016-03-14,Canada,North America,11285,3829,0.5563583473415179
2016-03-14,Germany,Europe,11084,4727,1.7016272032968403
2016-03-21,United States,North America,224003,70101,9.760031362801943
2016-03-21,Belgium,Europe,183020,46513,31.799515435679456
2016-03-21,France,Europe,77653,20917,9.181697707986656
2016-03-21,Syria,Asia,46750,17539,5.909309783073677
2016-03-21,Israel,Asia,39978,10064,2.553665332069676
2016-03-21,Russia,Europe,36792,17535,6.474747670463136
2016-03-21,Turkey,Asia,33201,14455,4.313875063667824
2016-03-21,Iraq,Asia,26058,9080,2.012342008642862
2016-03-21,Ukraine,Europe,24971,11366,2.702197803479387
2016-03-21,United Kingdom,Europe,22594,9582,1.799671073478779
2016-03-21,Pakistan,Asia,15433,6273,1.6544035184942651
2016-03-21,Egypt,Africa,13952,5512,1.5502568954856562
2016-03-21,Australia,Oceania,13641,3510,0.6338886409911778
2016-03-21,India,Asia,12839,6830,0.6553918596325053
2016-03-21,Canada,North America,11311,3325,0.48800934104981714
2016-03-28,United States,North America,248030,73298,14.582578878256498
2016-03-28,Pakistan,Asia,44210,15512,5.87307309124018
2016-03-28,Belgium,Europe,43678,13637,6.216666811956369
2016-03-28,Israel,Asia,41971,9744,2.6267571256463587
2016-03-28,Syria,Asia,38797,15806,6.030627497501309
2016-03-28,France,Europe,36034,11615,6.4721944135221605
2016-03-28,Turkey,Asia,35561,14895,6.458601965807018
2016-03-28,Russia,Europe,26128,13509,4.463391012190551
2016-03-28,United Kingdom,Europe,20502,7769,2.3488774970992394
2016-03-28,Australia,Oceania,18480,3391,0.8733438693095968
2016-03-28,India,Asia,18002,8878,1.0558649257600345
2016-03-28,Azerbaijan,Asia,15193,4951,2.5013584170325682
2016-03-28,Egypt,Africa,14905,6439,1.824525449529656
2016-03-28,Armenia,Asia,14636,4477,2.044377721493999
2016-03-28,Iraq,Asia,13257,5525,1.8285563726294625
2016-04-04,United States,North America,230550,70578,11.954661391541931
2016-04-04,Syria,Asia,51636,18619,9.380993345052273
2016-04-04,Israel,Asia,33324,8207,2.0733188690145155
2016-04-04,Belgium,Europe,32696,9857,5.956869796172863
2016-04-04,France,Europe,30491,9480,6.413282729105454
2016-04-04,Australia,Oceania,25328,4059,0.8666513970549532
2016-04-04,Russia,Europe,24506,12391,4.859389083281931
2016-04-04,Turkey,Asia,23009,9865,3.540968059735747
2016-04-04,United Kingdom,Europe,20747,8936,2.488176222597849
2016-04-04,India,Asia,18651,8928,1.9161239048983163
2016-04-04,Azerbaijan,Asia,17733,7385,2.3404551753823375
2016-04-04,Iraq,Asia,16989,6637,2.8470355489087833
2016-04-04,Armenia,Asia,16807,7334,2.7279021831549377
2016-04-04,Greece,Europe,13741,3297,1.4626578542129243
2016-04-04,Pakistan,Asia,13712,6516,1.401925144112948
2016-04-11,United States,North America,231358,65843,10.533748996432044
2016-04-11,Syria,Asia,46830,15249,6.886327317972035
2016-04-11,Israel,Asia,45396,8897,2.1168414948070726
2016-04-11,Russia,Europe,25375,12477,6.807498143130007
2016-04-11,Australia,Oceania,24989,4561,1.8000326044465105
2016-04-11,Turkey,Asia,24218,9982,4.16938439175395
2016-04-11,France,Europe,19404,7592,4.910520984701957
2016-04-11,United Kingdom,Europe,17389,8350,2.539962026216018
2016-04-11,India,Asia,16641,8411,1.3665453851717133
2016-04-11,Belgium,Europe,15176,5341,2.609176404131382
2016-04-11,Ukraine,Europe,14712,7445,2.302189241996741
2016-04-11,Afghanistan,Asia,11544,5016,2.674198936901482
2016-04-11,Canada,North America,11539,3695,0.625534657284658
2016-04-11,China,Asia,11270,4950,2.2914012844536127
2016-04-11,Nigeria,Africa,10750,6007,1.5595161499442909
2016-04-18,United States,North America,241312,74306,12.3115840498137
2016-04-18,Syria,Asia,43667,17713,9.694115877509565
2016-04-18,Israel,Asia,42118,11595,3.6160360994533227
2016-04-18,Turkey,Asia,25394,10371,4.482113639589056
2016-04-18,Afghanistan,Asia,23702,6305,4.792097336797418
2016-04-18,Russia,Europe,22658,11309,4.68667982165772
2016-04-18,United Kingdom,Europe,20838,10120,2.725574837910562
2016-04-18,Australia,Oceania,16426,5208,1.0536061898787654
2016-04-18,Ukraine,Europe,16098,7885,2.5328254423973227
2016-04-18,India,Asia,15539,8808,0.8086041625286488
2016-04-18,Iraq,Asia,14791,6052,2.2330763466155146
2016-04-18,Egypt,Africa,11110,5047,1.6159326064640551
2016-04-18,France,Europe,10941,4849,3.139857223055017
2016-04-18,Nigeria,Africa,10724,5823,1.5900666303280608
2016-04-18,Pakistan,Asia,10270,5651,1.1832029492915064
2016-04-25,United States,North America,264427,79214,10.186589951191104
2016-04-25,Syria,Asia,59590,21756,11.223480035906219
2016-04-25,Israel,Asia,48318,8998,2.2074791078496827
2016-04-25,Turkey,Asia,34031,13775,6.906306183281641
2016-04-25,Russia,Europe,25072,12735,5.986609248425331
2016-04-25,France,Europe,24023,8229,6.003421526561601
2016-04-25,Iraq,Asia,22703,8433,3.179103841821153
2016-04-25,United Kingdom,Europe,22420,10708,2.311109637512462
2016-04-25,Australia,Oceania,18723,5608,1.1503271075914974
2016-04-25,Bangladesh,Asia,18457,7396,1.9133993514407468
2016-04-25,Canada,North America,18045,5900,0.9407019130344556
2016-04-25,Ukraine,Europe,17816,8175,2.1012675500486284
2016-04-25,India,Asia,16903,9263,1.056854313326826
2016-04-25,Egypt,Africa,16264,6951,1.78153626799178
2016-04-25,Philippines,Asia,13680,4049,1.4027929128160883
2016-05-02,United States,North America,283540,79137,10.131410745481729
2016-05-02,Syria,Asia,72954,25559,14.423645352028208
2016-05-02,Israel,Asia,65624,14655,5.879509134535695
2016-05-02,Turkey,Asia,34855,14095,6.422655118329174
2016-05-02,Iraq,Asia,31025,9645,3.09031745277973
2016-05-02,Egypt,Africa,26465,9497,3.87504371709648
2016-05-02,Canada,North America,26257,7272,1.8228296321499886
2016-05-02,United Kingdom,Europe,23428,9661,2.4059583766708954
2016-05-02,India,Asia,23229,12044,1.1731401229010763
2016-05-02,Russia,Europe,22565,11419,4.959083734995231
2016-05-02,Australia,Oceania,18212,5546,1.0444496557489118
2016-05-02,Pakistan,Asia,15612,7434,1.5870325076129537
2016-05-02,Afghanistan,Asia,14082,4609,1.5242727800244629
2016-05-02,Mexico,North America,13568,4540,0.9762843070137018
2016-05-02,France,Europe,11267,4942,4.775861123471233
2016-05-09,United States,North America,294710,77935,12.326796872136692
2016-05-09,Syria,Asia,50405,20315,8.425222982013665
2016-05-09,Israel,Asia,50327,10245,2.6527237418660086
2016-05-09,Iraq,Asia,42096,12765,6.724609759057807
2016-05-09,United Kingdom,Europe,28518,11806,2.976699006344477
2016-05-09,Turkey,Asia,26439,11630,6.124030061509876
2016-05-09,Russia,Europe,21885,11367,4.575781228900825
2016-05-09,India,Asia,19623,10747,1.1696319984204966
2016-05-09,Australia,Oceania,17240,5441,1.253517934573408
2016-05-09,Canada,North America,15224,5181,0.8338457250868141
2016-05-09,Egypt,Africa,14339,6250,1.6693048082349193
2016-05-09,Bangladesh,Asia,14151,6138,2.10417326726778
2016-05-09,France,Europe,13672,6017,3.727943402708802
2016-05-09,Iran,Asia,13430,5451,1.348419992797312
2016-05-09,Pakistan,Asia,12152,6727,1.1560722622577377
2016-05-16,United States,North America,257651,76552,11.482157745140336
2016-05-16,Israel,Asia,36694,7945,1.6821623579879719
2016-05-16,Iraq,Asia,32000,9646,4.497049921596452
2016-05-16,Syria,Asia,28684,13400,5.582779874536687
2016-05-16,Afghanistan,Asia,22972,7229,3.5344436145732097
2016-05-16,Egypt,Africa,22959,7218,2.2310332751395636
2016-05-16,United Kingdom,Europe,22235,9212,2.656020843524525
2016-05-16,Russia,Europe,19988,10354,4.411894361853529
2016-05-16,France,Europe,19789,7184,5.4690833665232805
2016-05-16,India,Asia,16855,9579,1.2413422497074533
2016-05-16,Turkey,Asia,15917,7231,3.6465873133958326
2016-05-16,Pakistan,Asia,15862,7088,1.543947570562634
2016-05-16,Palestine,Asia,15658,882,0.34375056812056765
2016-05-16,Mexico,North America,15493,4673,1.7564732213705234
2016-05-16,Nigeria,Africa,15030,7115,2.5791146235268543
2016-05-23,United States,North America,310699,78772,11.403466206653507
2016-05-23,Iraq,Asia,42492,13711,5.834514953838231
2016-05-23,Syria,Asia,41550,15963,7.102672731132052
2016-05-23,Israel,Asia,38662,8176,1.9960763116608844
2016-05-23,Russia,Europe,28975,13022,6.228366703070829
2016-05-23,United Kingdom,Europe,26413,10373,2.566130946393446
2016-05-23,Saudi Arabia,Asia,26097,3529,1.5758626011008812
2016-05-23,Ukraine,Europe,25991,11048,4.9301738335177445
2016-05-23,Afghanistan,Asia,19093,6817,2.6363310317113453
2016-05-23,India,Asia,18352,10554,0.9544980915005972
2016-05-23,Pakistan,Asia,16836,7966,1.5637817454739118
2016-05-23,Australia,Oceania,16685,4717,0.8656351504113289
2016-05-23,France,Europe,16408,6349,3.4698116878354717
2016-05-23,Egypt,Africa,13799,6084,1.3350796658341826
2016-05-23,Turkey,Asia,13437,6352,2.2927468883658757
2016-05-30,United States,North America,269244,74256,12.393785568671037
2016-05-30,Iraq,Asia,45747,15590,9.0773920909809
2016-05-30,Syria,Asia,40474,17256,6.953558278407455
2016-05-30,Israel,Asia,32515,8976,2.159464609303312
2016-05-30,Saudi Arabia,Asia,31091,4367,1.6389814481460725
2016-05-30,India,Asia,27049,13142,1.8066856904535884
2016-05-30,Turkey,Asia,26876,10869,4.536802408270719
2016-05-30,Russia,Europe,22621,11381,4.859613659736251
2016-05-30,United Kingdom,Europe,20763,9633,2.7414403967822554
2016-05-30,Afghanistan,Asia,19126,6891,1.9736747707476565
2016-05-30,Australia,Oceania,17428,4873,1.2348516888465937
2016-05-30,Germany,Europe,14926,5664,2.7804229038520023
2016-05-30,Ukraine,Europe,13720,7547,2.264974340350715
2016-05-30,China,Asia,13397,5365,1.9708021885931086
2016-05-30,Nigeria,Africa,13142,7404,1.5334538381620804
2016-06-06,United States,North America,343621,89345,15.767639698699156
2016-06-06,Israel,Asia,59398,15005,4.939579232721475
2016-06-06,Syria,Asia,44440,16378,6.113943436649138
2016-06-06,Turkey,Asia,37649,13282,7.2873860694675745
2016-06-06,Iraq,Asia,32420,11765,4.677077810265333
2016-06-06,Saudi Arabia,Asia,26455,3717,1.634858057185005
2016-06-06,Afghanistan,Asia,24452,7208,3.273420006764141
2016-06-06,United Kingdom,Europe,23703,10495,2.26530457436735
2016-06-06,India,Asia,21858,12539,1.1710214266649146
2016-06-06,Russia,Europe,19858,10291,4.435476186187055
2016-06-06,Bangladesh,Asia,16041,7274,1.9998942785393243
2016-06-06,Australia,Oceania,15907,4624,1.0935296256175395
2016-06-06,France,Europe,13300,5691,4.166831731038702
2016-06-06,Ukraine,Europe,12167,6803,1.8833166749562757
2016-06-06,Canada,North America,11517,4208,0.8136751671253144
2016-06-13,United States,North America,490346,119034,24.4268667420102
2016-06-13,United Kingdom,Europe,64036,20653,10.66280551825957
2016-06-13,Syria,Asia,39393,15964,4.669299219512772
2016-06-13,Iraq,Asia,30874,11598,4.462895479076181
2016-06-13,Israel,Asia,29510,7919,1.5164204279094373
2016-06-13,France,Europe,28637,11775,6.798485507924828
2016-06-13,Saudi Arabia,Asia,27487,3570,1.3567050110310372
2016-06-13,Russia,Europe,27439,12462,4.9319870889786825
2016-06-13,Australia,Oceania,20012,5699,0.7895297396214692
2016-06-13,Afghanistan,Asia,18222,7498,2.179896121568341
2016-06-13,Egypt,Africa,17914,6891,2.438605775084951
2016-06-13,India,Asia,17826,10844,0.7574386972163628
2016-06-13,Turkey,Asia,17532,6936,2.142208402186222
2016-06-13,Canada,North America,16473,6198,0.8722313181143696
2016-06-13,South Africa,Africa,16294,4511,1.7810645462578123
2016-06-20,United States,North America,320098,84926,13.786223821798444
2016-06-20,United Kingdom,Europe,45058,16662,7.146304450122828
2016-06-20,Israel,Asia,35537,9574,2.8402041225490064
2016-06-20,Syria,Asia,32900,14524,5.137597164590734
2016-06-20,Saudi Arabia,Asia,28348,3346,1.4412532558502908
2016-06-20,Iraq,Asia,25178,8319,3.074056489018389
2016-06-20,Turkey,Asia,20700,8699,3.8400742385812436
2016-06-20,India,Asia,19094,10331,1.0588183182950621
2016-06-20,Russia,Europe,18070,10000,4.248020742339832
2016-06-20,Mexico,North America,17972,6448,2.296987215486326
2016-06-20,Afghanistan,Asia,17840,6360,3.7376024351637214
2016-06-20,Germany,Europe,15084,6467,3.9538439122450004
2016-06-20,Iran,Asia,14539,4645,1.1986719857116042
2016-06-20,Australia,Oceania,13763,4467,0.7687603644547251
2016-06-20,France,Europe,12563,5905,3.287308176016966
2016-06-27,United States,North America,244552,74722,9.045388076764425
2016-06-27,Turkey,Asia,144513,35169,23.508564684185988
2016-06-27,Bangladesh,Asia,68388,12682,5.92903670305436
2016-06-27,Israel,Asia,67339,17763,4.6116216778684525
2016-06-27,United Kingdom,Europe,39586,14165,4.622484134772091
2016-06-27,Syria,Asia,36272,15622,4.47038816897862
2016-06-27,Iraq,Asia,34318,11082,5.020967408514888
2016-06-27,Saudi Arabia,Asia,30807,3399,1.365098510080375
2016-06-27,Russia,Europe,26618,13268,5.731122777372798
2016-06-27,India,Asia,21218,11501,0.713266535699442
2016-06-27,France,Europe,14810,5726,2.9842310276870796
2016-06-27,Afghanistan,Asia,14769,4838,1.5488918743624223
2016-06-27,Australia,Oceania,14542,4500,0.9186278332763032
2016-06-27,Lebanon,Asia,12802,4288,1.3085361930147759
2016-06-27,Egypt,Africa,12513,5924,1.3798439335951433
2016-07-04,United States,North America,651230,110391,34.30603798439379
2016-07-04,Saudi Arabia,Asia,48301,9094,4.46465993873625
2016-07-04,Iraq,Asia,46410,16845,8.607203724562781
2016-07-04,Israel,Asia,37168,10363,2.487532070017207
2016-07-04,Bangladesh,Asia,34208,10040,2.5049051435515346
2016-07-04,United Kingdom,Europe,33817,13208,3.4806218658744688
2016-07-04,Syria,Asia,33524,13229,4.581624820907271
2016-07-04,Russia,Europe,25386,11889,6.210760713767487
2016-07-04,India,Asia,22263,11266,1.1058564965014397
2016-07-04,Turkey,Asia,21122,8504,2.585679906089695
2016-07-04,South Africa,Africa,15261,4639,2.391982385592464
2016-07-04,Italy,Europe,13542,4634,1.2037015966690898
2016-07-04,Australia,Oceania,12929,4302,0.5245649826115922
2016-07-04,China,Asia,12527,5241,1.6653334150834262
2016-07-04,Ukraine,Europe,12488,6937,1.8392172921942873
2016-07-11,United States,North America,507304,104641,22.697397822256733
2016-07-11,Turkey,Asia,157899,40048,26.000840645984066
2016-07-11,France,Europe,53363,17707,9.783458186640738
2016-07-11,Syria,Asia,34146,14004,4.457253330518402
2016-07-11,Israel,Asia,31498,8388,1.7079903489427222
2016-07-11,Saudi Arabia,Asia,28459,3809,1.4147337633239983
2016-07-11,United Kingdom,Europe,27583,10994,2.9324679372055478
2016-07-11,India,Asia,27492,12892,1.0532238296600804
2016-07-11,Russia,Europe,23811,11741,3.5055553810544273
2016-07-11,Iraq,Asia,22159,8706,2.4093774545880087
2016-07-11,China,Asia,22003,6358,2.621398621103973
2016-07-11,Pakistan,Asia,19748,9274,1.6848586534746743
2016-07-11,South Sudan,Africa,16328,4691,4.03621889041367
2016-07-11,Ukraine,Europe,13493,7262,1.4370043164987722
2016-07-11,Australia,Oceania,12738,4422,1.1560219676197705
2016-07-18,United States,North America,456824,97278,15.402484573431062
2016-07-18,Turkey,Asia,91757,34228,15.062939139584106
2016-07-18,Germany,Europe,73251,17491,12.174185095616016
2016-07-18,France,Europe,37486,12640,8.055659700361588
2016-07-18,Syria,Asia,35633,15216,5.185884515126257
2016-07-18,Afghanistan,Asia,33366,8678,3.5042036409948762
2016-07-18,Israel,Asia,30708,8866,2.3544829088306662
2016-07-18,Saudi Arabia,Asia,29195,3939,1.65256110656611
2016-07-18,India,Asia,28278,14264,1.4022354951562386
2016-07-18,United Kingdom,Europe,25566,10335,2.7575555029783874
2016-07-18,Ukraine,Europe,20422,9677,2.2257676303185483
2016-07-18,Russia,Europe,19364,10176,2.9230945294221655
2016-07-18,China,Asia,19276,6106,1.9045074207021866
2016-07-18,Iraq,Asia,17723,6195,1.7533210445704248
2016-07-18,Pakistan,Asia,16017,7748,1.021229258980242
2016-07-25,United States,North America,348131,85102,14.75048943103302
2016-07-25,France,Europe,63938,21602,14.049187126422769
2016-07-25,Turkey,Asia,50910,21122,11.679815144788577
2016-07-25,Germany,Europe,42283,13862,8.12760601213698
2016-07-25,Syria,Asia,40413,16818,6.340051158052805
2016-07-25,Israel,Asia,31713,8283,1.9432492124289467
2016-07-25,Saudi Arabia,Asia,30074,4400,1.8857741285539507
2016-07-25,Iraq,Asia,27252,7032,2.4446563674354818
2016-07-25,India,Asia,24972,12931,1.0373192630278043
2016-07-25,Russia,Europe,22493,10548,3.311566454287707
2016-07-25,United Kingdom,Europe,21329,9007,2.1379015275865108
2016-07-25,Afghanistan,Asia,19692,5856,1.9764127296327274
2016-07-25,Pakistan,Asia,19051,7290,1.0532867619237494
2016-07-25,Australia,Oceania,14381,4652,0.7758543326369977
2016-07-25,Bangladesh,Asia,13365,4569,1.2258476001093896
2016-08-01,United States,North America,290803,79699,12.417792140709862
2016-08-01,Syria,Asia,61578,21851,10.578204916261743
2016-08-01,Russia,Europe,34391,14122,5.507028862357531
2016-08-01,Iraq,Asia,33981,7958,2.528583309852587
2016-08-01,United Kingdom,Europe,33691,12237,4.219631227369595
2016-08-01,Turkey,Asia,28284,12663,6.730759929694217
2016-08-01,Israel,Asia,26585,8296,2.0950385971675587
2016-08-01,Saudi Arabia,Asia,26394,3563,1.449707623619725
2016-08-01,France,Europe,24995,9632,4.903211024433496
2016-08-01,India,Asia,24013,13029,1.3619761598632092
2016-08-01,Australia,Oceania,18040,5166,0.9991342990640733
2016-08-01,China,Asia,16913,6564,3.6642811611793866
2016-08-01,Libya,Africa,15869,5346,4.738474157557302
2016-08-01,Afghanistan,Asia,15203,5910,2.1054799856105655
2016-08-01,Nigeria,Africa,13513,7235,2.086161986493213
2016-08-08,United States,North America,327023,83018,13.951215459351042
2016-08-08,Pakistan,Asia,56233,16032,7.229603064076511
2016-08-08,Syria,Asia,49877,19164,6.6314336753456
2016-08-08,United Kingdom,Europe,37161,10687,2.432601923236522
2016-08-08,Turkey,Asia,35883,13587,7.056244946037101
2016-08-08,Russia,Europe,33505,16430,6.2073788565026184
2016-08-08,Israel,Asia,33164,8255,1.950625040058441
2016-08-08,Saudi Arabia,Asia,30951,4799,1.7769759041141653
2016-08-08,India,Asia,27972,12098,0.9606314681754645
2016-08-08,Afghanistan,Asia,25348,7213,2.3922488880228405
2016-08-08,Ukraine,Europe,21764,11154,4.429298400261264
2016-08-08,Iraq,Asia,20362,6949,2.2438955922999835
2016-08-08,France,Europe,20212,6414,3.086452459017313
2016-08-08,Australia,Oceania,18034,5174,0.9486804209840789
2016-08-08,Canada,North America,15256,5428,1.4066065299911208
2016-08-15,United States,North America,336042,84009,16.669815408420707
2016-08-15,Turkey,Asia,65669,22216,13.05619334202879
2016-08-15,Syria,Asia,56425,21750,8.816704057615262
2016-08-15,India,Asia,37013,12442,1.169067289519624
2016-08-15,Afghanistan,Asia,36430,5489,1.9101759986524953
2016-08-15,Russia,Europe,34895,16286,5.752597079302068
2016-08-15,Israel,Asia,32977,10317,2.658747202839278
2016-08-15,United Kingdom,Europe,31733,9909,2.3227844637087673
2016-08-15,Saudi Arabia,Asia,30654,5365,2.1185015805776413
2016-08-15,Pakistan,Asia,24457,8117,1.3675495610883475
2016-08-15,Mexico,North America,19520,6807,2.077388023299704
2016-08-15,France,Europe,19202,7535,3.715976390015223
2016-08-15,Iran,Asia,17881,6744,1.7754344593948406
2016-08-15,Iraq,Asia,16937,6969,2.3453681116908998
2016-08-15,Australia,Oceania,16309,5040,0.8714930852106035
2016-08-22,United States,North America,318076,77215,9.688905030814677
2016-08-22,Turkey,Asia,93934,32591,16.698168694210704
2016-08-22,Syria,Asia,72152,25563,9.822878654599226
2016-08-22,India,Asia,37114,11327,0.8946364121343259
2016-08-22,Pakistan,Asia,33771,6831,1.0882189865053191
2016-08-22,France,Europe,32716,10275,5.149793876656945
2016-08-22,United Kingdom,Europe,31835,10804,2.2255535278533665
2016-08-22,Israel,Asia,31680,10466,2.6770997729706933
2016-08-22,Saudi Arabia,Asia,30732,4799,1.6500619071586329
2016-08-22,Afghanistan,Asia,29821,6825,1.9607497758168113
2016-08-22,Russia,Europe,25552,12326,5.1650192118615195
2016-08-22,Australia,Oceania,23707,6743,1.1567216240349507
2016-08-22,Canada,North America,16027,4664,0.8541772592084201
2016-08-22,Iraq,Asia,15880,6889,2.2521936791017505
2016-08-22,Bangladesh,Asia,14254,4261,1.1854016869070203
2016-08-29,United States,North America,267664,72648,12.116263110256087
2016-08-29,Syria,Asia,57746,21282,7.697301984918145
2016-08-29,Turkey,Asia,49784,18983,10.389995105821669
2016-08-29,Saudi Arabia,Asia,29392,4490,1.6729760533332863
2016-08-29,Israel,Asia,25956,7301,1.6647264728838378
2016-08-29,Australia,Oceania,21934,6084,1.227926372890299
2016-08-29,United Kingdom,Europe,21817,8998,2.163830726559204
2016-08-29,Pakistan,Asia,21362,9576,3.4442673174192016
2016-08-29,Russia,Europe,19858,11016,3.827410193772998
2016-08-29,China,Asia,17309,6511,2.368498785626084
2016-08-29,India,Asia,16927,10305,1.1480933815178889
2016-08-29,Iraq,Asia,16044,6612,1.7533886088650754
2016-08-29,Bangladesh,Asia,15244,5072,1.4237291353697001
2016-08-29,France,Europe,15148,6789,3.541036884961415
2016-08-29,Philippines,Asia,14680,5461,2.5041902787322576
2016-09-05,United States,North America,239576,71864,13.977385204305444
2016-09-05,Syria,Asia,56783,20641,9.051093424116278
2016-09-05,Israel,Asia,30249,8782,2.391118005587593
2016-09-05,France,Europe,28051,9283,5.685776208875538
2016-09-05,Russia,Europe,25785,12104,5.428625224423554
2016-09-05,Turkey,Asia,23705,10966,4.051011440115749
2016-09-05,United Kingdom,Europe,23299,10463,2.5161780061485266
2016-09-05,Australia,Oceania,21697,5151,1.0721202559895804
2016-09-05,Afghanistan,Asia,21098,6450,2.7557240209992644
2016-09-05,Saudi Arabia,Asia,19490,5814,2.1003142364647545
2016-09-05,India,Asia,19104,10759,1.170458326732413
2016-09-05,China,Asia,16255,5585,2.28641050110047
2016-09-05,Iraq,Asia,15753,6260,2.1024811653190483
2016-09-05,Iran,Asia,14113,5657,1.32965157618274
2016-09-05,Ukraine,Europe,13538,6606,1.5607110564217657
2016-09-12,United States,North America,266566,78913,14.847784362701084
2016-09-12,Syria,Asia,75199,25780,13.714115997703054
2016-09-12,Israel,Asia,40399,13408,4.452523463490754
2016-09-12,Russia,Europe,33181,14043,5.822289198353822
2016-09-12,United Kingdom,Europe,29309,11375,3.214912243901307
2016-09-12,India,Asia,28649,14616,3.076391358021774
2016-09-12,Pakistan,Asia,17691,8111,2.565901077290605
2016-09-12,France,Europe,16579,7443,4.98156788274732
2016-09-12,Turkey,Asia,16045,7466,2.9118222055105414
2016-09-12,Ukraine,Europe,15021,7431,2.372670113125651
2016-09-12,Philippines,Asia,14206,4829,1.7824877986583394
2016-09-12,Germany,Europe,13975,5524,2.472397346793012
2016-09-12,Australia,Oceania,12709,3912,0.863667331090297
2016-09-12,Iraq,Asia,10614,4492,1.7321539204116658
2016-09-12,China,Asia,10602,5154,2.106313287601118
2016-09-19,United States,North America,456081,104076,26.278849388245543
2016-09-19,Syria,Asia,104286,30428,15.688254727942486
2016-09-19,Russia,Europe,39405,16302,6.392233543359545
2016-09-19,Israel,Asia,36890,10702,2.8220960737767027
2016-09-19,India,Asia,28116,15063,1.5857129323912027
2016-09-19,Bangladesh,Asia,27874,1689,0.8691479276227728
2016-09-19,United Kingdom,Europe,25892,10400,2.2429408922639706
2016-09-19,Pakistan,Asia,25211,11435,1.7990411907821786
2016-09-19,Iraq,Asia,19666,7357,2.085398507510881
2016-09-19,Afghanistan,Asia,17562,4487,1.6903149010463185
2016-09-19,Turkey,Asia,17000,7657,2.2342491823605717
2016-09-19,Australia,Oceania,16274,4683,0.6930294278704882
2016-09-19,France,Europe,15155,6546,4.080942624512506
2016-09-19,Ukraine,Europe,12186,6115,1.7163336305516301
2016-09-19,Canada,North America,11314,4469,0.5254103265673936
2016-09-26,United States,North America,352890,89419,18.767604378830473
2016-09-26,Syria,Asia,63954,25372,13.064563748409627
2016-09-26,Bangladesh,Asia,61888,1958,0.9579396515601031
2016-09-26,Russia,Europe,38325,17082,8.00346378328432
2016-09-26,Israel,Asia,30204,8961,2.584806080888815
2016-09-26,India,Asia,29850,15599,1.740703962790614
2016-09-26,Pakistan,Asia,23166,11828,3.222659179293535
2016-09-26,United Kingdom,Europe,21501,9641,2.1360679821054354
2016-09-26,Ukraine,Europe,16468,7408,2.2540536779799383
2016-09-26,Iraq,Asia,15604,6559,2.024231398256357
2016-09-26,Turkey,Asia,14498,7174,3.117775319072821
2016-09-26,France,Europe,13438,5930,3.187212349249364
2016-09-26,Germany,Europe,12952,4775,2.1324911338588737
2016-09-26,Australia,Oceania,12128,3855,0.556801913741339
2016-09-26,Mexico,North America,11995,5638,1.6784703973411963
2016-10-03,United States,North America,323832,84646,16.817698045050616
2016-10-03,Syria,Asia,69961,25669,10.052254943707474
2016-10-03,Russia,Europe,43917,19904,9.272248990147594
2016-10-03,Turkey,Asia,39097,12934,5.320142639616099
2016-10-03,Israel,Asia,32756,10461,3.153482747608177
2016-10-03,India,Asia,25200,14104,1.5406400121344737
2016-10-03,Pakistan,Asia,23139,10661,1.7864007390320724
2016-10-03,United Kingdom,Europe,22819,10055,2.688620399677103
2016-10-03,Afghanistan,Asia,19719,7359,2.7690464453498533
2016-10-03,France,Europe,16419,5873,3.0359813918025544
2016-10-03,Iraq,Asia,15760,6555,1.6642303316648206
2016-10-03,Australia,Oceania,14722,3853,0.6175338864966479
2016-10-03,Bangladesh,Asia,13802,2968,1.036725142319801
2016-10-03,Germany,Europe,13448,5091,2.3012496647037035
2016-10-03,Ukraine,Europe,12391,6674,1.7248820506103286
2016-10-10,United States,North America,277120,77712,15.439101581298774
2016-10-10,Syria,Asia,64375,22770,9.605842416209438
2016-10-10,Russia,Europe,37912,18826,7.980749440941921
2016-10-10,Israel,Asia,32331,9994,3.096103303875264
2016-10-10,Turkey,Asia,29995,12078,4.461940058355598
2016-10-10,United Kingdom,Europe,22419,10269,2.7650604931489813
2016-10-10,Iraq,Asia,20759,8477,3.1422401517243963
2016-10-10,Germany,Europe,20318,7612,3.9472015971492507
2016-10-10,Yemen,Asia,20142,7739,2.373927829518699
2016-10-10,India,Asia,19880,11263,1.1783380596309103
2016-10-10,Australia,Oceania,19195,5584,1.1616374968208278
2016-10-10,France,Europe,16155,7595,4.975973175180454
2016-10-10,Afghanistan,Asia,15248,6046,2.2494556437795676
2016-10-10,Pakistan,Asia,13648,7260,1.3739297687891887
2016-10-10,Nigeria,Africa,13400,6787,1.8948681849909157
2016-10-17,United States,North America,268461,77020,11.158744467933932
2016-10-17,Iraq,Asia,94974,29027,15.738723800491725
2016-10-17,Syria,Asia,62292,23150,9.808105599451315
2016-10-17,Russia,Europe,39446,16869,7.140743699345068
2016-10-17,Turkey,Asia,31870,12274,4.142287855755634
2016-10-17,United Kingdom,Europe,29360,12070,3.3148050830247136
2016-10-17,Israel,Asia,20373,6813,1.4115032259387013
2016-10-17,India,Asia,19748,11438,1.2097340853961458
2016-10-17,Australia,Oceania,16923,5144,0.8016998248150735
2016-10-17,France,Europe,15944,6387,2.590442228577193
2016-10-17,Ukraine,Europe,15031,8034,1.821499324434415
2016-10-17,Pakistan,Asia,14372,7223,1.142828308381742
2016-10-17,China,Asia,12992,5219,2.1825109298641445
2016-10-17,Mexico,North America,12674,5807,1.8571414432164532
2016-10-17,Saudi Arabia,Asia,12662,5560,1.8262604533776023
2016-10-24,United States,North America,271431,75104,8.924739701141677
2016-10-24,Iraq,Asia,61166,19829,9.779077440530893
2016-10-24,Syria,Asia,55908,22417,10.427809544791819
2016-10-24,Pakistan,Asia,42490,16918,4.713476313179899
2016-10-24,Russia,Europe,32301,15175,6.9099162592329195
2016-10-24,Turkey,Asia,25889,11173,3.9632892138404294
2016-10-24,United Kingdom,Europe,22708,10192,2.6823805191964687
2016-10-24,Israel,Asia,21259,7289,1.424596554357467
2016-10-24,India,Asia,20864,11762,1.337203550474558
2016-10-24,Australia,Oceania,17754,5070,1.0360254271537739
2016-10-24,Afghanistan,Asia,17539,6027,2.626209777159593
2016-10-24,Canada,North America,14074,4901,0.8806636629325664
2016-10-24,France,Europe,13818,5818,2.808514710056358
2016-10-24,Ukraine,Europe,12222,6334,2.118382530921307
2016-10-24,Philippines,Asia,11762,3740,1.1459405424026563
2016-10-31,United States,North America,365314,86717,14.996101139750252
2016-10-31,Iraq,Asia,61856,19462,11.705024067790703
2016-10-31,Turkey,Asia,50401,17036,10.29033189978893
2016-10-31,Syria,Asia,41674,17518,7.704467896724915
2016-10-31,Afghanistan,Asia,25830,6056,2.555398951113703
2016-10-31,India,Asia,25396,13408,1.5605176745358416
2016-10-31,United Kingdom,Europe,24505,10213,2.408544109870982
2016-10-31,Russia,Europe,21898,12102,4.948792482524626
2016-10-31,Israel,Asia,21233,6740,1.5058318080924917
2016-10-31,Pakistan,Asia,18501,9093,1.8713035830062197
2016-10-31,Australia,Oceania,17607,5110,0.9232098482613562
2016-10-31,France,Europe,11675,5302,2.9589687861648852
2016-10-31,Ukraine,Europe,11016,5826,1.3832615612372563
2016-10-31,Canada,North America,10842,3898,0.5407589214416956
2016-10-31,Germany,Europe,10480,4148,1.769945361006044
2016-11-07,United States,North America,337873,90691,23.52193551935231
2016-11-07,Iraq,Asia,40810,14828,8.012013471375003
2016-11-07,Syria,Asia,39582,15058,6.305186870275477
2016-11-07,United Kingdom,Europe,23323,9627,2.734369406591009
2016-11-07,Afghanistan,Asia,22725,7222,3.0871624680064462
2016-11-07,Russia,Europe,21564,11040,4.838901124315298
2016-11-07,Israel,Asia,20140,5951,1.5617149937478052
2016-11-07,Turkey,Asia,19952,8617,4.127903409748596
2016-11-07,India,Asia,17748,10215,1.0975053665289194
2016-11-07,Pakistan,Asia,17012,7435,2.2040517642974695
2016-11-07,Australia,Oceania,16096,4463,0.8452669171386262
2016-11-07,Germany,Europe,14500,5814,2.367352323042278
2016-11-07,France,Europe,11054,5013,3.2776493906904425
2016-11-07,Ukraine,Europe,10868,6031,1.8949776978591906
2016-11-07,China,Asia,10180,4415,2.7723204821642575
2016-11-14,United States,North America,304673,80817,14.422821903761058
2016-11-14,Syria,Asia,49056,19164,9.243105041462433
2016-11-14,Iraq,Asia,34568,12065,5.405334877886279
2016-11-14,Russia,Europe,29137,14162,7.226555052312594
2016-11-14,Israel,Asia,26535,6930,1.8159806237314464
2016-11-14,United Kingdom,Europe,22617,9847,3.3625925362353004
2016-11-14,Turkey,Asia,17840,8113,3.2280405183541925
2016-11-14,Australia,Oceania,17592,4757,1.0682181422783417
2016-11-14,India,Asia,14661,8835,1.1867968809708278
2016-11-14,Egypt,Africa,13458,5529,1.8084782556411825
2016-11-14,Nigeria,Africa,11222,5874,2.1607133829630154
2016-11-14,Pakistan,Asia,10838,5896,1.0521555136069887
2016-11-14,Afghanistan,Asia,9864,3889,1.835287650346389
2016-11-14,France,Europe,9752,4351,2.5387627329768265
2016-11-14,Mexico,North America,9659,4068,1.2358590483368395
2016-11-21,United States,North America,311668,65873,11.375913598451485
2016-11-21,Syria,Asia,42234,16670,6.958751959870485
2016-11-21,Turkey,Asia,30961,12548,6.232810713292968
2016-11-21,United Kingdom,Europe,28859,10451,3.485915087748326
2016-11-21,Israel,Asia,28648,10335,2.979899483053085
2016-11-21,Iraq,Asia,27730,9710,5.607999385071473
2016-11-21,Russia,Europe,21080,10337,4.838772404173267
2016-11-21,Cuba,North America,18701,3904,2.064805130343034
2016-11-21,India,Asia,17303,10322,1.277213935877597
2016-11-21,Australia,Oceania,15930,4627,0.9140066406191295
2016-11-21,Pakistan,Asia,15164,7208,1.5493857117291219
2016-11-21,France,Europe,14873,6918,4.8058211330559235
2016-11-21,Afghanistan,Asia,13040,4408,2.1022128762518077
2016-11-21,China,Asia,12737,5326,2.488880152157116
2016-11-21,Ukraine,Europe,12404,7032,1.7558910814726376
2016-11-28,United States,North America,292031,76780,13.340246818113982
2016-11-28,Syria,Asia,52140,19200,9.984488425763143
2016-11-28,Russia,Europe,24903,11995,5.631447923851928
2016-11-28,Iraq,Asia,22934,8709,3.7205466324134164
2016-11-28,United Kingdom,Europe,22782,9201,2.175420535470062
2016-11-28,India,Asia,21029,11728,1.6167384634348594
2016-11-28,Israel,Asia,19210,7820,1.9905495367424701
2016-11-28,Australia,Oceania,16627,4821,0.9380839778111798
2016-11-28,Turkey,Asia,16280,7679,3.2084853212228337
2016-11-28,Ukraine,Europe,14769,7706,2.400621232972742
2016-11-28,France,Europe,13660,5659,3.58994424553919
2016-11-28,Cuba,North America,11261,4189,2.018906619836452
2016-11-28,Pakistan,Asia,11182,5358,1.0365959801697937
2016-11-28,China,Asia,11140,4841,2.7982623581725963
2016-11-28,Canada,North America,10621,3920,0.514044938211672
2016-12-05,United States,North America,287247,76302,13.363923905174868
2016-12-05,Syria,Asia,71111,24034,13.41100823446559
2016-12-05,Russia,Europe,30844,13542,5.623572997576251
2016-12-05,United Kingdom,Europe,25399,10268,3.4150903137513566
2016-12-05,Iraq,Asia,24085,9040,3.1649105895336134
2016-12-05,Turkey,Asia,20325,8272,3.3903822656000746
2016-12-05,Israel,Asia,20049,7034,1.5775902444505177
2016-12-05,France,Europe,16050,5682,3.3002629484430654
2016-12-05,India,Asia,15408,9082,1.376169647524018
2016-12-05,Egypt,Africa,15293,6764,2.7349150021813484
2016-12-05,Australia,Oceania,12089,4124,0.7189015503434112
2016-12-05,Nigeria,Africa,11485,5154,3.176513361117557
2016-12-05,Japan,Asia,11476,3437,1.1725782559168412
2016-12-05,Ukraine,Europe,10283,6201,1.9306571399588528
2016-12-05,China,Asia,9973,4718,2.154073177554856
2016-12-12,United States,North America,263420,69192,8.775617742319369
2016-12-12,Syria,Asia,105979,31551,20.487536246463016
2016-12-12,Russia,Europe,40152,16676,6.532694198269112
2016-12-12,Turkey,Asia,32866,12709,5.542613440760082
2016-12-12,United Kingdom,Europe,28111,10181,2.6896411526768063
2016-12-12,Israel,Asia,25734,7398,1.8122006088303788
2016-12-12,Afghanistan,Asia,19676,3248,1.4428156209400442
2016-12-12,Egypt,Africa,18607,8033,2.767774520516407
2016-12-12,India,Asia,16399,9410,1.1542659642085642
2016-12-12,Australia,Oceania,15206,4182,0.7694223069116018
2016-12-12,Iraq,Asia,15120,6094,2.071758186099076
2016-12-12,France,Europe,14641,5813,3.155631779264398
2016-12-12,Canada,North America,14528,4042,0.8257081884491438
2016-12-12,China,Asia,13277,5720,3.3782798699109082
2016-12-12,Iran,Asia,13030,4599,1.28946718041494
2016-12-19,United States,North America,192126,61530,6.55678434559432
2016-12-19,Turkey,Asia,116094,38845,16.87034047959488
2016-12-19,Russia,Europe,94035,36861,16.899510447956036
2016-12-19,Germany,Europe,91559,23006,10.86854133874498
2016-12-19,Syria,Asia,68168,25550,9.110418507787552
2016-12-19,Israel,Asia,37876,11241,2.45608161789075
2016-12-19,Italy,Europe,35903,9176,3.8818881981862488
2016-12-19,France,Europe,21185,6135,2.754504455465332
2016-12-19,Tunisia,Africa,21073,5328,1.900021494395446
2016-12-19,United Kingdom,Europe,20180,7830,1.2862630784337543
2016-12-19,Jordan,Asia,19460,5524,1.948258544749421
2016-12-19,India,Asia,17672,9470,0.9984460360817644
2016-12-19,Australia,Oceania,17506,4461,0.9079080380765078
2016-12-19,Iraq,Asia,15446,5998,1.6929372016953386
2016-12-19,Canada,North America,14999,4644,0.7599330511006295
2016-12-26,United States,North America,187072,57803,9.87472623590046
2016-12-26,Russia,Europe,58369,21002,15.222111983903503
2016-12-26,Syria,Asia,47616,16753,8.95804832203117
2016-12-26,Turkey,Asia,41133,14366,9.797695791923418
2016-12-26,Israel,Asia,36183,10096,3.3495739117154
2016-12-26,Iraq,Asia,22076,8090,3.717648439387246
2016-12-26,Germany,Europe,17458,6262,3.4556814269204796
2016-12-26,United Kingdom,Europe,16869,5959,1.6382398000169334
2016-12-26,India,Asia,16011,8810,1.728288444236229
2016-12-26,Ukraine,Europe,11215,6309,1.559782896692447
2016-12-26,China,Asia,10938,5013,3.8107163378234152
2016-12-26,France,Europe,9994,4086,2.676224915464412
2016-12-26,Indonesia,Asia,9987,3513,1.7449055392559574
2016-12-26,Italy,Europe,9501,3671,1.9630752327857202
2016-12-26,Nigeria,Africa,9188,4635,1.1691527009982878
2017-01-02,United States,North America,246440,68977,14.606819466117784
2017-01-02,Turkey,Asia,83483,24904,18.049516331043197
2017-01-02,Israel,Asia,58529,13345,5.054205839826133
2017-01-02,Syria,Asia,38415,15272,6.403502633922856
2017-01-02,Iraq,Asia,33495,13037,6.0228907251224895
2017-01-02,Russia,Europe,28369,11548,4.850126007646413
2017-01-02,Brazil,South America,19798,7384,5.113802589478428
2017-01-02,India,Asia,17686,9476,1.0375822020948018
2017-01-02,United Kingdom,Europe,17305,7434,1.4340452255473723
2017-01-02,France,Europe,14525,5448,3.224461232856841
2017-01-02,Mexico,North America,12856,5129,1.8195230162067186
2017-01-02,Germany,Europe,11896,4940,1.9017071974169109
2017-01-02,Philippines,Asia,11720,3708,1.5966340225898965
2017-01-02,China,Asia,10588,5130,2.090956958830231
2017-01-02,Yemen,Asia,10256,5069,1.6918535624210211
2017-01-09,United States,North America,263202,74810,14.159321755438798
2017-01-09,Israel,Asia,37197,11251,3.8125596560427426
2017-01-09,Russia,Europe,31605,13554,6.633312389214556
2017-01-09,Syria,Asia,29940,12005,6.030250932120198
2017-01-09,Afghanistan,Asia,25470,7220,4.552061325028282
2017-01-09,United Kingdom,Europe,24116,9243,2.314239162244658
2017-01-09,Iraq,Asia,19877,7486,3.750645943480283
2017-01-09,France,Europe,17185,6193,4.241469116954939
2017-01-09,Turkey,Asia,17180,7361,3.398795933085176
2017-01-09,Australia,Oceania,14303,3830,0.7878883324437645
2017-01-09,China,Asia,13699,5325,2.4534282794069253
2017-01-09,India,Asia,13426,8568,1.3414933495713273
2017-01-09,Nigeria,Africa,11885,5866,1.6317817682131788
2017-01-09,Iran,Asia,11839,3825,1.439447477521505
2017-01-09,Egypt,Africa,11736,4667,1.7009503787428608
2017-01-16,United States,North America,337944,82965,18.422795091700845
2017-01-16,Israel,Asia,45129,9271,3.1264943933692995
2017-01-16,Mexico,North America,36691,9816,4.946914520349306
2017-01-16,Syria,Asia,32066,12029,4.968706073124254
2017-01-16,Turkey,Asia,31980,12172,6.715480468708789
2017-01-16,United Kingdom,Europe,30928,10918,2.673570272334871
2017-01-16,Russia,Europe,25182,11596,5.531965151908375
2017-01-16,Iraq,Asia,19782,6705,2.75776108055241
2017-01-16,Nigeria,Africa,19620,9052,3.564347235659329
2017-01-16,India,Asia,18492,10920,1.6349546946777704
2017-01-16,Australia,Oceania,15642,4641,0.9543925975621529
2017-01-16,Afghanistan,Asia,12442,3151,1.2291448212186153
2017-01-16,Brazil,South America,12204,5053,3.1271816402113033
2017-01-16,Iran,Asia,11887,3504,1.4359639086756701
2017-01-16,Italy,Europe,10747,3285,1.7935580659241503
2017-01-23,United States,North America,363668,94548,21.996009298585392
2017-01-23,Syria,Asia,58891,14485,6.4164265075662
2017-01-23,Mexico,North America,38434,10798,6.412421129891189
2017-01-23,Israel,Asia,37411,8152,2.4628088884161508
2017-01-23,United Kingdom,Europe,36788,11889,3.5639494390068567
2017-01-23,Russia,Europe,31044,11702,4.733551291297273
2017-01-23,Iraq,Asia,29952,8369,2.622355343276029
2017-01-23,Yemen,Asia,22762,5975,2.4059359822704276
2017-01-23,Iran,Asia,19322,6028,1.8371520102488135
2017-01-23,Egypt,Africa,17849,3989,1.075553802406542
2017-01-23,Somalia,Africa,16978,3392,1.9114544202110986
2017-01-23,Turkey,Asia,16623,6649,3.1270740717577685
2017-01-23,Canada,North America,15187,4614,0.889441810552352
2017-01-23,India,Asia,14634,9041,0.8711608899145245
2017-01-23,Australia,Oceania,13317,3943,0.8933106364257178
2017-01-30,United States,North America,426117,119058,24.55911691498988
2017-01-30,Canada,North America,63234,15529,6.004768371369079
2017-01-30,Iraq,Asia,61486,12655,2.6011649685346674
2017-01-30,Iran,Asia,56054,16591,5.031884568564368
2017-01-30,Syria,Asia,51024,16034,4.3703125812160835
2017-01-30,United Kingdom,Europe,40714,13559,2.786832568123206
2017-01-30,Israel,Asia,36379,7741,2.0343297558657425
2017-01-30,Yemen,Asia,34813,10534,2.958274999320029
2017-01-30,France,Europe,33209,8460,4.972911513305065
2017-01-30,Ukraine,Europe,31387,12752,4.7839801100682795
2017-01-30,Russia,Europe,30008,12898,4.1275809622822806
2017-01-30,Turkey,Asia,20384,7542,3.390879028112017
2017-01-30,Australia,Oceania,17012,5316,0.7097667665193167
2017-01-30,India,Asia,16966,10027,0.7049727040105206
2017-01-30,Mexico,North America,15561,6029,1.5570277466925868
2017-02-06,United States,North America,375212,96198,20.01112059883741
2017-02-06,Syria,Asia,51250,16080,7.0851709685740545
2017-02-06,Israel,Asia,41949,10804,3.8892341877252683
2017-02-06,Russia,Europe,31173,14121,5.840373128718761
2017-02-06,United Kingdom,Europe,29190,11287,3.1223932191230652
2017-02-06,Turkey,Asia,25392,9736,5.153828960199484
2017-02-06,France,Europe,22880,7661,4.738423518669362
2017-02-06,Afghanistan,Asia,22090,7685,3.2738589048881943
2017-02-06,Yemen,Asia,20233,6264,1.7642718401388537
2017-02-06,Australia,Oceania,18961,5195,1.0086455886091445
2017-02-06,Iran,Asia,18762,7355,2.1967448559364438
2017-02-06,Iraq,Asia,17786,7283,2.1759192701374226
2017-02-06,India,Asia,16284,9735,1.0224512269617632
2017-02-06,Ukraine,Europe,15883,8912,2.03601347174574
2017-02-06,Mexico,North America,15476,6209,1.8051083972293842
2017-02-13,United States,North America,280578,83212,15.391952497804292
2017-02-13,Pakistan,Asia,38909,14144,4.932345423616738
2017-02-13,Russia,Europe,35559,14307,5.387695260312879
2017-02-13,Syria,Asia,35194,13142,4.894977082821159
2017-02-13,North Korea,Asia,30521,8384,5.009418760770313
2017-02-13,Israel,Asia,29895,6991,2.117748633530157
2017-02-13,Malaysia,Asia,24976,6788,4.419992581825707
2017-02-13,Iraq,Asia,22844,8019,3.7789350715554346
2017-02-13,Australia,Oceania,21805,5697,1.0658887428664616
2017-02-13,United Kingdom,Europe,20633,8670,2.9976358855380996
2017-02-13,Mexico,North America,18870,5541,1.1562001258223638
2017-02-13,Turkey,Asia,18784,8051,3.0363874906277273
2017-02-13,India,Asia,18079,10015,0.8702411874152106
2017-02-13,South Korea,Asia,17752,5348,2.349285459400648
2017-02-13,China,Asia,15730,5713,2.377631141335335
2017-02-20,United States,North America,283961,80642,11.382092146285009
2017-02-20,Syria,Asia,60226,15686,6.085591817928517
2017-02-20,Iraq,Asia,38353,12590,8.097087232419895
2017-02-20,Israel,Asia,36989,10031,2.769432859438672
2017-02-20,Malaysia,Asia,29067,6533,4.284660200869116
2017-02-20,United Kingdom,Europe,25682,10810,2.3482054352782966
2017-02-20,Russia,Europe,24860,11182,5.3788899969922825
2017-02-20,Turkey,Asia,24260,8329,3.2205340262115376
2017-02-20,North Korea,Asia,19545,6148,3.7476458453690626
2017-02-20,India,Asia,19344,10309,0.8641545825933736
2017-02-20,Mexico,North America,18076,5956,1.6703597696353445
2017-02-20,Germany,Europe,16885,5922,2.8045305138345142
2017-02-20,Australia,Oceania,16724,4634,0.8600865909481391
2017-02-20,Pakistan,Asia,16575,8531,2.133486766198959
2017-02-20,France,Europe,13454,5826,3.165882530203799
2017-02-27,United States,North America,301432,83464,14.026921685509985
2017-02-27,Syria,Asia,47276,16659,6.656257008863089
2017-02-27,Israel,Asia,42366,10018,2.4701733343797314
2017-02-27,Russia,Europe,31608,13304,6.900853225375987
2017-02-27,Turkey,Asia,25555,9219,4.044568313749654
2017-02-27,Iraq,Asia,25329,9001,3.301639792721409
2017-02-27,United Kingdom,Europe,23324,9892,2.459787560646129
2017-02-27,Germany,Europe,23085,8710,4.327905624819396
2017-02-27,India,Asia,21441,11084,0.9074114808250199
2017-02-27,North Korea,Asia,18839,5550,3.21820699711855
2017-02-27,Malaysia,Asia,17988,5631,3.7647927402415977
2017-02-27,Yemen,Asia,17976,6293,1.9238214020269444
2017-02-27,Afghanistan,Asia,17394,5792,2.1942615716156353
2017-02-27,Australia,Oceania,16743,4882,1.3502877212303142
2017-02-27,Egypt,Africa,14680,5510,1.4185929832694641
2017-03-06,United States,North America,310870,82004,14.607462327081413
2017-03-06,Turkey,Asia,48540,14990,6.609191896369406
2017-03-06,Syria,Asia,42765,15654,5.396775360985647
2017-03-06,Iraq,Asia,33852,12969,6.378744150331916
2017-03-06,North Korea,Asia,29728,9101,5.659374997190868
2017-03-06,Israel,Asia,29111,8523,1.9738390076528143
2017-03-06,Afghanistan,Asia,27822,6739,3.6389833176879036
2017-03-06,Russia,Europe,23987,11275,3.8042217983394258
2017-03-06,India,Asia,22371,11347,1.1381989759669224
2017-03-06,Netherlands,Europe,20504,5199,3.115172234581707
2017-03-06,Germany,Europe,20379,8045,4.041457070643307
2017-03-06,United Kingdom,Europe,19776,9419,2.179556611572504
2017-03-06,South Korea,Asia,19235,5581,2.299708864179304
2017-03-06,Australia,Oceania,18538,5390,0.9430295252787481
2017-03-06,Malaysia,Asia,16928,5866,3.5627488757274905
2017-03-13,United States,North America,293227,75451,12.92556597821975
2017-03-13,Syria,Asia,51784,17127,7.936510860331865
2017-03-13,France,Europe,48186,11513,9.90527731039942
2017-03-13,Israel,Asia,35825,12313,3.658228456205688
2017-03-13,Turkey,Asia,31873,12888,5.617648551657635
2017-03-13,United Kingdom,Europe,21869,10084,2.9180264778721683
2017-03-13,Russia,Europe,21808,10793,3.683613855746816
2017-03-13,Iraq,Asia,20025,7953,3.7526102609505645
2017-03-13,Netherlands,Europe,18889,7023,4.510251148025176
2017-03-13,Germany,Europe,18464,7401,3.185312761515798
2017-03-13,North Korea,Asia,15557,4285,3.4598832693458554
2017-03-13,Australia,Oceania,15527,4809,0.8477676004883081
2017-03-13,Yemen,Asia,14825,5800,1.856588515169122
2017-03-13,India,Asia,14112,8462,1.0317532024339349
2017-03-13,Canada,North America,13761,4666,0.6303403009813408
2017-03-20,United States,North America,244461,72224,12.472157619581239
2017-03-20,United Kingdom,Europe,136893,33397,22.466591911262668
2017-03-20,Syria,Asia,39822,16484,7.3568114220543706
2017-03-20,Israel,Asia,39218,11201,2.52970019842864
2017-03-20,Russia,Europe,33591,14516,6.443355675595001
2017-03-20,France,Europe,22994,7338,5.803353291072534
2017-03-20,Ukraine,Europe,19542,8900,3.5885517424775877
2017-03-20,Iraq,Asia,18361,8184,4.2399811919543255
2017-03-20,India,Asia,17795,9978,1.3478027476402683
2017-03-20,Turkey,Asia,17042,7563,2.3441601067208526
2017-03-20,Australia,Oceania,13525,4160,0.6630835809395265
2017-03-20,Germany,Europe,12837,4546,1.5723889344314608
2017-03-20,Egypt,Africa,11520,4878,1.4440700815237462
2017-03-20,Canada,North America,11315,4028,0.493327048122812
2017-03-20,Belgium,Europe,10177,2824,1.432801466045212
2017-03-27,United States,North America,267341,73105,12.576416949053579
2017-03-27,Russia,Europe,36187,13982,10.005275459198756
2017-03-27,United Kingdom,Europe,35035,13242,6.448841137043773
2017-03-27,Israel,Asia,29366,9202,2.8356154450989486
2017-03-27,Iraq,Asia,22405,8294,4.156849568856026
2017-03-27,Syria,Asia,21374,10188,3.966091512771796
2017-03-27,India,Asia,18717,10476,1.3066307272472686
2017-03-27,China,Asia,16251,5966,2.564878464709196
2017-03-27,Pakistan,Asia,13655,5616,1.8121040229794538
2017-03-27,France,Europe,13247,5527,3.661785622818077
2017-03-27,Australia,Oceania,12952,4310,1.1742589969590271
2017-03-27,Mexico,North America,12449,4940,1.617001790802922
2017-03-27,Ukraine,Europe,12267,7094,2.412022952520122
2017-03-27,Turkey,Asia,12062,5617,2.3614349028149633
2017-03-27,Germany,Europe,10293,3609,1.3757605929518517
2017-04-03,Syria,Asia,295302,61602,31.345635897298912
2017-04-03,United States,North America,267891,81891,12.739607133429562
2017-04-03,Russia,Europe,105651,32555,14.361563073640534
2017-04-03,Sweden,Europe,49288,7148,4.180055471508215
2017-04-03,United Kingdom,Europe,39290,13624,2.539834360741985
2017-04-03,Israel,Asia,38117,8220,1.8328487036530037
2017-04-03,Egypt,Africa,22602,7636,4.111832502305561
2017-04-03,Iraq,Asia,19369,7492,2.137399663062336
2017-04-03,France,Europe,17738,5928,3.8304834321504644
2017-04-03,India,Asia,16981,10254,0.9226343723108533
2017-04-03,Turkey,Asia,16733,6566,1.5181942664173258
2017-04-03,North Korea,Asia,16233,3651,1.0602449766827675
2017-04-03,China,Asia,13833,5728,1.9164469578803673
2017-04-03,Canada,North America,13157,4254,0.5411553826612107
2017-04-03,Australia,Oceania,12714,3927,0.5672548592266317
2017-04-10,United States,North America,283550,82480,14.563963002817568
2017-04-10,Syria,Asia,126132,37115,20.142169368519408
2017-04-10,Russia,Europe,54353,20607,8.802827840984202
2017-04-10,Afghanistan,Asia,34434,8069,3.6414165220211374
2017-04-10,Israel,Asia,32669,7823,1.900317650447806
2017-04-10,Egypt,Africa,28787,9949,6.698503706390043
2017-04-10,United Kingdom,Europe,26656,10122,1.9706894938516004
2017-04-10,North Korea,Asia,25871,6938,2.4405506773809673
2017-04-10,South Korea,Asia,20325,3691,1.2666195762592671
2017-04-10,Turkey,Asia,18751,7079,2.877037929352269
2017-04-10,Pakistan,Asia,17499,7877,1.3904314459200602
2017-04-10,India,Asia,16458,9143,1.1459850517942953
2017-04-10,Mexico,North America,15129,4729,0.710027017256734
2017-04-10,Iraq,Asia,14975,5587,1.8763618413016006
2017-04-10,China,Asia,14173,6368,2.199171850557215
2017-04-17,United States,North America,276180,74821,15.33180045143164
2017-04-17,France,Europe,65122,14974,16.079576791540962
2017-04-17,Syria,Asia,32800,14611,6.3574176257435635
2017-04-17,Israel,Asia,32337,9814,3.9050961909021673
2017-04-17,Russia,Europe,30998,13991,7.0382010849916785
2017-04-17,United Kingdom,Europe,22393,8958,2.425978615511933
2017-04-17,Afghanistan,Asia,19709,6807,4.279885212555015
2017-04-17,Venezuela,South America,17353,6533,5.195710546003301
2017-04-17,Mexico,North America,16277,4939,1.1706990186307813
2017-04-17,India,Asia,16232,9362,1.3306958335848642
2017-04-17,Turkey,Asia,16117,6592,2.9730047775276294
2017-04-17,North Korea,Asia,15051,4751,2.1230645460637034
2017-04-17,South Korea,Asia,12204,3465,1.4752244828500432
2017-04-17,Australia,Oceania,12145,3995,0.796870692634666
2017-04-17,Egypt,Africa,11791,4961,1.808019731930544
2017-04-24,United States,North America,294639,75788,12.45590949722316
2017-04-24,Syria,Asia,47691,16913,5.874828168999123
2017-04-24,Israel,Asia,39499,10445,3.685736074001197
2017-04-24,Turkey,Asia,35415,13842,8.029732020900266
2017-04-24,North Korea,Asia,35142,7207,4.48620820914281
2017-04-24,United Kingdom,Europe,34273,11996,4.9901293273490905
2017-04-24,France,Europe,29494,8734,7.297096414913054
2017-04-24,Russia,Europe,25511,11217,4.684164798487905
2017-04-24,Afghanistan,Asia,22443,7143,2.96629838759812
2017-04-24,India,Asia,19494,10682,1.4591237443284821
2017-04-24,China,Asia,16883,6291,2.2119499700729532
2017-04-24,Germany,Europe,15600,5424,2.3818554813418196
2017-04-24,Iraq,Asia,15300,7023,2.59201463359662
2017-04-24,South Korea,Asia,12555,3851,2.534807751891339
2017-04-24,Australia,Oceania,11867,4040,0.818938233913365
2017-05-01,United States,North America,285387,73070,15.85772751504723
2017-05-01,France,Europe,30972,8005,9.164683858664402
2017-05-01,Israel,Asia,29906,7663,2.373100500871693
2017-05-01,Syria,Asia,29130,11883,6.561544298437959
2017-05-01,United Kingdom,Europe,22829,8602,3.8012077416656145
2017-05-01,Russia,Europe,20565,9916,5.571247305326414
2017-05-01,India,Asia,19758,10455,1.5878745158666017
2017-05-01,Afghanistan,Asia,19073,5974,2.9229148857184852
2017-05-01,Pakistan,Asia,14578,6440,1.2775330730719565
2017-05-01,Iraq,Asia,13719,5170,2.311284723702642
2017-05-01,Turkey,Asia,13698,6724,3.721198041828815
2017-05-01,Mexico,North America,13406,5089,1.6781308825542893
2017-05-01,Venezuela,South America,12900,4975,5.612718961055263
2017-05-01,Nigeria,Africa,12584,5427,2.3788148765800905
2017-05-01,North Korea,Asia,12054,4017,2.3466894692993563
2017-05-08,United States,North America,246302,67417,9.573113220731473
2017-05-08,Russia,Europe,27695,10953,6.012410994792982
2017-05-08,Israel,Asia,27168,8591,3.2413013337598193
2017-05-08,Syria,Asia,26152,10089,5.067844757356946
2017-05-08,United Kingdom,Europe,22992,8982,2.4867494427278456
2017-05-08,France,Europe,19836,5245,4.84082406917126
2017-05-08,India,Asia,17641,9706,1.5881915407176188
2017-05-08,Pakistan,Asia,14723,6829,1.9390395898074873
2017-05-08,Australia,Oceania,14569,4524,1.1386964423918733
2017-05-08,Turkey,Asia,13648,5669,2.1808232786373396
2017-05-08,China,Asia,12888,4775,2.579413622310263
2017-05-08,North Korea,Asia,12876,3109,1.358904429682223
2017-05-08,Afghanistan,Asia,12624,4645,2.4597421936836597
2017-05-08,Ukraine,Europe,12360,4972,2.1761564068589196
2017-05-08,Venezuela,South America,10368,4343,3.756234253876449
2017-05-15,United States,North America,270454,72929,14.057527020738075
2017-05-15,Israel,Asia,34739,9473,3.335140124515644
2017-05-15,Syria,Asia,32853,12150,5.881212939430695
2017-05-15,Russia,Europe,32043,11915,4.8695401179482065
2017-05-15,United Kingdom,Europe,26868,10559,3.1952598198220428
2017-05-15,Iran,Asia,24721,4077,1.4625620453307995
2017-05-15,Mexico,North America,19966,6995,3.005793537320414
2017-05-15,Turkey,Asia,17513,7191,3.6578096489507996
2017-05-15,Australia,Oceania,16377,4238,1.0904011013218364
2017-05-15,India,Asia,16316,9146,1.445933390953499
2017-05-15,Afghanistan,Asia,16070,5628,3.1750594533028553
2017-05-15,Iraq,Asia,15167,5559,2.3081221602022333
2017-05-15,China,Asia,13017,4033,1.9211382589516373
2017-05-15,Ukraine,Europe,12382,6511,2.1911192501768064
2017-05-15,Saudi Arabia,Asia,12013,3553,1.348767841926447
2017-05-22,United States,North America,258914,68338,12.651666255056874
2017-05-22,United Kingdom,Europe,88582,24666,13.170391339104714
2017-05-22,Philippines,Asia,39284,11015,4.8169442225849
2017-05-22,Egypt,Africa,31746,11733,7.324738370238308
2017-05-22,Israel,Asia,31263,8197,2.2489163209406313
2017-05-22,Libya,Africa,23149,6170,3.6999699610386254
2017-05-22,Indonesia,Asia,22221,6736,2.833597903517196
2017-05-22,Russia,Europe,21376,10633,4.483758879208206
2017-05-22,Syria,Asia,21234,8280,2.8339424907143655
2017-05-22,Iraq,Asia,18610,6216,2.38478560126674
2017-05-22,India,Asia,17193,9921,1.0865327017739888
2017-05-22,Australia,Oceania,15260,4399,0.8102841512732989
2017-05-22,Turkey,Asia,13672,6306,2.8608714482474067
2017-05-22,Afghanistan,Asia,13310,5149,2.3189709913439804
2017-05-22,Brazil,South America,11373,4354,2.911268918311344
2017-05-29,United States,North America,210808,61721,9.549068732737792
2017-05-29,United Kingdom,Europe,81042,17900,12.630196354697368
2017-05-29,Afghanistan,Asia,42743,8178,5.983413395772336
2017-05-29,Philippines,Asia,38358,11502,6.426563739123741
2017-05-29,Russia,Europe,24320,11587,5.068524500185488
2017-05-29,Israel,Asia,21533,5832,1.7369092308264578
2017-05-29,Australia,Oceania,18942,5296,1.1357582435816758
2017-05-29,Syria,Asia,18637,8330,2.902375837074021
2017-05-29,Iraq,Asia,18402,6729,3.0330916470374754
2017-05-29,India,Asia,17728,9924,1.3125935261022388
2017-05-29,France,Europe,15849,6285,3.9027673671135674
2017-05-29,Germany,Europe,15219,5621,2.707922666269245
2017-05-29,Pakistan,Asia,12629,4663,0.9055948423908976
2017-05-29,Ukraine,Europe,12025,5981,1.638243666745749
2017-05-29,North Korea,Asia,11999,2968,2.031720026806167
2017-06-05,United States,North America,255404,68683,11.322967100431566
2017-06-05,United Kingdom,Europe,94488,25175,14.593840219254865
2017-06-05,Qatar,Asia,52718,16132,7.655345884247138
2017-06-05,Iran,Asia,47959,13494,7.419290788228418
2017-06-05,Australia,Oceania,30728,8233,1.948769983098224
2017-06-05,Israel,Asia,26554,7174,1.4053551578300791
2017-06-05,Syria,Asia,26540,10713,3.809891937405975
2017-06-05,Russia,Europe,24877,10618,3.636689735946417
2017-06-05,France,Europe,24610,7116,4.126141671053112
2017-06-05,Philippines,Asia,21298,6764,3.4649934418804316
2017-06-05,India,Asia,20394,11099,1.0389970355934042
2017-06-05,Iraq,Asia,19603,6711,2.0360464165044263
2017-06-05,Saudi Arabia,Asia,19241,7719,2.7003777025946047
2017-06-05,Egypt,Africa,18594,7136,2.2107970313898164
2017-06-05,Afghanistan,Asia,15292,4665,2.377138699489263
2017-06-12,United States,North America,315466,76998,16.59509322386709
2017-06-12,United Kingdom,Europe,43544,12579,7.5340323839642735
2017-06-12,Russia,Europe,37864,14954,10.69703150917631
2017-06-12,Israel,Asia,25402,7568,2.4804712792537535
2017-06-12,Syria,Asia,25292,10295,3.9660681855933353
2017-06-12,Afghanistan,Asia,19441,6780,3.162921215585164
2017-06-12,India,Asia,17871,9826,1.1376321014952497
2017-06-12,Philippines,Asia,15876,5836,2.1348291723963233
2017-06-12,Qatar,Asia,14509,5317,2.650222688609997
2017-06-12,Turkey,Asia,14193,6156,2.8127737456095363
2017-06-12,Iraq,Asia,14130,6573,2.4324230793470627
2017-06-12,Australia,Oceania,13145,4152,0.7446467568602673
2017-06-12,Egypt,Africa,11356,4510,1.7218104436250399
2017-06-12,China,Asia,10656,4394,1.5957175404686612
2017-06-12,Iran,Asia,10097,4771,1.5729065774103268
2017-06-19,United States,North America,266932,74048,12.394481094583943
2017-06-19,United Kingdom,Europe,51092,14617,8.103198837152124
2017-06-19,Syria,Asia,44454,17154,8.216570194015903
2017-06-19,Russia,Europe,29782,13436,5.454607978455094
2017-06-19,Pakistan,Asia,24572,7726,2.4691133559170386
2017-06-19,France,Europe,24150,7083,4.4938186291219955
2017-06-19,Israel,Asia,22420,6770,1.6569997078176244
2017-06-19,Iraq,Asia,21520,7533,3.1566652030433775
2017-06-19,Iran,Asia,19828,7290,1.9100987106221143
2017-06-19,North Korea,Asia,19301,4867,1.5905437666647109
2017-06-19,Philippines,Asia,18317,6365,2.6060853484603252
2017-06-19,India,Asia,15624,8877,1.2354117826576199
2017-06-19,Saudi Arabia,Asia,14716,5515,2.3715416834888767
2017-06-19,Afghanistan,Asia,14551,5033,2.374321190823306
2017-06-19,Australia,Oceania,12957,4295,0.7648328372538845
2017-06-26,United States,North America,274703,73407,15.29815374921686
2017-06-26,Syria,Asia,45330,17110,10.323740643983186
2017-06-26,Israel,Asia,28172,7462,2.525550001857056
2017-06-26,Russia,Europe,23522,10768,5.891937099411993
2017-06-26,United Kingdom,Europe,21607,8902,3.1534833620552325
2017-06-26,China,Asia,21314,7189,3.311673545122157
2017-06-26,Australia,Oceania,18220,5049,1.6884661126886649
2017-06-26,Iraq,Asia,18204,7217,3.558009971617436
2017-06-26,Venezuela,South America,14987,5987,4.97736502059619
2017-06-26,Lebanon,Asia,14727,2448,1.142436939262582
2017-06-26,India,Asia,14353,8461,1.2623897819527579
2017-06-26,Ukraine,Europe,14127,6818,3.0326058298845857
2017-06-26,Turkey,Asia,13193,5457,2.545944009745694
2017-06-26,Iran,Asia,11242,3936,1.0179901865908632
2017-06-26,Philippines,Asia,10910,4165,2.074561633120411
2017-07-03,United States,North America,223215,59242,11.041703340270768
2017-07-03,Syria,Asia,28584,9984,3.9238216508474375
2017-07-03,Germany,Europe,28209,8314,8.365698188693937
2017-07-03,Russia,Europe,24763,9363,5.283605952050589
2017-07-03,Iraq,Asia,19627,7717,4.201363125437609
2017-07-03,Israel,Asia,19228,5336,1.4298281733414069
2017-07-03,United Kingdom,Europe,17752,7886,1.9293405089535332
2017-07-03,Egypt,Africa,17489,6160,2.9005920362553015
2017-07-03,North Korea,Asia,16699,4689,2.5423006809585256
2017-07-03,China,Asia,15041,6125,3.424191993865563
2017-07-03,Turkey,Asia,14033,6858,3.136748084347837
2017-07-03,India,Asia,13928,8876,1.1131024980715125
2017-07-03,France,Europe,10424,5146,3.3208214727154854
2017-07-03,Ukraine,Europe,10058,5181,2.1091877398072687
2017-07-03,Canada,North America,9895,3512,0.6755687088636187
2017-07-10,United States,North America,223083,63086,8.985653767334993
2017-07-10,Israel,Asia,44586,11848,6.43597479030008
2017-07-10,United Kingdom,Europe,23761,8512,2.8070231101922043
2017-07-10,Syria,Asia,23229,8510,3.388681302676642
2017-07-10,Iraq,Asia,22852,8117,4.17293617863214
2017-07-10,Russia,Europe,22104,10898,5.75407827357329
2017-07-10,India,Asia,20738,11429,1.5480116979882237
2017-07-10,Egypt,Africa,18798,7229,4.204929603346763
2017-07-10,Turkey,Asia,17226,7974,4.969555565127857
2017-07-10,China,Asia,15005,6180,3.913844337923743
2017-07-10,Iran,Asia,13039,3292,1.132824043063563
2017-07-10,Brazil,South America,11049,4549,4.165867490779381
2017-07-10,Germany,Europe,10523,4627,2.5656040137079428
2017-07-10,Australia,Oceania,10427,3715,1.0871734262011075
2017-07-10,Canada,North America,9765,3394,0.647823090519966
2017-07-17,United States,North America,217089,64836,12.775803583201311
2017-07-17,Israel,Asia,110388,22012,14.66554917464985
2017-07-17,Syria,Asia,22790,10243,4.058399848755315
2017-07-17,Russia,Europe,22117,10086,4.772236132332032
2017-07-17,Australia,Oceania,21126,5106,1.3075486501234999
2017-07-17,United Kingdom,Europe,18260,7668,1.9352476123609066
2017-07-17,Turkey,Asia,16550,7403,3.9770015544994566
2017-07-17,Iran,Asia,15860,5670,1.853950196449944
2017-07-17,Afghanistan,Asia,14369,4967,2.7387406304318636
2017-07-17,Iraq,Asia,13965,5026,1.8641591021746506
2017-07-17,Palestine,Asia,12861,2784,0.8519481974665273
2017-07-17,India,Asia,12267,8088,0.9281311860087366
2017-07-17,China,Asia,11586,5277,2.2330907096439767
2017-07-17,Venezuela,South America,11443,5176,4.628307611577771
2017-07-17,Germany,Europe,11194,4843,2.3750333575531344
2017-07-24,United States,North America,236431,69406,13.517383650630922
2017-07-24,Israel,Asia,92445,20858,11.283579215474646
2017-07-24,Russia,Europe,31774,13690,6.528349459539014
2017-07-24,Venezuela,South America,24222,8598,7.292295246849625
2017-07-24,United Kingdom,Europe,23533,8894,2.953968302070974
2017-07-24,Syria,Asia,17471,7718,2.824169440566647
2017-07-24,Germany,Europe,16112,5859,3.3698421778078056
2017-07-24,Australia,Oceania,15452,5502,1.6017387649630943
2017-07-24,Iran,Asia,14403,4662,1.7276133480996803
2017-07-24,Philippines,Asia,14147,3919,1.5866296898499799
2017-07-24,Afghanistan,Asia,13799,5199,2.734231078480325
2017-07-24,Jordan,Asia,13695,3672,1.2865478827947978
2017-07-24,France,Europe,13000,4633,3.1820162367002123
2017-07-24,India,Asia,12868,8109,0.8762242951022801
2017-07-24,China,Asia,12396,5396,2.8353021139202688
2017-07-31,United States,North America,232058,70391,13.768204641522404
2017-07-31,Russia,Europe,36806,14288,8.252534499803886
2017-07-31,Venezuela,South America,35042,11177,8.950191592407
2017-07-31,Israel,Asia,30239,8383,2.743551967451073
2017-07-31,United Kingdom,Europe,24371,9612,3.094381773538594
2017-07-31,Afghanistan,Asia,22011,7858,4.113159830835004
2017-07-31,Australia,Oceania,19364,5843,1.898576373441604
2017-07-31,Syria,Asia,16314,8377,3.1825730683928923
2017-07-31,India,Asia,15695,9562,1.2197899696504735
2017-07-31,North Korea,Asia,15665,3599,1.974592741272236
2017-07-31,China,Asia,13562,6440,2.502440467867021
2017-07-31,Iraq,Asia,10897,4613,1.7829302690822195
2017-07-31,Turkey,Asia,10577,4433,2.1067321290626206
2017-07-31,Germany,Europe,9200,4008,2.020577600802766
2017-07-31,Ukraine,Europe,8694,5109,1.6629545806639061
2017-08-07,United States,North America,219178,64767,13.331841835067545
2017-08-07,Israel,Asia,28152,8292,2.8099153424190013
2017-08-07,North Korea,Asia,24070,7498,6.727594817149421
2017-08-07,United Kingdom,Europe,21965,8116,2.14177076977675
2017-08-07,Venezuela,South America,19142,7252,5.428836576118085
2017-08-07,Russia,Europe,18975,8936,5.191348627806554
2017-08-07,Kenya,Africa,18365,4582,6.3376700706019
2017-08-07,Syria,Asia,16903,7672,3.3458971801436794
2017-08-07,India,Asia,14173,7810,1.0504496757110482
2017-08-07,France,Europe,13721,4683,3.0923535123658294
2017-08-07,Australia,Oceania,12728,4483,1.8927742121500835
2017-08-07,China,Asia,11305,5294,2.6947507128467336
2017-08-07,Canada,North America,10398,3432,0.6621654661685832
2017-08-07,Pakistan,Asia,10377,4930,1.4165482434865118
2017-08-07,Afghanistan,Asia,9885,4886,2.436755613909733
2017-08-14,United States,North America,291468,74182,13.881822192574333
2017-08-14,Spain,Europe,94165,23884,20.707406002220125
2017-08-14,Israel,Asia,27365,7421,2.1230677110124936
2017-08-14,United Kingdom,Europe,21731,8698,2.062161040524108
2017-08-14,France,Europe,16674,5508,2.4075339313658373
2017-08-14,Australia,Oceania,16361,5318,0.9993595361551117
2017-08-14,North Korea,Asia,16286,4911,2.7962562692133726
2017-08-14,Germany,Europe,14175,4917,1.8412305628757293
2017-08-14,Turkey,Asia,14166,5687,2.61295786096546
2017-08-14,Russia,Europe,14166,8025,3.887420673418113
2017-08-14,South Africa,Africa,13973,5489,2.203235243245526
2017-08-14,Syria,Asia,13830,7013,2.4467643757561324
2017-08-14,Philippines,Asia,13376,4464,1.9184652667862236
2017-08-14,Iraq,Asia,12570,5746,2.3649195248652006
2017-08-14,India,Asia,12145,7838,1.073322221083008
2017-08-21,United States,North America,256656,70115,13.495016774315033
2017-08-21,Spain,Europe,68367,14801,13.213395094632343
2017-08-21,Afghanistan,Asia,24593,7263,3.0119798875099204
2017-08-21,Israel,Asia,23687,4918,1.4103760969407027
2017-08-21,United Kingdom,Europe,20486,8600,3.057797943444568
2017-08-21,India,Asia,16069,9002,2.161330778576956
2017-08-21,Russia,Europe,15123,7922,3.5270469233552166
2017-08-21,Syria,Asia,14985,7148,3.066247349363286
2017-08-21,South Korea,Asia,14961,3937,2.5617876304247753
2017-08-21,Iraq,Asia,12752,6528,3.3168302863510917
2017-08-21,Australia,Oceania,11991,3919,0.8099206977326181
2017-08-21,North Korea,Asia,10682,3414,2.899002888577161
2017-08-21,Philippines,Asia,9270,3416,1.2269372407242596
2017-08-21,Bangladesh,Asia,9236,3753,1.6991926222383333
2017-08-21,China,Asia,9186,4427,3.0027643801301975
2017-08-28,United States,North America,140108,46113,15.11717395721625
2017-08-28,Russia,Europe,23738,8334,8.642596770445477
2017-08-28,United Kingdom,Europe,12739,5050,2.4397236564718296
2017-08-28,Israel,Asia,11799,2846,1.3866138340709777
2017-08-28,India,Asia,10784,5795,1.3818204042654119
2017-08-28,Bangladesh,Asia,9817,3910,4.396007816248183
2017-08-28,Iraq,Asia,9608,4145,3.306719231361659
2017-08-28,Syria,Asia,9562,4411,2.921529927131458
2017-08-28,North Korea,Asia,9466,3254,3.0336482752081895
2017-08-28,Germany,Europe,7200,3023,2.9270316495483653
2017-08-28,Pakistan,Asia,6910,3443,1.4538939519252656
2017-08-28,South Korea,Asia,6816,2083,1.4335826390902704
2017-08-28,Australia,Oceania,6409,2227,0.904768986390238
2017-08-28,China,Asia,6393,2679,1.33400645020598
2017-08-28,Turkey,Asia,6076,2726,2.5549331738895824
2017-09-04,United States,North America,213744,64192,14.671348211263147
2017-09-04,India,Asia,24344,12919,1.8852085864899537
2017-09-04,Russia,Europe,23504,10753,6.5833134923484975
2017-09-04,Israel,Asia,23210,6643,2.383610326312662
2017-09-04,Syria,Asia,20008,9315,4.736822055018455
2017-09-04,United Kingdom,Europe,18638,8114,3.114372924419333
2017-09-04,North Korea,Asia,16769,5344,3.398989060583958
2017-09-04,Bangladesh,Asia,14713,6386,2.9575271908043064
2017-09-04,France,Europe,13142,4588,2.9870646193059067
2017-09-04,South Korea,Asia,12845,3767,3.3529047271959915
2017-09-04,Australia,Oceania,11878,3568,0.8632111700370688
2017-09-04,Turkey,Asia,11623,5167,2.441199155242415
2017-09-04,China,Asia,10970,5144,2.8106967283639532
2017-09-04,Ukraine,Europe,10119,5419,1.8855673963510575
2017-09-04,Mexico,North America,9656,3595,1.3737384757327873
2017-09-11,United States,North America,260716,70275,15.071553131409244
2017-09-11,United Kingdom,Europe,48193,13443,8.095799865168882
2017-09-11,Russia,Europe,24247,11227,6.125295308506018
2017-09-11,North Korea,Asia,22773,6284,5.723119650830315
2017-09-11,Israel,Asia,18668,5219,1.3939671502237125
2017-09-11,Syria,Asia,17891,7643,3.2907340825541396
2017-09-11,Bangladesh,Asia,16968,6448,2.7035920230553754
2017-09-11,Iraq,Asia,15797,6337,2.8625600732001337
2017-09-11,India,Asia,15251,9563,1.008709784474421
2017-09-11,France,Europe,13114,4514,2.404878899176501
2017-09-11,Egypt,Africa,11598,4776,1.6026651253454747
2017-09-11,Turkey,Asia,11352,4899,1.981723810243533
2017-09-11,Australia,Oceania,10521,3437,0.7733192891454078
2017-09-11,China,Asia,10422,4759,2.7015402537617983
2017-09-11,Ukraine,Europe,10061,5749,1.8173581376311148
2017-09-18,United States,North America,243827,65452,13.021512964460234
2017-09-18,United Kingdom,Europe,29682,10664,5.498810558333311
2017-09-18,North Korea,Asia,22968,5972,4.758419069912774
2017-09-18,Russia,Europe,22527,11568,5.552197560251707
2017-09-18,Israel,Asia,21044,5004,1.6576990240389453
2017-09-18,Syria,Asia,20512,8899,3.279748838734577
2017-09-18,Iraq,Asia,14919,6754,3.425177470132106
2017-09-18,India,Asia,14454,9322,1.1186873386402867
2017-09-18,Mexico,North America,13558,4478,2.5265997975899857
2017-09-18,Spain,Europe,12813,5866,4.934141610199792
2017-09-18,Turkey,Asia,12789,5534,2.2205788786674616
2017-09-18,Bangladesh,Asia,11856,5404,2.5875743821233526
2017-09-18,Australia,Oceania,11356,3621,0.8572765051805928
2017-09-18,France,Europe,10057,3607,1.8659484300977092
2017-09-18,Iran,Asia,9964,4272,1.7119115747343203
2017-09-25,United States,North America,219442,62396,11.84811752884884
2017-09-25,Israel,Asia,28176,7307,3.0980233296045507
2017-09-25,Iraq,Asia,22741,9857,5.325052160597969
2017-09-25,Russia,Europe,22509,11625,6.813779139727514
2017-09-25,United Kingdom,Europe,20189,8337,2.27312771626651
2017-09-25,Syria,Asia,18866,9259,4.468131644896796
2017-09-25,Spain,Europe,17916,7688,7.547034587968503
2017-09-25,North Korea,Asia,16028,5399,3.652670675845196
2017-09-25,Turkey,Asia,13789,6210,3.133497592487689
2017-09-25,India,Asia,13719,7701,1.6947108515715106
2017-09-25,Afghanistan,Asia,12519,3709,1.8864516742414168
2017-09-25,Iran,Asia,11366,4374,1.648046605154027
2017-09-25,China,Asia,11297,4623,3.0771597590187443
2017-09-25,Ukraine,Europe,10739,5793,1.907104387566771
2017-09-25,Australia,Oceania,10003,2897,0.9931672119939556
2017-10-02,United States,North America,338924,83089,23.80660311051993
2017-10-02,Myanmar,Asia,36078,4584,2.0073862475644333
2017-10-02,Russia,Europe,25914,12102,5.93663545383328
2017-10-02,Israel,Asia,25811,4985,1.5626294844993274
2017-10-02,Spain,Europe,24474,9862,9.466076877520495
2017-10-02,Syria,Asia,23417,10710,4.579768517900824
2017-10-02,United Kingdom,Europe,21338,8333,2.982390435104013
2017-10-02,Iraq,Asia,15084,6315,2.322243448907153
2017-10-02,India,Asia,13472,8220,1.1861462116890262
2017-10-02,Turkey,Asia,13158,6347,2.9322678478552917
2017-10-02,France,Europe,12462,5113,2.7498583665425076
2017-10-02,Australia,Oceania,11933,3667,0.7361659249192934
2017-10-02,Canada,North America,11359,4666,0.6167908663434332
2017-10-02,Philippines,Asia,11128,2934,1.2904774075862186
2017-10-02,Pakistan,Asia,10474,4820,1.1339735965042357
2017-10-09,United States,North America,299821,74683,17.763818381707758
2017-10-09,United Kingdom,Europe,23107,8322,2.974912546025463
2017-10-09,Israel,Asia,22215,4983,2.0560657016664745
2017-10-09,Syria,Asia,21517,8623,3.8385512942429036
2017-10-09,Turkey,Asia,20187,9009,5.011675694616078
2017-10-09,Afghanistan,Asia,17323,3076,1.4217383540187243
2017-10-09,Canada,North America,16914,4302,1.036240231343273
2017-10-09,India,Asia,14736,8404,1.2794665713091558
2017-10-09,Russia,Europe,14692,8279,4.057570500477778
2017-10-09,Pakistan,Asia,14100,5682,1.0324831465708721
2017-10-09,Spain,Europe,13577,5853,6.438508197412578
2017-10-09,Myanmar,Asia,11795,1749,1.222545672797093
2017-10-09,Iraq,Asia,11783,5684,3.1429140779253593
2017-10-09,Iran,Asia,11408,4550,1.8550944444691992
2017-10-09,Australia,Oceania,10067,3328,0.6809553090685333
2017-10-16,United States,North America,314900,74928,13.853626541443935
2017-10-16,Afghanistan,Asia,37372,10830,5.416190642100793
2017-10-16,Iraq,Asia,33610,11480,6.783687852227396
2017-10-16,Israel,Asia,29612,7159,1.8289105923222495
2017-10-16,Syria,Asia,27692,9421,3.1986383114059294
2017-10-16,United Kingdom,Europe,26741,8804,3.517610432033024
2017-10-16,Egypt,Africa,22471,8110,4.50623470892814
2017-10-16,Spain,Europe,19037,7026,7.5571673366633725
2017-10-16,Philippines,Asia,17756,5020,2.280436643400145
2017-10-16,Russia,Europe,15741,7840,3.3831134212335554
2017-10-16,Pakistan,Asia,12185,6176,1.3805080960543723
2017-10-16,Somalia,Africa,10650,2960,2.3407165063056543
2017-10-16,India,Asia,10591,6479,0.8055018511591003
2017-10-16,Niger,Africa,10196,1784,0.7268003487151394
2017-10-16,Turkey,Asia,10029,4996,1.795674301859209
2017-10-23,United States,North America,238515,68579,10.767120117670325
2017-10-23,Spain,Europe,25157,8123,9.130518457809217
2017-10-23,Russia,Europe,25101,11638,5.6474750069889765
2017-10-23,Israel,Asia,24339,6059,1.8598955224707252
2017-10-23,Syria,Asia,23403,8910,4.1180680225677015
2017-10-23,United Kingdom,Europe,21425,8178,2.4749476444551126
2017-10-23,Iraq,Asia,18197,8351,3.903512948358975
2017-10-23,Kenya,Africa,16776,4321,4.37047711753651
2017-10-23,India,Asia,12833,7782,1.0002512464720381
2017-10-23,Turkey,Asia,12421,5133,2.628849934408222
2017-10-23,Egypt,Africa,12206,4781,2.0658753996845247
2017-10-23,Australia,Oceania,11558,4262,0.894469320485298
2017-10-23,Ukraine,Europe,11026,6058,2.3349449943916616
2017-10-23,Afghanistan,Asia,10931,3614,1.8377601439664424
2017-10-23,Somalia,Africa,10478,2576,2.45239691842261
2017-10-30,United States,North America,295963,79556,16.83287204906868
2017-10-30,Russia,Europe,32246,12884,6.572816577040799
2017-10-30,Spain,Europe,29736,9337,7.7632848521979225
2017-10-30,Israel,Asia,26805,7490,2.2955099692684056
2017-10-30,United Kingdom,Europe,26228,9389,2.6475105142182764
2017-10-30,Syria,Asia,20088,9008,3.961072724965528
2017-10-30,Saudi Arabia,Asia,14233,3743,1.7428681965623443
2017-10-30,France,Europe,13745,4484,3.0540831553651184
2017-10-30,Belgium,Europe,13741,3959,2.385593384498167
2017-10-30,Iraq,Asia,13419,5683,2.196673647014563
2017-10-30,Australia,Oceania,12188,4140,0.9443476673860062
2017-10-30,Ukraine,Europe,11950,6637,2.0941882425508713
2017-10-30,India,Asia,11768,8020,0.9405175355032032
2017-10-30,Canada,North America,11654,4492,1.0892275376858396
2017-10-30,Egypt,Africa,11204,4381,1.4689209342053056
2017-11-06,United States,North America,422543,88415,22.144478201196332
2017-11-06,Saudi Arabia,Asia,27440,11043,4.9342715423434145
2017-11-06,United Kingdom,Europe,21496,9053,2.6158417233964215
2017-11-06,Russia,Europe,17799,9186,4.517333501895302
2017-11-06,Israel,Asia,17317,5138,1.4010650710259753
2017-11-06,Syria,Asia,14554,6975,3.3329441200516357
2017-11-06,Iran,Asia,13870,5494,2.0722096614195706
2017-11-06,India,Asia,13712,8806,1.4071781031410788
2017-11-06,Yemen,Asia,12784,5211,2.4114093908685956
2017-11-06,Spain,Europe,12754,5098,4.376333908814545
2017-11-06,Canada,North America,11631,4584,0.6605720757524783
2017-11-06,France,Europe,11283,4799,2.5251626077434275
2017-11-06,North Korea,Asia,10959,2594,0.9148744147191422
2017-11-06,Iraq,Asia,10676,4727,1.8145850511725696
2017-11-06,Japan,Asia,10504,3390,1.6599698131444331
2017-11-13,United States,North America,283521,72247,14.792994102664464
2017-11-13,Israel,Asia,27168,6760,2.0209190293016075
2017-11-13,Zimbabwe,Africa,18399,5424,7.621123212041731
2017-11-13,United Kingdom,Europe,18315,7502,2.398268733778407
2017-11-13,Syria,Asia,16247,7823,4.2716867418395355
2017-11-13,Russia,Europe,15970,8400,5.231691379813487
2017-11-13,India,Asia,13237,8201,1.0122367094157065
2017-11-13,Iran,Asia,12708,4547,2.762405910038705
2017-11-13,Iraq,Asia,10637,4538,2.6182999331047885
2017-11-13,Australia,Oceania,10550,3389,0.8567983156032416
2017-11-13,Saudi Arabia,Asia,9872,4655,2.268402713950423
2017-11-13,France,Europe,8854,4277,2.690787176120431
2017-11-13,Italy,Europe,8526,3276,2.003217803059095
2017-11-13,Philippines,Asia,8469,3056,1.272993746690773
2017-11-13,Ukraine,Europe,7763,4797,1.362766804494438
2017-11-20,United States,North America,200318,54760,10.388135844338745
2017-11-20,Egypt,Africa,49448,12600,13.954660538042942
2017-11-20,Israel,Asia,24011,6019,1.8727028234404302
2017-11-20,United Kingdom,Europe,22629,8197,2.937694292927423
2017-11-20,Pakistan,Asia,17887,6995,2.418167440031172
2017-11-20,India,Asia,17071,9227,1.0782277353278755
2017-11-20,Russia,Europe,16702,8091,4.416318106921074
2017-11-20,Syria,Asia,16366,6532,3.4160987150896247
2017-11-20,Serbia,Europe,12642,3089,4.268967403480452
2017-11-20,Ukraine,Europe,10695,5906,2.0809624743263546
2017-11-20,Australia,Oceania,10686,3664,1.0336834469653258
2017-11-20,Mexico,North America,10496,3172,1.0305281910101294
2017-11-20,Germany,Europe,9769,3906,2.282329380394927
2017-11-20,China,Asia,9434,4077,2.2756769064776305
2017-11-20,South Africa,Africa,9364,2679,1.519766396315172
2017-11-27,United States,North America,234538,66368,10.175668108931223
2017-11-27,Israel,Asia,30216,7883,2.6976758763040536
2017-11-27,United Kingdom,Europe,27441,8690,2.9620413006166
2017-11-27,Russia,Europe,25137,9940,4.934637366688469
2017-11-27,North Korea,Asia,22384,5722,4.734973635855781
2017-11-27,Syria,Asia,14338,6299,2.8811052083864745
2017-11-27,India,Asia,13354,8189,1.2367976304431938
2017-11-27,Pakistan,Asia,12091,6066,2.0398454135156694
2017-11-27,Turkey,Asia,11453,4811,2.5776414691856417
2017-11-27,Yemen,Asia,11178,4466,3.3528211599148166
2017-11-27,China,Asia,10811,4604,2.557299029974467
2017-11-27,Croatia,Europe,10447,2473,3.7454327907418747
2017-11-27,Canada,North America,10085,4042,0.6983205180706028
2017-11-27,Egypt,Africa,9979,5358,2.2273311253851085
2017-11-27,Australia,Oceania,9787,3567,0.9912613547937887
2017-12-04,United States,North America,279056,74708,13.025230378394756
2017-12-04,Israel,Asia,127676,31909,23.549516396988835
2017-12-04,United Kingdom,Europe,23494,8787,3.087823509022348
2017-12-04,Yemen,Asia,21180,9114,5.239682785992451
2017-12-04,Palestine,Asia,17821,4782,1.9097836778607553
2017-12-04,Russia,Europe,17431,8189,3.5951056522632854
2017-12-04,India,Asia,13731,8272,0.9709356633906888
2017-12-04,Ukraine,Europe,13292,6470,3.1805809031775376
2017-12-04,Syria,Asia,12168,5600,1.8914645334778615
2017-12-04,Australia,Oceania,11363,3609,0.8145762185765614
2017-12-04,Iraq,Asia,11320,3459,1.3311399338381842
2017-12-04,Turkey,Asia,11280,4396,1.9349145625700588
2017-12-04,Canada,North America,10021,3875,0.5695564299607424
2017-12-04,Iran,Asia,9761,4080,1.7141341398449346
2017-12-04,Mexico,North America,8618,2914,0.6586764520924648
2017-12-11,United States,North America,241399,67970,14.760715121577809
2017-12-11,Israel,Asia,89753,23611,15.434888328519364
2017-12-11,Russia,Europe,20629,9777,5.583304649097444
2017-12-11,United Kingdom,Europe,19003,7037,2.4489013782953437
2017-12-11,India,Asia,14847,8798,1.3366194947135785
2017-12-11,Palestine,Asia,14306,3353,1.1948823178823218
2017-12-11,Pakistan,Asia,11802,4615,1.6794684509771305
2017-12-11,Syria,Asia,11677,5987,2.284969525864373
2017-12-11,Australia,Oceania,10584,3562,0.9398124275770301
2017-12-11,China,Asia,9085,3839,2.255734851532351
2017-12-11,Bangladesh,Asia,9008,2952,2.236508671189681
2017-12-11,Ukraine,Europe,8216,4797,2.1778934649905946
2017-12-11,Nigeria,Africa,8171,3734,1.1269142398402663
2017-12-11,France,Europe,8170,3623,1.989302663304285
2017-12-11,Turkey,Asia,7690,3630,1.5750023146129088
2017-12-18,United States,North America,219163,60846,13.806110994188522
2017-12-18,Israel,Asia,59977,15286,8.518490356203609
2017-12-18,United Kingdom,Europe,22827,7717,2.869579169231174
2017-12-18,Russia,Europe,18798,8899,5.700355037292062
2017-12-18,India,Asia,13606,7465,1.1076892387926427
2017-12-18,Australia,Oceania,13387,3947,1.54469414471793
2017-12-18,Turkey,Asia,10288,4524,1.9961394569617086
2017-12-18,Palestine,Asia,9821,2164,0.7462540346665766
2017-12-18,Ukraine,Europe,9646,5277,1.9211089822303562
2017-12-18,Mexico,North America,8896,3698,1.9756124484321052
2017-12-18,Egypt,Africa,8551,3991,1.4724304647570772
2017-12-18,Syria,Asia,8221,4445,1.865287457063457
2017-12-18,Spain,Europe,8109,3031,1.6052864700104479
2017-12-18,Afghanistan,Asia,8076,3098,1.7964110915255411
2017-12-18,Pakistan,Asia,7904,4195,1.5841902521521747
2017-12-25,United States,North America,170806,46262,9.5757165694037
2017-12-25,Israel,Asia,44284,10570,4.981372275105553
2017-12-25,Egypt,Africa,30032,9045,7.8786810421957965
2017-12-25,Russia,Europe,23509,10017,9.507654625577892
2017-12-25,Afghanistan,Asia,21775,4815,4.1907373240956405
2017-12-25,Syria,Asia,16406,6963,4.032620825966895
2017-12-25,Iran,Asia,15644,5879,3.7731851226528073
2017-12-25,Turkey,Asia,13166,5614,3.562198911721646
2017-12-25,India,Asia,12690,7182,1.1663566400418024
2017-12-25,United Kingdom,Europe,10840,4701,1.4640069567319858
2017-12-25,Pakistan,Asia,10605,5478,2.386280493233796
2017-12-25,China,Asia,9937,4514,2.375067202787063
2017-12-25,Ukraine,Europe,8168,4501,1.8193489190612004
2017-12-25,Peru,South America,7028,3262,5.022840707622089
2017-12-25,Palestine,Asia,6905,1420,0.3620221971697162
2018-01-01,United States,North America,203685,56855,14.132263281649854
2018-01-01,Israel,Asia,45039,10609,5.228595024262353
2018-01-01,Iran,Asia,36071,14240,13.048982218577038
2018-01-01,United Kingdom,Europe,18591,6258,2.5423535225979985
2018-01-01,India,Asia,16482,9177,1.3020508131597692
2018-01-01,Pakistan,Asia,16031,6522,1.763566788199728
2018-01-01,Syria,Asia,15978,6987,4.660227614798094
2018-01-01,Russia,Europe,15257,6809,4.672832131335135
2018-01-01,Afghanistan,Asia,10028,3902,1.9003343281970246
2018-01-01,Nigeria,Africa,9961,5757,1.970931444581346
2018-01-01,Turkey,Asia,8598,3636,2.018099206668739
2018-01-01,Australia,Oceania,8487,2917,0.7470934154501926
2018-01-01,Egypt,Africa,8278,4042,1.892572851083145
2018-01-01,Canada,North America,7148,3032,0.7171110315938758
2018-01-01,France,Europe,7128,3576,2.7417405536274337
2018-01-08,United States,North America,208825,64311,14.098249174127979
2018-01-08,Israel,Asia,39948,11697,4.591610776204299
2018-01-08,United Kingdom,Europe,24312,9067,4.444706419587241
2018-01-08,Syria,Asia,22032,10047,4.830688616960898
2018-01-08,Russia,Europe,17676,9502,5.559024951215422
2018-01-08,India,Asia,14372,8462,0.936273219185896
2018-01-08,Iran,Asia,14362,6096,3.489347405628823
2018-01-08,Pakistan,Asia,11588,6306,2.256916222354584
2018-01-08,Nigeria,Africa,10545,6293,1.597184872838394
2018-01-08,Turkey,Asia,9846,4879,3.316403499155152
2018-01-08,France,Europe,9087,3805,2.393470500789157
2018-01-08,Mexico,North America,8767,3926,1.7857890328783128
2018-01-08,Tunisia,Africa,8567,3563,5.2461844757168645
2018-01-08,Canada,North America,8289,3544,0.6372994629665882
2018-01-08,Ukraine,Europe,8001,4701,1.7320844017241113
2018-01-15,United States,North America,216328,64676,11.829581118997574
2018-01-15,Israel,Asia,42062,11192,4.274689242506004
2018-01-15,Turkey,Asia,28133,11068,6.6801183687202625
2018-01-15,Syria,Asia,27130,11376,5.099730858273639
2018-01-15,Serbia,Europe,25951,4860,4.806794471049777
2018-01-15,Afghanistan,Asia,23565,5524,3.9563862695709235
2018-01-15,United Kingdom,Europe,21388,8140,2.7782481941683117
2018-01-15,Pakistan,Asia,17369,7624,1.9311522001043795
2018-01-15,India,Asia,17171,10233,1.0075768925460757
2018-01-15,Russia,Europe,16596,8324,3.6535145454695073
2018-01-15,Canada,North America,14985,5346,0.9438632569203408
2018-01-15,Nigeria,Africa,12264,6003,1.8220746118431574
2018-01-15,Palestine,Asia,10460,1395,0.35958503943973197
2018-01-15,Ukraine,Europe,9287,5039,1.6160428661394513
2018-01-15,Chile,South America,8785,1938,1.6612874762228003
2018-01-22,United States,North America,233065,67968,12.081463358275185
2018-01-22,Turkey,Asia,39516,15839,8.456818423283003
2018-01-22,Syria,Asia,35913,14393,6.51086296662111
2018-01-22,Israel,Asia,33154,6921,2.4989366002907385
2018-01-22,Afghanistan,Asia,27388,7725,4.4564202526537535
2018-01-22,United Kingdom,Europe,23221,7881,2.1846200802630635
2018-01-22,Russia,Europe,21610,9805,4.955083209704568
2018-01-22,India,Asia,17800,9753,1.6225597636713593
2018-01-22,Pakistan,Asia,14005,6783,1.8826765542902404
2018-01-22,Canada,North America,11817,4275,1.089009481532636
2018-01-22,Germany,Europe,11173,3995,1.9433154778566852
2018-01-22,Australia,Oceania,10885,3528,0.7312227456438728
2018-01-22,France,Europe,9104,4061,2.8792352333467517
2018-01-22,China,Asia,7898,3393,1.606205904511888
2018-01-22,Ukraine,Europe,7589,4731,1.3822898510524053
2018-01-29,United States,North America,222226,66318,10.842930162433822
2018-01-29,Israel,Asia,53290,9801,3.3141773378134554
2018-01-29,Syria,Asia,36911,13652,7.30030935091592
2018-01-29,Russia,Europe,31499,13303,8.632515094615933
2018-01-29,Turkey,Asia,27842,11684,6.382981907810292
2018-01-29,United Kingdom,Europe,23041,8311,2.576082102571561
2018-01-29,Afghanistan,Asia,18187,5753,4.016462358815568
2018-01-29,Palestine,Asia,14238,1328,0.3910337054947111
2018-01-29,India,Asia,12593,7835,0.9236666088414855
2018-01-29,France,Europe,11900,5499,3.25743863333989
2018-01-29,Italy,Europe,11890,3466,2.304461444983651
2018-01-29,Canada,North America,10178,4049,0.6812398056391301
2018-01-29,Nigeria,Africa,9601,5434,1.7570316225257754
2018-01-29,Pakistan,Asia,9492,5703,1.1135287171170547
2018-01-29,Australia,Oceania,9166,3262,0.7619014195220388
2018-02-05,United States,North America,218060,63413,8.266869019538985
2018-02-05,Israel,Asia,66353,17854,8.124457311465441
2018-02-05,Syria,Asia,61489,23727,15.39410386398542
2018-02-05,Turkey,Asia,26200,10084,4.546308781245018
2018-02-05,Russia,Europe,25615,11455,5.091629304405687
2018-02-05,United Kingdom,Europe,23984,8978,2.949696401994383
2018-02-05,India,Asia,15061,9004,1.0902567232821125
2018-02-05,Pakistan,Asia,14596,7944,1.4582969590755355
2018-02-05,France,Europe,13018,5297,3.1892783454134666
2018-02-05,Palestine,Asia,12370,1802,0.4611590499493873
2018-02-05,Canada,North America,12022,4592,0.8017740651464964
2018-02-05,Iran,Asia,11550,4859,2.060271545282805
2018-02-05,Australia,Oceania,10328,3697,0.7734289083816928
2018-02-05,Nigeria,Africa,9035,5167,1.5039182268775468
2018-02-05,Maldives,Asia,8222,1945,2.1593792855349747
2018-02-12,United States,North America,332640,84723,22.110539923420852
2018-02-12,Israel,Asia,56259,14947,6.56847316703342
2018-02-12,Russia,Europe,32115,12703,5.4921828860106645
2018-02-12,Syria,Asia,23881,11764,4.258063078377606
2018-02-12,United Kingdom,Europe,21674,7806,3.1084051672481263
2018-02-12,Turkey,Asia,21234,8982,5.207545760032662
2018-02-12,Australia,Oceania,15734,5009,0.8859604146529585
2018-02-12,Iran,Asia,15577,3980,1.5814927311183027
2018-02-12,India,Asia,14726,8822,0.9584722794871163
2018-02-12,Pakistan,Asia,11734,6318,1.6089662841620773
2018-02-12,Ukraine,Europe,10469,5940,2.2188918602322567
2018-02-12,France,Europe,9954,4292,2.7738133256569313
2018-02-12,Palestine,Asia,9795,1079,0.302900499286413
2018-02-12,Canada,North America,9399,4166,0.598411274884381
2018-02-12,Nigeria,Africa,9372,5500,2.605270905267851
2018-02-19,United States,North America,374361,83906,15.24673883570739
2018-02-19,Syria,Asia,58660,20685,14.665345603122127
2018-02-19,Israel,Asia,48019,10340,3.4926695473545637
2018-02-19,Russia,Europe,36514,14309,6.210914127935296
2018-02-19,United Kingdom,Europe,20653,7607,2.1904463464682675
2018-02-19,India,Asia,17566,9356,1.1256842874827324
2018-02-19,Turkey,Asia,17559,8383,3.8161681151185305
2018-02-19,Afghanistan,Asia,15350,3884,2.4426053364902685
2018-02-19,Nigeria,Africa,13598,7049,3.2323599188840904
2018-02-19,Australia,Oceania,13322,4234,0.801351565043265
2018-02-19,Ukraine,Europe,11700,5865,1.6849973642542846
2018-02-19,Canada,North America,10401,4531,0.6532753636335197
2018-02-19,Iran,Asia,9741,4648,1.979225657756618
2018-02-19,France,Europe,8944,4063,2.5357917394537766
2018-02-19,Germany,Europe,8202,3432,1.5303410198872807
2018-02-26,United States,North America,314456,80947,16.246152526852306
2018-02-26,Syria,Asia,45587,17696,12.543833432923165
2018-02-26,Israel,Asia,36114,7413,2.2780001293528462
2018-02-26,Russia,Europe,26453,12313,6.03904714244746
2018-02-26,United Kingdom,Europe,21176,7979,2.783240694074841
2018-02-26,Turkey,Asia,16424,8036,4.10109389449529
2018-02-26,Australia,Oceania,15496,4153,0.8821310360064508
2018-02-26,India,Asia,12475,7166,0.9179915586329729
2018-02-26,France,Europe,12331,4705,3.65641778792625
2018-02-26,Nigeria,Africa,12105,6764,2.6122687666949616
2018-02-26,Italy,Europe,11776,4509,2.871302827835436
2018-02-26,Slovakia,Europe,11645,3432,4.332552469378848
2018-02-26,Ukraine,Europe,10570,5743,2.054510560671534
2018-02-26,Canada,North America,9961,3985,0.5784811470540449
2018-02-26,Germany,Europe,9256,3932,2.1568165523147504
2018-03-05,United States,North America,268650,73677,13.236994093426807
2018-03-05,Russia,Europe,38767,14338,8.335704218307468
2018-03-05,Israel,Asia,34908,7098,2.499375419720251
2018-03-05,Syria,Asia,33422,14239,9.48866628649359
2018-03-05,United Kingdom,Europe,26611,9899,2.8728381082532706
2018-03-05,Turkey,Asia,16729,7716,4.467402001343085
2018-03-05,India,Asia,13731,8757,1.0667547126988004
2018-03-05,Afghanistan,Asia,13342,3661,2.2664494197668885
2018-03-05,Canada,North America,11307,4374,0.7703217796674088
2018-03-05,Australia,Oceania,9013,3489,0.7547801935336006
2018-03-05,China,Asia,8546,3788,1.9851752858793785
2018-03-05,Pakistan,Asia,8189,4142,0.8973056471977886
2018-03-05,Mexico,North America,8151,3260,0.766110290589335
2018-03-05,Nigeria,Africa,7937,4830,1.3111467885073476
2018-03-05,France,Europe,7912,3568,2.7081411460194684
2018-03-12,United States,North America,268209,74904,12.927596162426623
2018-03-12,Russia,Europe,74798,24464,16.045375652305573
2018-03-12,Syria,Asia,45179,14715,8.703013997248437
2018-03-12,United Kingdom,Europe,43864,15930,7.200294307134869
2018-03-12,Israel,Asia,36085,8559,3.085827887554719
2018-03-12,Turkey,Asia,23294,8077,4.272669249161559
2018-03-12,India,Asia,12219,7590,0.9013102965086606
2018-03-12,Australia,Oceania,10987,4010,0.8207604661353148
2018-03-12,Afghanistan,Asia,8579,3173,1.6464206979191187
2018-03-12,Ukraine,Europe,8507,5140,2.1663668440798145
2018-03-12,Canada,North America,8153,3729,0.5494017155233182
2018-03-12,China,Asia,8123,3490,1.7589606547041554
2018-03-12,Palestine,Asia,8037,1005,0.33987356060027024
2018-03-12,Nigeria,Africa,7824,4758,1.3132336318821018
2018-03-12,Mexico,North America,6996,3355,0.868288210780039
2018-03-19,United States,North America,301002,76631,14.558780303116473
2018-03-19,Russia,Europe,40621,15912,9.690034067852409
2018-03-19,Israel,Asia,34786,9724,3.3031776771514982
2018-03-19,France,Europe,31703,10986,8.746819703429484
2018-03-19,Syria,Asia,30433,12710,6.250335077259131
2018-03-19,United Kingdom,Europe,27653,11790,4.571095419422886
2018-03-19,Turkey,Asia,17075,7589,3.591959270407222
2018-03-19,Spain,Europe,15076,5771,2.965288614191039
2018-03-19,Nigeria,Africa,14255,6351,1.9016569861488493
2018-03-19,India,Asia,13586,8356,0.8905255441787323
2018-03-19,Germany,Europe,12306,5063,2.3003965077243875
2018-03-19,Australia,Oceania,11580,3844,1.2964878041629981
2018-03-19,Canada,North America,10023,3803,0.5959408795506472
2018-03-19,Iraq,Asia,8725,3946,1.1789643048809282
2018-03-19,Egypt,Africa,8133,3171,1.4944540038828804
2018-03-26,United States,North America,270378,73362,11.86074460583731
2018-03-26,Russia,Europe,126287,34034,21.598715100193076
2018-03-26,Israel,Asia,65997,16157,11.022050520855547
2018-03-26,United Kingdom,Europe,41600,14648,5.064971869842924
2018-03-26,Serbia,Europe,24142,4891,2.070813902013789
2018-03-26,France,Europe,20748,8001,4.011546025697132
2018-03-26,Syria,Asia,18107,6648,2.514875280344861
2018-03-26,Germany,Europe,15310,6350,2.4628786147501156
2018-03-26,India,Asia,14864,8921,1.0574579804199435
2018-03-26,Turkey,Asia,14572,6038,2.2665851069402136
2018-03-26,Spain,Europe,12667,5343,3.111118387301554
2018-03-26,Pakistan,Asia,11223,4973,1.3673399683619472
2018-03-26,China,Asia,10586,4712,1.9076197696954877
2018-03-26,Australia,Oceania,9630,3422,0.6673782709857475
2018-03-26,Canada,North America,9373,3742,0.5902424762333099
2018-04-02,United States,North America,269025,76743,13.826356824296479
2018-04-02,Israel,Asia,65094,17055,9.520392867504613
2018-04-02,Russia,Europe,38411,15686,8.753779842148896
2018-04-02,Syria,Asia,33726,11064,6.38856961811417
2018-04-02,United Kingdom,Europe,28850,10010,3.3097798282759205
2018-04-02,India,Asia,21354,11968,2.107885895946325
2018-04-02,Brazil,South America,21303,7508,9.039072841005147
2018-04-02,Mexico,North America,18805,5545,1.3918130393390986
2018-04-02,Turkey,Asia,16152,6757,3.4547611875641047
2018-04-02,Germany,Europe,14797,5264,2.9863300417415624
2018-04-02,China,Asia,12782,4189,1.6822385843486038
2018-04-02,Pakistan,Asia,10070,5330,0.9741471333135134
2018-04-02,Spain,Europe,9922,4014,1.7847606151618296
2018-04-02,Palestine,Asia,9250,1491,0.42637021655648544
2018-04-02,Nigeria,Africa,9021,5185,2.60658453084677
2018-04-09,United States,North America,292226,81784,11.350692373450729
2018-04-09,Syria,Asia,262666,55864,33.34850054237851
2018-04-09,Russia,Europe,98374,28861,11.025330829130889
2018-04-09,Israel,Asia,69913,15511,4.912180067799429
2018-04-09,United Kingdom,Europe,54322,15539,4.041627875249304
2018-04-09,France,Europe,40060,12072,4.918065426800042
2018-04-09,India,Asia,20495,12121,1.7905194046878417
2018-04-09,Iran,Asia,20137,5847,1.357894279698485
2018-04-09,Turkey,Asia,10092,4154,1.0076374700383393
2018-04-09,Mexico,North America,9939,3964,0.6159050716028696
2018-04-09,Canada,North America,9736,3651,0.3396936937356226
2018-04-09,Afghanistan,Asia,9646,2791,1.2471696711199372
2018-04-09,Australia,Oceania,9525,3444,0.8585853586051383
2018-04-09,Palestine,Asia,9309,1145,0.39372469012799566
2018-04-09,Germany,Europe,9170,3879,1.1785074204005153
2018-04-16,United States,North America,300201,79331,14.255734558643738
2018-04-16,Syria,Asia,67592,21799,12.703647299813726
2018-04-16,Israel,Asia,54075,11381,4.744569973850201
2018-04-16,Russia,Europe,35375,14385,6.198264470196815
2018-04-16,United Kingdom,Europe,33092,12327,5.289694862537576
2018-04-16,India,Asia,21332,12072,2.4457523319247145
2018-04-16,Afghanistan,Asia,19048,3235,2.189831867481587
2018-04-16,France,Europe,16056,7294,3.7288346830092824
2018-04-16,China,Asia,12490,4794,2.0339568467730658
2018-04-16,Australia,Oceania,12320,3878,0.8814875565393375
2018-04-16,Canada,North America,10164,4186,0.947112334757322
2018-04-16,Turkey,Asia,9876,4138,2.214691033925107
2018-04-16,Iran,Asia,9307,4163,1.3237710094841395
2018-04-16,Germany,Europe,8999,3944,1.712340809217401
2018-04-16,Mexico,North America,8796,3933,0.913021225121391
2018-04-23,United States,North America,323119,75961,13.0270702455956
2018-04-23,Israel,Asia,56708,12651,6.009488634972966
2018-04-23,United Kingdom,Europe,24618,8803,3.530478874939234
2018-04-23,Syria,Asia,21886,8759,4.513737994681201
2018-04-23,Canada,North America,20417,6094,2.570983229852411
2018-04-23,Mexico,North America,17327,5548,2.095559615665995
2018-04-23,India,Asia,17236,10178,1.8628855354276224
2018-04-23,Russia,Europe,14587,7748,3.7533488912579225
2018-04-23,France,Europe,13136,5551,4.028938646842441
2018-04-23,Afghanistan,Asia,12261,4368,2.0806519739078753
2018-04-23,Nigeria,Africa,11015,6112,2.239624571259099
2018-04-23,Iran,Asia,10358,3923,1.3724417080189308
2018-04-23,Australia,Oceania,10031,3501,0.6299420100365692
2018-04-23,China,Asia,9831,4849,2.2753321025495934
2018-04-23,Turkey,Asia,8312,3490,2.1415870763569473
2018-04-30,United States,North America,274790,71790,11.588110707273911
2018-04-30,Israel,Asia,38940,10185,4.992832363366253
2018-04-30,Afghanistan,Asia,37582,8002,6.7393881860000056
2018-04-30,Russia,Europe,22066,8917,6.458395444757882
2018-04-30,United Kingdom,Europe,21797,8280,2.324363646738815
2018-04-30,Syria,Asia,20644,8143,4.663269713166688
2018-04-30,India,Asia,17626,9684,3.047408301684015
2018-04-30,Iran,Asia,17398,6504,3.8623453470141618
2018-04-30,France,Europe,14759,4963,3.398309627593962
2018-04-30,Australia,Oceania,12664,4048,0.9624970658809318
2018-04-30,Pakistan,Asia,11004,4820,1.3488559282377275
2018-04-30,Nigeria,Africa,10756,5977,2.0862448087002052
2018-04-30,Canada,North America,9270,3617,0.5407141303032881
2018-04-30,Germany,Europe,8355,2927,1.4597813387922873
2018-04-30,Turkey,Asia,8204,3433,1.707578679024166
2018-05-07,United States,North America,281950,72192,11.758491746577535
2018-05-07,Israel,Asia,85494,21755,11.7461033829833
2018-05-07,Iran,Asia,51334,16859,8.220787463361443
2018-05-07,Syria,Asia,45862,13305,6.709139236390067
2018-05-07,Indonesia,Asia,30915,5439,4.319905487256429
2018-05-07,North Korea,Asia,23574,2856,2.2246754944021196
2018-05-07,France,Europe,19323,5317,3.7763082922326787
2018-05-07,United Kingdom,Europe,19281,7263,2.2345941467465
2018-05-07,Russia,Europe,17889,8195,4.000751118715063
2018-05-07,India,Asia,16367,9882,2.7873346674299975
2018-05-07,Australia,Oceania,14357,4322,1.0230345483101455
2018-05-07,Afghanistan,Asia,13580,5380,3.0609859736448874
2018-05-07,China,Asia,12049,5198,2.8477723340422165
2018-05-07,Iraq,Asia,11597,3189,1.5577838610867867
2018-05-07,Canada,North America,9286,3555,0.38143984400415626
2018-05-14,United States,North America,304736,77827,15.065626319676783
2018-05-14,Israel,Asia,167891,39030,30.42912928652023
2018-05-14,Indonesia,Asia,24887,7592,3.736508364101726
2018-05-14,United Kingdom,Europe,21730,7791,2.418997108797633
2018-05-14,Russia,Europe,20038,8764,3.688030039809925
2018-05-14,Turkey,Asia,14831,6006,2.299078278889147
2018-05-14,India,Asia,14131,8167,1.0978089905294637
2018-05-14,Syria,Asia,13301,5153,1.7912272898320503
2018-05-14,Iran,Asia,12283,5278,1.7881196184344084
2018-05-14,France,Europe,11707,4470,2.6415509724778232
2018-05-14,Australia,Oceania,10291,3592,0.5961269301016491
2018-05-14,Ukraine,Europe,10175,5593,2.025009565105902
2018-05-14,Palestine,Asia,9729,2270,0.758184330907925
2018-05-14,Pakistan,Asia,9536,4767,1.0383206439838601
2018-05-14,South Korea,Asia,9501,2738,1.717882277863443
2018-05-21,United States,North America,294176,73692,15.285889791852071
2018-05-21,Israel,Asia,45901,13120,7.180416312095107
2018-05-21,United Kingdom,Europe,23121,7674,3.390570577285329
2018-05-21,Russia,Europe,20924,10055,5.821498165179432
2018-05-21,Syria,Asia,18951,6958,4.151449032041152
2018-05-21,Australia,Oceania,15233,4638,1.428415405286602
2018-05-21,India,Asia,13356,8305,1.4601277310622014
2018-05-21,Ukraine,Europe,11650,6550,2.3596382647744383
2018-05-21,Iran,Asia,10719,4470,1.9076024276108594
2018-05-21,China,Asia,10630,4724,3.28430168422266
2018-05-21,North Korea,Asia,10330,3574,3.0293287201479058
2018-05-21,France,Europe,9780,4078,2.479673360308707
2018-05-21,Venezuela,South America,9349,3744,3.0401074197662425
2018-05-21,Mexico,North America,8385,3662,1.0364978703181096
2018-05-21,Canada,North America,7727,3140,0.454304918599732
2018-05-28,United States,North America,252135,63127,11.105891799469664
2018-05-28,Israel,Asia,71839,18558,11.913943080043635
2018-05-28,Russia,Europe,36273,14139,7.8681779690496745
2018-05-28,Ukraine,Europe,27026,10847,5.890660460856052
2018-05-28,Belgium,Europe,21370,5221,4.667890092441473
2018-05-28,United Kingdom,Europe,17901,7040,2.068381523100833
2018-05-28,India,Asia,13410,8307,1.071706791206366
2018-05-28,Australia,Oceania,12362,3757,0.6592569738304257
2018-05-28,Syria,Asia,11597,5249,2.5387793365913645
2018-05-28,Germany,Europe,10169,3924,2.1978395383953937
2018-05-28,Canada,North America,10069,4009,0.7161216550166165
2018-05-28,Spain,Europe,9681,4017,3.5419094693798914
2018-05-28,France,Europe,9523,4318,2.6238350876507495
2018-05-28,Iran,Asia,8685,3149,1.4650526106956603
2018-05-28,Afghanistan,Asia,8670,3456,1.8586799489399357
2018-06-04,United States,North America,247385,68046,13.351605749407158
2018-06-04,Israel,Asia,40140,10307,5.900714992194354
2018-06-04,United Kingdom,Europe,20825,7299,2.6779702165101558
2018-06-04,Russia,Europe,18539,8468,5.009794800658708
2018-06-04,India,Asia,13879,8252,1.3515181720300022
2018-06-04,Afghanistan,Asia,13720,3908,2.8670615675720796
2018-06-04,Syria,Asia,13586,5626,4.335034847080614
2018-06-04,Canada,North America,11507,4371,0.9264831857539186
2018-06-04,China,Asia,10633,4580,2.670403925022431
2018-06-04,Australia,Oceania,10136,3321,0.9036988200204735
2018-06-04,Guatemala,North America,9798,1189,1.3183391681972645
2018-06-04,France,Europe,9615,4022,3.1195959650447245
2018-06-04,Ukraine,Europe,8939,5309,1.876299697814574
2018-06-04,Germany,Europe,8529,3574,2.1370230912869275
2018-06-04,Turkey,Asia,7324,3667,2.460584783203105
2018-06-11,United States,North America,225874,63937,12.514301269405836
2018-06-11,Israel,Asia,26553,7467,3.43305566980008
2018-06-11,United Kingdom,Europe,22309,7540,3.2199096439623873
2018-06-11,Afghanistan,Asia,17308,5489,3.843806307375028
2018-06-11,Yemen,Asia,15550,4417,4.897686084895894
2018-06-11,India,Asia,14569,8971,1.19226757021322
2018-06-11,North Korea,Asia,13252,4139,2.144939823583554
2018-06-11,Russia,Europe,13046,5664,3.352400038057813
2018-06-11,Canada,North America,11637,4069,0.8426209265290321
2018-06-11,Pakistan,Asia,10352,5050,1.3946675304077316
2018-06-11,Australia,Oceania,10045,3294,0.7190928559632447
2018-06-11,Italy,Europe,10004,3840,2.3645933860387314
2018-06-11,South Korea,Asia,9151,2911,1.7301091047552768
2018-06-11,China,Asia,8400,3654,2.971755920831323
2018-06-11,France,Europe,8385,4328,3.0624101465988804
2018-06-18,United States,North America,237121,69425,15.900154116153526
2018-06-18,Israel,Asia,39307,10345,5.057202219835933
2018-06-18,United Kingdom,Europe,19970,7071,2.6806243298811414
2018-06-18,Syria,Asia,16158,8301,5.848718692049267
2018-06-18,India,Asia,14381,8944,1.4711390433263398
2018-06-18,Australia,Oceania,13458,4129,1.244970933019155
2018-06-18,Canada,North America,11431,4168,0.7276780286872994
2018-06-18,Mexico,North America,11144,4897,2.1162582824543703
2018-06-18,Yemen,Asia,10098,3683,3.327249311410793
2018-06-18,Turkey,Asia,9730,4158,2.3263483904897413
2018-06-18,Russia,Europe,9584,5806,3.047156288605595
2018-06-18,China,Asia,9350,3791,1.6791273664206683
2018-06-18,Germany,Europe,9338,4195,2.864897730748514
2018-06-18,Italy,Europe,8413,3172,1.9518995480914756
2018-06-18,Ukraine,Europe,7555,4710,1.642117684720936
2018-06-25,United States,North America,333618,81294,21.110304847867596
2018-06-25,Israel,Asia,25103,7321,2.864832170949902
2018-06-25,United Kingdom,Europe,18365,7313,2.7482120193736823
2018-06-25,Syria,Asia,15804,7637,4.630372915348149
2018-06-25,Mexico,North America,14722,5638,3.110957321858867
2018-06-25,India,Asia,13962,8388,1.3331097803307026
2018-06-25,Russia,Europe,13358,6702,4.093639248490151
2018-06-25,Australia,Oceania,13291,4280,0.8685823736156848
2018-06-25,France,Europe,12216,4280,3.7252890437417436
2018-06-25,Canada,North America,11617,4183,0.701128854952837
2018-06-25,China,Asia,10191,3789,1.7143930270076804
2018-06-25,Nigeria,Africa,9866,5581,1.7289664310534578
2018-06-25,Turkey,Asia,7788,3678,2.5158275117039404
2018-06-25,Ukraine,Europe,7504,4578,1.7205672639753324
2018-06-25,Iran,Asia,7193,3175,1.3281595109727424
2018-07-02,United States,North America,232054,62349,13.000329611902199
2018-07-02,Israel,Asia,35345,8035,3.4768473721136948
2018-07-02,United Kingdom,Europe,23404,7839,3.242524257478257
2018-07-02,Australia,Oceania,16206,4734,1.5054344971857285
2018-07-02,Syria,Asia,14602,7012,4.687147964591723
2018-07-02,Russia,Europe,14453,7117,4.424200902114395
2018-07-02,India,Asia,13710,8643,1.2692164112088642
2018-07-02,France,Europe,12646,5358,3.9982282091452506
2018-07-02,Iran,Asia,10578,4478,2.370359375888176
2018-07-02,Mexico,North America,9971,4305,2.462082418903096
2018-07-02,China,Asia,9874,4337,3.0646638349802537
2018-07-02,Philippines,Asia,9403,3991,2.136881519843694
2018-07-02,Canada,North America,8495,3359,0.7227121601191946
2018-07-02,Ukraine,Europe,8480,4948,1.5205670856990308
2018-07-02,Germany,Europe,7996,3472,2.2577687811512717
2018-07-09,United States,North America,254495,62964,12.963581292460669
2018-07-09,Israel,Asia,49490,12530,10.028650656629347
2018-07-09,United Kingdom,Europe,28723,8823,3.9687111458670405
2018-07-09,Russia,Europe,25003,9246,4.78899653076646
2018-07-09,Pakistan,Asia,23611,8723,3.516994689415973
2018-07-09,India,Asia,13460,8164,1.2269659682407634
2018-07-09,Syria,Asia,13216,6235,3.0882931091206878
2018-07-09,Germany,Europe,12499,4887,3.3340611564676954
2018-07-09,Afghanistan,Asia,11968,4437,2.4436124080843995
2018-07-09,Australia,Oceania,11430,3103,0.9017975587190628
2018-07-09,China,Asia,10891,4586,2.7507293914116073
2018-07-09,Turkey,Asia,8992,4193,2.7290365074209113
2018-07-09,Iraq,Asia,8451,3306,2.334073302780024
2018-07-09,Canada,North America,7597,2979,0.46573414480210507
2018-07-09,Ukraine,Europe,6748,4306,1.4531193159013076
2018-07-16,United States,North America,259985,66558,12.545526010506828
2018-07-16,Israel,Asia,49937,12677,9.110414582122994
2018-07-16,Russia,Europe,44288,16807,8.994230487790368
2018-07-16,United Kingdom,Europe,21005,8292,3.9416707935845476
2018-07-16,Syria,Asia,16724,6232,4.039178274885162
2018-07-16,Australia,Oceania,13764,3842,1.010490925174019
2018-07-16,Afghanistan,Asia,12727,4017,2.3658369203067586
2018-07-16,India,Asia,12425,7885,1.4186871883559127
2018-07-16,Canada,North America,11307,3108,1.0486514278478412
2018-07-16,Turkey,Asia,10063,3964,2.5737438533008
2018-07-16,Pakistan,Asia,9937,5064,1.214601209732725
2018-07-16,Germany,Europe,8846,3454,2.3481439580867467
2018-07-16,Ukraine,Europe,8300,4989,1.5714227759926196
2018-07-16,Nigeria,Africa,8064,4959,1.709308617994006
2018-07-16,Nicaragua,North America,7507,3365,5.633147716736848
2018-07-23,United States,North America,301652,70643,14.339967284213463
2018-07-23,Israel,Asia,57368,15725,10.235596721115323
2018-07-23,Canada,North America,41298,6332,3.8059620300652823
2018-07-23,Syria,Asia,26577,10628,7.641944272037191
2018-07-23,Russia,Europe,21285,10506,4.638230928281788
2018-07-23,United Kingdom,Europe,20226,7583,3.3558093719785127
2018-07-23,Australia,Oceania,17742,3922,0.7234427699352045
2018-07-23,Greece,Europe,16921,3719,3.6198970039329277
2018-07-23,India,Asia,13124,7889,1.0435081778138457
2018-07-23,Turkey,Asia,13096,4481,2.5330313151028228
2018-07-23,China,Asia,10335,4422,1.9147502277978894
2018-07-23,Ukraine,Europe,10190,4965,1.608926513360084
2018-07-23,Pakistan,Asia,7854,4211,1.2517210558889482
2018-07-23,Afghanistan,Asia,7721,2893,1.68553195635317
2018-07-23,Nigeria,Africa,7710,4697,1.4621893512256592
2018-07-30,United States,North America,277393,69793,14.3714015043304
2018-07-30,Israel,Asia,31831,9261,4.141774453617638
2018-07-30,Russia,Europe,29818,12496,7.73850816393198
2018-07-30,United Kingdom,Europe,18100,7248,3.3304497480384083
2018-07-30,Australia,Oceania,17339,4445,1.13182821384009
2018-07-30,Syria,Asia,17280,6159,3.7397343290446377
2018-07-30,Turkey,Asia,16266,6024,3.9820535833979327
2018-07-30,Afghanistan,Asia,15900,5775,4.606296897708444
2018-07-30,India,Asia,12643,7903,1.1875666562976122
2018-07-30,Ukraine,Europe,12049,5767,1.7742717386785498
2018-07-30,Canada,North America,11429,3133,0.5527109896341853
2018-07-30,China,Asia,10483,4736,2.399359855310076
2018-07-30,Zimbabwe,Africa,9653,2795,3.5736195181615105
2018-07-30,Iran,Asia,8083,3460,1.5748727047091606
2018-07-30,Mexico,North America,7324,2628,0.9152160201152891
2018-08-06,United States,North America,318142,78653,13.892718267958845
2018-08-06,Israel,Asia,62657,13915,8.137114582783797
2018-08-06,Canada,North America,31759,8842,4.764212268968229
2018-08-06,Russia,Europe,30548,12886,6.4805461304294285
2018-08-06,United Kingdom,Europe,21794,7603,2.191908350136484
2018-08-06,Saudi Arabia,Asia,21125,7503,4.806924256512774
2018-08-06,Australia,Oceania,17212,4215,0.8672252130570961
2018-08-06,Afghanistan,Asia,16416,4947,2.382049560950674
2018-08-06,Syria,Asia,15690,5495,3.253026469467613
2018-08-06,India,Asia,15094,8509,0.9946536996041031
2018-08-06,China,Asia,15008,5150,2.2600886975336416
2018-08-06,Iran,Asia,12719,4437,1.8371784150828028
2018-08-06,Ukraine,Europe,11885,5623,1.471108780871655
2018-08-06,Egypt,Africa,10909,2894,1.134043551825936
2018-08-06,Yemen,Asia,10062,3263,1.8836342406670907
2018-08-13,United States,North America,249877,67022,14.504147851699187
2018-08-13,Afghanistan,Asia,37518,9888,8.809093745062412
2018-08-13,Israel,Asia,37093,8571,5.311843739368733
2018-08-13,United Kingdom,Europe,36386,9573,5.124315329722313
2018-08-13,Australia,Oceania,17916,4724,1.2972228563988548
2018-08-13,Russia,Europe,16337,8865,5.169805301157078
2018-08-13,Canada,North America,15619,3706,0.5521813865667573
2018-08-13,Turkey,Asia,13196,5732,4.373062778547095
2018-08-13,India,Asia,11381,6951,0.9688570942831913
2018-08-13,Syria,Asia,11155,3621,2.007800920650412
2018-08-13,Saudi Arabia,Asia,10856,2581,1.4370967516676776
2018-08-13,China,Asia,10534,4661,4.84604843467327
2018-08-13,Ukraine,Europe,8805,5026,1.707520335555366
2018-08-13,Pakistan,Asia,8611,2920,0.8469743583479932
2018-08-13,Iraq,Asia,8158,2485,1.2031197832186649
2018-08-20,United States,North America,341857,77513,19.70692251252411
2018-08-20,Russia,Europe,39517,15051,11.47167776229521
2018-08-20,Israel,Asia,21487,6026,2.56234814936806
2018-08-20,Australia,Oceania,17924,4679,1.343480471004904
2018-08-20,United Kingdom,Europe,17922,7271,2.6537547433884385
2018-08-20,Afghanistan,Asia,17228,5203,4.694295038861685
2018-08-20,Syria,Asia,11678,4545,3.130252923950531
2018-08-20,India,Asia,11137,6892,1.1154339132840885
2018-08-20,Ukraine,Europe,11030,5446,2.154161134306053
2018-08-20,Mexico,North America,10881,3431,0.6542013835243563
2018-08-20,China,Asia,10540,4696,2.6442210209437618
2018-08-20,Turkey,Asia,10419,3680,3.4024819181119272
2018-08-20,Canada,North America,10384,3128,0.4935827760356805
2018-08-20,Vietnam,Asia,10288,1798,1.51345818823633
2018-08-20,Germany,Europe,9527,3309,2.122101741190521
2018-08-27,United States,North America,268463,69954,14.827175623401954
2018-08-27,Israel,Asia,31196,6847,3.5295190085156567
2018-08-27,Russia,Europe,27094,13165,8.701713358216736
2018-08-27,United Kingdom,Europe,24501,8587,3.123266415690611
2018-08-27,Australia,Oceania,21688,4441,1.5286617867939527
2018-08-27,India,Asia,19983,10923,1.3479486126356344
2018-08-27,Syria,Asia,19440,8137,4.926972665697657
2018-08-27,Germany,Europe,16014,4760,3.889627636532317
2018-08-27,Ukraine,Europe,13060,6639,2.8335723768189953
2018-08-27,France,Europe,12619,4565,2.7133095178217363
2018-08-27,China,Asia,11087,4869,2.656017774728588
2018-08-27,Canada,North America,10865,3360,0.7283351749458593
2018-08-27,Afghanistan,Asia,10090,3637,2.108961040503142
2018-08-27,Iran,Asia,9208,4064,1.779647072116866
2018-08-27,Vietnam,Asia,8815,2262,1.3745361172243444
2018-09-03,United States,North America,259395,63059,15.620588546170417
2018-09-03,Syria,Asia,44217,15283,9.372720042109295
2018-09-03,Israel,Asia,40127,8740,3.704258544656899
2018-09-03,Russia,Europe,38655,16794,10.652767944707458
2018-09-03,United Kingdom,Europe,27245,9523,3.485384898858924
2018-09-03,Australia,Oceania,16371,3461,0.7257749840473955
2018-09-03,India,Asia,16140,8894,1.036164307967072
2018-09-03,Iran,Asia,15863,5519,2.5973620838782834
2018-09-03,Afghanistan,Asia,14813,4464,2.50267763772984
2018-09-03,Iraq,Asia,13772,5474,3.492287629919608
2018-09-03,Canada,North America,13049,2993,0.6922942555486272
2018-09-03,Germany,Europe,10252,3839,2.1203304339116493
2018-09-03,Turkey,Asia,10085,3554,1.967701808682237
2018-09-03,Brazil,South America,9701,3283,2.471684721700279
2018-09-03,China,Asia,9338,3997,2.1127192768253336
2018-09-10,United States,North America,330552,72323,18.729948611262017
2018-09-10,Israel,Asia,58919,10795,5.376150150880889
2018-09-10,Russia,Europe,33964,14375,9.470786777812028
2018-09-10,Syria,Asia,30704,11257,7.180077042760229
2018-09-10,Afghanistan,Asia,21649,6131,5.168078761019568
2018-09-10,United Kingdom,Europe,21417,8431,2.901728865213911
2018-09-10,Australia,Oceania,14433,3447,0.9550263219292198
2018-09-10,India,Asia,13362,8464,1.0440205610233966
2018-09-10,China,Asia,12091,5098,2.937935138926641
2018-09-10,France,Europe,11165,4122,3.65673554382505
2018-09-10,Iran,Asia,11084,4130,1.4919054870654052
2018-09-10,Turkey,Asia,10986,3781,3.0191648673746654
2018-09-10,Canada,North America,10884,2960,0.3629060134660684
2018-09-10,Switzerland,Europe,8966,844,0.5138129095825431
2018-09-10,Ukraine,Europe,8918,4703,1.3344634171020564
2018-09-17,United States,North America,346504,73517,14.087428612943791
2018-09-17,Israel,Asia,45911,13877,6.872767684902789
2018-09-17,Russia,Europe,39719,15521,9.695398925806789
2018-09-17,Syria,Asia,32635,11369,7.754262210555004
2018-09-17,Iran,Asia,27679,7925,8.041632838808424
2018-09-17,United Kingdom,Europe,17600,7180,2.1296487365200165
2018-09-17,Australia,Oceania,16495,3652,0.8764031629355521
2018-09-17,India,Asia,14953,8873,1.5975752373332217
2018-09-17,China,Asia,14723,5687,3.432930289891923
2018-09-17,Canada,North America,11845,2918,0.4714000573798086
2018-09-17,Turkey,Asia,9641,3347,1.8817898924047907
2018-09-17,Ukraine,Europe,8943,5098,1.7380458329917057
2018-09-17,Mexico,North America,8848,3340,1.4045458499203765
2018-09-17,Afghanistan,Asia,7377,2413,1.1415898926350057
2018-09-17,Germany,Europe,7157,2526,1.2959694975699312
2018-09-24,United States,North America,337274,76052,22.60141555139543
2018-09-24,Israel,Asia,33956,8545,4.896801944504391
2018-09-24,Russia,Europe,25919,11107,6.426254651147933
2018-09-24,Iran,Asia,17047,7138,4.253710884649808
2018-09-24,United Kingdom,Europe,16164,6811,2.384702234506223
2018-09-24,Syria,Asia,16069,6401,3.773332536829144
2018-09-24,India,Asia,15590,8484,1.214195053963545
2018-09-24,Australia,Oceania,15294,2882,0.8078431711285824
2018-09-24,Canada,North America,14264,3412,0.7335637019979802
2018-09-24,China,Asia,14222,5488,3.2468815440111554
2018-09-24,Turkey,Asia,9394,3234,2.048434864898994
2018-09-24,Spain,Europe,8390,2690,1.6531183896559927
2018-09-24,Mexico,North America,7724,3421,0.9384368428276018
2018-09-24,Germany,Europe,7342,3348,2.123321713625749
2018-09-24,Ukraine,Europe,7233,4397,1.6861259889978264
2018-10-01,United States,North America,344070,75230,18.99545943082058
2018-10-01,Israel,Asia,39198,8756,4.493452787750345
2018-10-01,Russia,Europe,21525,10475,6.890547488861361
2018-10-01,United Kingdom,Europe,19592,7309,2.5510096654026393
2018-10-01,Iran,Asia,15862,6129,4.07198211915776
2018-10-01,India,Asia,15040,8484,1.0796722292348797
2018-10-01,Australia,Oceania,14110,2753,0.766024931811217
2018-10-01,Syria,Asia,13063,4553,2.1986403076710164
2018-10-01,Canada,North America,12859,3454,0.8106597697225949
2018-10-01,China,Asia,12774,5062,3.5602105950699854
2018-10-01,France,Europe,12324,4777,4.168031231842974
2018-10-01,Turkey,Asia,12108,4062,2.9909291688360264
2018-10-01,Germany,Europe,9600,3607,2.1022673207075004
2018-10-01,Saudi Arabia,Asia,9173,3254,1.81932058800477
2018-10-01,Afghanistan,Asia,8797,3317,1.661748922254194
2018-10-08,United States,North America,239331,63674,16.718750056580003
2018-10-08,Saudi Arabia,Asia,43291,11708,8.185152923072275
2018-10-08,Turkey,Asia,41253,10326,7.0825226841313835
2018-10-08,Israel,Asia,40453,9516,3.909998779424795
2018-10-08,Russia,Europe,19216,9092,4.845884833573876
2018-10-08,United Kingdom,Europe,17875,7690,2.2664529727159026
2018-10-08,Australia,Oceania,14228,2977,0.8655335158497787
2018-10-08,Bulgaria,Europe,13735,4100,4.01065612469811
2018-10-08,Canada,North America,13623,3135,0.4573048115058567
2018-10-08,India,Asia,13558,8351,1.3155724763551413
2018-10-08,Syria,Asia,11010,3521,2.2649179929363767
2018-10-08,Palestine,Asia,10232,1333,0.31808684985070457
2018-10-08,Afghanistan,Asia,9961,3812,1.9984415148835395
2018-10-08,China,Asia,9937,4449,2.900161657161659
2018-10-08,Ukraine,Europe,9202,5025,1.9670664386910253
2018-10-15,United States,North America,250690,66543,10.587332407814765
2018-10-15,Saudi Arabia,Asia,83597,20139,16.325934691485035
2018-10-15,Israel,Asia,46701,11462,4.654714310620731
2018-10-15,Turkey,Asia,42856,12890,10.091368213188783
2018-10-15,Afghanistan,Asia,31148,7089,4.114944602772938
2018-10-15,Russia,Europe,29227,11397,7.389612314154398
2018-10-15,United Kingdom,Europe,23527,8424,2.554025573521946
2018-10-15,Canada,North America,20787,4140,0.8621321389308373
2018-10-15,Mexico,North America,17193,5193,2.2307632914430293
2018-10-15,India,Asia,14706,7948,1.871152456752277
2018-10-15,Australia,Oceania,12796,3263,0.7405511638384725
2018-10-15,Syria,Asia,11590,4969,2.40868840309983
2018-10-15,Nigeria,Africa,10604,5637,1.953131535650861
2018-10-15,Ukraine,Europe,10114,5139,1.8290867227696164
2018-10-15,China,Asia,9393,3896,1.6685389072086203
2018-10-22,United States,North America,275716,73078,18.928032781775887
2018-10-22,Saudi Arabia,Asia,64667,20133,17.82831022958696
2018-10-22,Israel,Asia,64465,12788,6.562561425665975
2018-10-22,Turkey,Asia,38623,12490,9.517807154828013
2018-10-22,Russia,Europe,24239,10432,5.2677835653912615
2018-10-22,United Kingdom,Europe,19678,7273,1.9546272160740334
2018-10-22,Australia,Oceania,16206,2927,0.7783812560710109
2018-10-22,Mexico,North America,15019,5376,2.085080587492972
2018-10-22,India,Asia,14730,8244,1.0956726717402838
2018-10-22,Canada,North America,12670,3539,0.5815279239999519
2018-10-22,Syria,Asia,11952,4147,1.8526458665489849
2018-10-22,China,Asia,9770,3984,1.7087884223237253
2018-10-22,Palestine,Asia,8362,1361,0.22723054828339223
2018-10-22,France,Europe,8289,3699,1.9500931464744171
2018-10-22,Germany,Europe,8064,2992,1.1450088133091345
2018-10-29,United States,North America,353436,83819,19.112172504369877
2018-10-29,Israel,Asia,32427,7521,2.046769987174192
2018-10-29,Pakistan,Asia,26289,8147,4.032361542475388
2018-10-29,United Kingdom,Europe,25383,7633,2.92632473929989
2018-10-29,Saudi Arabia,Asia,24142,10002,6.765719318316924
2018-10-29,Turkey,Asia,22299,7799,4.811130554537039
2018-10-29,Australia,Oceania,22099,3749,0.7811983070674348
2018-10-29,Mexico,North America,20174,5938,2.5376176228881584
2018-10-29,Russia,Europe,18116,8869,4.4956389530990855
2018-10-29,Afghanistan,Asia,16193,3793,1.6255854555191644
2018-10-29,Iran,Asia,15555,5018,2.0569100390888444
2018-10-29,India,Asia,13499,7930,1.4479749320441309
2018-10-29,Canada,North America,12607,3878,0.8497843804175269
2018-10-29,Germany,Europe,11201,3862,2.867684097047388
2018-10-29,Syria,Asia,10764,4773,2.2829549727274974
2018-11-05,United States,North America,369346,83674,26.482620822420703
2018-11-05,Israel,Asia,31948,8265,2.979126884312612
2018-11-05,Australia,Oceania,25070,5151,1.8853682752168628
2018-11-05,United Kingdom,Europe,24529,8281,2.5282643645905782
2018-11-05,Russia,Europe,20895,9961,6.588506955692468
2018-11-05,France,Europe,18485,6532,4.0271883132477715
2018-11-05,Afghanistan,Asia,16379,4259,1.5540967936750887
2018-11-05,Germany,Europe,15497,4585,1.8960199565012934
2018-11-05,Saudi Arabia,Asia,13746,6305,4.446891303249783
2018-11-05,Turkey,Asia,13597,4977,3.9143422900293654
2018-11-05,Syria,Asia,12799,4772,2.908642863716985
2018-11-05,Canada,North America,12731,3784,0.4442880303056196
2018-11-05,Mexico,North America,10156,3987,1.6683950796659361
2018-11-05,Iran,Asia,9952,3934,1.8357427493157494
2018-11-05,India,Asia,9533,5622,0.8520070624532602
2018-11-12,United States,North America,298898,71558,18.76130969134868
2018-11-12,Israel,Asia,109012,22074,17.538418002366424
2018-11-12,Saudi Arabia,Asia,38620,11523,8.260876186984438
2018-11-12,Australia,Oceania,23945,4562,1.0609313203857271
2018-11-12,United Kingdom,Europe,23427,8847,3.625113626115081
2018-11-12,Turkey,Asia,19769,7830,4.8267654847674235
2018-11-12,Russia,Europe,18810,8330,4.715787294748827
2018-11-12,France,Europe,17588,6045,3.674932081708435
2018-11-12,Mexico,North America,15763,5117,1.7027742921363196
2018-11-12,Canada,North America,13005,3311,0.47537494561463894
2018-11-12,India,Asia,11622,7128,0.8840936948107562
2018-11-12,Afghanistan,Asia,11485,4981,2.245595400182973
2018-11-12,China,Asia,9863,3911,1.9622562173458709
2018-11-12,Palestine,Asia,9405,1986,0.555368765360796
2018-11-12,Syria,Asia,9298,4200,2.125372213529419
2018-11-19,United States,North America,285118,61697,18.14133192742426
2018-11-19,Israel,Asia,33285,7606,3.360651078133304
2018-11-19,Saudi Arabia,Asia,32776,10646,7.6374413255152644
2018-11-19,United Kingdom,Europe,25560,8998,4.292692660690754
2018-11-19,France,Europe,21360,6206,6.1603955054661155
2018-11-19,Russia,Europe,19887,9999,5.378906347677527
2018-11-19,Pakistan,Asia,18013,7889,2.5212131504204964
2018-11-19,Mexico,North America,17923,5347,2.273752501419772
2018-11-19,India,Asia,17549,9450,1.3011523167010384
2018-11-19,China,Asia,15999,6412,3.823527001853717
2018-11-19,Australia,Oceania,14193,4994,1.171615739379477
2018-11-19,Syria,Asia,13128,5241,3.1368176038697175
2018-11-19,Turkey,Asia,13076,5309,2.944472391929164
2018-11-19,Afghanistan,Asia,12889,3891,1.8519281510636636
2018-11-19,Canada,North America,12068,3391,0.4307396916448127
2018-11-26,United States,North America,243464,67601,13.0826685252844
2018-11-26,Russia,Europe,78231,26878,17.90522918135382
2018-11-26,Ukraine,Europe,64301,20842,13.072894511815765
2018-11-26,Israel,Asia,32304,7489,3.259131938341149
2018-11-26,Afghanistan,Asia,26879,6044,3.2479012453047362
2018-11-26,France,Europe,23068,7155,6.36064787979282
2018-11-26,United Kingdom,Europe,21510,8504,3.7705344186996297
2018-11-26,Saudi Arabia,Asia,18735,6634,3.709531107728678
2018-11-26,Mexico,North America,15469,5975,2.3416161997663463
2018-11-26,Syria,Asia,14281,5185,2.7491488633033483
2018-11-26,India,Asia,13567,7456,1.0059972918949902
2018-11-26,Canada,North America,12995,3683,0.5405006075660778
2018-11-26,China,Asia,11758,5061,2.4963999338028158
2018-11-26,Turkey,Asia,9923,3476,1.618279421351768
2018-11-26,Australia,Oceania,9746,3514,0.9553333273044979
2018-12-03,United States,North America,199624,59256,12.588778251442573
2018-12-03,Russia,Europe,30354,13004,6.648256538400753
2018-12-03,Israel,Asia,30175,7461,3.2058426648708096
2018-12-03,France,Europe,27276,9648,12.55225732918273
2018-12-03,Canada,North America,19717,5502,1.8514143605639595
2018-12-03,United Kingdom,Europe,19317,7550,2.828011621539271
2018-12-03,Ukraine,Europe,15382,8070,2.765429080448274
2018-12-03,China,Asia,15128,5881,2.865320605324883
2018-12-03,Saudi Arabia,Asia,14210,5774,3.3596312165189732
2018-12-03,Iran,Asia,13777,4577,2.416297298195148
2018-12-03,India,Asia,13414,8026,1.127981024207814
2018-12-03,Australia,Oceania,11912,3988,1.1494420329464088
2018-12-03,Turkey,Asia,11363,3674,3.1149715684467583
2018-12-03,Palestine,Asia,9299,801,0.28963772175653885
2018-12-03,Italy,Europe,8364,3656,2.771783773318831
2018-12-10,United States,North America,213697,62577,11.734764405280083
2018-12-10,Israel,Asia,64695,12366,5.872087719649677
2018-12-10,France,Europe,54084,13510,16.5259897796745
2018-12-10,Russia,Europe,32592,12798,8.949223927008214
2018-12-10,China,Asia,26392,9159,3.9504881914639776
2018-12-10,Canada,North America,24443,7333,2.037279333459625
2018-12-10,Palestine,Asia,24123,3724,0.9821002614573124
2018-12-10,United Kingdom,Europe,19045,7671,2.1470383914179862
2018-12-10,Turkey,Asia,13659,5381,4.516431356515153
2018-12-10,India,Asia,13611,6727,1.3050858275064898
2018-12-10,Saudi Arabia,Asia,13248,5292,2.9771521181513223
2018-12-10,Germany,Europe,11367,3489,1.9467910922479297
2018-12-10,Ukraine,Europe,9661,5688,1.581634262335515
2018-12-10,Australia,Oceania,8348,3065,0.7048786471065318
2018-12-10,Syria,Asia,7937,3298,1.537365720703122
2018-12-17,United States,North America,213533,63061,14.216387782923473
2018-12-17,Israel,Asia,43103,8005,3.177110410883059
2018-12-17,Syria,Asia,26489,7212,4.235303964385448
2018-12-17,United Kingdom,Europe,25456,8538,5.66875169830829
2018-12-17,Russia,Europe,21695,10775,5.703523936413155
2018-12-17,Turkey,Asia,15922,5343,3.45876090818579
2018-12-17,China,Asia,15383,6141,3.0588147941313384
2018-12-17,India,Asia,15089,8135,1.5933028079826057
2018-12-17,Canada,North America,14110,4576,1.116173115786423
2018-12-17,France,Europe,12414,5121,4.373928473411629
2018-12-17,Afghanistan,Asia,11415,2942,1.583339906071646
2018-12-17,Mexico,North America,11401,3568,1.373763642459035
2018-12-17,Palestine,Asia,9028,1409,0.38723471281521427
2018-12-17,Ukraine,Europe,8935,5593,1.6909905637875822
2018-12-17,Somalia,Africa,8084,1662,1.528549419083824
2018-12-24,United States,North America,153957,42624,11.616287691360512
2018-12-24,Israel,Asia,30163,7136,3.8190202582043433
2018-12-24,Syria,Asia,17845,6726,4.906557365492364
2018-12-24,Russia,Europe,16648,8456,5.2773370722941815
2018-12-24,United Kingdom,Europe,15136,5169,2.619188431911776
2018-12-24,Mexico,North America,14341,3446,2.0632563713386975
2018-12-24,Egypt,Africa,12983,4542,6.552852296666499
2018-12-24,China,Asia,12782,5005,3.5862513884504232
2018-12-24,Afghanistan,Asia,10421,3423,2.8484024751770325
2018-12-24,Turkey,Asia,10348,4088,3.808521439087466
2018-12-24,India,Asia,10225,6095,0.9276700162153252
2018-12-24,Bangladesh,Asia,9172,2790,2.505258000161272
2018-12-24,Iraq,Asia,8434,2234,1.0745485408456124
2018-12-24,Ukraine,Europe,7915,5005,2.7599584820446346
2018-12-24,Guatemala,North America,7809,766,0.7606257875185433
2018-12-31,United States,North America,175363,49241,12.249151270651883
2018-12-31,Russia,Europe,25798,7889,5.350019605423001
2018-12-31,United Kingdom,Europe,21464,6836,3.186717657041026
2018-12-31,Israel,Asia,18020,6323,2.578112737216018
2018-12-31,Syria,Asia,13110,5183,3.430007867833444
2018-12-31,India,Asia,13018,7558,3.102819612561328
2018-12-31,Mexico,North America,11073,3645,1.948784981745056
2018-12-31,China,Asia,10579,4277,2.712537036238867
2018-12-31,Canada,North America,10156,2633,0.5509807951304363
2018-12-31,Saudi Arabia,Asia,8396,3474,3.12686894939016
2018-12-31,Turkey,Asia,8382,3464,2.934766072545792
2018-12-31,France,Europe,8004,3624,4.363066773907752
2018-12-31,Iraq,Asia,6533,1661,1.0074016808672743
2018-12-31,Afghanistan,Asia,6086,3058,2.3135211668991613
2018-12-31,Nigeria,Africa,5045,3306,1.833169215783652
2019-01-07,United States,North America,226265,62369,15.97471494182488
2019-01-07,Israel,Asia,38064,9030,4.213485404129248
2019-01-07,United Kingdom,Europe,15719,7060,3.865325297938721
2019-01-07,Russia,Europe,15618,7795,4.342400731092898
2019-01-07,France,Europe,15267,6084,6.248609936163227
2019-01-07,Mexico,North America,14914,5168,2.6629979255539564
2019-01-07,Canada,North America,14570,4335,1.0478899087989957
2019-01-07,Syria,Asia,13626,5454,3.349698029009519
2019-01-07,China,Asia,12815,5236,4.3694191634051505
2019-01-07,Iran,Asia,12050,3983,2.0052591214631055
2019-01-07,India,Asia,9498,6047,1.0490183089798464
2019-01-07,Turkey,Asia,9191,4080,4.178079792510969
2019-01-07,Palestine,Asia,8807,894,0.31301440636272027
2019-01-07,Saudi Arabia,Asia,7008,2570,1.7185810848125018
2019-01-07,Germany,Europe,6645,2988,2.0220701668326764
2019-01-14,United States,North America,219197,62507,12.1033902346143
2019-01-14,Israel,Asia,30760,6970,2.8489770917028
2019-01-14,Russia,Europe,24660,10173,5.269213917403699
2019-01-14,Canada,North America,22881,7185,2.889324453888834
2019-01-14,Kenya,Africa,20797,5377,5.348197778953267
2019-01-14,China,Asia,19063,7265,4.519524873103204
2019-01-14,Syria,Asia,18820,6519,3.303963342226118
2019-01-14,United Kingdom,Europe,17509,7968,3.577336609217038
2019-01-14,Mexico,North America,12422,4676,2.484313019729452
2019-01-14,Iran,Asia,10377,3615,1.6121915908513826
2019-01-14,Turkey,Asia,10007,4097,3.8371831250075568
2019-01-14,India,Asia,9417,6163,1.1625657336110926
2019-01-14,Australia,Oceania,8641,3548,1.1220185167856997
2019-01-14,France,Europe,8350,3841,3.1333510163692964
2019-01-14,Colombia,South America,7892,3029,3.724414712884168
2019-01-21,United States,North America,217487,63653,14.921215899795419
2019-01-21,Israel,Asia,50405,11130,6.2180164960305815
2019-01-21,Russia,Europe,25759,10235,5.097493058855976
2019-01-21,United Kingdom,Europe,22953,8391,2.702875669932857
2019-01-21,Venezuela,South America,20002,7780,8.632660870550616
2019-01-21,Canada,North America,18918,5284,1.0718410439909736
2019-01-21,Syria,Asia,15399,6925,3.621970551438591
2019-01-21,China,Asia,12501,5275,2.6398901426729084
2019-01-21,Mexico,North America,11586,4064,1.7263377768214885
2019-01-21,Afghanistan,Asia,11550,4318,3.127806060966159
2019-01-21,Palestine,Asia,9811,1027,0.250170732292246
2019-01-21,Iran,Asia,9774,4551,2.2015572741678398
2019-01-21,India,Asia,8967,6092,1.5333561246424683
2019-01-21,France,Europe,8486,4010,2.8976083021287096
2019-01-21,Australia,Oceania,8335,3208,0.7271686595858791
2019-01-28,United States,North America,207574,64409,14.13665807523378
2019-01-28,Israel,Asia,33201,6731,3.2307917052298776
2019-01-28,Russia,Europe,22644,9666,4.776472924281399
2019-01-28,Venezuela,South America,21955,8558,9.142368982870352
2019-01-28,Canada,North America,21073,5482,1.1931094729447724
2019-01-28,United Kingdom,Europe,20199,7220,2.873522517209437
2019-01-28,China,Asia,18302,6558,3.9445050744303543
2019-01-28,France,Europe,10664,4518,4.120001195921108
2019-01-28,India,Asia,10097,6456,2.1842190471158016
2019-01-28,Australia,Oceania,8936,3418,0.911125717694497
2019-01-28,Iran,Asia,8832,3252,1.4820731575232984
2019-01-28,Mexico,North America,8113,3163,1.5355113534573948
2019-01-28,Syria,Asia,7868,3653,2.3442105284297603
2019-01-28,Turkey,Asia,7525,2802,2.175491910721846
2019-01-28,Palestine,Asia,7098,932,0.26707505592770475
2019-02-04,United States,North America,244400,65887,12.897666587913879
2019-02-04,Israel,Asia,30308,6309,2.837769887572335
2019-02-04,Russia,Europe,21436,9346,5.928372481421759
2019-02-04,United Kingdom,Europe,19508,7090,2.359749092847367
2019-02-04,Canada,North America,17266,4519,1.1511132245994267
2019-02-04,France,Europe,14381,5657,7.777216966423081
2019-02-04,India,Asia,12248,7324,1.2254350404525831
2019-02-04,Syria,Asia,10435,4422,3.6859624976378247
2019-02-04,Mexico,North America,9813,3338,1.5530644443481554
2019-02-04,Palestine,Asia,8531,779,0.2239195544398517
2019-02-04,Turkey,Asia,8493,3141,2.3787713065492766
2019-02-04,Australia,Oceania,8176,3130,0.9388631454507146
2019-02-04,China,Asia,7961,3320,1.8924646182987659
2019-02-04,Saudi Arabia,Asia,7737,3351,2.709871169887878
2019-02-04,Ukraine,Europe,7465,4420,1.5239407426270188
2019-02-11,United States,North America,274301,72852,17.96425658117044
2019-02-11,Israel,Asia,36460,6183,2.5960267106845545
2019-02-11,India,Asia,24122,12080,3.277147261153679
2019-02-11,United Kingdom,Europe,21974,7649,2.950058788657574
2019-02-11,Russia,Europe,19585,9412,5.649384736238989
2019-02-11,Iran,Asia,16317,6077,3.9514214523127396
2019-02-11,Mexico,North America,15753,5345,2.9224307693271574
2019-02-11,Pakistan,Asia,15066,7485,2.7446405136000815
2019-02-11,Syria,Asia,13418,5389,4.221755488126926
2019-02-11,Canada,North America,12202,3734,0.5579209138694098
2019-02-11,China,Asia,8762,3742,3.913587318788191
2019-02-11,Nigeria,Africa,8728,4970,2.521227466844741
2019-02-11,France,Europe,8282,4340,3.4249025899183163
2019-02-11,Turkey,Asia,8043,3068,2.4280288977393627
2019-02-11,Australia,Oceania,7710,3419,0.7715615549990459
2019-02-18,United States,North America,198644,63250,12.039227070362456
2019-02-18,Israel,Asia,39650,6927,2.827641664809571
2019-02-18,Venezuela,South America,25110,9445,8.966553628965295
2019-02-18,India,Asia,23306,13775,2.666890694876361
2019-02-18,United Kingdom,Europe,23066,8386,3.27423450326448
2019-02-18,Pakistan,Asia,18294,10180,4.138929775667928
2019-02-18,Russia,Europe,17562,8979,3.8423956947258406
2019-02-18,Syria,Asia,14044,5319,3.636868182455556
2019-02-18,Canada,North America,11564,3130,0.5684737268970349
2019-02-18,Nigeria,Africa,9869,6023,1.8008796562937832
2019-02-18,Australia,Oceania,9754,3980,1.1914772865889507
2019-02-18,China,Asia,9589,4369,1.7725826800342392
2019-02-18,France,Europe,9321,4175,3.4728174136743815
2019-02-18,Mexico,North America,8791,3719,1.002639257276174
2019-02-18,Colombia,South America,7811,3608,2.9156373023843023
2019-02-25,United States,North America,198786,63044,10.626497536236991
2019-02-25,Pakistan,Asia,74215,25468,15.87703307134989
2019-02-25,Israel,Asia,47008,8167,3.721151393563914
2019-02-25,India,Asia,42439,19394,6.7821297358523225
2019-02-25,United Kingdom,Europe,27755,8216,2.778788436868526
2019-02-25,Australia,Oceania,21662,6121,3.413720617856289
2019-02-25,Russia,Europe,20224,8677,4.574719112452272
2019-02-25,Venezuela,South America,15715,6563,5.443094964911821
2019-02-25,Canada,North America,12688,3215,0.5817863728938003
2019-02-25,China,Asia,11185,4184,2.034930856167572
2019-02-25,Syria,Asia,10872,4372,2.5226995503558456
2019-02-25,North Korea,Asia,9647,2799,2.3969203323415345
2019-02-25,Palestine,Asia,7986,650,0.2667446606280544
2019-02-25,France,Europe,7164,3288,1.8448481469835767
2019-02-25,Nigeria,Africa,6929,4130,1.9521168848962507
2019-03-04,United States,North America,216011,63158,14.425955623522167
2019-03-04,Israel,Asia,45207,9460,4.504018459926908
2019-03-04,United Kingdom,Europe,31003,9098,3.5190089717233763
2019-03-04,Pakistan,Asia,22752,11546,3.5573365742275165
2019-03-04,Canada,North America,21996,5054,1.3161235070246085
2019-03-04,India,Asia,19285,11300,2.2583341189139605
2019-03-04,Russia,Europe,17777,8126,5.127717202137852
2019-03-04,China,Asia,13747,4677,3.4727471822947584
2019-03-04,Egypt,Africa,11139,2486,1.2075743944909476
2019-03-04,France,Europe,10454,4587,4.160357186473016
2019-03-04,Syria,Asia,10199,4491,2.748593441461265
2019-03-04,Ukraine,Europe,9964,4510,1.6893659587581908
2019-03-04,Australia,Oceania,8880,3485,1.0820197528670812
2019-03-04,Palestine,Asia,8507,1069,0.2655080220727643
2019-03-04,Mexico,North America,7529,3002,1.3749827278999724
2019-03-11,United States,North America,232199,66783,13.1543458541005
2019-03-11,New Zealand,Oceania,56701,12134,9.076701881097657
2019-03-11,Israel,Asia,56183,10851,5.579584433541838
2019-03-11,Australia,Oceania,38256,9002,5.484283880882782
2019-03-11,United Kingdom,Europe,25388,9509,5.321216774030781
2019-03-11,Russia,Europe,17716,8719,4.079853863811014
2019-03-11,Canada,North America,15019,4618,0.592310267927344
2019-03-11,Pakistan,Asia,14880,6110,1.3806399625191865
2019-03-11,India,Asia,14797,8757,1.1863394307215964
2019-03-11,France,Europe,12213,4531,4.148197152547529
2019-03-11,China,Asia,11828,4944,1.8026207425112553
2019-03-11,Palestine,Asia,11545,1251,0.31561567607267316
2019-03-11,Brazil,South America,10428,3948,3.4004233930337007
2019-03-11,Afghanistan,Asia,9658,2974,1.2171139340450217
2019-03-11,Turkey,Asia,9568,3096,1.7470130371828327
2019-03-18,United States,North America,263894,67806,10.393790161001984
2019-03-18,New Zealand,Oceania,44866,12960,9.508017815042557
2019-03-18,Israel,Asia,44354,9393,4.3047084016590205
2019-03-18,Australia,Oceania,25538,7974,3.406365364324461
2019-03-18,Russia,Europe,23808,8808,3.5397432844228365
2019-03-18,United Kingdom,Europe,21663,8499,3.7927958324731534
2019-03-18,Netherlands,Europe,20652,4825,5.446034012094402
2019-03-18,Syria,Asia,13358,4992,2.694589208665823
2019-03-18,India,Asia,12754,7851,1.020507504506528
2019-03-18,Turkey,Asia,12633,4529,2.9586552463979987
2019-03-18,Pakistan,Asia,11396,6106,1.5174273724183522
2019-03-18,France,Europe,11046,4829,3.388514646202558
2019-03-18,Palestine,Asia,10125,1385,0.40265443626824987
2019-03-18,Canada,North America,9682,3459,0.4945069296996781
2019-03-18,Iraq,Asia,9380,2871,1.7097433263147368
2019-03-25,United States,North America,265108,69533,14.004186924703312
2019-03-25,Israel,Asia,113156,23012,18.598207166622768
2019-03-25,United Kingdom,Europe,25724,8434,3.3641075941286678
2019-03-25,Russia,Europe,23747,10010,4.467011274463023
2019-03-25,Palestine,Asia,16687,2213,0.7680675156314292
2019-03-25,Mexico,North America,16378,4369,1.7518881374425896
2019-03-25,Canada,North America,14643,4024,0.47827002489443027
2019-03-25,India,Asia,12591,7277,1.1858493741773248
2019-03-25,Australia,Oceania,12572,4391,1.2185951110884818
2019-03-25,China,Asia,11050,4771,2.537661147202701
2019-03-25,New Zealand,Oceania,9041,3382,1.5838813256912172
2019-03-25,Syria,Asia,8497,3613,1.335219252762696
2019-03-25,Turkey,Asia,8421,2726,1.8890028905228091
2019-03-25,Pakistan,Asia,8362,4781,1.0423065797698956
2019-03-25,Afghanistan,Asia,7604,3117,1.3974687004089115
2019-04-01,United States,North America,235888,66149,12.040528707176053
2019-04-01,Israel,Asia,35511,8007,3.492338843420857
2019-04-01,United Kingdom,Europe,28769,8772,3.4367673976448274
2019-04-01,Mexico,North America,22975,5707,2.3615713737868433
2019-04-01,Libya,Africa,14093,4082,9.80279309020082
2019-04-01,India,Asia,13456,7734,1.3975379753924595
2019-04-01,Russia,Europe,12941,7157,3.7758317117860023
2019-04-01,Canada,North America,12299,3578,0.603598745429837
2019-04-01,Australia,Oceania,10339,3774,1.4870573154790971
2019-04-01,Pakistan,Asia,10022,5076,1.4567054862206092
2019-04-01,China,Asia,9898,4074,2.3733967415014967
2019-04-01,France,Europe,9030,3407,3.035936565182166
2019-04-01,Palestine,Asia,7759,882,0.20701327200864061
2019-04-01,Afghanistan,Asia,7267,3107,1.4651423178785365
2019-04-01,Venezuela,South America,7074,2694,2.9698424119748217
2019-04-08,United States,North America,253079,67716,14.209403504887614
2019-04-08,United Kingdom,Europe,57028,15810,9.888105164082742
2019-04-08,Israel,Asia,40141,7307,3.091330173664171
2019-04-08,Libya,Africa,17783,5832,9.38392041328997
2019-04-08,Russia,Europe,17477,8096,4.129191164866847
2019-04-08,India,Asia,15053,8335,2.0655705763598524
2019-04-08,Sudan,Africa,14923,5845,10.263003792973603
2019-04-08,Australia,Oceania,14280,4926,1.753311619075319
2019-04-08,Ecuador,South America,13038,3627,1.8721195525320458
2019-04-08,Sweden,Europe,12943,3719,3.4850252442497434
2019-04-08,Canada,North America,12395,3235,0.4109605804334832
2019-04-08,Afghanistan,Asia,10542,4015,1.7417739770060816
2019-04-08,Mexico,North America,9636,3584,0.9708517841097274
2019-04-08,Ukraine,Europe,8535,4090,1.309456712037321
2019-04-08,China,Asia,8424,3509,2.1130877679112428
2019-04-15,United States,North America,243019,63613,13.266156691559724
2019-04-15,France,Europe,40572,7592,8.235539756900595
2019-04-15,United Kingdom,Europe,36855,11730,6.59921335838483
2019-04-15,Israel,Asia,25668,5336,2.5734578572857343
2019-04-15,Russia,Europe,22348,8534,4.650609419201378
2019-04-15,Sri Lanka,Asia,16091,3652,5.189691302104269
2019-04-15,Canada,North America,13399,3403,0.7694512848384103
2019-04-15,India,Asia,12755,7814,1.093995274966209
2019-04-15,Ireland,Europe,10723,2789,2.0109460148454237
2019-04-15,Libya,Africa,9851,4478,6.115254393675372
2019-04-15,Australia,Oceania,9787,3420,0.8657764340861551
2019-04-15,Mexico,North America,8593,3443,1.3821392737389095
2019-04-15,Pakistan,Asia,8127,4473,1.3585358533301126
2019-04-15,China,Asia,7733,3191,1.7570325815546604
2019-04-15,Ukraine,Europe,7084,3998,1.2821130616746468
2019-04-22,United States,North America,250208,66744,15.566008288667181
2019-04-22,Sri Lanka,Asia,77498,20616,20.903932149024218
2019-04-22,United Kingdom,Europe,30031,10247,4.570683473058462
2019-04-22,Israel,Asia,24280,4678,1.773854152884175
2019-04-22,Russia,Europe,16700,8278,4.051651463966385
2019-04-22,Australia,Oceania,14226,3559,0.8632992608994555
2019-04-22,India,Asia,13487,7828,1.106244413873579
2019-04-22,Mexico,North America,13308,4315,1.4078453935433235
2019-04-22,Canada,North America,10639,3198,0.3503079606138569
2019-04-22,Iran,Asia,10047,3760,1.612813854583142
2019-04-22,Turkey,Asia,9400,3356,2.100246561397915
2019-04-22,China,Asia,9217,4216,2.230390668047597
2019-04-22,New Zealand,Oceania,9110,2344,0.8851362506844519
2019-04-22,Syria,Asia,8922,3620,2.506405589424401
2019-04-22,Saudi Arabia,Asia,8458,3031,1.5800335863390491
2019-04-29,United States,North America,265493,71474,14.361168760587375
2019-04-29,Israel,Asia,92623,15355,14.857082581156039
2019-04-29,United Kingdom,Europe,32568,9633,5.445399422653668
2019-04-29,Venezuela,South America,23827,7959,9.46582870364114
2019-04-29,Russia,Europe,21485,7775,3.8686490836144167
2019-04-29,India,Asia,16348,9768,1.4057845747315665
2019-04-29,Australia,Oceania,14842,4075,0.958083062697
2019-04-29,Sri Lanka,Asia,12764,5993,3.685261288703488
2019-04-29,Canada,North America,11451,3791,0.5976414674843573
2019-04-29,China,Asia,11436,4677,2.4412284936884716
2019-04-29,France,Europe,10715,4322,3.6692288531453476
2019-04-29,Turkey,Asia,10459,3520,1.9615207393801108
2019-04-29,Mexico,North America,7551,3072,0.592810526028792
2019-04-29,Syria,Asia,7412,3418,1.8691657972227143
2019-04-29,Nigeria,Africa,7110,4893,2.214212378194016
2019-05-06,United States,North America,270611,68718,15.38706121960288
2019-05-06,Israel,Asia,49182,11954,9.229582766461483
2019-05-06,United Kingdom,Europe,24893,7567,2.4813254631912507
2019-05-06,Russia,Europe,19628,8647,5.270162932495492
2019-05-06,China,Asia,16092,5259,2.620208948967919
2019-05-06,Iran,Asia,15052,4923,3.870811261653467
2019-05-06,Pakistan,Asia,13749,6377,3.722538735701019
2019-05-06,Canada,North America,13368,3990,0.6936491065204031
2019-05-06,India,Asia,11381,7056,0.8521169460617868
2019-05-06,France,Europe,9431,4250,5.457494198871146
2019-05-06,Syria,Asia,8901,4294,2.8376300615366947
2019-05-06,Germany,Europe,8208,2884,1.7488029479807763
2019-05-06,Iraq,Asia,7986,2261,1.1960175628008503
2019-05-06,Australia,Oceania,7034,2779,0.7238208979946346
2019-05-06,Mexico,North America,6844,3172,1.2627505707268734
2019-05-13,United States,North America,287219,71010,19.083796945368512
2019-05-13,United Kingdom,Europe,24644,8939,3.5631346255000986
2019-05-13,Iran,Asia,23428,8028,4.037858817824034
2019-05-13,India,Asia,15434,8908,1.7056999245251896
2019-05-13,China,Asia,15159,6199,3.321461334826654
2019-05-13,Russia,Europe,14636,7472,4.092324695285932
2019-05-13,Israel,Asia,13918,6459,3.3658039409108214
2019-05-13,Canada,North America,13000,3857,0.6837973809859216
2019-05-13,Iraq,Asia,10711,3515,2.0038812196847875
2019-05-13,Australia,Oceania,9861,3394,1.1009478555081345
2019-05-13,France,Europe,9696,3953,2.5649861325543917
2019-05-13,Sri Lanka,Asia,9188,4457,4.3070821775951424
2019-05-13,Saudi Arabia,Asia,8327,3016,1.3948131109962856
2019-05-13,Syria,Asia,7880,3948,2.1817320928031902
2019-05-13,Sweden,Europe,7800,2112,1.8621442465212223
2019-05-20,United States,North America,264533,71071,17.19668090839174
2019-05-20,United Kingdom,Europe,23879,8879,4.7453199110538895
2019-05-20,Israel,Asia,21137,5193,1.771064406442284
2019-05-20,China,Asia,17890,8911,5.466573686805907
2019-05-20,Iran,Asia,16571,5734,3.346976116253676
2019-05-20,Russia,Europe,14046,7479,4.537584307011506
2019-05-20,Afghanistan,Asia,13861,3296,1.0903530558559875
2019-05-20,Iraq,Asia,13741,3524,1.6666341842997616
2019-05-20,India,Asia,13405,7338,1.9196873663431167
2019-05-20,Canada,North America,11597,3166,0.8035002565512986
2019-05-20,Indonesia,Asia,11493,4205,5.01345824931062
2019-05-20,Syria,Asia,10806,5285,4.066003621511664
2019-05-20,France,Europe,10419,3999,3.929903015184066
2019-05-20,South Africa,Africa,8886,2825,3.0735905317272527
2019-05-20,Australia,Oceania,8301,3101,1.0189361958722667
2019-05-27,United States,North America,226629,59993,14.987357446948465
2019-05-27,Israel,Asia,33745,7270,3.7853456008270174
2019-05-27,United Kingdom,Europe,19493,7294,3.5726703506261113
2019-05-27,Russia,Europe,18026,7633,5.474046755974734
2019-05-27,China,Asia,16793,6817,4.500089041497604
2019-05-27,France,Europe,15390,4766,4.454800811220453
2019-05-27,Syria,Asia,14589,6147,5.466634725672309
2019-05-27,Mexico,North America,12182,3759,1.323806374470259
2019-05-27,Canada,North America,11203,3440,0.5199403025400486
2019-05-27,India,Asia,9727,6225,0.9597653268878857
2019-05-27,Japan,Asia,9505,2388,1.2910638090019877
2019-05-27,Iran,Asia,9036,3935,1.9435465539235817
2019-05-27,Serbia,Europe,8196,1828,3.555105637278246
2019-05-27,Turkey,Asia,8046,2695,1.5916107099223051
2019-05-27,Australia,Oceania,7981,3005,0.7685911304321146
2019-06-03,United States,North America,240643,66001,14.550971022343473
2019-06-03,United Kingdom,Europe,31762,10024,4.949137566858491
2019-06-03,Israel,Asia,22182,4248,1.740616604047683
2019-06-03,Australia,Oceania,19365,4926,2.3894845992625937
2019-06-03,Sudan,Africa,18575,6021,9.655512546312314
2019-06-03,China,Asia,18160,7904,5.147922548272626
2019-06-03,Russia,Europe,16998,8304,7.2667348167684915
2019-06-03,Canada,North America,14666,4046,0.7896529211171691
2019-06-03,Mexico,North America,14565,4912,1.9199122104167798
2019-06-03,Germany,Europe,12387,4022,2.9561364631609237
2019-06-03,France,Europe,12321,4619,2.64279138673471
2019-06-03,Syria,Asia,10669,4627,5.168977222865001
2019-06-03,India,Asia,10295,6153,1.3011329926072093
2019-06-03,Ukraine,Europe,6873,4238,1.746628997512181
2019-06-03,Iran,Asia,6225,2584,1.283612652132357
2019-06-10,United States,North America,216327,60938,11.073890632855756
2019-06-10,Israel,Asia,30172,5805,3.4785921676388374
2019-06-10,United Kingdom,Europe,27007,8770,4.19594161702973
2019-06-10,Iran,Asia,23680,7267,4.4886528886032275
2019-06-10,India,Asia,16506,9097,2.0623645505329864
2019-06-10,Russia,Europe,16478,8483,7.11862458694804
2019-06-10,China,Asia,15444,6535,6.560072118017421
2019-06-10,Canada,North America,9430,3216,0.6521355981805337
2019-06-10,Mexico,North America,8800,4146,1.7909030639894645
2019-06-10,Australia,Oceania,8088,3255,0.9368730328754644
2019-06-10,Hong Kong,Asia,7498,2326,3.407922788433054
2019-06-10,Syria,Asia,6488,3393,2.277546568142455
2019-06-10,Turkey,Asia,6411,2408,1.592971296507701
2019-06-10,Saudi Arabia,Asia,6411,2748,1.7290976360322077
2019-06-10,France,Europe,6354,3132,2.5974840027142116
2019-06-17,United States,North America,249219,67609,15.960001017156296
2019-06-17,Iran,Asia,98121,18226,15.593363378671235
2019-06-17,Israel,Asia,21670,4327,1.5423153879292142
2019-06-17,Russia,Europe,21616,10564,7.643828014136201
2019-06-17,United Kingdom,Europe,19196,7722,3.61711949495865
2019-06-17,Saudi Arabia,Asia,15867,3953,2.2112281937942657
2019-06-17,China,Asia,14629,5854,3.6860331414949012
2019-06-17,Iraq,Asia,13741,2765,0.9129785135972657
2019-06-17,India,Asia,12951,7475,1.3510805772091194
2019-06-17,Canada,North America,12500,3672,0.6365021326795368
2019-06-17,Ukraine,Europe,10614,5036,1.7366713814128176
2019-06-17,Egypt,Africa,9991,3556,2.731394960429569
2019-06-17,Syria,Asia,8680,3558,3.3597895396962905
2019-06-17,Ethiopia,Africa,8246,1692,2.4073986618610657
2019-06-17,Turkey,Asia,7855,3144,2.2970394703371353
2019-06-24,United States,North America,274439,71072,16.256245347276064
2019-06-24,Iran,Asia,40438,11240,8.648046835629911
2019-06-24,Israel,Asia,28546,6044,2.5857071947100696
2019-06-24,Russia,Europe,18420,8872,6.0060730650419
2019-06-24,United Kingdom,Europe,16822,7140,2.070661285541821
2019-06-24,China,Asia,13573,5436,5.315903815552815
2019-06-24,Canada,North America,13158,3399,0.6221524623443021
2019-06-24,India,Asia,12824,7478,1.1174061170777747
2019-06-24,Mexico,North America,10244,3799,1.4885791647762192
2019-06-24,France,Europe,9579,3714,2.880676666360146
2019-06-24,Iraq,Asia,8525,1958,0.921121686897292
2019-06-24,Germany,Europe,8479,3270,1.9941332248858248
2019-06-24,Ethiopia,Africa,8275,3879,5.775299843936246
2019-06-24,Turkey,Asia,8073,3127,2.219866387797046
2019-06-24,Saudi Arabia,Asia,8035,2485,1.365037279526251
2019-07-01,United States,North America,178550,52682,11.804624328485884
2019-07-01,Israel,Asia,24872,6023,2.799101962446087
2019-07-01,United Kingdom,Europe,17937,7422,2.6712323976389336
2019-07-01,Russia,Europe,16770,8031,5.036953167268255
2019-07-01,Libya,Africa,15384,4501,7.2301502040373835
2019-07-01,Iraq,Asia,15068,1895,0.9690642041706956
2019-07-01,Iran,Asia,13874,5200,2.8481135970652836
2019-07-01,China,Asia,11539,5437,4.30903534703879
2019-07-01,India,Asia,11283,6925,1.429242135011928
2019-07-01,Syria,Asia,10845,4562,3.3829386125815173
2019-07-01,Italy,Europe,8971,3507,2.805531934497747
2019-07-01,Canada,North America,8809,2868,0.49233063299850666
2019-07-01,Australia,Oceania,8753,3105,1.0637145812046909
2019-07-01,Turkey,Asia,8405,2793,2.12141633326578
2019-07-01,Germany,Europe,7861,2865,1.956563717467984
2019-07-08,United States,North America,212041,61640,15.458473405392855
2019-07-08,United Kingdom,Europe,33270,9504,5.720325632110247
2019-07-08,Israel,Asia,24628,4943,2.163902442190729
2019-07-08,Russia,Europe,15507,7890,5.5272796787801255
2019-07-08,Iran,Asia,14786,5728,3.3925609952007023
2019-07-08,China,Asia,12643,5035,3.562496454722426
2019-07-08,Canada,North America,12630,3448,0.6123361340890131
2019-07-08,India,Asia,10254,6416,0.92312592433789
2019-07-08,Syria,Asia,8644,4091,4.097182323264318
2019-07-08,Mexico,North America,7678,3139,1.4288071649771865
2019-07-08,Turkey,Asia,7455,3152,2.1598978224831846
2019-07-08,Nigeria,Africa,7189,4673,2.5958082821546427
2019-07-08,Afghanistan,Asia,6969,3007,1.2830331242438884
2019-07-08,Somalia,Africa,6686,2378,5.168585014558249
2019-07-08,Germany,Europe,6686,2873,2.5574223166209333
2019-07-15,United States,North America,205622,63015,18.08142920893168
2019-07-15,United Kingdom,Europe,31819,10185,5.556572410241674
2019-07-15,Iran,Asia,31387,9607,5.618281533069205
2019-07-15,Israel,Asia,28994,4636,1.7294443230629628
2019-07-15,Mexico,North America,19418,5429,2.9189548558636966
2019-07-15,Russia,Europe,14578,7916,4.46802006678789
2019-07-15,India,Asia,14377,8056,1.1620013989699156
2019-07-15,Turkey,Asia,13756,6034,4.920036339473248
2019-07-15,China,Asia,12285,4497,3.902213349154357
2019-07-15,Pakistan,Asia,12169,5286,1.953975979820568
2019-07-15,Canada,North America,10043,2835,0.5900393404875343
2019-07-15,Ukraine,Europe,8100,4866,1.9457845551401942
2019-07-15,Afghanistan,Asia,7669,3230,1.8754976764808053
2019-07-15,Australia,Oceania,7176,2821,0.7471848090901911
2019-07-15,Palestine,Asia,6804,491,0.20486528127460069
2019-07-22,United States,North America,197057,59240,14.571979537448557
2019-07-22,Russia,Europe,36006,12082,9.961159690713648
2019-07-22,Israel,Asia,34751,7321,3.6847649722402767
2019-07-22,United Kingdom,Europe,31590,10445,5.584195175459955
2019-07-22,Iran,Asia,16568,6536,4.307708555838921
2019-07-22,Mexico,North America,15954,4052,1.182062689060856
2019-07-22,Canada,North America,14367,4124,0.8489422478803882
2019-07-22,China,Asia,12392,5295,5.767018202592272
2019-07-22,Australia,Oceania,11882,3607,0.9788934083785404
2019-07-22,Nigeria,Africa,10824,6200,4.060616605082075
2019-07-22,Syria,Asia,10668,4958,3.6987780211538452
2019-07-22,Turkey,Asia,10232,4111,2.5256112400034705
2019-07-22,India,Asia,10068,6466,0.9350878660445898
2019-07-22,Italy,Europe,8523,2502,1.8102115941197863
2019-07-22,South Korea,Asia,8288,2971,2.4019267808320643
2019-07-29,United States,North America,350658,74689,23.37447414863573
2019-07-29,Russia,Europe,26164,11275,9.590851869799753
2019-07-29,Israel,Asia,25572,5308,2.0269567867262657
2019-07-29,United Kingdom,Europe,20568,8442,4.18348805754725
2019-07-29,Mexico,North America,18164,4971,2.5392517064337192
2019-07-29,India,Asia,16463,9089,1.8841441477430647
2019-07-29,Brazil,South America,12555,4038,3.439900794767197
2019-07-29,China,Asia,12173,6073,4.2833289232871214
2019-07-29,Canada,North America,11875,3872,0.6085920711997223
2019-07-29,Iran,Asia,10986,4922,2.867697246914505
2019-07-29,Afghanistan,Asia,10613,3677,1.9131463546055196
2019-07-29,Pakistan,Asia,9904,4360,1.32959369060908
2019-07-29,Nigeria,Africa,9038,5547,4.055544078045226
2019-07-29,North Korea,Asia,8466,1871,1.9646352281853776
2019-07-29,Hong Kong,Asia,8247,2727,2.659197777223813
2019-08-05,United States,North America,394282,88860,28.97861906347881
2019-08-05,Israel,Asia,40809,7428,4.52248829923643
2019-08-05,Mexico,North America,24290,5975,2.013321365698611
2019-08-05,United Kingdom,Europe,21710,7090,2.4419690396006155
2019-08-05,India,Asia,18361,10528,2.550045866188015
2019-08-05,Russia,Europe,18117,9534,7.606052962182646
2019-08-05,Canada,North America,13329,3553,0.607842914676478
2019-08-05,China,Asia,12574,5228,3.6210344833423243
2019-08-05,Pakistan,Asia,11715,5202,1.9206968555132105
2019-08-05,Hong Kong,Asia,8265,2670,2.78256932649055
2019-08-05,Syria,Asia,8106,3517,2.248498693880582
2019-08-05,Australia,Oceania,7683,2951,0.5178997050867206
2019-08-05,Nigeria,Africa,7673,5068,2.447451589516986
2019-08-05,Venezuela,South America,7201,2679,2.345083756260802
2019-08-05,Palestine,Asia,6504,916,0.2613368277041316
2019-08-12,United States,North America,248979,67442,16.253516984984227
2019-08-12,Israel,Asia,52631,10654,7.143708865642212
2019-08-12,United Kingdom,Europe,25782,8215,3.9817646046757367
2019-08-12,China,Asia,19191,7260,7.412082115195102
2019-08-12,Hong Kong,Asia,18323,4432,5.071926663587497
2019-08-12,India,Asia,15942,8062,3.2089996576468387
2019-08-12,Russia,Europe,14552,7481,6.376685122633549
2019-08-12,Canada,North America,13544,3487,0.821734122396584
2019-08-12,Pakistan,Asia,11941,4915,2.0446632769403106
2019-08-12,Australia,Oceania,11280,3849,1.1967223459984788
2019-08-12,Afghanistan,Asia,10284,2973,2.2924017140277417
2019-08-12,Syria,Asia,9029,4093,3.867614427379895
2019-08-12,Iran,Asia,8320,2845,1.5678992086829857
2019-08-12,Mexico,North America,7476,3246,1.2833914417425878
2019-08-12,Nigeria,Africa,5999,4224,1.9882294114621437
2019-08-19,United States,North America,223772,62438,13.465762407488706
2019-08-19,Israel,Asia,33143,9156,4.496065327811868
2019-08-19,China,Asia,19217,6963,5.946468181163457
2019-08-19,United Kingdom,Europe,18525,7661,2.65530090345714
2019-08-19,Russia,Europe,17926,8182,5.699592835557728
2019-08-19,India,Asia,15198,8359,1.5362814130841123
2019-08-19,Syria,Asia,14362,6129,4.053901911130529
2019-08-19,France,Europe,12526,4478,2.831228153692059
2019-08-19,Australia,Oceania,11261,3387,1.7020822353074294
2019-08-19,Brazil,South America,11054,4693,5.008796493827234
2019-08-19,Canada,North America,10577,3208,0.6587554866043721
2019-08-19,Iran,Asia,9426,3887,2.2897169316155828
2019-08-19,Hong Kong,Asia,8444,2456,2.919567889773271
2019-08-19,Turkey,Asia,8077,3625,2.2772784494444784
2019-08-19,Pakistan,Asia,7210,3980,0.9364964126594139
2019-08-26,United States,North America,227242,62627,16.4648813770261
2019-08-26,Israel,Asia,45711,11441,6.620980789513195
2019-08-26,United Kingdom,Europe,23739,8667,6.513815583604217
2019-08-26,China,Asia,17810,7351,5.852711214483572
2019-08-26,Russia,Europe,14884,8070,7.676963025876571
2019-08-26,India,Asia,13269,7673,1.1704500908149502
2019-08-26,Hong Kong,Asia,12887,3698,5.171614944800684
2019-08-26,Iran,Asia,11752,4675,1.6653250959323858
2019-08-26,Syria,Asia,10672,5466,3.8965723261477567
2019-08-26,Afghanistan,Asia,10180,4012,2.1064627264936324
2019-08-26,Mexico,North America,10026,3849,1.6790883055671144
2019-08-26,Canada,North America,9716,2544,0.37771225908481526
2019-08-26,Brazil,South America,8677,4525,5.317291100680735
2019-08-26,France,Europe,7929,3489,2.059805669090163
2019-08-26,Pakistan,Asia,6877,3790,0.8365157456540577
2019-09-02,United States,North America,231274,59624,17.05618190152341
2019-09-02,United Kingdom,Europe,25972,9313,7.000498952082471
2019-09-02,Afghanistan,Asia,23045,6680,4.222181334644212
2019-09-02,Israel,Asia,19473,7499,5.090015119720589
2019-09-02,Russia,Europe,16790,8798,7.802822910769086
2019-09-02,China,Asia,13898,5622,4.802215092286903
2019-09-02,India,Asia,12152,7119,1.3028686904191378
2019-09-02,South Africa,Africa,10303,6605,4.849865130103998
2019-09-02,Canada,North America,10041,2707,0.4410488555341768
2019-09-02,Ukraine,Europe,8583,4612,2.8645861559545254
2019-09-02,Nigeria,Africa,7712,5486,3.8494447817528297
2019-09-02,Turkey,Asia,7649,2356,1.8609299492279117
2019-09-02,Hong Kong,Asia,7463,2609,2.9676868592382344
2019-09-02,Australia,Oceania,7390,2600,0.5834785906466562
2019-09-02,Bahamas,North America,7361,1260,1.4843857666474527
2019-09-09,United States,North America,222526,62656,13.083118520871146
2019-09-09,United Kingdom,Europe,24970,8893,6.007410621481338
2019-09-09,Afghanistan,Asia,19938,5859,4.756652635501706
2019-09-09,Saudi Arabia,Asia,16847,4010,4.216599496586143
2019-09-09,Iran,Asia,16712,4834,2.7593784499313467
2019-09-09,Israel,Asia,15167,7769,3.8733538237614464
2019-09-09,Russia,Europe,14683,7747,5.186933378554196
2019-09-09,India,Asia,11160,7007,0.9896516074481443
2019-09-09,Pakistan,Asia,10353,4235,1.3169650423984747
2019-09-09,China,Asia,9888,4072,2.928496282144863
2019-09-09,Canada,North America,9754,2860,0.4669243464565156
2019-09-09,Australia,Oceania,9020,3391,1.0942322714102115
2019-09-09,Mexico,North America,7938,3109,1.2878859989334426
2019-09-09,Turkey,Asia,7915,2519,2.2249465076923394
2019-09-09,Nigeria,Africa,6760,4695,1.1153468357677707
2019-09-16,United States,North America,197616,60114,15.177815199644964
2019-09-16,Iran,Asia,32300,10820,8.993413756374608
2019-09-16,Saudi Arabia,Asia,23881,8471,5.6402329671189575
2019-09-16,United Kingdom,Europe,16969,7035,3.2481662781433047
2019-09-16,Russia,Europe,14477,7928,5.98897216430678
2019-09-16,India,Asia,11848,6834,1.0322736921124311
2019-09-16,Afghanistan,Asia,11596,4936,3.53663170170811
2019-09-16,Canada,North America,10993,3325,0.6203395917994177
2019-09-16,Israel,Asia,10395,5217,2.369197630812162
2019-09-16,China,Asia,8823,4130,3.90094204383904
2019-09-16,Ukraine,Europe,8156,4213,1.268062387553019
2019-09-16,Australia,Oceania,7573,3095,0.9168412997506636
2019-09-16,Yemen,Asia,6912,2380,2.0102153365931597
2019-09-16,France,Europe,6422,2917,2.961659147130191
2019-09-16,Pakistan,Asia,6210,3791,1.2670655457870355
2019-09-23,United States,North America,197793,59338,16.076213805385102
2019-09-23,United Kingdom,Europe,23532,7907,5.840369262444783
2019-09-23,Ukraine,Europe,20441,7161,3.443249276223657
2019-09-23,Iran,Asia,14710,5297,2.966165114904926
2019-09-23,Russia,Europe,12592,6485,4.542763519597419
2019-09-23,Afghanistan,Asia,12385,4330,2.8295431359648915
2019-09-23,China,Asia,12254,5121,5.030773484051915
2019-09-23,India,Asia,12211,7413,1.226518382483957
2019-09-23,Saudi Arabia,Asia,11939,4144,3.0166865543526384
2019-09-23,Israel,Asia,11672,4474,2.3889648185475814
2019-09-23,Canada,North America,11089,3377,0.6096285912999417
2019-09-23,Indonesia,Asia,10635,4551,4.319149242939851
2019-09-23,Pakistan,Asia,8345,4305,1.587192577025181
2019-09-23,Syria,Asia,8216,2280,1.1692379005015925
2019-09-23,Germany,Europe,7956,2412,1.6077216196534092
2019-09-30,United States,North America,251879,60656,16.513333550882628
2019-09-30,Iraq,Asia,29183,8097,10.025873780916507
2019-09-30,China,Asia,24114,7852,8.794821861437876
2019-09-30,United Kingdom,Europe,18078,7654,4.084252216918737
2019-09-30,Hong Kong,Asia,17537,5061,6.805139706154721
2019-09-30,Ukraine,Europe,14202,5907,2.735870800232547
2019-09-30,India,Asia,13340,7426,1.1108421490917832
2019-09-30,Canada,North America,12591,3677,0.4822836172932136
2019-09-30,France,Europe,11980,4339,5.1042660041905865
2019-09-30,Russia,Europe,10959,6419,4.749047424110136
2019-09-30,Australia,Oceania,10483,3605,1.0354448948686126
2019-09-30,Iran,Asia,8913,3663,2.235369538734142
2019-09-30,Saudi Arabia,Asia,7983,3905,1.8711092488635708
2019-09-30,Turkey,Asia,7431,2886,3.2013288154642945
2019-09-30,Israel,Asia,6722,3936,1.4844785489336791
2019-10-07,United States,North America,231984,64486,14.045388170316915
2019-10-07,Turkey,Asia,99190,29322,24.080522596267386
2019-10-07,Syria,Asia,76368,20178,12.504700361805638
2019-10-07,United Kingdom,Europe,29313,8713,2.4834809460396077
2019-10-07,Ukraine,Europe,15520,6066,2.441604673388435
2019-10-07,Germany,Europe,13345,4793,2.9251093207711976
2019-10-07,Russia,Europe,12994,7006,3.6003176517565274
2019-10-07,China,Asia,12871,5610,2.9125119057337443
2019-10-07,India,Asia,10468,6504,1.0318628626997366
2019-10-07,Canada,North America,10316,3076,0.5053854666568851
2019-10-07,Ecuador,South America,10219,3993,5.900957512201607
2019-10-07,Iraq,Asia,8428,3482,3.0935270123668968
2019-10-07,Mexico,North America,7522,2713,0.8666811653589372
2019-10-07,France,Europe,7482,3377,1.8714413765979396
2019-10-07,Iran,Asia,7088,3272,1.1821097723141558
2019-10-14,United States,North America,231813,61867,12.922198200400603
2019-10-14,Turkey,Asia,75911,24917,19.332945692047
2019-10-14,Syria,Asia,64760,19883,10.79169234645029
2019-10-14,Spain,Europe,29076,10441,13.546740953427323
2019-10-14,United Kingdom,Europe,23948,8994,3.086365034332576
2019-10-14,Russia,Europe,18358,8224,4.534156131189111
2019-10-14,Mexico,North America,18189,7155,4.306063860917996
2019-10-14,India,Asia,14075,8210,1.2023385560977404
2019-10-14,Ukraine,Europe,8952,4527,1.089125991530715
2019-10-14,Australia,Oceania,8422,2831,0.6617319540967823
2019-10-14,China,Asia,8160,4030,2.2322883033462766
2019-10-14,Canada,North America,7970,2653,0.3803114161442865
2019-10-14,France,Europe,7811,3596,2.0380729195554936
2019-10-14,Pakistan,Asia,6964,3424,0.9254606285446838
2019-10-14,Afghanistan,Asia,6478,2738,1.5682768462302772
2019-10-21,United States,North America,189392,58280,11.907373643348754
2019-10-21,United Kingdom,Europe,42325,11891,7.52036248173689
2019-10-21,Syria,Asia,38272,12676,7.82275879185916
2019-10-21,Turkey,Asia,31203,11307,7.933236667915037
2019-10-21,Iraq,Asia,23787,6804,6.7352206419147205
2019-10-21,Russia,Europe,21422,9698,5.65339750898861
2019-10-21,Canada,North America,12052,3318,0.5827000094710714
2019-10-21,Ukraine,Europe,10734,4386,1.2155338272653622
2019-10-21,China,Asia,10355,4747,3.0004251287737236
2019-10-21,India,Asia,10082,6398,0.837386429507981
2019-10-21,Israel,Asia,9775,3850,1.0638086264721276
2019-10-21,Spain,Europe,9147,3441,3.5515965566084553
2019-10-21,Australia,Oceania,9079,3294,0.7856522944487078
2019-10-21,Chile,South America,8992,3426,5.778628820309038
2019-10-21,Mexico,North America,7398,3378,1.3897529533213593
2019-10-28,United States,North America,204459,61085,15.313810779238194
2019-10-28,Syria,Asia,27854,11250,6.5927494840787
2019-10-28,United Kingdom,Europe,19765,8427,3.9132097143416105
2019-10-28,Iraq,Asia,18779,6290,8.066344762463036
2019-10-28,Russia,Europe,17661,8115,5.55791536182013
2019-10-28,Israel,Asia,16997,6163,4.067809571066765
2019-10-28,Turkey,Asia,16917,7016,5.433795135973596
2019-10-28,Ukraine,Europe,11284,4390,1.2332058637377568
2019-10-28,Canada,North America,9995,2772,0.44832110496076477
2019-10-28,Australia,Oceania,9563,3343,0.9730905774026979
2019-10-28,China,Asia,9216,3886,2.51430992906297
2019-10-28,India,Asia,9106,5512,0.9593615663321432
2019-10-28,Pakistan,Asia,7126,3477,1.192241883553533
2019-10-28,France,Europe,6917,3076,2.292433081311838
2019-10-28,Hong Kong,Asia,5547,1559,1.9667814461300754
2019-11-04,United States,North America,189706,58146,14.092373512138382
2019-11-04,Mexico,North America,31018,8348,3.8295552447724055
2019-11-04,United Kingdom,Europe,19846,7777,2.8971327295872604
2019-11-04,Iraq,Asia,19281,6549,7.115759150706267
2019-11-04,Turkey,Asia,13218,5725,4.34404423210941
2019-11-04,Russia,Europe,12758,7307,4.758437386814835
2019-11-04,India,Asia,12742,6736,1.7870298332424104
2019-11-04,Australia,Oceania,11531,3453,1.0842012969005086
2019-11-04,Iran,Asia,11485,3779,2.1741182037453433
2019-11-04,China,Asia,11389,4105,2.864512373745096
2019-11-04,Ukraine,Europe,11320,4710,1.5332313465709348
2019-11-04,Syria,Asia,11238,5056,2.652163613176679
2019-11-04,Canada,North America,10550,3527,0.5096073140627172
2019-11-04,France,Europe,7234,3324,2.910498164798817
2019-11-04,Israel,Asia,6885,3789,1.1627392293814391
2019-11-11,United States,North America,212159,59350,13.14964752815117
2019-11-11,Israel,Asia,57697,17168,13.871675057795258
2019-11-11,Hong Kong,Asia,21667,5541,8.8119323002484
2019-11-11,Russia,Europe,19954,8630,5.820548573115487
2019-11-11,United Kingdom,Europe,19372,7184,3.2796429643102107
2019-11-11,Ukraine,Europe,17901,6287,1.7379299543004083
2019-11-11,China,Asia,17238,6158,5.871621196600411
2019-11-11,Australia,Oceania,16483,5667,1.8708420204771927
2019-11-11,Turkey,Asia,15718,5801,3.4930157829916433
2019-11-11,Syria,Asia,14606,4731,2.1754300827803843
2019-11-11,Bolivia,South America,11744,4807,6.553153554999075
2019-11-11,Mexico,North America,9476,3686,1.4695725058013727
2019-11-11,France,Europe,8115,3976,3.0259902168014365
2019-11-11,India,Asia,8102,5242,0.9204436507571777
2019-11-11,Canada,North America,7882,2897,0.3274990445845174
2019-11-18,United States,North America,197006,59438,11.333279589361211
2019-11-18,United Kingdom,Europe,27515,8576,3.6060540350029546
2019-11-18,Israel,Asia,24497,9333,5.210990822442871
2019-11-18,China,Asia,15652,5962,4.309973726343172
2019-11-18,Iraq,Asia,15021,4210,5.845571699066206
2019-11-18,Ukraine,Europe,14706,5995,2.0964969820201955
2019-11-18,Hong Kong,Asia,13677,4005,4.5874175174007865
2019-11-18,Russia,Europe,12790,7182,4.077458113770744
2019-11-18,Iran,Asia,11974,5767,3.858058097790122
2019-11-18,Syria,Asia,10836,4373,2.541429540978615
2019-11-18,Australia,Oceania,10017,3407,1.2389146686988646
2019-11-18,Turkey,Asia,8328,3210,2.2299039116713293
2019-11-18,Afghanistan,Asia,8119,2525,1.1373483094891346
2019-11-18,India,Asia,7729,5009,0.7973709515654321
2019-11-18,Canada,North America,7464,2991,0.4536880633944338
2019-11-25,United States,North America,144418,44019,10.557420259514432
2019-11-25,United Kingdom,Europe,53721,12787,11.984631459704195
2019-11-25,Iraq,Asia,25241,8947,10.80769058652178
2019-11-25,Israel,Asia,14137,7320,2.897061691136644
2019-11-25,China,Asia,13598,5009,3.511577919050798
2019-11-25,India,Asia,12505,6812,1.1626727434366566
2019-11-25,Iran,Asia,11590,5419,3.6399140885381724
2019-11-25,Russia,Europe,10948,5845,4.0223072620410445
2019-11-25,Mexico,North America,10025,3629,1.8800161958023216
2019-11-25,France,Europe,9418,4155,4.002043263332674
2019-11-25,Australia,Oceania,8749,3142,1.0451173209724607
2019-11-25,Turkey,Asia,8476,3239,2.1297321617892635
2019-11-25,Canada,North America,7638,2810,0.5937734411911674
2019-11-25,Ukraine,Europe,7203,3790,1.3407552891807004
2019-11-25,Hong Kong,Asia,6198,1629,2.0414779588311447
2019-12-02,United States,North America,212923,59934,19.089245788394244
2019-12-02,United Kingdom,Europe,33889,10354,5.161399998409788
2019-12-02,India,Asia,25492,11956,6.23711071028107
2019-12-02,Russia,Europe,17855,8944,6.040235605114177
2019-12-02,Ukraine,Europe,16139,5025,1.9856969680237355
2019-12-02,Iran,Asia,15755,5442,3.4640548312640314
2019-12-02,France,Europe,12254,4580,4.256864484745802
2019-12-02,Saudi Arabia,Asia,11142,2673,1.1257810567729076
2019-12-02,Canada,North America,10190,3531,0.44499329739268423
2019-12-02,Australia,Oceania,9967,3723,1.0350437871464047
2019-12-02,China,Asia,9487,4648,2.8648795391141855
2019-12-02,Turkey,Asia,9353,3404,2.2364550753630597
2019-12-02,Israel,Asia,8990,5043,1.9711289726561283
2019-12-02,Mexico,North America,7990,3561,1.6255422931453105
2019-12-02,Syria,Asia,7711,2942,2.7540211842755493
2019-12-09,United States,North America,192155,60647,17.793273947930288
2019-12-09,United Kingdom,Europe,23208,7655,4.55306262626706
2019-12-09,India,Asia,20982,11307,3.1202895404502597
2019-12-09,Russia,Europe,17735,8390,5.2557548235418
2019-12-09,Ukraine,Europe,16028,5927,2.803383149740682
2019-12-09,China,Asia,11299,4316,2.601038605306406
2019-12-09,Germany,Europe,9815,2823,1.9331420558079684
2019-12-09,Saudi Arabia,Asia,8976,2289,0.875559644587386
2019-12-09,Canada,North America,8569,2847,0.4889196678543255
2019-12-09,Israel,Asia,8154,4084,1.5739602199861218
2019-12-09,Bailiwick of Jersey,Europe,7623,816,0.1939370975756326
2019-12-09,Turkey,Asia,7589,3110,2.2641151955893744
2019-12-09,Australia,Oceania,7151,2934,0.932477622242694
2019-12-09,Afghanistan,Asia,6869,3309,1.7894375620457295
2019-12-09,France,Europe,6869,3316,3.1488004858996947
2019-12-16,United States,North America,190090,58303,15.537670010659056
2019-12-16,India,Asia,46342,19553,12.195868344903724
2019-12-16,United Kingdom,Europe,29314,7637,4.375601385108714
2019-12-16,Russia,Europe,20601,8677,6.547854351771969
2019-12-16,Australia,Oceania,15647,5008,2.4736279353440427
2019-12-16,Ukraine,Europe,14353,5860,3.2048717568410905
2019-12-16,Pakistan,Asia,11401,5441,2.868955756460748
2019-12-16,China,Asia,11038,4600,3.321429160560281
2019-12-16,Canada,North America,9447,3058,0.5468810124721409
2019-12-16,Syria,Asia,9342,3949,3.542625335240949
2019-12-16,Turkey,Asia,8954,3313,2.3862735899846177
2019-12-16,France,Europe,8504,3662,4.271260144099433
2019-12-16,Israel,Asia,7765,4610,1.5124259942452132
2019-12-16,Germany,Europe,7334,2621,1.3112534924706718
2019-12-16,Mexico,North America,5000,2480,0.9235959615353385
2019-12-23,United States,North America,136521,40977,13.356899977167375
2019-12-23,Saudi Arabia,Asia,17068,4315,5.803602682656821
2019-12-23,Russia,Europe,16703,7961,6.457528871534768
2019-12-23,Syria,Asia,16500,5972,5.711116600345312
2019-12-23,Turkey,Asia,14478,4923,4.703348907078409
2019-12-23,Israel,Asia,14091,6099,4.241113540690172
2019-12-23,India,Asia,12940,8084,1.7035742872162034
2019-12-23,Afghanistan,Asia,12389,3803,3.1010790878735115
2019-12-23,United Kingdom,Europe,10830,4063,2.149456294905266
2019-12-23,Australia,Oceania,9312,2614,1.3323897859158553
2019-12-23,Ukraine,Europe,9300,4050,2.2700014585370414
2019-12-23,China,Asia,9099,4329,4.3767451150837635
2019-12-23,Iran,Asia,7005,3431,1.9185863606499096
2019-12-23,Iraq,Asia,6581,2873,2.794033178873635
2019-12-23,Canada,North America,5448,2067,0.40922882458690923
2019-12-30,United States,North America,89954,24205,21.760643214039735
2019-12-30,Iraq,Asia,22514,7971,19.687933888782048
2019-12-30,Iran,Asia,17296,5099,5.670555359415756
2019-12-30,China,Asia,7116,2394,6.598265113104205
2019-12-30,United Kingdom,Europe,5699,2044,1.1200448908102214
2019-12-30,Israel,Asia,5281,1804,1.0481578715653086
2019-12-30,Australia,Oceania,4916,1868,1.6534217228788457
2019-12-30,India,Asia,4037,2572,0.8570113515231395
2019-12-30,Cyprus,Europe,3529,598,0.5085310481803635
2019-12-30,Syria,Asia,3361,1139,1.7591413368339897
2019-12-30,Russia,Europe,3211,1909,2.250433108982122
2019-12-30,Kenya,Africa,2986,808,1.6080376828793808
2019-12-30,Turkey,Asia,2971,1392,2.618623162133346
2019-12-30,Canada,North America,2920,892,0.49297602314687794
2019-12-30,Afghanistan,Asia,2672,784,1.0227505078107093
2020-01-06,Iran,Asia,234010,63732,41.65152022416234
2020-01-06,United States,North America,232935,76379,18.92775348182722
2020-01-06,Iraq,Asia,86936,29004,14.63092741655711
2020-01-06,Ukraine,Europe,29270,9796,3.6214088861469986
2020-01-06,Australia,Oceania,28763,7564,3.1616774924791176
2020-01-06,United Kingdom,Europe,26358,9532,1.951026412489731
2020-01-06,Canada,North America,22337,6220,1.0169851560225587
2020-01-06,India,Asia,16356,9457,1.4382808438241725
2020-01-06,Russia,Europe,12700,5845,2.8590425147440945
2020-01-06,Israel,Asia,10394,5164,0.944062612557181
2020-01-06,Syria,Asia,9650,3333,0.9142659804483889
2020-01-06,Mexico,North America,9358,3027,0.6218760541734832
2020-01-06,France,Europe,8548,3729,1.3904386541424694
2020-01-06,Japan,Asia,7651,2452,1.551198502037935
2020-01-06,China,Asia,7517,3426,1.0249259343599206
2020-01-13,United States,North America,191245,61384,12.368739965957305
2020-01-13,Iran,Asia,61639,22567,17.830724763970707
2020-01-13,Ukraine,Europe,24290,8342,5.062871843959364
2020-01-13,Iraq,Asia,19543,7951,4.798749500649301
2020-01-13,United Kingdom,Europe,19176,7640,3.471696676173131
2020-01-13,Canada,North America,14413,4803,1.1010947411677519
2020-01-13,India,Asia,14321,8228,1.1763032702416183
2020-01-13,Russia,Europe,13496,7262,3.827175913814674
2020-01-13,Australia,Oceania,10747,3930,1.1571531253005134
2020-01-13,China,Asia,9225,3949,2.3003937566195063
2020-01-13,Israel,Asia,8462,4785,1.358997623691937
2020-01-13,Syria,Asia,8164,3528,2.4785184765776713
2020-01-13,Turkey,Asia,7838,3400,2.6938498920683838
2020-01-13,France,Europe,6566,3161,3.0324805924523135
2020-01-13,Libya,Africa,6333,2836,3.729497716719964
2020-01-20,United States,North America,195877,58767,16.833223355878975
2020-01-20,China,Asia,23922,8406,9.645039260478635
2020-01-20,United Kingdom,Europe,20872,6880,2.64565914904265
2020-01-20,Iraq,Asia,19676,6896,7.496811318094839
2020-01-20,Iran,Asia,17151,7352,3.4125422348662675
2020-01-20,Ukraine,Europe,15213,5288,2.1246756218904217
2020-01-20,Australia,Oceania,13513,3834,1.2428419735304794
2020-01-20,Russia,Europe,13407,6985,4.201766680646414
2020-01-20,Canada,North America,12615,4279,0.8355956794470509
2020-01-20,India,Asia,10389,6338,0.8895382570033005
2020-01-20,Israel,Asia,8596,4170,1.6278601335234972
2020-01-20,Germany,Europe,7545,3180,2.5576903104581183
2020-01-20,Mexico,North America,6966,3267,1.2352816606700907
2020-01-20,Nigeria,Africa,6489,4621,1.1372769117809485
2020-01-20,Syria,Asia,6048,2960,2.3794892961377894
2020-01-27,United States,North America,185997,58795,13.850202446215645
2020-01-27,China,Asia,79559,24421,20.67716006304284
2020-01-27,United Kingdom,Europe,35981,10451,6.624105628719405
2020-01-27,Israel,Asia,26559,9779,6.49286897324265
2020-01-27,India,Asia,17670,9240,1.411958033968945
2020-01-27,Russia,Europe,15032,8223,3.5157131017817367
2020-01-27,Ukraine,Europe,13439,5236,1.655121213792459
2020-01-27,Germany,Europe,10811,2879,1.3469638830667963
2020-01-27,Iraq,Asia,10641,4430,3.0658125562016982
2020-01-27,Australia,Oceania,10473,3616,1.086033109353178
2020-01-27,Iran,Asia,9016,3971,1.432333944094384
2020-01-27,Canada,North America,8827,3159,0.38959641898925845
2020-01-27,France,Europe,7632,3590,2.3986551442912076
2020-01-27,Syria,Asia,7090,4009,3.043706989062256
2020-01-27,Nigeria,Africa,6428,4364,0.8497462465764692
2020-02-03,United States,North America,206869,61993,13.923196387771775
2020-02-03,China,Asia,47196,16561,15.008767277874682
2020-02-03,United Kingdom,Europe,33266,9946,4.538787192448274
2020-02-03,Syria,Asia,19840,8854,5.2514484388326945
2020-02-03,Thailand,Asia,18562,3402,5.220464443264322
2020-02-03,Israel,Asia,17048,9133,6.894344645685618
2020-02-03,Russia,Europe,13961,7799,3.318177573611312
2020-02-03,Ukraine,Europe,13908,4892,1.7332630382399332
2020-02-03,India,Asia,13191,7783,1.1951246155805637
2020-02-03,Turkey,Asia,12946,6045,3.6589057776475604
2020-02-03,Australia,Oceania,12415,3349,0.8163854601734495
2020-02-03,Canada,North America,11198,3677,0.5932917486809443
2020-02-03,Iran,Asia,9634,4512,1.834309166741245
2020-02-03,Nigeria,Africa,8024,4843,0.8754025318257509
2020-02-03,Iraq,Asia,6697,2943,2.4301629167326952
2020-02-10,United States,North America,185198,59818,11.895942562858966
2020-02-10,United Kingdom,Europe,23270,8182,3.9620560399815696
2020-02-10,China,Asia,23005,10301,9.560338673499238
2020-02-10,Syria,Asia,21569,9602,6.976142149557147
2020-02-10,Russia,Europe,17733,8959,6.4740887547872354
2020-02-10,Turkey,Asia,12985,6570,3.915156106297005
2020-02-10,India,Asia,12188,7310,1.23550298259647
2020-02-10,Australia,Oceania,11389,3429,1.0129857503415256
2020-02-10,Iran,Asia,10049,4612,2.578026856326586
2020-02-10,Canada,North America,9749,3582,0.5473567293064949
2020-02-10,Israel,Asia,9248,5032,1.9566500561047777
2020-02-10,Mexico,North America,7012,2881,1.3050658470817105
2020-02-10,Nigeria,Africa,6671,4748,1.5194333467948025
2020-02-10,France,Europe,6266,2700,2.031299625746391
2020-02-10,Italy,Europe,6246,2339,1.4755999784462255
2020-02-17,United States,North America,181730,56822,11.302535301270407
2020-02-17,China,Asia,24816,10115,7.652045477051973
2020-02-17,United Kingdom,Europe,23943,7678,3.097327028603219
2020-02-17,Russia,Europe,22354,10814,5.837063728528742
2020-02-17,Germany,Europe,16187,5911,6.328008555554136
2020-02-17,Syria,Asia,15307,6852,5.160960617039135
2020-02-17,Turkey,Asia,14225,6628,5.458473077332044
2020-02-17,Australia,Oceania,11881,3833,1.183943432786812
2020-02-17,India,Asia,11698,6865,1.2491453016522915
2020-02-17,Ukraine,Europe,11438,6341,2.0914909476473587
2020-02-17,Canada,North America,9596,3247,0.6068660349598897
2020-02-17,Iran,Asia,9476,3924,2.353487361736
2020-02-17,Israel,Asia,9161,4453,1.6954539773169566
2020-02-17,Mexico,North America,7416,3396,2.5472934745022093
2020-02-17,Nigeria,Africa,5885,4278,1.4977554796002683
2020-02-24,United States,North America,204737,61876,18.26108172196805
2020-02-24,Syria,Asia,34655,12976,9.857247515741948
2020-02-24,Turkey,Asia,30530,13077,8.610670242006197
2020-02-24,India,Asia,28254,11260,4.233638255702231
2020-02-24,China,Asia,20324,8811,4.733853148043281
2020-02-24,Russia,Europe,19274,10125,5.066022276268261
2020-02-24,United Kingdom,Europe,18332,6753,1.8287824586280106
2020-02-24,Israel,Asia,15546,7069,2.5449894747175703
2020-02-24,Italy,Europe,13948,4859,3.045998343612406
2020-02-24,Iran,Asia,12122,4474,2.1565163409033827
2020-02-24,France,Europe,10884,3454,3.9416756858454147
2020-02-24,Canada,North America,9688,3421,0.5106478045720213
2020-02-24,Australia,Oceania,9431,3380,0.8470103536809882
2020-02-24,Mexico,North America,7576,3202,1.1968054803512245
2020-02-24,Afghanistan,Asia,6553,2138,1.2474604801269078
2020-03-02,United States,North America,171669,54961,11.1715853812832
2020-03-02,Turkey,Asia,29210,13025,10.519485899843664
2020-03-02,Syria,Asia,22410,10090,8.41777883627259
2020-03-02,United Kingdom,Europe,21625,7022,1.8257384989015841
2020-03-02,China,Asia,17323,7417,4.4661684554971615
2020-03-02,Russia,Europe,16976,9085,5.059391892418509
2020-03-02,Greece,Europe,16796,6092,4.132442794495226
2020-03-02,Afghanistan,Asia,16447,5459,4.985302284305607
2020-03-02,India,Asia,14340,7891,1.8073004810822315
2020-03-02,Israel,Asia,13066,4143,1.3606421839586247
2020-03-02,Italy,Europe,10611,4656,3.7465648572515886
2020-03-02,Australia,Oceania,9001,2976,0.9354279535162403
2020-03-02,Canada,North America,7918,2914,0.4158210330419709
2020-03-02,Iran,Asia,7219,3282,1.6817693089465535
2020-03-02,France,Europe,6425,2716,2.7699062808463526
2020-03-09,United States,North America,169088,56837,19.098987368107643
2020-03-09,Iraq,Asia,28591,6218,4.192541369289274
2020-03-09,United Kingdom,Europe,27419,8099,2.7404908035585
2020-03-09,Italy,Europe,17076,7477,7.2150127475205315
2020-03-09,Israel,Asia,16347,3255,1.0386721177750762
2020-03-09,Iran,Asia,15213,4253,2.27962667941628
2020-03-09,China,Asia,15137,6576,4.082449932445759
2020-03-09,India,Asia,11542,6286,1.2265984223896338
2020-03-09,Russia,Europe,11204,6355,3.1628455327693294
2020-03-09,Australia,Oceania,9054,2904,0.9761629321823131
2020-03-09,Spain,Europe,8363,3366,2.507435481005167
2020-03-09,Canada,North America,8194,2959,0.538262166545028
2020-03-09,Palestine,Asia,6968,449,0.26781042308392994
2020-03-09,France,Europe,6839,3247,2.6374561807744596
2020-03-09,Ireland,Europe,6565,1452,0.52705265475286
2020-03-16,United States,North America,146268,50113,11.7521784291335
2020-03-16,United Kingdom,Europe,22036,7280,2.9876724831703987
2020-03-16,China,Asia,16566,6422,5.117755698723392
2020-03-16,Israel,Asia,15479,2998,1.3689188387861195
2020-03-16,Canada,North America,14848,4371,1.017335646935751
2020-03-16,India,Asia,12890,6943,1.9800075852946248
2020-03-16,Russia,Europe,10793,5891,3.2694180942963538
2020-03-16,Australia,Oceania,10239,3338,1.7762735516802484
2020-03-16,Italy,Europe,9707,4256,3.641044550286257
2020-03-16,France,Europe,9355,3857,5.66445663274772
2020-03-16,Iran,Asia,9337,3466,1.936342236408813
2020-03-16,Spain,Europe,6705,3232,1.746678948895387
2020-03-16,Germany,Europe,6549,2933,2.666357273375057
2020-03-16,Malaysia,Asia,6194,903,0.6946120589066908
2020-03-16,Iraq,Asia,5929,2248,1.772385533463963
2020-03-23,United States,North America,113932,42472,11.84775419135641
2020-03-23,Israel,Asia,23411,3430,2.217994309153786
2020-03-23,United Kingdom,Europe,17203,6374,2.8193135798866256
2020-03-23,China,Asia,13559,6367,5.273289250390955
2020-03-23,Russia,Europe,9868,5570,5.185006693076664
2020-03-23,India,Asia,8663,5113,1.6007435392421012
2020-03-23,Australia,Oceania,8632,2710,1.033518757036194
2020-03-23,Italy,Europe,8047,3561,3.7991810477675156
2020-03-23,Afghanistan,Asia,7630,2855,2.207361788090919
2020-03-23,Germany,Europe,7140,1903,1.9111460351786231
2020-03-23,Canada,North America,7041,2792,0.6889090754501955
2020-03-23,France,Europe,6063,2591,3.3317736714136865
2020-03-23,Nigeria,Africa,5982,3539,1.7377599424660437
2020-03-23,Spain,Europe,5736,2676,4.30422193217901
2020-03-23,Iran,Asia,5420,2226,1.4007775902986286
2020-03-30,United States,North America,116287,42585,10.594743723192495
2020-03-30,Israel,Asia,16414,3687,1.6640029114493575
2020-03-30,United Kingdom,Europe,15194,6347,3.7247747927596593
2020-03-30,China,Asia,12842,5669,5.435516539879712
2020-03-30,Russia,Europe,10407,5537,4.4260451924327615
2020-03-30,India,Asia,9534,5338,1.680891046125425
2020-03-30,France,Europe,8591,2769,5.276422337536025
2020-03-30,Australia,Oceania,7503,2520,0.8922525648610662
2020-03-30,Pakistan,Asia,6889,3000,1.4528583341011574
2020-03-30,Italy,Europe,6498,2670,2.493992817379978
2020-03-30,Canada,North America,5970,2542,0.5849209469068509
2020-03-30,Ukraine,Europe,4800,2698,1.15299504803568
2020-03-30,Spain,Europe,4538,2336,1.8543207095781105
2020-03-30,Nigeria,Africa,4367,3039,0.7855213377041013
2020-03-30,Iran,Asia,3614,2006,1.848814596241616
2020-04-06,United States,North America,116207,38794,10.939721982371362
2020-04-06,United Kingdom,Europe,21373,6987,4.420973663808724
2020-04-06,China,Asia,13941,5905,5.402324758763335
2020-04-06,Australia,Oceania,12635,3433,2.545629088043516
2020-04-06,Israel,Asia,9923,2579,1.3076541637543384
2020-04-06,Russia,Europe,9571,5372,3.277783063003187
2020-04-06,India,Asia,7232,4824,1.1644077574209546
2020-04-06,Italy,Europe,6349,2528,2.673105692858279
2020-04-06,Ukraine,Europe,5227,2961,1.43831338912151
2020-04-06,France,Europe,4808,1993,1.7245668533646805
2020-04-06,Canada,North America,4670,1875,0.47032119883025747
2020-04-06,Pakistan,Asia,4578,2779,1.2957451106717117
2020-04-06,Germany,Europe,4553,1743,1.6488684214566796
2020-04-06,Nigeria,Africa,4166,3031,0.7646427721686332
2020-04-06,Turkey,Asia,4106,1728,1.455385014266511
2020-04-13,United States,North America,112456,38707,12.49202756577015
2020-04-13,Israel,Asia,15974,3141,1.6899016700064515
2020-04-13,China,Asia,12487,6158,6.675641730405362
2020-04-13,United Kingdom,Europe,10830,4774,3.331497316491865
2020-04-13,Russia,Europe,8290,5058,3.8012673315485728
2020-04-13,Canada,North America,7713,2414,0.8276191593875329
2020-04-13,India,Asia,6961,4847,1.310689609806169
2020-04-13,Australia,Oceania,5872,2311,0.8701716595885748
2020-04-13,Nigeria,Africa,5536,3841,1.0534930480953106
2020-04-13,Ukraine,Europe,5379,2868,1.8421978690162735
2020-04-13,France,Europe,4084,1941,2.08147735681192
2020-04-13,Pakistan,Asia,3782,2210,0.9779315179203052
2020-04-13,Brazil,South America,3534,1680,1.7849533699177125
2020-04-13,Italy,Europe,3350,1784,1.4802645559490324
2020-04-13,Turkey,Asia,3332,1882,2.13023652521305
2020-04-20,United States,North America,103174,38222,12.025929085493821
2020-04-20,Canada,North America,27429,6516,6.70994989248014
2020-04-20,United Kingdom,Europe,12246,5341,2.7882129211570446
2020-04-20,Israel,Asia,11567,3284,1.4140607572962622
2020-04-20,China,Asia,9754,5111,4.2571249378808975
2020-04-20,India,Asia,8279,5521,1.4807898647090776
2020-04-20,Iran,Asia,7211,2457,2.590246352192767
2020-04-20,Australia,Oceania,7034,2685,1.027417883215448
2020-04-20,Russia,Europe,6650,4410,3.1827873458133746
2020-04-20,Nigeria,Africa,5451,3888,1.3870240140062848
2020-04-20,Italy,Europe,4919,1872,1.3677047095050092
2020-04-20,Mexico,North America,4715,1909,1.1451920358529906
2020-04-20,Germany,Europe,4581,2165,2.234793208256894
2020-04-20,Afghanistan,Asia,4523,1828,1.6946012552829965
2020-04-20,France,Europe,4193,2152,2.1536479572520406
2020-04-27,United States,North America,117105,40646,13.309756328171423
2020-04-27,Israel,Asia,17342,3599,2.090817545935744
2020-04-27,United Kingdom,Europe,14298,5464,3.0776141119854907
2020-04-27,Canada,North America,12004,3437,1.4764861238679357
2020-04-27,China,Asia,11163,5332,4.815639467562936
2020-04-27,India,Asia,9176,5420,1.3088321739076885
2020-04-27,Russia,Europe,8747,5033,4.165934312270079
2020-04-27,Australia,Oceania,6611,2529,0.8088261022972019
2020-04-27,Germany,Europe,5688,2755,3.572158158549856
2020-04-27,Nigeria,Africa,4490,3039,0.776724646037162
2020-04-27,Ukraine,Europe,4210,2866,1.682637175222143
2020-04-27,Pakistan,Asia,4137,2602,1.1940676582280325
2020-04-27,Syria,Asia,3860,2047,1.7153467706383225
2020-04-27,Turkey,Asia,3679,1894,2.397296760109428
2020-04-27,South Korea,Asia,3597,1309,1.4901095971749316
2020-05-04,United States,North America,136713,45289,13.767267756776468
2020-05-04,Israel,Asia,16202,3479,1.8070409463851074
2020-05-04,United Kingdom,Europe,13374,5205,2.678988526917784
2020-05-04,China,Asia,11509,5395,5.835521467973546
2020-05-04,India,Asia,10943,6727,2.6889548623932398
2020-05-04,Russia,Europe,10702,5930,5.44876809823675
2020-05-04,Australia,Oceania,7605,2632,1.0750068667310047
2020-05-04,Venezuela,South America,6962,3809,3.5387414322072224
2020-05-04,Canada,North America,6535,2353,0.5238573967679248
2020-05-04,Iran,Asia,5516,2338,1.359419381723459
2020-05-04,Germany,Europe,5299,2695,2.9961130989242237
2020-05-04,Nigeria,Africa,4756,3207,0.9035649952494854
2020-05-04,Ukraine,Europe,4342,2821,1.563406342521079
2020-05-04,Pakistan,Asia,4210,2719,0.8982724364072834
2020-05-04,Turkey,Asia,3795,1770,1.4583888455602219
2020-05-11,United States,North America,127369,42988,11.7724323638303
2020-05-11,Israel,Asia,23950,6026,3.508423006628385
2020-05-11,United Kingdom,Europe,12938,5022,2.4589129470027187
2020-05-11,China,Asia,12734,5968,5.176391050550767
2020-05-11,Afghanistan,Asia,11990,5567,4.751493543763975
2020-05-11,Russia,Europe,10468,5594,4.212049563281617
2020-05-11,Australia,Oceania,8273,2757,1.4855936028835128
2020-05-11,India,Asia,6926,4733,1.069602199369172
2020-05-11,Palestine,Asia,6016,928,0.31303346443474783
2020-05-11,Canada,North America,5932,2344,0.5612508357286283
2020-05-11,Iran,Asia,5675,2516,1.7526463460120907
2020-05-11,Nigeria,Africa,4917,3584,1.1100064833220997
2020-05-11,France,Europe,4346,2314,2.6642714782424046
2020-05-11,Ukraine,Europe,4083,2404,1.1342830609215795
2020-05-11,Germany,Europe,3931,2029,1.664766281649858
2020-05-18,United States,North America,118785,41826,12.263930600265567
2020-05-18,Israel,Asia,18632,4789,3.5099775637030888
2020-05-18,China,Asia,15893,6626,6.241217851652616
2020-05-18,United Kingdom,Europe,14083,5194,3.676764697501457
2020-05-18,Russia,Europe,10160,6322,4.304578433655058
2020-05-18,Canada,North America,7565,2373,0.6184083430154823
2020-05-18,Afghanistan,Asia,7430,3301,2.7927698093074684
2020-05-18,India,Asia,7297,4790,1.2758191566688926
2020-05-18,Australia,Oceania,6785,2409,0.9959650280784648
2020-05-18,Nigeria,Africa,6602,4293,1.6040038336185798
2020-05-18,Ukraine,Europe,5209,3372,1.1770291356554072
2020-05-18,Saudi Arabia,Asia,5091,1555,1.5052639657136344
2020-05-18,Pakistan,Asia,4467,2266,1.0970980460962636
2020-05-18,Iran,Asia,4302,2137,1.3183701571395572
2020-05-18,Palestine,Asia,3905,461,0.2788353682719205
2020-05-25,United States,North America,256498,70208,45.55075208585578
2020-05-25,China,Asia,19056,8122,5.344952059470694
2020-05-25,Israel,Asia,18489,4029,2.2275260336457796
2020-05-25,United Kingdom,Europe,11990,4836,3.05200592416225
2020-05-25,Russia,Europe,10925,6157,4.129940816506258
2020-05-25,India,Asia,8330,5512,1.2874091667150416
2020-05-25,Canada,North America,8274,2929,0.7105042185264167
2020-05-25,Australia,Oceania,7815,2445,0.7175135418767529
2020-05-25,Ukraine,Europe,5451,3387,1.2938008343797207
2020-05-25,Brazil,South America,5176,2304,1.438516586438383
2020-05-25,Germany,Europe,4917,2088,1.2522781924709123
2020-05-25,Nigeria,Africa,4813,3442,1.2490564193370517
2020-05-25,Afghanistan,Asia,4601,2389,1.8265649460541633
2020-05-25,Hong Kong,Asia,4260,1751,1.2599719839039103
2020-05-25,Palestine,Asia,4031,443,0.16875248856971425
2020-06-01,United States,North America,348152,101767,51.9309849973185
2020-06-01,United Kingdom,Europe,22514,7362,3.816749955173497
2020-06-01,Israel,Asia,21567,4415,1.5947548847298811
2020-06-01,China,Asia,16251,7306,3.955546149858678
2020-06-01,France,Europe,12702,4332,3.6224841018402754
2020-06-01,Germany,Europe,12701,4376,2.5542760155258124
2020-06-01,Russia,Europe,10752,5842,2.716693108255857
2020-06-01,Canada,North America,9796,3064,0.8587089550658462
2020-06-01,Australia,Oceania,8919,3133,0.7111800627602685
2020-06-01,India,Asia,7933,5190,1.0388086386268514
2020-06-01,Iran,Asia,7272,2759,1.1684240398181351
2020-06-01,Nigeria,Africa,6771,4694,0.9499195991737867
2020-06-01,Palestine,Asia,5248,574,0.20217231372361222
2020-06-01,Mexico,North America,5149,2693,1.2356878767015447
2020-06-01,Turkey,Asia,4355,2185,1.1374552695583373
2020-06-08,United States,North America,236924,69623,30.737425572103124
2020-06-08,United Kingdom,Europe,26534,8694,6.077771046545291
2020-06-08,Israel,Asia,15387,3670,1.4723246857539514
2020-06-08,Russia,Europe,12557,5744,3.272483462818659
2020-06-08,China,Asia,10452,5158,3.342530182442274
2020-06-08,Canada,North America,9537,3283,0.809389883338272
2020-06-08,India,Asia,8037,5655,1.0856507613838935
2020-06-08,France,Europe,7657,2985,3.79000405272329
2020-06-08,Nigeria,Africa,7608,4992,1.6524548970401867
2020-06-08,Australia,Oceania,7163,2750,0.8750243148737706
2020-06-08,Germany,Europe,6382,3051,2.186813833386927
2020-06-08,Iran,Asia,5469,2373,1.577703138615204
2020-06-08,Turkey,Asia,4943,2582,1.7141827762486994
2020-06-08,Pakistan,Asia,4402,2703,0.945147558326712
2020-06-08,Sweden,Europe,4132,1647,2.3733742222614356
2020-06-15,United States,North America,200630,63620,22.096986741890163
2020-06-15,China,Asia,32880,11598,9.938776113843554
2020-06-15,Russia,Europe,15915,7411,5.897035012927276
2020-06-15,India,Asia,15169,8247,1.7547883501953285
2020-06-15,United Kingdom,Europe,15047,6480,2.6361480008006923
2020-06-15,Israel,Asia,14513,2966,1.4607266848225515
2020-06-15,Australia,Oceania,9533,3212,1.1139359098926944
2020-06-15,Canada,North America,9224,3504,0.6963341574943007
2020-06-15,Germany,Europe,9014,3772,3.063910375996516
2020-06-15,France,Europe,6837,3401,3.091174847623254
2020-06-15,Turkey,Asia,6427,3548,2.8056784219657604
2020-06-15,Nigeria,Africa,6259,4337,1.9924998416829638
2020-06-15,Pakistan,Asia,4964,2759,0.9062644566576676
2020-06-15,Ukraine,Europe,4386,2871,1.0711820557608773
2020-06-15,Mexico,North America,3923,2189,0.9320929986566984
2020-06-22,United States,North America,180476,57184,19.808138138719684
2020-06-22,United Kingdom,Europe,18111,6463,4.524686525288001
2020-06-22,Israel,Asia,17672,4840,2.518143422518514
2020-06-22,China,Asia,15547,7288,4.027507399060252
2020-06-22,Russia,Europe,11851,6157,5.3969138309061515
2020-06-22,India,Asia,10152,6750,1.5549894298594364
2020-06-22,Canada,North America,8809,3155,0.6455394340480853
2020-06-22,Mexico,North America,8733,3326,2.370638056322205
2020-06-22,Australia,Oceania,7033,2816,0.758846089228054
2020-06-22,Germany,Europe,6310,2945,2.285298174893026
2020-06-22,Pakistan,Asia,4831,2682,0.9620537432833391
2020-06-22,Nigeria,Africa,4637,3543,1.1697677662726895
2020-06-22,France,Europe,4450,2326,2.396254555688494
2020-06-22,Turkey,Asia,4426,2350,2.1854277407436324
2020-06-22,Afghanistan,Asia,4216,2172,1.4784784271156475
2020-06-29,United States,North America,188313,56221,17.415796094042747
2020-06-29,China,Asia,22575,8899,5.720444465657833
2020-06-29,United Kingdom,Europe,20064,7439,3.007170777766572
2020-06-29,India,Asia,13804,8464,1.866889247770153
2020-06-29,Israel,Asia,12197,3439,2.1442378343205144
2020-06-29,Russia,Europe,9771,5809,5.399665267180164
2020-06-29,Turkey,Asia,9740,3573,2.750599861405635
2020-06-29,Canada,North America,8091,2960,0.6122631652487744
2020-06-29,Australia,Oceania,7369,2881,0.937913163967747
2020-06-29,France,Europe,6956,2889,5.565166000164666
2020-06-29,Iran,Asia,6661,3114,3.6320607079208522
2020-06-29,Pakistan,Asia,6284,3348,1.4491512390363528
2020-06-29,Afghanistan,Asia,5805,2454,2.1446651014743185
2020-06-29,Mexico,North America,5541,2854,1.656815815428799
2020-06-29,Hong Kong,Asia,5445,1910,1.1950898893795268
2020-07-06,United States,North America,165465,54020,16.127297373939363
2020-07-06,India,Asia,17659,10534,2.2493325385257408
2020-07-06,Russia,Europe,17238,8188,5.806783334654577
2020-07-06,Israel,Asia,16539,3901,2.193522906088214
2020-07-06,United Kingdom,Europe,15943,6542,3.4679578506888515
2020-07-06,China,Asia,15618,7620,4.33622046782733
2020-07-06,Australia,Oceania,11635,3415,2.055214122883058
2020-07-06,Canada,North America,8698,2817,0.5338808900388823
2020-07-06,Serbia,Europe,5665,2117,6.048628163775258
2020-07-06,Palestine,Asia,5132,545,0.40162383080710773
2020-07-06,Mexico,North America,5086,2548,0.898463364927439
2020-07-06,France,Europe,4799,2484,2.210695983572248
2020-07-06,Nigeria,Africa,4692,3307,1.0086957011439148
2020-07-06,Ukraine,Europe,4556,3053,1.4480220978425893
2020-07-06,Turkey,Asia,4456,2670,1.7147435508995434
2020-07-13,United States,North America,180424,57580,18.60414625182118
2020-07-13,United Kingdom,Europe,20369,7455,3.3712335492455443
2020-07-13,China,Asia,19601,8340,5.440057074320198
2020-07-13,Russia,Europe,12575,6957,6.639503710861395
2020-07-13,Australia,Oceania,9979,3400,1.2674506053721617
2020-07-13,India,Asia,9404,6651,1.0693197204244949
2020-07-13,Israel,Asia,8186,3224,1.741552073036226
2020-07-13,Canada,North America,7824,2756,0.548083391238552
2020-07-13,Azerbaijan,Asia,7203,3556,2.4388219928580046
2020-07-13,Turkey,Asia,6725,2873,1.8485726322069407
2020-07-13,Armenia,Asia,6515,3495,2.383610571844728
2020-07-13,Nigeria,Africa,6187,3959,1.1236223247438908
2020-07-13,France,Europe,5817,2614,3.469852663890885
2020-07-13,Pakistan,Asia,5255,3099,1.0962213123522926
2020-07-13,Iran,Asia,5182,2670,2.2445570769270553
2020-07-20,United States,North America,182630,58567,21.12465582115494
2020-07-20,China,Asia,29062,12678,12.189706054010339
2020-07-20,United Kingdom,Europe,14070,6025,2.4510801472018424
2020-07-20,Russia,Europe,11527,6639,3.785768161579587
2020-07-20,Australia,Oceania,9195,2999,1.1341100174611483
2020-07-20,India,Asia,8652,6057,0.8390429235332696
2020-07-20,Israel,Asia,8634,4829,3.084960959984607
2020-07-20,Ukraine,Europe,8218,4068,2.0945964553376464
2020-07-20,Canada,North America,6539,2746,0.46763154757487935
2020-07-20,Afghanistan,Asia,5771,3241,1.6387076823179112
2020-07-20,Nigeria,Africa,5599,3783,1.3333932596921716
2020-07-20,Turkey,Asia,5381,2777,1.8394414959799776
2020-07-20,Pakistan,Asia,5143,3027,1.0511850739238873
2020-07-20,Mexico,North America,5025,1695,0.589116917187517
2020-07-20,Germany,Europe,4934,2368,1.7607140620402126
2020-07-27,United States,North America,156051,51703,16.04111389172608
2020-07-27,China,Asia,24601,8149,5.725469891762355
2020-07-27,United Kingdom,Europe,13993,5758,2.822722601286931
2020-07-27,Russia,Europe,11732,6644,5.673980846953714
2020-07-27,Australia,Oceania,10889,3408,1.640588572985513
2020-07-27,India,Asia,9184,6092,1.318120194813833
2020-07-27,Israel,Asia,7464,4516,2.874273268785878
2020-07-27,Canada,North America,5805,2246,0.4535621331419927
2020-07-27,Iran,Asia,5581,2588,1.7662288441875291
2020-07-27,Pakistan,Asia,5333,2847,1.1931727908124286
2020-07-27,Germany,Europe,5100,2181,1.9628407603943672
2020-07-27,Ukraine,Europe,5062,2870,1.3485321268659474
2020-07-27,Spain,Europe,4796,2074,1.0485804633800897
2020-07-27,Afghanistan,Asia,4783,2441,2.152387566485937
2020-07-27,Nigeria,Africa,4753,3411,0.8076791867399105
2020-08-03,United States,North America,138335,49312,14.37051012526314
2020-08-03,Lebanon,Asia,27475,7991,14.582292108021596
2020-08-03,China,Asia,23411,9062,6.243813936997684
2020-08-03,United Kingdom,Europe,12899,4956,1.6445581349066316
2020-08-03,India,Asia,10801,6667,1.5640471817248263
2020-08-03,Russia,Europe,10397,5809,3.541066629941187
2020-08-03,Australia,Oceania,9586,3443,1.7388641833077554
2020-08-03,Afghanistan,Asia,8322,3198,2.3825850490953555
2020-08-03,Israel,Asia,8058,4531,3.7111500686906926
2020-08-03,Canada,North America,6885,2372,0.6088969885780893
2020-08-03,France,Europe,6117,2445,2.0566073157146945
2020-08-03,Japan,Asia,5502,1942,1.094138941370193
2020-08-03,Nigeria,Africa,4963,3349,0.9112071786494739
2020-08-03,Pakistan,Asia,4898,2776,0.876842288834126
2020-08-03,Ukraine,Europe,4556,2673,1.0337814428607064
2020-08-10,United States,North America,136871,49211,13.1604405103992
2020-08-10,Belarus,Europe,24394,7635,12.042104929796979
2020-08-10,China,Asia,16119,7487,4.965621414727199
2020-08-10,Israel,Asia,14981,6338,4.44823041916814
2020-08-10,Russia,Europe,13613,6586,4.586109170876763
2020-08-10,United Kingdom,Europe,10799,4869,1.6078594260084926
2020-08-10,Canada,North America,8841,2266,0.4869325453776976
2020-08-10,India,Asia,8120,5536,1.114501098423864
2020-08-10,Lebanon,Asia,8034,3070,3.977872790351924
2020-08-10,Australia,Oceania,8003,2596,0.8865541511465713
2020-08-10,Hong Kong,Asia,6362,2057,1.466172424437508
2020-08-10,France,Europe,5789,2912,2.48409687480752
2020-08-10,Nigeria,Africa,4911,3588,0.9941848046745851
2020-08-10,Turkey,Asia,4847,2694,2.336491440872108
2020-08-10,Germany,Europe,4486,1933,1.302044967961409
2020-08-17,United States,North America,185641,54707,17.509989020920592
2020-08-17,Russia,Europe,21190,7559,6.538966364056882
2020-08-17,United Kingdom,Europe,15364,5666,3.0499056083031144
2020-08-17,China,Asia,12271,5466,4.209630981377497
2020-08-17,Israel,Asia,12028,6193,4.839421801373833
2020-08-17,India,Asia,10604,6165,1.0283091377819606
2020-08-17,Belarus,Europe,10330,4237,6.785654780317396
2020-08-17,Australia,Oceania,8338,2860,1.0737328752799091
2020-08-17,Canada,North America,6509,2046,0.40884814790341945
2020-08-17,Iran,Asia,5605,2152,1.1995975703197452
2020-08-17,Iraq,Asia,5322,2084,2.1322843417359874
2020-08-17,Germany,Europe,5230,2133,1.7403151882284722
2020-08-17,Mali,Africa,5116,2325,8.67246882438266
2020-08-17,Nigeria,Africa,5062,3691,1.1142164858947314
2020-08-17,Lebanon,Asia,4986,2198,2.153558020064439
2020-08-24,United States,North America,271370,71613,30.1768082688725
2020-08-24,China,Asia,13387,6744,3.813533157998425
2020-08-24,Russia,Europe,12657,6821,5.169604131853213
2020-08-24,Australia,Oceania,11424,3754,1.3079885812340954
2020-08-24,United Kingdom,Europe,11201,4865,1.2409926261976572
2020-08-24,Israel,Asia,9434,5116,2.826134656859677
2020-08-24,India,Asia,8842,5684,0.9866890905768505
2020-08-24,New Zealand,Oceania,8219,2614,2.036888582433343
2020-08-24,Belarus,Europe,8187,3341,4.481347358529387
2020-08-24,Germany,Europe,6825,2886,2.9410349211169904
2020-08-24,Turkey,Asia,6001,2875,2.1301173606741615
2020-08-24,Canada,North America,5712,2205,0.4075398953412547
2020-08-24,France,Europe,4595,2310,2.038054983364203
2020-08-24,Ukraine,Europe,4451,2727,1.7938316282159765
2020-08-24,Nigeria,Africa,4242,3138,0.8706875263715932
2020-08-31,United States,North America,195293,60327,24.069567499172095
2020-08-31,Russia,Europe,17275,7840,7.381214170379533
2020-08-31,China,Asia,15779,7382,4.005950567708365
2020-08-31,United Kingdom,Europe,15549,5580,3.3704987441898067
2020-08-31,Australia,Oceania,9899,3819,1.550733572102531
2020-08-31,India,Asia,9700,6437,1.1762989175705876
2020-08-31,France,Europe,8375,4168,4.0883000866909285
2020-08-31,Israel,Asia,6745,3885,1.9381333785435226
2020-08-31,Belarus,Europe,5993,2784,4.316503503511525
2020-08-31,Germany,Europe,5975,2704,1.9634711941145695
2020-08-31,Canada,North America,5288,1906,0.41922153265373013
2020-08-31,Turkey,Asia,4910,2704,2.4993595218774267
2020-08-31,Ukraine,Europe,4195,2668,1.0678110206858098
2020-08-31,Japan,Asia,4060,1156,0.5976571770174545
2020-08-31,Pakistan,Asia,3873,2460,0.9835691467053036
2020-09-07,United States,North America,172224,54428,18.806567095159995
2020-09-07,United Kingdom,Europe,15708,6523,3.8017289383348616
2020-09-07,China,Asia,14844,7282,4.514524558369402
2020-09-07,Russia,Europe,12962,6989,4.7043203745043956
2020-09-07,India,Asia,11842,7165,1.5031366025131594
2020-09-07,Australia,Oceania,10604,3660,1.558896336463751
2020-09-07,Belarus,Europe,8930,3430,4.565757313944309
2020-09-07,Turkey,Asia,7423,3000,3.3841836781730787
2020-09-07,Canada,North America,6570,2142,0.47561758206711835
2020-09-07,Ukraine,Europe,6142,2832,1.3845754004603454
2020-09-07,Israel,Asia,5989,3455,1.6389377059709225
2020-09-07,France,Europe,5931,3298,2.919092471420382
2020-09-07,Pakistan,Asia,5837,3482,1.6401882383521618
2020-09-07,Greece,Europe,5784,2237,3.0008227747395653
2020-09-07,Germany,Europe,5259,2401,1.490363355929756
2020-09-14,United States,North America,157178,54412,16.723423585692366
2020-09-14,China,Asia,18690,6906,4.386258843271226
2020-09-14,United Kingdom,Europe,16442,6139,4.053402397937351
2020-09-14,Russia,Europe,12180,6782,4.42754077298991
2020-09-14,India,Asia,10342,6579,1.1044854066895777
2020-09-14,Israel,Asia,9447,4757,3.0908562946911604
2020-09-14,Australia,Oceania,7671,2881,0.9245193494541785
2020-09-14,Belarus,Europe,6995,3003,4.016936172607529
2020-09-14,Canada,North America,5896,2385,0.4886162969616627
2020-09-14,Pakistan,Asia,5638,3490,1.1859183214526943
2020-09-14,Mexico,North America,5059,1799,1.1524178531415505
2020-09-14,Nigeria,Africa,4779,3540,0.8472914088952043
2020-09-14,Germany,Europe,4764,2277,1.766725918766639
2020-09-14,Ukraine,Europe,4633,2861,1.0609143495638587
2020-09-14,Greece,Europe,4164,1725,1.8070047812588417
2020-09-21,United States,North America,185332,56561,17.499611632151638
2020-09-21,United Kingdom,Europe,23911,7784,5.3079049445722335
2020-09-21,China,Asia,13230,6378,4.754007185208501
2020-09-21,Russia,Europe,11352,6035,4.6775545332551225
2020-09-21,France,Europe,10692,4268,5.7572784351283675
2020-09-21,Armenia,Asia,10591,3097,3.7763035837483514
2020-09-21,Canada,North America,10363,2619,0.5743474030681495
2020-09-21,Azerbaijan,Asia,9890,3139,4.44561776224423
2020-09-21,India,Asia,8106,5626,1.206108169623338
2020-09-21,Australia,Oceania,7163,2792,0.886194347779334
2020-09-21,Israel,Asia,5778,2815,1.0512719664633599
2020-09-21,Iran,Asia,5173,2311,1.5449075922526043
2020-09-21,Germany,Europe,4926,2097,1.586797417780085
2020-09-21,Belarus,Europe,4635,2207,2.2626650267225896
2020-09-21,Nigeria,Africa,4379,3302,0.980561654224485
2020-09-28,United States,North America,114817,43527,14.035797301043395
2020-09-28,Armenia,Asia,23412,11131,11.091902577964117
2020-09-28,Azerbaijan,Asia,23331,10492,11.45162139992911
2020-09-28,Russia,Europe,15273,7831,4.625214770790403
2020-09-28,India,Asia,15197,9398,2.5502832035995255
2020-09-28,United Kingdom,Europe,13179,5673,3.176573424825276
2020-09-28,Turkey,Asia,7884,4415,2.690144331288337
2020-09-28,China,Asia,7855,3994,3.0715602955213566
2020-09-28,Canada,North America,6850,2535,0.6159646491559994
2020-09-28,France,Europe,5229,2870,2.916525202974445
2020-09-28,Iraq,Asia,4559,2040,1.8371096266475062
2020-09-28,Israel,Asia,4260,2498,0.9176379785945753
2020-09-28,Pakistan,Asia,4161,2455,0.8391571640076878
2020-09-28,Australia,Oceania,3909,1859,0.6507543316453845
2020-09-28,Ukraine,Europe,3868,2452,0.8617866532893167
2020-10-05,United States,North America,110651,41619,14.951432428747012
2020-10-05,United Kingdom,Europe,12429,5022,2.0787150607248996
2020-10-05,Russia,Europe,12291,6504,5.971203423926769
2020-10-05,Azerbaijan,Asia,12149,5662,6.038510265403701
2020-10-05,Armenia,Asia,11797,5752,5.368422591335548
2020-10-05,India,Asia,8849,5922,1.1253510188017526
2020-10-05,Turkey,Asia,5613,2489,1.5803935066704846
2020-10-05,France,Europe,5420,2648,1.9390913782018617
2020-10-05,China,Asia,5296,2797,2.092609422858317
2020-10-05,Israel,Asia,5182,2705,1.4344869586349966
2020-10-05,Canada,North America,4388,1837,0.3640658927966309
2020-10-05,Germany,Europe,4249,1959,2.662065116587799
2020-10-05,Pakistan,Asia,3968,2372,0.9719771191288848
2020-10-05,Kyrgyzstan,Asia,3827,1576,2.347641081732697
2020-10-05,Belarus,Europe,3816,1277,2.470123798448937
2020-10-12,United States,North America,74041,30229,8.764082798036352
2020-10-12,United Kingdom,Europe,14124,4971,2.401307630342267
2020-10-12,France,Europe,11831,4840,8.728794578453176
2020-10-12,Russia,Europe,9248,5115,5.2364243836335005
2020-10-12,Azerbaijan,Asia,9104,4209,5.215067301714491
2020-10-12,Armenia,Asia,8704,4204,4.214579092225902
2020-10-12,India,Asia,6643,4661,1.036280416804704
2020-10-12,China,Asia,5269,2907,2.680891738511504
2020-10-12,Afghanistan,Asia,4003,2034,1.900962859488979
2020-10-12,Nigeria,Africa,3797,2956,1.1854913988965405
2020-10-12,Pakistan,Asia,3768,2361,1.363992622103272
2020-10-12,Turkey,Asia,3608,2062,1.394225129195877
2020-10-12,Australia,Oceania,3405,1581,0.8866092926297142
2020-10-12,Canada,North America,3296,1288,0.44366633128467625
2020-10-12,Iran,Asia,3146,1072,0.8802462240182921
2020-10-19,United States,North America,61777,28177,9.554738220817041
2020-10-19,Nigeria,Africa,11017,5540,5.120612170275347
2020-10-19,France,Europe,8001,4272,9.819076551005592
2020-10-19,Russia,Europe,7473,3681,2.7340111011911787
2020-10-19,United Kingdom,Europe,6858,3597,1.616417367382738
2020-10-19,Afghanistan,Asia,6186,2421,2.95657455456342
2020-10-19,China,Asia,5712,2946,3.0795096190538933
2020-10-19,India,Asia,4584,3354,0.7685683155351156
2020-10-19,Italy,Europe,4129,1657,2.3986032694318253
2020-10-19,Spain,Europe,3852,1435,2.2507123019058013
2020-10-19,Israel,Asia,3765,1974,1.8465759868606604
2020-10-19,Armenia,Asia,3726,1919,2.3067326871536125
2020-10-19,Pakistan,Asia,3567,2100,1.4683145752775417
2020-10-19,Azerbaijan,Asia,3174,1885,1.7255097132707298
2020-10-19,Australia,Oceania,3058,1649,0.6751498701062176
2020-10-26,United States,North America,59220,23667,13.740732081857365
2020-10-26,France,Europe,16661,7516,19.261209965670957
2020-10-26,Russia,Europe,5512,3289,3.4068682603727933
2020-10-26,United Kingdom,Europe,5379,2696,1.2493982567588904
2020-10-26,China,Asia,4962,2227,1.962347194943367
2020-10-26,India,Asia,4679,3262,0.9366191340203184
2020-10-26,Turkey,Asia,4446,2462,2.219148455313834
2020-10-26,Nigeria,Africa,3942,2799,1.741750815213254
2020-10-26,Armenia,Asia,3656,2053,2.9583431789987436
2020-10-26,Pakistan,Asia,3475,1815,1.4103759938495621
2020-10-26,Azerbaijan,Asia,3359,1932,3.5207258615971933
2020-10-26,Australia,Oceania,3211,1404,0.8979918962188653
2020-10-26,Italy,Europe,2683,1364,1.9357111983963877
2020-10-26,Canada,North America,2573,1080,0.6453575301986193
2020-10-26,Spain,Europe,2329,1309,3.395254331019404
2020-11-02,United States,North America,63252,22857,29.66260328796483
2020-11-02,Austria,Europe,8457,3083,12.043218553150236
2020-11-02,United Kingdom,Europe,5606,2573,1.9063011288629683
2020-11-02,Afghanistan,Asia,4555,1831,2.7802397834508747
2020-11-02,France,Europe,4279,2680,4.0217038038287125
2020-11-02,India,Asia,3841,2610,0.7082323791551949
2020-11-02,Russia,Europe,3227,2032,2.0619611051595315
2020-11-02,Israel,Asia,2435,1517,1.3418472745766963
2020-11-02,China,Asia,2305,1317,1.32410570157989
2020-11-02,Australia,Oceania,2223,1003,0.6259259741009466
2020-11-02,Canada,North America,2046,760,0.32728537959194615
2020-11-02,Iran,Asia,1667,534,0.648822577827573
2020-11-02,Turkey,Asia,1649,924,1.196455893917605
2020-11-02,Germany,Europe,1632,727,0.6826124227727931
2020-11-02,Armenia,Asia,1630,956,1.577564054526233
2020-11-09,United States,North America,26158,14106,13.830274122273092
2020-11-09,Russia,Europe,4180,2450,4.63965875663355
2020-11-09,United Kingdom,Europe,3930,2250,1.4935286282681288
2020-11-09,Ethiopia,Africa,3063,1348,4.179229717215613
2020-11-09,Israel,Asia,2525,1243,2.627151672429527
2020-11-09,Australia,Oceania,2399,1000,1.1137831845773793
2020-11-09,Armenia,Asia,2301,1334,3.1466731221772775
2020-11-09,China,Asia,2232,1241,2.0317588925263927
2020-11-09,India,Asia,2230,1660,0.8885120282282365
2020-11-09,Azerbaijan,Asia,2045,1171,2.2535631837889785
2020-11-09,France,Europe,1560,990,2.362606506702643
2020-11-09,Afghanistan,Asia,1440,764,1.4079299733073016
2020-11-09,Canada,North America,1366,750,0.3024393033173173
2020-11-09,Pakistan,Asia,1362,904,0.9501869598406977
2020-11-09,Iran,Asia,1350,550,0.8226931378567142
2020-11-16,United States,North America,104869,37729,16.687175771696232
2020-11-16,United Kingdom,Europe,11936,5075,2.345680065892414
2020-11-16,Russia,Europe,8542,4815,6.255213601349948
2020-11-16,Germany,Europe,7722,2685,3.098765982096325
2020-11-16,India,Asia,7535,4832,0.9597791930225521
2020-11-16,Israel,Asia,7251,3779,2.8148338579040466
2020-11-16,Ethiopia,Africa,6262,2749,4.7179886218842215
2020-11-16,France,Europe,6091,2817,3.515704385854035
2020-11-16,Afghanistan,Asia,6004,2521,2.5558239017238518
2020-11-16,China,Asia,5920,2948,1.9629107382076234
2020-11-16,Australia,Oceania,5908,2542,1.168774495562204
2020-11-16,Nigeria,Africa,4593,3275,0.8608164419273582
2020-11-16,Canada,North America,4123,1754,0.4164395868247468
2020-11-16,Pakistan,Asia,4073,2428,1.0018411924025459
2020-11-16,Mexico,North America,3733,1822,0.8313353987666515
2020-11-23,United States,North America,83045,32950,9.556960593903446
2020-11-23,Iran,Asia,19101,7344,9.674440032140765
2020-11-23,United Kingdom,Europe,18887,6450,2.7864515375293895
2020-11-23,India,Asia,12137,7150,1.712540462250579
2020-11-23,Israel,Asia,11058,5171,3.724853354368553
2020-11-23,Russia,Europe,10030,5544,5.19539631930888
2020-11-23,France,Europe,7928,3948,5.367870158492625
2020-11-23,Ethiopia,Africa,7826,3625,5.7828943606920875
2020-11-23,China,Asia,7121,3577,1.9915576665802373
2020-11-23,Pakistan,Asia,6405,2939,1.3581618854199426
2020-11-23,Australia,Oceania,6077,2656,1.000220629215574
2020-11-23,Nigeria,Africa,6036,4060,1.390331428001174
2020-11-23,Canada,North America,5990,2439,0.900532799299511
2020-11-23,Turkey,Asia,4062,2402,2.2275097916254745
2020-11-23,Afghanistan,Asia,4003,1931,2.60171155744406
2020-11-30,United States,North America,106729,38944,10.940026904146377
2020-11-30,United Kingdom,Europe,16424,6167,4.016624455400923
2020-11-30,China,Asia,10869,4957,3.0491728588958638
2020-11-30,Iran,Asia,10711,5056,4.673916292433573
2020-11-30,Russia,Europe,10577,5779,4.70029324889233
2020-11-30,Israel,Asia,9212,4770,3.1720632371356747
2020-11-30,India,Asia,8963,5647,1.1379663499273078
2020-11-30,France,Europe,7956,3901,8.899677256486255
2020-11-30,Nigeria,Africa,7877,4725,2.0084259153191826
2020-11-30,Australia,Oceania,7109,2962,1.083552193457437
2020-11-30,Germany,Europe,6482,2229,1.780689716637343
2020-11-30,Canada,North America,4721,2143,0.4404013669588909
2020-11-30,Pakistan,Asia,3911,2454,1.1537548504843582
2020-11-30,Brazil,South America,3535,1686,2.098994341778096
2020-11-30,Afghanistan,Asia,3439,1720,1.1161997643934671
2020-12-07,United States,North America,123531,42031,17.51236147139895
2020-12-07,United Kingdom,Europe,17974,6152,3.1829975058887277
2020-12-07,Russia,Europe,11626,6172,6.548343220187976
2020-12-07,China,Asia,10837,4797,3.0853562006368995
2020-12-07,India,Asia,8817,5939,1.158247944577684
2020-12-07,France,Europe,7159,3488,4.578264847688883
2020-12-07,Nigeria,Africa,7146,4218,1.9557408027643888
2020-12-07,Australia,Oceania,7122,3031,1.1747549114348657
2020-12-07,Iran,Asia,6868,3113,2.5296017025545923
2020-12-07,Afghanistan,Asia,6246,2675,2.6217970777920234
2020-12-07,Indonesia,Asia,6135,2342,1.5649333511870325
2020-12-07,Israel,Asia,5336,3119,1.9806225828591915
2020-12-07,Canada,North America,4770,2224,0.39657323199535527
2020-12-07,Germany,Europe,4646,2005,2.0171434211614128
2020-12-07,Turkey,Asia,4298,2458,2.176567565142855
2020-12-14,United States,North America,117115,41371,13.23762873329555
2020-12-14,United Kingdom,Europe,28651,7660,6.553525189880102
2020-12-14,Nigeria,Africa,15315,7541,4.816466943071109
2020-12-14,Russia,Europe,12048,6518,7.6689230964300314
2020-12-14,Afghanistan,Asia,9310,3048,3.486853287261427
2020-12-14,France,Europe,9260,3968,4.652142237894805
2020-12-14,Australia,Oceania,8265,2912,1.100206186044915
2020-12-14,India,Asia,8229,5330,1.1080295909424138
2020-12-14,China,Asia,7841,4063,2.203916945636503
2020-12-14,Canada,North America,7359,2505,0.5707229578519215
2020-12-14,Germany,Europe,5893,2031,1.5821208510422609
2020-12-14,Turkey,Asia,4947,2545,2.249452107571892
2020-12-14,Italy,Europe,4841,2072,1.9441143773566236
2020-12-14,Iran,Asia,4606,2088,1.315719621981718
2020-12-14,Israel,Asia,4438,2378,1.307642637901328
2020-12-21,United States,North America,92318,32547,12.344929008848496
2020-12-21,United Kingdom,Europe,36777,11232,9.16549980680777
2020-12-21,Russia,Europe,15433,7434,8.456843126347742
2020-12-21,France,Europe,11474,3544,4.613369516502674
2020-12-21,Iraq,Asia,11222,2876,2.231489758067344
2020-12-21,Israel,Asia,8404,4327,3.4350996356585055
2020-12-21,India,Asia,7979,5496,1.0978179593958348
2020-12-21,China,Asia,7757,3754,2.5211533797574073
2020-12-21,Afghanistan,Asia,7535,3335,2.738394892510312
2020-12-21,Pakistan,Asia,6543,3214,1.1466310520868537
2020-12-21,Germany,Europe,6482,2245,1.7104899846839143
2020-12-21,Canada,North America,6267,2429,0.7439431865204504
2020-12-21,Mexico,North America,6079,1573,0.6844638096000525
2020-12-21,Nigeria,Africa,4985,3573,0.9715773317082791
2020-12-21,Australia,Oceania,4914,1985,0.8400348947417883
2020-12-28,United States,North America,92893,33848,14.55143926550719
2020-12-28,United Kingdom,Europe,23138,6295,5.444831974765242
2020-12-28,China,Asia,14631,6130,7.957906623985004
2020-12-28,Russia,Europe,8241,4865,4.703586580367283
2020-12-28,India,Asia,7689,4870,0.9868211087421314
2020-12-28,France,Europe,7281,2712,3.4153501678486813
2020-12-28,Pakistan,Asia,7263,3747,1.7847755643091554
2020-12-28,Israel,Asia,7013,3609,2.3461883676174144
2020-12-28,Iran,Asia,6879,3082,2.5124523786957624
2020-12-28,Nigeria,Africa,5433,3524,1.2308910544761171
2020-12-28,Afghanistan,Asia,5174,2230,2.5358853196896587
2020-12-28,Saudi Arabia,Asia,4690,1659,1.589721681761952
2020-12-28,Australia,Oceania,4281,1749,0.9203364826122821
2020-12-28,Iraq,Asia,3911,1779,1.6154776146620922
2020-12-28,Yemen,Asia,3632,1077,2.6181797416794192
2021-01-04,United States,North America,251778,71092,51.94087655356489
2021-01-04,United Kingdom,Europe,28358,9256,4.959367381231598
2021-01-04,China,Asia,12303,5494,4.76066328310729
2021-01-04,Iran,Asia,10279,3770,1.925631908725448
2021-01-04,India,Asia,9194,5627,1.1427212613766726
2021-01-04,Indonesia,Asia,7617,2197,1.4316700322192693
2021-01-04,Pakistan,Asia,6613,4050,1.422812707400449
2021-01-04,Israel,Asia,6544,3172,1.1767712835414723
2021-01-04,Australia,Oceania,5913,2004,0.7112462185932097
2021-01-04,France,Europe,5781,2718,2.5074552020589214
2021-01-04,Canada,North America,5286,1987,0.33043622735616474
2021-01-04,Iraq,Asia,5284,1797,1.3694437742116792
2021-01-04,Russia,Europe,5237,3360,2.6787329945361202
2021-01-04,Mexico,North America,4507,1517,0.4809050465599415
2021-01-04,Germany,Europe,4309,1636,1.0514127135320308
2021-01-11,United States,North America,236141,68251,37.28166977847432
2021-01-11,United Kingdom,Europe,17400,6989,3.876009348567191
2021-01-11,Russia,Europe,10610,5691,6.431222721358369
2021-01-11,China,Asia,10504,5335,3.7744918322409777
2021-01-11,India,Asia,7650,4822,0.9764349433984906
2021-01-11,Ukraine,Europe,7600,2721,1.2301925816958958
2021-01-11,Israel,Asia,6201,3790,2.3786128661342842
2021-01-11,Australia,Oceania,4904,1934,0.7620197831726083
2021-01-11,France,Europe,4860,2367,3.279573557897411
2021-01-11,Germany,Europe,4685,2171,1.5827571900828037
2021-01-11,Nigeria,Africa,4395,3314,0.977158762845608
2021-01-11,Canada,North America,4215,1962,0.3554334787615195
2021-01-11,Indonesia,Asia,4124,1489,1.5604153321992043
2021-01-11,Mexico,North America,4036,1924,1.2847986366137145
2021-01-11,Afghanistan,Asia,4010,2099,1.7842330436916103
2021-01-18,United States,North America,144240,52240,25.78375294168352
2021-01-18,Russia,Europe,31069,10903,16.557648852183465
2021-01-18,United Kingdom,Europe,13436,5925,3.827296074750873
2021-01-18,China,Asia,11109,5025,3.377159013093592
2021-01-18,Israel,Asia,8239,4009,1.852359803867448
2021-01-18,India,Asia,7881,4843,1.1863691799347587
2021-01-18,Nigeria,Africa,5679,4374,1.547493246522949
2021-01-18,France,Europe,5495,2436,2.467727301730027
2021-01-18,Germany,Europe,5377,2194,2.106568694138492
2021-01-18,Iraq,Asia,5244,1949,2.5076167167797263
2021-01-18,Canada,North America,5168,2141,0.46755903555420236
2021-01-18,Australia,Oceania,4360,1818,0.6593511132336349
2021-01-18,Mexico,North America,4334,1949,0.8993520959797421
2021-01-18,Ukraine,Europe,3821,2435,0.8941127724504719
2021-01-18,Iran,Asia,3633,1818,1.0701336053258657
2021-01-25,United States,North America,132997,45747,15.542231336725918
2021-01-25,Russia,Europe,28754,9416,13.78888112337025
2021-01-25,United Kingdom,Europe,19910,6857,3.3935471306409464
2021-01-25,India,Asia,16278,8089,3.7385947572172586
2021-01-25,China,Asia,9214,4429,4.738005205039334
2021-01-25,Israel,Asia,8991,4457,2.723179973928782
2021-01-25,Germany,Europe,7641,2931,2.714887090095085
2021-01-25,Pakistan,Asia,7162,3367,1.337672183586433
2021-01-25,Canada,North America,5749,2699,0.8164546218269854
2021-01-25,Nigeria,Africa,5638,4171,1.4993406783499923
2021-01-25,Australia,Oceania,5600,2253,0.7876170254320657
2021-01-25,France,Europe,5269,2705,2.4245473194665226
2021-01-25,Netherlands,Europe,4728,2110,4.272502845711988
2021-01-25,Ukraine,Europe,4439,2652,1.415645248330607
2021-01-25,Italy,Europe,4046,1856,1.378955075030896
2021-02-01,United States,North America,145391,46612,14.662011064307757
2021-02-01,Russia,Europe,24312,10739,14.022266323494373
2021-02-01,Myanmar,Asia,15563,5239,6.7701010179664936
2021-02-01,United Kingdom,Europe,14849,6370,3.121952871305036
2021-02-01,India,Asia,10489,6334,2.2592750974977296
2021-02-01,China,Asia,8696,4379,2.852702442909768
2021-02-01,Australia,Oceania,7719,2858,1.286485313685542
2021-02-01,Israel,Asia,6582,4034,1.9419349105264305
2021-02-01,Canada,North America,5748,2361,0.7656180552252958
2021-02-01,France,Europe,5567,2488,2.3584544012436517
2021-02-01,Germany,Europe,5405,2351,1.7251163599827604
2021-02-01,Turkey,Asia,5148,2595,1.9198115033895187
2021-02-01,Nigeria,Africa,4989,3743,1.0676523331633125
2021-02-01,Mexico,North America,4813,2423,1.145345208091154
2021-02-01,Afghanistan,Asia,4342,1956,1.2725300573998637
2021-02-08,United States,North America,168669,50074,22.5213118784295
2021-02-08,United Kingdom,Europe,14665,6117,2.4363626832993566
2021-02-08,Russia,Europe,12363,6936,7.4971751058102
2021-02-08,China,Asia,12166,5284,3.972682667975143
2021-02-08,Myanmar,Asia,12071,4428,6.849530917344881
2021-02-08,India,Asia,9747,6054,1.0557678322335726
2021-02-08,Ukraine,Europe,8184,2975,2.0770322027331645
2021-02-08,Australia,Oceania,7954,2666,1.0993705861757934
2021-02-08,Nigeria,Africa,6416,4585,1.2105811566436602
2021-02-08,Israel,Asia,6347,3064,1.2391869168131797
2021-02-08,Canada,North America,6174,2461,0.5343246028684534
2021-02-08,Germany,Europe,5083,2112,1.8254187804245814
2021-02-08,Turkey,Asia,4098,2281,1.8987792469644826
2021-02-08,Mexico,North America,4058,1991,1.1209730234058475
2021-02-08,France,Europe,3887,2203,2.541135739615465
2021-02-15,United States,North America,108936,39865,14.517161173397819
2021-02-15,United Kingdom,Europe,13875,5833,3.3112232098265904
2021-02-15,Russia,Europe,11750,6630,6.0054675045682915
2021-02-15,Myanmar,Asia,11630,4813,6.736613246184539
2021-02-15,India,Asia,11074,6672,1.626511539943762
2021-02-15,Spain,Europe,10473,3871,4.798475402800208
2021-02-15,Australia,Oceania,9333,3451,1.5419527239010122
2021-02-15,Nigeria,Africa,8666,6041,1.8273928828002675
2021-02-15,China,Asia,6664,3376,2.0163420126226974
2021-02-15,France,Europe,6209,2836,2.978432351825795
2021-02-15,Iraq,Asia,6126,2838,2.94921975623889
2021-02-15,Israel,Asia,5957,3458,1.3702617114564548
2021-02-15,Canada,North America,5713,2621,0.7234735480270144
2021-02-15,Iran,Asia,5159,2229,1.9405575614012316
2021-02-15,Turkey,Asia,4862,2853,2.1832144701552756
2021-02-22,United States,North America,118642,46212,16.303149244185835
2021-02-22,Nigeria,Africa,14424,7864,3.36994888726617
2021-02-22,United Kingdom,Europe,14171,6039,2.505366934566548
2021-02-22,Myanmar,Asia,12644,5137,7.826434841543191
2021-02-22,Russia,Europe,11945,6546,5.355986896902855
2021-02-22,Saudi Arabia,Asia,10617,4327,3.907252577107155
2021-02-22,Iraq,Asia,9801,3372,2.787604237634414
2021-02-22,India,Asia,8373,5364,1.0662327700354537
2021-02-22,Australia,Oceania,7920,3209,0.9846181367382094
2021-02-22,China,Asia,7731,3471,2.3343569911364037
2021-02-22,Iran,Asia,6572,3343,2.571202457148737
2021-02-22,Germany,Europe,6235,2739,1.7405365587691697
2021-02-22,Canada,North America,5955,2613,0.5522769794588488
2021-02-22,France,Europe,5569,2833,3.113479549350034
2021-02-22,Mexico,North America,5468,2481,0.9821749797446782
2021-03-01,United States,North America,126045,46506,13.447155192178299
2021-03-01,Myanmar,Asia,21409,6810,8.019302737858354
2021-03-01,United Kingdom,Europe,16711,6192,2.6587838425005597
2021-03-01,Iraq,Asia,14707,3918,3.6757930812498576
2021-03-01,Russia,Europe,14065,6956,6.140598859189823
2021-03-01,Australia,Oceania,10360,3891,1.490324392950984
2021-03-01,Nigeria,Africa,10246,6150,2.4282847419395206
2021-03-01,France,Europe,9866,3678,5.482489316221508
2021-03-01,China,Asia,8471,3924,2.461353973444262
2021-03-01,Iran,Asia,7770,2374,1.3036071432935474
2021-03-01,India,Asia,7531,5138,1.2945888907346834
2021-03-01,Canada,North America,6673,2572,0.5149486798817402
2021-03-01,Saudi Arabia,Asia,5726,2751,2.247410676579824
2021-03-01,Mexico,North America,5213,2308,0.9452093860098433
2021-03-01,Afghanistan,Asia,5170,2372,1.5717419031332522
2021-03-08,United States,North America,122524,43556,13.658089750099803
2021-03-08,United Kingdom,Europe,26169,8126,6.229476594040885
2021-03-08,Myanmar,Asia,16932,6041,9.11466434454292
2021-03-08,Russia,Europe,10446,5521,5.486451044108611
2021-03-08,China,Asia,9029,4134,2.53744264779041
2021-03-08,Australia,Oceania,8536,2980,1.1132833487472553
2021-03-08,India,Asia,7513,4850,1.0683400755673544
2021-03-08,Nigeria,Africa,6947,4884,1.6675217682941401
2021-03-08,Israel,Asia,5904,2892,1.144156560177102
2021-03-08,Canada,North America,5900,2382,0.5479168811474657
2021-03-08,Mexico,North America,5408,2379,1.0186250710184028
2021-03-08,France,Europe,5357,2629,2.3335293998385707
2021-03-08,Iran,Asia,5102,1853,1.5979483224869342
2021-03-08,Italy,Europe,4975,1946,1.459549396461489
2021-03-08,Germany,Europe,4305,1532,1.3616000300709636
2021-03-15,United States,North America,153819,49680,15.906266843099518
2021-03-15,United Kingdom,Europe,19714,7943,3.614071418475429
2021-03-15,China,Asia,17733,6527,4.944003311018203
2021-03-15,Russia,Europe,12485,6919,7.329138465896015
2021-03-15,Australia,Oceania,10526,3652,1.93259372107638
2021-03-15,Myanmar,Asia,9795,3849,5.890359021373622
2021-03-15,Canada,North America,8261,2993,0.6011702045710138
2021-03-15,India,Asia,7737,4768,0.9228148865829557
2021-03-15,Nigeria,Africa,6334,4685,1.108635071409516
2021-03-15,Turkey,Asia,5862,2919,3.010225912192979
2021-03-15,Germany,Europe,5766,2012,2.0915663151082375
2021-03-15,Mexico,North America,5610,2602,1.360601599730529
2021-03-15,France,Europe,5578,2677,3.3941894455562394
2021-03-15,Israel,Asia,5026,3116,1.4478208480796213
2021-03-15,Syria,Asia,4450,2116,1.8503110569793213
2021-03-22,United States,North America,193707,56729,18.188048537687884
2021-03-22,China,Asia,20146,7463,4.623684568828175
2021-03-22,United Kingdom,Europe,19910,7917,4.200369531169048
2021-03-22,Myanmar,Asia,15468,5169,7.209368812467389
2021-03-22,Russia,Europe,11424,6164,4.727636115605274
2021-03-22,Canada,North America,11256,3980,1.139796293656346
2021-03-22,India,Asia,7230,4546,0.9431030924419925
2021-03-22,Bangladesh,Asia,6156,2690,1.302873067348566
2021-03-22,Australia,Oceania,5989,2611,1.1863450686275956
2021-03-22,France,Europe,5061,2436,2.3829426522495596
2021-03-22,North Korea,Asia,4707,1575,1.9580554374392545
2021-03-22,Mexico,North America,4698,2243,1.0228633659167936
2021-03-22,Israel,Asia,4652,2633,1.1919115120177861
2021-03-22,Nigeria,Africa,4432,3493,0.8269028320759401
2021-03-22,Indonesia,Asia,4390,1668,1.6907199790046556
2021-03-29,United States,North America,146105,47957,18.37738524566949
2021-03-29,United Kingdom,Europe,17696,6079,2.994816604102906
2021-03-29,Russia,Europe,13448,7513,6.590892906333096
2021-03-29,Myanmar,Asia,9340,3628,5.011236604260802
2021-03-29,India,Asia,9058,5009,1.8540988775848484
2021-03-29,China,Asia,8709,4304,2.932639033480284
2021-03-29,France,Europe,6984,3301,4.085013488430587
2021-03-29,Ukraine,Europe,6954,4023,3.588872236566123
2021-03-29,Canada,North America,6853,2873,0.8636850493658127
2021-03-29,Indonesia,Asia,6503,3396,1.878113779392927
2021-03-29,Israel,Asia,5215,2423,1.2258752312438195
2021-03-29,Germany,Europe,5018,1723,1.7205647128806831
2021-03-29,Australia,Oceania,4939,2154,1.022864567869285
2021-03-29,Nigeria,Africa,4927,3769,0.8584167154274411
2021-03-29,Mexico,North America,4919,2414,1.3449127745682807
2021-04-05,United States,North America,141622,45968,13.851773767043845
2021-04-05,United Kingdom,Europe,25107,7684,5.928483717936855
2021-04-05,Russia,Europe,14898,7996,6.743505800683503
2021-04-05,India,Asia,10785,6039,2.2380269393245578
2021-04-05,Ukraine,Europe,9479,5446,3.9633802595818235
2021-04-05,China,Asia,7926,3988,3.9845139236996356
2021-04-05,Myanmar,Asia,7008,2736,5.672195915123527
2021-04-05,Israel,Asia,6280,3398,1.9222978224698115
2021-04-05,Canada,North America,6104,2444,0.5840735270329347
2021-04-05,Australia,Oceania,5875,2097,0.7890516271934377
2021-04-05,Ireland,Europe,5632,1444,1.9735021719246377
2021-04-05,Iran,Asia,5431,1951,1.3820916779838373
2021-04-05,Nigeria,Africa,5282,3924,1.4229421463539529
2021-04-05,France,Europe,4183,2473,2.9479105603722835
2021-04-05,Turkey,Asia,4018,2160,2.0972487056483886
2021-04-12,United States,North America,219747,61061,24.382286063212483
2021-04-12,Russia,Europe,31354,13650,12.853632511480098
2021-04-12,United Kingdom,Europe,15223,5475,2.1157222962051803
2021-04-12,Ukraine,Europe,10127,5751,3.5987269098437107
2021-04-12,China,Asia,8583,3845,3.7636544939708605
2021-04-12,France,Europe,7359,3649,3.3516024032314733
2021-04-12,Israel,Asia,7222,3960,2.7933141181030163
2021-04-12,Australia,Oceania,7214,2254,0.6995327690031626
2021-04-12,India,Asia,7091,4300,1.3770791049002882
2021-04-12,Pakistan,Asia,5763,3217,1.3004364964581396
2021-04-12,Canada,North America,5204,2495,0.6127475332126904
2021-04-12,Nigeria,Africa,5032,3704,0.9730929299399468
2021-04-12,Afghanistan,Asia,4585,2408,1.6343047711104493
2021-04-12,Iran,Asia,4442,2027,1.6941362902389348
2021-04-12,Mexico,North America,4249,2059,0.5341163688859962
2021-04-19,United States,North America,255893,66050,25.82509628114953
2021-04-19,Russia,Europe,30276,13895,13.883941552956554
2021-04-19,Israel,Asia,15107,6923,5.952006744016399
2021-04-19,United Kingdom,Europe,14886,5821,1.5812790284111444
2021-04-19,France,Europe,11777,4700,3.837249727458601
2021-04-19,India,Asia,10446,5326,1.7165299971047427
2021-04-19,Ukraine,Europe,8220,4589,2.4605352564029372
2021-04-19,Australia,Oceania,7626,2488,0.9985645114420886
2021-04-19,Canada,North America,7274,3016,0.5359365409012478
2021-04-19,Chad,Africa,6722,2995,8.12213453280193
2021-04-19,Nigeria,Africa,6637,4858,1.5309316411974079
2021-04-19,China,Asia,6270,3284,1.7052493340443124
2021-04-19,Turkey,Asia,4905,2066,1.5614529157490822
2021-04-19,Germany,Europe,4633,1849,1.130052175371862
2021-04-19,Pakistan,Asia,4499,2558,1.0615667916356488
2021-04-26,United States,North America,163227,50686,13.623697531743089
2021-04-26,Russia,Europe,17553,8922,9.519534160504337
2021-04-26,United Kingdom,Europe,15553,5434,2.402368560237289
2021-04-26,Israel,Asia,12591,5197,3.699921519311292
2021-04-26,India,Asia,10904,5773,3.0621676103868944
2021-04-26,Iran,Asia,9239,2325,1.6079858442348745
2021-04-26,Nigeria,Africa,8444,6187,1.7758848601002277
2021-04-26,France,Europe,6990,3466,3.172771539996418
2021-04-26,China,Asia,6512,3345,2.3867038749711544
2021-04-26,Ukraine,Europe,6206,3027,1.4704288019103098
2021-04-26,Canada,North America,5760,2516,0.49753914350804473
2021-04-26,Afghanistan,Asia,5596,2096,1.7866719153068622
2021-04-26,Australia,Oceania,5356,2371,1.1029945454066128
2021-04-26,Italy,Europe,5199,2098,1.557493139367164
2021-04-26,Germany,Europe,4316,1889,1.6574865100761582
2021-05-03,United States,North America,136458,46307,11.370608959181274
2021-05-03,Israel,Asia,35673,12791,15.770555618905087
2021-05-03,United Kingdom,Europe,15241,5677,3.1134347157046043
2021-05-03,Russia,Europe,9663,5592,4.702096802817484
2021-05-03,India,Asia,8441,4811,1.9925194156140582
2021-05-03,Afghanistan,Asia,7481,3892,3.370154713377594
2021-05-03,China,Asia,7211,3484,2.8574419593304063
2021-05-03,Nigeria,Africa,6970,4966,1.6448790537718285
2021-05-03,Australia,Oceania,5961,2451,0.9345383349874613
2021-05-03,Canada,North America,5849,2403,0.5316089662807525
2021-05-03,Brazil,South America,5195,2420,2.6526534961242896
2021-05-03,Italy,Europe,5185,2102,1.2284339701094467
2021-05-03,Colombia,South America,5130,3097,5.868204768227227
2021-05-03,Germany,Europe,4817,2154,1.5733370570595746
2021-05-03,France,Europe,4661,2901,2.5710390771522955
2021-05-10,Israel,Asia,385480,81863,72.51017125987255
2021-05-10,United States,North America,139988,44685,5.680042688022116
2021-05-10,Palestine,Asia,16103,6082,1.9836982689002987
2021-05-10,Russia,Europe,15056,7790,4.4476462495627915
2021-05-10,United Kingdom,Europe,14918,6131,1.5958060437019106
2021-05-10,India,Asia,8273,4386,0.6458596620713576
2021-05-10,China,Asia,7571,3510,1.4181720120126735
2021-05-10,France,Europe,7068,3061,1.1215107871585832
2021-05-10,Canada,North America,5481,2433,0.2552806163047138
2021-05-10,Nigeria,Africa,4878,3610,1.0785005250541768
2021-05-10,Afghanistan,Asia,4562,2494,1.3115535508352845
2021-05-10,Germany,Europe,4139,1923,0.4329357586237208
2021-05-10,Egypt,Africa,3991,1173,0.3028305815050739
2021-05-10,Lebanon,Asia,3901,933,0.32237337411280004
2021-05-10,Ukraine,Europe,3799,2556,0.6525108637503153
2021-05-17,Israel,Asia,213256,52051,55.537835456352276
2021-05-17,United States,North America,136235,44932,8.31338493907884
2021-05-17,United Kingdom,Europe,13118,5389,1.5258844614595568
2021-05-17,Palestine,Asia,10655,4005,1.5709280930679494
2021-05-17,Russia,Europe,10437,5978,4.607067246820972
2021-05-17,India,Asia,6698,4255,1.0705792105616831
2021-05-17,China,Asia,6431,3519,1.36789667479961
2021-05-17,Nigeria,Africa,5930,4541,1.2965508966952761
2021-05-17,Egypt,Africa,5650,1404,0.39753796064124863
2021-05-17,Lebanon,Asia,5556,1049,0.44908295254383074
2021-05-17,Spain,Europe,4643,2124,0.909012528260794
2021-05-17,Canada,North America,4622,2421,0.37030444246144484
2021-05-17,Australia,Oceania,4500,1836,0.5296756030571911
2021-05-17,France,Europe,4297,2099,1.902896023293126
2021-05-17,Germany,Europe,3745,1824,0.7763539763204474
2021-05-24,United States,North America,156426,49450,12.23984541877611
2021-05-24,Israel,Asia,39064,15926,12.026800743113316
2021-05-24,Belarus,Europe,22921,8512,10.388242619195582
2021-05-24,United Kingdom,Europe,15785,5901,2.1353438876616
2021-05-24,Russia,Europe,13812,7776,4.876800096194598
2021-05-24,China,Asia,9898,4325,2.7363870460392214
2021-05-24,India,Asia,7782,4217,1.1383543405750305
2021-05-24,Nigeria,Africa,6149,4458,1.5151561718288846
2021-05-24,France,Europe,5951,2814,3.346582946598721
2021-05-24,Ukraine,Europe,5220,2926,1.3748478718955983
2021-05-24,Canada,North America,4719,2267,0.466473905667409
2021-05-24,Mexico,North America,4522,2008,0.69714981838265
2021-05-24,Afghanistan,Asia,4429,1982,1.6244773554751104
2021-05-24,Australia,Oceania,4081,2174,0.8640993883636015
2021-05-24,Italy,Europe,3857,1979,1.3274945969714878
2021-05-31,United States,North America,111051,40516,11.30616141305903
2021-05-31,Israel,Asia,18092,9195,6.628646649687518
2021-05-31,Poland,Europe,16998,865,0.6433542083074903
2021-05-31,China,Asia,13942,5181,4.132505570967915
2021-05-31,Russia,Europe,13124,6462,7.292484644392205
2021-05-31,United Kingdom,Europe,12480,4363,1.8401738137764625
2021-05-31,Nigeria,Africa,9772,6681,3.6611650933885804
2021-05-31,India,Asia,6791,4386,1.1666364218635032
2021-05-31,France,Europe,6063,2534,4.237779215884216
2021-05-31,Canada,North America,5619,2144,0.5070105884049707
2021-05-31,Belarus,Europe,5571,2507,2.7537419124663396
2021-05-31,Afghanistan,Asia,5140,2483,1.958980742503753
2021-05-31,Mexico,North America,4606,1975,0.991569637452017
2021-05-31,Australia,Oceania,4280,1977,1.1286981556803417
2021-05-31,Pakistan,Asia,3958,2298,0.9492339253382607
2021-06-07,United States,North America,113765,41901,11.89249786419727
2021-06-07,United Kingdom,Europe,20447,6120,3.4136364595052697
2021-06-07,Israel,Asia,15141,8331,8.36480467813939
2021-06-07,Russia,Europe,13027,6646,6.673925218715255
2021-06-07,China,Asia,11643,4595,3.717388636573375
2021-06-07,Canada,North America,9120,4028,1.6253719317529276
2021-06-07,Nigeria,Africa,6927,5093,2.455990882430712
2021-06-07,France,Europe,6487,3290,4.860181802210919
2021-06-07,India,Asia,6075,4103,0.8529928090835037
2021-06-07,Afghanistan,Asia,5761,2607,2.275092427973682
2021-06-07,Australia,Oceania,5524,2520,1.3431390556371132
2021-06-07,Mexico,North America,5402,2490,1.4380080413479792
2021-06-07,Pakistan,Asia,3960,2373,1.2401002472595806
2021-06-07,Ukraine,Europe,3386,2185,1.2488561697131553
2021-06-07,Germany,Europe,3053,1450,1.246368292194362
2021-06-14,United States,North America,115440,42305,13.748196354486119
2021-06-14,Israel,Asia,21062,10056,10.27632216020267
2021-06-14,Russia,Europe,16983,8041,7.48330814947269
2021-06-14,United Kingdom,Europe,11427,5145,2.7199971316527027
2021-06-14,China,Asia,9056,4273,3.4959192933311134
2021-06-14,India,Asia,6808,4320,0.9838174024780614
2021-06-14,France,Europe,5813,2496,3.0978716657939622
2021-06-14,Nigeria,Africa,5644,4283,2.01791251583724
2021-06-14,Canada,North America,5238,2562,0.6755026507760238
2021-06-14,Australia,Oceania,4587,2209,0.9084938417976606
2021-06-14,Ukraine,Europe,4105,2592,1.2533191449675736
2021-06-14,Mexico,North America,3490,1878,0.7324700012369584
2021-06-14,Germany,Europe,3477,1592,1.2011238520525933
2021-06-14,Pakistan,Asia,3125,2146,0.9732210870072712
2021-06-14,Afghanistan,Asia,2921,1648,1.4136353810885844
2021-06-21,United States,North America,137090,45882,16.875971359627446
2021-06-21,Russia,Europe,15824,8406,8.848465833245916
2021-06-21,United Kingdom,Europe,15493,6327,3.8599875711154854
2021-06-21,Israel,Asia,11107,5979,3.2198205094406953
2021-06-21,China,Asia,8542,4281,3.2661153407907384
2021-06-21,Canada,North America,8261,3343,1.0322222640185554
2021-06-21,Spain,Europe,7887,3302,2.527438854227693
2021-06-21,India,Asia,6502,4341,1.4972026643618965
2021-06-21,France,Europe,6501,2319,3.8305713837759234
2021-06-21,Australia,Oceania,5187,2452,1.3702586032824386
2021-06-21,Afghanistan,Asia,5134,2633,2.065688919767154
2021-06-21,Nigeria,Africa,4852,3658,1.1416226958341955
2021-06-21,Ukraine,Europe,4208,2639,1.4562190597703055
2021-06-21,Germany,Europe,4048,2062,1.657026045145765
2021-06-21,Pakistan,Asia,4004,2643,1.0123742989480158
2021-06-28,United States,North America,121284,43960,16.905524225157773
2021-06-28,United Kingdom,Europe,13293,5922,3.008332150263604
2021-06-28,Afghanistan,Asia,12151,3840,3.8625890042614133
2021-06-28,Russia,Europe,10888,6320,6.929931968738177
2021-06-28,Israel,Asia,9100,5990,3.924903537705532
2021-06-28,China,Asia,7898,3793,2.4454280253103144
2021-06-28,Iraq,Asia,7160,2439,2.5910579694554094
2021-06-28,India,Asia,6554,4282,1.052134707390895
2021-06-28,Canada,North America,5972,2676,0.8355723776441245
2021-06-28,Nigeria,Africa,5583,3872,1.343838110334179
2021-06-28,Italy,Europe,4898,1539,1.5154807843909635
2021-06-28,Australia,Oceania,4732,2015,1.0688917735534782
2021-06-28,Philippines,Asia,4712,904,1.0959957493723063
2021-06-28,South Africa,Africa,4541,2577,2.0042730672566993
2021-06-28,Pakistan,Asia,4509,2885,1.1062446223105007
2021-07-05,United States,North America,110322,41040,12.445407042329595
2021-07-05,Haiti,North America,27911,9480,15.425283451706983
2021-07-05,United Kingdom,Europe,14418,4842,2.5118958411302894
2021-07-05,Afghanistan,Asia,12964,6832,5.538350664508763
2021-07-05,Russia,Europe,10536,6139,4.649267252041903
2021-07-05,China,Asia,7600,3398,1.8717762900995067
2021-07-05,Nigeria,Africa,7416,5410,3.086102854467997
2021-07-05,Israel,Asia,6996,4293,3.149333106919259
2021-07-05,India,Asia,6218,4340,1.0157119036722262
2021-07-05,Colombia,South America,5918,2257,2.2956720320286714
2021-07-05,South Africa,Africa,5488,3086,2.424274408013062
2021-07-05,Canada,North America,5252,2468,0.6919826224759145
2021-07-05,France,Europe,4600,2139,1.4979898863313645
2021-07-05,Australia,Oceania,4428,1854,0.9546930382852806
2021-07-05,Spain,Europe,3962,1981,1.6190011778413382
2021-07-12,United States,North America,120694,43197,11.922979532838045
2021-07-12,Haiti,North America,14869,5258,5.191593818324813
2021-07-12,Afghanistan,Asia,12165,6142,5.123841320340864
2021-07-12,South Africa,Africa,11639,6639,8.062833350819897
2021-07-12,United Kingdom,Europe,10504,4254,1.6529174394516435
2021-07-12,Russia,Europe,9225,5235,6.114899646693398
2021-07-12,Cuba,North America,8887,3635,4.574738723183542
2021-07-12,China,Asia,8233,3914,3.283114066967301
2021-07-12,Germany,Europe,8085,2352,2.43145539549866
2021-07-12,Israel,Asia,7011,4000,1.8204521741480217
2021-07-12,Pakistan,Asia,6278,3827,1.5985697389487818
2021-07-12,Netherlands,Europe,6020,1105,1.490051110348214
2021-07-12,India,Asia,5738,3973,1.0147046745120716
2021-07-12,France,Europe,5649,2203,3.0419075835795346
2021-07-12,Canada,North America,5398,2402,0.6494403241400396
2021-07-19,United States,North America,123020,41454,15.033120081063426
2021-07-19,United Kingdom,Europe,9943,4186,1.7983690499758251
2021-07-19,Afghanistan,Asia,9322,4771,4.091264736272996
2021-07-19,Israel,Asia,9033,4960,2.872880964560407
2021-07-19,Russia,Europe,7985,5128,4.9023362964959185
2021-07-19,China,Asia,6862,3770,4.56199914887356
2021-07-19,Canada,North America,6460,2629,0.601089302425034
2021-07-19,Australia,Oceania,6101,2297,2.197399200526033
2021-07-19,India,Asia,5835,3993,1.1781470445239932
2021-07-19,Haiti,North America,5738,1827,2.413813031812894
2021-07-19,Nigeria,Africa,5691,4047,1.6871695956957018
2021-07-19,Pakistan,Asia,4858,2677,1.4879855471112722
2021-07-19,France,Europe,4701,2172,3.4361644374432068
2021-07-19,South Africa,Africa,4391,2436,2.166745425873919
2021-07-19,Cuba,North America,3672,1875,2.9210202495316477
2021-07-26,United States,North America,103055,37365,11.041673512870405
2021-07-26,Israel,Asia,13598,6429,5.0979389088744655
2021-07-26,United Kingdom,Europe,11597,4713,2.3784541242124266
2021-07-26,Afghanistan,Asia,11350,6024,6.771080513055343
2021-07-26,Russia,Europe,8772,4952,4.376321159280481
2021-07-26,Turkey,Asia,7485,2679,3.207170231629532
2021-07-26,China,Asia,6444,3659,3.3735658981194634
2021-07-26,India,Asia,5847,3798,0.8286966605531669
2021-07-26,Iran,Asia,5348,1751,1.6357677028607944
2021-07-26,Nigeria,Africa,4886,3742,1.433199030500879
2021-07-26,France,Europe,4767,2104,3.592144194814417
2021-07-26,Pakistan,Asia,4727,2980,1.4247509072996958
2021-07-26,Iraq,Asia,4313,2076,2.3552948141271925
2021-07-26,Germany,Europe,4145,1699,1.5851797754545298
2021-07-26,Italy,Europe,3384,1304,1.1768316930053366
2021-08-02,United States,North America,87915,34255,11.249306072197086
2021-08-02,Afghanistan,Asia,23120,9970,12.39037489292661
2021-08-02,Israel,Asia,11919,6298,4.329767510658608
2021-08-02,United Kingdom,Europe,9970,4306,2.4152958252500176
2021-08-02,Greece,Europe,8127,2935,4.3269653864189594
2021-08-02,Lebanon,Asia,6936,2656,2.857249643654411
2021-08-02,Russia,Europe,6719,4368,3.601658034659813
2021-08-02,Turkey,Asia,5367,2468,2.11291840811102
2021-08-02,India,Asia,5276,3565,1.1121321995617806
2021-08-02,China,Asia,5256,2927,2.9249854691558648
2021-08-02,Iran,Asia,4887,2592,2.647489557822065
2021-08-02,Pakistan,Asia,4875,2492,1.25466680080546
2021-08-02,Nigeria,Africa,3725,3023,2.261520919842719
2021-08-02,Germany,Europe,3420,1394,1.6466314152240835
2021-08-02,Ukraine,Europe,3402,2248,1.2722809900859273
2021-08-09,United States,North America,84973,32662,11.87754775709881
2021-08-09,Afghanistan,Asia,36405,14526,22.29799333504473
2021-08-09,United Kingdom,Europe,15872,5259,3.101428223970535
2021-08-09,Russia,Europe,8866,4809,4.569552020809064
2021-08-09,Canada,North America,8692,2931,1.4942203302235717
2021-08-09,China,Asia,7211,3357,3.680663215331005
2021-08-09,Israel,Asia,6234,3459,3.222947702118786
2021-08-09,Germany,Europe,5043,1556,1.3041975982413974
2021-08-09,Pakistan,Asia,4362,2536,1.173702369177439
2021-08-09,Greece,Europe,4199,1734,2.447595709502274
2021-08-09,India,Asia,4099,3002,0.6841167064104482
2021-08-09,France,Europe,3871,1914,1.800980758380204
2021-08-09,Mexico,North America,3533,1335,0.6193021706477395
2021-08-09,Australia,Oceania,3424,1336,0.9610791245728503
2021-08-09,Nigeria,Africa,2975,2274,1.1579167413606712
2021-08-16,United States,North America,90507,35065,10.733098143832548
2021-08-16,Afghanistan,Asia,71530,25189,34.81747921397006
2021-08-16,United Kingdom,Europe,14766,4877,2.8218648686666348
2021-08-16,Russia,Europe,11943,6112,5.4774049973379
2021-08-16,Israel,Asia,10750,5267,4.292443544559329
2021-08-16,China,Asia,6445,2617,1.7885531730772686
2021-08-16,Germany,Europe,6437,2209,1.9215991765455294
2021-08-16,Pakistan,Asia,5901,3130,1.1975551907064756
2021-08-16,France,Europe,4912,1951,1.3298878721401017
2021-08-16,India,Asia,4893,3151,0.6245663941451092
2021-08-16,Australia,Oceania,4543,1976,2.285534722014962
2021-08-16,Ukraine,Europe,4238,2279,0.8291602758163513
2021-08-16,Canada,North America,4031,1757,0.5161995270004724
2021-08-16,Nigeria,Africa,3869,3020,1.6689343637715517
2021-08-16,Spain,Europe,2809,857,0.4212657306647394
2021-08-23,United States,North America,143129,48779,18.031494149149395
2021-08-23,Afghanistan,Asia,96285,28665,32.39799665715286
2021-08-23,United Kingdom,Europe,21411,6305,2.7673829489696185
2021-08-23,Israel,Asia,14092,6173,4.434425544309983
2021-08-23,Russia,Europe,10449,6146,4.033454631623015
2021-08-23,India,Asia,7215,4888,0.6320181084051518
2021-08-23,China,Asia,5900,3095,1.6747235685962403
2021-08-23,Nigeria,Africa,5727,4119,1.7320749251008645
2021-08-23,Germany,Europe,5513,1983,1.4392770670967845
2021-08-23,Pakistan,Asia,4609,2590,0.6864070016824652
2021-08-23,Australia,Oceania,4511,2084,0.8296231023659834
2021-08-23,Mexico,North America,4474,1829,0.80980086072609
2021-08-23,Turkey,Asia,4205,1315,0.8478346866606679
2021-08-23,Canada,North America,4121,1946,0.436094811361779
2021-08-23,France,Europe,3818,1704,0.963696885573267
2021-08-30,United States,North America,138280,45874,17.307306536474485
2021-08-30,Afghanistan,Asia,49514,18037,22.162361664367687
2021-08-30,United Kingdom,Europe,12752,4759,2.30408644197893
2021-08-30,Russia,Europe,9301,5281,4.767557350096239
2021-08-30,Israel,Asia,6283,4024,1.9749234350035083
2021-08-30,India,Asia,6138,3988,0.9911237664587198
2021-08-30,Pakistan,Asia,5593,2980,1.1718260788663089
2021-08-30,Nigeria,Africa,5231,3902,1.9627540675669608
2021-08-30,France,Europe,5080,1522,1.5410957318856506
2021-08-30,New Zealand,Oceania,4895,1644,1.8021492665598133
2021-08-30,China,Asia,4682,2717,1.802461140359637
2021-08-30,Canada,North America,3896,2007,0.4616492863596898
2021-08-30,Australia,Oceania,3453,1783,0.7786907008079252
2021-08-30,Ukraine,Europe,3177,2092,0.895409749370128
2021-08-30,Brazil,South America,2799,1627,1.6962382050580294
2021-09-06,United States,North America,112459,41326,14.32483097637687
2021-09-06,Afghanistan,Asia,33472,12245,13.92304760390415
2021-09-06,Israel,Asia,12112,6892,6.510492696583373
2021-09-06,United Kingdom,Europe,11767,4020,1.4254899360588573
2021-09-06,Russia,Europe,9784,5938,4.930348844673462
2021-09-06,China,Asia,6698,2971,2.5841822574513946
2021-09-06,India,Asia,6011,4066,0.8165281734688619
2021-09-06,France,Europe,5486,2206,3.204259190548603
2021-09-06,Pakistan,Asia,4788,2788,1.3956867291647976
2021-09-06,Mexico,North America,4310,1530,1.2344718602799285
2021-09-06,Nigeria,Africa,4300,3216,1.152135113136949
2021-09-06,Ukraine,Europe,4008,2443,1.3164295373403234
2021-09-06,Canada,North America,3926,2064,0.6388890553356308
2021-09-06,Australia,Oceania,3840,1984,0.8066379300260161
2021-09-06,Indonesia,Asia,3698,1567,1.4241797380843348
2021-09-13,United States,North America,115872,42264,16.97151558358716
2021-09-13,Afghanistan,Asia,15352,6577,5.724694672083104
2021-09-13,France,Europe,13740,4324,4.626462191426661
2021-09-13,United Kingdom,Europe,12087,5327,2.5956977873446445
2021-09-13,Russia,Europe,11996,6069,5.354346369908603
2021-09-13,Israel,Asia,10564,5416,4.843692929578766
2021-09-13,China,Asia,8440,4205,3.004203171899204
2021-09-13,India,Asia,7592,4704,0.8411814814925318
2021-09-13,Australia,Oceania,6737,3058,1.9149003882750244
2021-09-13,Mexico,North America,5522,2223,1.1972947285673798
2021-09-13,Canada,North America,5204,2372,0.6926536440516399
2021-09-13,Nigeria,Africa,4910,3782,1.4433697134936028
2021-09-13,North Korea,Asia,4302,1163,1.2682133193791354
2021-09-13,Spain,Europe,4026,1458,0.9679487837746789
2021-09-13,Pakistan,Asia,3831,2316,1.0186025908922933
2021-09-20,United States,North America,113389,44368,14.40002069387357
2021-09-20,United Kingdom,Europe,21371,5972,2.5598510365818314
2021-09-20,Russia,Europe,16757,7511,8.41706501703807
2021-09-20,Israel,Asia,13959,5424,4.404708875606451
2021-09-20,France,Europe,11441,4526,6.913643094490847
2021-09-20,Afghanistan,Asia,10890,4642,3.7068419635305903
2021-09-20,China,Asia,10096,4600,3.995688087658994
2021-09-20,Canada,North America,8712,3334,2.3378869642092788
2021-09-20,Spain,Europe,7917,3186,2.1183257588687403
2021-09-20,India,Asia,7712,5138,2.139121497001364
2021-09-20,Haiti,North America,7671,1751,1.1705318432196787
2021-09-20,Mexico,North America,6850,2297,1.2632754697615585
2021-09-20,Germany,Europe,6000,2363,2.28703102393616
2021-09-20,Australia,Oceania,4940,2745,1.6979036859205519
2021-09-20,Palestine,Asia,4850,1121,0.4463333445635902
2021-09-27,United States,North America,117490,46294,12.646884976766133
2021-09-27,United Kingdom,Europe,25845,7257,4.604670599862903
2021-09-27,Afghanistan,Asia,11909,5298,3.776964729065643
2021-09-27,Russia,Europe,9943,6034,4.433183678251697
2021-09-27,France,Europe,8784,3769,7.110774217183456
2021-09-27,Israel,Asia,8402,5440,2.732432734165014
2021-09-27,India,Asia,7914,5031,1.2113460440101513
2021-09-27,China,Asia,7652,3827,2.427919744066743
2021-09-27,Nigeria,Africa,5596,4249,1.7369821152280698
2021-09-27,Canada,North America,5188,2347,0.6654981459747995
2021-09-27,Australia,Oceania,4610,2185,1.3163262359044707
2021-09-27,Pakistan,Asia,4449,3053,1.2593752687314104
2021-09-27,North Korea,Asia,4413,1180,1.0118969607338932
2021-09-27,Germany,Europe,4377,1963,1.485485768478132
2021-09-27,Ukraine,Europe,4006,2657,1.6142302795133303
2021-10-04,United States,North America,123618,43125,13.179058546594955
2021-10-04,United Kingdom,Europe,14037,5386,2.7560938571583837
2021-10-04,Russia,Europe,13575,6755,9.017306715445102
2021-10-04,Afghanistan,Asia,12395,5188,6.442766716576436
2021-10-04,India,Asia,12061,7004,2.29469736386538
2021-10-04,France,Europe,6057,2973,4.3330575526675466
2021-10-04,China,Asia,6017,3421,2.589582115831878
2021-10-04,Israel,Asia,5322,3642,1.8636529284611607
2021-10-04,Pakistan,Asia,4841,2556,1.1017360350591914
2021-10-04,Italy,Europe,4430,1750,2.0491950358799844
2021-10-04,Canada,North America,4380,1771,0.5293990319629036
2021-10-04,Nigeria,Africa,4259,3274,1.2849565227638446
2021-10-04,Germany,Europe,4183,1620,1.1858370412509123
2021-10-04,Ukraine,Europe,3463,2311,1.4731534375198811
2021-10-04,Australia,Oceania,3074,1725,0.8644502074111988
2021-10-11,United States,North America,114917,43273,13.082145900956311
2021-10-11,United Kingdom,Europe,27335,8449,7.65606443689818
2021-10-11,Russia,Europe,9040,5195,5.662422591666605
2021-10-11,Afghanistan,Asia,9021,3900,4.577078538477071
2021-10-11,India,Asia,7823,5618,1.5829637155979432
2021-10-11,China,Asia,7417,3589,2.6055230715917808
2021-10-11,Norway,Europe,6941,1885,4.310324593657118
2021-10-11,Israel,Asia,5487,3602,1.415621585564101
2021-10-11,Lebanon,Asia,4390,1840,4.179395417395376
2021-10-11,Italy,Europe,4160,1961,1.6124263760019546
2021-10-11,France,Europe,3958,2529,2.239837222351596
2021-10-11,Pakistan,Asia,3862,2544,0.9843197168462631
2021-10-11,Nigeria,Africa,3518,2659,1.0844445635164466
2021-10-11,Germany,Europe,3127,1255,1.1453027897500834
2021-10-11,Haiti,North America,2940,452,1.1992922533260342
2021-10-18,United States,North America,140890,45918,20.630835604116793
2021-10-18,United Kingdom,Europe,20383,7395,4.228289346843139
2021-10-18,Russia,Europe,16092,6853,6.5982153254086136
2021-10-18,India,Asia,7183,4808,1.5413474114413512
2021-10-18,Israel,Asia,6709,3594,1.5755541224319314
2021-10-18,Haiti,North America,6437,1576,1.611203180626945
2021-10-18,Nigeria,Africa,6141,4240,1.5761032876082277
2021-10-18,China,Asia,6019,3241,1.923492399620877
2021-10-18,Afghanistan,Asia,5096,2277,1.7369468212810037
2021-10-18,Ukraine,Europe,4890,2587,1.7190935342799858
2021-10-18,Pakistan,Asia,4762,2694,1.2575056401313933
2021-10-18,France,Europe,4692,2198,2.1850827787597984
2021-10-18,Mexico,North America,4638,2356,1.2737316286278328
2021-10-18,Australia,Oceania,3933,2042,0.8402948577907681
2021-10-18,Canada,North America,3746,1773,0.4119949846364403
2021-10-25,United States,North America,116869,43827,15.15085503243062
2021-10-25,United Kingdom,Europe,17752,6696,3.8101491522661926
2021-10-25,Sudan,Africa,13933,5758,13.40617364783124
2021-10-25,Russia,Europe,9270,6012,5.104805557334474
2021-10-25,China,Asia,5921,3222,2.711920106978497
2021-10-25,India,Asia,5836,3976,1.0292270974397213
2021-10-25,Israel,Asia,5279,3346,1.4430445998231052
2021-10-25,France,Europe,4979,2680,2.7420614269995265
2021-10-25,Ukraine,Europe,4369,2748,1.1497973936666173
2021-10-25,Somalia,Africa,4272,2898,0.7541042246100484
2021-10-25,Afghanistan,Asia,4155,2211,2.0538539028297236
2021-10-25,Australia,Oceania,3728,2006,1.013498013875412
2021-10-25,Italy,Europe,3636,1790,1.3981166638306792
2021-10-25,Pakistan,Asia,3467,2455,1.205795622680691
2021-10-25,Nigeria,Africa,3458,2756,0.8576077354231243
2021-11-01,United States,North America,123760,41882,13.308158209421322
2021-11-01,United Kingdom,Europe,18267,6104,3.0619625893332176
2021-11-01,Russia,Europe,10191,5471,5.437397615018751
2021-11-01,Mexico,North America,6448,2681,1.8344017501221401
2021-11-01,China,Asia,6173,3106,2.7933717642139384
2021-11-01,Ethiopia,Africa,6091,2907,5.82812511156161
2021-11-01,Israel,Asia,5968,3687,1.7640715292052391
2021-11-01,Iraq,Asia,5534,1895,3.6237753281279925
2021-11-01,Afghanistan,Asia,5417,3095,3.0889445904976136
2021-11-01,France,Europe,4907,2536,3.4262575814798213
2021-11-01,Australia,Oceania,4900,2257,1.364833181585022
2021-11-01,India,Asia,4735,2948,0.7627464023105613
2021-11-01,Iran,Asia,4175,1741,1.84207838272955
2021-11-01,Ukraine,Europe,3737,2578,2.121497379561517
2021-11-01,Germany,Europe,3681,1746,1.4269746466834294
2021-11-08,United States,North America,123129,41824,11.774254659524377
2021-11-08,United Kingdom,Europe,13164,5425,2.5835970189437694
2021-11-08,Russia,Europe,10907,6794,5.139800502976018
2021-11-08,Poland,Europe,8553,4459,4.252000819063571
2021-11-08,Belarus,Europe,8162,4241,5.079718286173849
2021-11-08,India,Asia,6607,4714,1.491946881724961
2021-11-08,China,Asia,6477,3217,2.1381841306151412
2021-11-08,Israel,Asia,6354,3851,1.655020274771917
2021-11-08,Afghanistan,Asia,5139,2574,1.899103104225045
2021-11-08,France,Europe,4896,2765,3.517771026235258
2021-11-08,Ukraine,Europe,4448,2928,1.8352530774125249
2021-11-08,Nigeria,Africa,4016,3061,1.2067547088155772
2021-11-08,Iraq,Asia,3623,1559,1.7157263657511876
2021-11-08,Australia,Oceania,3602,2011,0.8294061474629446
2021-11-08,Germany,Europe,3464,1698,1.631380742935987
2021-11-15,United States,North America,164992,47598,19.3622711756937
2021-11-15,United Kingdom,Europe,15256,5701,3.9515581160766984
2021-11-15,Russia,Europe,10694,6775,6.457595372138424
2021-11-15,Israel,Asia,9142,5379,3.18046044503729
2021-11-15,Poland,Europe,8522,3542,3.227528877230756
2021-11-15,India,Asia,7379,5006,1.9595784118665427
2021-11-15,China,Asia,6674,3181,2.236577833759381
2021-11-15,Belarus,Europe,5803,2747,3.049777954346002
2021-11-15,Ukraine,Europe,5210,3366,1.7437600695826911
2021-11-15,Nigeria,Africa,4717,3475,1.1275872515260514
2021-11-15,France,Europe,4158,2198,2.483934398093319
2021-11-15,Canada,North America,3418,2109,0.7549221783489246
2021-11-15,Pakistan,Asia,3285,2077,0.9914719194050521
2021-11-15,Sudan,Africa,3228,1760,3.0206715709367122
2021-11-15,Mexico,North America,3050,1958,0.7317801412346692
2021-11-22,United States,North America,104687,35270,17.69227055115853
2021-11-22,United Kingdom,Europe,17515,6315,3.6998876913683008
2021-11-22,Russia,Europe,9641,6257,4.3223470780665245
2021-11-22,Israel,Asia,7798,4891,4.00684949827384
2021-11-22,France,Europe,7464,3489,3.9716351150071927
2021-11-22,India,Asia,7372,4803,1.1321147633270048
2021-11-22,China,Asia,5920,3136,2.5409557284118143
2021-11-22,South Africa,Africa,5378,2867,1.9055602172961423
2021-11-22,Ukraine,Europe,5134,3353,1.716910788815801
2021-11-22,Australia,Oceania,4813,2318,1.001023891808595
2021-11-22,Germany,Europe,4787,1892,1.9347929141884994
2021-11-22,Nigeria,Africa,3793,3016,1.0693465302179228
2021-11-22,Pakistan,Asia,3491,2250,0.9940612054024849
2021-11-22,Canada,North America,2955,1882,0.551741066044395
2021-11-22,Italy,Europe,2852,1713,1.367252500392084
2021-11-29,United States,North America,136061,44699,17.340554563375168
2021-11-29,Russia,Europe,15098,8069,8.451239968758298
2021-11-29,United Kingdom,Europe,12071,4935,2.48686620534382
2021-11-29,Israel,Asia,8508,4471,2.6334069286249595
2021-11-29,Ukraine,Europe,8274,4205,3.4173114559693856
2021-11-29,China,Asia,5927,2885,1.7586434251524383
2021-11-29,India,Asia,5923,3935,2.2522432378233286
2021-11-29,South Africa,Africa,5253,2901,2.393082643619104
2021-11-29,France,Europe,4688,2171,3.566444639080708
2021-11-29,Australia,Oceania,4506,2355,1.1490198850078308
2021-11-29,Nigeria,Africa,4457,3247,1.3188801985712504
2021-11-29,Germany,Europe,4265,1929,1.4732983110530586
2021-11-29,Japan,Asia,3716,1425,1.6481130826180423
2021-11-29,Mexico,North America,3611,1860,1.2653931746269007
2021-11-29,Iran,Asia,3479,1606,1.2447868842244219
2021-12-06,United States,North America,124097,43604,16.392144746097532
2021-12-06,United Kingdom,Europe,18307,6397,4.5160059891812745
2021-12-06,Russia,Europe,15649,8153,6.6123832761350325
2021-12-06,China,Asia,9219,4302,3.031949269720124
2021-12-06,Israel,Asia,7508,4709,2.7461867505600615
2021-12-06,Ukraine,Europe,7485,4050,2.1864025284080575
2021-12-06,India,Asia,6658,4646,1.639886274972582
2021-12-06,France,Europe,5836,3205,4.182238101573369
2021-12-06,Myanmar,Asia,4610,1940,4.702463229029921
2021-12-06,Nigeria,Africa,4440,3256,1.3220497272966936
2021-12-06,Mexico,North America,4187,1827,0.6958170746297199
2021-12-06,Australia,Oceania,4018,1942,1.044371240680044
2021-12-06,Germany,Europe,3834,1788,1.8518273302572512
2021-12-06,Afghanistan,Asia,3820,1567,0.8457722711144611
2021-12-06,Saudi Arabia,Asia,3775,1998,1.434510622828529
2021-12-13,United States,North America,107676,40975,14.424822082719482
2021-12-13,Russia,Europe,17105,9019,11.280490176275194
2021-12-13,United Kingdom,Europe,12486,5248,5.43501309329577
2021-12-13,Israel,Asia,11775,6207,4.0904958414191945
2021-12-13,China,Asia,7418,3792,3.56719691804387
2021-12-13,Germany,Europe,6968,2767,2.8324678581156952
2021-12-13,India,Asia,6479,4591,1.1014824253247906
2021-12-13,Ukraine,Europe,5660,3370,1.7056293369117677
2021-12-13,Pakistan,Asia,4231,2823,1.5452993580100491
2021-12-13,France,Europe,4077,2207,2.611815125118495
2021-12-13,Nigeria,Africa,3968,3043,1.3939904938693157
2021-12-13,Canada,North America,3371,1859,0.5414985848739406
2021-12-13,Afghanistan,Asia,3355,1827,1.7510151323001453
2021-12-13,Australia,Oceania,2900,1754,1.2110423138164852
2021-12-13,South Africa,Africa,2882,1599,1.5800532426944125
2021-12-20,United States,North America,95967,33286,16.22665442962641
2021-12-20,Russia,Europe,13754,7610,10.37958693153837
2021-12-20,United Kingdom,Europe,9930,4085,2.6460206921750333
2021-12-20,Israel,Asia,9072,5614,3.925654365721453
2021-12-20,China,Asia,8231,3349,2.7561029443288483
2021-12-20,Ukraine,Europe,6131,3655,3.9655736495223675
2021-12-20,India,Asia,6079,4555,1.318054866301711
2021-12-20,Germany,Europe,3997,1636,1.8393420038614239
2021-12-20,Nigeria,Africa,3016,2421,1.3994123940461347
2021-12-20,France,Europe,2928,1435,1.4625881804313987
2021-12-20,Canada,North America,2765,1289,0.5354187374514225
2021-12-20,Australia,Oceania,2750,1329,0.9225321879415812
2021-12-20,Spain,Europe,2667,824,1.0490400389060357
2021-12-20,South Africa,Africa,2556,1307,2.08574006474809
2021-12-20,Pakistan,Asia,2498,1812,0.780751686820924
2021-12-27,United States,North America,102703,33826,16.11786284114775
2021-12-27,United Kingdom,Europe,15909,4722,2.780658376534399
2021-12-27,Russia,Europe,12757,6527,9.717025698838652
2021-12-27,Israel,Asia,11592,6599,6.259784071203753
2021-12-27,India,Asia,7323,4901,1.312282902806603
2021-12-27,South Africa,Africa,6460,1850,2.988088270632512
2021-12-27,China,Asia,6227,3080,3.7715453795193237
2021-12-27,Ukraine,Europe,4885,2817,1.972790140143814
2021-12-27,Syria,Asia,3761,1088,0.904764404742147
2021-12-27,France,Europe,3727,1855,1.8657921052429938
2021-12-27,Germany,Europe,3515,1303,1.1418303818138422
2021-12-27,Iran,Asia,3476,1708,2.235195216455346
2021-12-27,Pakistan,Asia,3292,2112,1.2259173185146637
2021-12-27,Afghanistan,Asia,3061,1608,1.3569253727655823
2021-12-27,Nigeria,Africa,2781,2327,1.0498900342348756
2022-01-03,United States,North America,115694,40235,15.031134349653234
2022-01-03,Kazakhstan,Asia,19443,7358,16.25723517062112
2022-01-03,Russia,Europe,14638,6946,7.468305945467721
2022-01-03,United Kingdom,Europe,10948,4146,2.0594555936878467
2022-01-03,Israel,Asia,7675,4605,2.455517164293419
2022-01-03,India,Asia,7558,5033,2.152901320677317
2022-01-03,China,Asia,6358,3243,2.012820856276384
2022-01-03,Nigeria,Africa,4678,3301,2.6701959835121865
2022-01-03,Iraq,Asia,4596,1950,1.7259937852764657
2022-01-03,Ukraine,Europe,4290,2640,1.4361364209513916
2022-01-03,Iran,Asia,4050,2641,2.020504171529089
2022-01-03,Pakistan,Asia,3740,2167,0.9624854671065587
2022-01-03,France,Europe,3426,2045,3.0920006459685982
2022-01-03,South Africa,Africa,3152,1686,1.3234689104588377
2022-01-03,Haiti,North America,3105,1648,4.887303898950897
2022-01-10,United States,North America,119345,42910,17.480628611620222
2022-01-10,Russia,Europe,19353,9230,11.061100589582075
2022-01-10,United Kingdom,Europe,10722,4891,2.443824852123324
2022-01-10,Ukraine,Europe,6607,3955,3.3299782851034947
2022-01-10,Israel,Asia,6571,4199,2.4583080765876795
2022-01-10,India,Asia,6550,4320,1.2742226153249232
2022-01-10,China,Asia,6307,3141,2.1045983710821043
2022-01-10,Germany,Europe,5855,2141,1.8660924184929217
2022-01-10,Ireland,Europe,5718,1092,0.9210249646793077
2022-01-10,Kazakhstan,Asia,5467,2421,3.061654031790649
2022-01-10,Syria,Asia,5230,1869,1.6599295788194812
2022-01-10,Pakistan,Asia,4248,2379,1.034664719589414
2022-01-10,Nigeria,Africa,3798,3017,1.9505625450968584
2022-01-10,North Korea,Asia,3734,1150,0.973872203652084
2022-01-10,France,Europe,3637,2066,3.386010082693585
2022-01-17,United States,North America,110957,40952,13.763489355797581
2022-01-17,Russia,Europe,26032,11695,14.88420284680628
2022-01-17,United Kingdom,Europe,15810,6158,2.6140568012002356
2022-01-17,Ukraine,Europe,13684,6386,5.2104686967188165
2022-01-17,Israel,Asia,6515,4095,2.535976234570804
2022-01-17,India,Asia,6444,4322,1.057715668637321
2022-01-17,China,Asia,5634,2994,2.0406215717616933
2022-01-17,Pakistan,Asia,5102,2834,1.3366053469551078
2022-01-17,France,Europe,4897,2382,2.1190047594909043
2022-01-17,Afghanistan,Asia,4328,2021,1.2737240047967475
2022-01-17,Yemen,Asia,4275,1939,3.3517014654615758
2022-01-17,Canada,North America,3928,1918,0.4826941393604195
2022-01-17,Nigeria,Africa,3700,2969,1.1511989604718047
2022-01-17,Ireland,Europe,3370,1155,1.0446885452631978
2022-01-17,Germany,Europe,3271,1778,1.4690196966871911
2022-01-24,United States,North America,122451,43587,11.717367341947284
2022-01-24,Russia,Europe,31328,15185,15.722031564514834
2022-01-24,Ukraine,Europe,20995,10257,9.066944632298323
2022-01-24,United Kingdom,Europe,20643,6600,3.7318500552610883
2022-01-24,Canada,North America,7933,2459,1.0508736672961634
2022-01-24,Mexico,North America,6630,3158,1.806344355675682
2022-01-24,Germany,Europe,5711,2812,2.1238263951301235
2022-01-24,India,Asia,5652,4069,1.9278573779100336
2022-01-24,China,Asia,4767,2827,1.7573929478249892
2022-01-24,Burkina Faso,Africa,4696,1475,4.177569580411057
2022-01-24,Israel,Asia,4351,2831,0.9363882900284621
2022-01-24,Syria,Asia,4140,2313,2.7859398835434983
2022-01-24,Australia,Oceania,4087,2012,0.7186745777404133
2022-01-24,France,Europe,3846,2043,1.9824089656536052
2022-01-24,Pakistan,Asia,3613,2309,1.1254485312005789
2022-01-31,United States,North America,111744,42599,12.406155424426323
2022-01-31,Russia,Europe,29682,12844,12.649805635165135
2022-01-31,United Kingdom,Europe,16448,5515,3.652779699426166
2022-01-31,Ukraine,Europe,15515,7169,5.134968288549578
2022-01-31,Syria,Asia,10513,3607,4.343792913579179
2022-01-31,Pakistan,Asia,6722,3673,1.6430263955325775
2022-01-31,India,Asia,5823,4271,1.0261268230612275
2022-01-31,Israel,Asia,5810,3758,1.9308520234374862
2022-01-31,China,Asia,5699,2824,1.7816470828765063
2022-01-31,Germany,Europe,5547,2875,2.943872434819035
2022-01-31,Canada,North America,4678,2481,1.7587614701231566
2022-01-31,Afghanistan,Asia,4286,1809,1.0699489528306887
2022-01-31,Iraq,Asia,4021,1524,1.2790985932036358
2022-01-31,Mexico,North America,3856,2197,1.165946353611911
2022-01-31,Nigeria,Africa,3783,2910,1.3284601520177621
2022-02-07,United States,North America,99439,42687,9.562300410726298
2022-02-07,Russia,Europe,45704,14346,15.84668327013947
2022-02-07,Ukraine,Europe,26692,9847,9.32159695467801
2022-02-07,United Kingdom,Europe,15046,5774,2.8509029961848853
2022-02-07,France,Europe,9717,2836,4.432145690586124
2022-02-07,Canada,North America,8802,3876,3.522255670128827
2022-02-07,India,Asia,7403,5174,1.8044664055804627
2022-02-07,Israel,Asia,6796,4595,2.6137655929218524
2022-02-07,Afghanistan,Asia,5206,1917,1.3443961227962675
2022-02-07,Mexico,North America,4864,2248,1.2114512997465627
2022-02-07,Germany,Europe,4736,2105,2.0380835959985015
2022-02-07,China,Asia,4206,2271,1.2185598679132699
2022-02-07,Belarus,Europe,3713,1520,1.6667483986940208
2022-02-07,Pakistan,Asia,3684,2555,1.244041678342643
2022-02-07,Australia,Oceania,3652,2350,1.2708775260143117
2022-02-14,United States,North America,113031,42305,13.201648085522056
2022-02-14,Russia,Europe,55556,23348,24.07756374879667
2022-02-14,Ukraine,Europe,49123,20194,19.015462266197357
2022-02-14,Canada,North America,16407,4967,2.499852087686697
2022-02-14,United Kingdom,Europe,10716,4964,2.1500300170329933
2022-02-14,Israel,Asia,8171,5386,2.8968011516881598
2022-02-14,India,Asia,6866,5066,1.0754445086838127
2022-02-14,Germany,Europe,6152,2296,1.0113217852166247
2022-02-14,France,Europe,5355,2688,2.681480655352635
2022-02-14,China,Asia,5174,2391,1.3396914944154874
2022-02-14,Mexico,North America,5093,1916,0.4946986960247733
2022-02-14,Pakistan,Asia,4055,2831,1.1826599025611357
2022-02-14,Poland,Europe,3316,771,0.39046630813795224
2022-02-14,Belarus,Europe,2967,1592,0.9982842445059626
2022-02-14,Honduras,North America,2915,733,0.6254433207903574
2022-02-21,Russia,Europe,232167,73769,50.99880818287447
2022-02-21,Ukraine,Europe,188045,64143,38.545172883879864
2022-02-21,United States,North America,103682,40907,5.778555364145251
2022-02-21,United Kingdom,Europe,26010,9005,1.9776525354175263
2022-02-21,Canada,North America,10168,3401,0.5722188459225345
2022-02-21,Germany,Europe,8361,3069,0.6210761286731643
2022-02-21,India,Asia,6626,4834,0.5715352529548621
2022-02-21,Belarus,Europe,6548,2381,0.660575289966018
2022-02-21,Australia,Oceania,5775,2165,0.48232987940038174
2022-02-21,Poland,Europe,5476,1859,0.2715321744184485
2022-02-21,China,Asia,5445,2492,0.8907043200494736
2022-02-21,Israel,Asia,5117,2984,0.7966461863446969
2022-02-21,France,Europe,4677,2256,1.266503458954999
2022-02-21,Pakistan,Asia,3682,2388,0.6894907103477201
2022-02-21,Ireland,Europe,3392,705,0.2849584510956834
2022-02-28,Russia,Europe,182132,71138,55.19331045026458
2022-02-28,Ukraine,Europe,136128,55650,34.33587289637912
2022-02-28,United States,North America,89695,38391,4.643930765755878
2022-02-28,United Kingdom,Europe,14142,5633,1.0484281764574301
2022-02-28,Pakistan,Asia,7790,2614,1.4546737012579969
2022-02-28,Poland,Europe,6525,2204,0.6389725507331279
2022-02-28,India,Asia,6430,4301,0.4180256927892509
2022-02-28,Belarus,Europe,6153,2402,0.7828863826768228
2022-02-28,China,Asia,5282,2424,0.7835016041125685
2022-02-28,Canada,North America,4864,2677,0.46053046366169315
2022-02-28,Israel,Asia,4615,3092,0.8288538373931688
2022-02-28,Germany,Europe,3885,1991,0.33739788664815523
2022-02-28,France,Europe,3405,1908,0.5733909148980945
2022-02-28,Afghanistan,Asia,3206,1106,0.4982996298312564
2022-02-28,Japan,Asia,3004,1243,0.5351064061164513
2022-03-07,Russia,Europe,141339,54027,48.1405913134515
2022-03-07,Ukraine,Europe,104939,43798,28.303275026408272
2022-03-07,United States,North America,99015,40335,7.506730099019798
2022-03-07,United Kingdom,Europe,14686,5187,1.2395120122143284
2022-03-07,Turkey,Asia,5706,1880,0.7268216806836306
2022-03-07,Israel,Asia,5546,3480,1.0698833243788612
2022-03-07,India,Asia,5416,3832,0.7285811310796586
2022-03-07,Poland,Europe,5015,2064,0.5910667453723567
2022-03-07,China,Asia,4881,2767,2.679189329015913
2022-03-07,Iran,Asia,4377,1641,0.8875670100880529
2022-03-07,Pakistan,Asia,4142,2841,0.9958413659035611
2022-03-07,France,Europe,4105,2247,1.2677604908947564
2022-03-07,Nigeria,Africa,3852,2926,2.0989060028620217
2022-03-07,Canada,North America,3439,1902,0.3519986783945012
2022-03-07,Germany,Europe,3348,1548,0.3781584333841439
2022-03-14,Russia,Europe,126772,46470,42.58592804149092
2022-03-14,Ukraine,Europe,110096,40252,28.591531675328564
2022-03-14,United States,North America,85385,38235,6.3213389267311095
2022-03-14,United Kingdom,Europe,15424,5376,1.8464848027379936
2022-03-14,Iran,Asia,9786,2949,1.250434831993468
2022-03-14,China,Asia,9367,4050,2.349544694436785
2022-03-14,India,Asia,5693,4065,1.175274658675513
2022-03-14,Israel,Asia,5088,3173,0.8639664881109718
2022-03-14,Poland,Europe,4861,1614,0.42590449815734766
2022-03-14,Mexico,North America,4711,2406,0.768773264172214
2022-03-14,France,Europe,4460,1982,2.04566035594644
2022-03-14,Germany,Europe,4052,1573,0.554393099487018
2022-03-14,Nigeria,Africa,3076,2338,0.8127359915670253
2022-03-14,Canada,North America,3063,1857,0.3351721562274007
2022-03-14,Pakistan,Asia,2753,1893,0.7159359567580679
2022-03-21,Russia,Europe,105038,42018,38.51451764385433
2022-03-21,United States,North America,88495,36943,6.821596685002252
2022-03-21,Ukraine,Europe,79922,32328,23.363681158484823
2022-03-21,United Kingdom,Europe,15545,4983,1.7218486425622197
2022-03-21,China,Asia,8029,3482,1.9108598298123656
2022-03-21,Israel,Asia,6292,3903,1.4828486014960875
2022-03-21,Poland,Europe,6286,2101,0.7343760657770984
2022-03-21,India,Asia,4930,3890,0.8363817319005997
2022-03-21,Saudi Arabia,Asia,4728,1480,0.9151733209040789
2022-03-21,Hungary,Europe,4469,371,0.35388892617634166
2022-03-21,France,Europe,3575,2077,1.2421059643527743
2022-03-21,Nigeria,Africa,3355,2547,1.1819236448735273
2022-03-21,Germany,Europe,2958,1521,0.3941797412440628
2022-03-21,Pakistan,Asia,2895,2061,0.8236242260938769
2022-03-21,Canada,North America,2759,1531,0.28453876571705644
2022-03-28,United States,North America,89735,37286,7.009894758236224
2022-03-28,Russia,Europe,83494,32507,30.056577688143314
2022-03-28,Ukraine,Europe,76481,28469,21.891992085551184
2022-03-28,Israel,Asia,23972,11790,7.689207593055468
2022-03-28,United Kingdom,Europe,13563,5213,1.6253332028857415
2022-03-28,China,Asia,6134,2928,1.4823739165084477
2022-03-28,India,Asia,5467,3966,0.7575159729402502
2022-03-28,Nigeria,Africa,4699,3484,0.977513665809173
2022-03-28,Turkey,Asia,4091,1691,0.6176496917176779
2022-03-28,Palestine,Asia,3897,1691,0.9005137364926202
2022-03-28,Germany,Europe,3690,1642,0.5518846167493058
2022-03-28,Mexico,North America,3613,2105,0.6447236359304296
2022-03-28,Poland,Europe,3526,940,0.29526719915870403
2022-03-28,Australia,Oceania,3343,1326,0.5622022799952405
2022-03-28,Pakistan,Asia,3180,2260,0.7965967156513439
2022-04-04,Russia,Europe,109071,42206,39.5624934149023
2022-04-04,United States,North America,105825,39821,5.995903187729566
2022-04-04,Ukraine,Europe,82218,31833,21.520322001089625
2022-04-04,Israel,Asia,20235,8483,4.858106171056208
2022-04-04,United Kingdom,Europe,13448,5497,1.6011279165746481
2022-04-04,China,Asia,6053,2640,1.2052149777781576
2022-04-04,India,Asia,5339,4046,0.6162194490965207
2022-04-04,France,Europe,5007,2416,1.622267090579133
2022-04-04,Germany,Europe,4883,2577,0.8037912720494355
2022-04-04,Nigeria,Africa,4352,3041,0.9680459815287239
2022-04-04,Palestine,Asia,4305,1332,0.3926709770046359
2022-04-04,Pakistan,Asia,3220,2096,1.1288386140314697
2022-04-04,Canada,North America,3205,1674,0.3144709954460571
2022-04-04,Poland,Europe,2775,1030,0.20304175345243847
2022-04-04,Turkey,Asia,2743,1268,0.6168064476677675
2022-04-11,United States,North America,118085,42903,9.781356252953092
2022-04-11,Russia,Europe,88116,34706,27.903588406633556
2022-04-11,Ukraine,Europe,81073,30961,22.694608248909464
2022-04-11,Israel,Asia,29432,12633,11.17673451551212
2022-04-11,United Kingdom,Europe,23275,6644,2.6973188682550915
2022-04-11,India,Asia,7257,5054,1.9031170707447098
2022-04-11,China,Asia,6967,3085,1.8598116491026213
2022-04-11,Palestine,Asia,5613,2324,0.9730232183762287
2022-04-11,Nigeria,Africa,4659,3392,1.0994042506307826
2022-04-11,Pakistan,Asia,4558,3032,1.4132509922129335
2022-04-11,Syria,Asia,3574,1399,0.6249774092374449
2022-04-11,Germany,Europe,3366,1718,0.918310965617786
2022-04-11,France,Europe,3223,1910,1.134999188580615
2022-04-11,Canada,North America,2647,1734,0.3083871192773766
2022-04-11,Mexico,North America,2540,1513,0.3871599820878004
2022-04-18,United States,North America,113838,40506,10.129718865128183
2022-04-18,Ukraine,Europe,78306,27569,21.874503677760543
2022-04-18,Russia,Europe,77579,30336,28.16469069369332
2022-04-18,Israel,Asia,27737,11040,8.749585470440577
2022-04-18,United Kingdom,Europe,13788,5024,1.9286969792605884
2022-04-18,India,Asia,8526,5424,1.1983634729850632
2022-04-18,Afghanistan,Asia,7329,3231,2.315607244208788
2022-04-18,Pakistan,Asia,5280,3127,2.3724770049139345
2022-04-18,China,Asia,5095,2580,1.492158941950044
2022-04-18,Nigeria,Africa,3940,2784,1.850062667509142
2022-04-18,Turkey,Asia,3822,2027,1.2150330848667896
2022-04-18,France,Europe,3652,1857,2.3484980254447034
2022-04-18,Germany,Europe,3531,1648,0.910249810363382
2022-04-18,Mexico,North America,3503,1689,0.5142538484952448
2022-04-18,Canada,North America,3312,1636,0.38659235804895303
2022-04-25,United States,North America,110416,40187,7.5703310366977625
2022-04-25,Ukraine,Europe,82515,26961,22.05835506715224
2022-04-25,Russia,Europe,80766,31011,28.41212825995984
2022-04-25,Israel,Asia,16751,7607,6.291265958619111
2022-04-25,United Kingdom,Europe,14455,5431,1.7412794769760662
2022-04-25,China,Asia,6983,3762,2.124522915898941
2022-04-25,India,Asia,5920,4224,0.6742656241260098
2022-04-25,Turkey,Asia,4951,2424,1.556053888152478
2022-04-25,Pakistan,Asia,4917,3498,1.4611171300661925
2022-04-25,Poland,Europe,4381,1359,0.5442853255059755
2022-04-25,France,Europe,4250,1997,1.4085629264387032
2022-04-25,Canada,North America,3919,1963,0.38533465159930613
2022-04-25,Nigeria,Africa,3887,2870,0.9282085639812871
2022-04-25,Mexico,North America,3766,1902,0.5288098076322392
2022-04-25,Germany,Europe,3636,1826,0.8466999445533515
2022-05-02,United States,North America,109016,41228,10.922743670987295
2022-05-02,Ukraine,Europe,77117,25631,20.24022797906062
2022-05-02,Russia,Europe,73066,28628,30.081219062739567
2022-05-02,Israel,Asia,15361,6794,4.363914987609849
2022-05-02,United Kingdom,Europe,12095,4589,1.2769793180051978
2022-05-02,India,Asia,7047,4893,1.1263158573040075
2022-05-02,China,Asia,5548,2829,1.9185498993332466
2022-05-02,Germany,Europe,4541,1947,0.9159489761140924
2022-05-02,Mexico,North America,3869,2025,0.7644134484186232
2022-05-02,Cuba,North America,3837,578,0.8387836070206948
2022-05-02,Canada,North America,2995,1644,0.35042118052295945
2022-05-02,Nigeria,Africa,2989,2179,1.648974338098857
2022-05-02,Spain,Europe,2730,1112,0.4617040269449763
2022-05-02,Australia,Oceania,2637,1255,0.6252867225958344
2022-05-02,Pakistan,Asia,2623,1819,0.7368291445448859
2022-05-09,United States,North America,132177,43397,11.966430855295341
2022-05-09,Ukraine,Europe,57481,20917,16.240438059113043
2022-05-09,Russia,Europe,56218,23318,22.106433378630964
2022-05-09,Israel,Asia,46627,17800,15.841076781510752
2022-05-09,United Kingdom,Europe,8814,4157,1.1521553719984376
2022-05-09,Palestine,Asia,7798,3218,1.3672296665418264
2022-05-09,India,Asia,6961,4974,0.8200271011141151
2022-05-09,Sri Lanka,Asia,6797,3199,5.32176689711628
2022-05-09,China,Asia,5819,2854,2.225908276010313
2022-05-09,Nigeria,Africa,4314,3144,1.4451697736557936
2022-05-09,Pakistan,Asia,3906,2637,0.947078161772373
2022-05-09,Germany,Europe,3807,1732,0.7246057415165029
2022-05-09,Mexico,North America,3667,2119,0.7229801990064028
2022-05-09,France,Europe,3076,1538,0.9344985294386128
2022-05-09,Canada,North America,2772,1701,0.3503532835920055
2022-05-16,United States,North America,115468,43055,11.354016286031118
2022-05-16,Russia,Europe,53382,22859,25.49307434133722
2022-05-16,Ukraine,Europe,52970,19635,17.135848568600597
2022-05-16,Israel,Asia,16198,8131,4.77124211512039
2022-05-16,United Kingdom,Europe,12364,4357,1.4251741059992338
2022-05-16,China,Asia,6284,3109,1.516189194012748
2022-05-16,India,Asia,5628,4382,1.0176528914679959
2022-05-16,Nigeria,Africa,5297,3910,1.5992778921767712
2022-05-16,Pakistan,Asia,4885,3283,1.4268094685111223
2022-05-16,Canada,North America,4866,2262,0.8136282100922645
2022-05-16,Australia,Oceania,3281,1554,0.6733931513624972
2022-05-16,Turkey,Asia,3277,1636,1.2707890178244914
2022-05-16,Taiwan,Asia,3187,617,0.38598661003317986
2022-05-16,Germany,Europe,3160,1531,0.8113534978276138
2022-05-16,Switzerland,Europe,2837,436,0.219895700178155
2022-05-23,United States,North America,204522,63076,27.885134639761635
2022-05-23,Ukraine,Europe,51560,19463,16.04405970172446
2022-05-23,Russia,Europe,49230,21720,19.325524278367894
2022-05-23,United Kingdom,Europe,15180,4940,2.072083998365739
2022-05-23,Israel,Asia,13602,7895,4.4596832771207815
2022-05-23,Pakistan,Asia,5867,3826,1.4609753504269736
2022-05-23,India,Asia,5789,4261,0.8236466083580952
2022-05-23,China,Asia,5754,3328,1.7765471320397934
2022-05-23,Iran,Asia,5245,2884,2.3622345694188334
2022-05-23,Nigeria,Africa,4178,3148,1.2550278769698566
2022-05-23,Turkey,Asia,4126,2230,1.6134489959525968
2022-05-23,Canada,North America,3662,1749,0.41074357567387654
2022-05-23,Mexico,North America,3623,1964,0.6811771939882721
2022-05-23,Germany,Europe,2745,1344,0.3960804567309812
2022-05-23,France,Europe,2664,1619,0.6690108547290926
2022-05-30,United States,North America,159769,50618,20.647988813547403
2022-05-30,Ukraine,Europe,51178,19847,15.111527925928122
2022-05-30,Russia,Europe,48387,21712,22.051565518607966
2022-05-30,United Kingdom,Europe,11044,4291,1.8171859140811626
2022-05-30,Israel,Asia,9816,6003,4.249495543134518
2022-05-30,India,Asia,8148,5123,1.0978505547144832
2022-05-30,China,Asia,6033,2934,1.7613700372259034
2022-05-30,Nigeria,Africa,5380,3018,1.2125472192718763
2022-05-30,Canada,North America,4052,2190,0.6481109111889563
2022-05-30,France,Europe,3865,2077,0.9864080681669329
2022-05-30,Pakistan,Asia,3553,2259,1.1352373009214458
2022-05-30,Germany,Europe,3374,1615,0.6074292021000207
2022-05-30,Mexico,North America,2963,1617,0.7855944976996548
2022-05-30,Turkey,Asia,2959,1755,1.2723276844222844
2022-05-30,Iran,Asia,2656,1522,1.1431182340677828
2022-06-06,United States,North America,134334,47388,14.594787980587615
2022-06-06,Russia,Europe,42383,18943,21.763599135681453
2022-06-06,Ukraine,Europe,42202,17810,14.353205571792794
2022-06-06,United Kingdom,Europe,13380,5786,2.6015590001334528
2022-06-06,India,Asia,8290,5470,2.865635122220421
2022-06-06,Nigeria,Africa,6894,4692,2.269001898771026
2022-06-06,Israel,Asia,4900,3680,1.962052478167508
2022-06-06,Germany,Europe,4700,1724,0.9620845463552852
2022-06-06,China,Asia,4547,2732,1.7506393124927373
2022-06-06,France,Europe,3807,1783,1.552506859312449
2022-06-06,Brazil,South America,3676,1167,0.779166713974729
2022-06-06,Pakistan,Asia,3156,2139,1.0076709319992085
2022-06-06,Mexico,North America,3137,1881,0.7259305103602606
2022-06-06,South Africa,Africa,3019,2287,1.9288564688212977
2022-06-06,Morocco,Africa,2897,647,0.9077629342711584
2022-06-13,United States,North America,110800,40979,10.21421943784789
2022-06-13,Ukraine,Europe,34836,17053,15.555432501594668
2022-06-13,Russia,Europe,34016,18243,16.9370977315827
2022-06-13,United Kingdom,Europe,17733,6750,3.373277106478458
2022-06-13,Israel,Asia,9512,5603,5.014038695594217
2022-06-13,Brazil,South America,7646,2336,2.2715942422929976
2022-06-13,India,Asia,7415,5317,1.5717194856407393
2022-06-13,Nigeria,Africa,4160,3047,1.0109846993870677
2022-06-13,China,Asia,4129,2091,1.2764876285161844
2022-06-13,Afghanistan,Asia,4011,1436,1.3354126084988316
2022-06-13,Canada,North America,3565,2007,0.9961296204293892
2022-06-13,Spain,Europe,3471,1127,2.3074532126277663
2022-06-13,France,Europe,3150,1593,1.3724553856242474
2022-06-13,Pakistan,Asia,2855,1893,0.8050707627972638
2022-06-13,Mexico,North America,2610,1826,0.6797032473924839
2022-06-20,United States,North America,131983,42321,12.98736032345678
2022-06-20,Russia,Europe,37522,18113,16.873322333645774
2022-06-20,Ukraine,Europe,32063,16012,12.211398803027977
2022-06-20,United Kingdom,Europe,14219,5449,2.8850503213891265
2022-06-20,Norway,Europe,8694,1183,2.659764652719379
2022-06-20,Israel,Asia,7381,4180,2.423356330939908
2022-06-20,India,Asia,5316,4149,0.9328811554894487
2022-06-20,Nigeria,Africa,4340,3263,1.6928271664239
2022-06-20,Mexico,North America,4083,2464,0.9207476508888744
2022-06-20,China,Asia,3703,2170,1.391640714476614
2022-06-20,Pakistan,Asia,3657,2326,1.1441298276722047
2022-06-20,Afghanistan,Asia,3520,1906,1.3926865041691054
2022-06-20,Canada,North America,3461,1849,0.6154218077603284
2022-06-20,Spain,Europe,3296,1570,1.3248677257498709
2022-06-20,Turkey,Asia,3292,1782,1.8741391869020168
2022-06-27,United States,North America,127532,43785,10.471089475828444
2022-06-27,Russia,Europe,48493,21496,23.54739913475698
2022-06-27,Ukraine,Europe,36710,16826,13.732705794317486
2022-06-27,United Kingdom,Europe,15339,5587,3.152014706858409
2022-06-27,Israel,Asia,9119,4498,2.3945865801709187
2022-06-27,India,Asia,7370,5021,1.6433006704595206
2022-06-27,France,Europe,6562,2233,1.7422953738710445
2022-06-27,Mexico,North America,5135,2448,1.200259103836224
2022-06-27,China,Asia,4825,2517,1.3257851526263542
2022-06-27,Germany,Europe,4768,1955,1.0976632176034657
2022-06-27,Turkey,Asia,4182,2167,1.8557621889182692
2022-06-27,Canada,North America,3770,1987,0.5632921476312787
2022-06-27,Nigeria,Africa,3690,2930,0.9695785031640267
2022-06-27,Pakistan,Asia,3046,2058,1.0213171816649895
2022-06-27,Spain,Europe,2611,1395,0.839295365687479
2022-07-04,United States,North America,118288,42763,14.447600823720302
2022-07-04,Russia,Europe,35235,16782,17.562200576606276
2022-07-04,Ukraine,Europe,28554,14040,9.656934975727753
2022-07-04,Japan,Asia,27990,7680,10.64540387048465
2022-07-04,United Kingdom,Europe,14120,6068,3.223732396118382
2022-07-04,Israel,Asia,9269,4228,2.5636748498560116
2022-07-04,South Africa,Africa,6041,2238,1.0925415158826346
2022-07-04,India,Asia,5638,4246,1.120191664902666
2022-07-04,Nigeria,Africa,5382,4001,1.8528887405278385
2022-07-04,China,Asia,5182,2659,2.452719232744008
2022-07-04,Mexico,North America,4408,2119,0.6463223723355427
2022-07-04,Canada,North America,4328,1971,1.5808387266644193
2022-07-04,Pakistan,Asia,3584,2101,0.8773989525294121
2022-07-04,Denmark,Europe,3445,684,1.4159462123897903
2022-07-04,Sri Lanka,Asia,3236,1133,2.4645455389016386
2022-07-11,United States,North America,111057,40924,9.628781440258868
2022-07-11,Russia,Europe,43895,17634,17.054170553006866
2022-07-11,Ukraine,Europe,31200,14700,12.81585134215299
2022-07-11,United Kingdom,Europe,12970,4544,2.834774023859255
2022-07-11,Israel,Asia,8362,4109,2.701222552152825
2022-07-11,Sri Lanka,Asia,6866,2297,5.570651153113558
2022-07-11,India,Asia,5529,3704,1.0071191386514857
2022-07-11,Mexico,North America,5492,2592,2.0340748662634933
2022-07-11,Japan,Asia,5219,2115,1.7542325902577995
2022-07-11,France,Europe,4305,2081,2.3518987317754125
2022-07-11,China,Asia,4075,2151,1.281103771374419
2022-07-11,Pakistan,Asia,3636,2180,1.2001156902996881
2022-07-11,South Africa,Africa,3623,2383,2.176859209088816
2022-07-11,Hungary,Europe,3132,322,0.26031290044999283
2022-07-11,Canada,North America,3103,1751,0.4957862837210504
2022-07-18,United States,North America,123667,43468,14.726051816141908
2022-07-18,Russia,Europe,30307,15743,18.800698761905213
2022-07-18,Ukraine,Europe,27039,13635,12.28481185321196
2022-07-18,United Kingdom,Europe,11156,4576,2.852342491355737
2022-07-18,Israel,Asia,7449,3518,2.471243101344633
2022-07-18,India,Asia,5364,4099,1.1795194527057296
2022-07-18,Sri Lanka,Asia,4576,1545,2.329310747377681
2022-07-18,Greece,Europe,4325,1803,2.640450324474758
2022-07-18,Brazil,South America,4146,1485,1.5298987049839048
2022-07-18,France,Europe,3980,1854,1.542060115449925
2022-07-18,China,Asia,3705,2082,1.4369632054127328
2022-07-18,Turkey,Asia,3605,2347,2.4940384883371283
2022-07-18,Nigeria,Africa,3581,2992,1.0990942853619514
2022-07-18,Mexico,North America,3417,1860,0.6080573158730307
2022-07-18,Iran,Asia,3273,1894,1.543556128089232
2022-07-25,United States,North America,98504,37985,10.582495918142286
2022-07-25,Russia,Europe,31855,16579,17.070584948098695
2022-07-25,Ukraine,Europe,28365,15301,14.87175658975691
2022-07-25,United Kingdom,Europe,10277,3892,1.4963737404369546
2022-07-25,India,Asia,6785,4897,1.0943152455963765
2022-07-25,Israel,Asia,6520,4121,3.1096718596006063
2022-07-25,China,Asia,6323,3112,2.287508429236859
2022-07-25,Canada,North America,4600,2190,1.3654261423645018
2022-07-25,Nigeria,Africa,3977,3234,1.3285386061197635
2022-07-25,Greece,Europe,3136,909,0.9155943967170485
2022-07-25,Germany,Europe,2941,1465,0.8916566815906852
2022-07-25,Pakistan,Asia,2611,1880,0.9961587881900352
2022-07-25,Iran,Asia,2578,1631,1.4581650681547198
2022-07-25,France,Europe,2189,1178,1.4211635477153715
2022-07-25,Myanmar,Asia,2187,1095,1.9962937600129909
2022-08-01,United States,North America,114332,41789,11.105652555094021
2022-08-01,Israel,Asia,69738,16112,18.06192207875099
2022-08-01,Russia,Europe,30293,14397,12.045052971764976
2022-08-01,China,Asia,28480,12257,15.475890927990413
2022-08-01,Ukraine,Europe,22043,12171,6.842842391356059
2022-08-01,Taiwan,Asia,14981,6649,6.4219502649515
2022-08-01,Afghanistan,Asia,12803,4286,2.4378370069361686
2022-08-01,United Kingdom,Europe,9502,4197,1.1837082406035688
2022-08-01,Palestine,Asia,8877,2069,0.9566315294346438
2022-08-01,India,Asia,5574,4292,0.7429216561429858
2022-08-01,Egypt,Africa,5016,1290,0.6470193413157698
2022-08-01,Japan,Asia,4177,1597,1.1174384557490555
2022-08-01,Pakistan,Asia,4123,2273,0.7501384368601216
2022-08-01,Nigeria,Africa,3949,3065,0.8939701054081493
2022-08-01,Canada,North America,3743,1744,0.46644346779597984
2022-08-08,United States,North America,126529,42763,12.081171016794459
2022-08-08,Israel,Asia,41654,12195,11.89334466137084
2022-08-08,Russia,Europe,29416,15509,14.035061804295426
2022-08-08,Ukraine,Europe,24505,12978,9.780920863769216
2022-08-08,China,Asia,10890,5456,7.027535633528842
2022-08-08,United Kingdom,Europe,9326,4147,1.9610885877969204
2022-08-08,Afghanistan,Asia,7769,2574,1.3490594270393448
2022-08-08,Pakistan,Asia,7379,3236,1.271348402663028
2022-08-08,India,Asia,6614,4362,1.8591508336397962
2022-08-08,Palestine,Asia,5630,1568,0.9324387925027813
2022-08-08,Iran,Asia,5602,2323,1.9456760701002762
2022-08-08,Taiwan,Asia,5025,2389,2.9474721730308358
2022-08-08,Mexico,North America,4362,2244,0.6927467011168391
2022-08-08,France,Europe,4033,2125,1.8293234152931177
2022-08-08,Nigeria,Africa,3774,3114,0.9262226434614813
2022-08-15,United States,North America,90424,36507,9.142329018845517
2022-08-15,Russia,Europe,28401,15137,15.045508306796632
2022-08-15,Ukraine,Europe,22297,11849,11.040259808590054
2022-08-15,United Kingdom,Europe,10893,4186,2.1399633764865067
2022-08-15,Israel,Asia,9300,5656,4.499730014989482
2022-08-15,India,Asia,8767,5624,1.576598177251431
2022-08-15,China,Asia,7440,3790,3.693647390441578
2022-08-15,Mexico,North America,6960,2658,1.4203713472163786
2022-08-15,Afghanistan,Asia,4795,2313,1.7016667093279083
2022-08-15,Pakistan,Asia,3896,2683,1.635432072723037
2022-08-15,Nigeria,Africa,3152,2597,0.9095046897969608
2022-08-15,Somalia,Africa,3002,1175,3.088059656343293
2022-08-15,Turkey,Asia,2719,1680,1.330404988995138
2022-08-15,Canada,North America,2633,1514,0.6215290462770447
2022-08-15,Taiwan,Asia,2521,1167,1.2955986063090814
2022-08-22,United States,North America,95437,37037,10.809801165171566
2022-08-22,Russia,Europe,34993,16873,20.219952505045722
2022-08-22,Ukraine,Europe,26628,13698,14.304647516314116
2022-08-22,United Kingdom,Europe,7582,3627,1.5467383235388854
2022-08-22,India,Asia,7355,5034,1.2672489185360776
2022-08-22,China,Asia,5664,2754,2.137885845669301
2022-08-22,Pakistan,Asia,5415,2817,1.60221245708027
2022-08-22,Libya,Africa,4939,1102,4.5399740078348305
2022-08-22,Israel,Asia,4831,3367,2.2030561969472426
2022-08-22,Mexico,North America,4421,2469,1.3442619978758816
2022-08-22,Germany,Europe,3266,1165,0.6258877288075
2022-08-22,Afghanistan,Asia,3153,1215,1.005239003126915
2022-08-22,Nigeria,Africa,2914,2365,0.9775164210299384
2022-08-22,Australia,Oceania,2474,1323,0.6719997496638417
2022-08-22,Indonesia,Asia,2388,1205,0.9501521935199942
2022-08-29,United States,North America,89778,36245,9.32512536966615
2022-08-29,Russia,Europe,30147,15902,19.12422119190226
2022-08-29,Ukraine,Europe,23751,11940,11.553763515439
2022-08-29,Israel,Asia,9680,4850,3.147295343406615
2022-08-29,Iraq,Asia,8687,2654,5.0120509054779685
2022-08-29,United Kingdom,Europe,7656,3266,1.6700548974368143
2022-08-29,China,Asia,7512,3819,3.3056419460361908
2022-08-29,India,Asia,5876,4354,1.157390001725149
2022-08-29,Iran,Asia,4255,1830,1.60894363335479
2022-08-29,Germany,Europe,4083,1588,0.9301945510907375
2022-08-29,Pakistan,Asia,3607,1849,1.183733102159421
2022-08-29,Afghanistan,Asia,2857,1490,1.168783934557718
2022-08-29,Canada,North America,2852,1343,0.48096595626870664
2022-08-29,Argentina,South America,2684,1518,3.0715874405357018
2022-08-29,France,Europe,2470,1371,1.190933711680114
2022-09-05,United States,North America,82769,33042,7.97619744056654
2022-09-05,Russia,Europe,28196,14266,17.495560621079076
2022-09-05,Ukraine,Europe,24452,11793,12.560410460462947
2022-09-05,United Kingdom,Europe,15056,5906,5.509031053149354
2022-09-05,Israel,Asia,10784,5896,4.584932700030516
2022-09-05,Canada,North America,8740,3157,4.027634671508917
2022-09-05,India,Asia,5284,3946,1.0467912105405761
2022-09-05,Pakistan,Asia,4512,2197,1.2833505454971648
2022-09-05,Germany,Europe,4312,1381,0.8554948096048619
2022-09-05,China,Asia,4277,2256,1.9016316330234595
2022-09-05,Afghanistan,Asia,3255,1739,1.459700697132249
2022-09-05,Nigeria,Africa,3205,2497,1.296015694965325
2022-09-05,Iran,Asia,2736,1795,1.6263343323372021
2022-09-05,France,Europe,2128,1270,1.1902569757520216
2022-09-05,Australia,Oceania,2011,1058,0.5735197354148747
2022-09-12,United States,North America,80460,33907,9.633202344867163
2022-09-12,Ukraine,Europe,31706,14304,13.045484312545799
2022-09-12,Russia,Europe,31091,15838,16.13230685514101
2022-09-12,United Kingdom,Europe,13301,5380,3.717174797140082
2022-09-12,Armenia,Asia,8625,3736,4.307042090539985
2022-09-12,Azerbaijan,Asia,7717,3618,4.852829058605372
2022-09-12,China,Asia,7682,3005,2.7828620823764525
2022-09-12,India,Asia,7013,4658,1.1381561260909474
2022-09-12,Israel,Asia,6355,4032,2.0668466052568215
2022-09-12,Iran,Asia,3194,1636,1.2369828490871728
2022-09-12,Germany,Europe,3142,1589,0.6672094274780257
2022-09-12,Canada,North America,3103,1702,0.6568478201458507
2022-09-12,France,Europe,3009,1337,1.5469624843163439
2022-09-12,Mexico,North America,2752,1675,0.6447485297936486
2022-09-12,Pakistan,Asia,2614,1789,0.8587175143276705
2022-09-19,United States,North America,79093,34394,9.236229816973268
2022-09-19,Russia,Europe,36452,17722,22.080719879534037
2022-09-19,Ukraine,Europe,25488,12991,12.131727741159965
2022-09-19,Iran,Asia,20258,9239,13.347063217649373
2022-09-19,United Kingdom,Europe,11598,4357,2.016482527054889
2022-09-19,Israel,Asia,8054,4279,2.6082918016085106
2022-09-19,India,Asia,6529,4736,1.0771644488361578
2022-09-19,China,Asia,5534,2887,2.398186350255826
2022-09-19,Canada,North America,4257,2042,1.0520724787346458
2022-09-19,Nigeria,Africa,3675,2800,0.978621409037677
2022-09-19,Mexico,North America,3456,1759,0.7328443111586544
2022-09-19,Afghanistan,Asia,2845,1283,0.9605331346363009
2022-09-19,Pakistan,Asia,2740,1654,0.7647364016880048
2022-09-19,Japan,Asia,2644,977,0.9793756253610661
2022-09-19,Turkey,Asia,2330,1067,1.832559613316863
2022-09-26,United States,North America,82322,35183,8.565664579475794
2022-09-26,Russia,Europe,42028,19032,27.068438526185837
2022-09-26,Ukraine,Europe,26201,12050,11.924751224754496
2022-09-26,Iran,Asia,14075,7966,8.172469650987399
2022-09-26,United Kingdom,Europe,8715,3905,1.4532595691617665
2022-09-26,India,Asia,6961,4868,0.9203687558661896
2022-09-26,Israel,Asia,6504,4129,2.8478846993345726
2022-09-26,Japan,Asia,4945,1582,1.2480352229501421
2022-09-26,China,Asia,4263,2215,1.2089278490027446
2022-09-26,North Korea,Asia,3974,1347,1.0407455489779418
2022-09-26,Pakistan,Asia,3570,2410,1.0406318410259876
2022-09-26,Canada,North America,3233,1951,0.5284549947184173
2022-09-26,Afghanistan,Asia,3113,1713,1.478514493087796
2022-09-26,Australia,Oceania,2892,1448,0.8522110358556503
2022-09-26,South Korea,Asia,2695,1244,0.8620705364081301
2022-10-03,United States,North America,97655,40067,13.972094181283785
2022-10-03,Russia,Europe,31572,15305,16.090346957195074
2022-10-03,Ukraine,Europe,28878,13071,11.829715762464517
2022-10-03,Iran,Asia,11907,6368,6.767826653349209
2022-10-03,Israel,Asia,11218,5195,3.973876320850202
2022-10-03,North Korea,Asia,9351,2870,2.7000143417064137
2022-10-03,United Kingdom,Europe,9301,4125,1.5068917230606906
2022-10-03,Thailand,Asia,6226,1733,3.875256776738055
2022-10-03,South Korea,Asia,5964,2195,1.498325874142021
2022-10-03,India,Asia,5568,3975,0.9949260796791451
2022-10-03,Mexico,North America,4698,2245,0.7377664256805555
2022-10-03,Japan,Asia,4117,1825,1.1356571489731133
2022-10-03,France,Europe,3739,1760,1.2991053861545143
2022-10-03,China,Asia,3554,1964,0.9563709071470402
2022-10-03,Pakistan,Asia,3204,2323,1.0277875272830146
2022-10-10,United States,North America,99007,36084,9.376459133176859
2022-10-10,Russia,Europe,50238,23785,23.34399706465942
2022-10-10,Ukraine,Europe,42074,20517,18.330518411304762
2022-10-10,Iran,Asia,15214,6451,6.960353407955173
2022-10-10,United Kingdom,Europe,11933,4879,2.3474444010054762
2022-10-10,Israel,Asia,10476,6164,4.584262962045058
2022-10-10,India,Asia,6371,4204,0.9855935459338085
2022-10-10,China,Asia,4903,2188,1.2395126738296594
2022-10-10,Canada,North America,4204,1879,0.534604813693479
2022-10-10,North Korea,Asia,3509,1261,0.8930377726143482
2022-10-10,Mexico,North America,3104,1648,0.556466942492095
2022-10-10,Pakistan,Asia,2980,1977,0.8751443314174798
2022-10-10,South Korea,Asia,2930,1249,1.6360722441336522
2022-10-10,Turkey,Asia,2807,1237,0.8310476284692349
2022-10-10,Australia,Oceania,2803,1578,0.7040421253300692
2022-10-17,United States,North America,94113,36356,10.624365750720894
2022-10-17,Russia,Europe,41889,19557,20.43235847487317
2022-10-17,Ukraine,Europe,40802,18537,17.250371649495357
2022-10-17,Iran,Asia,12305,6485,5.072595150762281
2022-10-17,United Kingdom,Europe,11253,4788,2.7717281784591536
2022-10-17,Israel,Asia,6731,4349,3.045427994510594
2022-10-17,India,Asia,5891,4033,0.9628617169546546
2022-10-17,China,Asia,5760,2513,2.5252888520265135
2022-10-17,Pakistan,Asia,3921,2565,1.149617428026993
2022-10-17,Canada,North America,3738,1683,0.49371134774335
2022-10-17,Nigeria,Africa,3413,2754,0.91757670591895
2022-10-17,France,Europe,3117,1857,2.49636712780439
2022-10-17,Chad,Africa,2772,587,2.8160083432152216
2022-10-17,Germany,Europe,2550,1518,0.720390724893255
2022-10-17,South Korea,Asia,2440,1192,0.8647079924612753
2022-10-24,United States,North America,99791,38225,12.674976368602236
2022-10-24,Russia,Europe,27074,14081,16.994796892975764
2022-10-24,Ukraine,Europe,23358,12512,11.213437505986606
2022-10-24,Iran,Asia,12864,7280,8.96533902865363
2022-10-24,Israel,Asia,12225,5848,4.618685684934698
2022-10-24,United Kingdom,Europe,10449,4150,1.808871456368571
2022-10-24,India,Asia,6305,3196,0.6453840527170194
2022-10-24,Pakistan,Asia,6193,3469,2.1893490959398134
2022-10-24,South Korea,Asia,5552,1648,1.2559889100678454
2022-10-24,Brazil,South America,4668,1836,2.1363959482152364
2022-10-24,China,Asia,4094,2137,1.8705883141793045
2022-10-24,Canada,North America,3517,1738,0.48925891154411266
2022-10-24,Kenya,Africa,3168,1674,1.3244087373484443
2022-10-24,Palestine,Asia,3166,1586,1.10590757153767
2022-10-24,Somalia,Africa,2868,1026,1.9106962444437459
2022-10-31,United States,North America,84110,35608,9.326444493407978
2022-10-31,Russia,Europe,29201,13549,15.802489067159396
2022-10-31,Ukraine,Europe,25462,11824,11.471538826545277
2022-10-31,United Kingdom,Europe,11358,4440,2.161295743788983
2022-10-31,Israel,Asia,10114,5093,3.61392559884956
2022-10-31,North Korea,Asia,9359,2774,4.43610188820872
2022-10-31,Iran,Asia,8444,4618,4.391907528682623
2022-10-31,South Korea,Asia,8081,3192,3.7761643267503047
2022-10-31,Pakistan,Asia,6078,3807,2.131376637810598
2022-10-31,India,Asia,5780,3826,1.1387598772143872
2022-10-31,Canada,North America,4031,1834,0.6883952572796963
2022-10-31,China,Asia,3957,2021,1.3855003965761663
2022-10-31,Brazil,South America,3299,1904,2.2835046954833707
2022-10-31,Germany,Europe,3057,1241,0.5386665841720116
2022-10-31,Nigeria,Africa,2509,2156,0.9739655449128023
2022-11-07,United States,North America,63028,27192,9.345163647160105
2022-11-07,Russia,Europe,23539,11507,16.517204529583303
2022-11-07,Ukraine,Europe,22915,10776,11.198637301057007
2022-11-07,United Kingdom,Europe,9089,3583,2.519864452398089
2022-11-07,China,Asia,4407,2108,2.0544917038307484
2022-11-07,Iran,Asia,4402,3234,4.507280776240015
2022-11-07,Israel,Asia,3725,2601,2.2018756295136304
2022-11-07,India,Asia,3707,2700,0.7030865216786715
2022-11-07,Pakistan,Asia,3449,2175,1.5796332780301714
2022-11-07,Canada,North America,3078,1364,0.6959301064804769
2022-11-07,Turkey,Asia,2725,1580,2.383402427438627
2022-11-07,Nigeria,Africa,2406,1943,1.5121013956791447
2022-11-07,France,Europe,2378,1487,2.017791702528972
2022-11-07,Germany,Europe,1992,1148,0.6319597880796465
2022-11-07,South Korea,Asia,1863,975,1.1730292967094302
2022-11-14,United States,North America,83109,34371,12.81409019026158
2022-11-14,Russia,Europe,46478,20681,19.836343679628598
2022-11-14,Ukraine,Europe,39577,17715,14.188248068774458
2022-11-14,Poland,Europe,12757,5320,5.669312744904359
2022-11-14,Iran,Asia,9200,6562,4.970636946539578
2022-11-14,United Kingdom,Europe,8506,3792,1.2421211054760564
2022-11-14,Turkey,Asia,8419,4210,5.338290665340588
2022-11-14,India,Asia,6337,4119,0.9890874087204979
2022-11-14,Israel,Asia,6108,3899,1.988754067073122
2022-11-14,China,Asia,5107,2560,1.6291190613194462
2022-11-14,Canada,North America,4263,1962,1.213290539655594
2022-11-14,Pakistan,Asia,3628,2288,1.0803863641618225
2022-11-14,Australia,Oceania,3323,1341,0.7886284500434632
2022-11-14,France,Europe,2695,1546,1.2561823072559417
2022-11-14,North Korea,Asia,2627,989,0.8431174644298336
2022-11-21,United States,North America,76888,29339,9.444340559387323
2022-11-21,Russia,Europe,28048,15000,16.89937421766061
2022-11-21,Ukraine,Europe,26833,13539,12.265096495947665
2022-11-21,China,Asia,8398,3473,4.345634297919521
2022-11-21,United Kingdom,Europe,7955,3433,1.5524073954356188
2022-11-21,Turkey,Asia,7271,4639,6.066450678997026
2022-11-21,Israel,Asia,6814,3844,2.5620979761992513
2022-11-21,India,Asia,6608,4302,0.9817318176551157
2022-11-21,Iran,Asia,5141,3429,3.2682608691140493
2022-11-21,Canada,North America,3439,1594,1.2209112638708843
2022-11-21,Pakistan,Asia,3333,2210,1.1890023673177263
2022-11-21,Syria,Asia,2915,1965,1.7239039833142233
2022-11-21,Germany,Europe,2360,1218,0.5761173301595673
2022-11-21,Nigeria,Africa,2195,1780,1.1408145978740074
2022-11-21,Italy,Europe,2180,883,0.6636378911907029
2022-11-28,United States,North America,81724,34399,10.030264456245108
2022-11-28,Russia,Europe,24839,13387,15.608265341182051
2022-11-28,Ukraine,Europe,21896,11328,9.770975847182575
2022-11-28,China,Asia,13544,6884,8.73693057707634
2022-11-28,Israel,Asia,10575,6651,5.56191909875166
2022-11-28,United Kingdom,Europe,8902,3711,1.4667556822673664
2022-11-28,India,Asia,6131,4130,1.1736990027056664
2022-11-28,Pakistan,Asia,4107,2878,1.484500256573738
2022-11-28,Iran,Asia,3981,2761,3.253051609819361
2022-11-28,Canada,North America,3682,1685,0.6683547377265402
2022-11-28,Syria,Asia,3439,1560,1.1936839080278066
2022-11-28,France,Europe,3268,1420,1.1839168958621797
2022-11-28,Australia,Oceania,2796,1554,0.8132388675325298
2022-11-28,Turkey,Asia,2795,1858,1.7681619191110858
2022-11-28,Nigeria,Africa,2776,2308,0.9919514795365967
2022-12-05,United States,North America,96012,36114,10.369833027679725
2022-12-05,Russia,Europe,35860,17477,17.556851903988495
2022-12-05,Ukraine,Europe,26725,13628,11.876731794158689
2022-12-05,United Kingdom,Europe,10329,4080,2.081896090029773
2022-12-05,Israel,Asia,8081,5223,3.0518621739185963
2022-12-05,Iran,Asia,7008,4254,4.182088639104583
2022-12-05,Germany,Europe,6729,3252,3.1765137118553506
2022-12-05,China,Asia,5610,2675,2.045153037960053
2022-12-05,Peru,South America,5561,2292,4.607473366743258
2022-12-05,Indonesia,Asia,4621,1942,2.047167541476862
2022-12-05,India,Asia,4384,3228,0.7014521279600737
2022-12-05,Pakistan,Asia,3943,2474,1.3047767750747066
2022-12-05,France,Europe,3835,1641,1.6690827535279125
2022-12-05,Canada,North America,3118,1772,0.5981073835028737
2022-12-05,Italy,Europe,3078,1432,1.0665933101518366
2022-12-12,United States,North America,98351,37473,9.908902423789527
2022-12-12,Russia,Europe,31870,15368,16.730178227830383
2022-12-12,Ukraine,Europe,23876,12654,12.54271860579215
2022-12-12,United Kingdom,Europe,9754,3939,1.6615177914978452
2022-12-12,China,Asia,9190,4677,3.103647485576694
2022-12-12,Peru,South America,8316,3995,9.1100158679666
2022-12-12,Iran,Asia,8029,4499,5.277890939378831
2022-12-12,India,Asia,7415,5010,1.250331705321467
2022-12-12,Israel,Asia,6744,3749,2.200419231426126
2022-12-12,Ireland,Europe,4850,985,0.7229404370220636
2022-12-12,Pakistan,Asia,4329,3017,1.257209994903846
2022-12-12,Canada,North America,3805,1646,0.5039893898554672
2022-12-12,Bahamas,North America,3693,992,1.207452059331694
2022-12-12,France,Europe,3553,1862,1.9873377082697319
2022-12-12,Australia,Oceania,3472,2200,1.4262632449734225
2022-12-19,United States,North America,81589,33235,15.541168808967024
2022-12-19,Russia,Europe,29060,13496,13.677064060287615
2022-12-19,Ukraine,Europe,22550,10882,9.45546091319284
2022-12-19,France,Europe,11640,4322,8.809773372315986
2022-12-19,Afghanistan,Asia,10939,3034,3.298291145330714
2022-12-19,United Kingdom,Europe,8379,3307,2.29653886981826
2022-12-19,Canada,North America,7313,2428,1.880650728887903
2022-12-19,Pakistan,Asia,6491,3825,1.9465450111219709
2022-12-19,China,Asia,6215,3122,2.3262008950654964
2022-12-19,India,Asia,5926,3979,1.2220481301691688
2022-12-19,Iran,Asia,5707,3096,2.8926901134411405
2022-12-19,Turkey,Asia,5158,1580,1.1546774866745386
2022-12-19,Ireland,Europe,4783,710,0.7181067404582131
2022-12-19,Israel,Asia,4073,2873,1.4623074075761175
2022-12-19,Bahamas,North America,3730,558,0.9506992495500921
2022-12-26,United States,North America,75005,28076,9.00002602767431
2022-12-26,Russia,Europe,37400,16022,19.34121941013977
2022-12-26,Ukraine,Europe,33395,14094,14.214377819033494
2022-12-26,China,Asia,7251,3070,3.898861225115178
2022-12-26,United Kingdom,Europe,6782,2539,1.774572043265641
2022-12-26,Pakistan,Asia,6089,3511,2.1006297799190947
2022-12-26,South Korea,Asia,5622,1910,1.6483987321394615
2022-12-26,Afghanistan,Asia,4836,2004,1.7299975074238714
2022-12-26,Israel,Asia,4574,3163,1.8168400604701045
2022-12-26,India,Asia,4525,3333,0.7393803930126172
2022-12-26,Serbia,Europe,3857,1595,4.4445949838356595
2022-12-26,Iran,Asia,3630,2459,2.9069742181037537
2022-12-26,North Korea,Asia,3492,1029,0.9783758209479804
2022-12-26,Canada,North America,3063,1234,0.7225133026794056
2022-12-26,Turkey,Asia,3020,1367,1.0379631129230087
2023-01-02,United States,North America,96871,35943,11.936432155900635
2023-01-02,Russia,Europe,33381,15200,17.34150888719132
2023-01-02,Ukraine,Europe,30434,14658,15.17001529960047
2023-01-02,Mexico,North America,12331,4330,4.237291775977609
2023-01-02,Israel,Asia,11597,6372,5.692769144446738
2023-01-02,United Kingdom,Europe,11389,4103,2.5983628417432145
2023-01-02,Iran,Asia,7766,4218,4.72539423458235
2023-01-02,India,Asia,6712,4395,1.009817235787548
2023-01-02,Pakistan,Asia,4969,3129,1.45474613554313
2023-01-02,China,Asia,4896,2524,2.2104518245920772
2023-01-02,Germany,Europe,4523,1769,1.482875193949936
2023-01-02,Afghanistan,Asia,4095,1921,1.2766297309599846
2023-01-02,France,Europe,3915,1881,1.3275938592694996
2023-01-02,Brazil,South America,2558,1378,1.554371301203785
2023-01-02,Canada,North America,2519,1294,0.34138790357315024
2023-01-09,United States,North America,93619,37398,10.181302345726868
2023-01-09,Ukraine,Europe,38624,18418,14.14366087290892
2023-01-09,Russia,Europe,35829,18507,13.670551716031722
2023-01-09,United Kingdom,Europe,17957,6004,3.1684299103250315
2023-01-09,Brazil,South America,10837,5394,7.530386917845842
2023-01-09,Israel,Asia,8933,5522,4.284972296718162
2023-01-09,Iran,Asia,7318,4003,3.8461524921648973
2023-01-09,India,Asia,5419,3839,0.8406034496292563
2023-01-09,France,Europe,4960,2256,2.1810871806587113
2023-01-09,Peru,South America,4617,2235,4.52415553902399
2023-01-09,China,Asia,4333,2435,1.899253863647777
2023-01-09,Afghanistan,Asia,4088,1659,1.2307854907580216
2023-01-09,Germany,Europe,4069,2205,1.5008277911031065
2023-01-09,Mexico,North America,3723,2305,0.8362671557907299
2023-01-09,Pakistan,Asia,3705,1972,0.923836247611024
2023-01-16,United States,North America,117236,39439,10.766956197617638
2023-01-16,Ukraine,Europe,31738,16372,13.333405961302326
2023-01-16,Russia,Europe,30908,17099,11.495707731330098
2023-01-16,United Kingdom,Europe,14086,5407,3.0821985945909516
2023-01-16,Peru,South America,10018,2876,6.290363476977092
2023-01-16,Israel,Asia,7750,4884,2.724163341790159
2023-01-16,Germany,Europe,6992,3292,2.205995006108648
2023-01-16,Italy,Europe,6877,3095,3.6395181404039536
2023-01-16,India,Asia,6123,4163,1.1124962376899288
2023-01-16,Mexico,North America,5779,2230,1.106086134829633
2023-01-16,Pakistan,Asia,5512,3147,2.347545523537518
2023-01-16,China,Asia,5307,2728,1.9372429654678993
2023-01-16,Iran,Asia,3925,2274,2.2261620693724575
2023-01-16,Canada,North America,3340,1440,0.430195920527365
2023-01-16,France,Europe,3256,1898,2.2060880708248765
2023-01-23,United States,North America,143189,47595,14.136861849972817
2023-01-23,Israel,Asia,58627,16256,17.204528811518013
2023-01-23,Ukraine,Europe,31171,17864,10.584997929284341
2023-01-23,Russia,Europe,30878,18344,10.898082733686891
2023-01-23,United Kingdom,Europe,14157,5200,1.3799244679252167
2023-01-23,Palestine,Asia,11772,3697,2.0228708805023974
2023-01-23,Germany,Europe,7713,3722,1.9346569627114767
2023-01-23,India,Asia,6617,4397,1.6598124971690056
2023-01-23,Iran,Asia,5540,3222,2.4854337583301263
2023-01-23,China,Asia,5204,2586,1.6601040883168767
2023-01-23,Spain,Europe,4181,1644,0.8111488441059784
2023-01-23,Canada,North America,3736,1701,0.3451531055693351
2023-01-23,Turkey,Asia,3725,1772,1.3528630131567319
2023-01-23,France,Europe,3324,1897,1.7392140381385708
2023-01-23,Pakistan,Asia,3295,2107,1.026927646880638
2023-01-30,United States,North America,109523,40620,12.666457538900675
2023-01-30,Russia,Europe,32768,18366,13.794920087837149
2023-01-30,Ukraine,Europe,28075,16649,10.483174633066962
2023-01-30,Israel,Asia,21806,10495,9.883911325190883
2023-01-30,Pakistan,Asia,15852,5742,4.167557826499811
2023-01-30,United Kingdom,Europe,12824,4662,1.5085506560975714
2023-01-30,China,Asia,8694,3781,3.4509968567815297
2023-01-30,Canada,North America,5905,1677,0.4008454175138683
2023-01-30,India,Asia,5701,3960,1.2549351840352716
2023-01-30,Iran,Asia,5208,3218,2.6623632693407053
2023-01-30,Afghanistan,Asia,4555,1386,0.8742662467534719
2023-01-30,Palestine,Asia,4447,1954,0.840774057102263
2023-01-30,France,Europe,3951,1700,1.4946776097770305
2023-01-30,Germany,Europe,3729,2010,1.257639780102149
2023-01-30,Italy,Europe,3205,1437,0.8493735072132396
2023-02-06,United States,North America,95734,38012,10.685866806119137
2023-02-06,Russia,Europe,32404,17087,12.600952894633767
2023-02-06,Ukraine,Europe,28649,15485,9.817628963061882
2023-02-06,Israel,Asia,17408,6231,4.614787889464594
2023-02-06,United Kingdom,Europe,14344,5233,2.3496837951261034
2023-02-06,China,Asia,10136,4289,3.9643508406999874
2023-02-06,Syria,Asia,10065,2910,3.643914165787186
2023-02-06,Turkey,Asia,9477,4333,8.581970247729874
2023-02-06,Canada,North America,8662,2650,0.9512603439974633
2023-02-06,India,Asia,4613,3353,0.8189095594444077
2023-02-06,Palestine,Asia,4401,938,0.35701035785524043
2023-02-06,Pakistan,Asia,4139,2466,1.1631820475083785
2023-02-06,France,Europe,3377,1850,1.9169336512873025
2023-02-06,Nicaragua,North America,3335,1196,2.6457225405941194
2023-02-06,Mexico,North America,3074,1670,0.5872957442502832
2023-02-13,United States,North America,109768,41192,16.60412262821957
2023-02-13,Russia,Europe,33391,19272,13.223811440346761
2023-02-13,Ukraine,Europe,27406,16227,10.585722783808958
2023-02-13,United Kingdom,Europe,13132,4783,1.6656719532975646
2023-02-13,China,Asia,9483,4304,3.809199954589544
2023-02-13,Israel,Asia,9339,5744,3.9299353836351147
2023-02-13,Canada,North America,8929,2992,1.2253849659427107
2023-02-13,India,Asia,6496,4209,1.3911011212305975
2023-02-13,Pakistan,Asia,5409,2722,2.551430979685815
2023-02-13,Germany,Europe,4164,2039,1.210692276641804
2023-02-13,Syria,Asia,3965,2166,2.7513026311643034
2023-02-13,Turkey,Asia,3300,1763,2.011442011925388
2023-02-13,Nigeria,Africa,3182,2537,1.1481249843143655
2023-02-13,Indonesia,Asia,2854,1198,1.057331138213026
2023-02-13,New Zealand,Oceania,2742,430,0.4037737031505426
2023-02-20,United States,North America,102950,39561,12.538342709540824
2023-02-20,Russia,Europe,38143,21581,19.075735841818943
2023-02-20,Ukraine,Europe,34293,18419,13.33298303493338
2023-02-20,Israel,Asia,30594,9068,9.929991982569556
2023-02-20,United Kingdom,Europe,10660,4410,1.3497508791463273
2023-02-20,India,Asia,7135,4396,0.9401196535710875
2023-02-20,Palestine,Asia,6349,1923,1.0712347823014325
2023-02-20,Pakistan,Asia,5304,3441,1.9142210028398268
2023-02-20,Mexico,North America,4475,2215,0.980270864303139
2023-02-20,Canada,North America,4354,1902,0.43393071014396845
2023-02-20,China,Asia,4341,2662,2.4861225567440086
2023-02-20,Ireland,Europe,4063,1178,0.6434728409412538
2023-02-20,Germany,Europe,3783,1794,0.8646394645531615
2023-02-20,Nigeria,Africa,3500,2613,1.4446409955527366
2023-02-20,Iran,Asia,3430,1907,1.7778504437072302
2023-02-27,United States,North America,104036,37129,9.600376926226325
2023-02-27,Russia,Europe,32856,18884,15.710099969835785
2023-02-27,Ukraine,Europe,28316,16148,13.988636065164304
2023-02-27,Israel,Asia,23584,9970,7.698737508996983
2023-02-27,United Kingdom,Europe,12100,4930,1.7457359111955029
2023-02-27,China,Asia,7416,3551,3.09830236676058
2023-02-27,India,Asia,7363,4689,1.1359519668390343
2023-02-27,Canada,North America,5687,2398,0.6742952803441405
2023-02-27,Greece,Europe,4433,1469,2.5061439634300133
2023-02-27,Pakistan,Asia,3837,2477,1.0612919135892125
2023-02-27,Germany,Europe,3076,1615,0.8301795474050776
2023-02-27,Belarus,Europe,2963,1188,1.353600099557356
2023-02-27,Palestine,Asia,2854,1567,0.878542986898094
2023-02-27,Iran,Asia,2664,1679,1.2869079259327687
2023-02-27,Mexico,North America,2659,1558,0.7755482552729028
2023-03-06,United States,North America,94437,38372,9.10264384504708
2023-03-06,Ukraine,Europe,35730,18550,12.979045875270744
2023-03-06,Russia,Europe,34241,19523,14.28420262073885
2023-03-06,Israel,Asia,21178,9735,8.758891516011408
2023-03-06,Mexico,North America,16731,4724,1.5228139462977506
2023-03-06,United Kingdom,Europe,10378,4596,1.4639951956925918
2023-03-06,Germany,Europe,7147,2853,2.6309012238662555
2023-03-06,Iran,Asia,5903,2704,2.0883506474468443
2023-03-06,India,Asia,5892,3752,0.7151927758854731
2023-03-06,China,Asia,5075,2880,1.9522312695334527
2023-03-06,Canada,North America,4860,2243,0.49846491264904164
2023-03-06,Pakistan,Asia,4697,3213,1.246532321351413
2023-03-06,Afghanistan,Asia,4261,1863,1.6490976921169527
2023-03-06,Nigeria,Africa,3435,2713,0.8846528075439352
2023-03-06,Palestine,Asia,3048,1614,0.5671980496251141
2023-03-13,United States,North America,81303,36627,11.113740145363163
2023-03-13,Russia,Europe,37098,20416,18.992335194142726
2023-03-13,Ukraine,Europe,30016,16214,9.879942962951779
2023-03-13,Israel,Asia,12856,5407,3.1184271222739333
2023-03-13,Pakistan,Asia,11173,5731,3.017184651711646
2023-03-13,United Kingdom,Europe,8620,4193,1.2956154536196725
2023-03-13,China,Asia,6271,2974,2.1649460891173105
2023-03-13,India,Asia,5247,3615,0.7428118452820566
2023-03-13,Canada,North America,5217,2244,0.6273063778075728
2023-03-13,North Korea,Asia,4760,1568,2.497557838673247
2023-03-13,Mexico,North America,4526,2366,1.0648462060681767
2023-03-13,France,Europe,4330,2378,3.84787845550823
2023-03-13,South Korea,Asia,3734,1610,1.8170298472370328
2023-03-13,Nigeria,Africa,3521,2738,0.9051430815834156
2023-03-13,Germany,Europe,3119,1677,0.9630430532545171
2023-03-20,United States,North America,72949,30014,14.134588305645398
2023-03-20,Russia,Europe,21879,10919,11.936406975029454
2023-03-20,Ukraine,Europe,14777,8433,7.847514491456893
2023-03-20,Israel,Asia,8557,4526,4.045843749190803
2023-03-20,United Kingdom,Europe,7857,3727,1.887265729233649
2023-03-20,India,Asia,6909,4413,1.2351423228619096
2023-03-20,China,Asia,6412,2754,3.782189903186306
2023-03-20,France,Europe,5419,3119,6.483379048550127
2023-03-20,Pakistan,Asia,4270,2819,2.3277284956108537
2023-03-20,Canada,North America,4233,1597,0.5131331607051014
2023-03-20,Iran,Asia,3671,1541,1.703734852840918
2023-03-20,Australia,Oceania,3544,1449,0.9185579948473438
2023-03-20,Iraq,Asia,3011,1063,0.6423528233899569
2023-03-20,Germany,Europe,2797,1170,1.207068397632582
2023-03-20,Syria,Asia,2753,1327,1.65634429877343
2023-03-27,United States,North America,246329,75467,18.779372038825674
2023-03-27,Russia,Europe,62603,25185,14.446840151782265
2023-03-27,Ukraine,Europe,36283,17185,7.350055912675748
2023-03-27,United Kingdom,Europe,18551,7956,2.446894588746042
2023-03-27,Israel,Asia,17314,8981,5.465463145078344
2023-03-27,India,Asia,15038,9162,1.4285341702477428
2023-03-27,China,Asia,13434,5060,2.545621587509276
2023-03-27,Canada,North America,12792,3946,0.5283026803095804
2023-03-27,Australia,Oceania,11718,2796,0.7407266060488868
2023-03-27,Mexico,North America,10073,4293,2.128009397584173
2023-03-27,France,Europe,8586,4710,3.965997329503748
2023-03-27,Pakistan,Asia,6981,4396,1.516810056077333
2023-03-27,Afghanistan,Asia,6926,2362,1.5390356604452762
2023-03-27,Germany,Europe,5701,2597,1.048041737362837
2023-03-27,Italy,Europe,5062,2273,0.9628760635910263
2023-04-03,United States,North America,188366,64785,12.349920444168026
2023-04-03,Israel,Asia,119659,30229,23.949586955315837
2023-04-03,Russia,Europe,52094,25708,14.052808431816738
2023-04-03,Ukraine,Europe,36512,18219,7.5477429883648774
2023-04-03,United Kingdom,Europe,22340,8054,2.492140102042806
2023-04-03,China,Asia,13493,5998,3.533728752519033
2023-04-03,India,Asia,12591,7451,0.960602025045509
2023-04-03,Australia,Oceania,12422,3299,1.4830324116138585
2023-04-03,Syria,Asia,10548,2829,1.136761186834368
2023-04-03,Italy,Europe,9795,2974,1.7903185324448034
2023-04-03,Lebanon,Asia,9740,3493,1.8133426210095949
2023-04-03,Canada,North America,9362,3270,0.3632769467668056
2023-04-03,Palestine,Asia,7892,2716,0.9614302504396385
2023-04-03,France,Europe,6508,3573,2.705960899959825
2023-04-03,Nigeria,Africa,6194,4544,1.8412234987521783
2023-04-10,United States,North America,192064,65392,12.511497099923028
2023-04-10,Russia,Europe,41373,22684,10.61234480018533
2023-04-10,Ukraine,Europe,29383,16685,7.181402236834976
2023-04-10,Israel,Asia,28109,11936,6.798275741208619
2023-04-10,Sudan,Africa,21645,6052,13.897852942072815
2023-04-10,United Kingdom,Europe,16770,7273,1.998401905349241
2023-04-10,China,Asia,15177,6794,4.203846619568922
2023-04-10,India,Asia,15119,8906,2.167104983998591
2023-04-10,Australia,Oceania,8502,2569,0.6065886224786871
2023-04-10,Mexico,North America,8111,3503,1.3334726359887181
2023-04-10,Canada,North America,7909,2979,0.3893640572907581
2023-04-10,Pakistan,Asia,6727,3783,1.4207570869908732
2023-04-10,Japan,Asia,6497,2207,1.4422425846060138
2023-04-10,France,Europe,5311,3208,3.0189609227445335
2023-04-10,Taiwan,Asia,5280,2354,1.8955922597315544
2023-04-17,United States,North America,185794,62414,11.082121454377953
2023-04-17,Sudan,Africa,51948,15404,25.07708919008773
2023-04-17,Russia,Europe,40098,18520,12.14195337030875
2023-04-17,Ukraine,Europe,29391,14958,7.022034620863155
2023-04-17,United Kingdom,Europe,20122,7220,2.4800773797344684
2023-04-17,India,Asia,14675,8471,1.4395373244509313
2023-04-17,China,Asia,12200,5200,2.7548174019970797
2023-04-17,Canada,North America,10685,3536,0.46957162472270275
2023-04-17,Israel,Asia,10377,5428,2.1509846689953576
2023-04-17,Australia,Oceania,9595,2740,0.6857541069657547
2023-04-17,Egypt,Africa,6151,1465,0.6687415959385505
2023-04-17,France,Europe,6021,2809,1.6768901488147099
2023-04-17,Germany,Europe,5799,2715,1.3944089886914066
2023-04-17,Mexico,North America,5356,3008,1.976313448009487
2023-04-17,Nigeria,Africa,5082,3788,0.9513583087710363
2023-04-24,United States,North America,160822,57246,9.952446664314074
2023-04-24,Sudan,Africa,53957,16385,19.594563706378683
2023-04-24,Russia,Europe,43108,19250,12.912810296713001
2023-04-24,Ukraine,Europe,38924,16880,10.941495823664404
2023-04-24,United Kingdom,Europe,21533,9003,2.5911143898966364
2023-04-24,India,Asia,12028,7997,1.0547767326696287
2023-04-24,Israel,Asia,11162,6352,2.3140650189355565
2023-04-24,China,Asia,10147,5004,2.8887404155823884
2023-04-24,Canada,North America,9952,3268,0.4979808969105251
2023-04-24,Australia,Oceania,7815,2589,0.5962082220312233
2023-04-24,Pakistan,Asia,6030,3870,1.4482604719321617
2023-04-24,Germany,Europe,5765,2383,1.12737586301336
2023-04-24,Mexico,North America,4694,2482,1.1450350524184492
2023-04-24,Turkey,Asia,4525,2463,1.2816356886573763
2023-04-24,Iran,Asia,4442,2457,1.5689456428101487
2023-05-01,United States,North America,173852,59446,10.38745779230914
2023-05-01,Russia,Europe,53924,23558,15.695343092976616
2023-05-01,Ukraine,Europe,48461,20749,11.748943622069877
2023-05-01,United Kingdom,Europe,27257,8720,3.2231689819762193
2023-05-01,Israel,Asia,25748,12209,6.306460321800324
2023-05-01,Sudan,Africa,17513,6696,9.327349160678523
2023-05-01,Serbia,Europe,15549,5093,7.014230345306613
2023-05-01,India,Asia,13973,8902,1.0179083281361063
2023-05-01,Canada,North America,10253,3426,0.8702178584746443
2023-05-01,Australia,Oceania,9491,2506,0.7372039417605029
2023-05-01,Mexico,North America,9209,3429,1.3050447825943714
2023-05-01,China,Asia,8201,3911,1.6108718387857524
2023-05-01,Pakistan,Asia,6384,4133,1.312522166452959
2023-05-01,Nigeria,Africa,5705,3603,0.8155736125865412
2023-05-01,Palestine,Asia,5137,2071,0.5520545704520684
2023-05-08,United States,North America,181465,60560,10.688953577166522
2023-05-08,Israel,Asia,105961,25079,20.754378632476975
2023-05-08,Russia,Europe,45246,20682,11.777866977302546
2023-05-08,Ukraine,Europe,40651,17845,9.534516308627756
2023-05-08,Pakistan,Asia,26012,10651,3.8921900634543283
2023-05-08,United Kingdom,Europe,17669,7240,1.8810917429367606
2023-05-08,Canada,North America,14142,4219,0.6562564192686762
2023-05-08,India,Asia,11357,7311,0.9980242156747795
2023-05-08,Palestine,Asia,10414,3167,1.1551109273279894
2023-05-08,China,Asia,9861,4230,2.4578734737373593
2023-05-08,Australia,Oceania,8853,2207,0.7136541984335425
2023-05-08,Mexico,North America,7891,3624,1.8806574177700102
2023-05-08,Sudan,Africa,6739,3415,5.182632381720296
2023-05-08,Germany,Europe,5548,2394,1.1151506246619558
2023-05-08,France,Europe,4935,2458,1.4511428722220727
2023-05-15,United States,North America,156623,56996,8.860541300970347
2023-05-15,Russia,Europe,52933,23446,16.838329828702758
2023-05-15,Ukraine,Europe,48961,19254,12.985871613340294
2023-05-15,United Kingdom,Europe,18135,6680,1.687084873037573
2023-05-15,Israel,Asia,16119,8756,5.108691610832654
2023-05-15,Australia,Oceania,14464,3235,1.2011257198674135
2023-05-15,India,Asia,11138,6785,0.9286371822776022
2023-05-15,Canada,North America,10972,3469,0.5483712878656988
2023-05-15,Pakistan,Asia,10390,5769,2.1435957910228907
2023-05-15,China,Asia,9214,4370,2.174893134752845
2023-05-15,Nigeria,Africa,7716,5041,1.9606230258730828
2023-05-15,France,Europe,7002,3174,2.2711973744562926
2023-05-15,Mexico,North America,6690,3738,1.6199030827212682
2023-05-15,Iran,Asia,5367,2431,1.6186947503410563
2023-05-15,Japan,Asia,4885,1626,0.6645282103518972
2023-05-22,United States,North America,161170,55902,8.586109157389307
2023-05-22,Russia,Europe,49503,22543,15.924716517522743
2023-05-22,Ukraine,Europe,39045,17646,12.503116647648438
2023-05-22,United Kingdom,Europe,16882,7031,2.1714463576248018
2023-05-22,Australia,Oceania,16615,3220,1.3948357772359978
2023-05-22,Israel,Asia,13138,6812,3.992354293530577
2023-05-22,India,Asia,11424,7484,1.386940299907217
2023-05-22,Sudan,Africa,7780,2846,4.912045334878057
2023-05-22,Pakistan,Asia,7360,4462,1.4822865212857623
2023-05-22,Canada,North America,7329,2422,0.4800317469051691
2023-05-22,China,Asia,7185,3680,2.0384641999174544
2023-05-22,Germany,Europe,6020,2758,1.5601408784608548
2023-05-22,Iran,Asia,5662,2825,1.754903447222997
2023-05-22,Nigeria,Africa,5078,3104,1.0144678926738595
2023-05-22,Mexico,North America,4577,2864,1.6972387694719815
2023-05-29,United States,North America,139684,49034,7.580040181692098
2023-05-29,Russia,Europe,55673,22413,15.867108563638126
2023-05-29,Ukraine,Europe,48912,19008,12.41461936667519
2023-05-29,Serbia,Europe,14789,4722,5.031743946958188
2023-05-29,Israel,Asia,14358,7317,3.435484978211079
2023-05-29,United Kingdom,Europe,13362,5424,1.1859577950499458
2023-05-29,Australia,Oceania,12736,2969,0.74230133625781
2023-05-29,China,Asia,11792,4903,3.1528214119422544
2023-05-29,India,Asia,9952,6660,1.054064774464771
2023-05-29,Canada,North America,9595,3368,0.46221902272683824
2023-05-29,Sudan,Africa,7388,3079,4.5757647764899705
2023-05-29,Kosovo,Europe,6552,2059,1.890817824006072
2023-05-29,Germany,Europe,6168,2517,1.5928685192339294
2023-05-29,Afghanistan,Asia,5601,1485,0.7399084658827307
2023-05-29,Pakistan,Asia,5453,3586,1.1793175728727758
2023-06-05,United States,North America,144996,52938,11.213218745206895
2023-06-05,Ukraine,Europe,49238,21138,16.253134879676775
2023-06-05,Russia,Europe,42046,20356,15.208146637319944
2023-06-05,United Kingdom,Europe,23100,7575,3.2542592332220384
2023-06-05,Canada,North America,12338,4283,0.9392239681950124
2023-06-05,Australia,Oceania,11952,3427,0.933756782202513
2023-06-05,India,Asia,10726,6878,0.923549305579923
2023-06-05,Israel,Asia,10523,6658,2.8445450547378774
2023-06-05,France,Europe,8418,3216,2.442117599239774
2023-06-05,China,Asia,6958,3335,2.428145245915116
2023-06-05,Nigeria,Africa,5141,3701,1.0225003674859239
2023-06-05,Pakistan,Asia,4210,2887,1.1315766067678923
2023-06-05,Germany,Europe,3981,2149,0.8048872883624295
2023-06-05,Sudan,Africa,3927,2098,4.436177323338255
2023-06-05,Mexico,North America,3401,2254,1.4073902021003377
2023-06-12,United States,North America,139618,51998,8.78994281613157
2023-06-12,Ukraine,Europe,41344,19043,13.015806944289485
2023-06-12,Russia,Europe,38383,18651,12.693143572620482
2023-06-12,United Kingdom,Europe,21343,7547,3.029935588242744
2023-06-12,Australia,Oceania,13143,3225,0.9383680753337118
2023-06-12,India,Asia,12220,7863,1.4030759224851126
2023-06-12,Israel,Asia,9809,5814,3.3563892656895256
2023-06-12,Uganda,Africa,9785,2123,2.2949849601301473
2023-06-12,Canada,North America,8833,3354,0.6441773278819477
2023-06-12,China,Asia,6633,3307,1.7703578807000464
2023-06-12,Sudan,Africa,5784,2944,4.979156835662628
2023-06-12,Pakistan,Asia,5254,2511,1.1665539126760407
2023-06-12,Serbia,Europe,4741,2223,3.417514206936116
2023-06-12,Mexico,North America,4697,2343,1.1241446022691237
2023-06-12,Nigeria,Africa,4613,3372,0.779311454761363
2023-06-19,United States,North America,123861,46546,6.553211353344753
2023-06-19,Russia,Europe,71681,27430,25.593928198460567
2023-06-19,Israel,Asia,45929,17501,11.28289338998761
2023-06-19,Ukraine,Europe,39761,18812,11.396579534133075
2023-06-19,United Kingdom,Europe,18260,6260,1.7405751483261422
2023-06-19,Palestine,Asia,12982,5570,2.5462953247615654
2023-06-19,India,Asia,11494,7202,0.9484447031646075
2023-06-19,Canada,North America,10563,3455,0.8330449386053095
2023-06-19,China,Asia,8101,3559,2.0344910769637066
2023-06-19,Australia,Oceania,7584,2355,0.6218370010312182
2023-06-19,Pakistan,Asia,5607,3141,0.8068863557059032
2023-06-19,Sudan,Africa,5316,2817,5.896718777595839
2023-06-19,Nigeria,Africa,5260,3807,0.8974444417732808
2023-06-19,France,Europe,5201,2389,1.1045077002521466
2023-06-19,Romania,Europe,4326,1197,0.6812982202916217
2023-06-26,United States,North America,126237,47852,6.537230982645211
2023-06-26,Russia,Europe,50245,21410,14.886875721753615
2023-06-26,France,Europe,34240,11974,20.80487446633374
2023-06-26,Ukraine,Europe,33670,15342,8.831117096220321
2023-06-26,United Kingdom,Europe,20912,6035,1.5992579957310225
2023-06-26,Israel,Asia,11392,6103,2.4782873404199566
2023-06-26,Australia,Oceania,8995,2273,0.5682966191897177
2023-06-26,India,Asia,8957,6058,0.8289599753418653
2023-06-26,Canada,North America,8951,3038,0.5397124646001397
2023-06-26,Pakistan,Asia,5625,2875,1.2875731499628602
2023-06-26,Mexico,North America,5308,2844,1.6487202583214082
2023-06-26,Brazil,South America,4662,1742,1.6626992317818916
2023-06-26,China,Asia,4615,2564,3.6563013691023065
2023-06-26,Germany,Europe,4563,2088,1.3665034788194073
2023-06-26,Sweden,Europe,4539,2127,4.045119493189808
2023-07-03,United States,North America,116471,42876,7.161431394227131
2023-07-03,Israel,Asia,56254,19938,16.92248891273154
2023-07-03,Russia,Europe,36282,18028,12.165463016609245
2023-07-03,Ukraine,Europe,30200,16042,8.934616351133272
2023-07-03,United Kingdom,Europe,16396,6190,1.67488323022249
2023-07-03,Palestine,Asia,16338,6033,2.581570829020181
2023-07-03,France,Europe,15439,6783,7.369274344227426
2023-07-03,India,Asia,11578,6742,1.0095664928699022
2023-07-03,China,Asia,9137,4125,2.4326943438311144
2023-07-03,Australia,Oceania,8584,2139,0.7206803387180324
2023-07-03,Canada,North America,7111,2726,0.4366859833035733
2023-07-03,Mexico,North America,5137,2774,1.3745394401746893
2023-07-03,Iran,Asia,4520,2639,1.4910662076721029
2023-07-03,Germany,Europe,4337,1806,1.4069483122365478
2023-07-03,Sudan,Africa,4209,1864,2.6711652345265624
2023-07-10,United States,North America,135965,49336,8.861425992943653
2023-07-10,Russia,Europe,42002,17446,13.218712270642031
2023-07-10,Ukraine,Europe,36424,17085,12.301335055458265
2023-07-10,United Kingdom,Europe,15296,5734,1.9431163854392985
2023-07-10,Israel,Asia,13155,7349,4.443970209036218
2023-07-10,Australia,Oceania,9289,2291,0.723796770273566
2023-07-10,India,Asia,8954,6167,0.9435044902603272
2023-07-10,Canada,North America,8909,3229,0.8194373814697329
2023-07-10,China,Asia,6406,3515,2.369181999257609
2023-07-10,Mexico,North America,5309,3164,1.974308689572959
2023-07-10,Sudan,Africa,5261,2626,4.321810355910426
2023-07-10,Nigeria,Africa,4976,3680,0.924996253280893
2023-07-10,France,Europe,4704,2476,2.5076355084184905
2023-07-10,Pakistan,Asia,4085,2668,0.9972903513089948
2023-07-10,Spain,Europe,3406,1623,0.9857345988304163
2023-07-17,United States,North America,136079,49705,7.14740008688756
2023-07-17,Russia,Europe,43395,21531,18.496576551985125
2023-07-17,Ukraine,Europe,40542,19978,14.22074702444442
2023-07-17,United Kingdom,Europe,15216,5929,1.4055696045719899
2023-07-17,North Korea,Asia,13328,2966,1.6888323977323505
2023-07-17,India,Asia,12062,6990,1.3963475875193254
2023-07-17,South Korea,Asia,11735,3147,1.493068397808681
2023-07-17,Israel,Asia,10615,6489,2.9048102429756453
2023-07-17,Australia,Oceania,9269,2474,0.7760327019830402
2023-07-17,Canada,North America,8469,3010,0.4717153910643461
2023-07-17,Greece,Europe,7059,3115,2.2182006707290087
2023-07-17,Iraq,Asia,6272,2321,1.9603724159901277
2023-07-17,China,Asia,5681,2994,1.7878954607436672
2023-07-17,Sweden,Europe,5379,2806,4.337670646818914
2023-07-17,Japan,Asia,5282,1270,0.7068165638026599
2023-07-24,United States,North America,117422,47165,7.393287289149809
2023-07-24,Russia,Europe,42036,19877,15.924589914988925
2023-07-24,Ukraine,Europe,38410,18367,10.852017113163782
2023-07-24,United Kingdom,Europe,22235,6422,1.7347106814049624
2023-07-24,Israel,Asia,12975,7273,5.92207513427035
2023-07-24,Australia,Oceania,10327,2803,1.1329085039226008
2023-07-24,India,Asia,8910,6425,1.0105177551904865
2023-07-24,Greece,Europe,7748,3245,2.899883905277479
2023-07-24,Pakistan,Asia,7558,3056,1.616063378759623
2023-07-24,Canada,North America,6875,2638,0.4857624857263033
2023-07-24,France,Europe,6695,2586,1.9437794245034816
2023-07-24,Niger,Africa,6001,1930,3.8871557434508865
2023-07-24,North Korea,Asia,5635,1946,1.069435460177852
2023-07-24,China,Asia,5175,2918,1.4930253768985071
2023-07-24,Nigeria,Africa,5021,3611,0.9075556357258139
2023-07-31,United States,North America,160656,53146,10.270198536474842
2023-07-31,Russia,Europe,49810,23193,19.4761302763684
2023-07-31,Ukraine,Europe,38597,19262,11.850122805441385
2023-07-31,Israel,Asia,16634,9433,4.204150490692811
2023-07-31,United Kingdom,Europe,14591,5824,1.8407004423977291
2023-07-31,India,Asia,13493,8911,1.6854998848202494
2023-07-31,Pakistan,Asia,10762,4888,2.3415517942342507
2023-07-31,Niger,Africa,9118,4277,6.405818646774119
2023-07-31,France,Europe,8863,4461,3.926842283623087
2023-07-31,Australia,Oceania,8552,2639,0.7189447037478344
2023-07-31,China,Asia,6700,3042,1.5412783850692442
2023-07-31,Canada,North America,5713,2293,0.40710476968143877
2023-07-31,Nigeria,Africa,4747,3200,0.8862867272824548
2023-07-31,Brazil,South America,4176,2353,1.6514597253897088
2023-07-31,Mexico,North America,3727,2270,1.0890549659433273
2023-08-07,United States,North America,137735,49992,11.451091945904267
2023-08-07,Russia,Europe,36784,18603,13.630517006564958
2023-08-07,Ukraine,Europe,34160,17672,11.510249108398122
2023-08-07,Ecuador,South America,14627,4229,7.101544291625661
2023-08-07,United Kingdom,Europe,13597,5407,2.362782414573851
2023-08-07,India,Asia,11442,7538,1.5096490866083343
2023-08-07,Israel,Asia,10811,6731,3.987182995112387
2023-08-07,Australia,Oceania,9648,2822,0.7610255741596191
2023-08-07,Niger,Africa,8265,3263,5.988449538699907
2023-08-07,Pakistan,Asia,8196,4641,2.0051966494489637
2023-08-07,China,Asia,6566,3577,2.660265096499268
2023-08-07,Canada,North America,6225,2175,0.6502543694554419
2023-08-07,France,Europe,5642,2641,1.5441314574842022
2023-08-07,Iran,Asia,5423,2247,1.444650395752025
2023-08-07,Nigeria,Africa,5380,3650,1.3384181660574135
2023-08-14,United States,North America,154421,51355,10.774337371394266
2023-08-14,Russia,Europe,39788,19235,13.722163592461442
2023-08-14,Ukraine,Europe,30919,16681,10.63952550051653
2023-08-14,United Kingdom,Europe,19747,6988,3.5309994675683143
2023-08-14,Canada,North America,14335,3906,1.347500173529063
2023-08-14,Israel,Asia,11257,6394,3.7319664848517595
2023-08-14,Pakistan,Asia,9975,5534,3.838293845035965
2023-08-14,India,Asia,9575,6483,0.9837629477582199
2023-08-14,Australia,Oceania,8720,2380,0.7603612170957599
2023-08-14,Niger,Africa,6627,2915,5.445295629765913
2023-08-14,China,Asia,5488,3001,2.4551275783209143
2023-08-14,Spain,Europe,5018,1652,1.091637318238741
2023-08-14,Iran,Asia,4864,2642,1.9202279376104756
2023-08-14,Nigeria,Africa,4596,3245,0.8004993042476505
2023-08-14,Ecuador,South America,3875,1854,2.8566305614960985
2023-08-21,United States,North America,167303,54737,13.203428907712416
2023-08-21,Russia,Europe,45819,22671,19.025642298410265
2023-08-21,Ukraine,Europe,35601,17058,11.058300146619631
2023-08-21,United Kingdom,Europe,23207,7562,2.8612163520078187
2023-08-21,Greece,Europe,16120,4086,2.959313575019756
2023-08-21,Australia,Oceania,14022,3018,1.0070438668389552
2023-08-21,Israel,Asia,11447,7269,3.9868105792134605
2023-08-21,Canada,North America,11005,3110,0.6816336606421889
2023-08-21,India,Asia,9283,5884,0.8497846716812707
2023-08-21,China,Asia,8404,3265,1.802399656025897
2023-08-21,Pakistan,Asia,6549,3990,1.6080427350849076
2023-08-21,Nigeria,Africa,4533,3482,0.8285993623879745
2023-08-21,Turkey,Asia,4271,1628,0.8926660299468929
2023-08-21,France,Europe,3953,1982,1.8674506797747905
2023-08-21,Mexico,North America,3950,2016,1.0600872715428438
2023-08-28,United States,North America,132096,50326,9.558716934880925
2023-08-28,Russia,Europe,36147,19337,17.404761665333297
2023-08-28,Ukraine,Europe,31582,16165,11.06458694424888
2023-08-28,United Kingdom,Europe,12974,5235,1.306687608561895
2023-08-28,Israel,Asia,12689,6841,3.565872161721268
2023-08-28,Australia,Oceania,8307,2411,0.9447173351464111
2023-08-28,India,Asia,8150,5573,0.9245005903829014
2023-08-28,Pakistan,Asia,7662,4275,2.364994170339941
2023-08-28,Canada,North America,7581,2440,0.5092479418128762
2023-08-28,China,Asia,7577,3820,2.5878803907527947
2023-08-28,France,Europe,6959,3698,5.753398500966735
2023-08-28,Greece,Europe,5944,1949,1.4063166511744247
2023-08-28,Nigeria,Africa,4738,3145,1.1052787759980733
2023-08-28,South Africa,Africa,4091,2162,1.2947452707761897
2023-08-28,Mexico,North America,3758,2343,1.316672680108727
2023-09-04,United States,North America,111056,44214,10.384690095701517
2023-09-04,Russia,Europe,36942,19104,15.285671232849836
2023-09-04,Ukraine,Europe,34931,17476,13.421018565326856
2023-09-04,United Kingdom,Europe,17820,6161,1.7535890123041655
2023-09-04,Australia,Oceania,13927,2985,1.0178423098144345
2023-09-04,Israel,Asia,12428,6494,3.4988934350958787
2023-09-04,India,Asia,8749,5663,1.0429200885116956
2023-09-04,China,Asia,8583,3868,2.7128483196681854
2023-09-04,Sudan,Africa,5981,1315,1.94112350496706
2023-09-04,Canada,North America,5958,2268,0.46432362888883033
2023-09-04,Pakistan,Asia,5380,3541,1.0473880058746652
2023-09-04,France,Europe,4546,2790,2.931737771886242
2023-09-04,Mexico,North America,4064,2378,1.4468292165450385
2023-09-04,Greece,Europe,3779,1478,0.7540223413334591
2023-09-04,Nigeria,Africa,3539,2676,0.7424526527223311
2023-09-11,United States,North America,122305,48116,11.16674869989702
2023-09-11,Russia,Europe,30534,17247,11.92937553432269
2023-09-11,Ukraine,Europe,30299,16387,10.699768527705075
2023-09-11,United Kingdom,Europe,17578,6771,2.4470900283020893
2023-09-11,Australia,Oceania,10406,2627,0.9681466979360835
2023-09-11,India,Asia,8746,6236,0.9006001536802168
2023-09-11,Canada,North America,8396,2900,0.5156828019094486
2023-09-11,Pakistan,Asia,8350,4260,2.4836301699124506
2023-09-11,Iran,Asia,7537,4023,2.9334922136590214
2023-09-11,Israel,Asia,7380,4806,2.640670052051482
2023-09-11,China,Asia,7022,3467,2.633881355626186
2023-09-11,Libya,Africa,6743,1804,2.3229053603815437
2023-09-11,Mexico,North America,5835,3247,2.633096426576833
2023-09-11,Sudan,Africa,5209,1544,3.646270117752835
2023-09-11,Brazil,South America,4481,2063,1.4543526033631031
2023-09-18,United States,North America,124350,47311,9.282508405879618
2023-09-18,Russia,Europe,36303,19413,11.614553931469107
2023-09-18,Ukraine,Europe,35342,18673,10.9162948171701
2023-09-18,Canada,North America,23352,9671,3.399566436322823
2023-09-18,India,Asia,23313,11066,3.0541620130225007
2023-09-18,United Kingdom,Europe,19520,7186,2.8489335237411515
2023-09-18,Israel,Asia,18254,7918,5.607430172813303
2023-09-18,Azerbaijan,Asia,13519,5977,4.0987345064147975
2023-09-18,Iran,Asia,12516,3675,1.9788778608739601
2023-09-18,Armenia,Asia,10846,4377,2.758503234793593
2023-09-18,Australia,Oceania,9667,2859,0.7896661260921278
2023-09-18,China,Asia,5917,3350,2.046184126267727
2023-09-18,Mexico,North America,4881,2878,1.9053509098883692
2023-09-18,Nigeria,Africa,4850,3581,0.9504572287530618
2023-09-18,Pakistan,Asia,4297,2783,0.7900885617543829
2023-09-25,United States,North America,132873,49116,10.486986063883618
2023-09-25,Ukraine,Europe,30039,16027,9.011292747091607
2023-09-25,Russia,Europe,27074,16049,10.262075955165416
2023-09-25,United Kingdom,Europe,21056,6942,1.977829731318033
2023-09-25,India,Asia,12515,7918,1.2246550765835202
2023-09-25,Canada,North America,10729,4910,0.9459753925622789
2023-09-25,Pakistan,Asia,9379,4840,2.232539334966153
2023-09-25,Turkey,Asia,9287,3069,3.4645546014771496
2023-09-25,Australia,Oceania,8407,2103,0.678745528448063
2023-09-25,Israel,Asia,8154,5211,2.185322958810081
2023-09-25,Azerbaijan,Asia,7957,3957,3.157777747587181
2023-09-25,Serbia,Europe,7404,3459,4.537053953883511
2023-09-25,China,Asia,6859,3229,2.787625673665218
2023-09-25,Armenia,Asia,6409,3372,2.127759269275026
2023-09-25,Ireland,Europe,5988,931,0.5783568855624541
2023-10-02,Israel,Asia,157747,44901,46.026945574348666
2023-10-02,United States,North America,120312,47980,5.403022603410844
2023-10-02,Ukraine,Europe,30967,15395,6.5202439057921975
2023-10-02,Russia,Europe,29938,16201,6.837445628897583
2023-10-02,United Kingdom,Europe,22180,6733,1.3107439547781945
2023-10-02,India,Asia,14961,8400,1.7007152158349306
2023-10-02,Australia,Oceania,13034,2674,0.7415610930987042
2023-10-02,Turkey,Asia,12295,6235,2.729066747976034
2023-10-02,Canada,North America,9734,3820,0.5744041076378684
2023-10-02,Palestine,Asia,9429,3962,1.2278845128125608
2023-10-02,Syria,Asia,8595,4063,1.7009826458048796
2023-10-02,Egypt,Africa,7396,2667,0.9450897673705962
2023-10-02,Iran,Asia,7275,3507,1.31627620444854
2023-10-02,Mexico,North America,5839,3082,0.9990361845698997
2023-10-02,China,Asia,5349,2905,1.247841712490529
2023-10-09,Israel,Asia,522467,140999,78.7656956362238
2023-10-09,United States,North America,118980,49215,5.3910623369957085
2023-10-09,Palestine,Asia,29029,11267,2.7998866891343446
2023-10-09,Russia,Europe,22301,12846,3.0433352531704396
2023-10-09,United Kingdom,Europe,21572,7636,0.7214322095519262
2023-10-09,Lebanon,Asia,21425,7912,1.9711057290571063
2023-10-09,Ukraine,Europe,19908,10914,2.34806721146364
2023-10-09,Egypt,Africa,14911,5091,1.2781377264731582
2023-10-09,Australia,Oceania,12325,2827,0.46808573097655537
2023-10-09,France,Europe,11342,4985,1.2141175738175325
2023-10-09,Iran,Asia,10438,5937,0.906071202114882
2023-10-09,Canada,North America,10136,3202,0.25131840734847816
2023-10-09,India,Asia,9207,6259,0.31104487240553536
2023-10-09,China,Asia,9017,4026,1.3479845856164558
2023-10-09,Germany,Europe,6779,3181,0.6279291741254713
2023-10-16,Israel,Asia,360144,103782,65.98930190185776
2023-10-16,United States,North America,132707,51092,6.292977153462907
2023-10-16,Russia,Europe,26038,12934,3.9479508732739235
2023-10-16,Palestine,Asia,23251,8876,2.5680802757182457
2023-10-16,Ukraine,Europe,21534,11367,3.4004647972192066
2023-10-16,United Kingdom,Europe,20380,6604,1.0754365304909945
2023-10-16,Lebanon,Asia,19488,7160,3.120679696196764
2023-10-16,Egypt,Africa,18913,5853,1.5356454166980336
2023-10-16,Australia,Oceania,12724,2754,0.6152914836211772
2023-10-16,Iran,Asia,9498,4792,0.9986631753076165
2023-10-16,India,Asia,8644,6108,0.45595546128149206
2023-10-16,Canada,North America,8167,3420,0.3282977641217782
2023-10-16,France,Europe,6297,3425,1.672243829154902
2023-10-16,Jordan,Asia,6121,1681,0.43563996067433514
2023-10-16,China,Asia,5201,2988,1.4518243510368243
2023-10-23,Israel,Asia,275013,82976,58.567664777959145
2023-10-23,United States,North America,148089,52090,7.4327756958197035
2023-10-23,Russia,Europe,21384,12683,4.450407721844053
2023-10-23,Palestine,Asia,21042,9264,2.7530439441894785
2023-10-23,United Kingdom,Europe,18262,6486,0.9719391280570931
2023-10-23,Ukraine,Europe,18024,10645,3.6624265452528695
2023-10-23,Australia,Oceania,14236,3173,0.7027941577946654
2023-10-23,Egypt,Africa,11907,3285,0.7603465811063189
2023-10-23,Iran,Asia,11205,4847,1.227782893468302
2023-10-23,Lebanon,Asia,9687,3409,0.9185493532298398
2023-10-23,Canada,North America,9054,3121,0.3919097364314494
2023-10-23,India,Asia,7813,5666,0.41316848990903143
2023-10-23,Syria,Asia,7637,3088,0.8444050693641135
2023-10-23,China,Asia,6449,3294,1.9384608391760942
2023-10-23,Iraq,Asia,5623,2521,0.6107469544587881
2023-10-30,Israel,Asia,287121,85858,62.96808753842066
2023-10-30,United States,North America,124895,48193,5.785599287613322
2023-10-30,Palestine,Asia,24602,9932,2.6909980418228443
2023-10-30,Russia,Europe,23177,14453,5.275176919923197
2023-10-30,United Kingdom,Europe,22863,6985,1.0612403150533036
2023-10-30,Ukraine,Europe,20175,11904,3.764989717537635
2023-10-30,Australia,Oceania,17661,3533,0.9685576816588254
2023-10-30,Egypt,Africa,10639,3729,0.7875102451908436
2023-10-30,Lebanon,Asia,10414,4025,1.2381554069786123
2023-10-30,Canada,North America,8460,2898,0.339982495310599
2023-10-30,India,Asia,8243,6008,0.4006675937808496
2023-10-30,China,Asia,7760,3304,1.4023821978312425
2023-10-30,Iran,Asia,7011,3349,0.7955823409220727
2023-10-30,Germany,Europe,6469,2632,1.2206286382288192
2023-10-30,Pakistan,Asia,6435,3819,1.1594249411518278
2023-11-06,Israel,Asia,238987,72428,56.955473634280885
2023-11-06,United States,North America,127120,46895,4.879159079281066
2023-11-06,Ukraine,Europe,23619,12577,5.154397178702913
2023-11-06,Russia,Europe,22328,12199,5.50244135992276
2023-11-06,United Kingdom,Europe,19266,6511,1.1646121970317063
2023-11-06,Palestine,Asia,16933,7185,2.4385165263450275
2023-11-06,Canada,North America,11671,3911,0.4651170220278805
2023-11-06,Australia,Oceania,9466,2257,0.5160688376572368
2023-11-06,India,Asia,8559,5587,0.4609984861826541
2023-11-06,China,Asia,7109,2942,1.3629434366228743
2023-11-06,Egypt,Africa,7047,2217,0.4479796639991862
2023-11-06,Lebanon,Asia,6549,2621,0.82729086091594
2023-11-06,Iran,Asia,6391,2949,0.6702078353132049
2023-11-06,France,Europe,5619,2290,1.8712676129570296
2023-11-06,Spain,Europe,5435,2476,1.4278516607270912
2023-11-13,Israel,Asia,178070,62540,50.539451965301225
2023-11-13,United States,North America,126159,47798,6.209688447744156
2023-11-13,Russia,Europe,21548,13073,6.697418792131397
2023-11-13,Ukraine,Europe,20089,11119,4.329239428454108
2023-11-13,United Kingdom,Europe,17850,6565,1.4197300232957946
2023-11-13,Palestine,Asia,14292,6397,2.002297391396034
2023-11-13,Canada,North America,10726,3817,0.520069622649952
2023-11-13,Australia,Oceania,9101,2703,0.7453936588867455
2023-11-13,India,Asia,7991,5586,0.6886018244752741
2023-11-13,China,Asia,7665,3668,2.3106884260775913
2023-11-13,Egypt,Africa,6072,1707,0.44595778024767013
2023-11-13,Syria,Asia,5053,1977,0.5876437631893153
2023-11-13,France,Europe,4415,2422,1.2844823033957105
2023-11-13,Pakistan,Asia,4273,2803,1.1091258531811081
2023-11-13,Nigeria,Africa,4191,3262,0.8482494045996725
2023-11-20,Israel,Asia,191002,53971,46.798262756986354
2023-11-20,United States,North America,93454,36242,6.146566211351933
2023-11-20,Ukraine,Europe,23680,11915,5.218593619847972
2023-11-20,Russia,Europe,21910,12260,6.4219257046433125
2023-11-20,Australia,Oceania,13162,3127,1.2168936778691102
2023-11-20,Palestine,Asia,12135,4884,1.9117608071032166
2023-11-20,United Kingdom,Europe,9574,4910,0.7620675012367788
2023-11-20,Canada,North America,9407,3276,0.505263636229864
2023-11-20,India,Asia,9355,6040,0.6993691719783897
2023-11-20,Ireland,Europe,8539,2388,1.1341934495013128
2023-11-20,South Africa,Africa,6684,2720,1.4551289432769123
2023-11-20,Egypt,Africa,6287,1902,0.5781315633536727
2023-11-20,China,Asia,4853,2789,1.548160337045961
2023-11-20,Germany,Europe,4820,2134,0.950691370882415
2023-11-20,Lebanon,Asia,4818,2024,0.6443459869564743
2023-11-27,Israel,Asia,168482,51175,45.6272191963624
2023-11-27,United States,North America,129686,46882,7.595163936314319
2023-11-27,Russia,Europe,25482,13679,7.758252230517314
2023-11-27,Ukraine,Europe,19700,10477,4.503888441937072
2023-11-27,United Kingdom,Europe,17716,6601,1.4367411482491104
2023-11-27,Palestine,Asia,14058,5578,2.547988478597294
2023-11-27,Australia,Oceania,13506,3285,0.9134640836123243
2023-11-27,India,Asia,9128,5765,0.7496972185322822
2023-11-27,France,Europe,8741,3807,2.2277239467681236
2023-11-27,Canada,North America,6849,2767,0.3647519918748864
2023-11-27,Philippines,Asia,6487,1855,1.1639438415712116
2023-11-27,China,Asia,5566,2725,1.3020331888855756
2023-11-27,Greece,Europe,5369,1485,0.5272552229412742
2023-11-27,Pakistan,Asia,4662,2749,0.7807456406599533
2023-11-27,Germany,Europe,4510,2034,0.9925279329077532
2023-12-04,Israel,Asia,143924,48704,41.693032355921595
2023-12-04,United States,North America,140645,50853,8.174110055694225
2023-12-04,Russia,Europe,22726,12581,6.29186198832524
2023-12-04,Ukraine,Europe,20035,11603,5.194361724977625
2023-12-04,Palestine,Asia,14958,6477,2.604536325157204
2023-12-04,United Kingdom,Europe,14490,5783,1.2083648619450869
2023-12-04,Australia,Oceania,13253,3089,0.7133079277048565
2023-12-04,India,Asia,10442,6824,0.7359130830934424
2023-12-04,Canada,North America,8364,2955,0.3998256277832414
2023-12-04,France,Europe,6356,2915,1.5780980453519295
2023-12-04,Iraq,Asia,6124,1375,0.5897739818828039
2023-12-04,Nigeria,Africa,6033,4278,1.598716737344982
2023-12-04,Egypt,Africa,5640,1605,0.4201718476343047
2023-12-04,Lebanon,Asia,5626,2401,0.9310783144619793
2023-12-04,Iran,Asia,5332,2017,1.1705545082089737
2023-12-11,Israel,Asia,131626,44246,37.408322210102625
2023-12-11,United States,North America,115144,44598,6.71661266829358
2023-12-11,Russia,Europe,23813,12719,6.894581667582231
2023-12-11,Ukraine,Europe,22639,11237,6.006353638501086
2023-12-11,United Kingdom,Europe,18649,6655,2.291191011194578
2023-12-11,Palestine,Asia,10836,5277,2.124563709749805
2023-12-11,India,Asia,10705,6875,0.8094553938924245
2023-12-11,Pakistan,Asia,9942,4980,2.2947883087522847
2023-12-11,Australia,Oceania,9497,2634,0.8387653812556792
2023-12-11,Canada,North America,9380,2776,0.5282594632408052
2023-12-11,Iran,Asia,6404,2586,1.0725761008169197
2023-12-11,France,Europe,5706,2511,1.163964777648934
2023-12-11,China,Asia,4306,2490,1.3481439320462387
2023-12-11,Djibouti,Africa,4089,903,0.24482118107242376
2023-12-11,Germany,Europe,3988,1828,0.8113187317782193
2023-12-18,United States,North America,125435,45010,8.966698145009733
2023-12-18,Israel,Asia,107671,38941,32.96792111744263
2023-12-18,Russia,Europe,21503,12099,6.5594137007205
2023-12-18,Czech Republic,Europe,20153,5125,5.890664932863423
2023-12-18,Ukraine,Europe,16547,9733,4.392939354618217
2023-12-18,United Kingdom,Europe,14662,5838,1.301371748536011
2023-12-18,Australia,Oceania,9940,2227,0.6500510176859479
2023-12-18,India,Asia,8848,6085,0.8188794286024297
2023-12-18,Palestine,Asia,8513,4687,2.075781480720957
2023-12-18,China,Asia,6450,3063,1.8233811194425296
2023-12-18,Canada,North America,5544,2242,0.32160274772433195
2023-12-18,France,Europe,5341,2773,1.7740267040965698
2023-12-18,Pakistan,Asia,5216,3460,1.3341176036490472
2023-12-18,Iran,Asia,5148,2268,1.2542939074205957
2023-12-18,Djibouti,Africa,4882,1438,0.3907795073371627
2023-12-25,Israel,Asia,113001,41010,36.19821994098152
2023-12-25,United States,North America,83218,32900,5.356926656767815
2023-12-25,Russia,Europe,43032,18353,13.067988286932373
2023-12-25,Ukraine,Europe,41259,17988,11.6231557119688
2023-12-25,Palestine,Asia,10666,5456,2.140639443955137
2023-12-25,Iran,Asia,9022,3544,1.343435730466011
2023-12-25,United Kingdom,Europe,8964,3849,1.5130698086119498
2023-12-25,India,Asia,7832,5851,0.6167586997147066
2023-12-25,Syria,Asia,6826,2505,1.0952431466813646
2023-12-25,Nigeria,Africa,6523,4282,2.5054529522265643
2023-12-25,Iraq,Asia,6491,2181,0.8656763728698605
2023-12-25,France,Europe,5426,2002,1.3049113749005055
2023-12-25,Lebanon,Asia,4467,1916,0.6334980342891774
2023-12-25,Pakistan,Asia,4233,2737,0.8567209028701275
2023-12-25,Australia,Oceania,4203,1263,0.3780501294089729
2024-01-01,United States,North America,115055,43719,7.966871303485418
2024-01-01,Israel,Asia,114284,39541,34.95059841761179
2024-01-01,Ukraine,Europe,31203,14445,8.390432072551706
2024-01-01,Russia,Europe,30446,14231,9.765030841305421
2024-01-01,United Kingdom,Europe,17665,5731,1.273484526013621
2024-01-01,Lebanon,Asia,16340,6053,3.0221474078197503
2024-01-01,Iran,Asia,13691,5889,3.842900838922935
2024-01-01,Palestine,Asia,9348,4690,2.090757068443483
2024-01-01,South Korea,Asia,8488,3044,2.11279677944945
2024-01-01,India,Asia,8046,5723,0.552369023583111
2024-01-01,Canada,North America,6256,2029,0.43976961719898483
2024-01-01,Iraq,Asia,5999,2332,1.1322222203163192
2024-01-01,Australia,Oceania,5791,1211,0.4140961791373601
2024-01-01,South Africa,Africa,5661,1843,1.716853619336291
2024-01-01,Japan,Asia,5652,1805,1.5885381195299824
2024-01-08,United States,North America,114596,45684,7.706726005614024
2024-01-08,Israel,Asia,101572,36418,27.423477939754324
2024-01-08,United Kingdom,Europe,27597,9343,4.286377170045339
2024-01-08,Russia,Europe,21896,12452,6.830130447533578
2024-01-08,Ukraine,Europe,20874,11136,5.067267023823232
2024-01-08,Yemen,Asia,12170,3784,2.3542077850939878
2024-01-08,Ecuador,South America,10697,4903,6.417029650525896
2024-01-08,Iran,Asia,10432,3622,1.520781566139603
2024-01-08,Australia,Oceania,9433,2231,0.6082303192761256
2024-01-08,India,Asia,9140,6491,1.0333168689812515
2024-01-08,Palestine,Asia,7308,4225,1.7507665389762976
2024-01-08,Lebanon,Asia,6613,2986,1.1586746756047386
2024-01-08,Canada,North America,6344,2372,0.37752269282259054
2024-01-08,Djibouti,Africa,6029,2025,0.8519162304026647
2024-01-08,Mexico,North America,5450,2409,1.026929963674868
2024-01-15,United States,North America,121332,44451,8.97168013211913
2024-01-15,Israel,Asia,92258,32641,26.00791133960213
2024-01-15,Iran,Asia,29703,13718,7.531828800266812
2024-01-15,Russia,Europe,26304,13751,8.024109470218566
2024-01-15,Ukraine,Europe,20258,10873,5.593621723323798
2024-01-15,United Kingdom,Europe,19354,7187,1.698230261115538
2024-01-15,Pakistan,Asia,15248,6866,3.36821126635377
2024-01-15,Palestine,Asia,7978,3718,1.924149862340917
2024-01-15,India,Asia,7730,5809,0.8631525034701849
2024-01-15,Yemen,Asia,7264,3033,1.5284054720779945
2024-01-15,Australia,Oceania,7205,1829,0.4991611722870885
2024-01-15,Iraq,Asia,6975,3125,1.5476944038556824
2024-01-15,Canada,North America,6567,2255,0.36573699143854116
2024-01-15,Syria,Asia,6245,2195,0.7090487479041219
2024-01-15,China,Asia,6179,2659,1.5801562198176007
2024-01-22,United States,North America,131708,47462,9.083507295637446
2024-01-22,Israel,Asia,86893,29850,26.94370621452158
2024-01-22,Russia,Europe,27482,15043,10.122348701604126
2024-01-22,Ukraine,Europe,27106,13419,7.549985861129515
2024-01-22,United Kingdom,Europe,18116,7387,2.033700795889576
2024-01-22,Australia,Oceania,8266,2168,0.6647875558393331
2024-01-22,India,Asia,7857,5554,0.9346042652832993
2024-01-22,Canada,North America,7762,2753,0.537733718083563
2024-01-22,Palestine,Asia,7693,3749,1.4451890137450547
2024-01-22,Iran,Asia,7655,3848,1.9722317158371137
2024-01-22,Nigeria,Africa,5627,4229,1.156843339358399
2024-01-22,France,Europe,5501,2630,1.537704576903423
2024-01-22,Iraq,Asia,5435,1901,0.7857639199486107
2024-01-22,Yemen,Asia,4432,1761,0.952488851203523
2024-01-22,Pakistan,Asia,3942,2781,1.2020683679728348
2024-01-29,United States,North America,123947,51945,8.382778902526729
2024-01-29,Israel,Asia,75736,29363,24.978138430635802
2024-01-29,United Kingdom,Europe,23233,7849,2.3209035147703063
2024-01-29,Russia,Europe,21939,12426,8.721687386665437
2024-01-29,Iran,Asia,20273,8485,3.560930386582983
2024-01-29,Ukraine,Europe,17922,10685,5.218072262465019
2024-01-29,Jordan,Asia,10877,3002,1.5523279077000107
2024-01-29,Iraq,Asia,9807,4127,2.156149788962451
2024-01-29,Pakistan,Asia,9598,5362,2.6915852562111784
2024-01-29,Canada,North America,9223,2842,0.4850602160168776
2024-01-29,Australia,Oceania,8656,2422,0.619134831852344
2024-01-29,India,Asia,8644,6125,0.6360060373201145
2024-01-29,Palestine,Asia,8310,4524,1.7068337196330803
2024-01-29,Syria,Asia,7872,3149,1.8565365382274441
2024-01-29,Nigeria,Africa,5480,4276,0.9856518558503827
2024-02-05,United States,North America,124924,48397,9.25177098945421
2024-02-05,Israel,Asia,73350,27567,23.54481776162143
2024-02-05,Ukraine,Europe,25423,12588,7.06775369615095
2024-02-05,Russia,Europe,23682,13135,7.969146407601691
2024-02-05,United Kingdom,Europe,17384,6682,2.590970632362706
2024-02-05,India,Asia,9616,6651,0.8303797046089793
2024-02-05,Pakistan,Asia,7929,4536,3.0466511340494864
2024-02-05,Palestine,Asia,7847,3758,1.4132202946999894
2024-02-05,Egypt,Africa,7785,2656,1.0487169838370538
2024-02-05,Australia,Oceania,7236,2363,0.580487799058571
2024-02-05,Canada,North America,6788,2329,0.408712430974345
2024-02-05,Lebanon,Asia,5937,1360,0.5792129255457739
2024-02-05,Iran,Asia,5407,2717,1.2288482297234236
2024-02-05,China,Asia,5270,2605,1.772201190178237
2024-02-05,Iraq,Asia,5267,2149,1.0472188523340618
2024-02-12,United States,North America,126571,45959,6.9440597378112
2024-02-12,Israel,Asia,95658,34028,30.98687568137592
2024-02-12,Russia,Europe,44600,19266,13.992019072951223
2024-02-12,Ukraine,Europe,26690,13399,6.561588976100361
2024-02-12,United Kingdom,Europe,16020,5716,1.3667818522622852
2024-02-12,India,Asia,12343,7594,1.1259887618869118
2024-02-12,Egypt,Africa,10180,4335,1.7110326209470734
2024-02-12,Australia,Oceania,8289,2183,0.6198209569945812
2024-02-12,Palestine,Asia,8251,4049,1.6642266635888165
2024-02-12,Canada,North America,7816,2757,0.41164441640344807
2024-02-12,Lebanon,Asia,7658,2799,1.2426458726839353
2024-02-12,Germany,Europe,5716,2219,1.1721348257418613
2024-02-12,Nigeria,Africa,4059,3136,1.06526292486421
2024-02-12,Pakistan,Asia,3913,2207,0.6666854122398661
2024-02-12,Mexico,North America,3830,2321,1.2558262415397485
2024-02-19,United States,North America,129359,47793,7.019686143757433
2024-02-19,Israel,Asia,71729,27943,24.23477999533272
2024-02-19,Russia,Europe,62178,24931,18.135456403412586
2024-02-19,Ukraine,Europe,35450,17655,8.638135707806585
2024-02-19,United Kingdom,Europe,21113,8211,2.4166222885328374
2024-02-19,Australia,Oceania,13700,3168,2.0888639949531758
2024-02-19,India,Asia,9735,6888,0.9188884281752535
2024-02-19,Canada,North America,8690,2894,0.5648716720661795
2024-02-19,Egypt,Africa,6501,2056,0.8064391309579412
2024-02-19,Palestine,Asia,6342,3380,1.1960510647548626
2024-02-19,Yemen,Asia,5119,1266,0.8971463860216926
2024-02-19,Nigeria,Africa,4629,3427,1.118855732648278
2024-02-19,Spain,Europe,4598,2360,1.6167346644511986
2024-02-19,Germany,Europe,4565,1989,0.6931857657664521
2024-02-19,France,Europe,4256,2162,1.1704201391405853
2024-02-26,United States,North America,134285,49557,9.486072378074052
2024-02-26,Israel,Asia,79509,29961,28.61883602623847
2024-02-26,Russia,Europe,33962,17286,11.156921921052684
2024-02-26,Ukraine,Europe,26416,14035,7.328430436326011
2024-02-26,Australia,Oceania,21522,3973,1.2917377357587345
2024-02-26,United Kingdom,Europe,19059,7238,1.770421748669888
2024-02-26,India,Asia,8928,6601,0.9105855631054884
2024-02-26,Canada,North America,7763,2899,0.5517743460000257
2024-02-26,Germany,Europe,5983,3141,1.5048280526943585
2024-02-26,Palestine,Asia,5164,2905,1.3456519757957413
2024-02-26,France,Europe,5107,2532,1.248192471889744
2024-02-26,Lebanon,Asia,4670,1794,0.6561891249120391
2024-02-26,Mexico,North America,4233,2463,1.1724441702306085
2024-02-26,China,Asia,3907,1979,1.192062317422819
2024-02-26,Egypt,Africa,3597,1412,0.48526077291214464
2024-03-04,United States,North America,130306,49287,11.656183041488392
2024-03-04,Israel,Asia,62025,25422,23.34768226222858
2024-03-04,Russia,Europe,30723,15369,9.012217581500257
2024-03-04,Ukraine,Europe,22255,12561,6.728090162762924
2024-03-04,United Kingdom,Europe,14661,6323,1.6616923833939656
2024-03-04,India,Asia,10144,7008,1.4091193391008696
2024-03-04,Canada,North America,9665,2694,0.7168682940435311
2024-03-04,Nigeria,Africa,8775,4731,3.0700384129386094
2024-03-04,Australia,Oceania,8142,2128,0.6285645276949331
2024-03-04,Haiti,North America,7954,3050,5.14196529484766
2024-03-04,China,Asia,6210,3025,1.5100184451659775
2024-03-04,Mexico,North America,5264,2671,1.7744318774647019
2024-03-04,Germany,Europe,4734,2420,1.2475827219965423
2024-03-04,Palestine,Asia,4495,2623,1.187902679231635
2024-03-04,France,Europe,4233,2137,1.2942907011141684
2024-03-11,United States,North America,129348,49393,8.791917038628329
2024-03-11,Israel,Asia,59831,24633,25.106521534783855
2024-03-11,Russia,Europe,44230,20888,14.072758124155103
2024-03-11,Ukraine,Europe,31940,15124,9.63157063566102
2024-03-11,United Kingdom,Europe,16477,6306,1.404616578438854
2024-03-11,China,Asia,8102,3558,1.8346026951698244
2024-03-11,Haiti,North America,7974,2766,4.643965218069229
2024-03-11,India,Asia,7907,6048,0.7442135878511795
2024-03-11,Australia,Oceania,7406,2278,0.6389256712589754
2024-03-11,Canada,North America,6717,2346,0.40897607677083897
2024-03-11,Nigeria,Africa,6268,4206,2.249139684989453
2024-03-11,Mexico,North America,5178,3134,1.4797392230836968
2024-03-11,Ireland,Europe,4849,1519,0.6868960360204377
2024-03-11,Germany,Europe,4019,2018,0.9433151061601832
2024-03-11,Palestine,Asia,3991,2390,1.0183174795071661
2024-03-18,United States,North America,153247,51364,9.115318426738172
2024-03-18,Israel,Asia,70447,28299,22.382485566824183
2024-03-18,Russia,Europe,70430,26394,26.801679237612188
2024-03-18,Ukraine,Europe,31570,16311,8.686436101907658
2024-03-18,United Kingdom,Europe,15025,6284,1.3732717642729175
2024-03-18,India,Asia,12789,7545,1.2008820340341917
2024-03-18,Australia,Oceania,9786,2546,0.7239969674993318
2024-03-18,Nigeria,Africa,9528,5426,1.518338375148472
2024-03-18,China,Asia,7859,3618,1.5485967787766537
2024-03-18,Canada,North America,7624,2462,0.463449131959539
2024-03-18,Mexico,North America,7217,3043,1.60111450640113
2024-03-18,Pakistan,Asia,5835,3852,1.4414484322550376
2024-03-18,Palestine,Asia,5676,3136,1.1174424362119129
2024-03-18,France,Europe,5465,2374,1.001068688739177
2024-03-18,Afghanistan,Asia,5363,1986,0.8129421089024736
2024-03-25,United States,North America,104955,45384,7.818097006660532
2024-03-25,Israel,Asia,66802,28536,28.1334800604002
2024-03-25,Russia,Europe,43135,22615,18.10211228133132
2024-03-25,Ukraine,Europe,25125,14375,6.9295686161697345
2024-03-25,United Kingdom,Europe,18028,6105,1.5889173945997908
2024-03-25,Australia,Oceania,9405,2352,0.661387736241451
2024-03-25,India,Asia,8340,5868,0.8658454270000633
2024-03-25,China,Asia,7548,3969,1.6179553088391045
2024-03-25,Nigeria,Africa,6294,4348,1.1170155367623462
2024-03-25,Canada,North America,5626,2133,0.46364794856921016
2024-03-25,Pakistan,Asia,5503,3757,1.3088359762995427
2024-03-25,Lebanon,Asia,5281,2153,0.8944508809421997
2024-03-25,Mexico,North America,4312,2404,1.0388295675880757
2024-03-25,Palestine,Asia,4102,2522,1.2612613455988466
2024-03-25,France,Europe,3724,2199,1.134951978267349
2024-04-01,Israel,Asia,107214,37520,31.991331139100087
2024-04-01,United States,North America,105987,44198,6.735112835042076
2024-04-01,Russia,Europe,29278,16128,9.405905440431404
2024-04-01,Ukraine,Europe,23537,12661,5.9281395302014595
2024-04-01,Australia,Oceania,15844,2695,0.793426307469732
2024-04-01,United Kingdom,Europe,15090,6436,1.4221561172719284
2024-04-01,Iran,Asia,14747,7781,3.733368356985161
2024-04-01,Mexico,North America,12000,4955,5.0163369652733785
2024-04-01,India,Asia,8758,6172,0.7483069495276156
2024-04-01,Syria,Asia,8646,3529,1.43401763878061
2024-04-01,Finland,Europe,8151,2229,2.8127439730598534
2024-04-01,Canada,North America,7424,2581,0.3911915948186937
2024-04-01,Ecuador,South America,7288,2323,2.844041991726326
2024-04-01,Palestine,Asia,4818,2311,0.941080829394417
2024-04-01,Nigeria,Africa,4785,3209,1.0808912417571122
2024-04-08,United States,North America,131923,47611,6.3906208356305
2024-04-08,Israel,Asia,105639,39588,29.792634995252914
2024-04-08,Iran,Asia,44979,17277,14.602485310194579
2024-04-08,Russia,Europe,24820,13434,6.771016448568896
2024-04-08,Ukraine,Europe,21019,11147,4.950698289288315
2024-04-08,Australia,Oceania,20942,3880,1.8436846284079333
2024-04-08,United Kingdom,Europe,15170,6215,1.2145965576571387
2024-04-08,India,Asia,8407,6129,0.6810998743190617
2024-04-08,Mexico,North America,7988,4565,4.553919537012633
2024-04-08,Canada,North America,7673,2811,0.40081170544263744
2024-04-08,Palestine,Asia,6726,3026,0.8015736813968289
2024-04-08,Syria,Asia,6143,2721,0.8291075895149732
2024-04-08,China,Asia,5220,2613,1.1760329760498074
2024-04-08,Nigeria,Africa,5173,3675,0.9037466309544923
2024-04-08,Germany,Europe,5080,2279,0.8698769197100182
2024-04-15,United States,North America,120445,48044,6.41273686377591
2024-04-15,Israel,Asia,99787,42278,28.813273208114214
2024-04-15,Iran,Asia,53859,22806,17.324884570793714
2024-04-15,Russia,Europe,28192,14134,7.543866704172678
2024-04-15,Ukraine,Europe,26143,12413,5.0720946096910104
2024-04-15,Australia,Oceania,21414,4510,2.215976938447454
2024-04-15,United Kingdom,Europe,20020,7059,1.4097176825489943
2024-04-15,India,Asia,10100,6846,0.8166821151672461
2024-04-15,Palestine,Asia,7191,3468,1.1144530348863497
2024-04-15,Canada,North America,6705,2543,0.4369803318825919
2024-04-15,China,Asia,6209,2876,1.1104932485615566
2024-04-15,Mexico,North America,5615,2937,1.424589394136112
2024-04-15,Nigeria,Africa,4891,3806,0.8910020260578408
2024-04-15,Pakistan,Asia,4751,2792,0.7151317590252582
2024-04-15,Syria,Asia,3840,2191,0.6018837009174337
2024-04-22,United States,North America,176433,58244,14.40487436517761
2024-04-22,Israel,Asia,89098,32566,25.30914532995886
2024-04-22,Russia,Europe,27309,14713,8.865829816589827
2024-04-22,Ukraine,Europe,24814,12251,6.895802043368899
2024-04-22,United Kingdom,Europe,19256,7062,1.5140156632352435
2024-04-22,Australia,Oceania,13563,3225,1.0513635599379183
2024-04-22,India,Asia,9855,6685,0.8157402381782425
2024-04-22,China,Asia,8316,4205,1.8817220744608156
2024-04-22,Canada,North America,7909,2605,0.45334212964771203
2024-04-22,Iran,Asia,6428,3843,1.7907223335977054
2024-04-22,Palestine,Asia,6101,2929,1.000613332751085
2024-04-22,Germany,Europe,5354,2340,1.202972599565029
2024-04-22,Mexico,North America,5044,2570,1.1026507879659186
2024-04-22,Italy,Europe,4082,2151,1.2561024429823187
2024-04-22,Nigeria,Africa,3983,3069,0.8194026397155647
2024-04-29,United States,North America,158470,58246,15.587822134969443
2024-04-29,Israel,Asia,94481,33479,27.593150906813705
2024-04-29,Russia,Europe,25838,13627,9.12884246974642
2024-04-29,Ukraine,Europe,19744,11191,5.491929395525932
2024-04-29,United Kingdom,Europe,17236,6770,2.470729918839029
2024-04-29,Australia,Oceania,14898,2973,0.968906014077767
2024-04-29,India,Asia,10367,7065,1.0829450279525752
2024-04-29,Canada,North America,9991,4028,1.428559074027139
2024-04-29,France,Europe,8862,2973,3.3637426143193565
2024-04-29,Mexico,North America,7558,2910,1.1342071384835795
2024-04-29,Egypt,Africa,4739,1750,0.5661341128133567
2024-04-29,Nigeria,Africa,4729,3526,1.1527095129020792
2024-04-29,Germany,Europe,4426,2253,1.3588110159070061
2024-04-29,China,Asia,4167,2598,1.4568855253297583
2024-04-29,Palestine,Asia,3827,2121,0.9608989143473737
2024-05-06,Israel,Asia,121665,41642,36.3574866087807
2024-05-06,United States,North America,106816,45489,6.389700226081425
2024-05-06,Russia,Europe,34238,16553,10.75979984619592
2024-05-06,Ukraine,Europe,26847,13577,7.524980543963241
2024-05-06,Egypt,Africa,17317,5736,2.565490986538121
2024-05-06,United Kingdom,Europe,15487,6004,1.3014703427928669
2024-05-06,Australia,Oceania,12696,3218,0.7912985418671914
2024-05-06,Canada,North America,10671,3538,0.6522039246647687
2024-05-06,India,Asia,10555,7369,0.9259866533510535
2024-05-06,Palestine,Asia,10058,4125,1.2514688380057584
2024-05-06,China,Asia,6836,3302,1.8816285189625581
2024-05-06,Germany,Europe,5704,2565,1.7962076246967413
2024-05-06,Mexico,North America,5456,2659,0.9251939183699839
2024-05-06,Nigeria,Africa,4758,3348,0.8873675539319633
2024-05-06,Pakistan,Asia,4587,2811,0.7688156481997415
2024-05-13,United States,North America,112587,45176,7.455884606784483
2024-05-13,Israel,Asia,87723,33036,25.329965668415344
2024-05-13,Russia,Europe,40058,19309,11.983829993749499
2024-05-13,Ukraine,Europe,36549,17698,9.028657192335672
2024-05-13,France,Europe,15787,5875,3.8675921063919585
2024-05-13,Slovakia,Europe,14991,5507,7.733523611579943
2024-05-13,Australia,Oceania,13694,3291,0.8092059667147623
2024-05-13,United Kingdom,Europe,13524,5760,1.3644921651009054
2024-05-13,India,Asia,11715,7310,0.9054912362064352
2024-05-13,Palestine,Asia,8688,4252,1.9987876617424718
2024-05-13,Canada,North America,8077,2951,0.49208081424785066
2024-05-13,China,Asia,6963,3254,1.324779123281012
2024-05-13,Egypt,Africa,5070,2237,0.6089233571242042
2024-05-13,Spain,Europe,4410,2124,1.1214080107402282
2024-05-13,Nigeria,Africa,4043,3249,1.095498534307432
2024-05-20,Israel,Asia,103500,34930,33.68016072386803
2024-05-20,United States,North America,99662,42454,6.245704020217423
2024-05-20,Russia,Europe,30087,16021,9.755200079063508
2024-05-20,Ukraine,Europe,24348,12758,6.5652366832802835
2024-05-20,United Kingdom,Europe,16557,6412,1.5734552063007892
2024-05-20,Australia,Oceania,13367,2853,0.7565458324992997
2024-05-20,India,Asia,12121,7318,1.3522703124951947
2024-05-20,Iran,Asia,11990,4542,3.0948668423177894
2024-05-20,Canada,North America,10531,2880,0.427763724088092
2024-05-20,Palestine,Asia,7183,3832,1.5948013539252317
2024-05-20,China,Asia,6666,3720,2.7866671880017657
2024-05-20,France,Europe,5385,2538,1.7339764365647097
2024-05-20,Spain,Europe,5327,2529,1.7097854202234946
2024-05-20,Mexico,North America,5001,2667,1.1202488865828446
2024-05-20,Egypt,Africa,4837,1966,0.6121145649110367
2024-05-27,United States,North America,163687,50612,12.679297975599196
2024-05-27,Israel,Asia,95852,37039,33.641518316754926
2024-05-27,Russia,Europe,25085,13903,8.525971408762967
2024-05-27,Ukraine,Europe,21849,12257,6.4684210823237045
2024-05-27,United Kingdom,Europe,13498,5594,1.1230579622093166
2024-05-27,Australia,Oceania,12920,2716,0.617976179054251
2024-05-27,Canada,North America,11272,3292,0.6580718879284699
2024-05-27,Egypt,Africa,11250,4364,1.8938992990660064
2024-05-27,India,Asia,10042,6669,2.1392312357826815
2024-05-27,Palestine,Asia,9145,4589,1.7764080006415999
2024-05-27,Mexico,North America,7633,3449,2.0708448103212245
2024-05-27,China,Asia,6927,3389,1.9026883833498807
2024-05-27,Germany,Europe,4725,2210,1.292047503421221
2024-05-27,France,Europe,4408,2343,1.2974957442528792
2024-05-27,Nigeria,Africa,4140,2968,0.9040693972769177
2024-06-03,United States,North America,119412,46830,7.876009746170967
2024-06-03,Israel,Asia,83709,31508,32.817886381262994
2024-06-03,Russia,Europe,22014,12673,7.291848685208873
2024-06-03,Ukraine,Europe,19669,10557,6.261349813596615
2024-06-03,United Kingdom,Europe,16650,6302,1.3895761081072049
2024-06-03,France,Europe,11256,3629,1.488955863395174
2024-06-03,Lebanon,Asia,10406,2675,1.5640934331739855
2024-06-03,Australia,Oceania,9564,2307,0.7866603575342415
2024-06-03,Germany,Europe,8361,3010,1.5646027979863166
2024-06-03,Palestine,Asia,7964,3783,1.643691526278593
2024-06-03,Canada,North America,7948,2703,0.49112406031706274
2024-06-03,Italy,Europe,7682,2107,1.0674608266216732
2024-06-03,India,Asia,7443,5511,0.7763423155382732
2024-06-03,Mexico,North America,5406,3123,3.170089537761433
2024-06-03,China,Asia,5281,2705,2.197776978300198
2024-06-10,United States,North America,136201,48795,9.581758148568253
2024-06-10,Israel,Asia,63226,26198,27.72364616432155
2024-06-10,Russia,Europe,26412,14514,10.27787496612973
2024-06-10,Ukraine,Europe,20350,10681,5.861438499680803
2024-06-10,United Kingdom,Europe,13450,5583,1.6668631296532064
2024-06-10,Australia,Oceania,10922,2465,0.7231970663314418
2024-06-10,India,Asia,10434,7135,1.0034702580407082
2024-06-10,Canada,North America,6405,2417,0.4460661650445048
2024-06-10,China,Asia,5880,2983,1.9114506842067025
2024-06-10,Palestine,Asia,4476,2597,1.263478387775719
2024-06-10,Nigeria,Africa,4463,3275,1.1128694390265979
2024-06-10,Pakistan,Asia,4375,2974,1.194820121533338
2024-06-10,Italy,Europe,4323,2003,0.9531415066028467
2024-06-10,France,Europe,4284,2451,1.2569435334645078
2024-06-10,Mexico,North America,4177,2136,0.9695511886072127
2024-06-17,United States,North America,126137,47240,9.30131976058352
2024-06-17,Israel,Asia,48721,22277,25.58285923581876
2024-06-17,Russia,Europe,31747,16202,11.76443868845015
2024-06-17,Ukraine,Europe,21034,10921,6.653260780214042
2024-06-17,United Kingdom,Europe,12974,5355,1.5682254348133424
2024-06-17,Australia,Oceania,9320,2485,1.7696865094347443
2024-06-17,India,Asia,8765,6221,1.0155835510297733
2024-06-17,Canada,North America,8417,3273,0.5976277753939953
2024-06-17,China,Asia,6493,3330,1.8608559248770775
2024-06-17,South Korea,Asia,4654,1174,0.9562421371682367
2024-06-17,France,Europe,4435,2219,1.9098550031881447
2024-06-17,Mexico,North America,4412,2404,1.0712727054332691
2024-06-17,Lebanon,Asia,4215,2220,1.2691834591560056
2024-06-17,Palestine,Asia,3905,1992,1.23487202001528
2024-06-17,Nigeria,Africa,3770,2864,0.8422684267187345
2024-06-24,United States,North America,127753,48132,11.056687367575359
2024-06-24,Israel,Asia,50500,19435,17.93639482235657
2024-06-24,Russia,Europe,34296,16518,13.717771832239707
2024-06-24,United Kingdom,Europe,23514,6808,2.446465999096862
2024-06-24,Australia,Oceania,17582,4143,1.245936879381368
2024-06-24,Ukraine,Europe,16478,9792,5.91363998548723
2024-06-24,Canada,North America,7862,2661,0.44875423509062734
2024-06-24,Bolivia,South America,7739,1970,3.918054031206241
2024-06-24,India,Asia,7445,5408,0.7486827981611444
2024-06-24,Kenya,Africa,6765,3600,5.023246212870483
2024-06-24,Iraq,Asia,5704,1200,0.9627411774236316
2024-06-24,Sweden,Europe,5022,1573,2.062552579721671
2024-06-24,Nigeria,Africa,4619,2919,0.9361844284067826
2024-06-24,China,Asia,4364,2587,1.832006105572134
2024-06-24,France,Europe,4217,2297,1.7469634064453639
2024-07-01,United States,North America,100288,38536,9.922174528760474
2024-07-01,Israel,Asia,59223,23324,26.867654908432275
2024-07-01,Russia,Europe,20030,11659,7.577178936345587
2024-07-01,Ukraine,Europe,17053,9340,5.717088659187202
2024-07-01,United Kingdom,Europe,16132,6030,1.7865148411139238
2024-07-01,Australia,Oceania,11901,2961,0.8459912677915746
2024-07-01,India,Asia,8673,6136,1.2556330642862439
2024-07-01,France,Europe,5822,2739,2.372854438849207
2024-07-01,Canada,North America,5811,2102,0.39970860698692645
2024-07-01,China,Asia,5024,2545,1.606480071406617
2024-07-01,Palestine,Asia,4728,2723,1.331642707765504
2024-07-01,Lebanon,Asia,4608,1966,0.8443485833101291
2024-07-01,Iran,Asia,4436,1241,0.9355276284204018
2024-07-01,Nigeria,Africa,4415,3187,0.9433470105758874
2024-07-01,Mexico,North America,3660,1949,1.1726479089109842
2024-07-08,United States,North America,163987,53068,21.849656587772206
2024-07-08,Israel,Asia,53757,21096,21.298019104749425
2024-07-08,Russia,Europe,33032,16005,10.65626670178953
2024-07-08,Ukraine,Europe,25695,12916,8.692177364755604
2024-07-08,Australia,Oceania,16434,3679,1.3800800276787888
2024-07-08,United Kingdom,Europe,16286,5760,1.592037309213538
2024-07-08,India,Asia,9293,6306,0.7606006579569166
2024-07-08,Canada,North America,8392,2731,0.5134834622802575
2024-07-08,Pakistan,Asia,4747,2988,0.7873841043939103
2024-07-08,China,Asia,4552,2699,2.474930801902024
2024-07-08,France,Europe,4505,2272,1.8449393809352115
2024-07-08,Nigeria,Africa,4313,2887,1.0038977092157728
2024-07-08,Palestine,Asia,3394,1976,0.8861189820218505
2024-07-08,Germany,Europe,3231,1714,0.9118912278866362
2024-07-08,Mexico,North America,3149,1968,1.2402799921946555
2024-07-15,United States,North America,169268,62128,21.573586355448963
2024-07-15,Israel,Asia,57929,22649,20.62117893887389
2024-07-15,Russia,Europe,26672,13034,8.054932038069168
2024-07-15,Ukraine,Europe,18932,9366,5.1977576548558675
2024-07-15,Bangladesh,Asia,12755,4568,4.571162788439747
2024-07-15,Australia,Oceania,11911,2809,0.753482698489624
2024-07-15,United Kingdom,Europe,11417,5456,2.0581688524938015
2024-07-15,India,Asia,8416,6156,0.6459031649917104
2024-07-15,Pakistan,Asia,6667,4527,1.865911877889491
2024-07-15,Iran,Asia,5139,2480,1.44939096231193
2024-07-15,Canada,North America,5125,2123,0.2869121458592629
2024-07-15,Germany,Europe,5108,2129,1.3844963447830423
2024-07-15,Palestine,Asia,4535,2484,1.3954103609497783
2024-07-15,Lebanon,Asia,4163,1471,0.5386712349747951
2024-07-15,China,Asia,4138,2637,1.783819721424564
2024-07-22,United States,North America,140136,49568,17.492362205594223
2024-07-22,Israel,Asia,59684,22014,22.985895957292925
2024-07-22,Russia,Europe,20628,11404,8.625687907157717
2024-07-22,United Kingdom,Europe,16401,5921,1.720602098469417
2024-07-22,Ukraine,Europe,15664,8552,5.149800897054629
2024-07-22,Australia,Oceania,11982,2504,0.7586384337520022
2024-07-22,Mexico,North America,11287,3617,1.8515758358198564
2024-07-22,Canada,North America,8588,2783,0.502887660373373
2024-07-22,India,Asia,6365,4968,0.5657088436199785
2024-07-22,China,Asia,5542,2450,1.980903312953361
2024-07-22,France,Europe,5011,2039,1.3282138878622909
2024-07-22,Pakistan,Asia,4570,3125,0.96226416146171
2024-07-22,Palestine,Asia,3930,2257,1.2271129890598953
2024-07-22,Iran,Asia,3404,1332,0.9322190940711692
2024-07-22,Bangladesh,Asia,3281,2148,1.5226429214747905
2024-07-29,United States,North America,122210,47166,6.9841728371006
2024-07-29,Israel,Asia,87129,36929,27.162524578944282
2024-07-29,United Kingdom,Europe,42798,10935,5.144807947972392
2024-07-29,Russia,Europe,41874,15949,8.248895815372904
2024-07-29,Iran,Asia,31832,12996,10.4425905225669
2024-07-29,Ukraine,Europe,15167,7851,3.3162425059276037
2024-07-29,Venezuela,South America,11320,5627,9.18458925620768
2024-07-29,Australia,Oceania,11182,2190,0.6482816291911007
2024-07-29,Germany,Europe,11111,3546,1.738530965493215
2024-07-29,Bangladesh,Asia,11043,3977,2.1278192910547635
2024-07-29,Lebanon,Asia,10919,5671,2.5658855209413876
2024-07-29,Canada,North America,7861,2488,0.3950683875951127
2024-07-29,India,Asia,6302,4805,0.6058803104846774
2024-07-29,Nigeria,Africa,6299,4080,1.8091544805133206
2024-07-29,Mexico,North America,5673,2525,1.0000573964412538
2024-08-05,United States,North America,120668,43508,6.704472258294055
2024-08-05,Israel,Asia,66930,30279,23.783875608034567
2024-08-05,Russia,Europe,34504,18804,13.02651255551158
2024-08-05,United Kingdom,Europe,33706,11337,4.139639844635989
2024-08-05,Ukraine,Europe,30650,16100,11.437316677861025
2024-08-05,Bangladesh,Asia,20318,8107,7.136437323247396
2024-08-05,Iran,Asia,17889,9571,5.0346541488567516
2024-08-05,Australia,Oceania,11660,2618,0.7875246371051423
2024-08-05,India,Asia,8497,6089,1.8284078187642994
2024-08-05,Lebanon,Asia,6915,3233,1.3181107577590276
2024-08-05,Palestine,Asia,5777,2013,0.655696486706596
2024-08-05,Canada,North America,5059,1926,0.33433667554967594
2024-08-05,Pakistan,Asia,5002,2734,0.8672935916630684
2024-08-05,Nigeria,Africa,4673,3558,1.646064318460226
2024-08-05,Iraq,Asia,3990,1587,0.7597724235149649
2024-08-12,United States,North America,109092,43547,6.52445325863485
2024-08-12,Israel,Asia,69506,27816,22.83441297016895
2024-08-12,Russia,Europe,45289,21915,14.116458428560312
2024-08-12,Ukraine,Europe,43036,20864,15.413449853719118
2024-08-12,India,Asia,25617,11495,3.490558699098701
2024-08-12,United Kingdom,Europe,18337,7068,1.6934367958979508
2024-08-12,Australia,Oceania,12019,2268,0.7440985383556202
2024-08-12,Iran,Asia,11261,5066,3.3266841695421805
2024-08-12,Bangladesh,Asia,6493,3928,1.7509397692487951
2024-08-12,Canada,North America,6253,1995,0.3481931645335745
2024-08-12,Palestine,Asia,5588,2859,1.2607246842706712
2024-08-12,Lebanon,Asia,4930,1915,0.6074890774887924
2024-08-12,Germany,Europe,4573,2007,0.5709357510667095
2024-08-12,Mexico,North America,4158,2220,1.108589898675825
2024-08-12,Nigeria,Africa,4124,3073,1.2907270115832241
2024-08-19,United States,North America,109571,43527,9.456752729121009
2024-08-19,Israel,Asia,68325,25707,22.20436969031869
2024-08-19,Russia,Europe,43284,20813,14.075046460369963
2024-08-19,Ukraine,Europe,39267,17811,12.742819578307802
2024-08-19,India,Asia,19265,10157,1.7984041918778315
2024-08-19,United Kingdom,Europe,14548,6323,1.3941578759059026
2024-08-19,Lebanon,Asia,9067,3565,2.576571146724209
2024-08-19,Australia,Oceania,8852,2206,0.9298949470912874
2024-08-19,Germany,Europe,8814,3174,2.396981810451438
2024-08-19,Canada,North America,7151,2174,0.38748712255315537
2024-08-19,Iran,Asia,5648,2932,1.5464066552296138
2024-08-19,France,Europe,5560,2658,1.8249687028440287
2024-08-19,Pakistan,Asia,5012,2882,0.8342236314172938
2024-08-19,Nigeria,Africa,4461,3371,0.9804950756126661
2024-08-19,Bangladesh,Asia,4052,2796,0.8204623624897533
2024-08-26,United States,North America,116080,43793,5.86345440367357
2024-08-26,Israel,Asia,78803,30437,28.98446560193678
2024-08-26,Russia,Europe,39463,20086,11.901381229681418
2024-08-26,Ukraine,Europe,34112,17011,9.556869058163777
2024-08-26,Palestine,Asia,15067,6802,4.100978871170211
2024-08-26,Pakistan,Asia,14963,5131,2.6551847354334557
2024-08-26,United Kingdom,Europe,14757,5484,1.1851583485795385
2024-08-26,India,Asia,13524,8439,1.2335172262209857
2024-08-26,Australia,Oceania,11401,2229,0.8923330413096876
2024-08-26,Germany,Europe,8463,2887,2.06676993443136
2024-08-26,France,Europe,8081,3679,1.966400017401356
2024-08-26,Canada,North America,6429,2294,0.33880355089527237
2024-08-26,China,Asia,5708,2779,2.3987147937575783
2024-08-26,Iran,Asia,5075,2266,1.1621550275294565
2024-08-26,Nigeria,Africa,4785,3646,0.9435582786946072
2024-09-02,United States,North America,121812,47405,11.564845529815797
2024-09-02,Israel,Asia,65787,27633,23.671453554270016
2024-09-02,Russia,Europe,31306,15738,10.091279060006531
2024-09-02,Ukraine,Europe,26202,12969,8.21420686765312
2024-09-02,United Kingdom,Europe,16013,6134,1.3565310807004933
2024-09-02,India,Asia,11443,7571,1.0881775786322256
2024-09-02,Palestine,Asia,10966,4861,2.531680278565438
2024-09-02,Australia,Oceania,10305,2134,0.6854631175342117
2024-09-02,Canada,North America,6512,2344,0.4444692817638956
2024-09-02,Germany,Europe,6217,2876,2.0977743403095346
2024-09-02,China,Asia,6131,2943,2.5617434147869065
2024-09-02,France,Europe,5330,2644,2.3144146848847478
2024-09-02,Brazil,South America,4693,2179,1.5006698222138803
2024-09-02,Turkey,Asia,4673,2083,0.76669842382867
2024-09-02,Nigeria,Africa,4635,3457,0.9974490606466785
2024-09-09,United States,North America,127021,50199,9.511922243600967
2024-09-09,Israel,Asia,53054,23428,18.858052929038276
2024-09-09,Russia,Europe,30991,15728,9.918890786037116
2024-09-09,Ukraine,Europe,23169,12256,7.979113844157994
2024-09-09,United Kingdom,Europe,16621,6759,1.692178186805852
2024-09-09,Australia,Oceania,11831,2597,1.0409068843659448
2024-09-09,India,Asia,11595,7329,1.4371155693139885
2024-09-09,Canada,North America,9834,3023,0.6620240346486047
2024-09-09,Palestine,Asia,7060,3816,1.4096443174255848
2024-09-09,Iran,Asia,5479,2596,1.8349518542469363
2024-09-09,Turkey,Asia,5268,2107,0.8925047990585365
2024-09-09,Pakistan,Asia,4969,3077,0.9615892912207205
2024-09-09,Nigeria,Africa,4953,3508,0.8701179392765193
2024-09-09,China,Asia,4657,2371,1.465412626004005
2024-09-09,Mexico,North America,4647,2556,1.6004222319228887
2024-09-16,United States,North America,113641,45222,9.104863218798407
2024-09-16,Israel,Asia,90489,30385,29.124180412090166
2024-09-16,Lebanon,Asia,30534,10406,8.055912839919122
2024-09-16,Russia,Europe,22638,13035,7.3393810153469365
2024-09-16,Ukraine,Europe,17111,9687,5.345122517496941
2024-09-16,United Kingdom,Europe,13824,5333,0.9740622070936886
2024-09-16,Australia,Oceania,9815,2160,0.7099810684668111
2024-09-16,India,Asia,9443,6427,1.0480278235085927
2024-09-16,Iran,Asia,7455,3420,1.746919259886219
2024-09-16,Canada,North America,7025,2334,0.35949484822735134
2024-09-16,France,Europe,6176,2608,2.2352294341413055
2024-09-16,Brazil,South America,5715,1861,1.0402945147568166
2024-09-16,China,Asia,5536,2530,1.2164470174091306
2024-09-16,Mexico,North America,4907,2606,1.751351653657671
2024-09-16,Palestine,Asia,4751,1966,0.5871130409591407
2024-09-23,Israel,Asia,130927,44115,36.759522271293136
2024-09-23,United States,North America,123437,45995,7.091042257471773
2024-09-23,Lebanon,Asia,62695,21331,14.76632843987832
2024-09-23,Russia,Europe,20506,11996,6.3136384348036065
2024-09-23,Ukraine,Europe,18033,9725,4.999320472699506
2024-09-23,United Kingdom,Europe,15495,5907,1.5079199891796162
2024-09-23,Iran,Asia,11006,5111,1.909325209028874
2024-09-23,India,Asia,8693,6384,0.6153482650772558
2024-09-23,Australia,Oceania,6082,1785,0.39821359826085
2024-09-23,China,Asia,6007,3164,1.879576946809903
2024-09-23,Mexico,North America,5561,2547,1.4248098607384359
2024-09-23,Canada,North America,4905,1990,0.2488148190794001
2024-09-23,Pakistan,Asia,4188,2909,0.8956807825932138
2024-09-23,Turkey,Asia,4111,1517,0.398840347985982
2024-09-23,France,Europe,3959,2040,0.9633896756453673
2024-09-30,Israel,Asia,211256,70376,46.96592564073266
2024-09-30,United States,North America,100181,43134,4.71646196684714
2024-09-30,Lebanon,Asia,68669,23599,11.580130720447412
2024-09-30,Iran,Asia,64264,23966,13.19756728215278
2024-09-30,United Kingdom,Europe,19815,6165,0.8948627549671512
2024-09-30,Russia,Europe,18453,10838,3.9300260197528356
2024-09-30,Ukraine,Europe,16227,8946,3.19683632088168
2024-09-30,Australia,Oceania,15651,2138,0.4770755519263386
2024-09-30,India,Asia,10223,6920,1.5418402257094326
2024-09-30,Canada,North America,6259,2252,0.26557948092245776
2024-09-30,Palestine,Asia,5623,2499,0.6188980082577566
2024-09-30,Mexico,North America,4852,3153,1.7584484749712894
2024-09-30,Japan,Asia,4726,864,0.7274389272738764
2024-09-30,Syria,Asia,4566,2209,0.5181134068854413
2024-09-30,France,Europe,4311,2089,0.9510041532240309
2024-10-07,Israel,Asia,134023,51538,39.96090045153303
2024-10-07,United States,North America,89659,40227,7.65695110990529
2024-10-07,Lebanon,Asia,34914,13444,8.424245649652516
2024-10-07,Russia,Europe,21212,12659,6.767015236809557
2024-10-07,Iran,Asia,17533,8357,3.9163076161313497
2024-10-07,Ukraine,Europe,17168,10301,4.635749667027017
2024-10-07,United Kingdom,Europe,13999,5766,0.9787708853144236
2024-10-07,Australia,Oceania,11043,2323,0.5999622046250109
2024-10-07,India,Asia,10759,6835,1.0183975718659781
2024-10-07,Pakistan,Asia,7904,4281,1.4734465263001542
2024-10-07,Germany,Europe,7411,2612,1.293166889168712
2024-10-07,Canada,North America,6343,2278,0.4496023413353782
2024-10-07,China,Asia,5839,3136,1.6704693002578634
2024-10-07,Palestine,Asia,5465,2634,0.7325700538752073
2024-10-07,Mexico,North America,4678,2735,1.8452230878413032
2024-10-14,Israel,Asia,125160,43529,38.17113416277335
2024-10-14,United States,North America,104427,42305,7.512650157622684
2024-10-14,Lebanon,Asia,21068,9280,5.623610072416024
2024-10-14,India,Asia,18725,11118,1.8070632625408216
2024-10-14,Russia,Europe,18470,11383,5.965930056523227
2024-10-14,Canada,North America,15449,5042,1.6367485881099773
2024-10-14,Ukraine,Europe,15049,8684,4.377594986388962
2024-10-14,Iran,Asia,13897,6531,3.580274394454042
2024-10-14,United Kingdom,Europe,12542,5674,1.1430650698891598
2024-10-14,Australia,Oceania,8370,1975,0.5467550349862803
2024-10-14,Mexico,North America,6688,3060,1.6234028199211183
2024-10-14,Germany,Europe,6417,2530,1.2997736982122159
2024-10-14,China,Asia,5601,3286,1.9223992353216204
2024-10-14,Palestine,Asia,4960,2629,0.7174860048677587
2024-10-14,Pakistan,Asia,4647,3320,0.9841656139292613
2024-10-21,United States,North America,108321,43553,6.040377722611371
2024-10-21,Israel,Asia,97689,38534,32.56030875199399
2024-10-21,Iran,Asia,28391,10311,7.8735502902579215
2024-10-21,Russia,Europe,22647,13002,6.990344236221138
2024-10-21,Lebanon,Asia,20321,8622,5.154855103131668
2024-10-21,Ukraine,Europe,16975,9019,4.722159636309777
2024-10-21,United Kingdom,Europe,16120,6305,1.2380358265434561
2024-10-21,India,Asia,10500,7416,0.8285831423954176
2024-10-21,Turkey,Asia,10451,4441,2.8032705023073037
2024-10-21,Australia,Oceania,8428,2290,0.723580425889091
2024-10-21,Canada,North America,7121,2721,0.41104250925295494
2024-10-21,North Korea,Asia,7024,2287,0.7241953160289952
2024-10-21,Mexico,North America,5884,3598,1.8453262168403002
2024-10-21,China,Asia,4464,2679,1.7646731012459567
2024-10-21,Pakistan,Asia,4145,2964,0.8416770004540695
2024-10-28,United States,North America,103395,41270,7.336428583922745
2024-10-28,Israel,Asia,77826,31946,27.19922603444013
2024-10-28,Russia,Europe,23589,13148,7.329248410627769
2024-10-28,Ukraine,Europe,18224,9585,5.226059456717175
2024-10-28,Lebanon,Asia,17569,7152,4.504610946380894
2024-10-28,United Kingdom,Europe,15590,5428,1.0893999145037903
2024-10-28,Iran,Asia,14813,6853,4.384258669686354
2024-10-28,Canada,North America,11140,2917,0.7215577896572951
2024-10-28,India,Asia,9323,5609,0.8770903368100567
2024-10-28,Australia,Oceania,9184,2094,0.6604980804573255
2024-10-28,North Korea,Asia,7679,2673,1.658169576906623
2024-10-28,Palestine,Asia,7601,2713,0.9626681915781503
2024-10-28,Spain,Europe,4879,1972,1.2370504833775329
2024-10-28,France,Europe,4150,1789,1.1947255763709246
2024-10-28,Venezuela,South America,3943,1192,0.8982497620950559
2024-11-04,United States,North America,113186,46493,15.845824120152317
2024-11-04,Israel,Asia,47578,21699,23.043220458924342
2024-11-04,Russia,Europe,18861,11000,8.654950649068953
2024-11-04,Ukraine,Europe,17176,9554,5.83783515752471
2024-11-04,United Kingdom,Europe,12759,5441,1.326361666406238
2024-11-04,Iran,Asia,11340,4954,3.3136472167848066
2024-11-04,Australia,Oceania,9494,2300,0.8788503540508152
2024-11-04,India,Asia,8454,5883,1.7112228253505903
2024-11-04,Canada,North America,8112,3365,0.8308831357412917
2024-11-04,Lebanon,Asia,6662,3720,2.4458942993769672
2024-11-04,Pakistan,Asia,5161,2776,1.2646876190363738
2024-11-04,China,Asia,5026,2515,1.864181399093605
2024-11-04,Germany,Europe,4845,1932,1.0096648688148295
2024-11-04,France,Europe,4523,1909,1.3958718461655626
2024-11-04,Mexico,North America,3823,2396,1.2324188518887509
2024-11-11,United States,North America,95346,40252,7.306112049088797
2024-11-11,Israel,Asia,57879,22121,21.28367404799931
2024-11-11,Russia,Europe,26207,13905,10.72575478221639
2024-11-11,Ukraine,Europe,23619,11261,9.400638720681254
2024-11-11,Lebanon,Asia,11792,5346,4.161727689088678
2024-11-11,United Kingdom,Europe,11567,5207,1.4091432041891223
2024-11-11,India,Asia,9937,7338,1.2048383957383537
2024-11-11,Australia,Oceania,9825,2278,0.727770602226151
2024-11-11,Canada,North America,6773,2531,0.5396315749329672
2024-11-11,Iran,Asia,6747,3046,1.899709246831267
2024-11-11,Haiti,North America,6484,1408,3.303332580645165
2024-11-11,China,Asia,4647,2628,2.0820203113183586
2024-11-11,Pakistan,Asia,4429,2613,1.0560994370928407
2024-11-11,France,Europe,3851,1940,1.2225594688565196
2024-11-11,Germany,Europe,3670,1699,0.8812598484942408
2024-11-18,United States,North America,105035,42997,6.242031350025248
2024-11-18,Israel,Asia,62937,25784,23.59370862442618
2024-11-18,Russia,Europe,50332,24310,18.91421164231382
2024-11-18,Ukraine,Europe,42188,19841,14.689522038307063
2024-11-18,United Kingdom,Europe,17254,6741,1.3053015153159655
2024-11-18,Lebanon,Asia,13481,5734,3.651850090883456
2024-11-18,Australia,Oceania,11096,2536,1.1323035127950296
2024-11-18,India,Asia,9441,6587,1.0652658300884654
2024-11-18,Pakistan,Asia,8562,4405,1.6553023087257612
2024-11-18,Canada,North America,7745,3020,0.44300523387225904
2024-11-18,Iran,Asia,5491,2178,1.10375963710956
2024-11-18,Brazil,South America,5331,2431,1.4500560478933309
2024-11-18,China,Asia,4783,2537,1.4771610804305804
2024-11-18,France,Europe,4017,2134,1.7043842748441231
2024-11-18,Nigeria,Africa,3671,2792,0.679021800416087
2024-11-25,United States,North America,68234,31425,8.457465059371904
2024-11-25,Israel,Asia,58221,22214,17.45188351565353
2024-11-25,Russia,Europe,29983,16732,10.75081978678117
2024-11-25,Syria,Asia,23179,8505,9.55842997152367
2024-11-25,Ukraine,Europe,22465,12219,7.249144937136591
2024-11-25,Lebanon,Asia,17368,6857,4.5976065044945225
2024-11-25,Australia,Oceania,15329,3598,1.367721295407353
2024-11-25,United Kingdom,Europe,14259,6158,1.4507411586973749
2024-11-25,China,Asia,10111,3559,2.0705066389610813
2024-11-25,Pakistan,Asia,9263,4894,2.284096859302681
2024-11-25,India,Asia,9173,6364,0.8581504771743029
2024-11-25,Canada,North America,7368,2735,0.6025637633656288
2024-11-25,Bangladesh,Asia,6711,4015,1.3503127930333176
2024-11-25,France,Europe,6385,2665,2.1864784809761777
2024-11-25,Iran,Asia,4503,2049,0.8477056937839045
2024-12-02,United States,North America,120312,45670,11.286135267064823
2024-12-02,Syria,Asia,48031,19477,17.933649242166716
2024-12-02,Israel,Asia,38446,17143,12.256654751009556
2024-12-02,Russia,Europe,22687,13523,8.820810345898268
2024-12-02,South Korea,Asia,13482,5372,7.455306361861735
2024-12-02,Ukraine,Europe,13004,8126,3.4042339861104174
2024-12-02,Australia,Oceania,12509,2316,0.804361278394898
2024-12-02,United Kingdom,Europe,12147,5525,1.2239138059900945
2024-12-02,India,Asia,10108,7298,0.9262213853477018
2024-12-02,Canada,North America,8042,2816,0.4814036372167961
2024-12-02,France,Europe,5859,2728,3.244836211213913
2024-12-02,China,Asia,5176,2802,1.5517249726433988
2024-12-02,Iran,Asia,4909,2714,1.3452256112668692
2024-12-02,Lebanon,Asia,4760,2190,0.9209614504015516
2024-12-02,Bangladesh,Asia,4662,3137,0.7060420021633893
2024-12-09,United States,North America,140190,49797,12.284626832893357
2024-12-09,Syria,Asia,48598,21760,16.76243029223859
2024-12-09,Israel,Asia,44757,19670,14.895523686816327
2024-12-09,Russia,Europe,25015,13265,8.180017704818725
2024-12-09,Ukraine,Europe,16929,9145,5.296986444633022
2024-12-09,United Kingdom,Europe,15809,5724,1.471693208695743
2024-12-09,South Korea,Asia,12979,4267,5.504418775934888
2024-12-09,Australia,Oceania,11430,2632,1.4531138778280224
2024-12-09,India,Asia,8717,6244,0.8290448597122371
2024-12-09,France,Europe,5743,2340,1.8618448179255356
2024-12-09,China,Asia,5695,3091,2.1086346501625695
2024-12-09,Canada,North America,5511,2370,1.2045894847118586
2024-12-09,Mexico,North America,4895,2817,1.0953572961114098
2024-12-09,Turkey,Asia,4885,2662,0.9389623984505753
2024-12-09,Palestine,Asia,4292,2015,0.7347440089852885
2024-12-16,United States,North America,146536,49275,11.427934394181213
2024-12-16,Israel,Asia,39876,18209,15.809633954833288
2024-12-16,Russia,Europe,31929,16423,11.312302163650427
2024-12-16,Ukraine,Europe,25642,12283,7.313656134301031
2024-12-16,Syria,Asia,14974,7762,5.359034642101291
2024-12-16,United Kingdom,Europe,14786,6271,1.9378072609403914
2024-12-16,France,Europe,11792,3889,3.5255660094662615
2024-12-16,Germany,Europe,10662,3626,3.487464373382224
2024-12-16,Canada,North America,8762,2818,0.598763898124603
2024-12-16,Australia,Oceania,8718,2167,0.8158149702149093
2024-12-16,India,Asia,8042,5913,0.864525819374824
2024-12-16,China,Asia,5754,2764,1.5587101193274127
2024-12-16,Yemen,Asia,5261,1490,1.0840536836158252
2024-12-16,Mexico,North America,4014,2656,0.9789804628429262
2024-12-16,Palestine,Asia,3998,2006,0.6240471204180457
2024-12-23,United States,North America,70310,28898,6.915040715548774
2024-12-23,Israel,Asia,53528,20762,21.192069374549483
2024-12-23,Russia,Europe,36462,15467,13.561297990790276
2024-12-23,Ukraine,Europe,21385,10554,8.30184768388802
2024-12-23,Syria,Asia,10205,5734,6.735490747221973
2024-12-23,India,Asia,8781,6184,0.8147769859971291
2024-12-23,United Kingdom,Europe,7162,3378,0.956722438454379
2024-12-23,Australia,Oceania,7130,1362,0.5373675081987572
2024-12-23,Haiti,North America,5679,668,1.6102952087490021
2024-12-23,Pakistan,Asia,5649,3700,1.6330096398399951
2024-12-23,Palestine,Asia,5465,2152,0.5450657578398177
2024-12-23,South Korea,Asia,4462,1655,1.7405902269436562
2024-12-23,China,Asia,4391,2358,1.349971292404541
2024-12-23,Canada,North America,4185,1339,0.32865500093795913
2024-12-23,Iran,Asia,3877,2050,1.5115577002338705
2024-12-30,United States,North America,84748,34124,9.245108842169628
2024-12-30,Israel,Asia,45314,18426,20.284974868370444
2024-12-30,Russia,Europe,19490,10130,9.270292256278237
2024-12-30,Ukraine,Europe,16632,8678,7.730288177652574
2024-12-30,United Kingdom,Europe,10413,4210,1.3774365539125069
2024-12-30,Australia,Oceania,10310,1480,1.1119854890860588
2024-12-30,India,Asia,8829,6448,0.8117600096712339
2024-12-30,France,Europe,7810,2347,1.9837148634787936
2024-12-30,South Korea,Asia,7582,3081,4.207280458806011
2024-12-30,Syria,Asia,6278,3260,3.007575108634534
2024-12-30,Palestine,Asia,4194,2164,1.0404708248876904
2024-12-30,Iran,Asia,4151,2062,1.2493551468887705
2024-12-30,Canada,North America,3959,1551,0.4630390517540546
2024-12-30,Germany,Europe,3865,1685,1.444196383126017
2024-12-30,Pakistan,Asia,3844,2730,1.1428942126562356
2025-01-06,United States,North America,144439,50987,21.378597009535554
2025-01-06,Israel,Asia,33689,15522,13.574467149492538
2025-01-06,Russia,Europe,18914,10482,6.822556091823504
2025-01-06,Ukraine,Europe,16585,9161,6.142865038746505
2025-01-06,United Kingdom,Europe,15634,6417,1.8210113852737457
2025-01-06,Canada,North America,10059,3205,0.6518235698012873
2025-01-06,Australia,Oceania,7767,1657,0.6265263987700672
2025-01-06,India,Asia,7628,5620,0.9304662834530119
2025-01-06,Venezuela,South America,6942,3357,4.312881656832883
2025-01-06,France,Europe,6772,3022,3.287523745546873
2025-01-06,China,Asia,6333,2871,1.7769992871933957
2025-01-06,Italy,Europe,5041,2433,1.4826328719534545
2025-01-06,Nigeria,Africa,4782,3714,1.1260114404937185
2025-01-06,Palestine,Asia,4417,2321,0.976248672410083
2025-01-06,Syria,Asia,4325,2421,1.728321703313835
2025-01-13,United States,North America,124594,49476,12.604109259392937
2025-01-13,Israel,Asia,71307,23712,26.489952806619357
2025-01-13,Russia,Europe,24652,13035,7.818731107344753
2025-01-13,Ukraine,Europe,17328,9535,5.715887760246472
2025-01-13,United Kingdom,Europe,14528,6125,1.40947977054576
2025-01-13,India,Asia,12871,7243,1.85463908997154
2025-01-13,Australia,Oceania,10118,2153,0.7965773131977834
2025-01-13,China,Asia,8843,3970,2.3414815232447355
2025-01-13,South Korea,Asia,7991,3005,3.0294119389907626
2025-01-13,Canada,North America,5984,2459,0.44899666019104445
2025-01-13,Nigeria,Africa,5257,4056,1.5040010595553637
2025-01-13,Iran,Asia,4567,2626,1.7796124833037605
2025-01-13,Pakistan,Asia,4185,2635,1.2020588205392826
2025-01-13,Mexico,North America,4184,2384,0.9187112350966485
2025-01-13,Palestine,Asia,4023,2222,0.7079397498170957
2025-01-20,United States,North America,154541,55871,18.615524248793214
2025-01-20,Israel,Asia,54791,21597,21.00017969412847
2025-01-20,United Kingdom,Europe,18577,6865,1.9354131055561328
2025-01-20,Russia,Europe,16700,10034,5.756503514162367
2025-01-20,Ukraine,Europe,13440,7912,4.240797886273539
2025-01-20,India,Asia,11772,7545,1.1943905744104961
2025-01-20,Australia,Oceania,9416,1987,0.7314858405144251
2025-01-20,Canada,North America,7394,2701,0.43533605371971107
2025-01-20,Palestine,Asia,7390,3985,2.0489707343395756
2025-01-20,Mexico,North America,7350,4041,2.5356259743275213
2025-01-20,China,Asia,6654,3445,2.033496564514795
2025-01-20,South Korea,Asia,6172,1839,1.5219442428530874
2025-01-20,Germany,Europe,5049,1865,0.9190512132469102
2025-01-20,Colombia,South America,4659,2267,2.209943323355011
2025-01-20,Afghanistan,Asia,4638,1581,1.0439104284780878
2025-01-27,United States,North America,126290,50710,13.850678724112225
2025-01-27,Israel,Asia,45029,18544,17.305282477313195
2025-01-27,Russia,Europe,19982,11419,8.244477545026784
2025-01-27,United Kingdom,Europe,16925,5220,1.197307049422072
2025-01-27,Ukraine,Europe,15377,8768,6.0505380475812975
2025-01-27,Australia,Oceania,12314,2265,0.8448019844061089
2025-01-27,India,Asia,8368,5491,1.746715417592056
2025-01-27,Canada,North America,7668,2898,0.5408578919650998
2025-01-27,China,Asia,6945,3043,1.9309542266970487
2025-01-27,Mexico,North America,5613,3370,1.1946852995800852
2025-01-27,Rwanda,Africa,5522,2033,4.094560458246987
2025-01-27,Germany,Europe,5324,1934,1.44781438041391
2025-01-27,Palestine,Asia,4633,2799,2.0402796345932694
2025-01-27,France,Europe,4488,1859,1.6638235120681455
2025-01-27,Syria,Asia,4226,1487,0.9140110397355831
2025-02-03,United States,North America,105032,47543,11.71563129086133
2025-02-03,Israel,Asia,48153,18023,18.144187397274727
2025-02-03,Russia,Europe,17610,10577,6.625071385716323
2025-02-03,Ukraine,Europe,14709,8510,4.559471297947029
2025-02-03,United Kingdom,Europe,11930,5280,1.605744824662212
2025-02-03,Sweden,Europe,11565,4551,8.510630047187695
2025-02-03,Canada,North America,9001,3391,0.7989731471307387
2025-02-03,India,Asia,8162,5769,1.5173267040472755
2025-02-03,Australia,Oceania,7799,2284,1.0451954980568903
2025-02-03,Mexico,North America,6831,3754,1.6392971796635911
2025-02-03,China,Asia,5799,3019,1.7322494907438537
2025-02-03,Palestine,Asia,4456,2296,0.9075076940231583
2025-02-03,Bangladesh,Asia,4063,2092,1.3867281886721459
2025-02-03,France,Europe,3573,2014,1.666443543018223
2025-02-03,Nigeria,Africa,3316,2779,0.9571405580944078
2025-02-10,United States,North America,104230,44848,10.677419488968836
2025-02-10,Israel,Asia,39390,15741,16.45624735665702
2025-02-10,Russia,Europe,22679,11582,8.372872766660011
2025-02-10,Ukraine,Europe,16355,8934,6.219209087567602
2025-02-10,United Kingdom,Europe,13434,5200,1.5452499537848936
2025-02-10,Australia,Oceania,10057,2108,0.7659961143042068
2025-02-10,India,Asia,7962,5618,1.4362555341588064
2025-02-10,Canada,North America,6090,2293,0.6674920700691079
2025-02-10,Germany,Europe,5376,2597,2.3982987684529475
2025-02-10,Mexico,North America,5200,2686,1.103936305127565
2025-02-10,China,Asia,4019,2074,1.3656418179717018
2025-02-10,Palestine,Asia,3663,1852,0.6285312374917181
2025-02-10,Pakistan,Asia,3125,2302,0.8030163437625556
2025-02-10,Italy,Europe,3077,1857,1.4186266758547814
2025-02-10,Ireland,Europe,2716,985,0.6664259336578464
2025-02-17,United States,North America,113048,44541,9.934507031087959
2025-02-17,Israel,Asia,53147,16947,17.99173247191348
2025-02-17,Russia,Europe,20750,11011,7.916013420614329
2025-02-17,Ukraine,Europe,18643,10357,8.568063527582407
2025-02-17,United Kingdom,Europe,11678,4754,1.4573739802537418
2025-02-17,Australia,Oceania,8677,2102,0.7708584960910991
2025-02-17,India,Asia,6803,5072,1.0272925138580167
2025-02-17,Canada,North America,6691,2192,0.4227722015164496
2025-02-17,Palestine,Asia,6132,2118,1.0036086498026877
2025-02-17,Germany,Europe,5885,2791,1.9333138397755618
2025-02-17,Mexico,North America,5328,2924,1.604228854798092
2025-02-17,China,Asia,4839,1918,1.5663814488609746
2025-02-17,France,Europe,4722,2419,2.380528138936337
2025-02-17,Ireland,Europe,4117,1091,0.5746909162257147
2025-02-17,Brazil,South America,3306,1653,2.240387132780112
2025-02-24,United States,North America,102572,46855,11.02063419866763
2025-02-24,Israel,Asia,31864,13922,13.93640923997082
2025-02-24,Ukraine,Europe,26060,12426,10.421170236549495
2025-02-24,Russia,Europe,22105,12296,9.235292892636826
2025-02-24,United Kingdom,Europe,14583,5762,2.0537922291833017
2025-02-24,Australia,Oceania,9572,2161,0.9753070316924843
2025-02-24,Mexico,North America,8598,3680,1.4200360876039309
2025-02-24,India,Asia,7881,5593,0.7389563190402021
2025-02-24,France,Europe,7678,3086,3.044924895009275
2025-02-24,Canada,North America,6431,2420,0.6135459442074609
2025-02-24,China,Asia,4977,2439,1.7944266970145015
2025-02-24,Turkey,Asia,4911,2012,1.7652251349417691
2025-02-24,Italy,Europe,4451,1859,0.8991510794302453
2025-02-24,Palestine,Asia,3861,1663,0.8265881710340901
2025-02-24,Germany,Europe,3642,1807,0.9910260048107283
2025-03-03,United States,North America,108492,47465,11.2770624044639
2025-03-03,Ukraine,Europe,38475,18353,13.587404996286951
2025-03-03,Israel,Asia,31011,13402,9.155601827015136
2025-03-03,Russia,Europe,30284,15436,9.800546898415913
2025-03-03,Syria,Asia,21141,7899,11.271653178941614
2025-03-03,United Kingdom,Europe,17270,6326,2.0318910218244293
2025-03-03,India,Asia,8760,6009,0.7518308103472416
2025-03-03,Canada,North America,8753,3358,0.8730981739861369
2025-03-03,Australia,Oceania,8625,1934,0.6491603280091346
2025-03-03,Mexico,North America,5945,3074,1.3156363770779809
2025-03-03,Pakistan,Asia,5208,3470,1.4565076789150333
2025-03-03,China,Asia,5039,2517,1.6138557005906653
2025-03-03,France,Europe,5004,2336,2.6842510219572286
2025-03-03,Germany,Europe,4240,2075,1.208046000750089
2025-03-03,Nigeria,Africa,3717,2940,0.9620840057865008
2025-03-10,United States,North America,112630,48759,12.285750985926223
2025-03-10,Russia,Europe,37261,17467,13.85109594903193
2025-03-10,Israel,Asia,37097,14886,8.554461222924681
2025-03-10,Ukraine,Europe,27400,14357,11.996736298674605
2025-03-10,United Kingdom,Europe,17624,6285,1.6203769725785013
2025-03-10,Syria,Asia,12631,6044,4.789856882027619
2025-03-10,Australia,Oceania,9708,2010,0.6877886614388261
2025-03-10,Philippines,Asia,8885,3889,4.228071164561137
2025-03-10,Pakistan,Asia,8584,5628,3.1015306138543406
2025-03-10,India,Asia,8268,6063,0.9613309349457801
2025-03-10,Canada,North America,6973,2675,0.6674485441830013
2025-03-10,China,Asia,4871,2336,2.7793027232961243
2025-03-10,Mexico,North America,4112,2364,1.269429582193161
2025-03-10,South Korea,Asia,3671,1228,1.0355337623168077
2025-03-10,Iran,Asia,3447,1526,0.9991394546101713
2025-03-17,United States,North America,121234,51288,8.618019539070335
2025-03-17,Israel,Asia,88954,27041,27.085898100599852
2025-03-17,Russia,Europe,25740,13626,7.985203803113118
2025-03-17,Ukraine,Europe,23203,12231,8.503102041852538
2025-03-17,United Kingdom,Europe,19325,6547,1.6749865743164216
2025-03-17,Turkey,Asia,15438,5644,4.977722120266842
2025-03-17,India,Asia,9704,7086,1.3938723148271916
2025-03-17,Canada,North America,9022,2986,0.8701529762502856
2025-03-17,Australia,Oceania,8451,1909,0.564341147541401
2025-03-17,Lebanon,Asia,6009,2313,1.155818528194641
2025-03-17,Sudan,Africa,5217,1207,2.9553024582436174
2025-03-17,Venezuela,South America,5063,2029,1.9373524297670506
2025-03-17,Mexico,North America,4779,2694,0.7855196333626674
2025-03-17,Yemen,Asia,4689,2008,1.3157404229982048
2025-03-17,Iran,Asia,4605,1864,0.8298725645954239
2025-03-24,United States,North America,111271,48140,7.825000571666514
2025-03-24,Israel,Asia,46501,21517,20.320698021003956
2025-03-24,Russia,Europe,25049,13007,8.061901696581858
2025-03-24,Ukraine,Europe,21051,10797,5.911016278923773
2025-03-24,Turkey,Asia,17625,7250,6.866951874199805
2025-03-24,United Kingdom,Europe,12996,5384,1.8896187837051235
2025-03-24,France,Europe,10559,3148,2.3752268398903813
2025-03-24,India,Asia,9161,7004,0.804200631355101
2025-03-24,Canada,North America,7694,2739,0.5475714928292436
2025-03-24,Australia,Oceania,6605,1895,0.6072657407029687
2025-03-24,Mexico,North America,5470,2679,0.9959264455356931
2025-03-24,South Korea,Asia,5009,1794,1.7450827449229178
2025-03-24,Brazil,South America,4594,1513,1.1372921138670993
2025-03-24,Sudan,Africa,4584,1480,3.0777582532200563
2025-03-24,Yemen,Asia,4406,1901,1.1125321373892654
2025-03-31,United States,North America,105651,44560,10.199408131014756
2025-03-31,Israel,Asia,39870,18617,18.43600525884327
2025-03-31,Russia,Europe,22259,11397,9.239057549494023
2025-03-31,United Kingdom,Europe,18278,6063,2.2047914275803264
2025-03-31,Ukraine,Europe,17079,8514,6.831177806733199
2025-03-31,France,Europe,9333,3569,4.55635259788586
2025-03-31,Australia,Oceania,8049,2017,0.762754215710938
2025-03-31,China,Asia,6888,3346,2.8326592779013877
2025-03-31,India,Asia,6779,5376,1.013162134184676
2025-03-31,Canada,North America,5920,2287,0.5787211284774935
2025-03-31,Turkey,Asia,4512,2152,1.1688499377706953
2025-03-31,Nigeria,Africa,3753,3027,0.9271497410052738
2025-03-31,El Salvador,North America,3606,844,0.5980114520957514
2025-03-31,Mexico,North America,3537,2268,0.7817675205345903
2025-03-31,South Korea,Asia,3167,1489,1.2993713046846913
2025-04-07,United States,North America,114565,45389,12.130351027033184
2025-04-07,Israel,Asia,40676,17523,18.168074767061505
2025-04-07,Russia,Europe,22183,12192,9.765941582350877
2025-04-07,United Kingdom,Europe,17422,6340,2.0717792445702483
2025-04-07,Ukraine,Europe,17243,9623,5.704250681948661
2025-04-07,India,Asia,12017,8237,1.2231277136618646
2025-04-07,China,Asia,8774,4555,3.415250686378032
2025-04-07,El Salvador,North America,7188,1087,1.1797678542358188
2025-04-07,Australia,Oceania,7094,1709,0.7851945827687303
2025-04-07,Canada,North America,6167,2475,0.45923899223203807
2025-04-07,Iran,Asia,5424,2224,1.765008254016092
2025-04-07,Mexico,North America,4248,2285,1.0047364317263225
2025-04-07,Pakistan,Asia,3810,2820,1.0297885918720076
2025-04-07,Nigeria,Africa,3570,2839,1.0943093684622507
2025-04-07,France,Europe,3541,1599,0.9974853814060549
2025-04-14,United States,North America,134922,51489,12.64382190477081
2025-04-14,Israel,Asia,38791,16205,16.396188402130427
2025-04-14,Russia,Europe,26850,14507,12.185540319929192
2025-04-14,Ukraine,Europe,20525,11316,7.955393461891226
2025-04-14,United Kingdom,Europe,13988,5559,1.16218600354778
2025-04-14,El Salvador,North America,13425,3137,1.095211686976037
2025-04-14,India,Asia,8623,6495,0.7291417833302211
2025-04-14,Australia,Oceania,7748,1735,0.8953198949865301
2025-04-14,Canada,North America,6078,2343,0.5246229231187333
2025-04-14,China,Asia,5998,3524,2.6736244982629698
2025-04-14,France,Europe,4308,2414,2.325893137072509
2025-04-14,Germany,Europe,4272,1966,1.3146854747933505
2025-04-14,Italy,Europe,4097,1862,0.8255262552954896
2025-04-14,Venezuela,South America,4075,1198,1.4737907852403451
2025-04-14,Pakistan,Asia,3912,2803,1.2140979733246011
2025-04-21,United States,North America,116906,47644,11.608630174772367
2025-04-21,India,Asia,31516,18326,5.6749864623466255
2025-04-21,Russia,Europe,29394,14221,12.976819636234113
2025-04-21,Israel,Asia,27259,13648,11.854311429813022
2025-04-21,Ukraine,Europe,26256,12405,9.883619492262968
2025-04-21,Pakistan,Asia,17367,9799,5.525862258746209
2025-04-21,United Kingdom,Europe,10624,5161,1.8145571105313516
2025-04-21,Australia,Oceania,10233,2116,0.6669808742835627
2025-04-21,Canada,North America,8123,2656,0.595337563631532
2025-04-21,Italy,Europe,7165,3097,1.5539025685551127
2025-04-21,Iran,Asia,5912,1597,1.3574266445783065
2025-04-21,China,Asia,5383,2874,1.5687507307462663
2025-04-21,Mexico,North America,5075,2345,1.010836277319059
2025-04-21,France,Europe,3855,1793,1.4426652676667446
2025-04-21,Venezuela,South America,3623,1298,1.316154330128481
2025-04-28,United States,North America,108420,45573,8.479286130449957
2025-04-28,Israel,Asia,38754,16307,14.138567697703328
2025-04-28,Russia,Europe,19603,11502,8.242023567080352
2025-04-28,Ukraine,Europe,17537,9377,6.331998105086913
2025-04-28,India,Asia,17474,11587,3.077954149215933
2025-04-28,United Kingdom,Europe,17411,6328,1.7730392841313791
2025-04-28,Pakistan,Asia,14120,8445,3.7363556488344507
2025-04-28,Syria,Asia,10378,4784,6.932745851822042
2025-04-28,Australia,Oceania,8780,2020,0.880996987706206
2025-04-28,Canada,North America,8039,2899,0.8392025583484339
2025-04-28,Iran,Asia,5228,1935,1.8385645132662283
2025-04-28,China,Asia,4305,2458,1.499512482417632
2025-04-28,Ireland,Europe,4167,861,0.5169310670012227
2025-04-28,France,Europe,4078,2055,1.909571399685211
2025-04-28,Italy,Europe,3809,2298,0.9067495894857946
2025-05-05,United States,North America,106577,44881,6.2403667796750195
2025-05-05,Pakistan,Asia,55565,25042,19.08166145322268
2025-05-05,India,Asia,44072,23305,9.559875235091104
2025-05-05,Israel,Asia,37324,17163,11.878463399205728
2025-05-05,Russia,Europe,25020,13085,10.841333782253926
2025-05-05,Ukraine,Europe,17236,9702,6.180046557690639
2025-05-05,United Kingdom,Europe,13097,5489,1.2871399049611838
2025-05-05,Australia,Oceania,8441,1948,0.6867882676483321
2025-05-05,Canada,North America,5758,2275,0.3808840662313588
2025-05-05,China,Asia,4716,2509,1.4189583577463358
2025-05-05,Germany,Europe,4381,2344,1.2102962795609884
2025-05-05,Mexico,North America,4210,2233,0.779626825551537
2025-05-05,Italy,Europe,3959,2327,0.7561592348635355
2025-05-05,Yemen,Asia,3959,1968,1.4685179616964925
2025-05-05,Iran,Asia,3405,1830,0.9666335841018744
2025-05-12,United States,North America,105422,43857,7.458544589849345
2025-05-12,Israel,Asia,46379,18620,18.742819614233532
2025-05-12,Russia,Europe,21170,11711,9.017094823948746
2025-05-12,Ukraine,Europe,16272,8608,5.931517432640388
2025-05-12,India,Asia,16053,10757,2.2063901707362885
2025-05-12,United Kingdom,Europe,15318,6972,2.021484033108957
2025-05-12,Pakistan,Asia,13509,8635,2.0563848900716737
2025-05-12,France,Europe,8372,2874,3.0615018521557045
2025-05-12,Australia,Oceania,7482,1814,0.5845563411453211
2025-05-12,Mexico,North America,6991,3700,2.2489119221830465
2025-05-12,Canada,North America,6487,2357,0.48742553725224036
2025-05-12,Turkey,Asia,6418,3246,1.7247071737058186
2025-05-12,Syria,Asia,4255,1876,0.9301409221679651
2025-05-12,China,Asia,4059,2209,1.9487033532601485
2025-05-12,Nigeria,Africa,3631,3007,0.8768903688765615
2025-05-19,United States,North America,119232,49510,12.742608788745834
2025-05-19,Israel,Asia,68367,27917,27.577409111380035
2025-05-19,Russia,Europe,27305,13803,9.192214219717744
2025-05-19,Ukraine,Europe,25164,11166,6.431906602034741
2025-05-19,United Kingdom,Europe,13905,6409,1.589050370942582
2025-05-19,India,Asia,12580,9217,1.2041921016333108
2025-05-19,Pakistan,Asia,10973,6708,2.910652913401365
2025-05-19,Mexico,North America,8261,3634,1.4815026769095805
2025-05-19,France,Europe,5807,2340,1.2661237166730472
2025-05-19,Australia,Oceania,5782,1624,0.6045737644723319
2025-05-19,Canada,North America,5492,2221,0.46819814919935776
2025-05-19,Spain,Europe,4209,2352,0.8305139266347425
2025-05-19,China,Asia,4192,2695,1.5719670438313589
2025-05-19,Germany,Europe,3629,1879,0.9352477939535265
2025-05-19,Italy,Europe,3583,2323,0.7727121404680224
2025-05-26,United States,North America,105730,41240,9.55435894240947
2025-05-26,Israel,Asia,49715,21164,22.26971650638586
2025-05-26,Russia,Europe,30269,15570,12.714139684341747
2025-05-26,Ukraine,Europe,26599,12619,8.664346396663003
2025-05-26,United Kingdom,Europe,10823,5516,1.597654306643612
2025-05-26,India,Asia,10088,7473,1.1944414272703303
2025-05-26,Australia,Oceania,8479,2268,0.7651526987418883
2025-05-26,Canada,North America,6439,2759,0.4801458434777017
2025-05-26,Pakistan,Asia,5989,4385,1.173199444541237
2025-05-26,France,Europe,5864,2676,2.3380877137486182
2025-05-26,China,Asia,5557,3098,2.1481558000743486
2025-05-26,Germany,Europe,4718,1959,0.9004969172964954
2025-05-26,Ireland,Europe,4645,1321,0.678544817445701
2025-05-26,Mexico,North America,4381,2492,1.0318294607959404
2025-05-26,Nigeria,Africa,3749,3032,1.0463293134783556
2025-06-02,United States,North America,144758,52207,13.72213158564063
2025-06-02,Israel,Asia,54817,19681,18.834843657569223
2025-06-02,Russia,Europe,35269,16682,13.530359088953753
2025-06-02,Ukraine,Europe,33167,14644,10.5819068243501
2025-06-02,United Kingdom,Europe,13946,6234,1.3103686838925768
2025-06-02,Australia,Oceania,8867,2469,1.1737752503980163
2025-06-02,India,Asia,8475,6722,0.950594184272307
2025-06-02,Canada,North America,7758,2669,0.4450420988064027
2025-06-02,Colombia,South America,7002,2834,3.88038941205908
2025-06-02,Pakistan,Asia,6846,4072,1.245911877246677
2025-06-02,Germany,Europe,5251,2096,1.4007258287468844
2025-06-02,China,Asia,5041,2979,2.11727242742309
2025-06-02,Mexico,North America,4477,2611,1.0129898908882575
2025-06-02,France,Europe,4199,2115,1.8981229454822184
2025-06-02,Turkey,Asia,3484,1488,0.6318421373570151
2025-06-09,United States,North America,162137,58505,19.121451789058042
2025-06-09,Israel,Asia,77749,29696,23.57374684254347
2025-06-09,Iran,Asia,48715,18362,17.646990087614476
2025-06-09,United Kingdom,Europe,22690,6475,1.5428222869513821
2025-06-09,Russia,Europe,16919,9155,5.601451271009846
2025-06-09,Ukraine,Europe,14628,7314,3.3907947539581302
2025-06-09,India,Asia,12662,6630,1.0130986083967874
2025-06-09,Canada,North America,7900,2485,0.43755645901405377
2025-06-09,Australia,Oceania,6897,2254,0.6297740569393313
2025-06-09,Mexico,North America,6446,3579,1.1790043909682122
2025-06-09,Austria,Europe,5518,1723,2.961875625401487
2025-06-09,Colombia,South America,4466,3005,2.408802050156462
2025-06-09,China,Asia,4201,2142,1.6721916335447355
2025-06-09,France,Europe,4127,2008,2.0848283002675685
2025-06-09,Germany,Europe,2698,1082,0.3784757727931355
2025-06-30,United States,North America,61909,26050,9.251525003456136
2025-06-30,Israel,Asia,34157,13514,19.12368297287869
2025-06-30,Russia,Europe,19974,9999,9.400841476587775
2025-06-30,Ukraine,Europe,19002,8402,8.080688886062958
2025-06-30,United Kingdom,Europe,9258,3662,1.3048886724708646
2025-06-30,Iran,Asia,7635,4303,4.447336760505733
2025-06-30,India,Asia,7236,4905,1.59201147134623
2025-06-30,Australia,Oceania,6110,1762,1.0712231240814765
2025-06-30,Turkey,Asia,3151,1628,1.4524023858822628
2025-06-30,China,Asia,3119,1711,1.7401702049865622
2025-06-30,Mexico,North America,3100,1586,0.9302563570949477
2025-06-30,Canada,North America,2962,1227,0.4091155387884945
2025-06-30,Nigeria,Africa,2931,2527,0.7858929416338241
2025-06-30,France,Europe,2543,1266,1.2693521590670407
2025-06-30,Pakistan,Asia,2284,1800,0.8230549710644752
2025-07-07,United States,North America,101215,42982,9.013362321232306
2025-07-07,Israel,Asia,48312,20374,18.509153315607467
2025-07-07,Russia,Europe,25641,13433,10.16927745621965
2025-07-07,Ukraine,Europe,24744,11298,7.517278187845748
2025-07-07,United Kingdom,Europe,13640,5535,1.451202070660489
2025-07-07,Australia,Oceania,13126,2977,1.0934801813835953
2025-07-07,India,Asia,10385,7236,1.1633686355112023
2025-07-07,Iran,Asia,7140,4026,2.85713157767946
2025-07-07,Canada,North America,6995,2330,0.5952204766912695
2025-07-07,France,Europe,6566,2050,1.2305533268611655
2025-07-07,Mexico,North America,5671,2876,1.7838143141819582
2025-07-07,China,Asia,5610,3062,2.385083631587563
2025-07-07,Nigeria,Africa,4699,4115,0.9896057902427279
2025-07-07,Palestine,Asia,4140,1915,0.5185093114488943
2025-07-07,Italy,Europe,3862,2066,0.7375985446445539
2025-07-14,United States,North America,109575,44492,7.5415739430685695
2025-07-14,Israel,Asia,47796,21629,17.481627522467814
2025-07-14,Syria,Asia,32157,12905,16.269040588594226
2025-07-14,Russia,Europe,20784,11521,8.286732744036458
2025-07-14,United Kingdom,Europe,17858,6398,2.1235834128659805
2025-07-14,Ukraine,Europe,15453,8977,5.127876171383823
2025-07-14,India,Asia,10682,7835,1.084428311701765
2025-07-14,Australia,Oceania,10355,2456,1.1375791799815134
2025-07-14,China,Asia,5729,2753,2.020968135656531
2025-07-14,Canada,North America,4841,1973,0.41360862593083675
2025-07-14,Venezuela,South America,4552,1384,2.4227927439131673
2025-07-14,Nigeria,Africa,4264,3709,1.1269402366587238
2025-07-14,Iran,Asia,4000,2766,1.7578705402357833
2025-07-14,Pakistan,Asia,3858,2816,0.7655777109783465
2025-07-14,Bangladesh,Asia,3723,2656,0.7242954991439088
2025-07-21,United States,North America,123787,45962,9.539955567078882
2025-07-21,Israel,Asia,47892,19148,20.911264682662253
2025-07-21,United Kingdom,Europe,21851,6669,1.5721711991322245
2025-07-21,Russia,Europe,20792,10899,7.270904725572108
2025-07-21,Thailand,Asia,17726,6783,7.022220083393401
2025-07-21,Cambodia,Asia,14330,6126,7.9980327298919125
2025-07-21,Ukraine,Europe,13540,7691,5.176715709627614
2025-07-21,India,Asia,9343,6456,0.8927751301705088
2025-07-21,Australia,Oceania,7463,2115,0.7442779624824976
2025-07-21,Canada,North America,6163,2451,0.34976869772498076
2025-07-21,Turkey,Asia,6054,1961,1.0487227145706397
2025-07-21,Syria,Asia,5792,2962,1.3697037912969037
2025-07-21,China,Asia,4970,2502,1.1885133889434731
2025-07-21,Iran,Asia,4567,2856,1.8862664882964415
2025-07-21,Mexico,North America,4555,2227,0.8802680213763067
2025-07-28,United States,North America,109305,43505,7.1176357872803715
2025-07-28,Israel,Asia,41250,18668,21.069131997880827
2025-07-28,Russia,Europe,24036,12652,10.491422043569385
2025-07-28,Ukraine,Europe,18887,8983,6.347038489586238
2025-07-28,United Kingdom,Europe,15447,5851,1.6504616037521551
2025-07-28,India,Asia,12873,8292,2.3225968306270453
2025-07-28,Pakistan,Asia,8568,5081,1.5291124817310422
2025-07-28,Australia,Oceania,8398,2812,0.8276464937263883
2025-07-28,Canada,North America,5886,2177,0.5347610469795627
2025-07-28,Thailand,Asia,5335,2080,1.8948163641826712
2025-07-28,Colombia,South America,5251,2743,4.7426204273816674
2025-07-28,Italy,Europe,3908,1938,0.8301834282439376
2025-07-28,Cambodia,Asia,3660,1733,2.6377860066011487
2025-07-28,Nigeria,Africa,3336,2738,0.8789073041355966
2025-07-28,China,Asia,3213,2189,1.1362281508526408
2025-08-04,United States,North America,126383,46136,9.977148928883944
2025-08-04,Israel,Asia,53081,18582,24.70222572024678
2025-08-04,Russia,Europe,24529,11757,7.634369852980093
2025-08-04,United Kingdom,Europe,20965,6649,2.580312573575498
2025-08-04,Ukraine,Europe,16339,8447,5.477714840956321
2025-08-04,Australia,Oceania,9682,2640,1.1424754016149037
2025-08-04,India,Asia,9127,6518,1.4801041931480803
2025-08-04,Pakistan,Asia,5647,3531,1.2634911534575732
2025-08-04,Mexico,North America,5424,2455,1.1445833654427835
2025-08-04,France,Europe,4767,1859,1.4261678070683852
2025-08-04,China,Asia,4637,2422,1.251891527225078
2025-08-04,Canada,North America,4552,1917,0.3606253011241078
2025-08-04,Brazil,South America,4202,1668,1.4940395179050128
2025-08-04,Nigeria,Africa,3397,2804,0.8723002518266153
2025-08-04,Bangladesh,Asia,3010,1893,0.628587434418925
2025-08-11,United States,North America,116589,46370,8.495185032884514
2025-08-11,Israel,Asia,47127,19864,26.83323098978073
2025-08-11,Russia,Europe,21355,12012,8.816838637065992
2025-08-11,Ukraine,Europe,18629,9854,6.9587617298398
2025-08-11,United Kingdom,Europe,15345,5952,1.176191072180429
2025-08-11,Australia,Oceania,10109,2053,0.7313167121990495
2025-08-11,India,Asia,8522,6137,0.9513168113875063
2025-08-11,Pakistan,Asia,6499,3437,1.3337542518488175
2025-08-11,Colombia,South America,5504,3188,3.838815916516273
2025-08-11,Canada,North America,5338,2138,0.4405719544395935
2025-08-11,Mexico,North America,4705,2640,0.9989653583425164
2025-08-11,Serbia,Europe,4309,1474,2.9150816676336007
2025-08-11,Nigeria,Africa,3735,3117,1.0911625248768273
2025-08-11,China,Asia,3640,2075,2.189254399613929
2025-08-11,Japan,Asia,3445,1090,0.749808511376026
2025-08-18,United States,North America,123174,47977,12.170397874338352
2025-08-18,Israel,Asia,44297,18851,23.07217092320757
2025-08-18,Russia,Europe,24642,13380,8.957575548352875
2025-08-18,Ukraine,Europe,23292,11972,8.165585744288572
2025-08-18,United Kingdom,Europe,16730,5991,1.6540269247396735
2025-08-18,India,Asia,10461,6556,1.4221502002813473
2025-08-18,Australia,Oceania,8804,2625,0.9249674469028025
2025-08-18,Iran,Asia,6522,1890,1.340893524133687
2025-08-18,Nigeria,Africa,5390,4225,1.8812053219253972
2025-08-18,Canada,North America,4634,1924,0.6534572866521516
2025-08-18,China,Asia,4398,2371,1.1904822967270674
2025-08-18,Spain,Europe,4343,1978,1.0837919187662488
2025-08-18,Colombia,South America,3970,2545,3.5097060763975176
2025-08-18,Mexico,North America,3495,2375,0.7475194728153605
2025-08-18,Pakistan,Asia,3357,2326,0.9485094740519628
2025-08-25,United States,North America,134019,48632,10.77528508952573
2025-08-25,Israel,Asia,68859,25063,26.753884453519788
2025-08-25,Ukraine,Europe,24706,12231,9.353392599677843
2025-08-25,Russia,Europe,23982,12317,10.773045963015164
2025-08-25,Australia,Oceania,18202,4080,4.186618044948304
2025-08-25,United Kingdom,Europe,14567,5456,1.2711001279376213
2025-08-25,India,Asia,8418,5906,0.9345898734361595
2025-08-25,Indonesia,Asia,5762,2545,1.615059288457649
2025-08-25,Mexico,North America,5213,2385,0.8927815058963295
2025-08-25,Iran,Asia,5155,2231,1.2512419662438803
2025-08-25,China,Asia,4796,2585,1.4371321861423891
2025-08-25,Canada,North America,4430,2007,0.39664833984633524
2025-08-25,Yemen,Asia,3742,1156,0.737942120068974
2025-08-25,Nigeria,Africa,3589,3037,0.9354966199994407
2025-08-25,France,Europe,3362,1784,1.2561475335172232
2025-09-01,United States,North America,109914,45058,12.445654280156864
2025-09-01,Israel,Asia,40986,18406,19.930571518066028
2025-09-01,Ukraine,Europe,20325,9840,7.765346832842211
2025-09-01,Russia,Europe,18245,10319,7.910085552120267
2025-09-01,United Kingdom,Europe,16039,6448,1.9723699561546755
2025-09-01,Australia,Oceania,11434,2779,1.1803578768920155
2025-09-01,India,Asia,7232,5385,0.9751464286644125
2025-09-01,Venezuela,South America,6806,2949,3.658481151292452
2025-09-01,China,Asia,6341,3385,2.6808828333094894
2025-09-01,Canada,North America,5631,2228,0.5827237873781103
2025-09-01,France,Europe,4713,2299,1.8789974298941698
2025-09-01,Nigeria,Africa,4674,3376,0.9835167075967912
2025-09-01,Indonesia,Asia,3951,2351,1.9945432335899318
2025-09-01,Mexico,North America,3670,2153,0.9758744435638862
2025-09-01,Pakistan,Asia,3525,2409,1.1243827576156806
2025-09-08,United States,North America,188561,64124,19.158613991392418
2025-09-08,Israel,Asia,58288,26984,21.186835913594198
2025-09-08,Russia,Europe,32298,16557,8.257793768502793
2025-09-08,Ukraine,Europe,22734,11537,4.4423884720950415
2025-09-08,Nepal,Asia,20897,7628,7.6455503570911025
2025-09-08,Poland,Europe,16943,7696,4.679561998896647
2025-09-08,United Kingdom,Europe,16061,6771,1.4257214048378752
2025-09-08,Australia,Oceania,12594,2749,0.9485336285988264
2025-09-08,Brazil,South America,11239,4142,4.518826013273726
2025-09-08,India,Asia,8329,5794,0.706395584796732
2025-09-08,Qatar,Asia,8096,3683,2.1100658081956354
2025-09-08,South Korea,Asia,6201,2090,0.8924546641114168
2025-09-08,Canada,North America,5850,2515,0.4391346363842161
2025-09-08,France,Europe,5152,2817,2.2661026076391293
2025-09-08,New Zealand,Oceania,4390,1150,0.5435098549301806
2025-09-15,United States,North America,166851,56640,17.126906657004824
2025-09-15,Israel,Asia,54209,23744,26.626832170823953
2025-09-15,Russia,Europe,23448,13326,8.372326561437827
2025-09-15,United Kingdom,Europe,17220,7179,2.5527774815494726
2025-09-15,Ukraine,Europe,14422,8316,3.9366357459780876
2025-09-15,India,Asia,8015,5880,0.8245151495280476
2025-09-15,Australia,Oceania,6441,2112,0.6306164775942852
2025-09-15,China,Asia,5431,2680,1.3475716860943097
2025-09-15,Poland,Europe,4703,2518,1.430239111217968
2025-09-15,Canada,North America,4458,2050,0.4406426703163938
2025-09-15,Pakistan,Asia,4098,2827,0.9316789223246388
2025-09-15,Germany,Europe,4040,1787,0.8197049666872985
2025-09-15,Venezuela,South America,4034,2056,2.6386108572402875
2025-09-15,France,Europe,3824,2137,1.5585261077821733
2025-09-15,Brazil,South America,3774,2191,1.73671445869508
2025-09-22,United States,North America,132185,47920,14.371608891299928
2025-09-22,Israel,Asia,42383,19662,21.98901965570322
2025-09-22,Russia,Europe,28095,14363,10.12372826080774
2025-09-22,Ukraine,Europe,17413,8548,4.721484248542374
2025-09-22,United Kingdom,Europe,14105,5199,1.671093529775782
2025-09-22,India,Asia,8690,6099,1.2208307197328672
2025-09-22,Australia,Oceania,7476,1841,0.6199465034641672
2025-09-22,Iran,Asia,6188,2136,1.4530845741056262
2025-09-22,Canada,North America,5411,2275,0.5385257105781641
2025-09-22,Italy,Europe,4317,2352,1.4367599357074916
2025-09-22,China,Asia,4216,2312,1.548857660485226
2025-09-22,France,Europe,3955,2446,2.244159741708559
2025-09-22,Pakistan,Asia,3950,2726,0.8807804029554691
2025-09-22,Poland,Europe,3669,1747,1.167778345893011
2025-09-22,Mexico,North America,3173,2123,0.8009039253456829
2025-09-29,United States,North America,126711,46046,13.704957254149601
2025-09-29,Israel,Asia,53927,21906,25.37059497268487
2025-09-29,United Kingdom,Europe,22924,8292,3.0898889441392288
2025-09-29,Russia,Europe,18933,10972,7.087284012271054
2025-09-29,Ukraine,Europe,13721,8363,4.6303874240342155
2025-09-29,Australia,Oceania,10957,1847,0.7397175774583004
2025-09-29,India,Asia,7272,5234,0.8143119863892333
2025-09-29,Venezuela,South America,4989,1421,1.6236384399719266
2025-09-29,Pakistan,Asia,4795,3178,1.3161721683659198
2025-09-29,Canada,North America,4428,2079,0.46660536829547844
2025-09-29,Germany,Europe,4233,1806,1.1785717050564375
2025-09-29,Mexico,North America,3958,2295,0.9028652629166888
2025-09-29,China,Asia,3688,1962,2.266709000767905
2025-09-29,Italy,Europe,3475,2206,0.9310275360821945
2025-09-29,Nigeria,Africa,3187,2632,0.7699823630193967
2025-10-06,United States,North America,124899,46730,10.684682294572978
2025-10-06,Israel,Asia,63441,25801,25.45858540327247
2025-10-06,Russia,Europe,17158,9863,7.147514075735393
2025-10-06,United Kingdom,Europe,16651,5439,1.2708705164012792
2025-10-06,Ukraine,Europe,12177,7241,4.470945529839271
2025-10-06,India,Asia,9495,6329,1.0665372995345432
2025-10-06,Australia,Oceania,9001,2417,0.9210869658050199
2025-10-06,France,Europe,8243,2692,2.6034996778542547
2025-10-06,Pakistan,Asia,7812,4866,3.5703631540345473
2025-10-06,Canada,North America,6271,2245,0.5238052067206017
2025-10-06,Afghanistan,Asia,4821,2277,1.2509652747983284
2025-10-06,Germany,Europe,4807,1822,1.2462553273357448
2025-10-06,China,Asia,3795,2330,1.8330899458904395
2025-10-06,Venezuela,South America,3529,1672,2.1992529228127915
2025-10-06,Nigeria,Africa,3437,2714,0.7609608038703379
2025-10-13,United States,North America,104384,43143,9.5065229873396
2025-10-13,Israel,Asia,69492,24620,27.474554428541435
2025-10-13,Russia,Europe,18048,10276,6.179135124070711
2025-10-13,United Kingdom,Europe,15533,5404,1.261909881665754
2025-10-13,Ukraine,Europe,14544,8049,4.384902729789009
2025-10-13,Pakistan,Asia,10700,6336,3.686599341232604
2025-10-13,Australia,Oceania,8329,2184,0.696997964013506
2025-10-13,India,Asia,8287,5846,0.8692588053299272
2025-10-13,Afghanistan,Asia,6800,3669,2.1304894496128
2025-10-13,China,Asia,5745,3205,2.5163212883644888
2025-10-13,France,Europe,5229,2465,2.3385587959545733
2025-10-13,Venezuela,South America,4939,2570,2.887017168603607
2025-10-13,Canada,North America,4481,1786,0.5189478150194261
2025-10-13,Palestine,Asia,3705,1693,0.6413336497941797
2025-10-13,Italy,Europe,3302,1857,0.8750023483194888
2025-10-20,United States,North America,110688,44241,10.416713422098699
2025-10-20,Israel,Asia,33363,15061,15.257439604159137
2025-10-20,Russia,Europe,28392,15347,11.508815298014884
2025-10-20,United Kingdom,Europe,25136,6653,2.5829461396954256
2025-10-20,Ukraine,Europe,18797,9798,6.184827305607362
2025-10-20,France,Europe,9835,3444,3.9605114740543783
2025-10-20,Australia,Oceania,8471,1921,0.7212165795417181
2025-10-20,India,Asia,7149,5004,0.9729186839918829
2025-10-20,Canada,North America,7040,2307,0.7830591660495555
2025-10-20,Colombia,South America,6240,2997,2.3975241665621136
2025-10-20,Ireland,Europe,5735,1715,1.022415139370343
2025-10-20,Mexico,North America,4437,2138,0.6923848853943941
2025-10-20,Pakistan,Asia,4374,2616,1.0885698912252149
2025-10-20,Nigeria,Africa,4157,3299,1.0816778520227683
2025-10-20,Venezuela,South America,4137,1995,1.6372538228057032
2025-10-27,United States,North America,98363,42002,9.288723530871792
2025-10-27,Israel,Asia,34388,15503,17.486982455014598
2025-10-27,United Kingdom,Europe,19712,6934,2.2717793875651977
2025-10-27,Russia,Europe,19632,11989,7.9901873488330954
2025-10-27,Ukraine,Europe,14937,8562,5.090964028857848
2025-10-27,Australia,Oceania,9409,2250,1.2766145060889795
2025-10-27,India,Asia,9344,6379,0.986597339492645
2025-10-27,Brazil,South America,8260,3917,3.8700547761887925
2025-10-27,France,Europe,7928,2833,2.1024098373799722
2025-10-27,Sudan,Africa,7001,3536,4.397622609290404
2025-10-27,China,Asia,5536,2822,2.6562159122244537
2025-10-27,Nigeria,Africa,4833,3323,1.4296445631112438
2025-10-27,Pakistan,Asia,4652,3031,1.6193107464792624
2025-10-27,Canada,North America,4546,2197,0.5298070918060973
2025-10-27,Venezuela,South America,4247,2449,2.8421424611418904
2025-11-03,United States,North America,97751,39960,12.185397120302026
2025-11-03,Israel,Asia,26184,13446,12.565308389108383
2025-11-03,Russia,Europe,17952,10161,6.740576128818786
2025-11-03,United Kingdom,Europe,15862,5883,1.9582714956547402
2025-11-03,Ukraine,Europe,14093,7646,5.655004126453116
2025-11-03,Mexico,North America,9556,4221,2.867033450398421
2025-11-03,India,Asia,7221,5227,0.8230991652084713
2025-11-03,Australia,Oceania,6155,1923,1.0449528168859334
2025-11-03,Nigeria,Africa,5613,4079,1.3831516766297047
2025-11-03,Pakistan,Asia,4794,2576,1.3048110685634662
2025-11-03,Canada,North America,4739,2210,0.6027976168733641
2025-11-03,France,Europe,4534,2218,3.005248998272724
2025-11-03,Germany,Europe,4074,1985,1.8597414179719942
2025-11-03,Sudan,Africa,4058,2499,3.918240967505331
2025-11-03,China,Asia,3298,2229,2.006976372527741
2025-11-10,United States,North America,94791,37883,11.993035707094338
2025-11-10,Israel,Asia,20307,11256,10.836851603997312
2025-11-10,Russia,Europe,16214,9924,8.430527880956388
2025-11-10,United Kingdom,Europe,14625,5624,2.6756109956794814
2025-11-10,India,Asia,13689,8946,2.3036996226983955
2025-11-10,Ukraine,Europe,13256,7744,5.160869612356946
2025-11-10,Australia,Oceania,6707,1911,0.7242969837778649
2025-11-10,Pakistan,Asia,6153,3292,2.225752465749118
2025-11-10,Mexico,North America,4804,2986,1.6305677754259706
2025-11-10,Canada,North America,4559,2033,0.538449585897372
2025-11-10,France,Europe,4075,2260,2.1298460701854065
2025-11-10,Germany,Europe,3930,1622,1.2603535397177683
2025-11-10,Venezuela,South America,3908,2074,2.1000946219200385
2025-11-10,China,Asia,3873,2322,2.703434431980664
2025-11-10,Nigeria,Africa,3276,2830,1.2626919937455299
2025-11-17,United States,North America,104897,41002,9.301887375129295
2025-11-17,Israel,Asia,30301,13954,13.867308839267452
2025-11-17,Russia,Europe,20350,11824,9.334137606199493
2025-11-17,Ukraine,Europe,17464,9859,6.417772818023761
2025-11-17,Nigeria,Africa,15335,9050,5.44048305051961
2025-11-17,United Kingdom,Europe,12739,4748,1.6980130388115637
2025-11-17,India,Asia,10040,7124,1.5077831708999498
2025-11-17,Bangladesh,Asia,8939,4083,3.3392284112006743
2025-11-17,Australia,Oceania,8841,2508,0.9771132035557961
2025-11-17,Brazil,South America,5601,2170,2.5885711321436395
2025-11-17,Canada,North America,4812,2250,0.5356829412949331
2025-11-17,Mexico,North America,4792,3025,1.158089842177479
2025-11-17,China,Asia,4651,2490,1.6263045492068204
2025-11-17,Lebanon,Asia,4111,1697,1.2818355276164175
2025-11-17,Venezuela,South America,3615,1876,2.9605944498005323
2025-11-24,United States,North America,97162,36307,14.132454292036353
2025-11-24,Israel,Asia,29073,12818,11.884866841770366
2025-11-24,Russia,Europe,19048,10859,8.9591690366154
2025-11-24,Ukraine,Europe,16915,8819,6.8587869090382725
2025-11-24,United Kingdom,Europe,10791,4787,1.362997805633206
2025-11-24,Afghanistan,Asia,10455,3839,1.8567223673827409
2025-11-24,Australia,Oceania,10108,2662,1.1659456880711574
2025-11-24,Nigeria,Africa,10055,6758,2.3153558865968638
2025-11-24,India,Asia,7642,5506,0.912370666772344
2025-11-24,Venezuela,South America,7134,3335,3.888683692511261
2025-11-24,Brazil,South America,4762,2092,1.9103484011427563
2025-11-24,Pakistan,Asia,4604,3154,1.5681697446653184
2025-11-24,Canada,North America,4391,2082,0.5298172754791997
2025-11-24,France,Europe,4024,1942,1.4782307900562117
2025-11-24,China,Asia,3488,1964,2.4134732187195493
2025-12-01,United States,North America,109253,39559,14.101035381593064
2025-12-01,Israel,Asia,22029,11396,10.849543909567307
2025-12-01,Russia,Europe,19720,11466,9.190823174045414
2025-12-01,Ukraine,Europe,15655,8234,6.643909346817514
2025-12-01,United Kingdom,Europe,11132,4651,1.6321119414051577
2025-12-01,Australia,Oceania,11006,2607,1.1159867468106408
2025-12-01,Afghanistan,Asia,9314,2678,1.227589553640105
2025-12-01,India,Asia,8056,5167,1.4527853616369635
2025-12-01,Venezuela,South America,5585,3019,3.7020834311022828
2025-12-01,Nigeria,Africa,4380,3656,1.0637591268735753
2025-12-01,Mexico,North America,4352,1924,0.6785183571279044
2025-12-01,Pakistan,Asia,4165,3058,1.4607941701889984
2025-12-01,Canada,North America,3984,1852,0.4668523466382227
2025-12-01,China,Asia,3712,2100,2.623823527467418
2025-12-01,France,Europe,3558,1542,1.1762550122486022
2025-12-08,United States,North America,104914,40834,10.501240456148144
2025-12-08,Australia,Oceania,34977,6899,6.630455095226817
2025-12-08,Russia,Europe,18345,10304,7.373326264360109
2025-12-08,Ukraine,Europe,17566,8020,5.233529089464446
2025-12-08,Israel,Asia,17057,9641,8.270225187272896
2025-12-08,United Kingdom,Europe,12524,5094,1.83105493629528
2025-12-08,Thailand,Asia,9452,4516,6.36043841860992
2025-12-08,Syria,Asia,8136,2689,2.0739729100330235
2025-12-08,India,Asia,7365,5142,0.9506646209849533
2025-12-08,Cambodia,Asia,6398,3364,4.103078368310084
2025-12-08,Venezuela,South America,6022,2918,4.667115891809513
2025-12-08,Canada,North America,4470,2146,0.5031136509853453
2025-12-08,Nigeria,Africa,4395,3007,0.81572053670286
2025-12-08,China,Asia,3642,2152,1.3756096512932454
2025-12-08,Pakistan,Asia,3193,2349,0.9166634740138645
2025-12-15,United States,North America,127518,46901,17.286236195788323
2025-12-15,Australia,Oceania,60920,13520,11.286911216711223
2025-12-15,Israel,Asia,18474,9306,6.1033528857641395
2025-12-15,Russia,Europe,17561,10109,8.320929676234494
2025-12-15,United Kingdom,Europe,16990,4878,1.2179602458828078
2025-12-15,Ukraine,Europe,12850,7087,4.886181970667154
2025-12-15,Syria,Asia,8364,3119,2.7347954616183174
2025-12-15,India,Asia,7154,5308,0.8766480172155353
2025-12-15,Venezuela,South America,6672,2993,3.3655260559937497
2025-12-15,Bangladesh,Asia,5671,3267,1.9205727086004318
2025-12-15,Canada,North America,4252,2066,0.4284479509163828
2025-12-15,Portugal,Europe,4202,1070,0.6209935763336708
2025-12-15,Pakistan,Asia,3677,2491,0.9482597653015388
2025-12-15,China,Asia,3621,2065,1.195466509746556
2025-12-15,France,Europe,3446,1884,1.5036725994487135
2025-12-22,United States,North America,64123,29995,11.161906523386715
2025-12-22,Russia,Europe,24299,12100,12.564635765771579
2025-12-22,Israel,Asia,20978,10240,9.169896726034208
2025-12-22,Ukraine,Europe,17974,8984,7.791119404132577
2025-12-22,United Kingdom,Europe,14598,4518,2.088815650733346
2025-12-22,Nigeria,Africa,12910,5217,5.78997740511494
2025-12-22,Australia,Oceania,11943,3179,2.66134542618654
2025-12-22,India,Asia,8873,6189,1.0495624534716428
2025-12-22,Syria,Asia,6788,2669,4.901896954435622
2025-12-22,Bangladesh,Asia,6067,3686,1.381368751926367
2025-12-22,France,Europe,3151,1468,1.1778125363907717
2025-12-22,Thailand,Asia,3072,1207,2.0018409034197506
2025-12-22,Canada,North America,3066,1404,0.4061641708059886
2025-12-22,Venezuela,South America,2952,1716,2.323723874317593
2025-12-22,Pakistan,Asia,2737,2038,0.8953753585851433
2025-12-29,United States,North America,87671,35061,14.556905862829844
2025-12-29,Venezuela,South America,40031,12370,20.36516281841429
2025-12-29,Ukraine,Europe,17883,9461,10.281780378184958
2025-12-29,Russia,Europe,16614,9520,7.526628337275009
2025-12-29,Israel,Asia,15096,7689,7.183383048222464
2025-12-29,Australia,Oceania,8347,1934,1.0452428611801379
2025-12-29,United Kingdom,Europe,7780,3006,0.9184529223491816
2025-12-29,India,Asia,7636,5568,1.150300050190014
2025-12-29,Iran,Asia,6814,3302,3.5024051387679025
2025-12-29,China,Asia,6340,2890,2.9711143763635697
2025-12-29,Bangladesh,Asia,4191,2305,1.081342511673586
2025-12-29,Turkey,Asia,4065,2264,1.9943630372381749
2025-12-29,Nigeria,Africa,3903,2915,1.0574314285689328
2025-12-29,Mexico,North America,2902,1570,0.6827433342865573
2025-12-29,Switzerland,Europe,2704,867,0.7924604777462915
2026-01-05,United States,North America,136947,52653,21.983081328249973
2026-01-05,Venezuela,South America,40249,17760,19.404838072082065
2026-01-05,Iran,Asia,17571,6876,6.704221725067743
2026-01-05,Russia,Europe,15155,8485,6.057769578232728
2026-01-05,Ukraine,Europe,15144,7728,6.069425678135139
2026-01-05,Israel,Asia,13012,7726,3.9971995938079794
2026-01-05,Australia,Oceania,13002,2461,1.0222752467746943
2026-01-05,United Kingdom,Europe,10970,4333,1.2567901651492879
2026-01-05,Syria,Asia,8159,3880,4.956898554909337
2026-01-05,India,Asia,7586,5474,0.6969071620446691
2026-01-05,Cuba,North America,5591,1888,1.2632304479460408
2026-01-05,France,Europe,5330,2317,1.8421607885883278
2026-01-05,China,Asia,4478,2599,1.65464839813098
2026-01-05,Nigeria,Africa,4412,3182,1.1190443635856089
2026-01-05,Canada,North America,4234,1936,0.43578022933264055
2026-01-12,United States,North America,113405,46503,15.210910185992326
2026-01-12,Iran,Asia,29633,13666,17.141385707166908
2026-01-12,United Kingdom,Europe,14819,5353,1.541626254143938
2026-01-12,Israel,Asia,14695,8099,4.353652417816536
2026-01-12,Venezuela,South America,13742,5518,4.868924796110863
2026-01-12,Russia,Europe,13534,7961,5.563813047992536
2026-01-12,Australia,Oceania,12326,2747,1.112059330177069
2026-01-12,Ukraine,Europe,10447,6074,4.083877325142588
2026-01-12,India,Asia,6483,4891,0.796653754955306
2026-01-12,Denmark,Europe,5501,2036,1.8129146539107373
2026-01-12,Greenland,North America,4947,2183,1.6787561103425157
2026-01-12,Canada,North America,4550,2270,0.5041649708139615
2026-01-12,China,Asia,4282,2317,1.5099757981872046
2026-01-12,Syria,Asia,3905,2380,2.6783842080106024
2026-01-12,France,Europe,3643,1559,1.112495202360106
