mention_week,conflict_country_name,material_conflict_mentions
2015-02-16,United States,98192
2015-02-16,Ukraine,22242
2015-02-16,Syria,15591
2015-02-16,Russia,12586
2015-02-16,Australia,12322
2015-02-16,Libya,12087
2015-02-16,Iraq,12027
2015-02-16,Nigeria,11954
2015-02-16,Egypt,10762
2015-02-16,United Kingdom,10101
2015-02-16,India,9263
2015-02-16,Turkey,8509
2015-02-16,Canada,6125
2015-02-16,Israel,5707
2015-02-16,France,5178
2015-02-16,Afghanistan,4625
2015-02-16,Venezuela,4549
2015-02-16,Yemen,4512
2015-02-16,Somalia,4325
2015-02-16,Pakistan,4151
2015-02-16,Iran,3941
2015-02-16,Mexico,3753
2015-02-16,China,3550
2015-02-16,Germany,3249
2015-02-16,Denmark,3003
2015-02-23,United States,220589
2015-02-23,Russia,50240
2015-02-23,Syria,41214
2015-02-23,Iraq,36043
2015-02-23,Ukraine,29132
2015-02-23,Australia,26434
2015-02-23,United Kingdom,23017
2015-02-23,Egypt,21184
2015-02-23,Nigeria,19563
2015-02-23,Israel,18868
2015-02-23,Turkey,17631
2015-02-23,France,14388
2015-02-23,Venezuela,12849
2015-02-23,Bangladesh,11883
2015-02-23,Mexico,11881
2015-02-23,India,10859
2015-02-23,Afghanistan,10829
2015-02-23,Iran,9313
2015-02-23,Pakistan,9162
2015-02-23,China,9030
2015-02-23,Canada,8293
2015-02-23,Germany,7882
2015-02-23,Indonesia,7712
2015-02-23,Philippines,6718
2015-02-23,Libya,6513
2015-03-02,United States,237230
2015-03-02,Russia,48205
2015-03-02,Iraq,37647
2015-03-02,Syria,28358
2015-03-02,Australia,25787
2015-03-02,Ukraine,25136
2015-03-02,United Kingdom,24762
2015-03-02,India,22062
2015-03-02,Israel,19839
2015-03-02,France,15175
2015-03-02,Egypt,14983
2015-03-02,Nigeria,14512
2015-03-02,Indonesia,13834
2015-03-02,Iran,13549
2015-03-02,Canada,12469
2015-03-02,Mexico,11490
2015-03-02,South Korea,10973
2015-03-02,Turkey,9558
2015-03-02,China,9020
2015-03-02,Libya,8019
2015-03-02,Yemen,7977
2015-03-02,Afghanistan,7126
2015-03-02,Pakistan,7095
2015-03-02,Mali,5988
2015-03-02,Venezuela,5897
2015-03-09,United States,241638
2015-03-09,Iraq,49619
2015-03-09,Syria,32104
2015-03-09,Russia,26761
2015-03-09,India,24248
2015-03-09,Pakistan,22923
2015-03-09,Australia,22732
2015-03-09,United Kingdom,19413
2015-03-09,Nigeria,15473
2015-03-09,Ukraine,15242
2015-03-09,France,15241
2015-03-09,Egypt,14141
2015-03-09,Israel,13974
2015-03-09,Turkey,12430
2015-03-09,China,10537
2015-03-09,Iran,10355
2015-03-09,Mexico,10307
2015-03-09,Canada,9873
2015-03-09,Venezuela,8924
2015-03-09,Libya,8466
2015-03-09,Afghanistan,8066
2015-03-09,Germany,7722
2015-03-09,Japan,5898
2015-03-09,Philippines,5809
2015-03-09,Indonesia,5802
2015-03-16,United States,254968
2015-03-16,Tunisia,53783
2015-03-16,Yemen,28897
2015-03-16,Pakistan,25481
2015-03-16,Syria,25295
2015-03-16,India,24695
2015-03-16,Australia,24401
2015-03-16,Iraq,21611
2015-03-16,Russia,20974
2015-03-16,United Kingdom,20244
2015-03-16,Israel,16857
2015-03-16,Ukraine,15506
2015-03-16,Libya,13570
2015-03-16,France,12985
2015-03-16,Afghanistan,11225
2015-03-16,Spain,10747
2015-03-16,Nigeria,10503
2015-03-16,Egypt,10178
2015-03-16,Turkey,9886
2015-03-16,Canada,9514
2015-03-16,Germany,9356
2015-03-16,Italy,8979
2015-03-16,China,8608
2015-03-16,Iran,8407
2015-03-16,Mexico,7146
2015-03-23,United States,218574
2015-03-23,Yemen,42815
2015-03-23,United Kingdom,24360
2015-03-23,Saudi Arabia,22885
2015-03-23,Syria,22772
2015-03-23,Nigeria,22362
2015-03-23,Iraq,20977
2015-03-23,Italy,20283
2015-03-23,Afghanistan,19634
2015-03-23,Australia,18721
2015-03-23,India,16871
2015-03-23,Pakistan,15625
2015-03-23,Ukraine,13850
2015-03-23,Russia,13513
2015-03-23,France,13471
2015-03-23,Iran,12637
2015-03-23,Israel,11647
2015-03-23,Canada,9746
2015-03-23,Tunisia,9656
2015-03-23,Germany,8532
2015-03-23,Spain,8047
2015-03-23,Egypt,7855
2015-03-23,China,7717
2015-03-23,Turkey,7640
2015-03-23,Somalia,6804
2015-03-30,United States,199901
2015-03-30,Kenya,61008
2015-03-30,Yemen,37011
2015-03-30,Syria,26394
2015-03-30,Saudi Arabia,26015
2015-03-30,Turkey,22564
2015-03-30,Israel,21165
2015-03-30,Somalia,20167
2015-03-30,Australia,20107
2015-03-30,Iraq,20073
2015-03-30,Iran,17959
2015-03-30,United Kingdom,16098
2015-03-30,India,14696
2015-03-30,China,13438
2015-03-30,Ukraine,13411
2015-03-30,Egypt,12886
2015-03-30,Nigeria,12688
2015-03-30,Russia,12592
2015-03-30,France,11762
2015-03-30,Pakistan,10169
2015-03-30,Canada,9976
2015-03-30,Germany,8700
2015-03-30,Bangladesh,7609
2015-03-30,Indonesia,6786
2015-03-30,Afghanistan,5885
2015-04-06,United States,258132
2015-04-06,Syria,27477
2015-04-06,Yemen,25881
2015-04-06,Kenya,23850
2015-04-06,Australia,20326
2015-04-06,India,20029
2015-04-06,Pakistan,18594
2015-04-06,Turkey,18330
2015-04-06,Egypt,18209
2015-04-06,Saudi Arabia,17307
2015-04-06,Iraq,17008
2015-04-06,Afghanistan,15878
2015-04-06,Russia,14740
2015-04-06,Ukraine,13862
2015-04-06,United Kingdom,13859
2015-04-06,Israel,13730
2015-04-06,Iran,13652
2015-04-06,Italy,10364
2015-04-06,France,9669
2015-04-06,Canada,9512
2015-04-06,Somalia,9415
2015-04-06,Mexico,8676
2015-04-06,China,8538
2015-04-06,Nigeria,7443
2015-04-06,Venezuela,5000
2015-04-13,United States,234949
2015-04-13,Iraq,46449
2015-04-13,Australia,27866
2015-04-13,Yemen,22379
2015-04-13,Ukraine,20884
2015-04-13,Syria,19723
2015-04-13,Russia,19394
2015-04-13,United Kingdom,16557
2015-04-13,India,15729
2015-04-13,Pakistan,14645
2015-04-13,Nigeria,14131
2015-04-13,Saudi Arabia,13108
2015-04-13,Iran,12235
2015-04-13,Israel,11353
2015-04-13,Turkey,10427
2015-04-13,France,9992
2015-04-13,Afghanistan,9893
2015-04-13,China,9536
2015-04-13,South Africa,9529
2015-04-13,Egypt,8099
2015-04-13,Canada,8027
2015-04-13,Libya,7358
2015-04-13,Italy,6872
2015-04-13,Indonesia,6569
2015-04-13,Mexico,6230
2015-04-20,United States,239721
2015-04-20,Australia,30903
2015-04-20,Syria,29570
2015-04-20,Iraq,23811
2015-04-20,Yemen,22519
2015-04-20,United Kingdom,20070
2015-04-20,Turkey,19112
2015-04-20,Pakistan,19108
2015-04-20,Israel,19016
2015-04-20,Egypt,18162
2015-04-20,Italy,17947
2015-04-20,Indonesia,17125
2015-04-20,Iran,15195
2015-04-20,Russia,14980
2015-04-20,Ukraine,14240
2015-04-20,Saudi Arabia,13687
2015-04-20,France,13179
2015-04-20,Somalia,11602
2015-04-20,India,11501
2015-04-20,Libya,11003
2015-04-20,Afghanistan,10687
2015-04-20,Armenia,10353
2015-04-20,China,9522
2015-04-20,South Africa,9459
2015-04-20,Canada,9188
2015-04-27,United States,291392
2015-04-27,Australia,36462
2015-04-27,Indonesia,33316
2015-04-27,Syria,32022
2015-04-27,Nigeria,20807
2015-04-27,United Kingdom,17752
2015-04-27,Yemen,17626
2015-04-27,Saudi Arabia,17253
2015-04-27,Pakistan,16352
2015-04-27,Nepal,16313
2015-04-27,Iraq,16165
2015-04-27,Israel,15853
2015-04-27,Ukraine,15090
2015-04-27,Mexico,13806
2015-04-27,Iran,12400
2015-04-27,Russia,11836
2015-04-27,Turkey,11673
2015-04-27,India,9972
2015-04-27,Afghanistan,9867
2015-04-27,France,9776
2015-04-27,Canada,8865
2015-04-27,South Korea,8145
2015-04-27,Burundi,7068
2015-04-27,China,6929
2015-04-27,Germany,6594
2015-05-04,United States,315083
2015-05-04,Syria,30065
2015-05-04,United Kingdom,29550
2015-05-04,Australia,21389
2015-05-04,Iraq,19200
2015-05-04,Yemen,18765
2015-05-04,Canada,16998
2015-05-04,Saudi Arabia,15111
2015-05-04,Israel,14581
2015-05-04,France,14120
2015-05-04,India,13942
2015-05-04,Russia,13637
2015-05-04,Pakistan,12835
2015-05-04,Ukraine,12402
2015-05-04,Egypt,12224
2015-05-04,Afghanistan,11176
2015-05-04,Turkey,10140
2015-05-04,Iran,9840
2015-05-04,Mexico,9420
2015-05-04,Nigeria,9325
2015-05-04,China,8888
2015-05-04,Germany,8595
2015-05-04,North Macedonia,8386
2015-05-04,Lebanon,7362
2015-05-04,Indonesia,6076
2015-05-11,United States,275187
2015-05-11,Syria,37424
2015-05-11,Iraq,33071
2015-05-11,Afghanistan,30635
2015-05-11,Egypt,23564
2015-05-11,Russia,22588
2015-05-11,Pakistan,22226
2015-05-11,United Kingdom,19673
2015-05-11,Australia,17571
2015-05-11,Yemen,15186
2015-05-11,Ukraine,14810
2015-05-11,Israel,13986
2015-05-11,Saudi Arabia,13956
2015-05-11,India,11781
2015-05-11,Iran,11070
2015-05-11,Canada,10883
2015-05-11,Nigeria,9949
2015-05-11,Burundi,9611
2015-05-11,China,9018
2015-05-11,Turkey,8895
2015-05-11,Bangladesh,8750
2015-05-11,France,7390
2015-05-11,Mexico,6839
2015-05-11,Nepal,5660
2015-05-11,Lebanon,5359
2015-05-18,United States,288511
2015-05-18,Iraq,43867
2015-05-18,Syria,38910
2015-05-18,Australia,19957
2015-05-18,United Kingdom,19540
2015-05-18,Ukraine,19109
2015-05-18,Russia,17582
2015-05-18,Mexico,17316
2015-05-18,Saudi Arabia,15392
2015-05-18,India,13372
2015-05-18,Afghanistan,12555
2015-05-18,Israel,12202
2015-05-18,Yemen,11183
2015-05-18,Pakistan,11016
2015-05-18,Libya,10996
2015-05-18,France,10101
2015-05-18,Burundi,9895
2015-05-18,Nigeria,9586
2015-05-18,Egypt,9336
2015-05-18,Iran,9033
2015-05-18,China,8564
2015-05-18,Canada,8021
2015-05-18,Italy,7158
2015-05-18,Tunisia,7021
2015-05-18,Turkey,6340
2015-05-25,United States,215843
2015-05-25,Syria,34968
2015-05-25,Iraq,32707
2015-05-25,Australia,20671
2015-05-25,Israel,20233
2015-05-25,Russia,19004
2015-05-25,Afghanistan,18364
2015-05-25,Saudi Arabia,15433
2015-05-25,Ukraine,14573
2015-05-25,Yemen,14533
2015-05-25,Pakistan,14495
2015-05-25,United Kingdom,13656
2015-05-25,Mexico,12815
2015-05-25,Nigeria,11755
2015-05-25,India,11466
2015-05-25,China,11123
2015-05-25,Iran,10839
2015-05-25,Egypt,9785
2015-05-25,Canada,9608
2015-05-25,Turkey,8389
2015-05-25,France,8377
2015-05-25,Bangladesh,5419
2015-05-25,Libya,5349
2015-05-25,Thailand,4873
2015-05-25,Kenya,4463
2015-06-01,United States,220768
2015-06-01,Iraq,31521
2015-06-01,Syria,28195
2015-06-01,Ukraine,24326
2015-06-01,China,22990
2015-06-01,India,20240
2015-06-01,Israel,19993
2015-06-01,Australia,19365
2015-06-01,Russia,18348
2015-06-01,Saudi Arabia,16696
2015-06-01,United Kingdom,13957
2015-06-01,Egypt,13768
2015-06-01,Pakistan,12571
2015-06-01,Canada,12145
2015-06-01,Turkey,11927
2015-06-01,Yemen,11801
2015-06-01,Nigeria,10411
2015-06-01,Afghanistan,10113
2015-06-01,Mexico,9203
2015-06-01,France,8760
2015-06-01,Germany,6568
2015-06-01,Iran,6432
2015-06-01,Italy,5556
2015-06-01,Bangladesh,3551
2015-06-01,Lebanon,3459
2015-06-08,United States,293769
2015-06-08,Syria,30591
2015-06-08,Iraq,21340
2015-06-08,India,21331
2015-06-08,Israel,20862
2015-06-08,Australia,20758
2015-06-08,Egypt,18721
2015-06-08,United Kingdom,18509
2015-06-08,Ukraine,18312
2015-06-08,Canada,17627
2015-06-08,Pakistan,15482
2015-06-08,France,14962
2015-06-08,Russia,13878
2015-06-08,Afghanistan,11824
2015-06-08,South Africa,10983
2015-06-08,Turkey,10904
2015-06-08,China,10781
2015-06-08,Yemen,10025
2015-06-08,Angola,9729
2015-06-08,Nigeria,8865
2015-06-08,Mexico,8418
2015-06-08,Germany,8404
2015-06-08,Saudi Arabia,7738
2015-06-08,Iran,6709
2015-06-08,Libya,5827
2015-06-15,United States,360502
2015-06-15,Syria,29343
2015-06-15,Iraq,21305
2015-06-15,Australia,20470
2015-06-15,Israel,20175
2015-06-15,Egypt,18553
2015-06-15,Libya,18322
2015-06-15,United Kingdom,18091
2015-06-15,Yemen,17050
2015-06-15,Russia,15807
2015-06-15,Ukraine,15408
2015-06-15,India,13887
2015-06-15,France,12133
2015-06-15,Turkey,12108
2015-06-15,Pakistan,11956
2015-06-15,Canada,11942
2015-06-15,Nigeria,11051
2015-06-15,China,10898
2015-06-15,Germany,10814
2015-06-15,Saudi Arabia,10656
2015-06-15,Afghanistan,9264
2015-06-15,Ireland,8661
2015-06-15,Algeria,7656
2015-06-15,Kenya,7406
2015-06-15,South Africa,7068
2015-06-22,United States,415312
2015-06-22,Tunisia,52109
2015-06-22,Syria,50695
2015-06-22,France,30642
2015-06-22,United Kingdom,28883
2015-06-22,Israel,26860
2015-06-22,Australia,25806
2015-06-22,Afghanistan,18050
2015-06-22,Russia,15187
2015-06-22,Iraq,14969
2015-06-22,Canada,14830
2015-06-22,Turkey,14795
2015-06-22,Ukraine,13261
2015-06-22,India,13090
2015-06-22,Kuwait,12531
2015-06-22,Egypt,10158
2015-06-22,China,9984
2015-06-22,Nigeria,9967
2015-06-22,Iran,9314
2015-06-22,Saudi Arabia,8726
2015-06-22,Germany,8519
2015-06-22,Greece,7507
2015-06-22,Spain,7189
2015-06-22,Pakistan,7119
2015-06-22,Ireland,6092
2015-06-29,United States,248018
2015-06-29,Egypt,67514
2015-06-29,Syria,40976
2015-06-29,Israel,32110
2015-06-29,Tunisia,29938
2015-06-29,United Kingdom,26630
2015-06-29,Australia,20354
2015-06-29,Nigeria,18867
2015-06-29,Iraq,18849
2015-06-29,Canada,18340
2015-06-29,Afghanistan,16332
2015-06-29,Greece,13073
2015-06-29,Russia,11564
2015-06-29,India,11161
2015-06-29,France,11134
2015-06-29,Pakistan,10240
2015-06-29,Ukraine,10157
2015-06-29,China,9681
2015-06-29,Turkey,9079
2015-06-29,Yemen,9032
2015-06-29,Mexico,8816
2015-06-29,Indonesia,8696
2015-06-29,Libya,7662
2015-06-29,Saudi Arabia,7479
2015-06-29,Iran,7238
2015-07-06,United States,305005
2015-07-06,Syria,37143
2015-07-06,Israel,31625
2015-07-06,United Kingdom,27252
2015-07-06,Australia,24476
2015-07-06,Iraq,21706
2015-07-06,Mexico,21643
2015-07-06,Egypt,20929
2015-07-06,Nigeria,20318
2015-07-06,India,16667
2015-07-06,Ukraine,15617
2015-07-06,Afghanistan,14959
2015-07-06,Russia,14457
2015-07-06,Greece,13537
2015-07-06,China,11801
2015-07-06,Yemen,11796
2015-07-06,Canada,11522
2015-07-06,Turkey,11382
2015-07-06,Pakistan,9909
2015-07-06,Iran,9715
2015-07-06,Germany,9504
2015-07-06,France,8840
2015-07-06,Tunisia,8684
2015-07-06,Saudi Arabia,7902
2015-07-06,Italy,7834
2015-07-13,United States,322745
2015-07-13,Australia,26060
2015-07-13,Ukraine,24645
2015-07-13,Iran,23337
2015-07-13,Iraq,22790
2015-07-13,Syria,20775
2015-07-13,Mexico,20225
2015-07-13,United Kingdom,20147
2015-07-13,Egypt,19180
2015-07-13,Israel,18285
2015-07-13,China,17971
2015-07-13,Russia,15569
2015-07-13,India,15157
2015-07-13,Greece,13266
2015-07-13,Nigeria,12997
2015-07-13,Pakistan,12665
2015-07-13,Saudi Arabia,12513
2015-07-13,France,12139
2015-07-13,Yemen,10671
2015-07-13,Afghanistan,10178
2015-07-13,Canada,9381
2015-07-13,Germany,9281
2015-07-13,Italy,8149
2015-07-13,Turkey,6745
2015-07-13,Ireland,5499
2015-07-20,United States,307747
2015-07-20,Turkey,78131
2015-07-20,Syria,48116
2015-07-20,Israel,26063
2015-07-20,Australia,22453
2015-07-20,Iraq,22136
2015-07-20,United Kingdom,17281
2015-07-20,Ukraine,16263
2015-07-20,Yemen,15379
2015-07-20,Russia,13850
2015-07-20,Afghanistan,13090
2015-07-20,India,12847
2015-07-20,Kenya,12557
2015-07-20,Iran,11436
2015-07-20,France,11222
2015-07-20,Nigeria,10607
2015-07-20,China,10498
2015-07-20,Egypt,10461
2015-07-20,Canada,8840
2015-07-20,Saudi Arabia,8419
2015-07-20,Pakistan,7458
2015-07-20,Cuba,7134
2015-07-20,Mexico,7059
2015-07-20,Jordan,6980
2015-07-20,Italy,6420
2015-07-27,United States,306462
2015-07-27,Turkey,68899
2015-07-27,Israel,55245
2015-07-27,Syria,34258
2015-07-27,Zimbabwe,26729
2015-07-27,Pakistan,25310
2015-07-27,India,24769
2015-07-27,Australia,23031
2015-07-27,Iraq,22764
2015-07-27,Russia,20426
2015-07-27,Ukraine,19585
2015-07-27,Afghanistan,18964
2015-07-27,United Kingdom,16688
2015-07-27,Libya,15677
2015-07-27,Yemen,13115
2015-07-27,Egypt,12907
2015-07-27,Nigeria,12131
2015-07-27,China,11860
2015-07-27,Iran,9776
2015-07-27,Palestine,9208
2015-07-27,Canada,9065
2015-07-27,Mexico,8744
2015-07-27,France,8561
2015-07-27,Saudi Arabia,7362
2015-07-27,Germany,5759
2015-08-03,United States,269586
2015-08-03,Israel,34230
2015-08-03,Syria,30014
2015-08-03,Turkey,29158
2015-08-03,Afghanistan,19405
2015-08-03,Pakistan,18332
2015-08-03,Iraq,18137
2015-08-03,India,17708
2015-08-03,Australia,16609
2015-08-03,Russia,15640
2015-08-03,Egypt,15329
2015-08-03,United Kingdom,14980
2015-08-03,Saudi Arabia,12867
2015-08-03,Ukraine,12279
2015-08-03,China,11124
2015-08-03,Yemen,11092
2015-08-03,Germany,9519
2015-08-03,Mexico,8786
2015-08-03,Zimbabwe,8602
2015-08-03,Iran,8447
2015-08-03,Nigeria,7963
2015-08-03,Japan,7808
2015-08-03,Palestine,7251
2015-08-03,France,7029
2015-08-03,Bangladesh,6965
2015-08-10,United States,302426
2015-08-10,Turkey,52132
2015-08-10,Syria,37029
2015-08-10,Iraq,26423
2015-08-10,Australia,20732
2015-08-10,Ukraine,20411
2015-08-10,Pakistan,19466
2015-08-10,Israel,19322
2015-08-10,United Kingdom,19222
2015-08-10,Egypt,17267
2015-08-10,China,16669
2015-08-10,Russia,15890
2015-08-10,India,14689
2015-08-10,Afghanistan,11710
2015-08-10,Iran,10980
2015-08-10,Canada,9061
2015-08-10,Mexico,8772
2015-08-10,Yemen,8136
2015-08-10,France,8091
2015-08-10,Libya,8051
2015-08-10,Nigeria,7559
2015-08-10,Japan,7516
2015-08-10,Germany,7511
2015-08-10,Bangladesh,7060
2015-08-10,Sweden,6745
2015-08-17,United States,253062
2015-08-17,Syria,33024
2015-08-17,Australia,27044
2015-08-17,South Korea,26760
2015-08-17,United Kingdom,24233
2015-08-17,Israel,22659
2015-08-17,Thailand,22523
2015-08-17,Turkey,22272
2015-08-17,Pakistan,18591
2015-08-17,India,17826
2015-08-17,France,17761
2015-08-17,Russia,17684
2015-08-17,Iraq,17344
2015-08-17,Yemen,16426
2015-08-17,Egypt,16312
2015-08-17,North Korea,16255
2015-08-17,Ukraine,15913
2015-08-17,Afghanistan,13683
2015-08-17,China,12366
2015-08-17,South Africa,10144
2015-08-17,Iran,9424
2015-08-17,Germany,9260
2015-08-17,Nigeria,8743
2015-08-17,Lebanon,8317
2015-08-17,Saudi Arabia,8119
2015-08-24,United States,329447
2015-08-24,Australia,32442
2015-08-24,Egypt,27917
2015-08-24,Syria,24737
2015-08-24,India,22912
2015-08-24,Russia,20835
2015-08-24,Turkey,19508
2015-08-24,United Kingdom,18508
2015-08-24,Ukraine,17896
2015-08-24,Israel,16936
2015-08-24,Pakistan,16571
2015-08-24,Iraq,16480
2015-08-24,Afghanistan,16091
2015-08-24,Yemen,14651
2015-08-24,Hungary,14278
2015-08-24,Saudi Arabia,12834
2015-08-24,Lebanon,11050
2015-08-24,China,11027
2015-08-24,Germany,10870
2015-08-24,Canada,10114
2015-08-24,France,9961
2015-08-24,Venezuela,9883
2015-08-24,Iran,9784
2015-08-24,Nigeria,8703
2015-08-24,Colombia,8322
2015-08-31,United States,274894
2015-08-31,Syria,38170
2015-08-31,Turkey,29380
2015-08-31,Australia,26346
2015-08-31,Yemen,24325
2015-08-31,United Kingdom,21207
2015-08-31,Ukraine,18392
2015-08-31,India,16861
2015-08-31,Russia,15274
2015-08-31,Pakistan,14008
2015-08-31,Israel,13957
2015-08-31,Hungary,13697
2015-08-31,Iraq,12040
2015-08-31,China,10922
2015-08-31,France,10792
2015-08-31,Germany,10661
2015-08-31,Saudi Arabia,10141
2015-08-31,Thailand,9865
2015-08-31,Guatemala,9343
2015-08-31,Egypt,9304
2015-08-31,Canada,8860
2015-08-31,Afghanistan,8551
2015-08-31,Mexico,8538
2015-08-31,Nigeria,8371
2015-08-31,Venezuela,7717
2015-09-07,United States,210750
2015-09-07,Turkey,42381
2015-09-07,Syria,36167
2015-09-07,United Kingdom,24564
2015-09-07,Australia,22837
2015-09-07,Russia,20339
2015-09-07,India,19600
2015-09-07,Israel,18210
2015-09-07,Iraq,15212
2015-09-07,Yemen,15123
2015-09-07,Saudi Arabia,13964
2015-09-07,Pakistan,13864
2015-09-07,Ukraine,12299
2015-09-07,Venezuela,12036
2015-09-07,Germany,12034
2015-09-07,Egypt,10683
2015-09-07,Hungary,10046
2015-09-07,China,9843
2015-09-07,Austria,9004
2015-09-07,France,8697
2015-09-07,Afghanistan,8271
2015-09-07,Iran,8101
2015-09-07,Canada,7973
2015-09-07,Mexico,7499
2015-09-07,Italy,7438
2015-09-14,United States,309599
2015-09-14,Hungary,43242
2015-09-14,Israel,37554
2015-09-14,Syria,35684
2015-09-14,Egypt,28400
2015-09-14,Pakistan,26298
2015-09-14,Australia,24163
2015-09-14,Germany,21466
2015-09-14,United Kingdom,19811
2015-09-14,Russia,19628
2015-09-14,Serbia,18681
2015-09-14,Mexico,17683
2015-09-14,Turkey,16915
2015-09-14,India,15733
2015-09-14,Croatia,15067
2015-09-14,Afghanistan,14262
2015-09-14,Iraq,13882
2015-09-14,Yemen,13755
2015-09-14,Ukraine,12107
2015-09-14,Canada,10696
2015-09-14,Saudi Arabia,10144
2015-09-14,Austria,8777
2015-09-14,France,8004
2015-09-14,Venezuela,7386
2015-09-14,Nigeria,6765
2015-09-21,United States,200674
2015-09-21,Syria,27884
2015-09-21,Saudi Arabia,25506
2015-09-21,Israel,23691
2015-09-21,Russia,23328
2015-09-21,Australia,22265
2015-09-21,Hungary,15777
2015-09-21,United Kingdom,15686
2015-09-21,Yemen,15080
2015-09-21,India,14817
2015-09-21,Egypt,13281
2015-09-21,Ukraine,13249
2015-09-21,Turkey,12609
2015-09-21,Canada,12312
2015-09-21,France,12042
2015-09-21,China,11778
2015-09-21,Iran,9896
2015-09-21,Mexico,9514
2015-09-21,Pakistan,9387
2015-09-21,Croatia,9127
2015-09-21,Iraq,9126
2015-09-21,Philippines,8543
2015-09-21,Germany,8163
2015-09-21,Nigeria,8162
2015-09-21,Afghanistan,7444
2015-09-28,United States,365691
2015-09-28,Russia,80783
2015-09-28,Syria,73797
2015-09-28,Afghanistan,57893
2015-09-28,Israel,45588
2015-09-28,Australia,32973
2015-09-28,United Kingdom,18416
2015-09-28,India,16028
2015-09-28,Turkey,15749
2015-09-28,Iraq,15161
2015-09-28,Ukraine,13794
2015-09-28,Iran,13600
2015-09-28,France,12973
2015-09-28,Saudi Arabia,12261
2015-09-28,Yemen,11564
2015-09-28,Canada,10199
2015-09-28,Palestine,9427
2015-09-28,Nigeria,9262
2015-09-28,Pakistan,8752
2015-09-28,China,8430
2015-09-28,Mexico,8286
2015-09-28,Germany,7461
2015-09-28,Italy,6818
2015-09-28,Bangladesh,6417
2015-09-28,Egypt,6404
2015-10-05,United States,261366
2015-10-05,Israel,154766
2015-10-05,Syria,88383
2015-10-05,Russia,82559
2015-10-05,Turkey,49932
2015-10-05,Australia,36081
2015-10-05,Afghanistan,28329
2015-10-05,Palestine,27725
2015-10-05,India,18956
2015-10-05,United Kingdom,17247
2015-10-05,Iran,15962
2015-10-05,Iraq,15170
2015-10-05,France,14006
2015-10-05,Yemen,12042
2015-10-05,Nigeria,11808
2015-10-05,Canada,10833
2015-10-05,Ukraine,10064
2015-10-05,Germany,9090
2015-10-05,Saudi Arabia,8905
2015-10-05,China,8405
2015-10-05,Mexico,7419
2015-10-05,Pakistan,7036
2015-10-05,Egypt,6621
2015-10-05,Italy,5949
2015-10-05,Philippines,5150
2015-10-12,United States,235525
2015-10-12,Israel,168718
2015-10-12,Syria,68118
2015-10-12,Russia,59144
2015-10-12,Turkey,43605
2015-10-12,Australia,33962
2015-10-12,United Kingdom,25318
2015-10-12,India,21999
2015-10-12,Palestine,21501
2015-10-12,Afghanistan,20033
2015-10-12,Hungary,18399
2015-10-12,Ukraine,16188
2015-10-12,Iran,15889
2015-10-12,Canada,13984
2015-10-12,Iraq,13022
2015-10-12,Pakistan,11716
2015-10-12,China,11665
2015-10-12,France,11291
2015-10-12,Germany,10504
2015-10-12,Nigeria,10346
2015-10-12,Saudi Arabia,10284
2015-10-12,Mexico,9789
2015-10-12,Egypt,9595
2015-10-12,Yemen,8185
2015-10-12,Libya,6603
2015-10-19,United States,166797
2015-10-19,Israel,70733
2015-10-19,Syria,32307
2015-10-19,Russia,25715
2015-10-19,Australia,25323
2015-10-19,Iraq,16278
2015-10-19,India,14613
2015-10-19,Canada,13080
2015-10-19,Sweden,12360
2015-10-19,United Kingdom,12290
2015-10-19,Afghanistan,12177
2015-10-19,Turkey,11853
2015-10-19,Pakistan,9746
2015-10-19,Mexico,9006
2015-10-19,South Africa,8617
2015-10-19,Palestine,8271
2015-10-19,China,8199
2015-10-19,Iran,8050
2015-10-19,Ukraine,7659
2015-10-19,Nigeria,7564
2015-10-19,Germany,6955
2015-10-19,Egypt,6614
2015-10-19,Saudi Arabia,5673
2015-10-19,France,5593
2015-10-19,Croatia,5452
2015-10-26,United States,255384
2015-10-26,Israel,59201
2015-10-26,Australia,53141
2015-10-26,Syria,46733
2015-10-26,Russia,35556
2015-10-26,Turkey,32877
2015-10-26,India,22098
2015-10-26,United Kingdom,21887
2015-10-26,Iraq,16618
2015-10-26,Pakistan,16149
2015-10-26,Afghanistan,13897
2015-10-26,Iran,13593
2015-10-26,Egypt,12186
2015-10-26,Bangladesh,11782
2015-10-26,France,11618
2015-10-26,Saudi Arabia,11612
2015-10-26,Ukraine,10378
2015-10-26,China,10376
2015-10-26,Canada,10300
2015-10-26,Germany,8477
2015-10-26,Somalia,8114
2015-10-26,Palestine,7770
2015-10-26,Yemen,7454
2015-10-26,Nigeria,7158
2015-10-26,Mexico,6973
2015-11-02,United States,249348
2015-11-02,Russia,66186
2015-11-02,Egypt,47475
2015-11-02,United Kingdom,42182
2015-11-02,Syria,37153
2015-11-02,Israel,35390
2015-11-02,Turkey,22559
2015-11-02,India,21950
2015-11-02,Australia,20999
2015-11-02,France,14187
2015-11-02,Germany,13108
2015-11-02,Canada,11507
2015-11-02,Iraq,11019
2015-11-02,Ukraine,10687
2015-11-02,Mexico,9178
2015-11-02,Pakistan,8773
2015-11-02,Iran,8584
2015-11-02,Afghanistan,7901
2015-11-02,China,7548
2015-11-02,Yemen,7085
2015-11-02,Bangladesh,6985
2015-11-02,South Africa,6786
2015-11-02,Myanmar,6716
2015-11-02,Ireland,6700
2015-11-02,Italy,6579
2015-11-09,United States,203211
2015-11-09,France,93592
2015-11-09,Syria,47299
2015-11-09,Israel,46294
2015-11-09,United Kingdom,31675
2015-11-09,Russia,30233
2015-11-09,Iraq,26214
2015-11-09,Australia,24953
2015-11-09,Turkey,22469
2015-11-09,Egypt,18942
2015-11-09,Afghanistan,15596
2015-11-09,Belgium,12489
2015-11-09,Ukraine,12035
2015-11-09,India,11526
2015-11-09,Jordan,11295
2015-11-09,Lebanon,11037
2015-11-09,Canada,10618
2015-11-09,Iran,10534
2015-11-09,Germany,10462
2015-11-09,China,8772
2015-11-09,Mexico,8168
2015-11-09,Italy,6844
2015-11-09,Myanmar,6712
2015-11-09,Yemen,6608
2015-11-09,Nigeria,6573
2015-11-16,United States,212834
2015-11-16,France,195683
2015-11-16,Syria,74535
2015-11-16,Israel,44367
2015-11-16,Belgium,43554
2015-11-16,Russia,41163
2015-11-16,Mali,34824
2015-11-16,Australia,25115
2015-11-16,Iraq,22559
2015-11-16,United Kingdom,21551
2015-11-16,Turkey,20414
2015-11-16,China,14517
2015-11-16,India,13829
2015-11-16,Canada,11674
2015-11-16,Pakistan,10329
2015-11-16,Egypt,10298
2015-11-16,Ukraine,9889
2015-11-16,Philippines,9505
2015-11-16,Nigeria,9503
2015-11-16,Yemen,9218
2015-11-16,Italy,8546
2015-11-16,Bangladesh,8327
2015-11-16,Lebanon,7384
2015-11-16,Afghanistan,7255
2015-11-16,Germany,7043
2015-11-23,United States,250564
2015-11-23,Russia,114505
2015-11-23,Turkey,112536
2015-11-23,Syria,80383
2015-11-23,France,78046
2015-11-23,Israel,41925
2015-11-23,Australia,22937
2015-11-23,United Kingdom,22728
2015-11-23,Belgium,18515
2015-11-23,Ukraine,15164
2015-11-23,Tunisia,13735
2015-11-23,Iraq,13639
2015-11-23,India,13115
2015-11-23,Mali,12965
2015-11-23,Egypt,12834
2015-11-23,China,11002
2015-11-23,Pakistan,9799
2015-11-23,Afghanistan,9670
2015-11-23,Germany,9638
2015-11-23,Nigeria,9593
2015-11-23,Canada,8867
2015-11-23,Bangladesh,8615
2015-11-23,Yemen,7535
2015-11-23,Saudi Arabia,6977
2015-11-23,Iran,6313
2015-11-30,United States,403780
2015-11-30,Syria,52025
2015-11-30,France,44777
2015-11-30,Russia,44659
2015-11-30,Turkey,44544
2015-11-30,Israel,35584
2015-11-30,United Kingdom,30238
2015-11-30,Australia,27258
2015-11-30,Iraq,23967
2015-11-30,Pakistan,22468
2015-11-30,South Africa,14968
2015-11-30,Nigeria,14092
2015-11-30,Yemen,12201
2015-11-30,India,11962
2015-11-30,Egypt,11866
2015-11-30,Ukraine,11446
2015-11-30,Afghanistan,10574
2015-11-30,Saudi Arabia,10562
2015-11-30,Germany,8959
2015-11-30,China,7975
2015-11-30,Canada,7601
2015-11-30,Philippines,7385
2015-11-30,Mexico,7025
2015-11-30,Iran,5900
2015-11-30,Greece,5791
2015-12-07,United States,318691
2015-12-07,Syria,47411
2015-12-07,Russia,41342
2015-12-07,Australia,35614
2015-12-07,Israel,30459
2015-12-07,France,29921
2015-12-07,Turkey,29295
2015-12-07,United Kingdom,24575
2015-12-07,Iraq,24344
2015-12-07,Afghanistan,24209
2015-12-07,Pakistan,19185
2015-12-07,India,14420
2015-12-07,Ukraine,11745
2015-12-07,South Africa,11421
2015-12-07,Spain,10446
2015-12-07,Egypt,9863
2015-12-07,Nigeria,9301
2015-12-07,China,8925
2015-12-07,Yemen,8868
2015-12-07,Canada,8777
2015-12-07,Germany,8480
2015-12-07,Burundi,7967
2015-12-07,Saudi Arabia,7910
2015-12-07,Japan,6190
2015-12-07,Iran,5487
2015-12-14,United States,268775
2015-12-14,Syria,41240
2015-12-14,Turkey,35987
2015-12-14,Israel,34589
2015-12-14,Russia,34116
2015-12-14,France,22201
2015-12-14,Iraq,22071
2015-12-14,India,21137
2015-12-14,Australia,20614
2015-12-14,Nigeria,18726
2015-12-14,United Kingdom,16844
2015-12-14,Yemen,13644
2015-12-14,Pakistan,12710
2015-12-14,Canada,12460
2015-12-14,China,12107
2015-12-14,Afghanistan,11317
2015-12-14,Saudi Arabia,11213
2015-12-14,Ukraine,10373
2015-12-14,Iran,8570
2015-12-14,Germany,8367
2015-12-14,Egypt,8229
2015-12-14,Indonesia,5790
2015-12-14,Mexico,5337
2015-12-14,Venezuela,5157
2015-12-14,Libya,4896
2015-12-21,United States,213592
2015-12-21,Syria,59925
2015-12-21,Israel,52485
2015-12-21,Afghanistan,45218
2015-12-21,Russia,28899
2015-12-21,Iraq,27884
2015-12-21,Turkey,24013
2015-12-21,France,20935
2015-12-21,United Kingdom,18427
2015-12-21,Australia,16269
2015-12-21,India,15052
2015-12-21,Saudi Arabia,11916
2015-12-21,Egypt,10853
2015-12-21,Ukraine,10680
2015-12-21,China,10508
2015-12-21,Nigeria,10266
2015-12-21,Yemen,10258
2015-12-21,Lebanon,7048
2015-12-21,Canada,6922
2015-12-21,Pakistan,6908
2015-12-21,Philippines,6183
2015-12-21,Indonesia,6055
2015-12-21,Mexico,5933
2015-12-21,Belgium,5363
2015-12-21,Iran,5175
2015-12-28,United States,204470
2015-12-28,Saudi Arabia,57456
2015-12-28,Israel,40678
2015-12-28,Iraq,34912
2015-12-28,Syria,33420
2015-12-28,Iran,32159
2015-12-28,France,25919
2015-12-28,India,24729
2015-12-28,Turkey,23052
2015-12-28,Russia,21200
2015-12-28,Pakistan,19935
2015-12-28,United Kingdom,17412
2015-12-28,Mexico,15447
2015-12-28,Afghanistan,14349
2015-12-28,Nigeria,14318
2015-12-28,Australia,12919
2015-12-28,Yemen,12154
2015-12-28,Belgium,11065
2015-12-28,Egypt,10748
2015-12-28,China,9373
2015-12-28,Ukraine,8544
2015-12-28,Bahrain,7843
2015-12-28,Germany,7083
2015-12-28,Indonesia,6478
2015-12-28,Bangladesh,6449
2016-01-04,United States,278437
2016-01-04,Saudi Arabia,106945
2016-01-04,Iran,89170
2016-01-04,Mexico,45563
2016-01-04,Israel,36740
2016-01-04,Syria,35099
2016-01-04,France,29355
2016-01-04,Iraq,28096
2016-01-04,Germany,23016
2016-01-04,United Kingdom,20795
2016-01-04,Egypt,19702
2016-01-04,India,19230
2016-01-04,Turkey,19145
2016-01-04,Pakistan,16575
2016-01-04,Yemen,14788
2016-01-04,Australia,14342
2016-01-04,Russia,14000
2016-01-04,Afghanistan,13905
2016-01-04,Bahrain,12296
2016-01-04,Libya,11362
2016-01-04,China,10601
2016-01-04,Ukraine,9999
2016-01-04,Sudan,9927
2016-01-04,Canada,9144
2016-01-04,North Korea,7157
2016-01-11,United States,229066
2016-01-11,Turkey,65815
2016-01-11,Indonesia,48971
2016-01-11,Iran,47013
2016-01-11,Syria,43966
2016-01-11,Israel,31421
2016-01-11,Mexico,28338
2016-01-11,Australia,26654
2016-01-11,Germany,24607
2016-01-11,Iraq,23935
2016-01-11,France,23215
2016-01-11,Russia,21615
2016-01-11,Burkina Faso,20960
2016-01-11,Pakistan,19906
2016-01-11,United Kingdom,19259
2016-01-11,Saudi Arabia,17694
2016-01-11,India,17303
2016-01-11,Canada,15553
2016-01-11,Afghanistan,14281
2016-01-11,Mali,13664
2016-01-11,China,12208
2016-01-11,Yemen,10913
2016-01-11,Ukraine,10770
2016-01-11,Egypt,8649
2016-01-11,Italy,7452
2016-01-18,United States,211411
2016-01-18,Pakistan,42964
2016-01-18,Syria,33256
2016-01-18,Israel,32032
2016-01-18,Russia,29236
2016-01-18,Iran,28567
2016-01-18,United Kingdom,25141
2016-01-18,Canada,24355
2016-01-18,Iraq,23921
2016-01-18,Turkey,23393
2016-01-18,Australia,21165
2016-01-18,India,19263
2016-01-18,France,14859
2016-01-18,Germany,12621
2016-01-18,Egypt,12096
2016-01-18,Saudi Arabia,11370
2016-01-18,Afghanistan,10454
2016-01-18,China,10125
2016-01-18,Ukraine,10036
2016-01-18,Mexico,9884
2016-01-18,Somalia,9569
2016-01-18,Yemen,9530
2016-01-18,Tunisia,7890
2016-01-18,Burkina Faso,7406
2016-01-18,Indonesia,7211
2016-01-25,United States,258936
2016-01-25,Syria,28568
2016-01-25,Israel,26887
2016-01-25,Russia,22877
2016-01-25,Turkey,20654
2016-01-25,United Kingdom,19770
2016-01-25,Australia,18836
2016-01-25,France,18411
2016-01-25,Canada,15224
2016-01-25,India,14274
2016-01-25,Iran,12665
2016-01-25,Nigeria,12398
2016-01-25,Ukraine,10575
2016-01-25,Germany,10497
2016-01-25,Saudi Arabia,10225
2016-01-25,Pakistan,10129
2016-01-25,Egypt,9603
2016-01-25,Yemen,9366
2016-01-25,Afghanistan,9142
2016-01-25,Iraq,8626
2016-01-25,China,8612
2016-01-25,Mexico,8383
2016-01-25,Sweden,7215
2016-01-25,Brazil,7152
2016-01-25,Italy,5473
2016-02-01,United States,242094
2016-02-01,Israel,58556
2016-02-01,Syria,53104
2016-02-01,United Kingdom,29773
2016-02-01,Russia,29533
2016-02-01,Turkey,27004
2016-02-01,Australia,23624
2016-02-01,India,15216
2016-02-01,Sweden,14654
2016-02-01,Afghanistan,14483
2016-02-01,Canada,13933
2016-02-01,Iraq,13356
2016-02-01,Egypt,13238
2016-02-01,France,12629
2016-02-01,Germany,12067
2016-02-01,Ukraine,11278
2016-02-01,China,10620
2016-02-01,Pakistan,10545
2016-02-01,Nigeria,10267
2016-02-01,Iran,9689
2016-02-01,Palestine,9405
2016-02-01,Yemen,8964
2016-02-01,Mexico,8511
2016-02-01,Italy,7984
2016-02-01,Saudi Arabia,7860
2016-02-08,United States,283646
2016-02-08,Syria,71971
2016-02-08,Russia,37301
2016-02-08,Turkey,35366
2016-02-08,Israel,33019
2016-02-08,India,24713
2016-02-08,United Kingdom,20565
2016-02-08,Mexico,19004
2016-02-08,Australia,18940
2016-02-08,Nigeria,15954
2016-02-08,Canada,12767
2016-02-08,Saudi Arabia,11985
2016-02-08,Pakistan,11873
2016-02-08,Ukraine,11871
2016-02-08,Iraq,11853
2016-02-08,Germany,11849
2016-02-08,Afghanistan,11659
2016-02-08,France,11560
2016-02-08,Egypt,11443
2016-02-08,South Korea,9719
2016-02-08,North Korea,9350
2016-02-08,China,7842
2016-02-08,Yemen,7538
2016-02-08,Greece,7529
2016-02-08,Iran,7231
2016-02-15,United States,258108
2016-02-15,Syria,84082
2016-02-15,Turkey,80214
2016-02-15,Israel,56522
2016-02-15,Russia,35709
2016-02-15,India,32167
2016-02-15,United Kingdom,20008
2016-02-15,Australia,18789
2016-02-15,Iraq,18202
2016-02-15,Mexico,14905
2016-02-15,Ukraine,14624
2016-02-15,Egypt,13654
2016-02-15,Canada,12703
2016-02-15,Pakistan,12663
2016-02-15,France,12561
2016-02-15,Libya,12485
2016-02-15,Saudi Arabia,11444
2016-02-15,Palestine,11394
2016-02-15,Germany,9127
2016-02-15,Yemen,9090
2016-02-15,China,8635
2016-02-15,Iran,7340
2016-02-15,Bahrain,7245
2016-02-15,Uganda,7155
2016-02-15,Nigeria,6452
2016-02-22,United States,330709
2016-02-22,Syria,63092
2016-02-22,Israel,60441
2016-02-22,Russia,32249
2016-02-22,Turkey,26129
2016-02-22,India,24649
2016-02-22,Australia,20697
2016-02-22,United Kingdom,19198
2016-02-22,Iraq,18237
2016-02-22,Egypt,14774
2016-02-22,Canada,14576
2016-02-22,Afghanistan,13961
2016-02-22,Ukraine,12731
2016-02-22,Iran,11007
2016-02-22,France,10699
2016-02-22,Greece,10496
2016-02-22,Pakistan,10419
2016-02-22,Germany,9911
2016-02-22,Saudi Arabia,9762
2016-02-22,Indonesia,9614
2016-02-22,China,9566
2016-02-22,Libya,8120
2016-02-22,Yemen,7988
2016-02-22,Palestine,7908
2016-02-22,Nigeria,7652
2016-02-29,United States,258345
2016-02-29,Israel,49860
2016-02-29,Syria,45284
2016-02-29,Turkey,30067
2016-02-29,Russia,26899
2016-02-29,Australia,26255
2016-02-29,Iraq,24290
2016-02-29,United Kingdom,19216
2016-02-29,India,16293
2016-02-29,Pakistan,15327
2016-02-29,Ukraine,13672
2016-02-29,North Korea,12975
2016-02-29,Canada,11758
2016-02-29,Yemen,11607
2016-02-29,France,11530
2016-02-29,Egypt,10824
2016-02-29,Iran,10533
2016-02-29,Afghanistan,10303
2016-02-29,China,10244
2016-02-29,Mexico,10050
2016-02-29,Saudi Arabia,9595
2016-02-29,Greece,9513
2016-02-29,Germany,9409
2016-02-29,Brazil,9209
2016-02-29,Nigeria,8892
2016-03-07,United States,275968
2016-03-07,Israel,77865
2016-03-07,Syria,32899
2016-03-07,Russia,25950
2016-03-07,Tunisia,25538
2016-03-07,Turkey,24451
2016-03-07,United Kingdom,21108
2016-03-07,Australia,21016
2016-03-07,Iraq,19747
2016-03-07,Libya,18505
2016-03-07,India,14313
2016-03-07,Iran,13769
2016-03-07,Ukraine,13485
2016-03-07,Palestine,13471
2016-03-07,France,12558
2016-03-07,Pakistan,12486
2016-03-07,South Korea,12375
2016-03-07,Mexico,11497
2016-03-07,North Korea,11096
2016-03-07,Canada,10868
2016-03-07,Somalia,9845
2016-03-07,Egypt,9597
2016-03-07,China,8778
2016-03-07,Saudi Arabia,8610
2016-03-07,Afghanistan,8073
2016-03-14,United States,228404
2016-03-14,Turkey,74893
2016-03-14,Belgium,51931
2016-03-14,France,46374
2016-03-14,Israel,43130
2016-03-14,Syria,38650
2016-03-14,Russia,29444
2016-03-14,Iraq,18890
2016-03-14,North Korea,18490
2016-03-14,United Kingdom,14903
2016-03-14,India,13076
2016-03-14,Australia,12991
2016-03-14,Ukraine,12306
2016-03-14,Canada,11285
2016-03-14,Germany,11084
2016-03-14,Egypt,10963
2016-03-14,Pakistan,10897
2016-03-14,Nigeria,10715
2016-03-14,Greece,9994
2016-03-14,Yemen,9136
2016-03-14,Brazil,8834
2016-03-14,China,8795
2016-03-14,Ivory Coast,8575
2016-03-14,Iran,8022
2016-03-14,Mexico,7673
2016-03-21,United States,224003
2016-03-21,Belgium,183020
2016-03-21,France,77653
2016-03-21,Syria,46750
2016-03-21,Israel,39978
2016-03-21,Russia,36792
2016-03-21,Turkey,33201
2016-03-21,Iraq,26058
2016-03-21,Ukraine,24971
2016-03-21,United Kingdom,22594
2016-03-21,Pakistan,15433
2016-03-21,Egypt,13952
2016-03-21,Australia,13641
2016-03-21,India,12839
2016-03-21,Canada,11311
2016-03-21,China,11132
2016-03-21,Germany,9385
2016-03-21,Nigeria,9367
2016-03-21,Italy,9214
2016-03-21,Yemen,8093
2016-03-21,Netherlands,8023
2016-03-21,Serbia,7340
2016-03-21,North Korea,6620
2016-03-21,Bosnia and Herzegovina,6120
2016-03-21,Libya,6021
2016-03-28,United States,248030
2016-03-28,Pakistan,44210
2016-03-28,Belgium,43678
2016-03-28,Israel,41971
2016-03-28,Syria,38797
2016-03-28,France,36034
2016-03-28,Turkey,35561
2016-03-28,Russia,26128
2016-03-28,United Kingdom,20502
2016-03-28,Australia,18480
2016-03-28,India,18002
2016-03-28,Azerbaijan,15193
2016-03-28,Egypt,14905
2016-03-28,Armenia,14636
2016-03-28,Iraq,13257
2016-03-28,Ukraine,13081
2016-03-28,China,11697
2016-03-28,Canada,10294
2016-03-28,Italy,9430
2016-03-28,Nigeria,8037
2016-03-28,Yemen,7980
2016-03-28,Mexico,6925
2016-03-28,North Korea,6912
2016-03-28,Germany,6437
2016-03-28,Somalia,6156
2016-04-04,United States,230550
2016-04-04,Syria,51636
2016-04-04,Israel,33324
2016-04-04,Belgium,32696
2016-04-04,France,30491
2016-04-04,Australia,25328
2016-04-04,Russia,24506
2016-04-04,Turkey,23009
2016-04-04,United Kingdom,20747
2016-04-04,India,18651
2016-04-04,Azerbaijan,17733
2016-04-04,Iraq,16989
2016-04-04,Armenia,16807
2016-04-04,Greece,13741
2016-04-04,Pakistan,13712
2016-04-04,Ukraine,13371
2016-04-04,China,11570
2016-04-04,Egypt,11247
2016-04-04,Bangladesh,11075
2016-04-04,Italy,10366
2016-04-04,Mexico,10066
2016-04-04,Iran,9266
2016-04-04,Canada,8788
2016-04-04,Germany,8446
2016-04-04,Lebanon,8111
2016-04-11,United States,231358
2016-04-11,Syria,46830
2016-04-11,Israel,45396
2016-04-11,Russia,25375
2016-04-11,Australia,24989
2016-04-11,Turkey,24218
2016-04-11,France,19404
2016-04-11,United Kingdom,17389
2016-04-11,India,16641
2016-04-11,Belgium,15176
2016-04-11,Ukraine,14712
2016-04-11,Afghanistan,11544
2016-04-11,Canada,11539
2016-04-11,China,11270
2016-04-11,Nigeria,10750
2016-04-11,Yemen,10114
2016-04-11,Pakistan,9950
2016-04-11,Egypt,9786
2016-04-11,Iraq,9071
2016-04-11,Lebanon,8966
2016-04-11,Philippines,8690
2016-04-11,Iran,8419
2016-04-11,Greece,8334
2016-04-11,Mexico,8295
2016-04-11,Germany,7891
2016-04-18,United States,241312
2016-04-18,Syria,43667
2016-04-18,Israel,42118
2016-04-18,Turkey,25394
2016-04-18,Afghanistan,23702
2016-04-18,Russia,22658
2016-04-18,United Kingdom,20838
2016-04-18,Australia,16426
2016-04-18,Ukraine,16098
2016-04-18,India,15539
2016-04-18,Iraq,14791
2016-04-18,Egypt,11110
2016-04-18,France,10941
2016-04-18,Nigeria,10724
2016-04-18,Pakistan,10270
2016-04-18,Saudi Arabia,9569
2016-04-18,China,9524
2016-04-18,Bangladesh,9366
2016-04-18,Yemen,9213
2016-04-18,Canada,9066
2016-04-18,Iran,8611
2016-04-18,Philippines,8377
2016-04-18,Germany,8251
2016-04-18,Mexico,7536
2016-04-18,Belgium,6059
2016-04-25,United States,264427
2016-04-25,Syria,59590
2016-04-25,Israel,48318
2016-04-25,Turkey,34031
2016-04-25,Russia,25072
2016-04-25,France,24023
2016-04-25,Iraq,22703
2016-04-25,United Kingdom,22420
2016-04-25,Australia,18723
2016-04-25,Bangladesh,18457
2016-04-25,Canada,18045
2016-04-25,Ukraine,17816
2016-04-25,India,16903
2016-04-25,Egypt,16264
2016-04-25,Philippines,13680
2016-04-25,China,12284
2016-04-25,Germany,11092
2016-04-25,Pakistan,11066
2016-04-25,North Korea,10561
2016-04-25,Mexico,10108
2016-04-25,Italy,9380
2016-04-25,Iran,8918
2016-04-25,Afghanistan,8904
2016-04-25,Yemen,8719
2016-04-25,Belgium,8519
2016-05-02,United States,283540
2016-05-02,Syria,72954
2016-05-02,Israel,65624
2016-05-02,Turkey,34855
2016-05-02,Iraq,31025
2016-05-02,Egypt,26465
2016-05-02,Canada,26257
2016-05-02,United Kingdom,23428
2016-05-02,India,23229
2016-05-02,Russia,22565
2016-05-02,Australia,18212
2016-05-02,Pakistan,15612
2016-05-02,Afghanistan,14082
2016-05-02,Mexico,13568
2016-05-02,France,11267
2016-05-02,Bangladesh,10126
2016-05-02,Germany,10100
2016-05-02,Palestine,9686
2016-05-02,Italy,9217
2016-05-02,Iran,8964
2016-05-02,China,8658
2016-05-02,Ukraine,8644
2016-05-02,Saudi Arabia,8496
2016-05-02,Yemen,8297
2016-05-02,Nigeria,7839
2016-05-09,United States,294710
2016-05-09,Syria,50405
2016-05-09,Israel,50327
2016-05-09,Iraq,42096
2016-05-09,United Kingdom,28518
2016-05-09,Turkey,26439
2016-05-09,Russia,21885
2016-05-09,India,19623
2016-05-09,Australia,17240
2016-05-09,Canada,15224
2016-05-09,Egypt,14339
2016-05-09,Bangladesh,14151
2016-05-09,France,13672
2016-05-09,Iran,13430
2016-05-09,Pakistan,12152
2016-05-09,Nigeria,12140
2016-05-09,Afghanistan,11591
2016-05-09,Ukraine,11182
2016-05-09,China,11179
2016-05-09,Germany,10988
2016-05-09,Mexico,10981
2016-05-09,Saudi Arabia,9605
2016-05-09,Yemen,9300
2016-05-09,Brazil,7863
2016-05-09,Lebanon,7819
2016-05-16,United States,257651
2016-05-16,Israel,36694
2016-05-16,Iraq,32000
2016-05-16,Syria,28684
2016-05-16,Afghanistan,22972
2016-05-16,Egypt,22959
2016-05-16,United Kingdom,22235
2016-05-16,Russia,19988
2016-05-16,France,19789
2016-05-16,India,16855
2016-05-16,Turkey,15917
2016-05-16,Pakistan,15862
2016-05-16,Palestine,15658
2016-05-16,Mexico,15493
2016-05-16,Nigeria,15030
2016-05-16,Australia,14502
2016-05-16,Saudi Arabia,13900
2016-05-16,Canada,13757
2016-05-16,China,12154
2016-05-16,Libya,11775
2016-05-16,Ukraine,11041
2016-05-16,Iran,8692
2016-05-16,Bangladesh,7708
2016-05-16,Germany,7048
2016-05-16,Italy,6317
2016-05-23,United States,310699
2016-05-23,Iraq,42492
2016-05-23,Syria,41550
2016-05-23,Israel,38662
2016-05-23,Russia,28975
2016-05-23,United Kingdom,26413
2016-05-23,Saudi Arabia,26097
2016-05-23,Ukraine,25991
2016-05-23,Afghanistan,19093
2016-05-23,India,18352
2016-05-23,Pakistan,16836
2016-05-23,Australia,16685
2016-05-23,France,16408
2016-05-23,Egypt,13799
2016-05-23,Turkey,13437
2016-05-23,Canada,13328
2016-05-23,Japan,13031
2016-05-23,Spain,12003
2016-05-23,Mexico,11989
2016-05-23,Brazil,9962
2016-05-23,Yemen,9928
2016-05-23,Iran,9396
2016-05-23,China,9365
2016-05-23,Nigeria,9284
2016-05-23,Vietnam,9050
2016-05-30,United States,269244
2016-05-30,Iraq,45747
2016-05-30,Syria,40474
2016-05-30,Israel,32515
2016-05-30,Saudi Arabia,31091
2016-05-30,India,27049
2016-05-30,Turkey,26876
2016-05-30,Russia,22621
2016-05-30,United Kingdom,20763
2016-05-30,Afghanistan,19126
2016-05-30,Australia,17428
2016-05-30,Germany,14926
2016-05-30,Ukraine,13720
2016-05-30,China,13397
2016-05-30,Nigeria,13142
2016-05-30,Canada,12856
2016-05-30,Egypt,12691
2016-05-30,Somalia,12261
2016-05-30,Pakistan,11700
2016-05-30,France,11598
2016-05-30,Philippines,11386
2016-05-30,Iran,9993
2016-05-30,Brazil,8679
2016-05-30,Italy,7694
2016-05-30,Libya,7427
2016-06-06,United States,343621
2016-06-06,Israel,59398
2016-06-06,Syria,44440
2016-06-06,Turkey,37649
2016-06-06,Iraq,32420
2016-06-06,Saudi Arabia,26455
2016-06-06,Afghanistan,24452
2016-06-06,United Kingdom,23703
2016-06-06,India,21858
2016-06-06,Russia,19858
2016-06-06,Bangladesh,16041
2016-06-06,Australia,15907
2016-06-06,France,13300
2016-06-06,Ukraine,12167
2016-06-06,Canada,11517
2016-06-06,Libya,11318
2016-06-06,Mexico,10839
2016-06-06,China,10684
2016-06-06,Pakistan,9186
2016-06-06,Italy,8892
2016-06-06,Nigeria,8809
2016-06-06,Germany,8314
2016-06-06,Egypt,7607
2016-06-06,Iran,7007
2016-06-06,Philippines,6754
2016-06-13,United States,490346
2016-06-13,United Kingdom,64036
2016-06-13,Syria,39393
2016-06-13,Iraq,30874
2016-06-13,Israel,29510
2016-06-13,France,28637
2016-06-13,Saudi Arabia,27487
2016-06-13,Russia,27439
2016-06-13,Australia,20012
2016-06-13,Afghanistan,18222
2016-06-13,Egypt,17914
2016-06-13,India,17826
2016-06-13,Turkey,17532
2016-06-13,Canada,16473
2016-06-13,South Africa,16294
2016-06-13,Ukraine,12930
2016-06-13,China,11942
2016-06-13,Mexico,11738
2016-06-13,Bangladesh,11687
2016-06-13,Pakistan,10095
2016-06-13,Germany,9890
2016-06-13,Iran,9093
2016-06-13,Nigeria,8369
2016-06-13,Philippines,7589
2016-06-13,Libya,7428
2016-06-20,United States,320098
2016-06-20,United Kingdom,45058
2016-06-20,Israel,35537
2016-06-20,Syria,32900
2016-06-20,Saudi Arabia,28348
2016-06-20,Iraq,25178
2016-06-20,Turkey,20700
2016-06-20,India,19094
2016-06-20,Russia,18070
2016-06-20,Mexico,17972
2016-06-20,Afghanistan,17840
2016-06-20,Germany,15084
2016-06-20,Iran,14539
2016-06-20,Australia,13763
2016-06-20,France,12563
2016-06-20,China,10867
2016-06-20,Canada,10396
2016-06-20,Nigeria,10328
2016-06-20,Libya,10214
2016-06-20,Egypt,10032
2016-06-20,Ukraine,9561
2016-06-20,Pakistan,9398
2016-06-20,Bangladesh,9135
2016-06-20,Philippines,9032
2016-06-20,Jordan,8775
2016-06-27,United States,244552
2016-06-27,Turkey,144513
2016-06-27,Bangladesh,68388
2016-06-27,Israel,67339
2016-06-27,United Kingdom,39586
2016-06-27,Syria,36272
2016-06-27,Iraq,34318
2016-06-27,Saudi Arabia,30807
2016-06-27,Russia,26618
2016-06-27,India,21218
2016-06-27,France,14810
2016-06-27,Afghanistan,14769
2016-06-27,Australia,14542
2016-06-27,Lebanon,12802
2016-06-27,Egypt,12513
2016-06-27,Japan,11473
2016-06-27,Mexico,11028
2016-06-27,Nigeria,10962
2016-06-27,China,10116
2016-06-27,Italy,9938
2016-06-27,Pakistan,9781
2016-06-27,Ukraine,9566
2016-06-27,Philippines,9491
2016-06-27,Canada,9296
2016-06-27,Germany,9050
2016-07-04,United States,651230
2016-07-04,Saudi Arabia,48301
2016-07-04,Iraq,46410
2016-07-04,Israel,37168
2016-07-04,Bangladesh,34208
2016-07-04,United Kingdom,33817
2016-07-04,Syria,33524
2016-07-04,Russia,25386
2016-07-04,India,22263
2016-07-04,Turkey,21122
2016-07-04,South Africa,15261
2016-07-04,Italy,13542
2016-07-04,Australia,12929
2016-07-04,China,12527
2016-07-04,Ukraine,12488
2016-07-04,France,12122
2016-07-04,Poland,11802
2016-07-04,Canada,10281
2016-07-04,Afghanistan,10253
2016-07-04,Pakistan,9148
2016-07-04,Germany,8972
2016-07-04,Nigeria,8753
2016-07-04,Spain,8712
2016-07-04,Iran,7965
2016-07-04,Yemen,7959
2016-07-11,United States,507304
2016-07-11,Turkey,157899
2016-07-11,France,53363
2016-07-11,Syria,34146
2016-07-11,Israel,31498
2016-07-11,Saudi Arabia,28459
2016-07-11,United Kingdom,27583
2016-07-11,India,27492
2016-07-11,Russia,23811
2016-07-11,Iraq,22159
2016-07-11,China,22003
2016-07-11,Pakistan,19748
2016-07-11,South Sudan,16328
2016-07-11,Ukraine,13493
2016-07-11,Australia,12738
2016-07-11,Germany,10621
2016-07-11,Afghanistan,9858
2016-07-11,Bangladesh,9808
2016-07-11,Philippines,9740
2016-07-11,Nigeria,9126
2016-07-11,Canada,8862
2016-07-11,Egypt,8419
2016-07-11,Iran,8172
2016-07-11,Italy,7431
2016-07-11,Mexico,6605
2016-07-18,United States,456824
2016-07-18,Turkey,91757
2016-07-18,Germany,73251
2016-07-18,France,37486
2016-07-18,Syria,35633
2016-07-18,Afghanistan,33366
2016-07-18,Israel,30708
2016-07-18,Saudi Arabia,29195
2016-07-18,India,28278
2016-07-18,United Kingdom,25566
2016-07-18,Ukraine,20422
2016-07-18,Russia,19364
2016-07-18,China,19276
2016-07-18,Iraq,17723
2016-07-18,Pakistan,16017
2016-07-18,Australia,15602
2016-07-18,Bangladesh,12155
2016-07-18,Iran,11584
2016-07-18,Mexico,10209
2016-07-18,Canada,9728
2016-07-18,Nigeria,9125
2016-07-18,Armenia,8960
2016-07-18,Libya,8145
2016-07-18,Indonesia,7057
2016-07-18,Palestine,6817
2016-07-25,United States,348131
2016-07-25,France,63938
2016-07-25,Turkey,50910
2016-07-25,Germany,42283
2016-07-25,Syria,40413
2016-07-25,Israel,31713
2016-07-25,Saudi Arabia,30074
2016-07-25,Iraq,27252
2016-07-25,India,24972
2016-07-25,Russia,22493
2016-07-25,United Kingdom,21329
2016-07-25,Afghanistan,19692
2016-07-25,Pakistan,19051
2016-07-25,Australia,14381
2016-07-25,Bangladesh,13365
2016-07-25,Ukraine,12635
2016-07-25,Indonesia,12626
2016-07-25,China,12614
2016-07-25,Nigeria,11161
2016-07-25,Japan,11101
2016-07-25,Canada,10928
2016-07-25,Armenia,10250
2016-07-25,Philippines,7773
2016-07-25,Mexico,7753
2016-07-25,Iran,7637
2016-08-01,United States,290803
2016-08-01,Syria,61578
2016-08-01,Russia,34391
2016-08-01,Iraq,33981
2016-08-01,United Kingdom,33691
2016-08-01,Turkey,28284
2016-08-01,Israel,26585
2016-08-01,Saudi Arabia,26394
2016-08-01,France,24995
2016-08-01,India,24013
2016-08-01,Australia,18040
2016-08-01,China,16913
2016-08-01,Libya,15869
2016-08-01,Afghanistan,15203
2016-08-01,Nigeria,13513
2016-08-01,Ukraine,12923
2016-08-01,Iran,11852
2016-08-01,Pakistan,11533
2016-08-01,Philippines,11255
2016-08-01,Canada,10517
2016-08-01,Germany,10375
2016-08-01,Albania,9538
2016-08-01,Egypt,9233
2016-08-01,Japan,8404
2016-08-01,Bangladesh,8114
2016-08-08,United States,327023
2016-08-08,Pakistan,56233
2016-08-08,Syria,49877
2016-08-08,United Kingdom,37161
2016-08-08,Turkey,35883
2016-08-08,Russia,33505
2016-08-08,Israel,33164
2016-08-08,Saudi Arabia,30951
2016-08-08,India,27972
2016-08-08,Afghanistan,25348
2016-08-08,Ukraine,21764
2016-08-08,Iraq,20362
2016-08-08,France,20212
2016-08-08,Australia,18034
2016-08-08,Canada,15256
2016-08-08,China,14653
2016-08-08,Bangladesh,14033
2016-08-08,Germany,13121
2016-08-08,Yemen,12186
2016-08-08,Thailand,11352
2016-08-08,Iran,10357
2016-08-08,Nigeria,9104
2016-08-08,Mexico,8030
2016-08-08,Libya,7316
2016-08-08,Philippines,6605
2016-08-15,United States,336042
2016-08-15,Turkey,65669
2016-08-15,Syria,56425
2016-08-15,India,37013
2016-08-15,Afghanistan,36430
2016-08-15,Russia,34895
2016-08-15,Israel,32977
2016-08-15,United Kingdom,31733
2016-08-15,Saudi Arabia,30654
2016-08-15,Pakistan,24457
2016-08-15,Mexico,19520
2016-08-15,France,19202
2016-08-15,Iran,17881
2016-08-15,Iraq,16937
2016-08-15,Australia,16309
2016-08-15,Ukraine,15270
2016-08-15,Germany,13619
2016-08-15,Yemen,13543
2016-08-15,China,12115
2016-08-15,Bangladesh,9927
2016-08-15,Canada,9641
2016-08-15,Nigeria,8871
2016-08-15,Indonesia,7767
2016-08-15,Egypt,7522
2016-08-15,Philippines,6597
2016-08-22,United States,318076
2016-08-22,Turkey,93934
2016-08-22,Syria,72152
2016-08-22,India,37114
2016-08-22,Pakistan,33771
2016-08-22,France,32716
2016-08-22,United Kingdom,31835
2016-08-22,Israel,31680
2016-08-22,Saudi Arabia,30732
2016-08-22,Afghanistan,29821
2016-08-22,Russia,25552
2016-08-22,Australia,23707
2016-08-22,Canada,16027
2016-08-22,Iraq,15880
2016-08-22,Bangladesh,14254
2016-08-22,Ukraine,12871
2016-08-22,Nigeria,12559
2016-08-22,China,11928
2016-08-22,Italy,11720
2016-08-22,Philippines,10746
2016-08-22,Iran,9844
2016-08-22,Mexico,8832
2016-08-22,Germany,8698
2016-08-22,Bolivia,8658
2016-08-22,North Korea,8156
2016-08-29,United States,267664
2016-08-29,Syria,57746
2016-08-29,Turkey,49784
2016-08-29,Saudi Arabia,29392
2016-08-29,Israel,25956
2016-08-29,Australia,21934
2016-08-29,United Kingdom,21817
2016-08-29,Pakistan,21362
2016-08-29,Russia,19858
2016-08-29,China,17309
2016-08-29,India,16927
2016-08-29,Iraq,16044
2016-08-29,Bangladesh,15244
2016-08-29,France,15148
2016-08-29,Philippines,14680
2016-08-29,Canada,11703
2016-08-29,Ukraine,11483
2016-08-29,Yemen,11475
2016-08-29,Afghanistan,11198
2016-08-29,Mexico,10548
2016-08-29,Brazil,10492
2016-08-29,Nigeria,8889
2016-08-29,Germany,8657
2016-08-29,Albania,7342
2016-08-29,Iran,7264
2016-09-05,United States,239576
2016-09-05,Syria,56783
2016-09-05,Israel,30249
2016-09-05,France,28051
2016-09-05,Russia,25785
2016-09-05,Turkey,23705
2016-09-05,United Kingdom,23299
2016-09-05,Australia,21697
2016-09-05,Afghanistan,21098
2016-09-05,Saudi Arabia,19490
2016-09-05,India,19104
2016-09-05,China,16255
2016-09-05,Iraq,15753
2016-09-05,Iran,14113
2016-09-05,Ukraine,13538
2016-09-05,Philippines,13409
2016-09-05,North Korea,12522
2016-09-05,Nigeria,11635
2016-09-05,Pakistan,10412
2016-09-05,Mexico,9048
2016-09-05,Bangladesh,8700
2016-09-05,Yemen,8644
2016-09-05,Japan,7615
2016-09-05,Canada,6857
2016-09-05,Germany,6520
2016-09-12,United States,266566
2016-09-12,Syria,75199
2016-09-12,Israel,40399
2016-09-12,Russia,33181
2016-09-12,United Kingdom,29309
2016-09-12,India,28649
2016-09-12,Pakistan,17691
2016-09-12,France,16579
2016-09-12,Turkey,16045
2016-09-12,Ukraine,15021
2016-09-12,Philippines,14206
2016-09-12,Germany,13975
2016-09-12,Australia,12709
2016-09-12,Iraq,10614
2016-09-12,China,10602
2016-09-12,Canada,10466
2016-09-12,Nigeria,7997
2016-09-12,Saudi Arabia,7779
2016-09-12,Indonesia,6319
2016-09-12,Iran,6176
2016-09-12,Yemen,5960
2016-09-12,Libya,5940
2016-09-12,Brazil,5901
2016-09-12,Afghanistan,5888
2016-09-12,Mexico,5836
2016-09-19,United States,456081
2016-09-19,Syria,104286
2016-09-19,Russia,39405
2016-09-19,Israel,36890
2016-09-19,India,28116
2016-09-19,Bangladesh,27874
2016-09-19,United Kingdom,25892
2016-09-19,Pakistan,25211
2016-09-19,Iraq,19666
2016-09-19,Afghanistan,17562
2016-09-19,Turkey,17000
2016-09-19,Australia,16274
2016-09-19,France,15155
2016-09-19,Ukraine,12186
2016-09-19,Canada,11314
2016-09-19,Mexico,10157
2016-09-19,Nigeria,9432
2016-09-19,China,8680
2016-09-19,Yemen,8330
2016-09-19,Philippines,8245
2016-09-19,Iran,7886
2016-09-19,Egypt,7596
2016-09-19,Jordan,7575
2016-09-19,Saudi Arabia,7177
2016-09-19,Germany,7133
2016-09-26,United States,352890
2016-09-26,Syria,63954
2016-09-26,Bangladesh,61888
2016-09-26,Russia,38325
2016-09-26,Israel,30204
2016-09-26,India,29850
2016-09-26,Pakistan,23166
2016-09-26,United Kingdom,21501
2016-09-26,Ukraine,16468
2016-09-26,Iraq,15604
2016-09-26,Turkey,14498
2016-09-26,France,13438
2016-09-26,Germany,12952
2016-09-26,Australia,12128
2016-09-26,Mexico,11995
2016-09-26,Philippines,11503
2016-09-26,Canada,10444
2016-09-26,China,10030
2016-09-26,Iran,9217
2016-09-26,Egypt,8947
2016-09-26,Nigeria,8774
2016-09-26,Saudi Arabia,7995
2016-09-26,Afghanistan,7683
2016-09-26,Italy,7192
2016-09-26,Yemen,7118
2016-10-03,United States,323832
2016-10-03,Syria,69961
2016-10-03,Russia,43917
2016-10-03,Turkey,39097
2016-10-03,Israel,32756
2016-10-03,India,25200
2016-10-03,Pakistan,23139
2016-10-03,United Kingdom,22819
2016-10-03,Afghanistan,19719
2016-10-03,France,16419
2016-10-03,Iraq,15760
2016-10-03,Australia,14722
2016-10-03,Bangladesh,13802
2016-10-03,Germany,13448
2016-10-03,Ukraine,12391
2016-10-03,Yemen,10829
2016-10-03,Canada,10735
2016-10-03,Nigeria,10083
2016-10-03,Egypt,9865
2016-10-03,China,9670
2016-10-03,Haiti,9630
2016-10-03,Mexico,9185
2016-10-03,Philippines,9082
2016-10-03,Colombia,7989
2016-10-03,Iran,7979
2016-10-10,United States,277120
2016-10-10,Syria,64375
2016-10-10,Russia,37912
2016-10-10,Israel,32331
2016-10-10,Turkey,29995
2016-10-10,United Kingdom,22419
2016-10-10,Iraq,20759
2016-10-10,Germany,20318
2016-10-10,Yemen,20142
2016-10-10,India,19880
2016-10-10,Australia,19195
2016-10-10,France,16155
2016-10-10,Afghanistan,15248
2016-10-10,Pakistan,13648
2016-10-10,Nigeria,13400
2016-10-10,China,11684
2016-10-10,Ukraine,11291
2016-10-10,Saudi Arabia,10949
2016-10-10,Egypt,10926
2016-10-10,South Africa,10167
2016-10-10,Iran,9123
2016-10-10,Mexico,8672
2016-10-10,Bangladesh,8569
2016-10-10,Philippines,7531
2016-10-10,Canada,7163
2016-10-17,United States,268461
2016-10-17,Iraq,94974
2016-10-17,Syria,62292
2016-10-17,Russia,39446
2016-10-17,Turkey,31870
2016-10-17,United Kingdom,29360
2016-10-17,Israel,20373
2016-10-17,India,19748
2016-10-17,Australia,16923
2016-10-17,France,15944
2016-10-17,Ukraine,15031
2016-10-17,Pakistan,14372
2016-10-17,China,12992
2016-10-17,Mexico,12674
2016-10-17,Saudi Arabia,12662
2016-10-17,Germany,12527
2016-10-17,Iran,10779
2016-10-17,Egypt,10734
2016-10-17,Nigeria,9485
2016-10-17,Canada,9389
2016-10-17,Brazil,9266
2016-10-17,Yemen,9106
2016-10-17,Afghanistan,8459
2016-10-17,Philippines,8166
2016-10-17,Indonesia,7199
2016-10-24,United States,271431
2016-10-24,Iraq,61166
2016-10-24,Syria,55908
2016-10-24,Pakistan,42490
2016-10-24,Russia,32301
2016-10-24,Turkey,25889
2016-10-24,United Kingdom,22708
2016-10-24,Israel,21259
2016-10-24,India,20864
2016-10-24,Australia,17754
2016-10-24,Afghanistan,17539
2016-10-24,Canada,14074
2016-10-24,France,13818
2016-10-24,Ukraine,12222
2016-10-24,Philippines,11762
2016-10-24,Somalia,10556
2016-10-24,China,10382
2016-10-24,Mexico,9354
2016-10-24,Saudi Arabia,9342
2016-10-24,Yemen,9204
2016-10-24,Iran,8967
2016-10-24,Nigeria,8748
2016-10-24,Egypt,8432
2016-10-24,Italy,7551
2016-10-24,Germany,7458
2016-10-31,United States,365314
2016-10-31,Iraq,61856
2016-10-31,Turkey,50401
2016-10-31,Syria,41674
2016-10-31,Afghanistan,25830
2016-10-31,India,25396
2016-10-31,United Kingdom,24505
2016-10-31,Russia,21898
2016-10-31,Israel,21233
2016-10-31,Pakistan,18501
2016-10-31,Australia,17607
2016-10-31,France,11675
2016-10-31,Ukraine,11016
2016-10-31,Canada,10842
2016-10-31,Germany,10480
2016-10-31,Nigeria,10005
2016-10-31,China,8969
2016-10-31,Philippines,8689
2016-10-31,Iran,7904
2016-10-31,Spain,7705
2016-10-31,Indonesia,7421
2016-10-31,Egypt,7382
2016-10-31,Mexico,6791
2016-10-31,Yemen,6410
2016-10-31,Bangladesh,6106
2016-11-07,United States,337873
2016-11-07,Iraq,40810
2016-11-07,Syria,39582
2016-11-07,United Kingdom,23323
2016-11-07,Afghanistan,22725
2016-11-07,Russia,21564
2016-11-07,Israel,20140
2016-11-07,Turkey,19952
2016-11-07,India,17748
2016-11-07,Pakistan,17012
2016-11-07,Australia,16096
2016-11-07,Germany,14500
2016-11-07,France,11054
2016-11-07,Ukraine,10868
2016-11-07,China,10180
2016-11-07,Philippines,9703
2016-11-07,Mexico,9601
2016-11-07,Canada,8531
2016-11-07,Nigeria,7589
2016-11-07,Indonesia,6833
2016-11-07,Iran,6722
2016-11-07,Egypt,5589
2016-11-07,Yemen,5467
2016-11-07,Italy,5095
2016-11-07,Bangladesh,4391
2016-11-14,United States,304673
2016-11-14,Syria,49056
2016-11-14,Iraq,34568
2016-11-14,Russia,29137
2016-11-14,Israel,26535
2016-11-14,United Kingdom,22617
2016-11-14,Turkey,17840
2016-11-14,Australia,17592
2016-11-14,India,14661
2016-11-14,Egypt,13458
2016-11-14,Nigeria,11222
2016-11-14,Pakistan,10838
2016-11-14,Afghanistan,9864
2016-11-14,France,9752
2016-11-14,Mexico,9659
2016-11-14,Canada,9610
2016-11-14,Germany,9540
2016-11-14,Ukraine,9516
2016-11-14,China,9375
2016-11-14,Yemen,9287
2016-11-14,Greece,8322
2016-11-14,Sweden,7981
2016-11-14,Philippines,7782
2016-11-14,Iran,7128
2016-11-14,Saudi Arabia,6398
2016-11-21,United States,311668
2016-11-21,Syria,42234
2016-11-21,Turkey,30961
2016-11-21,United Kingdom,28859
2016-11-21,Israel,28648
2016-11-21,Iraq,27730
2016-11-21,Russia,21080
2016-11-21,Cuba,18701
2016-11-21,India,17303
2016-11-21,Australia,15930
2016-11-21,Pakistan,15164
2016-11-21,France,14873
2016-11-21,Afghanistan,13040
2016-11-21,China,12737
2016-11-21,Ukraine,12404
2016-11-21,Egypt,10601
2016-11-21,Iran,10390
2016-11-21,Germany,10340
2016-11-21,Mexico,9601
2016-11-21,Philippines,9595
2016-11-21,Nigeria,9448
2016-11-21,Canada,8710
2016-11-21,Yemen,7816
2016-11-21,Bangladesh,5808
2016-11-21,Italy,5726
2016-11-28,United States,292031
2016-11-28,Syria,52140
2016-11-28,Russia,24903
2016-11-28,Iraq,22934
2016-11-28,United Kingdom,22782
2016-11-28,India,21029
2016-11-28,Israel,19210
2016-11-28,Australia,16627
2016-11-28,Turkey,16280
2016-11-28,Ukraine,14769
2016-11-28,France,13660
2016-11-28,Cuba,11261
2016-11-28,Pakistan,11182
2016-11-28,China,11140
2016-11-28,Canada,10621
2016-11-28,Germany,10597
2016-11-28,Philippines,9590
2016-11-28,Iran,8834
2016-11-28,Afghanistan,8293
2016-11-28,Italy,7741
2016-11-28,Nigeria,6890
2016-11-28,Indonesia,6338
2016-11-28,Mexico,6276
2016-11-28,Spain,5774
2016-11-28,Egypt,5737
2016-12-05,United States,287247
2016-12-05,Syria,71111
2016-12-05,Russia,30844
2016-12-05,United Kingdom,25399
2016-12-05,Iraq,24085
2016-12-05,Turkey,20325
2016-12-05,Israel,20049
2016-12-05,France,16050
2016-12-05,India,15408
2016-12-05,Egypt,15293
2016-12-05,Australia,12089
2016-12-05,Nigeria,11485
2016-12-05,Japan,11476
2016-12-05,Ukraine,10283
2016-12-05,China,9973
2016-12-05,Philippines,9693
2016-12-05,Germany,9446
2016-12-05,Afghanistan,9306
2016-12-05,Canada,8891
2016-12-05,Iran,8345
2016-12-05,Mexico,7957
2016-12-05,Pakistan,7919
2016-12-05,Yemen,7716
2016-12-05,Italy,7500
2016-12-05,Zimbabwe,6815
2016-12-12,United States,263420
2016-12-12,Syria,105979
2016-12-12,Russia,40152
2016-12-12,Turkey,32866
2016-12-12,United Kingdom,28111
2016-12-12,Israel,25734
2016-12-12,Afghanistan,19676
2016-12-12,Egypt,18607
2016-12-12,India,16399
2016-12-12,Australia,15206
2016-12-12,Iraq,15120
2016-12-12,France,14641
2016-12-12,Canada,14528
2016-12-12,China,13277
2016-12-12,Iran,13030
2016-12-12,Ukraine,10703
2016-12-12,Germany,10562
2016-12-12,Italy,9731
2016-12-12,Philippines,9618
2016-12-12,Yemen,9175
2016-12-12,Jordan,8820
2016-12-12,Pakistan,7907
2016-12-12,Mexico,6533
2016-12-12,Nigeria,6393
2016-12-12,Spain,6281
2016-12-19,United States,192126
2016-12-19,Turkey,116094
2016-12-19,Russia,94035
2016-12-19,Germany,91559
2016-12-19,Syria,68168
2016-12-19,Israel,37876
2016-12-19,Italy,35903
2016-12-19,France,21185
2016-12-19,Tunisia,21073
2016-12-19,United Kingdom,20180
2016-12-19,Jordan,19460
2016-12-19,India,17672
2016-12-19,Australia,17506
2016-12-19,Iraq,15446
2016-12-19,Canada,14999
2016-12-19,Ukraine,14606
2016-12-19,Pakistan,11993
2016-12-19,Indonesia,10590
2016-12-19,Egypt,9907
2016-12-19,Afghanistan,9215
2016-12-19,China,9102
2016-12-19,Mexico,8568
2016-12-19,Yemen,8533
2016-12-19,Philippines,8276
2016-12-19,Poland,8075
2016-12-26,United States,187072
2016-12-26,Russia,58369
2016-12-26,Syria,47616
2016-12-26,Turkey,41133
2016-12-26,Israel,36183
2016-12-26,Iraq,22076
2016-12-26,Germany,17458
2016-12-26,United Kingdom,16869
2016-12-26,India,16011
2016-12-26,Ukraine,11215
2016-12-26,China,10938
2016-12-26,France,9994
2016-12-26,Indonesia,9987
2016-12-26,Italy,9501
2016-12-26,Nigeria,9188
2016-12-26,Yemen,9045
2016-12-26,Brazil,7873
2016-12-26,Australia,7781
2016-12-26,Egypt,7655
2016-12-26,Mexico,7480
2016-12-26,Iran,6841
2016-12-26,Japan,6407
2016-12-26,Afghanistan,6245
2016-12-26,Pakistan,6148
2016-12-26,Canada,5940
2017-01-02,United States,246440
2017-01-02,Turkey,83483
2017-01-02,Israel,58529
2017-01-02,Syria,38415
2017-01-02,Iraq,33495
2017-01-02,Russia,28369
2017-01-02,Brazil,19798
2017-01-02,India,17686
2017-01-02,United Kingdom,17305
2017-01-02,France,14525
2017-01-02,Mexico,12856
2017-01-02,Germany,11896
2017-01-02,Philippines,11720
2017-01-02,China,10588
2017-01-02,Yemen,10256
2017-01-02,Iran,9698
2017-01-02,Canada,9573
2017-01-02,Australia,9354
2017-01-02,Nigeria,9031
2017-01-02,Saudi Arabia,8901
2017-01-02,Chile,8226
2017-01-02,Egypt,7649
2017-01-02,Ukraine,7397
2017-01-02,Pakistan,7030
2017-01-02,Afghanistan,6435
2017-01-09,United States,263202
2017-01-09,Israel,37197
2017-01-09,Russia,31605
2017-01-09,Syria,29940
2017-01-09,Afghanistan,25470
2017-01-09,United Kingdom,24116
2017-01-09,Iraq,19877
2017-01-09,France,17185
2017-01-09,Turkey,17180
2017-01-09,Australia,14303
2017-01-09,China,13699
2017-01-09,India,13426
2017-01-09,Nigeria,11885
2017-01-09,Iran,11839
2017-01-09,Egypt,11736
2017-01-09,Brazil,11311
2017-01-09,Mexico,10935
2017-01-09,Ukraine,10156
2017-01-09,Germany,9585
2017-01-09,Canada,9125
2017-01-09,Italy,8216
2017-01-09,Yemen,8127
2017-01-09,Pakistan,7473
2017-01-09,Chile,7004
2017-01-09,Poland,6929
2017-01-16,United States,337944
2017-01-16,Israel,45129
2017-01-16,Mexico,36691
2017-01-16,Syria,32066
2017-01-16,Turkey,31980
2017-01-16,United Kingdom,30928
2017-01-16,Russia,25182
2017-01-16,Iraq,19782
2017-01-16,Nigeria,19620
2017-01-16,India,18492
2017-01-16,Australia,15642
2017-01-16,Afghanistan,12442
2017-01-16,Brazil,12204
2017-01-16,Iran,11887
2017-01-16,Italy,10747
2017-01-16,Gambia,10675
2017-01-16,Canada,10196
2017-01-16,Ukraine,9951
2017-01-16,Pakistan,9555
2017-01-16,France,9546
2017-01-16,China,8715
2017-01-16,Germany,8114
2017-01-16,Yemen,7660
2017-01-16,Philippines,6871
2017-01-16,Egypt,6535
2017-01-23,United States,363668
2017-01-23,Syria,58891
2017-01-23,Mexico,38434
2017-01-23,Israel,37411
2017-01-23,United Kingdom,36788
2017-01-23,Russia,31044
2017-01-23,Iraq,29952
2017-01-23,Yemen,22762
2017-01-23,Iran,19322
2017-01-23,Egypt,17849
2017-01-23,Somalia,16978
2017-01-23,Turkey,16623
2017-01-23,Canada,15187
2017-01-23,India,14634
2017-01-23,Australia,13317
2017-01-23,Ukraine,11878
2017-01-23,Germany,11221
2017-01-23,France,10589
2017-01-23,Nigeria,10097
2017-01-23,Saudi Arabia,9523
2017-01-23,Pakistan,8624
2017-01-23,China,8335
2017-01-23,Italy,6419
2017-01-23,Romania,5674
2017-01-23,Afghanistan,5654
2017-01-30,United States,426117
2017-01-30,Canada,63234
2017-01-30,Iraq,61486
2017-01-30,Iran,56054
2017-01-30,Syria,51024
2017-01-30,United Kingdom,40714
2017-01-30,Israel,36379
2017-01-30,Yemen,34813
2017-01-30,France,33209
2017-01-30,Ukraine,31387
2017-01-30,Russia,30008
2017-01-30,Turkey,20384
2017-01-30,Australia,17012
2017-01-30,India,16966
2017-01-30,Mexico,15561
2017-01-30,Germany,13512
2017-01-30,Philippines,10656
2017-01-30,Afghanistan,10498
2017-01-30,Pakistan,9939
2017-01-30,Nigeria,9465
2017-01-30,Saudi Arabia,8803
2017-01-30,Egypt,8511
2017-01-30,Palestine,7436
2017-01-30,Romania,6794
2017-01-30,China,6780
2017-02-06,United States,375212
2017-02-06,Syria,51250
2017-02-06,Israel,41949
2017-02-06,Russia,31173
2017-02-06,United Kingdom,29190
2017-02-06,Turkey,25392
2017-02-06,France,22880
2017-02-06,Afghanistan,22090
2017-02-06,Yemen,20233
2017-02-06,Australia,18961
2017-02-06,Iran,18762
2017-02-06,Iraq,17786
2017-02-06,India,16284
2017-02-06,Ukraine,15883
2017-02-06,Mexico,15476
2017-02-06,Canada,14906
2017-02-06,Philippines,10203
2017-02-06,Germany,9842
2017-02-06,Pakistan,9681
2017-02-06,China,8851
2017-02-06,Nigeria,8608
2017-02-06,Egypt,8434
2017-02-06,North Korea,7619
2017-02-06,Somalia,7127
2017-02-06,Brazil,6693
2017-02-13,United States,280578
2017-02-13,Pakistan,38909
2017-02-13,Russia,35559
2017-02-13,Syria,35194
2017-02-13,North Korea,30521
2017-02-13,Israel,29895
2017-02-13,Malaysia,24976
2017-02-13,Iraq,22844
2017-02-13,Australia,21805
2017-02-13,United Kingdom,20633
2017-02-13,Mexico,18870
2017-02-13,Turkey,18784
2017-02-13,India,18079
2017-02-13,South Korea,17752
2017-02-13,China,15730
2017-02-13,Canada,13798
2017-02-13,Ukraine,13775
2017-02-13,France,13661
2017-02-13,Afghanistan,13301
2017-02-13,Germany,10176
2017-02-13,Egypt,9768
2017-02-13,Yemen,8121
2017-02-13,Nigeria,7459
2017-02-13,Sweden,7213
2017-02-13,Iran,7150
2017-02-20,United States,283961
2017-02-20,Syria,60226
2017-02-20,Iraq,38353
2017-02-20,Israel,36989
2017-02-20,Malaysia,29067
2017-02-20,United Kingdom,25682
2017-02-20,Russia,24860
2017-02-20,Turkey,24260
2017-02-20,North Korea,19545
2017-02-20,India,19344
2017-02-20,Mexico,18076
2017-02-20,Germany,16885
2017-02-20,Australia,16724
2017-02-20,Pakistan,16575
2017-02-20,France,13454
2017-02-20,Ukraine,12407
2017-02-20,Philippines,11848
2017-02-20,Egypt,11400
2017-02-20,Nigeria,11375
2017-02-20,Canada,10267
2017-02-20,Sweden,9761
2017-02-20,Yemen,9121
2017-02-20,Afghanistan,9116
2017-02-20,China,8933
2017-02-20,Italy,8024
2017-02-27,United States,301432
2017-02-27,Syria,47276
2017-02-27,Israel,42366
2017-02-27,Russia,31608
2017-02-27,Turkey,25555
2017-02-27,Iraq,25329
2017-02-27,United Kingdom,23324
2017-02-27,Germany,23085
2017-02-27,India,21441
2017-02-27,North Korea,18839
2017-02-27,Malaysia,17988
2017-02-27,Yemen,17976
2017-02-27,Afghanistan,17394
2017-02-27,Australia,16743
2017-02-27,Egypt,14680
2017-02-27,Iran,13995
2017-02-27,Ukraine,12118
2017-02-27,Canada,11776
2017-02-27,Philippines,11755
2017-02-27,Pakistan,11658
2017-02-27,South Korea,11657
2017-02-27,France,11448
2017-02-27,China,11274
2017-02-27,Indonesia,11182
2017-02-27,Mexico,10928
2017-03-06,United States,310870
2017-03-06,Turkey,48540
2017-03-06,Syria,42765
2017-03-06,Iraq,33852
2017-03-06,North Korea,29728
2017-03-06,Israel,29111
2017-03-06,Afghanistan,27822
2017-03-06,Russia,23987
2017-03-06,India,22371
2017-03-06,Netherlands,20504
2017-03-06,Germany,20379
2017-03-06,United Kingdom,19776
2017-03-06,South Korea,19235
2017-03-06,Australia,18538
2017-03-06,Malaysia,16928
2017-03-06,Yemen,14525
2017-03-06,Canada,14002
2017-03-06,Pakistan,13641
2017-03-06,China,12589
2017-03-06,France,11884
2017-03-06,Japan,10828
2017-03-06,Ukraine,10769
2017-03-06,Nigeria,9829
2017-03-06,Philippines,8282
2017-03-06,Mexico,8048
2017-03-13,United States,293227
2017-03-13,Syria,51784
2017-03-13,France,48186
2017-03-13,Israel,35825
2017-03-13,Turkey,31873
2017-03-13,United Kingdom,21869
2017-03-13,Russia,21808
2017-03-13,Iraq,20025
2017-03-13,Netherlands,18889
2017-03-13,Germany,18464
2017-03-13,North Korea,15557
2017-03-13,Australia,15527
2017-03-13,Yemen,14825
2017-03-13,India,14112
2017-03-13,Canada,13761
2017-03-13,Ukraine,13469
2017-03-13,Afghanistan,10878
2017-03-13,Pakistan,10569
2017-03-13,Nigeria,9734
2017-03-13,China,9676
2017-03-13,South Korea,8951
2017-03-13,Somalia,8847
2017-03-13,Mexico,8815
2017-03-13,Iran,8415
2017-03-13,Egypt,8359
2017-03-20,United States,244461
2017-03-20,United Kingdom,136893
2017-03-20,Syria,39822
2017-03-20,Israel,39218
2017-03-20,Russia,33591
2017-03-20,France,22994
2017-03-20,Ukraine,19542
2017-03-20,Iraq,18361
2017-03-20,India,17795
2017-03-20,Turkey,17042
2017-03-20,Australia,13525
2017-03-20,Germany,12837
2017-03-20,Egypt,11520
2017-03-20,Canada,11315
2017-03-20,Belgium,10177
2017-03-20,China,10012
2017-03-20,Nigeria,9500
2017-03-20,Mexico,9405
2017-03-20,Yemen,7898
2017-03-20,Afghanistan,7804
2017-03-20,South Korea,7433
2017-03-20,Bangladesh,7151
2017-03-20,Pakistan,6947
2017-03-20,Brazil,6790
2017-03-20,Italy,6361
2017-03-27,United States,267341
2017-03-27,Russia,36187
2017-03-27,United Kingdom,35035
2017-03-27,Israel,29366
2017-03-27,Iraq,22405
2017-03-27,Syria,21374
2017-03-27,India,18717
2017-03-27,China,16251
2017-03-27,Pakistan,13655
2017-03-27,France,13247
2017-03-27,Australia,12952
2017-03-27,Mexico,12449
2017-03-27,Ukraine,12267
2017-03-27,Turkey,12062
2017-03-27,Germany,10293
2017-03-27,Nigeria,9422
2017-03-27,South Korea,8309
2017-03-27,Canada,8270
2017-03-27,South Africa,7638
2017-03-27,Colombia,7183
2017-03-27,Yemen,7030
2017-03-27,Bangladesh,6746
2017-03-27,Italy,6244
2017-03-27,Egypt,6208
2017-03-27,Venezuela,6031
2017-04-03,Syria,295302
2017-04-03,United States,267891
2017-04-03,Russia,105651
2017-04-03,Sweden,49288
2017-04-03,United Kingdom,39290
2017-04-03,Israel,38117
2017-04-03,Egypt,22602
2017-04-03,Iraq,19369
2017-04-03,France,17738
2017-04-03,India,16981
2017-04-03,Turkey,16733
2017-04-03,North Korea,16233
2017-04-03,China,13833
2017-04-03,Canada,13157
2017-04-03,Australia,12714
2017-04-03,Germany,11113
2017-04-03,Ukraine,10714
2017-04-03,Venezuela,10038
2017-04-03,Iran,9617
2017-04-03,Mexico,9203
2017-04-03,Yemen,8526
2017-04-03,Pakistan,8350
2017-04-03,Nigeria,7945
2017-04-03,Saudi Arabia,7899
2017-04-03,South Korea,6753
2017-04-10,United States,283550
2017-04-10,Syria,126132
2017-04-10,Russia,54353
2017-04-10,Afghanistan,34434
2017-04-10,Israel,32669
2017-04-10,Egypt,28787
2017-04-10,United Kingdom,26656
2017-04-10,North Korea,25871
2017-04-10,South Korea,20325
2017-04-10,Turkey,18751
2017-04-10,Pakistan,17499
2017-04-10,India,16458
2017-04-10,Mexico,15129
2017-04-10,Iraq,14975
2017-04-10,China,14173
2017-04-10,Australia,13442
2017-04-10,Nigeria,12335
2017-04-10,Philippines,11413
2017-04-10,France,10934
2017-04-10,Sweden,10388
2017-04-10,Ukraine,9805
2017-04-10,Canada,9715
2017-04-10,Venezuela,9703
2017-04-10,Italy,9444
2017-04-10,Iran,7860
2017-04-17,United States,276180
2017-04-17,France,65122
2017-04-17,Syria,32800
2017-04-17,Israel,32337
2017-04-17,Russia,30998
2017-04-17,United Kingdom,22393
2017-04-17,Afghanistan,19709
2017-04-17,Venezuela,17353
2017-04-17,Mexico,16277
2017-04-17,India,16232
2017-04-17,Turkey,16117
2017-04-17,North Korea,15051
2017-04-17,South Korea,12204
2017-04-17,Australia,12145
2017-04-17,Egypt,11791
2017-04-17,Iraq,10920
2017-04-17,China,10200
2017-04-17,Pakistan,9059
2017-04-17,Ukraine,8804
2017-04-17,Germany,8796
2017-04-17,Philippines,8699
2017-04-17,Canada,7850
2017-04-17,Yemen,7677
2017-04-17,Nigeria,6889
2017-04-17,Italy,6430
2017-04-24,United States,294639
2017-04-24,Syria,47691
2017-04-24,Israel,39499
2017-04-24,Turkey,35415
2017-04-24,North Korea,35142
2017-04-24,United Kingdom,34273
2017-04-24,France,29494
2017-04-24,Russia,25511
2017-04-24,Afghanistan,22443
2017-04-24,India,19494
2017-04-24,China,16883
2017-04-24,Germany,15600
2017-04-24,Iraq,15300
2017-04-24,South Korea,12555
2017-04-24,Australia,11867
2017-04-24,Egypt,11802
2017-04-24,Venezuela,11443
2017-04-24,Ukraine,10718
2017-04-24,Albania,10460
2017-04-24,Pakistan,10247
2017-04-24,Brazil,10076
2017-04-24,Mexico,10046
2017-04-24,Philippines,9246
2017-04-24,North Macedonia,9139
2017-04-24,Iran,8522
2017-05-01,United States,285387
2017-05-01,France,30972
2017-05-01,Israel,29906
2017-05-01,Syria,29130
2017-05-01,United Kingdom,22829
2017-05-01,Russia,20565
2017-05-01,India,19758
2017-05-01,Afghanistan,19073
2017-05-01,Pakistan,14578
2017-05-01,Iraq,13719
2017-05-01,Turkey,13698
2017-05-01,Mexico,13406
2017-05-01,Venezuela,12900
2017-05-01,Nigeria,12584
2017-05-01,North Korea,12054
2017-05-01,Australia,11909
2017-05-01,Germany,9718
2017-05-01,Ukraine,8341
2017-05-01,Philippines,8282
2017-05-01,Somalia,8210
2017-05-01,Canada,8153
2017-05-01,China,8074
2017-05-01,Egypt,7874
2017-05-01,South Korea,6726
2017-05-01,North Macedonia,5807
2017-05-08,United States,246302
2017-05-08,Russia,27695
2017-05-08,Israel,27168
2017-05-08,Syria,26152
2017-05-08,United Kingdom,22992
2017-05-08,France,19836
2017-05-08,India,17641
2017-05-08,Pakistan,14723
2017-05-08,Australia,14569
2017-05-08,Turkey,13648
2017-05-08,China,12888
2017-05-08,North Korea,12876
2017-05-08,Afghanistan,12624
2017-05-08,Ukraine,12360
2017-05-08,Venezuela,10368
2017-05-08,Iraq,10309
2017-05-08,Mexico,9601
2017-05-08,Germany,9393
2017-05-08,Indonesia,9340
2017-05-08,Canada,8839
2017-05-08,Iran,8278
2017-05-08,Nigeria,8067
2017-05-08,Philippines,7326
2017-05-08,South Korea,7216
2017-05-08,Japan,6836
2017-05-15,United States,270454
2017-05-15,Israel,34739
2017-05-15,Syria,32853
2017-05-15,Russia,32043
2017-05-15,United Kingdom,26868
2017-05-15,Iran,24721
2017-05-15,Mexico,19966
2017-05-15,Turkey,17513
2017-05-15,Australia,16377
2017-05-15,India,16316
2017-05-15,Afghanistan,16070
2017-05-15,Iraq,15167
2017-05-15,China,13017
2017-05-15,Ukraine,12382
2017-05-15,Saudi Arabia,12013
2017-05-15,Venezuela,11523
2017-05-15,North Korea,11433
2017-05-15,Pakistan,11236
2017-05-15,Sweden,11090
2017-05-15,France,9022
2017-05-15,Germany,8992
2017-05-15,Nigeria,8618
2017-05-15,Canada,8101
2017-05-15,Palestine,7535
2017-05-15,Indonesia,7415
2017-05-22,United States,258914
2017-05-22,United Kingdom,88582
2017-05-22,Philippines,39284
2017-05-22,Egypt,31746
2017-05-22,Israel,31263
2017-05-22,Libya,23149
2017-05-22,Indonesia,22221
2017-05-22,Russia,21376
2017-05-22,Syria,21234
2017-05-22,Iraq,18610
2017-05-22,India,17193
2017-05-22,Australia,15260
2017-05-22,Turkey,13672
2017-05-22,Afghanistan,13310
2017-05-22,Brazil,11373
2017-05-22,Pakistan,11118
2017-05-22,Iran,10310
2017-05-22,Ukraine,9176
2017-05-22,France,8954
2017-05-22,Belgium,8868
2017-05-22,Venezuela,8841
2017-05-22,Saudi Arabia,8763
2017-05-22,Mexico,8410
2017-05-22,China,7920
2017-05-22,Germany,7732
2017-05-29,United States,210808
2017-05-29,United Kingdom,81042
2017-05-29,Afghanistan,42743
2017-05-29,Philippines,38358
2017-05-29,Russia,24320
2017-05-29,Israel,21533
2017-05-29,Australia,18942
2017-05-29,Syria,18637
2017-05-29,Iraq,18402
2017-05-29,India,17728
2017-05-29,France,15849
2017-05-29,Germany,15219
2017-05-29,Pakistan,12629
2017-05-29,Ukraine,12025
2017-05-29,North Korea,11999
2017-05-29,Turkey,10891
2017-05-29,China,10874
2017-05-29,Panama,8789
2017-05-29,Egypt,8656
2017-05-29,Mexico,8558
2017-05-29,Indonesia,8524
2017-05-29,Canada,7819
2017-05-29,Nigeria,6978
2017-05-29,Venezuela,6794
2017-05-29,Yemen,6161
2017-06-05,United States,255404
2017-06-05,United Kingdom,94488
2017-06-05,Qatar,52718
2017-06-05,Iran,47959
2017-06-05,Australia,30728
2017-06-05,Israel,26554
2017-06-05,Syria,26540
2017-06-05,Russia,24877
2017-06-05,France,24610
2017-06-05,Philippines,21298
2017-06-05,India,20394
2017-06-05,Iraq,19603
2017-06-05,Saudi Arabia,19241
2017-06-05,Egypt,18594
2017-06-05,Afghanistan,15292
2017-06-05,United Arab Emirates,15119
2017-06-05,Bahrain,13110
2017-06-05,Turkey,12855
2017-06-05,Pakistan,10840
2017-06-05,Canada,9908
2017-06-05,China,9759
2017-06-05,Mexico,9639
2017-06-05,Ukraine,9063
2017-06-05,Yemen,9011
2017-06-05,Nigeria,7747
2017-06-12,United States,315466
2017-06-12,United Kingdom,43544
2017-06-12,Russia,37864
2017-06-12,Israel,25402
2017-06-12,Syria,25292
2017-06-12,Afghanistan,19441
2017-06-12,India,17871
2017-06-12,Philippines,15876
2017-06-12,Qatar,14509
2017-06-12,Turkey,14193
2017-06-12,Iraq,14130
2017-06-12,Australia,13145
2017-06-12,Egypt,11356
2017-06-12,China,10656
2017-06-12,Iran,10097
2017-06-12,France,9747
2017-06-12,Ukraine,9479
2017-06-12,Germany,9385
2017-06-12,Japan,9189
2017-06-12,Pakistan,9132
2017-06-12,Saudi Arabia,8936
2017-06-12,Mexico,8125
2017-06-12,Canada,7381
2017-06-12,Yemen,7297
2017-06-12,North Korea,7243
2017-06-19,United States,266932
2017-06-19,United Kingdom,51092
2017-06-19,Syria,44454
2017-06-19,Russia,29782
2017-06-19,Pakistan,24572
2017-06-19,France,24150
2017-06-19,Israel,22420
2017-06-19,Iraq,21520
2017-06-19,Iran,19828
2017-06-19,North Korea,19301
2017-06-19,Philippines,18317
2017-06-19,India,15624
2017-06-19,Saudi Arabia,14716
2017-06-19,Afghanistan,14551
2017-06-19,Australia,12957
2017-06-19,Canada,12122
2017-06-19,Belgium,12057
2017-06-19,Turkey,11934
2017-06-19,Ukraine,11155
2017-06-19,Venezuela,10331
2017-06-19,Yemen,9972
2017-06-19,Qatar,8617
2017-06-19,Nigeria,8423
2017-06-19,China,8340
2017-06-19,Mexico,8152
2017-06-26,United States,274703
2017-06-26,Syria,45330
2017-06-26,Israel,28172
2017-06-26,Russia,23522
2017-06-26,United Kingdom,21607
2017-06-26,China,21314
2017-06-26,Australia,18220
2017-06-26,Iraq,18204
2017-06-26,Venezuela,14987
2017-06-26,Lebanon,14727
2017-06-26,India,14353
2017-06-26,Ukraine,14127
2017-06-26,Turkey,13193
2017-06-26,Iran,11242
2017-06-26,Philippines,10910
2017-06-26,Mexico,9491
2017-06-26,Germany,7648
2017-06-26,France,7614
2017-06-26,Canada,7085
2017-06-26,Pakistan,6826
2017-06-26,Italy,5942
2017-06-26,Nigeria,5843
2017-06-26,Yemen,5615
2017-06-26,Brazil,5585
2017-06-26,Afghanistan,5159
2017-07-03,United States,223215
2017-07-03,Syria,28584
2017-07-03,Germany,28209
2017-07-03,Russia,24763
2017-07-03,Iraq,19627
2017-07-03,Israel,19228
2017-07-03,United Kingdom,17752
2017-07-03,Egypt,17489
2017-07-03,North Korea,16699
2017-07-03,China,15041
2017-07-03,Turkey,14033
2017-07-03,India,13928
2017-07-03,France,10424
2017-07-03,Ukraine,10058
2017-07-03,Canada,9895
2017-07-03,Mexico,9782
2017-07-03,Australia,9331
2017-07-03,Venezuela,9308
2017-07-03,South Korea,9202
2017-07-03,Philippines,8579
2017-07-03,Pakistan,7833
2017-07-03,Japan,6726
2017-07-03,Qatar,6227
2017-07-03,Spain,6106
2017-07-03,Kenya,5740
2017-07-10,United States,223083
2017-07-10,Israel,44586
2017-07-10,United Kingdom,23761
2017-07-10,Syria,23229
2017-07-10,Iraq,22852
2017-07-10,Russia,22104
2017-07-10,India,20738
2017-07-10,Egypt,18798
2017-07-10,Turkey,17226
2017-07-10,China,15005
2017-07-10,Iran,13039
2017-07-10,Brazil,11049
2017-07-10,Germany,10523
2017-07-10,Australia,10427
2017-07-10,Canada,9765
2017-07-10,Ukraine,9480
2017-07-10,France,9209
2017-07-10,Philippines,9184
2017-07-10,Pakistan,8842
2017-07-10,Afghanistan,7805
2017-07-10,Venezuela,7052
2017-07-10,Nigeria,6855
2017-07-10,Mexico,6034
2017-07-10,Qatar,5805
2017-07-10,Italy,5527
2017-07-17,United States,217089
2017-07-17,Israel,110388
2017-07-17,Syria,22790
2017-07-17,Russia,22117
2017-07-17,Australia,21126
2017-07-17,United Kingdom,18260
2017-07-17,Turkey,16550
2017-07-17,Iran,15860
2017-07-17,Afghanistan,14369
2017-07-17,Iraq,13965
2017-07-17,Palestine,12861
2017-07-17,India,12267
2017-07-17,China,11586
2017-07-17,Venezuela,11443
2017-07-17,Germany,11194
2017-07-17,Egypt,11144
2017-07-17,Ukraine,10214
2017-07-17,Nigeria,9827
2017-07-17,Philippines,8935
2017-07-17,Canada,8473
2017-07-17,Pakistan,8407
2017-07-17,Mexico,7601
2017-07-17,Lebanon,5885
2017-07-17,France,5467
2017-07-17,Brazil,5073
2017-07-24,United States,236431
2017-07-24,Israel,92445
2017-07-24,Russia,31774
2017-07-24,Venezuela,24222
2017-07-24,United Kingdom,23533
2017-07-24,Syria,17471
2017-07-24,Germany,16112
2017-07-24,Australia,15452
2017-07-24,Iran,14403
2017-07-24,Philippines,14147
2017-07-24,Afghanistan,13799
2017-07-24,Jordan,13695
2017-07-24,France,13000
2017-07-24,India,12868
2017-07-24,China,12396
2017-07-24,Iraq,12218
2017-07-24,Pakistan,11302
2017-07-24,Turkey,10095
2017-07-24,North Korea,9598
2017-07-24,Palestine,9322
2017-07-24,Ukraine,8343
2017-07-24,Mexico,7880
2017-07-24,Canada,7692
2017-07-24,Nigeria,7336
2017-07-24,Italy,5978
2017-07-31,United States,232058
2017-07-31,Russia,36806
2017-07-31,Venezuela,35042
2017-07-31,Israel,30239
2017-07-31,United Kingdom,24371
2017-07-31,Afghanistan,22011
2017-07-31,Australia,19364
2017-07-31,Syria,16314
2017-07-31,India,15695
2017-07-31,North Korea,15665
2017-07-31,China,13562
2017-07-31,Iraq,10897
2017-07-31,Turkey,10577
2017-07-31,Germany,9200
2017-07-31,Ukraine,8694
2017-07-31,Philippines,8479
2017-07-31,France,8303
2017-07-31,Iran,7888
2017-07-31,Nigeria,7692
2017-07-31,Pakistan,7552
2017-07-31,Canada,7343
2017-07-31,Italy,7181
2017-07-31,Mexico,7170
2017-07-31,Romania,6154
2017-07-31,Yemen,6147
2017-08-07,United States,219178
2017-08-07,Israel,28152
2017-08-07,North Korea,24070
2017-08-07,United Kingdom,21965
2017-08-07,Venezuela,19142
2017-08-07,Russia,18975
2017-08-07,Kenya,18365
2017-08-07,Syria,16903
2017-08-07,India,14173
2017-08-07,France,13721
2017-08-07,Australia,12728
2017-08-07,China,11305
2017-08-07,Canada,10398
2017-08-07,Pakistan,10377
2017-08-07,Afghanistan,9885
2017-08-07,Nigeria,9760
2017-08-07,Italy,9244
2017-08-07,Turkey,8561
2017-08-07,South Korea,8465
2017-08-07,Guam,7971
2017-08-07,Iraq,7918
2017-08-07,Ukraine,7846
2017-08-07,Iran,7596
2017-08-07,Philippines,7447
2017-08-07,Egypt,6654
2017-08-14,United States,291468
2017-08-14,Spain,94165
2017-08-14,Israel,27365
2017-08-14,United Kingdom,21731
2017-08-14,France,16674
2017-08-14,Australia,16361
2017-08-14,North Korea,16286
2017-08-14,Germany,14175
2017-08-14,Turkey,14166
2017-08-14,Russia,14166
2017-08-14,South Africa,13973
2017-08-14,Syria,13830
2017-08-14,Philippines,13376
2017-08-14,Iraq,12570
2017-08-14,India,12145
2017-08-14,China,11268
2017-08-14,Finland,9851
2017-08-14,Venezuela,9637
2017-08-14,Afghanistan,9033
2017-08-14,Canada,9028
2017-08-14,Ukraine,8632
2017-08-14,South Korea,8353
2017-08-14,Nigeria,8279
2017-08-14,Pakistan,7529
2017-08-14,Morocco,7330
2017-08-21,United States,256656
2017-08-21,Spain,68367
2017-08-21,Afghanistan,24593
2017-08-21,Israel,23687
2017-08-21,United Kingdom,20486
2017-08-21,India,16069
2017-08-21,Russia,15123
2017-08-21,Syria,14985
2017-08-21,South Korea,14961
2017-08-21,Iraq,12752
2017-08-21,Australia,11991
2017-08-21,North Korea,10682
2017-08-21,Philippines,9270
2017-08-21,Bangladesh,9236
2017-08-21,China,9186
2017-08-21,Venezuela,9095
2017-08-21,Ukraine,8928
2017-08-21,Belgium,8381
2017-08-21,Morocco,8352
2017-08-21,Germany,8099
2017-08-21,France,7700
2017-08-21,Pakistan,7587
2017-08-21,Canada,7504
2017-08-21,Yemen,7349
2017-08-21,Mexico,7256
2017-08-28,United States,140108
2017-08-28,Russia,23738
2017-08-28,United Kingdom,12739
2017-08-28,Israel,11799
2017-08-28,India,10784
2017-08-28,Bangladesh,9817
2017-08-28,Iraq,9608
2017-08-28,Syria,9562
2017-08-28,North Korea,9466
2017-08-28,Germany,7200
2017-08-28,Pakistan,6910
2017-08-28,South Korea,6816
2017-08-28,Australia,6409
2017-08-28,China,6393
2017-08-28,Turkey,6076
2017-08-28,France,5910
2017-08-28,Philippines,5690
2017-08-28,Ukraine,5642
2017-08-28,Iran,4526
2017-08-28,Japan,4472
2017-08-28,Canada,4367
2017-08-28,Nigeria,4315
2017-08-28,Venezuela,4205
2017-08-28,Spain,3865
2017-08-28,Lebanon,3815
2017-09-04,United States,213744
2017-09-04,India,24344
2017-09-04,Russia,23504
2017-09-04,Israel,23210
2017-09-04,Syria,20008
2017-09-04,United Kingdom,18638
2017-09-04,North Korea,16769
2017-09-04,Bangladesh,14713
2017-09-04,France,13142
2017-09-04,South Korea,12845
2017-09-04,Australia,11878
2017-09-04,Turkey,11623
2017-09-04,China,10970
2017-09-04,Ukraine,10119
2017-09-04,Mexico,9656
2017-09-04,Philippines,7750
2017-09-04,Germany,7692
2017-09-04,Colombia,7682
2017-09-04,Egypt,7227
2017-09-04,Pakistan,7083
2017-09-04,Canada,6447
2017-09-04,Myanmar,6316
2017-09-04,Iraq,6160
2017-09-04,Nigeria,6060
2017-09-04,Spain,5844
2017-09-11,United States,260716
2017-09-11,United Kingdom,48193
2017-09-11,Russia,24247
2017-09-11,North Korea,22773
2017-09-11,Israel,18668
2017-09-11,Syria,17891
2017-09-11,Bangladesh,16968
2017-09-11,Iraq,15797
2017-09-11,India,15251
2017-09-11,France,13114
2017-09-11,Egypt,11598
2017-09-11,Turkey,11352
2017-09-11,Australia,10521
2017-09-11,China,10422
2017-09-11,Ukraine,10061
2017-09-11,Pakistan,8925
2017-09-11,Germany,8867
2017-09-11,South Korea,8504
2017-09-11,Canada,8361
2017-09-11,Spain,7904
2017-09-11,Nigeria,7684
2017-09-11,Japan,7599
2017-09-11,Iran,7070
2017-09-11,Brazil,6778
2017-09-11,Philippines,6744
2017-09-18,United States,243827
2017-09-18,United Kingdom,29682
2017-09-18,North Korea,22968
2017-09-18,Russia,22527
2017-09-18,Israel,21044
2017-09-18,Syria,20512
2017-09-18,Iraq,14919
2017-09-18,India,14454
2017-09-18,Mexico,13558
2017-09-18,Spain,12813
2017-09-18,Turkey,12789
2017-09-18,Bangladesh,11856
2017-09-18,Australia,11356
2017-09-18,France,10057
2017-09-18,Iran,9964
2017-09-18,China,8904
2017-09-18,Japan,8647
2017-09-18,Ukraine,8279
2017-09-18,Pakistan,8276
2017-09-18,Philippines,7907
2017-09-18,Germany,7844
2017-09-18,Canada,7820
2017-09-18,Nigeria,7001
2017-09-18,Afghanistan,5376
2017-09-18,South Korea,5063
2017-09-25,United States,219442
2017-09-25,Israel,28176
2017-09-25,Iraq,22741
2017-09-25,Russia,22509
2017-09-25,United Kingdom,20189
2017-09-25,Syria,18866
2017-09-25,Spain,17916
2017-09-25,North Korea,16028
2017-09-25,Turkey,13789
2017-09-25,India,13719
2017-09-25,Afghanistan,12519
2017-09-25,Iran,11366
2017-09-25,China,11297
2017-09-25,Ukraine,10739
2017-09-25,Australia,10003
2017-09-25,France,9623
2017-09-25,Canada,7755
2017-09-25,Pakistan,7725
2017-09-25,Palestine,7446
2017-09-25,Bangladesh,7100
2017-09-25,Cuba,6958
2017-09-25,Germany,6454
2017-09-25,Nigeria,6452
2017-09-25,Italy,6056
2017-09-25,Philippines,5888
2017-10-02,United States,338924
2017-10-02,Myanmar,36078
2017-10-02,Russia,25914
2017-10-02,Israel,25811
2017-10-02,Spain,24474
2017-10-02,Syria,23417
2017-10-02,United Kingdom,21338
2017-10-02,Iraq,15084
2017-10-02,India,13472
2017-10-02,Turkey,13158
2017-10-02,France,12462
2017-10-02,Australia,11933
2017-10-02,Canada,11359
2017-10-02,Philippines,11128
2017-10-02,Pakistan,10474
2017-10-02,Iran,7853
2017-10-02,Ukraine,7705
2017-10-02,Niger,7389
2017-10-02,Palestine,6479
2017-10-02,Mexico,6295
2017-10-02,Italy,5544
2017-10-02,Germany,5512
2017-10-02,Saudi Arabia,5495
2017-10-02,Cuba,5477
2017-10-02,Egypt,5388
2017-10-09,United States,299821
2017-10-09,United Kingdom,23107
2017-10-09,Israel,22215
2017-10-09,Syria,21517
2017-10-09,Turkey,20187
2017-10-09,Afghanistan,17323
2017-10-09,Canada,16914
2017-10-09,India,14736
2017-10-09,Russia,14692
2017-10-09,Pakistan,14100
2017-10-09,Spain,13577
2017-10-09,Myanmar,11795
2017-10-09,Iraq,11783
2017-10-09,Iran,11408
2017-10-09,Australia,10067
2017-10-09,Somalia,8621
2017-10-09,France,8417
2017-10-09,Kenya,8181
2017-10-09,Ukraine,8100
2017-10-09,Egypt,7453
2017-10-09,Nigeria,7076
2017-10-09,Germany,6187
2017-10-09,Philippines,6053
2017-10-09,Italy,6021
2017-10-09,South Korea,5900
2017-10-16,United States,314900
2017-10-16,Afghanistan,37372
2017-10-16,Iraq,33610
2017-10-16,Israel,29612
2017-10-16,Syria,27692
2017-10-16,United Kingdom,26741
2017-10-16,Egypt,22471
2017-10-16,Spain,19037
2017-10-16,Philippines,17756
2017-10-16,Russia,15741
2017-10-16,Pakistan,12185
2017-10-16,Somalia,10650
2017-10-16,India,10591
2017-10-16,Niger,10196
2017-10-16,Turkey,10029
2017-10-16,Australia,9866
2017-10-16,Canada,9856
2017-10-16,France,8670
2017-10-16,Iran,8399
2017-10-16,Germany,8123
2017-10-16,China,8094
2017-10-16,Mexico,7580
2017-10-16,Ukraine,7564
2017-10-16,Chad,7319
2017-10-16,Nigeria,6636
2017-10-23,United States,238515
2017-10-23,Spain,25157
2017-10-23,Russia,25101
2017-10-23,Israel,24339
2017-10-23,Syria,23403
2017-10-23,United Kingdom,21425
2017-10-23,Iraq,18197
2017-10-23,Kenya,16776
2017-10-23,India,12833
2017-10-23,Turkey,12421
2017-10-23,Egypt,12206
2017-10-23,Australia,11558
2017-10-23,Ukraine,11026
2017-10-23,Afghanistan,10931
2017-10-23,Somalia,10478
2017-10-23,Canada,10416
2017-10-23,Philippines,10049
2017-10-23,Niger,8388
2017-10-23,France,8035
2017-10-23,China,7779
2017-10-23,Nigeria,7768
2017-10-23,Pakistan,7538
2017-10-23,Iran,7079
2017-10-23,North Korea,6749
2017-10-23,Germany,6479
2017-10-30,United States,295963
2017-10-30,Russia,32246
2017-10-30,Spain,29736
2017-10-30,Israel,26805
2017-10-30,United Kingdom,26228
2017-10-30,Syria,20088
2017-10-30,Saudi Arabia,14233
2017-10-30,France,13745
2017-10-30,Belgium,13741
2017-10-30,Iraq,13419
2017-10-30,Australia,12188
2017-10-30,Ukraine,11950
2017-10-30,India,11768
2017-10-30,Canada,11654
2017-10-30,Egypt,11204
2017-10-30,Afghanistan,10765
2017-10-30,Turkey,10660
2017-10-30,Iran,8806
2017-10-30,Uzbekistan,8730
2017-10-30,Germany,8265
2017-10-30,China,7368
2017-10-30,Yemen,7116
2017-10-30,Palestine,6768
2017-10-30,Philippines,6681
2017-10-30,Japan,6645
2017-11-06,United States,422543
2017-11-06,Saudi Arabia,27440
2017-11-06,United Kingdom,21496
2017-11-06,Russia,17799
2017-11-06,Israel,17317
2017-11-06,Syria,14554
2017-11-06,Iran,13870
2017-11-06,India,13712
2017-11-06,Yemen,12784
2017-11-06,Spain,12754
2017-11-06,Canada,11631
2017-11-06,France,11283
2017-11-06,North Korea,10959
2017-11-06,Iraq,10676
2017-11-06,Japan,10504
2017-11-06,Ukraine,10381
2017-11-06,Turkey,10001
2017-11-06,Australia,9867
2017-11-06,China,9519
2017-11-06,Afghanistan,9069
2017-11-06,Pakistan,8209
2017-11-06,Egypt,7968
2017-11-06,Philippines,7918
2017-11-06,Lebanon,7474
2017-11-06,Germany,7355
2017-11-13,United States,283521
2017-11-13,Israel,27168
2017-11-13,Zimbabwe,18399
2017-11-13,United Kingdom,18315
2017-11-13,Syria,16247
2017-11-13,Russia,15970
2017-11-13,India,13237
2017-11-13,Iran,12708
2017-11-13,Iraq,10637
2017-11-13,Australia,10550
2017-11-13,Saudi Arabia,9872
2017-11-13,France,8854
2017-11-13,Italy,8526
2017-11-13,Philippines,8469
2017-11-13,Ukraine,7763
2017-11-13,Pakistan,7738
2017-11-13,Canada,7607
2017-11-13,Turkey,7329
2017-11-13,Afghanistan,6923
2017-11-13,Lebanon,6887
2017-11-13,China,6813
2017-11-13,Egypt,6552
2017-11-13,Spain,6302
2017-11-13,Nigeria,6284
2017-11-13,Mexico,5935
2017-11-20,United States,200318
2017-11-20,Egypt,49448
2017-11-20,Israel,24011
2017-11-20,United Kingdom,22629
2017-11-20,Pakistan,17887
2017-11-20,India,17071
2017-11-20,Russia,16702
2017-11-20,Syria,16366
2017-11-20,Serbia,12642
2017-11-20,Ukraine,10695
2017-11-20,Australia,10686
2017-11-20,Mexico,10496
2017-11-20,Germany,9769
2017-11-20,China,9434
2017-11-20,South Africa,9364
2017-11-20,Nigeria,9030
2017-11-20,North Korea,8567
2017-11-20,Bosnia and Herzegovina,8564
2017-11-20,Saudi Arabia,8501
2017-11-20,Canada,8320
2017-11-20,France,8114
2017-11-20,Turkey,8089
2017-11-20,Bangladesh,7972
2017-11-20,Zimbabwe,7820
2017-11-20,Iran,6865
2017-11-27,United States,234538
2017-11-27,Israel,30216
2017-11-27,United Kingdom,27441
2017-11-27,Russia,25137
2017-11-27,North Korea,22384
2017-11-27,Syria,14338
2017-11-27,India,13354
2017-11-27,Pakistan,12091
2017-11-27,Turkey,11453
2017-11-27,Yemen,11178
2017-11-27,China,10811
2017-11-27,Croatia,10447
2017-11-27,Canada,10085
2017-11-27,Egypt,9979
2017-11-27,Australia,9787
2017-11-27,Japan,9501
2017-11-27,Germany,9494
2017-11-27,Mexico,9474
2017-11-27,Bangladesh,8057
2017-11-27,Ukraine,7118
2017-11-27,Bosnia and Herzegovina,6853
2017-11-27,Saudi Arabia,6524
2017-11-27,South Korea,6523
2017-11-27,Afghanistan,6511
2017-11-27,Iran,6472
2017-12-04,United States,279056
2017-12-04,Israel,127676
2017-12-04,United Kingdom,23494
2017-12-04,Yemen,21180
2017-12-04,Palestine,17821
2017-12-04,Russia,17431
2017-12-04,India,13731
2017-12-04,Ukraine,13292
2017-12-04,Syria,12168
2017-12-04,Australia,11363
2017-12-04,Iraq,11320
2017-12-04,Turkey,11280
2017-12-04,Canada,10021
2017-12-04,Iran,9761
2017-12-04,Mexico,8618
2017-12-04,Saudi Arabia,8073
2017-12-04,Pakistan,7596
2017-12-04,Malta,7235
2017-12-04,Spain,7161
2017-12-04,North Korea,6778
2017-12-04,China,6724
2017-12-04,Philippines,6478
2017-12-04,Germany,6300
2017-12-04,Egypt,6251
2017-12-04,Japan,6134
2017-12-11,United States,241399
2017-12-11,Israel,89753
2017-12-11,Russia,20629
2017-12-11,United Kingdom,19003
2017-12-11,India,14847
2017-12-11,Palestine,14306
2017-12-11,Pakistan,11802
2017-12-11,Syria,11677
2017-12-11,Australia,10584
2017-12-11,China,9085
2017-12-11,Bangladesh,9008
2017-12-11,Ukraine,8216
2017-12-11,Nigeria,8171
2017-12-11,France,8170
2017-12-11,Turkey,7690
2017-12-11,North Korea,6957
2017-12-11,Canada,6952
2017-12-11,Yemen,6803
2017-12-11,Indonesia,5733
2017-12-11,Iran,5592
2017-12-11,Iraq,5532
2017-12-11,Saudi Arabia,5345
2017-12-11,South Africa,5207
2017-12-11,Spain,5171
2017-12-11,Mexico,5106
2017-12-18,United States,219163
2017-12-18,Israel,59977
2017-12-18,United Kingdom,22827
2017-12-18,Russia,18798
2017-12-18,India,13606
2017-12-18,Australia,13387
2017-12-18,Turkey,10288
2017-12-18,Palestine,9821
2017-12-18,Ukraine,9646
2017-12-18,Mexico,8896
2017-12-18,Egypt,8551
2017-12-18,Syria,8221
2017-12-18,Spain,8109
2017-12-18,Afghanistan,8076
2017-12-18,Pakistan,7904
2017-12-18,Iraq,7718
2017-12-18,China,7543
2017-12-18,Canada,7461
2017-12-18,Yemen,7410
2017-12-18,North Korea,7209
2017-12-18,France,6237
2017-12-18,Germany,6202
2017-12-18,Saudi Arabia,5965
2017-12-18,Philippines,5585
2017-12-18,Nigeria,5179
2017-12-25,United States,170806
2017-12-25,Israel,44284
2017-12-25,Egypt,30032
2017-12-25,Russia,23509
2017-12-25,Afghanistan,21775
2017-12-25,Syria,16406
2017-12-25,Iran,15644
2017-12-25,Turkey,13166
2017-12-25,India,12690
2017-12-25,United Kingdom,10840
2017-12-25,Pakistan,10605
2017-12-25,China,9937
2017-12-25,Ukraine,8168
2017-12-25,Peru,7028
2017-12-25,Palestine,6905
2017-12-25,Yemen,6641
2017-12-25,Australia,5991
2017-12-25,Mexico,5948
2017-12-25,North Korea,5751
2017-12-25,Iraq,5712
2017-12-25,Nigeria,5554
2017-12-25,Germany,5232
2017-12-25,Philippines,4984
2017-12-25,Saudi Arabia,4974
2017-12-25,Canada,4767
2018-01-01,United States,203685
2018-01-01,Israel,45039
2018-01-01,Iran,36071
2018-01-01,United Kingdom,18591
2018-01-01,India,16482
2018-01-01,Pakistan,16031
2018-01-01,Syria,15978
2018-01-01,Russia,15257
2018-01-01,Afghanistan,10028
2018-01-01,Nigeria,9961
2018-01-01,Turkey,8598
2018-01-01,Australia,8487
2018-01-01,Egypt,8278
2018-01-01,Canada,7148
2018-01-01,France,7128
2018-01-01,Ukraine,6493
2018-01-01,Palestine,5716
2018-01-01,Mexico,5616
2018-01-01,China,5363
2018-01-01,Saudi Arabia,5296
2018-01-01,Iraq,5269
2018-01-01,Germany,4819
2018-01-01,Yemen,4575
2018-01-01,South Korea,3501
2018-01-01,Brazil,3351
2018-01-08,United States,208825
2018-01-08,Israel,39948
2018-01-08,United Kingdom,24312
2018-01-08,Syria,22032
2018-01-08,Russia,17676
2018-01-08,India,14372
2018-01-08,Iran,14362
2018-01-08,Pakistan,11588
2018-01-08,Nigeria,10545
2018-01-08,Turkey,9846
2018-01-08,France,9087
2018-01-08,Mexico,8767
2018-01-08,Tunisia,8567
2018-01-08,Canada,8289
2018-01-08,Ukraine,8001
2018-01-08,Germany,7127
2018-01-08,Palestine,6869
2018-01-08,China,6767
2018-01-08,Australia,6256
2018-01-08,Egypt,5993
2018-01-08,Yemen,4684
2018-01-08,Afghanistan,4324
2018-01-08,Spain,4239
2018-01-08,Italy,4207
2018-01-08,Iraq,4116
2018-01-15,United States,216328
2018-01-15,Israel,42062
2018-01-15,Turkey,28133
2018-01-15,Syria,27130
2018-01-15,Serbia,25951
2018-01-15,Afghanistan,23565
2018-01-15,United Kingdom,21388
2018-01-15,Pakistan,17369
2018-01-15,India,17171
2018-01-15,Russia,16596
2018-01-15,Canada,14985
2018-01-15,Nigeria,12264
2018-01-15,Palestine,10460
2018-01-15,Ukraine,9287
2018-01-15,Chile,8785
2018-01-15,Germany,8748
2018-01-15,Australia,8602
2018-01-15,China,8451
2018-01-15,Iraq,8373
2018-01-15,France,8025
2018-01-15,Venezuela,7849
2018-01-15,Mexico,7042
2018-01-15,Egypt,6599
2018-01-15,Denmark,5273
2018-01-15,Myanmar,4772
2018-01-22,United States,233065
2018-01-22,Turkey,39516
2018-01-22,Syria,35913
2018-01-22,Israel,33154
2018-01-22,Afghanistan,27388
2018-01-22,United Kingdom,23221
2018-01-22,Russia,21610
2018-01-22,India,17800
2018-01-22,Pakistan,14005
2018-01-22,Canada,11817
2018-01-22,Germany,11173
2018-01-22,Australia,10885
2018-01-22,France,9104
2018-01-22,China,7898
2018-01-22,Ukraine,7589
2018-01-22,Vietnam,7364
2018-01-22,Spain,7090
2018-01-22,Brazil,7007
2018-01-22,Philippines,6778
2018-01-22,Nigeria,6456
2018-01-22,Italy,6169
2018-01-22,Egypt,5983
2018-01-22,Mexico,5845
2018-01-22,South Korea,5630
2018-01-22,Palestine,5264
2018-01-29,United States,222226
2018-01-29,Israel,53290
2018-01-29,Syria,36911
2018-01-29,Russia,31499
2018-01-29,Turkey,27842
2018-01-29,United Kingdom,23041
2018-01-29,Afghanistan,18187
2018-01-29,Palestine,14238
2018-01-29,India,12593
2018-01-29,France,11900
2018-01-29,Italy,11890
2018-01-29,Canada,10178
2018-01-29,Nigeria,9601
2018-01-29,Pakistan,9492
2018-01-29,Australia,9166
2018-01-29,Germany,8648
2018-01-29,Ukraine,7371
2018-01-29,China,7280
2018-01-29,Vietnam,6955
2018-01-29,Egypt,6743
2018-01-29,Iran,5863
2018-01-29,Yemen,5861
2018-01-29,Poland,5454
2018-01-29,Brazil,4993
2018-01-29,Iraq,4667
2018-02-05,United States,218060
2018-02-05,Israel,66353
2018-02-05,Syria,61489
2018-02-05,Turkey,26200
2018-02-05,Russia,25615
2018-02-05,United Kingdom,23984
2018-02-05,India,15061
2018-02-05,Pakistan,14596
2018-02-05,France,13018
2018-02-05,Palestine,12370
2018-02-05,Canada,12022
2018-02-05,Iran,11550
2018-02-05,Australia,10328
2018-02-05,Nigeria,9035
2018-02-05,Maldives,8222
2018-02-05,China,8047
2018-02-05,Ukraine,7443
2018-02-05,Mexico,6988
2018-02-05,Italy,6763
2018-02-05,Afghanistan,6459
2018-02-05,Bangladesh,6414
2018-02-05,Egypt,6376
2018-02-05,Germany,6076
2018-02-05,Belgium,5619
2018-02-05,Iraq,5461
2018-02-12,United States,332640
2018-02-12,Israel,56259
2018-02-12,Russia,32115
2018-02-12,Syria,23881
2018-02-12,United Kingdom,21674
2018-02-12,Turkey,21234
2018-02-12,Australia,15734
2018-02-12,Iran,15577
2018-02-12,India,14726
2018-02-12,Pakistan,11734
2018-02-12,Ukraine,10469
2018-02-12,France,9954
2018-02-12,Palestine,9795
2018-02-12,Canada,9399
2018-02-12,Nigeria,9372
2018-02-12,South Africa,8193
2018-02-12,Germany,7422
2018-02-12,Egypt,6881
2018-02-12,Iraq,6707
2018-02-12,Mexico,6279
2018-02-12,Afghanistan,6047
2018-02-12,Philippines,5909
2018-02-12,Italy,5444
2018-02-12,China,5214
2018-02-12,Venezuela,3845
2018-02-19,United States,374361
2018-02-19,Syria,58660
2018-02-19,Israel,48019
2018-02-19,Russia,36514
2018-02-19,United Kingdom,20653
2018-02-19,India,17566
2018-02-19,Turkey,17559
2018-02-19,Afghanistan,15350
2018-02-19,Nigeria,13598
2018-02-19,Australia,13322
2018-02-19,Ukraine,11700
2018-02-19,Canada,10401
2018-02-19,Iran,9741
2018-02-19,France,8944
2018-02-19,Germany,8202
2018-02-19,Iraq,7937
2018-02-19,Philippines,7379
2018-02-19,Mexico,7254
2018-02-19,Pakistan,7065
2018-02-19,China,6826
2018-02-19,Italy,6459
2018-02-19,North Korea,6398
2018-02-19,Palestine,6125
2018-02-19,Bangladesh,5582
2018-02-19,Spain,5245
2018-02-26,United States,314456
2018-02-26,Syria,45587
2018-02-26,Israel,36114
2018-02-26,Russia,26453
2018-02-26,United Kingdom,21176
2018-02-26,Turkey,16424
2018-02-26,Australia,15496
2018-02-26,India,12475
2018-02-26,France,12331
2018-02-26,Nigeria,12105
2018-02-26,Italy,11776
2018-02-26,Slovakia,11645
2018-02-26,Ukraine,10570
2018-02-26,Canada,9961
2018-02-26,Germany,9256
2018-02-26,Burkina Faso,8261
2018-02-26,China,6959
2018-02-26,Albania,6560
2018-02-26,Afghanistan,6404
2018-02-26,Mexico,6209
2018-02-26,Pakistan,5768
2018-02-26,Egypt,5053
2018-02-26,Iran,4818
2018-02-26,Mali,4738
2018-02-26,Spain,4722
2018-03-05,United States,268650
2018-03-05,Russia,38767
2018-03-05,Israel,34908
2018-03-05,Syria,33422
2018-03-05,United Kingdom,26611
2018-03-05,Turkey,16729
2018-03-05,India,13731
2018-03-05,Afghanistan,13342
2018-03-05,Canada,11307
2018-03-05,Australia,9013
2018-03-05,China,8546
2018-03-05,Pakistan,8189
2018-03-05,Mexico,8151
2018-03-05,Nigeria,7937
2018-03-05,France,7912
2018-03-05,North Korea,7595
2018-03-05,Sri Lanka,7369
2018-03-05,Germany,6970
2018-03-05,Ukraine,6859
2018-03-05,Italy,6428
2018-03-05,Iraq,6151
2018-03-05,Zimbabwe,6095
2018-03-05,South Korea,5825
2018-03-05,Greece,5733
2018-03-05,Iran,5442
2018-03-12,United States,268209
2018-03-12,Russia,74798
2018-03-12,Syria,45179
2018-03-12,United Kingdom,43864
2018-03-12,Israel,36085
2018-03-12,Turkey,23294
2018-03-12,India,12219
2018-03-12,Australia,10987
2018-03-12,Afghanistan,8579
2018-03-12,Ukraine,8507
2018-03-12,Canada,8153
2018-03-12,China,8123
2018-03-12,Palestine,8037
2018-03-12,Nigeria,7824
2018-03-12,Mexico,6996
2018-03-12,Pakistan,6976
2018-03-12,Germany,6879
2018-03-12,Iraq,6630
2018-03-12,France,6487
2018-03-12,Spain,5895
2018-03-12,Italy,5873
2018-03-12,Brazil,5781
2018-03-12,Iran,5405
2018-03-12,Egypt,4961
2018-03-12,Philippines,4578
2018-03-19,United States,301002
2018-03-19,Russia,40621
2018-03-19,Israel,34786
2018-03-19,France,31703
2018-03-19,Syria,30433
2018-03-19,United Kingdom,27653
2018-03-19,Turkey,17075
2018-03-19,Spain,15076
2018-03-19,Nigeria,14255
2018-03-19,India,13586
2018-03-19,Germany,12306
2018-03-19,Australia,11580
2018-03-19,Canada,10023
2018-03-19,Iraq,8725
2018-03-19,Egypt,8133
2018-03-19,China,8129
2018-03-19,Ukraine,7846
2018-03-19,Mexico,6931
2018-03-19,Palestine,6545
2018-03-19,Afghanistan,5691
2018-03-19,Pakistan,5344
2018-03-19,Brazil,4844
2018-03-19,Saudi Arabia,4692
2018-03-19,Iran,4683
2018-03-19,Italy,3744
2018-03-26,United States,270378
2018-03-26,Russia,126287
2018-03-26,Israel,65997
2018-03-26,United Kingdom,41600
2018-03-26,Serbia,24142
2018-03-26,France,20748
2018-03-26,Syria,18107
2018-03-26,Germany,15310
2018-03-26,India,14864
2018-03-26,Turkey,14572
2018-03-26,Spain,12667
2018-03-26,Pakistan,11223
2018-03-26,China,10586
2018-03-26,Australia,9630
2018-03-26,Canada,9373
2018-03-26,Mexico,8453
2018-03-26,Palestine,7939
2018-03-26,Ukraine,7796
2018-03-26,Nigeria,7763
2018-03-26,Saudi Arabia,7221
2018-03-26,Egypt,6683
2018-03-26,Venezuela,6491
2018-03-26,Yemen,6134
2018-03-26,Italy,5559
2018-03-26,Brazil,5465
2018-04-02,United States,269025
2018-04-02,Israel,65094
2018-04-02,Russia,38411
2018-04-02,Syria,33726
2018-04-02,United Kingdom,28850
2018-04-02,India,21354
2018-04-02,Brazil,21303
2018-04-02,Mexico,18805
2018-04-02,Turkey,16152
2018-04-02,Germany,14797
2018-04-02,China,12782
2018-04-02,Pakistan,10070
2018-04-02,Spain,9922
2018-04-02,Palestine,9250
2018-04-02,Nigeria,9021
2018-04-02,Australia,8445
2018-04-02,South Korea,7856
2018-04-02,South Africa,7770
2018-04-02,France,7714
2018-04-02,Ukraine,6911
2018-04-02,Canada,6887
2018-04-02,Afghanistan,5808
2018-04-02,Venezuela,5500
2018-04-02,Iraq,4706
2018-04-02,Iran,4499
2018-04-09,United States,292226
2018-04-09,Syria,262666
2018-04-09,Russia,98374
2018-04-09,Israel,69913
2018-04-09,United Kingdom,54322
2018-04-09,France,40060
2018-04-09,India,20495
2018-04-09,Iran,20137
2018-04-09,Turkey,10092
2018-04-09,Mexico,9939
2018-04-09,Canada,9736
2018-04-09,Afghanistan,9646
2018-04-09,Australia,9525
2018-04-09,Palestine,9309
2018-04-09,Germany,9170
2018-04-09,Nigeria,8581
2018-04-09,China,8475
2018-04-09,Pakistan,7025
2018-04-09,Brazil,6355
2018-04-09,Ukraine,5929
2018-04-09,Egypt,5845
2018-04-09,Saudi Arabia,5733
2018-04-09,Iraq,5619
2018-04-09,Bangladesh,5312
2018-04-09,Spain,5304
2018-04-16,United States,300201
2018-04-16,Syria,67592
2018-04-16,Israel,54075
2018-04-16,Russia,35375
2018-04-16,United Kingdom,33092
2018-04-16,India,21332
2018-04-16,Afghanistan,19048
2018-04-16,France,16056
2018-04-16,China,12490
2018-04-16,Australia,12320
2018-04-16,Canada,10164
2018-04-16,Turkey,9876
2018-04-16,Iran,9307
2018-04-16,Germany,8999
2018-04-16,Mexico,8796
2018-04-16,Nigeria,8403
2018-04-16,Pakistan,7849
2018-04-16,Nicaragua,7242
2018-04-16,Ukraine,7053
2018-04-16,Iraq,5950
2018-04-16,Saudi Arabia,5623
2018-04-16,Palestine,5273
2018-04-16,Armenia,5097
2018-04-16,Italy,4940
2018-04-16,Japan,4567
2018-04-23,United States,323119
2018-04-23,Israel,56708
2018-04-23,United Kingdom,24618
2018-04-23,Syria,21886
2018-04-23,Canada,20417
2018-04-23,Mexico,17327
2018-04-23,India,17236
2018-04-23,Russia,14587
2018-04-23,France,13136
2018-04-23,Afghanistan,12261
2018-04-23,Nigeria,11015
2018-04-23,Iran,10358
2018-04-23,Australia,10031
2018-04-23,China,9831
2018-04-23,Turkey,8312
2018-04-23,Yemen,8065
2018-04-23,Pakistan,8030
2018-04-23,North Korea,7546
2018-04-23,South Korea,7477
2018-04-23,Spain,7421
2018-04-23,Saudi Arabia,7274
2018-04-23,Denmark,7169
2018-04-23,Germany,7164
2018-04-23,Palestine,6817
2018-04-23,Ukraine,6432
2018-04-30,United States,274790
2018-04-30,Israel,38940
2018-04-30,Afghanistan,37582
2018-04-30,Russia,22066
2018-04-30,United Kingdom,21797
2018-04-30,Syria,20644
2018-04-30,India,17626
2018-04-30,Iran,17398
2018-04-30,France,14759
2018-04-30,Australia,12664
2018-04-30,Pakistan,11004
2018-04-30,Nigeria,10756
2018-04-30,Canada,9270
2018-04-30,Germany,8355
2018-04-30,Turkey,8204
2018-04-30,Spain,8164
2018-04-30,China,8043
2018-04-30,Mexico,6725
2018-04-30,Ukraine,6375
2018-04-30,North Korea,6279
2018-04-30,Brazil,5673
2018-04-30,Iraq,5042
2018-04-30,Yemen,4918
2018-04-30,Palestine,4003
2018-04-30,Somalia,3541
2018-05-07,United States,281950
2018-05-07,Israel,85494
2018-05-07,Iran,51334
2018-05-07,Syria,45862
2018-05-07,Indonesia,30915
2018-05-07,North Korea,23574
2018-05-07,France,19323
2018-05-07,United Kingdom,19281
2018-05-07,Russia,17889
2018-05-07,India,16367
2018-05-07,Australia,14357
2018-05-07,Afghanistan,13580
2018-05-07,China,12049
2018-05-07,Iraq,11597
2018-05-07,Canada,9286
2018-05-07,Nigeria,8257
2018-05-07,Pakistan,7955
2018-05-07,Germany,7849
2018-05-07,Palestine,7450
2018-05-07,Mexico,6987
2018-05-07,Turkey,6518
2018-05-07,Ukraine,6244
2018-05-07,Italy,5405
2018-05-07,Egypt,5083
2018-05-07,Saudi Arabia,4892
2018-05-14,United States,304736
2018-05-14,Israel,167891
2018-05-14,Indonesia,24887
2018-05-14,United Kingdom,21730
2018-05-14,Russia,20038
2018-05-14,Turkey,14831
2018-05-14,India,14131
2018-05-14,Syria,13301
2018-05-14,Iran,12283
2018-05-14,France,11707
2018-05-14,Australia,10291
2018-05-14,Ukraine,10175
2018-05-14,Palestine,9729
2018-05-14,Pakistan,9536
2018-05-14,South Korea,9501
2018-05-14,North Korea,9338
2018-05-14,China,9070
2018-05-14,Canada,8413
2018-05-14,Egypt,8063
2018-05-14,Nigeria,7837
2018-05-14,Mexico,7069
2018-05-14,Afghanistan,6785
2018-05-14,Germany,6605
2018-05-14,South Africa,6033
2018-05-14,Spain,4918
2018-05-21,United States,294176
2018-05-21,Israel,45901
2018-05-21,United Kingdom,23121
2018-05-21,Russia,20924
2018-05-21,Syria,18951
2018-05-21,Australia,15233
2018-05-21,India,13356
2018-05-21,Ukraine,11650
2018-05-21,Iran,10719
2018-05-21,China,10630
2018-05-21,North Korea,10330
2018-05-21,France,9780
2018-05-21,Venezuela,9349
2018-05-21,Mexico,8385
2018-05-21,Canada,7727
2018-05-21,Pakistan,7427
2018-05-21,South Korea,6950
2018-05-21,Turkey,6849
2018-05-21,Spain,6479
2018-05-21,Ireland,6390
2018-05-21,Nigeria,6210
2018-05-21,Saudi Arabia,5897
2018-05-21,Italy,5887
2018-05-21,Yemen,5470
2018-05-21,Afghanistan,5337
2018-05-28,United States,252135
2018-05-28,Israel,71839
2018-05-28,Russia,36273
2018-05-28,Ukraine,27026
2018-05-28,Belgium,21370
2018-05-28,United Kingdom,17901
2018-05-28,India,13410
2018-05-28,Australia,12362
2018-05-28,Syria,11597
2018-05-28,Germany,10169
2018-05-28,Canada,10069
2018-05-28,Spain,9681
2018-05-28,France,9523
2018-05-28,Iran,8685
2018-05-28,Afghanistan,8670
2018-05-28,China,8358
2018-05-28,Mexico,8257
2018-05-28,Palestine,8037
2018-05-28,Italy,6839
2018-05-28,Nigeria,6614
2018-05-28,North Korea,6444
2018-05-28,Pakistan,5706
2018-05-28,Japan,5495
2018-05-28,Nicaragua,5382
2018-05-28,Turkey,5249
2018-06-04,United States,247385
2018-06-04,Israel,40140
2018-06-04,United Kingdom,20825
2018-06-04,Russia,18539
2018-06-04,India,13879
2018-06-04,Afghanistan,13720
2018-06-04,Syria,13586
2018-06-04,Canada,11507
2018-06-04,China,10633
2018-06-04,Australia,10136
2018-06-04,Guatemala,9798
2018-06-04,France,9615
2018-06-04,Ukraine,8939
2018-06-04,Germany,8529
2018-06-04,Turkey,7324
2018-06-04,Iran,6994
2018-06-04,Mexico,6391
2018-06-04,Nigeria,6225
2018-06-04,North Korea,5818
2018-06-04,Italy,5438
2018-06-04,Iraq,5311
2018-06-04,Pakistan,5257
2018-06-04,Palestine,4592
2018-06-04,Spain,4464
2018-06-04,South Africa,4444
2018-06-11,United States,225874
2018-06-11,Israel,26553
2018-06-11,United Kingdom,22309
2018-06-11,Afghanistan,17308
2018-06-11,Yemen,15550
2018-06-11,India,14569
2018-06-11,North Korea,13252
2018-06-11,Russia,13046
2018-06-11,Canada,11637
2018-06-11,Pakistan,10352
2018-06-11,Australia,10045
2018-06-11,Italy,10004
2018-06-11,South Korea,9151
2018-06-11,China,8400
2018-06-11,France,8385
2018-06-11,Syria,7779
2018-06-11,Saudi Arabia,7592
2018-06-11,Ukraine,7242
2018-06-11,Mexico,7094
2018-06-11,Turkey,6672
2018-06-11,Germany,6434
2018-06-11,Greece,6104
2018-06-11,Nigeria,5687
2018-06-11,Iran,4957
2018-06-11,North Macedonia,4709
2018-06-18,United States,237121
2018-06-18,Israel,39307
2018-06-18,United Kingdom,19970
2018-06-18,Syria,16158
2018-06-18,India,14381
2018-06-18,Australia,13458
2018-06-18,Canada,11431
2018-06-18,Mexico,11144
2018-06-18,Yemen,10098
2018-06-18,Turkey,9730
2018-06-18,Russia,9584
2018-06-18,China,9350
2018-06-18,Germany,9338
2018-06-18,Italy,8413
2018-06-18,Ukraine,7555
2018-06-18,Nigeria,7504
2018-06-18,Afghanistan,7258
2018-06-18,South Korea,7080
2018-06-18,France,6403
2018-06-18,Pakistan,6373
2018-06-18,Saudi Arabia,5776
2018-06-18,Palestine,5263
2018-06-18,Iraq,5205
2018-06-18,Spain,4997
2018-06-18,Libya,4862
2018-06-25,United States,333618
2018-06-25,Israel,25103
2018-06-25,United Kingdom,18365
2018-06-25,Syria,15804
2018-06-25,Mexico,14722
2018-06-25,India,13962
2018-06-25,Russia,13358
2018-06-25,Australia,13291
2018-06-25,France,12216
2018-06-25,Canada,11617
2018-06-25,China,10191
2018-06-25,Nigeria,9866
2018-06-25,Turkey,7788
2018-06-25,Ukraine,7504
2018-06-25,Iran,7193
2018-06-25,Germany,6615
2018-06-25,Italy,6154
2018-06-25,Afghanistan,5466
2018-06-25,Pakistan,5271
2018-06-25,Palestine,4683
2018-06-25,Iraq,4482
2018-06-25,Yemen,4257
2018-06-25,Japan,4246
2018-06-25,Spain,3779
2018-06-25,Mali,3492
2018-07-02,United States,232054
2018-07-02,Israel,35345
2018-07-02,United Kingdom,23404
2018-07-02,Australia,16206
2018-07-02,Syria,14602
2018-07-02,Russia,14453
2018-07-02,India,13710
2018-07-02,France,12646
2018-07-02,Iran,10578
2018-07-02,Mexico,9971
2018-07-02,China,9874
2018-07-02,Philippines,9403
2018-07-02,Canada,8495
2018-07-02,Ukraine,8480
2018-07-02,Germany,7996
2018-07-02,Turkey,7117
2018-07-02,Afghanistan,7029
2018-07-02,Pakistan,6982
2018-07-02,Nigeria,6571
2018-07-02,Brazil,5804
2018-07-02,Japan,5301
2018-07-02,Palestine,5192
2018-07-02,Italy,5154
2018-07-02,South Africa,3565
2018-07-02,Belgium,3362
2018-07-09,United States,254495
2018-07-09,Israel,49490
2018-07-09,United Kingdom,28723
2018-07-09,Russia,25003
2018-07-09,Pakistan,23611
2018-07-09,India,13460
2018-07-09,Syria,13216
2018-07-09,Germany,12499
2018-07-09,Afghanistan,11968
2018-07-09,Australia,11430
2018-07-09,China,10891
2018-07-09,Turkey,8992
2018-07-09,Iraq,8451
2018-07-09,Canada,7597
2018-07-09,Ukraine,6748
2018-07-09,Palestine,6644
2018-07-09,Mexico,6547
2018-07-09,Iran,6369
2018-07-09,Nigeria,6308
2018-07-09,Belgium,5534
2018-07-09,France,5257
2018-07-09,Japan,5175
2018-07-09,Italy,5000
2018-07-09,Nicaragua,4835
2018-07-09,Spain,4372
2018-07-16,United States,259985
2018-07-16,Israel,49937
2018-07-16,Russia,44288
2018-07-16,United Kingdom,21005
2018-07-16,Syria,16724
2018-07-16,Australia,13764
2018-07-16,Afghanistan,12727
2018-07-16,India,12425
2018-07-16,Canada,11307
2018-07-16,Turkey,10063
2018-07-16,Pakistan,9937
2018-07-16,Germany,8846
2018-07-16,Ukraine,8300
2018-07-16,Nigeria,8064
2018-07-16,Nicaragua,7507
2018-07-16,Palestine,7123
2018-07-16,France,6831
2018-07-16,China,6724
2018-07-16,Iraq,6247
2018-07-16,Iran,6128
2018-07-16,Brazil,4796
2018-07-16,Mexico,4685
2018-07-16,Italy,4674
2018-07-16,South Africa,4562
2018-07-16,Spain,4538
2018-07-23,United States,301652
2018-07-23,Israel,57368
2018-07-23,Canada,41298
2018-07-23,Syria,26577
2018-07-23,Russia,21285
2018-07-23,United Kingdom,20226
2018-07-23,Australia,17742
2018-07-23,Greece,16921
2018-07-23,India,13124
2018-07-23,Turkey,13096
2018-07-23,China,10335
2018-07-23,Ukraine,10190
2018-07-23,Pakistan,7854
2018-07-23,Afghanistan,7721
2018-07-23,Nigeria,7710
2018-07-23,Iran,7075
2018-07-23,Mexico,7053
2018-07-23,Egypt,6901
2018-07-23,France,6358
2018-07-23,Italy,6194
2018-07-23,Spain,6049
2018-07-23,Germany,5779
2018-07-23,Iraq,5225
2018-07-23,Palestine,4748
2018-07-23,Japan,4256
2018-07-30,United States,277393
2018-07-30,Israel,31831
2018-07-30,Russia,29818
2018-07-30,United Kingdom,18100
2018-07-30,Australia,17339
2018-07-30,Syria,17280
2018-07-30,Turkey,16266
2018-07-30,Afghanistan,15900
2018-07-30,India,12643
2018-07-30,Ukraine,12049
2018-07-30,Canada,11429
2018-07-30,China,10483
2018-07-30,Zimbabwe,9653
2018-07-30,Iran,8083
2018-07-30,Mexico,7324
2018-07-30,France,7054
2018-07-30,Venezuela,6332
2018-07-30,Germany,5820
2018-07-30,Nigeria,5796
2018-07-30,Italy,5449
2018-07-30,Egypt,5159
2018-07-30,Sweden,5084
2018-07-30,Pakistan,5028
2018-07-30,Bangladesh,4829
2018-07-30,Saudi Arabia,4623
2018-08-06,United States,318142
2018-08-06,Israel,62657
2018-08-06,Canada,31759
2018-08-06,Russia,30548
2018-08-06,United Kingdom,21794
2018-08-06,Saudi Arabia,21125
2018-08-06,Australia,17212
2018-08-06,Afghanistan,16416
2018-08-06,Syria,15690
2018-08-06,India,15094
2018-08-06,China,15008
2018-08-06,Iran,12719
2018-08-06,Ukraine,11885
2018-08-06,Egypt,10909
2018-08-06,Yemen,10062
2018-08-06,Germany,8246
2018-08-06,Venezuela,8122
2018-08-06,Turkey,7284
2018-08-06,Albania,6826
2018-08-06,France,6680
2018-08-06,Mexico,6410
2018-08-06,Nigeria,6248
2018-08-06,Bangladesh,6126
2018-08-06,Pakistan,6104
2018-08-06,Palestine,5787
2018-08-13,United States,249877
2018-08-13,Afghanistan,37518
2018-08-13,Israel,37093
2018-08-13,United Kingdom,36386
2018-08-13,Australia,17916
2018-08-13,Russia,16337
2018-08-13,Canada,15619
2018-08-13,Turkey,13196
2018-08-13,India,11381
2018-08-13,Syria,11155
2018-08-13,Saudi Arabia,10856
2018-08-13,China,10534
2018-08-13,Ukraine,8805
2018-08-13,Pakistan,8611
2018-08-13,Iraq,8158
2018-08-13,Italy,7967
2018-08-13,Palestine,7597
2018-08-13,Egypt,7399
2018-08-13,Germany,6684
2018-08-13,Iran,6483
2018-08-13,Mexico,6061
2018-08-13,Nigeria,5876
2018-08-13,Yemen,5384
2018-08-13,Brazil,5097
2018-08-13,France,4473
2018-08-20,United States,341857
2018-08-20,Russia,39517
2018-08-20,Israel,21487
2018-08-20,Australia,17924
2018-08-20,United Kingdom,17922
2018-08-20,Afghanistan,17228
2018-08-20,Syria,11678
2018-08-20,India,11137
2018-08-20,Ukraine,11030
2018-08-20,Mexico,10881
2018-08-20,China,10540
2018-08-20,Turkey,10419
2018-08-20,Canada,10384
2018-08-20,Vietnam,10288
2018-08-20,Germany,9527
2018-08-20,South Africa,9308
2018-08-20,Iran,9222
2018-08-20,Italy,8959
2018-08-20,France,8627
2018-08-20,Egypt,8111
2018-08-20,Uganda,6895
2018-08-20,Ireland,6687
2018-08-20,Spain,5939
2018-08-20,Nigeria,5694
2018-08-20,Saudi Arabia,5583
2018-08-27,United States,268463
2018-08-27,Israel,31196
2018-08-27,Russia,27094
2018-08-27,United Kingdom,24501
2018-08-27,Australia,21688
2018-08-27,India,19983
2018-08-27,Syria,19440
2018-08-27,Germany,16014
2018-08-27,Ukraine,13060
2018-08-27,France,12619
2018-08-27,China,11087
2018-08-27,Canada,10865
2018-08-27,Afghanistan,10090
2018-08-27,Iran,9208
2018-08-27,Vietnam,8815
2018-08-27,Netherlands,8705
2018-08-27,Turkey,7509
2018-08-27,Mexico,7304
2018-08-27,Cambodia,6414
2018-08-27,Iraq,6372
2018-08-27,Pakistan,6055
2018-08-27,Brazil,6018
2018-08-27,Nigeria,5805
2018-08-27,Jordan,5585
2018-08-27,Egypt,5419
2018-09-03,United States,259395
2018-09-03,Syria,44217
2018-09-03,Israel,40127
2018-09-03,Russia,38655
2018-09-03,United Kingdom,27245
2018-09-03,Australia,16371
2018-09-03,India,16140
2018-09-03,Iran,15863
2018-09-03,Afghanistan,14813
2018-09-03,Iraq,13772
2018-09-03,Canada,13049
2018-09-03,Germany,10252
2018-09-03,Turkey,10085
2018-09-03,Brazil,9701
2018-09-03,China,9338
2018-09-03,Ukraine,7386
2018-09-03,France,7119
2018-09-03,Italy,6421
2018-09-03,Mexico,6187
2018-09-03,Myanmar,6092
2018-09-03,Pakistan,5979
2018-09-03,Egypt,5960
2018-09-03,Nigeria,5939
2018-09-03,Libya,5796
2018-09-03,Philippines,5154
2018-09-10,United States,330552
2018-09-10,Israel,58919
2018-09-10,Russia,33964
2018-09-10,Syria,30704
2018-09-10,Afghanistan,21649
2018-09-10,United Kingdom,21417
2018-09-10,Australia,14433
2018-09-10,India,13362
2018-09-10,China,12091
2018-09-10,France,11165
2018-09-10,Iran,11084
2018-09-10,Turkey,10986
2018-09-10,Canada,10884
2018-09-10,Switzerland,8966
2018-09-10,Ukraine,8918
2018-09-10,Germany,7677
2018-09-10,Mexico,7500
2018-09-10,Pakistan,6840
2018-09-10,Libya,6787
2018-09-10,Italy,5737
2018-09-10,Palestine,5513
2018-09-10,Iraq,5359
2018-09-10,Nigeria,5268
2018-09-10,South Africa,4909
2018-09-10,Egypt,4356
2018-09-17,United States,346504
2018-09-17,Israel,45911
2018-09-17,Russia,39719
2018-09-17,Syria,32635
2018-09-17,Iran,27679
2018-09-17,United Kingdom,17600
2018-09-17,Australia,16495
2018-09-17,India,14953
2018-09-17,China,14723
2018-09-17,Canada,11845
2018-09-17,Turkey,9641
2018-09-17,Ukraine,8943
2018-09-17,Mexico,8848
2018-09-17,Afghanistan,7377
2018-09-17,Germany,7157
2018-09-17,Pakistan,6865
2018-09-17,France,6747
2018-09-17,Nigeria,6093
2018-09-17,Iraq,6076
2018-09-17,Palestine,5873
2018-09-17,Italy,4417
2018-09-17,Egypt,4164
2018-09-17,Spain,3568
2018-09-17,South Africa,3326
2018-09-17,Brazil,3298
2018-09-24,United States,337274
2018-09-24,Israel,33956
2018-09-24,Russia,25919
2018-09-24,Iran,17047
2018-09-24,United Kingdom,16164
2018-09-24,Syria,16069
2018-09-24,India,15590
2018-09-24,Australia,15294
2018-09-24,Canada,14264
2018-09-24,China,14222
2018-09-24,Turkey,9394
2018-09-24,Spain,8390
2018-09-24,Mexico,7724
2018-09-24,Germany,7342
2018-09-24,Ukraine,7233
2018-09-24,Iraq,7079
2018-09-24,Pakistan,6556
2018-09-24,France,6240
2018-09-24,Italy,5741
2018-09-24,Indonesia,5364
2018-09-24,Brazil,5129
2018-09-24,Venezuela,4405
2018-09-24,Nigeria,4195
2018-09-24,Afghanistan,3999
2018-09-24,Egypt,3774
2018-10-01,United States,344070
2018-10-01,Israel,39198
2018-10-01,Russia,21525
2018-10-01,United Kingdom,19592
2018-10-01,Iran,15862
2018-10-01,India,15040
2018-10-01,Australia,14110
2018-10-01,Syria,13063
2018-10-01,Canada,12859
2018-10-01,China,12774
2018-10-01,France,12324
2018-10-01,Turkey,12108
2018-10-01,Germany,9600
2018-10-01,Saudi Arabia,9173
2018-10-01,Afghanistan,8797
2018-10-01,Sweden,8119
2018-10-01,Ukraine,7973
2018-10-01,Iraq,7679
2018-10-01,Pakistan,6985
2018-10-01,Palestine,6901
2018-10-01,Italy,6420
2018-10-01,Spain,6107
2018-10-01,Republic of Congo,5212
2018-10-01,Mexico,5156
2018-10-01,South Korea,5100
2018-10-08,United States,239331
2018-10-08,Saudi Arabia,43291
2018-10-08,Turkey,41253
2018-10-08,Israel,40453
2018-10-08,Russia,19216
2018-10-08,United Kingdom,17875
2018-10-08,Australia,14228
2018-10-08,Bulgaria,13735
2018-10-08,Canada,13623
2018-10-08,India,13558
2018-10-08,Syria,11010
2018-10-08,Palestine,10232
2018-10-08,Afghanistan,9961
2018-10-08,China,9937
2018-10-08,Ukraine,9202
2018-10-08,Germany,7551
2018-10-08,Pakistan,7035
2018-10-08,Egypt,6106
2018-10-08,Nigeria,5483
2018-10-08,France,5414
2018-10-08,Mexico,5359
2018-10-08,Italy,5160
2018-10-08,Venezuela,5117
2018-10-08,Iran,4650
2018-10-08,Brazil,4627
2018-10-15,United States,250690
2018-10-15,Saudi Arabia,83597
2018-10-15,Israel,46701
2018-10-15,Turkey,42856
2018-10-15,Afghanistan,31148
2018-10-15,Russia,29227
2018-10-15,United Kingdom,23527
2018-10-15,Canada,20787
2018-10-15,Mexico,17193
2018-10-15,India,14706
2018-10-15,Australia,12796
2018-10-15,Syria,11590
2018-10-15,Nigeria,10604
2018-10-15,Ukraine,10114
2018-10-15,China,9393
2018-10-15,Germany,9049
2018-10-15,Pakistan,8712
2018-10-15,France,8380
2018-10-15,Iran,7761
2018-10-15,Palestine,7380
2018-10-15,Honduras,6838
2018-10-15,Guatemala,5785
2018-10-15,South Africa,5463
2018-10-15,Egypt,4852
2018-10-15,Vietnam,4662
2018-10-22,United States,275716
2018-10-22,Saudi Arabia,64667
2018-10-22,Israel,64465
2018-10-22,Turkey,38623
2018-10-22,Russia,24239
2018-10-22,United Kingdom,19678
2018-10-22,Australia,16206
2018-10-22,Mexico,15019
2018-10-22,India,14730
2018-10-22,Canada,12670
2018-10-22,Syria,11952
2018-10-22,China,9770
2018-10-22,Palestine,8362
2018-10-22,France,8289
2018-10-22,Germany,8064
2018-10-22,Afghanistan,7287
2018-10-22,Pakistan,6953
2018-10-22,Ukraine,6523
2018-10-22,Iran,6257
2018-10-22,Nigeria,6250
2018-10-22,Italy,6092
2018-10-22,Brazil,5872
2018-10-22,Spain,5344
2018-10-22,Yemen,4781
2018-10-22,Honduras,4360
2018-10-29,United States,353436
2018-10-29,Israel,32427
2018-10-29,Pakistan,26289
2018-10-29,United Kingdom,25383
2018-10-29,Saudi Arabia,24142
2018-10-29,Turkey,22299
2018-10-29,Australia,22099
2018-10-29,Mexico,20174
2018-10-29,Russia,18116
2018-10-29,Afghanistan,16193
2018-10-29,Iran,15555
2018-10-29,India,13499
2018-10-29,Canada,12607
2018-10-29,Germany,11201
2018-10-29,Syria,10764
2018-10-29,Egypt,10566
2018-10-29,China,10480
2018-10-29,Nigeria,10047
2018-10-29,France,8465
2018-10-29,Indonesia,8462
2018-10-29,Brazil,8003
2018-10-29,Ukraine,7565
2018-10-29,Italy,6068
2018-10-29,Iraq,5015
2018-10-29,Spain,4828
2018-11-05,United States,369346
2018-11-05,Israel,31948
2018-11-05,Australia,25070
2018-11-05,United Kingdom,24529
2018-11-05,Russia,20895
2018-11-05,France,18485
2018-11-05,Afghanistan,16379
2018-11-05,Germany,15497
2018-11-05,Saudi Arabia,13746
2018-11-05,Turkey,13597
2018-11-05,Syria,12799
2018-11-05,Canada,12731
2018-11-05,Mexico,10156
2018-11-05,Iran,9952
2018-11-05,India,9533
2018-11-05,Pakistan,8291
2018-11-05,China,8246
2018-11-05,Ukraine,7719
2018-11-05,Yemen,6926
2018-11-05,Italy,6180
2018-11-05,Nigeria,6009
2018-11-05,Somalia,5666
2018-11-05,Ireland,5152
2018-11-05,Spain,5019
2018-11-05,Poland,4829
2018-11-12,United States,298898
2018-11-12,Israel,109012
2018-11-12,Saudi Arabia,38620
2018-11-12,Australia,23945
2018-11-12,United Kingdom,23427
2018-11-12,Turkey,19769
2018-11-12,Russia,18810
2018-11-12,France,17588
2018-11-12,Mexico,15763
2018-11-12,Canada,13005
2018-11-12,India,11622
2018-11-12,Afghanistan,11485
2018-11-12,China,9863
2018-11-12,Palestine,9405
2018-11-12,Syria,9298
2018-11-12,Cambodia,7607
2018-11-12,Yemen,6845
2018-11-12,Pakistan,6843
2018-11-12,Ukraine,6601
2018-11-12,Iran,5900
2018-11-12,Italy,5757
2018-11-12,Germany,5288
2018-11-12,Iraq,5107
2018-11-12,Nigeria,4726
2018-11-12,Indonesia,4147
2018-11-19,United States,285118
2018-11-19,Israel,33285
2018-11-19,Saudi Arabia,32776
2018-11-19,United Kingdom,25560
2018-11-19,France,21360
2018-11-19,Russia,19887
2018-11-19,Pakistan,18013
2018-11-19,Mexico,17923
2018-11-19,India,17549
2018-11-19,China,15999
2018-11-19,Australia,14193
2018-11-19,Syria,13128
2018-11-19,Turkey,13076
2018-11-19,Afghanistan,12889
2018-11-19,Canada,12068
2018-11-19,Ukraine,9318
2018-11-19,Nigeria,6938
2018-11-19,Yemen,6646
2018-11-19,Palestine,6473
2018-11-19,Italy,6134
2018-11-19,Japan,5863
2018-11-19,Germany,5855
2018-11-19,Somalia,5523
2018-11-19,Indonesia,5221
2018-11-19,Iran,5087
2018-11-26,United States,243464
2018-11-26,Russia,78231
2018-11-26,Ukraine,64301
2018-11-26,Israel,32304
2018-11-26,Afghanistan,26879
2018-11-26,France,23068
2018-11-26,United Kingdom,21510
2018-11-26,Saudi Arabia,18735
2018-11-26,Mexico,15469
2018-11-26,Syria,14281
2018-11-26,India,13567
2018-11-26,Canada,12995
2018-11-26,China,11758
2018-11-26,Turkey,9923
2018-11-26,Australia,9746
2018-11-26,Argentina,9174
2018-11-26,Germany,8133
2018-11-26,Iran,7915
2018-11-26,Pakistan,7876
2018-11-26,Italy,7693
2018-11-26,Japan,5974
2018-11-26,Palestine,5546
2018-11-26,Nigeria,5239
2018-11-26,Philippines,5115
2018-11-26,Somalia,4266
2018-12-03,United States,199624
2018-12-03,Russia,30354
2018-12-03,Israel,30175
2018-12-03,France,27276
2018-12-03,Canada,19717
2018-12-03,United Kingdom,19317
2018-12-03,Ukraine,15382
2018-12-03,China,15128
2018-12-03,Saudi Arabia,14210
2018-12-03,Iran,13777
2018-12-03,India,13414
2018-12-03,Australia,11912
2018-12-03,Turkey,11363
2018-12-03,Palestine,9299
2018-12-03,Italy,8364
2018-12-03,Syria,7930
2018-12-03,Afghanistan,7929
2018-12-03,Mexico,7733
2018-12-03,Pakistan,7288
2018-12-03,Germany,7270
2018-12-03,Japan,7207
2018-12-03,Brazil,6455
2018-12-03,Greece,5799
2018-12-03,Belgium,4882
2018-12-03,Indonesia,4856
2018-12-10,United States,213697
2018-12-10,Israel,64695
2018-12-10,France,54084
2018-12-10,Russia,32592
2018-12-10,China,26392
2018-12-10,Canada,24443
2018-12-10,Palestine,24123
2018-12-10,United Kingdom,19045
2018-12-10,Turkey,13659
2018-12-10,India,13611
2018-12-10,Saudi Arabia,13248
2018-12-10,Germany,11367
2018-12-10,Ukraine,9661
2018-12-10,Australia,8348
2018-12-10,Syria,7937
2018-12-10,Mexico,7830
2018-12-10,Afghanistan,7217
2018-12-10,Japan,6821
2018-12-10,Iran,6617
2018-12-10,Brazil,6066
2018-12-10,Italy,5745
2018-12-10,Philippines,5482
2018-12-10,Pakistan,5243
2018-12-10,Nigeria,4528
2018-12-10,Belgium,4050
2018-12-17,United States,213533
2018-12-17,Israel,43103
2018-12-17,Syria,26489
2018-12-17,United Kingdom,25456
2018-12-17,Russia,21695
2018-12-17,Turkey,15922
2018-12-17,China,15383
2018-12-17,India,15089
2018-12-17,Canada,14110
2018-12-17,France,12414
2018-12-17,Afghanistan,11415
2018-12-17,Mexico,11401
2018-12-17,Palestine,9028
2018-12-17,Ukraine,8935
2018-12-17,Somalia,8084
2018-12-17,Japan,8060
2018-12-17,Iraq,7347
2018-12-17,Spain,7317
2018-12-17,Morocco,7022
2018-12-17,Yemen,6772
2018-12-17,Saudi Arabia,6582
2018-12-17,Australia,6415
2018-12-17,Germany,6327
2018-12-17,Nigeria,5943
2018-12-17,Pakistan,5478
2018-12-24,United States,153957
2018-12-24,Israel,30163
2018-12-24,Syria,17845
2018-12-24,Russia,16648
2018-12-24,United Kingdom,15136
2018-12-24,Mexico,14341
2018-12-24,Egypt,12983
2018-12-24,China,12782
2018-12-24,Afghanistan,10421
2018-12-24,Turkey,10348
2018-12-24,India,10225
2018-12-24,Bangladesh,9172
2018-12-24,Iraq,8434
2018-12-24,Ukraine,7915
2018-12-24,Guatemala,7809
2018-12-24,Pakistan,7797
2018-12-24,Nigeria,7135
2018-12-24,El Salvador,7090
2018-12-24,Australia,6863
2018-12-24,Canada,6742
2018-12-24,France,5882
2018-12-24,Palestine,4402
2018-12-24,Indonesia,4081
2018-12-24,Morocco,3789
2018-12-24,Japan,3685
2018-12-31,United States,175363
2018-12-31,Russia,25798
2018-12-31,United Kingdom,21464
2018-12-31,Israel,18020
2018-12-31,Syria,13110
2018-12-31,India,13018
2018-12-31,Mexico,11073
2018-12-31,China,10579
2018-12-31,Canada,10156
2018-12-31,Saudi Arabia,8396
2018-12-31,Turkey,8382
2018-12-31,France,8004
2018-12-31,Iraq,6533
2018-12-31,Afghanistan,6086
2018-12-31,Nigeria,5045
2018-12-31,Pakistan,4951
2018-12-31,Australia,4887
2018-12-31,Brazil,4665
2018-12-31,Egypt,4652
2018-12-31,Ukraine,4614
2018-12-31,Germany,4470
2018-12-31,Bangladesh,4186
2018-12-31,Italy,3648
2018-12-31,Japan,3600
2018-12-31,Yemen,3443
2019-01-07,United States,226265
2019-01-07,Israel,38064
2019-01-07,United Kingdom,15719
2019-01-07,Russia,15618
2019-01-07,France,15267
2019-01-07,Mexico,14914
2019-01-07,Canada,14570
2019-01-07,Syria,13626
2019-01-07,China,12815
2019-01-07,Iran,12050
2019-01-07,India,9498
2019-01-07,Turkey,9191
2019-01-07,Palestine,8807
2019-01-07,Saudi Arabia,7008
2019-01-07,Germany,6645
2019-01-07,Italy,6300
2019-01-07,Peru,6287
2019-01-07,Australia,6143
2019-01-07,Japan,5563
2019-01-07,Ukraine,5147
2019-01-07,Afghanistan,5126
2019-01-07,Nigeria,5088
2019-01-07,Egypt,4950
2019-01-07,Poland,3964
2019-01-07,Spain,3929
2019-01-14,United States,219197
2019-01-14,Israel,30760
2019-01-14,Russia,24660
2019-01-14,Canada,22881
2019-01-14,Kenya,20797
2019-01-14,China,19063
2019-01-14,Syria,18820
2019-01-14,United Kingdom,17509
2019-01-14,Mexico,12422
2019-01-14,Iran,10377
2019-01-14,Turkey,10007
2019-01-14,India,9417
2019-01-14,Australia,8641
2019-01-14,France,8350
2019-01-14,Colombia,7892
2019-01-14,Poland,7738
2019-01-14,Zimbabwe,6428
2019-01-14,Palestine,6324
2019-01-14,Ukraine,6259
2019-01-14,Italy,6101
2019-01-14,Afghanistan,5673
2019-01-14,Pakistan,5304
2019-01-14,Somalia,4968
2019-01-14,Nigeria,4799
2019-01-14,Saudi Arabia,4365
2019-01-21,United States,217487
2019-01-21,Israel,50405
2019-01-21,Russia,25759
2019-01-21,United Kingdom,22953
2019-01-21,Venezuela,20002
2019-01-21,Canada,18918
2019-01-21,Syria,15399
2019-01-21,China,12501
2019-01-21,Mexico,11586
2019-01-21,Afghanistan,11550
2019-01-21,Palestine,9811
2019-01-21,Iran,9774
2019-01-21,India,8967
2019-01-21,France,8486
2019-01-21,Australia,8335
2019-01-21,Turkey,8134
2019-01-21,Ukraine,6867
2019-01-21,Italy,6268
2019-01-21,Philippines,5728
2019-01-21,Germany,4983
2019-01-21,Brazil,4725
2019-01-21,Netherlands,4414
2019-01-21,Pakistan,4333
2019-01-21,Nigeria,4323
2019-01-21,Zimbabwe,4317
2019-01-28,United States,207574
2019-01-28,Israel,33201
2019-01-28,Russia,22644
2019-01-28,Venezuela,21955
2019-01-28,Canada,21073
2019-01-28,United Kingdom,20199
2019-01-28,China,18302
2019-01-28,France,10664
2019-01-28,India,10097
2019-01-28,Australia,8936
2019-01-28,Iran,8832
2019-01-28,Mexico,8113
2019-01-28,Syria,7868
2019-01-28,Turkey,7525
2019-01-28,Palestine,7098
2019-01-28,Pakistan,6296
2019-01-28,Ukraine,5914
2019-01-28,Germany,5185
2019-01-28,Philippines,5149
2019-01-28,Nigeria,4437
2019-01-28,Brazil,4214
2019-01-28,Spain,4138
2019-01-28,Italy,4133
2019-01-28,Saudi Arabia,3543
2019-01-28,Afghanistan,3334
2019-02-04,United States,244400
2019-02-04,Israel,30308
2019-02-04,Russia,21436
2019-02-04,United Kingdom,19508
2019-02-04,Canada,17266
2019-02-04,France,14381
2019-02-04,India,12248
2019-02-04,Syria,10435
2019-02-04,Mexico,9813
2019-02-04,Palestine,8531
2019-02-04,Turkey,8493
2019-02-04,Australia,8176
2019-02-04,China,7961
2019-02-04,Saudi Arabia,7737
2019-02-04,Ukraine,7465
2019-02-04,Venezuela,5978
2019-02-04,Afghanistan,5956
2019-02-04,Italy,5270
2019-02-04,Spain,5141
2019-02-04,Brazil,5066
2019-02-04,Pakistan,5061
2019-02-04,Germany,4961
2019-02-04,Nigeria,4811
2019-02-04,Iraq,4279
2019-02-04,Iran,4262
2019-02-11,United States,274301
2019-02-11,Israel,36460
2019-02-11,India,24122
2019-02-11,United Kingdom,21974
2019-02-11,Russia,19585
2019-02-11,Iran,16317
2019-02-11,Mexico,15753
2019-02-11,Pakistan,15066
2019-02-11,Syria,13418
2019-02-11,Canada,12202
2019-02-11,China,8762
2019-02-11,Nigeria,8728
2019-02-11,France,8282
2019-02-11,Turkey,8043
2019-02-11,Australia,7710
2019-02-11,Ukraine,7467
2019-02-11,Saudi Arabia,6835
2019-02-11,Palestine,6396
2019-02-11,Spain,6394
2019-02-11,Germany,6315
2019-02-11,Iraq,5521
2019-02-11,Philippines,5365
2019-02-11,Venezuela,4714
2019-02-11,Italy,4691
2019-02-11,Afghanistan,4425
2019-02-18,United States,198644
2019-02-18,Israel,39650
2019-02-18,Venezuela,25110
2019-02-18,India,23306
2019-02-18,United Kingdom,23066
2019-02-18,Pakistan,18294
2019-02-18,Russia,17562
2019-02-18,Syria,14044
2019-02-18,Canada,11564
2019-02-18,Nigeria,9869
2019-02-18,Australia,9754
2019-02-18,China,9589
2019-02-18,France,9321
2019-02-18,Mexico,8791
2019-02-18,Colombia,7811
2019-02-18,Palestine,7551
2019-02-18,Germany,7486
2019-02-18,Egypt,7086
2019-02-18,Ukraine,6669
2019-02-18,Turkey,6215
2019-02-18,Brazil,6119
2019-02-18,Iran,5418
2019-02-18,Italy,5309
2019-02-18,Spain,5020
2019-02-18,Bangladesh,4982
2019-02-25,United States,198786
2019-02-25,Pakistan,74215
2019-02-25,Israel,47008
2019-02-25,India,42439
2019-02-25,United Kingdom,27755
2019-02-25,Australia,21662
2019-02-25,Russia,20224
2019-02-25,Venezuela,15715
2019-02-25,Canada,12688
2019-02-25,China,11185
2019-02-25,Syria,10872
2019-02-25,North Korea,9647
2019-02-25,Palestine,7986
2019-02-25,France,7164
2019-02-25,Nigeria,6929
2019-02-25,Vietnam,6740
2019-02-25,Mexico,6392
2019-02-25,Italy,5893
2019-02-25,Ukraine,5603
2019-02-25,Egypt,5563
2019-02-25,Afghanistan,5421
2019-02-25,Germany,5366
2019-02-25,Turkey,5106
2019-02-25,Somalia,5048
2019-02-25,Ireland,4921
2019-03-04,United States,216011
2019-03-04,Israel,45207
2019-03-04,United Kingdom,31003
2019-03-04,Pakistan,22752
2019-03-04,Canada,21996
2019-03-04,India,19285
2019-03-04,Russia,17777
2019-03-04,China,13747
2019-03-04,Egypt,11139
2019-03-04,France,10454
2019-03-04,Syria,10199
2019-03-04,Ukraine,9964
2019-03-04,Australia,8880
2019-03-04,Palestine,8507
2019-03-04,Mexico,7529
2019-03-04,Nigeria,7305
2019-03-04,Venezuela,7147
2019-03-04,Germany,6506
2019-03-04,Turkey,6281
2019-03-04,Iran,5991
2019-03-04,Afghanistan,5520
2019-03-04,Saudi Arabia,4928
2019-03-04,Iraq,4704
2019-03-04,Spain,4024
2019-03-04,Italy,3781
2019-03-11,United States,232199
2019-03-11,New Zealand,56701
2019-03-11,Israel,56183
2019-03-11,Australia,38256
2019-03-11,United Kingdom,25388
2019-03-11,Russia,17716
2019-03-11,Canada,15019
2019-03-11,Pakistan,14880
2019-03-11,India,14797
2019-03-11,France,12213
2019-03-11,China,11828
2019-03-11,Palestine,11545
2019-03-11,Brazil,10428
2019-03-11,Afghanistan,9658
2019-03-11,Turkey,9568
2019-03-11,Indonesia,9443
2019-03-11,Venezuela,9329
2019-03-11,Ethiopia,9281
2019-03-11,Syria,9269
2019-03-11,Mexico,7185
2019-03-11,Ukraine,7126
2019-03-11,Nigeria,6668
2019-03-11,Iran,6120
2019-03-11,Italy,5900
2019-03-11,Singapore,5650
2019-03-18,United States,263894
2019-03-18,New Zealand,44866
2019-03-18,Israel,44354
2019-03-18,Australia,25538
2019-03-18,Russia,23808
2019-03-18,United Kingdom,21663
2019-03-18,Netherlands,20652
2019-03-18,Syria,13358
2019-03-18,India,12754
2019-03-18,Turkey,12633
2019-03-18,Pakistan,11396
2019-03-18,France,11046
2019-03-18,Palestine,10125
2019-03-18,Canada,9682
2019-03-18,Iraq,9380
2019-03-18,China,9274
2019-03-18,Ukraine,7689
2019-03-18,Venezuela,7218
2019-03-18,Germany,7161
2019-03-18,Italy,6445
2019-03-18,Afghanistan,6037
2019-03-18,Nigeria,5075
2019-03-18,Brazil,5056
2019-03-18,Iran,4879
2019-03-18,Mexico,4841
2019-03-25,United States,265108
2019-03-25,Israel,113156
2019-03-25,United Kingdom,25724
2019-03-25,Russia,23747
2019-03-25,Palestine,16687
2019-03-25,Mexico,16378
2019-03-25,Canada,14643
2019-03-25,India,12591
2019-03-25,Australia,12572
2019-03-25,China,11050
2019-03-25,New Zealand,9041
2019-03-25,Syria,8497
2019-03-25,Turkey,8421
2019-03-25,Pakistan,8362
2019-03-25,Afghanistan,7604
2019-03-25,Ukraine,7005
2019-03-25,France,6969
2019-03-25,Venezuela,6234
2019-03-25,Spain,5770
2019-03-25,Italy,5376
2019-03-25,Nigeria,5145
2019-03-25,Egypt,4696
2019-03-25,Germany,4666
2019-03-25,Saudi Arabia,4432
2019-03-25,Brazil,4032
2019-04-01,United States,235888
2019-04-01,Israel,35511
2019-04-01,United Kingdom,28769
2019-04-01,Mexico,22975
2019-04-01,Libya,14093
2019-04-01,India,13456
2019-04-01,Russia,12941
2019-04-01,Canada,12299
2019-04-01,Australia,10339
2019-04-01,Pakistan,10022
2019-04-01,China,9898
2019-04-01,France,9030
2019-04-01,Palestine,7759
2019-04-01,Afghanistan,7267
2019-04-01,Venezuela,7074
2019-04-01,Rwanda,6761
2019-04-01,Syria,6673
2019-04-01,New Zealand,6627
2019-04-01,Turkey,6190
2019-04-01,Saudi Arabia,5986
2019-04-01,Ukraine,5677
2019-04-01,Nigeria,4869
2019-04-01,Japan,4580
2019-04-01,Germany,4110
2019-04-01,Egypt,3947
2019-04-08,United States,253079
2019-04-08,United Kingdom,57028
2019-04-08,Israel,40141
2019-04-08,Libya,17783
2019-04-08,Russia,17477
2019-04-08,India,15053
2019-04-08,Sudan,14923
2019-04-08,Australia,14280
2019-04-08,Ecuador,13038
2019-04-08,Sweden,12943
2019-04-08,Canada,12395
2019-04-08,Afghanistan,10542
2019-04-08,Mexico,9636
2019-04-08,Ukraine,8535
2019-04-08,China,8424
2019-04-08,Pakistan,8413
2019-04-08,France,7010
2019-04-08,Nigeria,6564
2019-04-08,Iran,5708
2019-04-08,Syria,5507
2019-04-08,Turkey,5488
2019-04-08,New Zealand,5419
2019-04-08,Palestine,5378
2019-04-08,Germany,5060
2019-04-08,Egypt,5057
2019-04-15,United States,243019
2019-04-15,France,40572
2019-04-15,United Kingdom,36855
2019-04-15,Israel,25668
2019-04-15,Russia,22348
2019-04-15,Sri Lanka,16091
2019-04-15,Canada,13399
2019-04-15,India,12755
2019-04-15,Ireland,10723
2019-04-15,Libya,9851
2019-04-15,Australia,9787
2019-04-15,Mexico,8593
2019-04-15,Pakistan,8127
2019-04-15,China,7733
2019-04-15,Ukraine,7084
2019-04-15,Nigeria,6455
2019-04-15,Syria,5736
2019-04-15,Turkey,5661
2019-04-15,Germany,5608
2019-04-15,Afghanistan,5427
2019-04-15,Sudan,4664
2019-04-15,Italy,4522
2019-04-15,Peru,4249
2019-04-15,North Korea,4033
2019-04-15,Spain,3933
2019-04-22,United States,250208
2019-04-22,Sri Lanka,77498
2019-04-22,United Kingdom,30031
2019-04-22,Israel,24280
2019-04-22,Russia,16700
2019-04-22,Australia,14226
2019-04-22,India,13487
2019-04-22,Mexico,13308
2019-04-22,Canada,10639
2019-04-22,Iran,10047
2019-04-22,Turkey,9400
2019-04-22,China,9217
2019-04-22,New Zealand,9110
2019-04-22,Syria,8922
2019-04-22,Saudi Arabia,8458
2019-04-22,Afghanistan,7649
2019-04-22,France,6592
2019-04-22,Palestine,6305
2019-04-22,Nigeria,6079
2019-04-22,North Korea,6000
2019-04-22,Ukraine,5776
2019-04-22,Ireland,5602
2019-04-22,Pakistan,5134
2019-04-22,Spain,4779
2019-04-22,Iraq,4717
2019-04-29,United States,265493
2019-04-29,Israel,92623
2019-04-29,United Kingdom,32568
2019-04-29,Venezuela,23827
2019-04-29,Russia,21485
2019-04-29,India,16348
2019-04-29,Australia,14842
2019-04-29,Sri Lanka,12764
2019-04-29,Canada,11451
2019-04-29,China,11436
2019-04-29,France,10715
2019-04-29,Turkey,10459
2019-04-29,Mexico,7551
2019-04-29,Syria,7412
2019-04-29,Nigeria,7110
2019-04-29,Afghanistan,7051
2019-04-29,Pakistan,6896
2019-04-29,Palestine,6606
2019-04-29,New Zealand,6267
2019-04-29,Germany,5816
2019-04-29,North Korea,5164
2019-04-29,Iran,4885
2019-04-29,Italy,4492
2019-04-29,Ukraine,4479
2019-04-29,Spain,4193
2019-05-06,United States,270611
2019-05-06,Israel,49182
2019-05-06,United Kingdom,24893
2019-05-06,Russia,19628
2019-05-06,China,16092
2019-05-06,Iran,15052
2019-05-06,Pakistan,13749
2019-05-06,Canada,13368
2019-05-06,India,11381
2019-05-06,France,9431
2019-05-06,Syria,8901
2019-05-06,Germany,8208
2019-05-06,Iraq,7986
2019-05-06,Australia,7034
2019-05-06,Mexico,6844
2019-05-06,Venezuela,6794
2019-05-06,North Korea,6731
2019-05-06,Afghanistan,6292
2019-05-06,Nigeria,6280
2019-05-06,Turkey,5866
2019-05-06,Sri Lanka,5704
2019-05-06,Ukraine,5549
2019-05-06,Italy,5438
2019-05-06,Libya,4002
2019-05-06,Spain,3815
2019-05-13,United States,287219
2019-05-13,United Kingdom,24644
2019-05-13,Iran,23428
2019-05-13,India,15434
2019-05-13,China,15159
2019-05-13,Russia,14636
2019-05-13,Israel,13918
2019-05-13,Canada,13000
2019-05-13,Iraq,10711
2019-05-13,Australia,9861
2019-05-13,France,9696
2019-05-13,Sri Lanka,9188
2019-05-13,Saudi Arabia,8327
2019-05-13,Syria,7880
2019-05-13,Sweden,7800
2019-05-13,Turkey,6284
2019-05-13,Pakistan,6281
2019-05-13,Germany,6048
2019-05-13,Ukraine,5813
2019-05-13,Venezuela,5603
2019-05-13,Afghanistan,5590
2019-05-13,Spain,5586
2019-05-13,Mexico,5404
2019-05-13,Nigeria,4989
2019-05-13,Egypt,4930
2019-05-20,United States,264533
2019-05-20,United Kingdom,23879
2019-05-20,Israel,21137
2019-05-20,China,17890
2019-05-20,Iran,16571
2019-05-20,Russia,14046
2019-05-20,Afghanistan,13861
2019-05-20,Iraq,13741
2019-05-20,India,13405
2019-05-20,Canada,11597
2019-05-20,Indonesia,11493
2019-05-20,Syria,10806
2019-05-20,France,10419
2019-05-20,South Africa,8886
2019-05-20,Australia,8301
2019-05-20,Pakistan,6572
2019-05-20,Ukraine,6335
2019-05-20,Turkey,6319
2019-05-20,Nigeria,5915
2019-05-20,Germany,5383
2019-05-20,Brazil,5109
2019-05-20,Italy,5075
2019-05-20,Mexico,5026
2019-05-20,Saudi Arabia,4943
2019-05-20,Spain,4783
2019-05-27,United States,226629
2019-05-27,Israel,33745
2019-05-27,United Kingdom,19493
2019-05-27,Russia,18026
2019-05-27,China,16793
2019-05-27,France,15390
2019-05-27,Syria,14589
2019-05-27,Mexico,12182
2019-05-27,Canada,11203
2019-05-27,India,9727
2019-05-27,Japan,9505
2019-05-27,Iran,9036
2019-05-27,Serbia,8196
2019-05-27,Turkey,8046
2019-05-27,Australia,7981
2019-05-27,Brazil,7828
2019-05-27,Iraq,7271
2019-05-27,Kosovo,6998
2019-05-27,Pakistan,6833
2019-05-27,Afghanistan,6741
2019-05-27,Palestine,5726
2019-05-27,Ukraine,5488
2019-05-27,Germany,5451
2019-05-27,Italy,5217
2019-05-27,Nigeria,4388
2019-06-03,United States,240643
2019-06-03,United Kingdom,31762
2019-06-03,Israel,22182
2019-06-03,Australia,19365
2019-06-03,Sudan,18575
2019-06-03,China,18160
2019-06-03,Russia,16998
2019-06-03,Canada,14666
2019-06-03,Mexico,14565
2019-06-03,Germany,12387
2019-06-03,France,12321
2019-06-03,Syria,10669
2019-06-03,India,10295
2019-06-03,Ukraine,6873
2019-06-03,Iran,6225
2019-06-03,Turkey,5102
2019-06-03,Palestine,4867
2019-06-03,Nigeria,4582
2019-06-03,Egypt,4312
2019-06-03,Iraq,4311
2019-06-03,Pakistan,4247
2019-06-03,Sweden,3586
2019-06-03,Spain,3575
2019-06-03,Italy,3349
2019-06-03,Afghanistan,3093
2019-06-10,United States,216327
2019-06-10,Israel,30172
2019-06-10,United Kingdom,27007
2019-06-10,Iran,23680
2019-06-10,India,16506
2019-06-10,Russia,16478
2019-06-10,China,15444
2019-06-10,Canada,9430
2019-06-10,Mexico,8800
2019-06-10,Australia,8088
2019-06-10,Hong Kong,7498
2019-06-10,Syria,6488
2019-06-10,Turkey,6411
2019-06-10,Saudi Arabia,6411
2019-06-10,France,6354
2019-06-10,Italy,6003
2019-06-10,Sudan,5456
2019-06-10,Pakistan,5413
2019-06-10,Dominican Republic,4981
2019-06-10,Germany,4892
2019-06-10,Nigeria,4823
2019-06-10,Palestine,4670
2019-06-10,Ukraine,4636
2019-06-10,Japan,4603
2019-06-10,Brazil,4418
2019-06-17,United States,249219
2019-06-17,Iran,98121
2019-06-17,Israel,21670
2019-06-17,Russia,21616
2019-06-17,United Kingdom,19196
2019-06-17,Saudi Arabia,15867
2019-06-17,China,14629
2019-06-17,Iraq,13741
2019-06-17,India,12951
2019-06-17,Canada,12500
2019-06-17,Ukraine,10614
2019-06-17,Egypt,9991
2019-06-17,Syria,8680
2019-06-17,Ethiopia,8246
2019-06-17,Turkey,7855
2019-06-17,Germany,7641
2019-06-17,Mexico,7572
2019-06-17,Australia,6546
2019-06-17,Nigeria,6031
2019-06-17,Yemen,5776
2019-06-17,France,5635
2019-06-17,Georgia,4442
2019-06-17,Pakistan,4189
2019-06-17,Spain,4112
2019-06-17,Italy,3631
2019-06-24,United States,274439
2019-06-24,Iran,40438
2019-06-24,Israel,28546
2019-06-24,Russia,18420
2019-06-24,United Kingdom,16822
2019-06-24,China,13573
2019-06-24,Canada,13158
2019-06-24,India,12824
2019-06-24,Mexico,10244
2019-06-24,France,9579
2019-06-24,Iraq,8525
2019-06-24,Germany,8479
2019-06-24,Ethiopia,8275
2019-06-24,Turkey,8073
2019-06-24,Saudi Arabia,8035
2019-06-24,Italy,7576
2019-06-24,Australia,7474
2019-06-24,Afghanistan,6870
2019-06-24,North Korea,6666
2019-06-24,Sudan,6305
2019-06-24,Syria,6218
2019-06-24,Ukraine,5620
2019-06-24,Nigeria,5467
2019-06-24,Japan,5235
2019-06-24,Spain,4761
2019-07-01,United States,178550
2019-07-01,Israel,24872
2019-07-01,United Kingdom,17937
2019-07-01,Russia,16770
2019-07-01,Libya,15384
2019-07-01,Iraq,15068
2019-07-01,Iran,13874
2019-07-01,China,11539
2019-07-01,India,11283
2019-07-01,Syria,10845
2019-07-01,Italy,8971
2019-07-01,Canada,8809
2019-07-01,Australia,8753
2019-07-01,Turkey,8405
2019-07-01,Germany,7861
2019-07-01,Afghanistan,7180
2019-07-01,Mexico,6848
2019-07-01,Nigeria,6611
2019-07-01,Hong Kong,6305
2019-07-01,Sudan,6111
2019-07-01,Ukraine,6002
2019-07-01,France,5319
2019-07-01,Pakistan,5247
2019-07-01,North Korea,5126
2019-07-01,Venezuela,5015
2019-07-08,United States,212041
2019-07-08,United Kingdom,33270
2019-07-08,Israel,24628
2019-07-08,Russia,15507
2019-07-08,Iran,14786
2019-07-08,China,12643
2019-07-08,Canada,12630
2019-07-08,India,10254
2019-07-08,Syria,8644
2019-07-08,Mexico,7678
2019-07-08,Turkey,7455
2019-07-08,Nigeria,7189
2019-07-08,Afghanistan,6969
2019-07-08,Somalia,6686
2019-07-08,Germany,6686
2019-07-08,Ukraine,6303
2019-07-08,France,5868
2019-07-08,Australia,5798
2019-07-08,Pakistan,4925
2019-07-08,Italy,4825
2019-07-08,Palestine,4029
2019-07-08,Spain,3513
2019-07-08,Iraq,3204
2019-07-08,South Africa,3102
2019-07-08,Indonesia,2837
2019-07-15,United States,205622
2019-07-15,United Kingdom,31819
2019-07-15,Iran,31387
2019-07-15,Israel,28994
2019-07-15,Mexico,19418
2019-07-15,Russia,14578
2019-07-15,India,14377
2019-07-15,Turkey,13756
2019-07-15,China,12285
2019-07-15,Pakistan,12169
2019-07-15,Canada,10043
2019-07-15,Ukraine,8100
2019-07-15,Afghanistan,7669
2019-07-15,Australia,7176
2019-07-15,Palestine,6804
2019-07-15,Egypt,6583
2019-07-15,Germany,6580
2019-07-15,Nigeria,6427
2019-07-15,Italy,6409
2019-07-15,Japan,6370
2019-07-15,Syria,5447
2019-07-15,France,4760
2019-07-15,Iraq,4508
2019-07-15,Saudi Arabia,3829
2019-07-15,Spain,3825
2019-07-22,United States,197057
2019-07-22,Russia,36006
2019-07-22,Israel,34751
2019-07-22,United Kingdom,31590
2019-07-22,Iran,16568
2019-07-22,Mexico,15954
2019-07-22,Canada,14367
2019-07-22,China,12392
2019-07-22,Australia,11882
2019-07-22,Nigeria,10824
2019-07-22,Syria,10668
2019-07-22,Turkey,10232
2019-07-22,India,10068
2019-07-22,Italy,8523
2019-07-22,South Korea,8288
2019-07-22,Afghanistan,7963
2019-07-22,Pakistan,7291
2019-07-22,Sweden,6641
2019-07-22,North Korea,5984
2019-07-22,Ukraine,5349
2019-07-22,Hong Kong,5299
2019-07-22,Germany,5057
2019-07-22,France,4803
2019-07-22,Palestine,3845
2019-07-22,Indonesia,3707
2019-07-29,United States,350658
2019-07-29,Russia,26164
2019-07-29,Israel,25572
2019-07-29,United Kingdom,20568
2019-07-29,Mexico,18164
2019-07-29,India,16463
2019-07-29,Brazil,12555
2019-07-29,China,12173
2019-07-29,Canada,11875
2019-07-29,Iran,10986
2019-07-29,Afghanistan,10613
2019-07-29,Pakistan,9904
2019-07-29,Nigeria,9038
2019-07-29,North Korea,8466
2019-07-29,Hong Kong,8247
2019-07-29,Sweden,7743
2019-07-29,Australia,7320
2019-07-29,Syria,7046
2019-07-29,Italy,7018
2019-07-29,Germany,6481
2019-07-29,South Korea,6381
2019-07-29,Turkey,5337
2019-07-29,Sudan,5152
2019-07-29,Palestine,5067
2019-07-29,Ukraine,4564
2019-08-05,United States,394282
2019-08-05,Israel,40809
2019-08-05,Mexico,24290
2019-08-05,United Kingdom,21710
2019-08-05,India,18361
2019-08-05,Russia,18117
2019-08-05,Canada,13329
2019-08-05,China,12574
2019-08-05,Pakistan,11715
2019-08-05,Hong Kong,8265
2019-08-05,Syria,8106
2019-08-05,Australia,7683
2019-08-05,Nigeria,7673
2019-08-05,Venezuela,7201
2019-08-05,Palestine,6504
2019-08-05,Turkey,6195
2019-08-05,North Korea,5722
2019-08-05,Ukraine,5678
2019-08-05,South Korea,5603
2019-08-05,Afghanistan,5394
2019-08-05,Japan,5065
2019-08-05,Yemen,4736
2019-08-05,Brazil,4490
2019-08-05,Italy,4198
2019-08-05,Iran,4148
2019-08-12,United States,248979
2019-08-12,Israel,52631
2019-08-12,United Kingdom,25782
2019-08-12,China,19191
2019-08-12,Hong Kong,18323
2019-08-12,India,15942
2019-08-12,Russia,14552
2019-08-12,Canada,13544
2019-08-12,Pakistan,11941
2019-08-12,Australia,11280
2019-08-12,Afghanistan,10284
2019-08-12,Syria,9029
2019-08-12,Iran,8320
2019-08-12,Mexico,7476
2019-08-12,Nigeria,5999
2019-08-12,Sweden,5469
2019-08-12,France,5225
2019-08-12,Ukraine,5081
2019-08-12,Turkey,5041
2019-08-12,Italy,4811
2019-08-12,Palestine,4447
2019-08-12,Norway,4264
2019-08-12,Iraq,4155
2019-08-12,Japan,4095
2019-08-12,Germany,3828
2019-08-19,United States,223772
2019-08-19,Israel,33143
2019-08-19,China,19217
2019-08-19,United Kingdom,18525
2019-08-19,Russia,17926
2019-08-19,India,15198
2019-08-19,Syria,14362
2019-08-19,France,12526
2019-08-19,Australia,11261
2019-08-19,Brazil,11054
2019-08-19,Canada,10577
2019-08-19,Iran,9426
2019-08-19,Hong Kong,8444
2019-08-19,Turkey,8077
2019-08-19,Pakistan,7210
2019-08-19,Nigeria,6586
2019-08-19,Afghanistan,6255
2019-08-19,Denmark,6063
2019-08-19,Mexico,5773
2019-08-19,Ukraine,5700
2019-08-19,Indonesia,5233
2019-08-19,Germany,5016
2019-08-19,Spain,4981
2019-08-19,Italy,4977
2019-08-19,South Korea,4069
2019-08-26,United States,227242
2019-08-26,Israel,45711
2019-08-26,United Kingdom,23739
2019-08-26,China,17810
2019-08-26,Russia,14884
2019-08-26,India,13269
2019-08-26,Hong Kong,12887
2019-08-26,Iran,11752
2019-08-26,Syria,10672
2019-08-26,Afghanistan,10180
2019-08-26,Mexico,10026
2019-08-26,Canada,9716
2019-08-26,Brazil,8677
2019-08-26,France,7929
2019-08-26,Pakistan,6877
2019-08-26,Australia,6840
2019-08-26,Lebanon,6610
2019-08-26,Ukraine,6568
2019-08-26,Germany,6365
2019-08-26,Poland,6104
2019-08-26,Nigeria,5843
2019-08-26,Turkey,5664
2019-08-26,Yemen,5656
2019-08-26,Palestine,5067
2019-08-26,Indonesia,4144
2019-09-02,United States,231274
2019-09-02,United Kingdom,25972
2019-09-02,Afghanistan,23045
2019-09-02,Israel,19473
2019-09-02,Russia,16790
2019-09-02,China,13898
2019-09-02,India,12152
2019-09-02,South Africa,10303
2019-09-02,Canada,10041
2019-09-02,Ukraine,8583
2019-09-02,Nigeria,7712
2019-09-02,Turkey,7649
2019-09-02,Hong Kong,7463
2019-09-02,Australia,7390
2019-09-02,Bahamas,7361
2019-09-02,Pakistan,7015
2019-09-02,Iran,6766
2019-09-02,Mexico,6450
2019-09-02,Germany,5466
2019-09-02,Syria,5354
2019-09-02,France,5156
2019-09-02,Sweden,4159
2019-09-02,Philippines,4143
2019-09-02,Brazil,4105
2019-09-02,Romania,3541
2019-09-09,United States,222526
2019-09-09,United Kingdom,24970
2019-09-09,Afghanistan,19938
2019-09-09,Saudi Arabia,16847
2019-09-09,Iran,16712
2019-09-09,Israel,15167
2019-09-09,Russia,14683
2019-09-09,India,11160
2019-09-09,Pakistan,10353
2019-09-09,China,9888
2019-09-09,Canada,9754
2019-09-09,Australia,9020
2019-09-09,Mexico,7938
2019-09-09,Turkey,7915
2019-09-09,Nigeria,6760
2019-09-09,Syria,6165
2019-09-09,Ukraine,6008
2019-09-09,South Africa,5652
2019-09-09,France,5231
2019-09-09,Germany,4242
2019-09-09,Brazil,3853
2019-09-09,Iraq,3677
2019-09-09,Yemen,3606
2019-09-09,Venezuela,2880
2019-09-09,Italy,2821
2019-09-16,United States,197616
2019-09-16,Iran,32300
2019-09-16,Saudi Arabia,23881
2019-09-16,United Kingdom,16969
2019-09-16,Russia,14477
2019-09-16,India,11848
2019-09-16,Afghanistan,11596
2019-09-16,Canada,10993
2019-09-16,Israel,10395
2019-09-16,China,8823
2019-09-16,Ukraine,8156
2019-09-16,Australia,7573
2019-09-16,Yemen,6912
2019-09-16,France,6422
2019-09-16,Pakistan,6210
2019-09-16,Turkey,5891
2019-09-16,Mexico,5871
2019-09-16,Germany,5268
2019-09-16,Nigeria,4986
2019-09-16,Syria,4917
2019-09-16,South Africa,4430
2019-09-16,Sweden,3503
2019-09-16,Indonesia,3449
2019-09-16,Brazil,3229
2019-09-16,Hong Kong,3202
2019-09-23,United States,197793
2019-09-23,United Kingdom,23532
2019-09-23,Ukraine,20441
2019-09-23,Iran,14710
2019-09-23,Russia,12592
2019-09-23,Afghanistan,12385
2019-09-23,China,12254
2019-09-23,India,12211
2019-09-23,Saudi Arabia,11939
2019-09-23,Israel,11672
2019-09-23,Canada,11089
2019-09-23,Indonesia,10635
2019-09-23,Pakistan,8345
2019-09-23,Syria,8216
2019-09-23,Germany,7956
2019-09-23,France,7226
2019-09-23,Turkey,7196
2019-09-23,Australia,6372
2019-09-23,South Africa,6045
2019-09-23,Nigeria,5762
2019-09-23,Egypt,5525
2019-09-23,Mexico,5456
2019-09-23,Spain,3937
2019-09-23,Iraq,3455
2019-09-23,Italy,3340
2019-09-30,United States,251879
2019-09-30,Iraq,29183
2019-09-30,China,24114
2019-09-30,United Kingdom,18078
2019-09-30,Hong Kong,17537
2019-09-30,Ukraine,14202
2019-09-30,India,13340
2019-09-30,Canada,12591
2019-09-30,France,11980
2019-09-30,Russia,10959
2019-09-30,Australia,10483
2019-09-30,Iran,8913
2019-09-30,Saudi Arabia,7983
2019-09-30,Turkey,7431
2019-09-30,Israel,6722
2019-09-30,Pakistan,5434
2019-09-30,Nigeria,4860
2019-09-30,North Korea,4727
2019-09-30,Afghanistan,4690
2019-09-30,Mexico,4662
2019-09-30,Indonesia,3866
2019-09-30,Germany,3695
2019-09-30,Italy,3606
2019-09-30,Syria,3556
2019-09-30,Japan,3418
2019-10-07,United States,231984
2019-10-07,Turkey,99190
2019-10-07,Syria,76368
2019-10-07,United Kingdom,29313
2019-10-07,Ukraine,15520
2019-10-07,Germany,13345
2019-10-07,Russia,12994
2019-10-07,China,12871
2019-10-07,India,10468
2019-10-07,Canada,10316
2019-10-07,Ecuador,10219
2019-10-07,Iraq,8428
2019-10-07,Mexico,7522
2019-10-07,France,7482
2019-10-07,Iran,7088
2019-10-07,Australia,6758
2019-10-07,Israel,5255
2019-10-07,Afghanistan,5113
2019-10-07,Nigeria,4709
2019-10-07,Pakistan,4671
2019-10-07,Indonesia,3806
2019-10-07,Jordan,3594
2019-10-07,Bangladesh,3558
2019-10-07,Italy,3486
2019-10-07,Saudi Arabia,3384
2019-10-14,United States,231813
2019-10-14,Turkey,75911
2019-10-14,Syria,64760
2019-10-14,Spain,29076
2019-10-14,United Kingdom,23948
2019-10-14,Russia,18358
2019-10-14,Mexico,18189
2019-10-14,India,14075
2019-10-14,Ukraine,8952
2019-10-14,Australia,8422
2019-10-14,China,8160
2019-10-14,Canada,7970
2019-10-14,France,7811
2019-10-14,Pakistan,6964
2019-10-14,Afghanistan,6478
2019-10-14,Iraq,6248
2019-10-14,Israel,6095
2019-10-14,Germany,5618
2019-10-14,Nigeria,5179
2019-10-14,Iran,5027
2019-10-14,Italy,3900
2019-10-14,Ireland,3729
2019-10-14,Chile,3668
2019-10-14,Belgium,3462
2019-10-14,Lebanon,3190
2019-10-21,United States,189392
2019-10-21,United Kingdom,42325
2019-10-21,Syria,38272
2019-10-21,Turkey,31203
2019-10-21,Iraq,23787
2019-10-21,Russia,21422
2019-10-21,Canada,12052
2019-10-21,Ukraine,10734
2019-10-21,China,10355
2019-10-21,India,10082
2019-10-21,Israel,9775
2019-10-21,Spain,9147
2019-10-21,Australia,9079
2019-10-21,Chile,8992
2019-10-21,Mexico,7398
2019-10-21,Ireland,6970
2019-10-21,France,6496
2019-10-21,Pakistan,6030
2019-10-21,Iran,4585
2019-10-21,Nigeria,4456
2019-10-21,Lebanon,4209
2019-10-21,Germany,3647
2019-10-21,Afghanistan,3497
2019-10-21,Italy,3323
2019-10-21,Japan,3284
2019-10-28,United States,204459
2019-10-28,Syria,27854
2019-10-28,United Kingdom,19765
2019-10-28,Iraq,18779
2019-10-28,Russia,17661
2019-10-28,Israel,16997
2019-10-28,Turkey,16917
2019-10-28,Ukraine,11284
2019-10-28,Canada,9995
2019-10-28,Australia,9563
2019-10-28,China,9216
2019-10-28,India,9106
2019-10-28,Pakistan,7126
2019-10-28,France,6917
2019-10-28,Hong Kong,5547
2019-10-28,Iran,5482
2019-10-28,Spain,5178
2019-10-28,Japan,5092
2019-10-28,Lebanon,5054
2019-10-28,Mexico,4879
2019-10-28,Germany,4610
2019-10-28,Nigeria,4603
2019-10-28,Afghanistan,4466
2019-10-28,Ireland,4115
2019-10-28,Brazil,3890
2019-11-04,United States,189706
2019-11-04,Mexico,31018
2019-11-04,United Kingdom,19846
2019-11-04,Iraq,19281
2019-11-04,Turkey,13218
2019-11-04,Russia,12758
2019-11-04,India,12742
2019-11-04,Australia,11531
2019-11-04,Iran,11485
2019-11-04,China,11389
2019-11-04,Ukraine,11320
2019-11-04,Syria,11238
2019-11-04,Canada,10550
2019-11-04,France,7234
2019-11-04,Israel,6885
2019-11-04,Germany,6455
2019-11-04,Spain,5773
2019-11-04,Brazil,5479
2019-11-04,Nigeria,4818
2019-11-04,Hong Kong,4621
2019-11-04,Pakistan,4347
2019-11-04,Saudi Arabia,4054
2019-11-04,Vietnam,3958
2019-11-04,Italy,3803
2019-11-04,Ireland,3442
2019-11-11,United States,212159
2019-11-11,Israel,57697
2019-11-11,Hong Kong,21667
2019-11-11,Russia,19954
2019-11-11,United Kingdom,19372
2019-11-11,Ukraine,17901
2019-11-11,China,17238
2019-11-11,Australia,16483
2019-11-11,Turkey,15718
2019-11-11,Syria,14606
2019-11-11,Bolivia,11744
2019-11-11,Mexico,9476
2019-11-11,France,8115
2019-11-11,India,8102
2019-11-11,Canada,7882
2019-11-11,Iran,7872
2019-11-11,Iraq,7099
2019-11-11,Italy,6099
2019-11-11,Afghanistan,5600
2019-11-11,Spain,5076
2019-11-11,Germany,4905
2019-11-11,Nigeria,4523
2019-11-11,Indonesia,3782
2019-11-11,Pakistan,3728
2019-11-11,Greece,3638
2019-11-18,United States,197006
2019-11-18,United Kingdom,27515
2019-11-18,Israel,24497
2019-11-18,China,15652
2019-11-18,Iraq,15021
2019-11-18,Ukraine,14706
2019-11-18,Hong Kong,13677
2019-11-18,Russia,12790
2019-11-18,Iran,11974
2019-11-18,Syria,10836
2019-11-18,Australia,10017
2019-11-18,Turkey,8328
2019-11-18,Afghanistan,8119
2019-11-18,India,7729
2019-11-18,Canada,7464
2019-11-18,Colombia,6560
2019-11-18,Sweden,6535
2019-11-18,Mexico,6159
2019-11-18,Germany,5539
2019-11-18,France,5371
2019-11-18,Nigeria,4492
2019-11-18,Bolivia,4308
2019-11-18,Pakistan,4282
2019-11-18,New Zealand,3886
2019-11-18,South Africa,3739
2019-11-25,United States,144418
2019-11-25,United Kingdom,53721
2019-11-25,Iraq,25241
2019-11-25,Israel,14137
2019-11-25,China,13598
2019-11-25,India,12505
2019-11-25,Iran,11590
2019-11-25,Russia,10948
2019-11-25,Mexico,10025
2019-11-25,France,9418
2019-11-25,Australia,8749
2019-11-25,Turkey,8476
2019-11-25,Canada,7638
2019-11-25,Ukraine,7203
2019-11-25,Hong Kong,6198
2019-11-25,Syria,5855
2019-11-25,Afghanistan,5718
2019-11-25,Germany,5089
2019-11-25,Nigeria,4776
2019-11-25,Pakistan,4620
2019-11-25,Malta,4465
2019-11-25,Netherlands,4451
2019-11-25,Brazil,4102
2019-11-25,Ireland,4021
2019-11-25,Italy,3599
2019-12-02,United States,212923
2019-12-02,United Kingdom,33889
2019-12-02,India,25492
2019-12-02,Russia,17855
2019-12-02,Ukraine,16139
2019-12-02,Iran,15755
2019-12-02,France,12254
2019-12-02,Saudi Arabia,11142
2019-12-02,Canada,10190
2019-12-02,Australia,9967
2019-12-02,China,9487
2019-12-02,Turkey,9353
2019-12-02,Israel,8990
2019-12-02,Mexico,7990
2019-12-02,Syria,7711
2019-12-02,Iraq,7485
2019-12-02,Germany,7110
2019-12-02,Japan,6183
2019-12-02,Nigeria,5649
2019-12-02,Afghanistan,4741
2019-12-02,Pakistan,4702
2019-12-02,Italy,3364
2019-12-02,Spain,3188
2019-12-02,Brazil,2858
2019-12-02,South Africa,2527
2019-12-09,United States,192155
2019-12-09,United Kingdom,23208
2019-12-09,India,20982
2019-12-09,Russia,17735
2019-12-09,Ukraine,16028
2019-12-09,China,11299
2019-12-09,Germany,9815
2019-12-09,Saudi Arabia,8976
2019-12-09,Canada,8569
2019-12-09,Israel,8154
2019-12-09,Bailiwick of Jersey,7623
2019-12-09,Turkey,7589
2019-12-09,Australia,7151
2019-12-09,Afghanistan,6869
2019-12-09,France,6869
2019-12-09,Pakistan,6804
2019-12-09,Iraq,6547
2019-12-09,Mexico,5778
2019-12-09,Iran,4884
2019-12-09,Nigeria,4793
2019-12-09,Lebanon,4560
2019-12-09,Czech Republic,4355
2019-12-09,Bangladesh,4164
2019-12-09,Sweden,3956
2019-12-09,New Zealand,3629
2019-12-16,United States,190090
2019-12-16,India,46342
2019-12-16,United Kingdom,29314
2019-12-16,Russia,20601
2019-12-16,Australia,15647
2019-12-16,Ukraine,14353
2019-12-16,Pakistan,11401
2019-12-16,China,11038
2019-12-16,Canada,9447
2019-12-16,Syria,9342
2019-12-16,Turkey,8954
2019-12-16,France,8504
2019-12-16,Israel,7765
2019-12-16,Germany,7334
2019-12-16,Mexico,5000
2019-12-16,Iran,4720
2019-12-16,Lebanon,4392
2019-12-16,Philippines,4361
2019-12-16,Nigeria,4297
2019-12-16,Afghanistan,3807
2019-12-16,Estonia,3726
2019-12-16,Iraq,3638
2019-12-16,Spain,3385
2019-12-16,Brazil,3278
2019-12-16,New Zealand,3160
2019-12-23,United States,136521
2019-12-23,Saudi Arabia,17068
2019-12-23,Russia,16703
2019-12-23,Syria,16500
2019-12-23,Turkey,14478
2019-12-23,Israel,14091
2019-12-23,India,12940
2019-12-23,Afghanistan,12389
2019-12-23,United Kingdom,10830
2019-12-23,Australia,9312
2019-12-23,Ukraine,9300
2019-12-23,China,9099
2019-12-23,Iran,7005
2019-12-23,Iraq,6581
2019-12-23,Canada,5448
2019-12-23,Nigeria,5267
2019-12-23,France,5237
2019-12-23,Somalia,5156
2019-12-23,Pakistan,4805
2019-12-23,Hong Kong,4490
2019-12-23,Japan,3832
2019-12-23,Mexico,3656
2019-12-23,Germany,2866
2019-12-23,Libya,2749
2019-12-23,Italy,2655
2019-12-30,United States,89954
2019-12-30,Iraq,22514
2019-12-30,Iran,17296
2019-12-30,China,7116
2019-12-30,United Kingdom,5699
2019-12-30,Israel,5281
2019-12-30,Australia,4916
2019-12-30,India,4037
2019-12-30,Cyprus,3529
2019-12-30,Syria,3361
2019-12-30,Russia,3211
2019-12-30,Kenya,2986
2019-12-30,Turkey,2971
2019-12-30,Canada,2920
2019-12-30,Afghanistan,2672
2019-12-30,Japan,2654
2019-12-30,Somalia,2516
2019-12-30,Lebanon,2464
2019-12-30,Ukraine,2426
2019-12-30,Pakistan,1811
2019-12-30,France,1809
2019-12-30,Libya,1801
2019-12-30,Germany,1791
2019-12-30,Nigeria,1709
2019-12-30,Mexico,1669
2020-01-06,Iran,234010
2020-01-06,United States,232935
2020-01-06,Iraq,86936
2020-01-06,Ukraine,29270
2020-01-06,Australia,28763
2020-01-06,United Kingdom,26358
2020-01-06,Canada,22337
2020-01-06,India,16356
2020-01-06,Russia,12700
2020-01-06,Israel,10394
2020-01-06,Syria,9650
2020-01-06,Mexico,9358
2020-01-06,France,8548
2020-01-06,Japan,7651
2020-01-06,China,7517
2020-01-06,Turkey,6576
2020-01-06,Germany,6184
2020-01-06,Pakistan,5693
2020-01-06,Nigeria,5270
2020-01-06,Kenya,5171
2020-01-06,Libya,4913
2020-01-06,Lebanon,4837
2020-01-06,Afghanistan,4702
2020-01-06,Cyprus,4458
2020-01-06,Saudi Arabia,3818
2020-01-13,United States,191245
2020-01-13,Iran,61639
2020-01-13,Ukraine,24290
2020-01-13,Iraq,19543
2020-01-13,United Kingdom,19176
2020-01-13,Canada,14413
2020-01-13,India,14321
2020-01-13,Russia,13496
2020-01-13,Australia,10747
2020-01-13,China,9225
2020-01-13,Israel,8462
2020-01-13,Syria,8164
2020-01-13,Turkey,7838
2020-01-13,France,6566
2020-01-13,Libya,6333
2020-01-13,Pakistan,6102
2020-01-13,Germany,5945
2020-01-13,Mexico,5918
2020-01-13,Saudi Arabia,5233
2020-01-13,Lebanon,4831
2020-01-13,Egypt,4735
2020-01-13,Nigeria,4219
2020-01-13,Spain,3148
2020-01-13,Afghanistan,3089
2020-01-13,Philippines,2990
2020-01-20,United States,195877
2020-01-20,China,23922
2020-01-20,United Kingdom,20872
2020-01-20,Iraq,19676
2020-01-20,Iran,17151
2020-01-20,Ukraine,15213
2020-01-20,Australia,13513
2020-01-20,Russia,13407
2020-01-20,Canada,12615
2020-01-20,India,10389
2020-01-20,Israel,8596
2020-01-20,Germany,7545
2020-01-20,Mexico,6966
2020-01-20,Nigeria,6489
2020-01-20,Syria,6048
2020-01-20,Turkey,5883
2020-01-20,France,5400
2020-01-20,Saudi Arabia,4276
2020-01-20,Poland,3895
2020-01-20,Brazil,3159
2020-01-20,Spain,3116
2020-01-20,Bangladesh,3067
2020-01-20,Pakistan,3067
2020-01-20,Italy,2953
2020-01-20,Libya,2880
2020-01-27,United States,185997
2020-01-27,China,79559
2020-01-27,United Kingdom,35981
2020-01-27,Israel,26559
2020-01-27,India,17670
2020-01-27,Russia,15032
2020-01-27,Ukraine,13439
2020-01-27,Germany,10811
2020-01-27,Iraq,10641
2020-01-27,Australia,10473
2020-01-27,Iran,9016
2020-01-27,Canada,8827
2020-01-27,France,7632
2020-01-27,Syria,7090
2020-01-27,Nigeria,6428
2020-01-27,Japan,5976
2020-01-27,Afghanistan,5960
2020-01-27,Pakistan,5864
2020-01-27,Mexico,5742
2020-01-27,South Korea,5602
2020-01-27,Indonesia,3845
2020-01-27,Turkey,3828
2020-01-27,Italy,3392
2020-01-27,Philippines,3331
2020-01-27,Spain,3180
2020-02-03,United States,206869
2020-02-03,China,47196
2020-02-03,United Kingdom,33266
2020-02-03,Syria,19840
2020-02-03,Thailand,18562
2020-02-03,Israel,17048
2020-02-03,Russia,13961
2020-02-03,Ukraine,13908
2020-02-03,India,13191
2020-02-03,Turkey,12946
2020-02-03,Australia,12415
2020-02-03,Canada,11198
2020-02-03,Iran,9634
2020-02-03,Nigeria,8024
2020-02-03,Iraq,6697
2020-02-03,France,5961
2020-02-03,Mexico,5448
2020-02-03,Philippines,5272
2020-02-03,Pakistan,5245
2020-02-03,Afghanistan,4999
2020-02-03,Japan,4255
2020-02-03,Jordan,4135
2020-02-03,Ireland,3939
2020-02-03,Spain,3691
2020-02-03,Italy,3662
2020-02-10,United States,185198
2020-02-10,United Kingdom,23270
2020-02-10,China,23005
2020-02-10,Syria,21569
2020-02-10,Russia,17733
2020-02-10,Turkey,12985
2020-02-10,India,12188
2020-02-10,Australia,11389
2020-02-10,Iran,10049
2020-02-10,Canada,9749
2020-02-10,Israel,9248
2020-02-10,Mexico,7012
2020-02-10,Nigeria,6671
2020-02-10,France,6266
2020-02-10,Italy,6246
2020-02-10,Iraq,6117
2020-02-10,Germany,5855
2020-02-10,Afghanistan,5832
2020-02-10,Ukraine,5725
2020-02-10,Pakistan,5398
2020-02-10,Egypt,4112
2020-02-10,Thailand,3930
2020-02-10,Japan,3502
2020-02-10,Spain,3332
2020-02-10,Philippines,2952
2020-02-17,United States,181730
2020-02-17,China,24816
2020-02-17,United Kingdom,23943
2020-02-17,Russia,22354
2020-02-17,Germany,16187
2020-02-17,Syria,15307
2020-02-17,Turkey,14225
2020-02-17,Australia,11881
2020-02-17,India,11698
2020-02-17,Ukraine,11438
2020-02-17,Canada,9596
2020-02-17,Iran,9476
2020-02-17,Israel,9161
2020-02-17,Mexico,7416
2020-02-17,Nigeria,5885
2020-02-17,France,5084
2020-02-17,Japan,5045
2020-02-17,Italy,4921
2020-02-17,Pakistan,4479
2020-02-17,Afghanistan,4441
2020-02-17,South Korea,4060
2020-02-17,Iraq,3798
2020-02-17,Saudi Arabia,3415
2020-02-17,South Africa,3162
2020-02-17,Libya,3009
2020-02-24,United States,204737
2020-02-24,Syria,34655
2020-02-24,Turkey,30530
2020-02-24,India,28254
2020-02-24,China,20324
2020-02-24,Russia,19274
2020-02-24,United Kingdom,18332
2020-02-24,Israel,15546
2020-02-24,Italy,13948
2020-02-24,Iran,12122
2020-02-24,France,10884
2020-02-24,Canada,9688
2020-02-24,Australia,9431
2020-02-24,Mexico,7576
2020-02-24,Afghanistan,6553
2020-02-24,Greece,6422
2020-02-24,Egypt,6240
2020-02-24,Germany,6086
2020-02-24,South Korea,5701
2020-02-24,Pakistan,5223
2020-02-24,Iraq,4997
2020-02-24,Nigeria,4950
2020-02-24,Ukraine,4440
2020-02-24,Japan,4428
2020-02-24,Spain,3240
2020-03-02,United States,171669
2020-03-02,Turkey,29210
2020-03-02,Syria,22410
2020-03-02,United Kingdom,21625
2020-03-02,China,17323
2020-03-02,Russia,16976
2020-03-02,Greece,16796
2020-03-02,Afghanistan,16447
2020-03-02,India,14340
2020-03-02,Israel,13066
2020-03-02,Italy,10611
2020-03-02,Australia,9001
2020-03-02,Canada,7918
2020-03-02,Iran,7219
2020-03-02,France,6425
2020-03-02,Ukraine,6029
2020-03-02,Nigeria,5965
2020-03-02,Saudi Arabia,5867
2020-03-02,Palestine,5375
2020-03-02,Germany,4789
2020-03-02,Mexico,4739
2020-03-02,Japan,4285
2020-03-02,South Korea,3995
2020-03-02,Pakistan,3181
2020-03-02,Philippines,3171
2020-03-09,United States,169088
2020-03-09,Iraq,28591
2020-03-09,United Kingdom,27419
2020-03-09,Italy,17076
2020-03-09,Israel,16347
2020-03-09,Iran,15213
2020-03-09,China,15137
2020-03-09,India,11542
2020-03-09,Russia,11204
2020-03-09,Australia,9054
2020-03-09,Spain,8363
2020-03-09,Canada,8194
2020-03-09,Palestine,6968
2020-03-09,France,6839
2020-03-09,Ireland,6565
2020-03-09,Turkey,6438
2020-03-09,Ukraine,5978
2020-03-09,Mexico,5738
2020-03-09,Syria,5346
2020-03-09,Nigeria,5109
2020-03-09,Germany,4593
2020-03-09,Greece,4133
2020-03-09,Saudi Arabia,3736
2020-03-09,Afghanistan,3199
2020-03-09,Pakistan,3060
2020-03-16,United States,146268
2020-03-16,United Kingdom,22036
2020-03-16,China,16566
2020-03-16,Israel,15479
2020-03-16,Canada,14848
2020-03-16,India,12890
2020-03-16,Russia,10793
2020-03-16,Australia,10239
2020-03-16,Italy,9707
2020-03-16,France,9355
2020-03-16,Iran,9337
2020-03-16,Spain,6705
2020-03-16,Germany,6549
2020-03-16,Malaysia,6194
2020-03-16,Iraq,5929
2020-03-16,Turkey,4799
2020-03-16,Nigeria,4795
2020-03-16,Poland,4485
2020-03-16,Mexico,4449
2020-03-16,Ukraine,4139
2020-03-16,South Africa,3939
2020-03-16,Brazil,3592
2020-03-16,Syria,3309
2020-03-16,Romania,3214
2020-03-16,Japan,3201
2020-03-23,United States,113932
2020-03-23,Israel,23411
2020-03-23,United Kingdom,17203
2020-03-23,China,13559
2020-03-23,Russia,9868
2020-03-23,India,8663
2020-03-23,Australia,8632
2020-03-23,Italy,8047
2020-03-23,Afghanistan,7630
2020-03-23,Germany,7140
2020-03-23,Canada,7041
2020-03-23,France,6063
2020-03-23,Nigeria,5982
2020-03-23,Spain,5736
2020-03-23,Iran,5420
2020-03-23,Ukraine,4917
2020-03-23,Turkey,4797
2020-03-23,Palestine,4669
2020-03-23,Iraq,3752
2020-03-23,Mexico,3653
2020-03-23,Brazil,3575
2020-03-23,Pakistan,3430
2020-03-23,South Africa,3398
2020-03-23,Saudi Arabia,3345
2020-03-23,Egypt,3199
2020-03-30,United States,116287
2020-03-30,Israel,16414
2020-03-30,United Kingdom,15194
2020-03-30,China,12842
2020-03-30,Russia,10407
2020-03-30,India,9534
2020-03-30,France,8591
2020-03-30,Australia,7503
2020-03-30,Pakistan,6889
2020-03-30,Italy,6498
2020-03-30,Canada,5970
2020-03-30,Ukraine,4800
2020-03-30,Spain,4538
2020-03-30,Nigeria,4367
2020-03-30,Iran,3614
2020-03-30,Mexico,3428
2020-03-30,Turkey,3333
2020-03-30,Palestine,3272
2020-03-30,Brazil,2895
2020-03-30,Germany,2847
2020-03-30,Japan,2694
2020-03-30,Philippines,2678
2020-03-30,Afghanistan,2634
2020-03-30,Sweden,2584
2020-03-30,Syria,2538
2020-04-06,United States,116207
2020-04-06,United Kingdom,21373
2020-04-06,China,13941
2020-04-06,Australia,12635
2020-04-06,Israel,9923
2020-04-06,Russia,9571
2020-04-06,India,7232
2020-04-06,Italy,6349
2020-04-06,Ukraine,5227
2020-04-06,France,4808
2020-04-06,Canada,4670
2020-04-06,Pakistan,4578
2020-04-06,Germany,4553
2020-04-06,Nigeria,4166
2020-04-06,Turkey,4106
2020-04-06,Spain,3923
2020-04-06,Japan,3862
2020-04-06,Iran,3859
2020-04-06,Mexico,3783
2020-04-06,Afghanistan,3541
2020-04-06,South Africa,3181
2020-04-06,Syria,2900
2020-04-06,Indonesia,2816
2020-04-06,Brazil,2661
2020-04-06,Saudi Arabia,2137
2020-04-13,United States,112456
2020-04-13,Israel,15974
2020-04-13,China,12487
2020-04-13,United Kingdom,10830
2020-04-13,Russia,8290
2020-04-13,Canada,7713
2020-04-13,India,6961
2020-04-13,Australia,5872
2020-04-13,Nigeria,5536
2020-04-13,Ukraine,5379
2020-04-13,France,4084
2020-04-13,Pakistan,3782
2020-04-13,Brazil,3534
2020-04-13,Italy,3350
2020-04-13,Turkey,3332
2020-04-13,Spain,3276
2020-04-13,Germany,2980
2020-04-13,Kazakhstan,2903
2020-04-13,Libya,2820
2020-04-13,North Korea,2619
2020-04-13,Palestine,2539
2020-04-13,Iran,2463
2020-04-13,Mexico,2404
2020-04-13,Egypt,2087
2020-04-13,Indonesia,1991
2020-04-20,United States,103174
2020-04-20,Canada,27429
2020-04-20,United Kingdom,12246
2020-04-20,Israel,11567
2020-04-20,China,9754
2020-04-20,India,8279
2020-04-20,Iran,7211
2020-04-20,Australia,7034
2020-04-20,Russia,6650
2020-04-20,Nigeria,5451
2020-04-20,Italy,4919
2020-04-20,Mexico,4715
2020-04-20,Germany,4581
2020-04-20,Afghanistan,4523
2020-04-20,France,4193
2020-04-20,Syria,3754
2020-04-20,Ukraine,3680
2020-04-20,Spain,3483
2020-04-20,Palestine,3414
2020-04-20,Turkey,3323
2020-04-20,Pakistan,3080
2020-04-20,Indonesia,2763
2020-04-20,Brazil,2402
2020-04-20,South Africa,2279
2020-04-20,Saudi Arabia,2150
2020-04-27,United States,117105
2020-04-27,Israel,17342
2020-04-27,United Kingdom,14298
2020-04-27,Canada,12004
2020-04-27,China,11163
2020-04-27,India,9176
2020-04-27,Russia,8747
2020-04-27,Australia,6611
2020-04-27,Germany,5688
2020-04-27,Nigeria,4490
2020-04-27,Ukraine,4210
2020-04-27,Pakistan,4137
2020-04-27,Syria,3860
2020-04-27,Turkey,3679
2020-04-27,South Korea,3597
2020-04-27,France,3435
2020-04-27,Afghanistan,3423
2020-04-27,Brazil,3222
2020-04-27,Italy,3056
2020-04-27,Egypt,3047
2020-04-27,Mexico,3003
2020-04-27,Spain,2705
2020-04-27,Iran,2645
2020-04-27,Palestine,2582
2020-04-27,Venezuela,2578
2020-05-04,United States,136713
2020-05-04,Israel,16202
2020-05-04,United Kingdom,13374
2020-05-04,China,11509
2020-05-04,India,10943
2020-05-04,Russia,10702
2020-05-04,Australia,7605
2020-05-04,Venezuela,6962
2020-05-04,Canada,6535
2020-05-04,Iran,5516
2020-05-04,Germany,5299
2020-05-04,Nigeria,4756
2020-05-04,Ukraine,4342
2020-05-04,Pakistan,4210
2020-05-04,Turkey,3795
2020-05-04,Italy,3648
2020-05-04,Libya,3371
2020-05-04,Syria,3274
2020-05-04,Afghanistan,3227
2020-05-04,Mexico,3162
2020-05-04,France,3132
2020-05-04,Palestine,3117
2020-05-04,Iraq,3084
2020-05-04,Brazil,3030
2020-05-04,Spain,2972
2020-05-11,United States,127369
2020-05-11,Israel,23950
2020-05-11,United Kingdom,12938
2020-05-11,China,12734
2020-05-11,Afghanistan,11990
2020-05-11,Russia,10468
2020-05-11,Australia,8273
2020-05-11,India,6926
2020-05-11,Palestine,6016
2020-05-11,Canada,5932
2020-05-11,Iran,5675
2020-05-11,Nigeria,4917
2020-05-11,France,4346
2020-05-11,Ukraine,4083
2020-05-11,Germany,3931
2020-05-11,Italy,3614
2020-05-11,Brazil,3396
2020-05-11,Turkey,3306
2020-05-11,Mexico,3021
2020-05-11,Spain,2936
2020-05-11,Syria,2846
2020-05-11,Pakistan,2827
2020-05-11,Rwanda,2016
2020-05-11,Indonesia,2009
2020-05-11,Venezuela,1985
2020-05-18,United States,118785
2020-05-18,Israel,18632
2020-05-18,China,15893
2020-05-18,United Kingdom,14083
2020-05-18,Russia,10160
2020-05-18,Canada,7565
2020-05-18,Afghanistan,7430
2020-05-18,India,7297
2020-05-18,Australia,6785
2020-05-18,Nigeria,6602
2020-05-18,Ukraine,5209
2020-05-18,Saudi Arabia,5091
2020-05-18,Pakistan,4467
2020-05-18,Iran,4302
2020-05-18,Palestine,3905
2020-05-18,Turkey,3863
2020-05-18,Brazil,3746
2020-05-18,France,3658
2020-05-18,Italy,3535
2020-05-18,Germany,3102
2020-05-18,Mexico,3089
2020-05-18,Spain,2834
2020-05-18,Hong Kong,2548
2020-05-18,Syria,2416
2020-05-18,Libya,2394
2020-05-25,United States,256498
2020-05-25,China,19056
2020-05-25,Israel,18489
2020-05-25,United Kingdom,11990
2020-05-25,Russia,10925
2020-05-25,India,8330
2020-05-25,Canada,8274
2020-05-25,Australia,7815
2020-05-25,Ukraine,5451
2020-05-25,Brazil,5176
2020-05-25,Germany,4917
2020-05-25,Nigeria,4813
2020-05-25,Afghanistan,4601
2020-05-25,Hong Kong,4260
2020-05-25,Palestine,4031
2020-05-25,France,3956
2020-05-25,Pakistan,3823
2020-05-25,Iran,3534
2020-05-25,Italy,3454
2020-05-25,Mexico,2663
2020-05-25,Turkey,2659
2020-05-25,Spain,2656
2020-05-25,Libya,2638
2020-05-25,Japan,2414
2020-05-25,Venezuela,1992
2020-06-01,United States,348152
2020-06-01,United Kingdom,22514
2020-06-01,Israel,21567
2020-06-01,China,16251
2020-06-01,France,12702
2020-06-01,Germany,12701
2020-06-01,Russia,10752
2020-06-01,Canada,9796
2020-06-01,Australia,8919
2020-06-01,India,7933
2020-06-01,Iran,7272
2020-06-01,Nigeria,6771
2020-06-01,Palestine,5248
2020-06-01,Mexico,5149
2020-06-01,Turkey,4355
2020-06-01,Pakistan,4104
2020-06-01,Ukraine,4092
2020-06-01,Libya,3957
2020-06-01,Afghanistan,3643
2020-06-01,Brazil,3583
2020-06-01,Italy,3468
2020-06-01,Spain,2864
2020-06-01,Portugal,2826
2020-06-01,Hong Kong,2698
2020-06-01,Zimbabwe,2603
2020-06-08,United States,236924
2020-06-08,United Kingdom,26534
2020-06-08,Israel,15387
2020-06-08,Russia,12557
2020-06-08,China,10452
2020-06-08,Canada,9537
2020-06-08,India,8037
2020-06-08,France,7657
2020-06-08,Nigeria,7608
2020-06-08,Australia,7163
2020-06-08,Germany,6382
2020-06-08,Iran,5469
2020-06-08,Turkey,4943
2020-06-08,Pakistan,4402
2020-06-08,Sweden,4132
2020-06-08,Mexico,3893
2020-06-08,Ukraine,3663
2020-06-08,Palestine,3613
2020-06-08,Libya,3446
2020-06-08,Afghanistan,3349
2020-06-08,Brazil,2955
2020-06-08,Italy,2891
2020-06-08,Spain,2854
2020-06-08,Iraq,2778
2020-06-08,New Zealand,2572
2020-06-15,United States,200630
2020-06-15,China,32880
2020-06-15,Russia,15915
2020-06-15,India,15169
2020-06-15,United Kingdom,15047
2020-06-15,Israel,14513
2020-06-15,Australia,9533
2020-06-15,Canada,9224
2020-06-15,Germany,9014
2020-06-15,France,6837
2020-06-15,Turkey,6427
2020-06-15,Nigeria,6259
2020-06-15,Pakistan,4964
2020-06-15,Ukraine,4386
2020-06-15,Mexico,3923
2020-06-15,South Africa,3903
2020-06-15,Brazil,3752
2020-06-15,South Korea,3564
2020-06-15,New Zealand,3431
2020-06-15,Iran,3411
2020-06-15,Palestine,3390
2020-06-15,Afghanistan,3339
2020-06-15,Philippines,3292
2020-06-15,Syria,3133
2020-06-15,Spain,2862
2020-06-22,United States,180476
2020-06-22,United Kingdom,18111
2020-06-22,Israel,17672
2020-06-22,China,15547
2020-06-22,Russia,11851
2020-06-22,India,10152
2020-06-22,Canada,8809
2020-06-22,Mexico,8733
2020-06-22,Australia,7033
2020-06-22,Germany,6310
2020-06-22,Pakistan,4831
2020-06-22,Nigeria,4637
2020-06-22,France,4450
2020-06-22,Turkey,4426
2020-06-22,Afghanistan,4216
2020-06-22,Ukraine,3743
2020-06-22,South Korea,3682
2020-06-22,Iran,3488
2020-06-22,Italy,3206
2020-06-22,Brazil,3082
2020-06-22,Palestine,2897
2020-06-22,South Africa,2892
2020-06-22,Syria,2796
2020-06-22,Indonesia,2738
2020-06-22,Saudi Arabia,2499
2020-06-29,United States,188313
2020-06-29,China,22575
2020-06-29,United Kingdom,20064
2020-06-29,India,13804
2020-06-29,Israel,12197
2020-06-29,Russia,9771
2020-06-29,Turkey,9740
2020-06-29,Canada,8091
2020-06-29,Australia,7369
2020-06-29,France,6956
2020-06-29,Iran,6661
2020-06-29,Pakistan,6284
2020-06-29,Afghanistan,5805
2020-06-29,Mexico,5541
2020-06-29,Hong Kong,5445
2020-06-29,Germany,4830
2020-06-29,Saudi Arabia,4281
2020-06-29,Nigeria,4008
2020-06-29,Ukraine,3264
2020-06-29,Spain,2853
2020-06-29,Italy,2798
2020-06-29,Brazil,2615
2020-06-29,Egypt,2551
2020-06-29,Venezuela,2390
2020-06-29,Iraq,2338
2020-07-06,United States,165465
2020-07-06,India,17659
2020-07-06,Russia,17238
2020-07-06,Israel,16539
2020-07-06,United Kingdom,15943
2020-07-06,China,15618
2020-07-06,Australia,11635
2020-07-06,Canada,8698
2020-07-06,Serbia,5665
2020-07-06,Palestine,5132
2020-07-06,Mexico,5086
2020-07-06,France,4799
2020-07-06,Nigeria,4692
2020-07-06,Ukraine,4556
2020-07-06,Turkey,4456
2020-07-06,Pakistan,4314
2020-07-06,Iraq,4238
2020-07-06,Italy,4098
2020-07-06,Germany,4043
2020-07-06,Iran,3817
2020-07-06,Spain,3431
2020-07-06,Afghanistan,2890
2020-07-06,Brazil,2809
2020-07-06,South Korea,2775
2020-07-06,Indonesia,2598
2020-07-13,United States,180424
2020-07-13,United Kingdom,20369
2020-07-13,China,19601
2020-07-13,Russia,12575
2020-07-13,Australia,9979
2020-07-13,India,9404
2020-07-13,Israel,8186
2020-07-13,Canada,7824
2020-07-13,Azerbaijan,7203
2020-07-13,Turkey,6725
2020-07-13,Armenia,6515
2020-07-13,Nigeria,6187
2020-07-13,France,5817
2020-07-13,Pakistan,5255
2020-07-13,Iran,5182
2020-07-13,Iraq,5084
2020-07-13,Germany,4722
2020-07-13,Ukraine,4441
2020-07-13,Spain,3941
2020-07-13,Afghanistan,3797
2020-07-13,South Korea,3694
2020-07-13,Mexico,3424
2020-07-13,Italy,3290
2020-07-13,South Africa,2694
2020-07-13,Syria,2627
2020-07-20,United States,182630
2020-07-20,China,29062
2020-07-20,United Kingdom,14070
2020-07-20,Russia,11527
2020-07-20,Australia,9195
2020-07-20,India,8652
2020-07-20,Israel,8634
2020-07-20,Ukraine,8218
2020-07-20,Canada,6539
2020-07-20,Afghanistan,5771
2020-07-20,Nigeria,5599
2020-07-20,Turkey,5381
2020-07-20,Pakistan,5143
2020-07-20,Mexico,5025
2020-07-20,Germany,4934
2020-07-20,France,4843
2020-07-20,Spain,4265
2020-07-20,Iran,4128
2020-07-20,Italy,3286
2020-07-20,Syria,2804
2020-07-20,South Africa,2705
2020-07-20,Iraq,2572
2020-07-20,Indonesia,2462
2020-07-20,Azerbaijan,2431
2020-07-20,Armenia,2425
2020-07-27,United States,156051
2020-07-27,China,24601
2020-07-27,United Kingdom,13993
2020-07-27,Russia,11732
2020-07-27,Australia,10889
2020-07-27,India,9184
2020-07-27,Israel,7464
2020-07-27,Canada,5805
2020-07-27,Iran,5581
2020-07-27,Pakistan,5333
2020-07-27,Germany,5100
2020-07-27,Ukraine,5062
2020-07-27,Spain,4796
2020-07-27,Afghanistan,4783
2020-07-27,Nigeria,4753
2020-07-27,Turkey,4735
2020-07-27,Mexico,4047
2020-07-27,France,3874
2020-07-27,Japan,3027
2020-07-27,South Africa,2738
2020-07-27,Indonesia,2478
2020-07-27,Syria,2451
2020-07-27,Italy,2450
2020-07-27,Malaysia,2441
2020-07-27,Iraq,2421
2020-08-03,United States,138335
2020-08-03,Lebanon,27475
2020-08-03,China,23411
2020-08-03,United Kingdom,12899
2020-08-03,India,10801
2020-08-03,Russia,10397
2020-08-03,Australia,9586
2020-08-03,Afghanistan,8322
2020-08-03,Israel,8058
2020-08-03,Canada,6885
2020-08-03,France,6117
2020-08-03,Japan,5502
2020-08-03,Nigeria,4963
2020-08-03,Pakistan,4898
2020-08-03,Ukraine,4556
2020-08-03,Belarus,4201
2020-08-03,Germany,4060
2020-08-03,Mexico,3905
2020-08-03,Turkey,3114
2020-08-03,Spain,2986
2020-08-03,Iran,2937
2020-08-03,Syria,2688
2020-08-03,South Africa,2481
2020-08-03,Brazil,2473
2020-08-03,Poland,2176
2020-08-10,United States,136871
2020-08-10,Belarus,24394
2020-08-10,China,16119
2020-08-10,Israel,14981
2020-08-10,Russia,13613
2020-08-10,United Kingdom,10799
2020-08-10,Canada,8841
2020-08-10,India,8120
2020-08-10,Lebanon,8034
2020-08-10,Australia,8003
2020-08-10,Hong Kong,6362
2020-08-10,France,5789
2020-08-10,Nigeria,4911
2020-08-10,Turkey,4847
2020-08-10,Germany,4486
2020-08-10,Ukraine,3970
2020-08-10,Iran,3869
2020-08-10,Pakistan,3667
2020-08-10,Mexico,3483
2020-08-10,Afghanistan,3467
2020-08-10,Japan,3333
2020-08-10,Spain,3053
2020-08-10,Iraq,2751
2020-08-10,Poland,2615
2020-08-10,Indonesia,2482
2020-08-17,United States,185641
2020-08-17,Russia,21190
2020-08-17,United Kingdom,15364
2020-08-17,China,12271
2020-08-17,Israel,12028
2020-08-17,India,10604
2020-08-17,Belarus,10330
2020-08-17,Australia,8338
2020-08-17,Canada,6509
2020-08-17,Iran,5605
2020-08-17,Iraq,5322
2020-08-17,Germany,5230
2020-08-17,Mali,5116
2020-08-17,Nigeria,5062
2020-08-17,Lebanon,4986
2020-08-17,Pakistan,4853
2020-08-17,France,4674
2020-08-17,Afghanistan,3982
2020-08-17,Mexico,3923
2020-08-17,Syria,3882
2020-08-17,Ukraine,3718
2020-08-17,Turkey,3433
2020-08-17,Brazil,2523
2020-08-17,New Zealand,2508
2020-08-17,Spain,2506
2020-08-24,United States,271370
2020-08-24,China,13387
2020-08-24,Russia,12657
2020-08-24,Australia,11424
2020-08-24,United Kingdom,11201
2020-08-24,Israel,9434
2020-08-24,India,8842
2020-08-24,New Zealand,8219
2020-08-24,Belarus,8187
2020-08-24,Germany,6825
2020-08-24,Turkey,6001
2020-08-24,Canada,5712
2020-08-24,France,4595
2020-08-24,Ukraine,4451
2020-08-24,Nigeria,4242
2020-08-24,Philippines,3832
2020-08-24,Pakistan,3783
2020-08-24,Afghanistan,3412
2020-08-24,Indonesia,3145
2020-08-24,Greece,3024
2020-08-24,South Africa,3013
2020-08-24,Mexico,2907
2020-08-24,Syria,2889
2020-08-24,Iran,2836
2020-08-24,Brazil,2549
2020-08-31,United States,195293
2020-08-31,Russia,17275
2020-08-31,China,15779
2020-08-31,United Kingdom,15549
2020-08-31,Australia,9899
2020-08-31,India,9700
2020-08-31,France,8375
2020-08-31,Israel,6745
2020-08-31,Belarus,5993
2020-08-31,Germany,5975
2020-08-31,Canada,5288
2020-08-31,Turkey,4910
2020-08-31,Ukraine,4195
2020-08-31,Japan,4060
2020-08-31,Pakistan,3873
2020-08-31,Nigeria,3633
2020-08-31,Mexico,3273
2020-08-31,Afghanistan,2952
2020-08-31,Spain,2914
2020-08-31,Italy,2787
2020-08-31,Iraq,2651
2020-08-31,South Africa,2609
2020-08-31,Philippines,2521
2020-08-31,Syria,2304
2020-08-31,Brazil,2292
2020-09-07,United States,172224
2020-09-07,United Kingdom,15708
2020-09-07,China,14844
2020-09-07,Russia,12962
2020-09-07,India,11842
2020-09-07,Australia,10604
2020-09-07,Belarus,8930
2020-09-07,Turkey,7423
2020-09-07,Canada,6570
2020-09-07,Ukraine,6142
2020-09-07,Israel,5989
2020-09-07,France,5931
2020-09-07,Pakistan,5837
2020-09-07,Greece,5784
2020-09-07,Germany,5259
2020-09-07,Afghanistan,5026
2020-09-07,Nigeria,4587
2020-09-07,Philippines,4394
2020-09-07,Saudi Arabia,4199
2020-09-07,Mexico,3833
2020-09-07,Iran,3456
2020-09-07,Lebanon,2898
2020-09-07,Italy,2882
2020-09-07,Iraq,2818
2020-09-07,Colombia,2741
2020-09-14,United States,157178
2020-09-14,China,18690
2020-09-14,United Kingdom,16442
2020-09-14,Russia,12180
2020-09-14,India,10342
2020-09-14,Israel,9447
2020-09-14,Australia,7671
2020-09-14,Belarus,6995
2020-09-14,Canada,5896
2020-09-14,Pakistan,5638
2020-09-14,Mexico,5059
2020-09-14,Nigeria,4779
2020-09-14,Germany,4764
2020-09-14,Ukraine,4633
2020-09-14,Greece,4164
2020-09-14,Iran,4098
2020-09-14,France,3970
2020-09-14,Afghanistan,3811
2020-09-14,Turkey,3342
2020-09-14,Italy,3228
2020-09-14,Spain,3034
2020-09-14,Indonesia,2958
2020-09-14,Thailand,2798
2020-09-14,South Africa,2671
2020-09-14,Syria,2515
2020-09-21,United States,185332
2020-09-21,United Kingdom,23911
2020-09-21,China,13230
2020-09-21,Russia,11352
2020-09-21,France,10692
2020-09-21,Armenia,10591
2020-09-21,Canada,10363
2020-09-21,Azerbaijan,9890
2020-09-21,India,8106
2020-09-21,Australia,7163
2020-09-21,Israel,5778
2020-09-21,Iran,5173
2020-09-21,Germany,4926
2020-09-21,Belarus,4635
2020-09-21,Nigeria,4379
2020-09-21,Pakistan,4322
2020-09-21,Turkey,4282
2020-09-21,Afghanistan,3904
2020-09-21,South Korea,3573
2020-09-21,Ukraine,3549
2020-09-21,Spain,3517
2020-09-21,Mexico,3509
2020-09-21,North Korea,3288
2020-09-21,Italy,2592
2020-09-21,Greece,2161
2020-09-28,United States,114817
2020-09-28,Armenia,23412
2020-09-28,Azerbaijan,23331
2020-09-28,Russia,15273
2020-09-28,India,15197
2020-09-28,United Kingdom,13179
2020-09-28,Turkey,7884
2020-09-28,China,7855
2020-09-28,Canada,6850
2020-09-28,France,5229
2020-09-28,Iraq,4559
2020-09-28,Israel,4260
2020-09-28,Pakistan,4161
2020-09-28,Australia,3909
2020-09-28,Ukraine,3868
2020-09-28,Spain,3696
2020-09-28,Belarus,3642
2020-09-28,Germany,3580
2020-09-28,Nigeria,3551
2020-09-28,Iran,3413
2020-09-28,Syria,3271
2020-09-28,Italy,3262
2020-09-28,Mexico,2918
2020-09-28,South Africa,2445
2020-09-28,Philippines,2325
2020-10-05,United States,110651
2020-10-05,United Kingdom,12429
2020-10-05,Russia,12291
2020-10-05,Azerbaijan,12149
2020-10-05,Armenia,11797
2020-10-05,India,8849
2020-10-05,Turkey,5613
2020-10-05,France,5420
2020-10-05,China,5296
2020-10-05,Israel,5182
2020-10-05,Canada,4388
2020-10-05,Germany,4249
2020-10-05,Pakistan,3968
2020-10-05,Kyrgyzstan,3827
2020-10-05,Belarus,3816
2020-10-05,Spain,3539
2020-10-05,Syria,3498
2020-10-05,Australia,3416
2020-10-05,Nigeria,3378
2020-10-05,Indonesia,3194
2020-10-05,Ukraine,2697
2020-10-05,Iran,2431
2020-10-05,Bangladesh,2145
2020-10-05,Afghanistan,2135
2020-10-05,South Africa,2120
2020-10-12,United States,74041
2020-10-12,United Kingdom,14124
2020-10-12,France,11831
2020-10-12,Russia,9248
2020-10-12,Azerbaijan,9104
2020-10-12,Armenia,8704
2020-10-12,India,6643
2020-10-12,China,5269
2020-10-12,Afghanistan,4003
2020-10-12,Nigeria,3797
2020-10-12,Pakistan,3768
2020-10-12,Turkey,3608
2020-10-12,Australia,3405
2020-10-12,Canada,3296
2020-10-12,Iran,3146
2020-10-12,Israel,2974
2020-10-12,Italy,2881
2020-10-12,Thailand,2753
2020-10-12,Mexico,2703
2020-10-12,Greece,2608
2020-10-12,Belarus,2490
2020-10-12,Germany,2442
2020-10-12,Bangladesh,2175
2020-10-12,Ukraine,2165
2020-10-12,Spain,2138
2020-10-19,United States,61777
2020-10-19,Nigeria,11017
2020-10-19,France,8001
2020-10-19,Russia,7473
2020-10-19,United Kingdom,6858
2020-10-19,Afghanistan,6186
2020-10-19,China,5712
2020-10-19,India,4584
2020-10-19,Italy,4129
2020-10-19,Spain,3852
2020-10-19,Israel,3765
2020-10-19,Armenia,3726
2020-10-19,Pakistan,3567
2020-10-19,Azerbaijan,3174
2020-10-19,Australia,3058
2020-10-19,Turkey,2814
2020-10-19,Canada,2587
2020-10-19,Iran,2238
2020-10-19,Mexico,2215
2020-10-19,Ukraine,2068
2020-10-19,Egypt,2004
2020-10-19,Thailand,1833
2020-10-19,Germany,1785
2020-10-19,South Korea,1530
2020-10-19,Denmark,1461
2020-10-26,United States,59220
2020-10-26,France,16661
2020-10-26,Russia,5512
2020-10-26,United Kingdom,5379
2020-10-26,China,4962
2020-10-26,India,4679
2020-10-26,Turkey,4446
2020-10-26,Nigeria,3942
2020-10-26,Armenia,3656
2020-10-26,Pakistan,3475
2020-10-26,Azerbaijan,3359
2020-10-26,Australia,3211
2020-10-26,Italy,2683
2020-10-26,Canada,2573
2020-10-26,Spain,2329
2020-10-26,Israel,2163
2020-10-26,Afghanistan,2041
2020-10-26,Germany,2008
2020-10-26,Ukraine,1493
2020-10-26,Philippines,1473
2020-10-26,Greece,1307
2020-10-26,Mexico,1305
2020-10-26,Iran,1273
2020-10-26,Belarus,1229
2020-10-26,Saudi Arabia,1209
2020-11-02,United States,63252
2020-11-02,Austria,8457
2020-11-02,United Kingdom,5606
2020-11-02,Afghanistan,4555
2020-11-02,France,4279
2020-11-02,India,3841
2020-11-02,Russia,3227
2020-11-02,Israel,2435
2020-11-02,China,2305
2020-11-02,Australia,2223
2020-11-02,Canada,2046
2020-11-02,Iran,1667
2020-11-02,Turkey,1649
2020-11-02,Germany,1632
2020-11-02,Armenia,1630
2020-11-02,Nigeria,1606
2020-11-02,Ethiopia,1582
2020-11-02,Spain,1570
2020-11-02,Italy,1470
2020-11-02,Azerbaijan,1441
2020-11-02,Pakistan,1394
2020-11-02,Ukraine,1255
2020-11-02,Tanzania,1175
2020-11-02,Syria,793
2020-11-02,Mexico,766
2020-11-09,United States,26158
2020-11-09,Russia,4180
2020-11-09,United Kingdom,3930
2020-11-09,Ethiopia,3063
2020-11-09,Israel,2525
2020-11-09,Australia,2399
2020-11-09,Armenia,2301
2020-11-09,China,2232
2020-11-09,India,2230
2020-11-09,Azerbaijan,2045
2020-11-09,France,1560
2020-11-09,Afghanistan,1440
2020-11-09,Canada,1366
2020-11-09,Pakistan,1362
2020-11-09,Iran,1350
2020-11-09,Nigeria,1288
2020-11-09,Turkey,1185
2020-11-09,Germany,1183
2020-11-09,Mexico,1071
2020-11-09,Peru,941
2020-11-09,Ukraine,925
2020-11-09,South Africa,800
2020-11-09,Italy,721
2020-11-09,Spain,683
2020-11-09,Indonesia,680
2020-11-16,United States,104869
2020-11-16,United Kingdom,11936
2020-11-16,Russia,8542
2020-11-16,Germany,7722
2020-11-16,India,7535
2020-11-16,Israel,7251
2020-11-16,Ethiopia,6262
2020-11-16,France,6091
2020-11-16,Afghanistan,6004
2020-11-16,China,5920
2020-11-16,Australia,5908
2020-11-16,Nigeria,4593
2020-11-16,Canada,4123
2020-11-16,Pakistan,4073
2020-11-16,Mexico,3733
2020-11-16,Iran,3642
2020-11-16,Brazil,2575
2020-11-16,Turkey,2218
2020-11-16,Syria,2209
2020-11-16,Spain,2186
2020-11-16,Ukraine,1964
2020-11-16,Uganda,1960
2020-11-16,Ireland,1943
2020-11-16,Italy,1854
2020-11-16,Iraq,1798
2020-11-23,United States,83045
2020-11-23,Iran,19101
2020-11-23,United Kingdom,18887
2020-11-23,India,12137
2020-11-23,Israel,11058
2020-11-23,Russia,10030
2020-11-23,France,7928
2020-11-23,Ethiopia,7826
2020-11-23,China,7121
2020-11-23,Pakistan,6405
2020-11-23,Australia,6077
2020-11-23,Nigeria,6036
2020-11-23,Canada,5990
2020-11-23,Turkey,4062
2020-11-23,Afghanistan,4003
2020-11-23,Germany,3986
2020-11-23,Libya,3315
2020-11-23,Saudi Arabia,3081
2020-11-23,Venezuela,2850
2020-11-23,Ukraine,2669
2020-11-23,Spain,2623
2020-11-23,Indonesia,2533
2020-11-23,South Korea,2371
2020-11-23,Mexico,2351
2020-11-23,Iraq,2251
2020-11-30,United States,106729
2020-11-30,United Kingdom,16424
2020-11-30,China,10869
2020-11-30,Iran,10711
2020-11-30,Russia,10577
2020-11-30,Israel,9212
2020-11-30,India,8963
2020-11-30,France,7956
2020-11-30,Nigeria,7877
2020-11-30,Australia,7109
2020-11-30,Germany,6482
2020-11-30,Canada,4721
2020-11-30,Pakistan,3911
2020-11-30,Brazil,3535
2020-11-30,Afghanistan,3439
2020-11-30,Turkey,3299
2020-11-30,Ukraine,3221
2020-11-30,Armenia,3013
2020-11-30,Mexico,2821
2020-11-30,Indonesia,2765
2020-11-30,Ethiopia,2606
2020-11-30,Italy,2535
2020-11-30,Spain,2442
2020-11-30,Egypt,2325
2020-11-30,Iraq,2124
2020-12-07,United States,123531
2020-12-07,United Kingdom,17974
2020-12-07,Russia,11626
2020-12-07,China,10837
2020-12-07,India,8817
2020-12-07,France,7159
2020-12-07,Nigeria,7146
2020-12-07,Australia,7122
2020-12-07,Iran,6868
2020-12-07,Afghanistan,6246
2020-12-07,Indonesia,6135
2020-12-07,Israel,5336
2020-12-07,Canada,4770
2020-12-07,Germany,4646
2020-12-07,Turkey,4298
2020-12-07,Ethiopia,3978
2020-12-07,Italy,3670
2020-12-07,Ukraine,3413
2020-12-07,Pakistan,3174
2020-12-07,Iraq,2970
2020-12-07,Mexico,2917
2020-12-07,Hong Kong,2270
2020-12-07,Lebanon,2191
2020-12-07,Albania,2046
2020-12-07,Armenia,2021
2020-12-14,United States,117115
2020-12-14,United Kingdom,28651
2020-12-14,Nigeria,15315
2020-12-14,Russia,12048
2020-12-14,Afghanistan,9310
2020-12-14,France,9260
2020-12-14,Australia,8265
2020-12-14,India,8229
2020-12-14,China,7841
2020-12-14,Canada,7359
2020-12-14,Germany,5893
2020-12-14,Turkey,4947
2020-12-14,Italy,4841
2020-12-14,Iran,4606
2020-12-14,Israel,4438
2020-12-14,Pakistan,3937
2020-12-14,Mexico,3715
2020-12-14,Indonesia,3390
2020-12-14,Netherlands,3296
2020-12-14,Belgium,3247
2020-12-14,Ukraine,3013
2020-12-14,Spain,2551
2020-12-14,Japan,2476
2020-12-14,Syria,2378
2020-12-14,Ireland,2274
2020-12-21,United States,92318
2020-12-21,United Kingdom,36777
2020-12-21,Russia,15433
2020-12-21,France,11474
2020-12-21,Iraq,11222
2020-12-21,Israel,8404
2020-12-21,India,7979
2020-12-21,China,7757
2020-12-21,Afghanistan,7535
2020-12-21,Pakistan,6543
2020-12-21,Germany,6482
2020-12-21,Canada,6267
2020-12-21,Mexico,6079
2020-12-21,Nigeria,4985
2020-12-21,Australia,4914
2020-12-21,Turkey,4760
2020-12-21,Netherlands,4468
2020-12-21,Italy,4278
2020-12-21,Ireland,3628
2020-12-21,Ukraine,3372
2020-12-21,Iran,3194
2020-12-21,Libya,3150
2020-12-21,Spain,2910
2020-12-21,Austria,2816
2020-12-21,Japan,2775
2020-12-28,United States,92893
2020-12-28,United Kingdom,23138
2020-12-28,China,14631
2020-12-28,Russia,8241
2020-12-28,India,7689
2020-12-28,France,7281
2020-12-28,Pakistan,7263
2020-12-28,Israel,7013
2020-12-28,Iran,6879
2020-12-28,Nigeria,5433
2020-12-28,Afghanistan,5174
2020-12-28,Saudi Arabia,4690
2020-12-28,Australia,4281
2020-12-28,Iraq,3911
2020-12-28,Yemen,3632
2020-12-28,Germany,2914
2020-12-28,Japan,2886
2020-12-28,Ukraine,2765
2020-12-28,Turkey,2638
2020-12-28,Spain,2528
2020-12-28,Canada,2335
2020-12-28,Italy,2270
2020-12-28,Mexico,2261
2020-12-28,South Africa,2075
2020-12-28,Indonesia,1973
2021-01-04,United States,251778
2021-01-04,United Kingdom,28358
2021-01-04,China,12303
2021-01-04,Iran,10279
2021-01-04,India,9194
2021-01-04,Indonesia,7617
2021-01-04,Pakistan,6613
2021-01-04,Israel,6544
2021-01-04,Australia,5913
2021-01-04,France,5781
2021-01-04,Canada,5286
2021-01-04,Iraq,5284
2021-01-04,Russia,5237
2021-01-04,Mexico,4507
2021-01-04,Germany,4309
2021-01-04,Nigeria,3917
2021-01-04,Ukraine,3851
2021-01-04,South Africa,3644
2021-01-04,Hong Kong,3468
2021-01-04,Afghanistan,2878
2021-01-04,Japan,2815
2021-01-04,Turkey,2465
2021-01-04,Spain,2278
2021-01-04,Italy,2213
2021-01-04,South Korea,1872
2021-01-11,United States,236141
2021-01-11,United Kingdom,17400
2021-01-11,Russia,10610
2021-01-11,China,10504
2021-01-11,India,7650
2021-01-11,Ukraine,7600
2021-01-11,Israel,6201
2021-01-11,Australia,4904
2021-01-11,France,4860
2021-01-11,Germany,4685
2021-01-11,Nigeria,4395
2021-01-11,Canada,4215
2021-01-11,Indonesia,4124
2021-01-11,Mexico,4036
2021-01-11,Afghanistan,4010
2021-01-11,Iran,3696
2021-01-11,Pakistan,3624
2021-01-11,Italy,3171
2021-01-11,Turkey,3122
2021-01-11,Brazil,2850
2021-01-11,Spain,2814
2021-01-11,South Africa,2437
2021-01-11,South Korea,2111
2021-01-11,Syria,1829
2021-01-11,Iraq,1822
2021-01-18,United States,144240
2021-01-18,Russia,31069
2021-01-18,United Kingdom,13436
2021-01-18,China,11109
2021-01-18,Israel,8239
2021-01-18,India,7881
2021-01-18,Nigeria,5679
2021-01-18,France,5495
2021-01-18,Germany,5377
2021-01-18,Iraq,5244
2021-01-18,Canada,5168
2021-01-18,Australia,4360
2021-01-18,Mexico,4334
2021-01-18,Ukraine,3821
2021-01-18,Iran,3633
2021-01-18,Spain,3255
2021-01-18,Turkey,3213
2021-01-18,Italy,3132
2021-01-18,Afghanistan,3116
2021-01-18,Netherlands,2995
2021-01-18,Pakistan,2769
2021-01-18,South Korea,2754
2021-01-18,Brazil,2707
2021-01-18,South Africa,2565
2021-01-18,Indonesia,2482
2021-01-25,United States,132997
2021-01-25,Russia,28754
2021-01-25,United Kingdom,19910
2021-01-25,India,16278
2021-01-25,China,9214
2021-01-25,Israel,8991
2021-01-25,Germany,7641
2021-01-25,Pakistan,7162
2021-01-25,Canada,5749
2021-01-25,Nigeria,5638
2021-01-25,Australia,5600
2021-01-25,France,5269
2021-01-25,Netherlands,4728
2021-01-25,Ukraine,4439
2021-01-25,Italy,4046
2021-01-25,Mexico,3298
2021-01-25,South Africa,2783
2021-01-25,Spain,2757
2021-01-25,Turkey,2585
2021-01-25,Poland,2564
2021-01-25,Brazil,2545
2021-01-25,Iran,2476
2021-01-25,Belgium,2342
2021-01-25,Ireland,2204
2021-01-25,Afghanistan,2056
2021-02-01,United States,145391
2021-02-01,Russia,24312
2021-02-01,Myanmar,15563
2021-02-01,United Kingdom,14849
2021-02-01,India,10489
2021-02-01,China,8696
2021-02-01,Australia,7719
2021-02-01,Israel,6582
2021-02-01,Canada,5748
2021-02-01,France,5567
2021-02-01,Germany,5405
2021-02-01,Turkey,5148
2021-02-01,Nigeria,4989
2021-02-01,Mexico,4813
2021-02-01,Afghanistan,4342
2021-02-01,Iran,4216
2021-02-01,Ukraine,4032
2021-02-01,Pakistan,3974
2021-02-01,Bangladesh,3019
2021-02-01,Italy,2920
2021-02-01,South Africa,2468
2021-02-01,Spain,2467
2021-02-01,Uganda,2399
2021-02-01,Lebanon,2212
2021-02-01,Yemen,2154
2021-02-08,United States,168669
2021-02-08,United Kingdom,14665
2021-02-08,Russia,12363
2021-02-08,China,12166
2021-02-08,Myanmar,12071
2021-02-08,India,9747
2021-02-08,Ukraine,8184
2021-02-08,Australia,7954
2021-02-08,Nigeria,6416
2021-02-08,Israel,6347
2021-02-08,Canada,6174
2021-02-08,Germany,5083
2021-02-08,Turkey,4098
2021-02-08,Mexico,4058
2021-02-08,France,3887
2021-02-08,Saudi Arabia,3792
2021-02-08,Afghanistan,3731
2021-02-08,Pakistan,3322
2021-02-08,South Africa,3230
2021-02-08,Iran,2997
2021-02-08,Italy,2868
2021-02-08,Yemen,2786
2021-02-08,Spain,2669
2021-02-08,Poland,2079
2021-02-08,Brazil,1840
2021-02-15,United States,108936
2021-02-15,United Kingdom,13875
2021-02-15,Russia,11750
2021-02-15,Myanmar,11630
2021-02-15,India,11074
2021-02-15,Spain,10473
2021-02-15,Australia,9333
2021-02-15,Nigeria,8666
2021-02-15,China,6664
2021-02-15,France,6209
2021-02-15,Iraq,6126
2021-02-15,Israel,5957
2021-02-15,Canada,5713
2021-02-15,Iran,5159
2021-02-15,Turkey,4862
2021-02-15,Germany,4414
2021-02-15,Ukraine,4088
2021-02-15,Pakistan,3443
2021-02-15,Afghanistan,3027
2021-02-15,South Africa,3002
2021-02-15,Syria,2659
2021-02-15,Italy,2532
2021-02-15,Mexico,2530
2021-02-15,Belarus,2378
2021-02-15,Libya,2133
2021-02-22,United States,118642
2021-02-22,Nigeria,14424
2021-02-22,United Kingdom,14171
2021-02-22,Myanmar,12644
2021-02-22,Russia,11945
2021-02-22,Saudi Arabia,10617
2021-02-22,Iraq,9801
2021-02-22,India,8373
2021-02-22,Australia,7920
2021-02-22,China,7731
2021-02-22,Iran,6572
2021-02-22,Germany,6235
2021-02-22,Canada,5955
2021-02-22,France,5569
2021-02-22,Mexico,5468
2021-02-22,Italy,5420
2021-02-22,Spain,5251
2021-02-22,Syria,5087
2021-02-22,Ukraine,4792
2021-02-22,Israel,4740
2021-02-22,Turkey,4439
2021-02-22,Pakistan,3531
2021-02-22,South Africa,2568
2021-02-22,Brazil,2535
2021-02-22,Niger,2461
2021-03-01,United States,126045
2021-03-01,Myanmar,21409
2021-03-01,United Kingdom,16711
2021-03-01,Iraq,14707
2021-03-01,Russia,14065
2021-03-01,Australia,10360
2021-03-01,Nigeria,10246
2021-03-01,France,9866
2021-03-01,China,8471
2021-03-01,Iran,7770
2021-03-01,India,7531
2021-03-01,Canada,6673
2021-03-01,Saudi Arabia,5726
2021-03-01,Mexico,5213
2021-03-01,Afghanistan,5170
2021-03-01,Israel,4683
2021-03-01,Spain,4407
2021-03-01,Ukraine,4073
2021-03-01,Syria,3979
2021-03-01,Italy,3448
2021-03-01,Germany,3438
2021-03-01,Turkey,3296
2021-03-01,Pakistan,2884
2021-03-01,Ireland,2649
2021-03-01,Thailand,2523
2021-03-08,United States,122524
2021-03-08,United Kingdom,26169
2021-03-08,Myanmar,16932
2021-03-08,Russia,10446
2021-03-08,China,9029
2021-03-08,Australia,8536
2021-03-08,India,7513
2021-03-08,Nigeria,6947
2021-03-08,Israel,5904
2021-03-08,Canada,5900
2021-03-08,Mexico,5408
2021-03-08,France,5357
2021-03-08,Iran,5102
2021-03-08,Italy,4975
2021-03-08,Germany,4305
2021-03-08,Spain,4031
2021-03-08,Brazil,3796
2021-03-08,Ukraine,3718
2021-03-08,Turkey,3713
2021-03-08,Syria,2860
2021-03-08,Pakistan,2689
2021-03-08,Afghanistan,2615
2021-03-08,South Africa,2435
2021-03-08,Saudi Arabia,2378
2021-03-08,Japan,2083
2021-03-15,United States,153819
2021-03-15,United Kingdom,19714
2021-03-15,China,17733
2021-03-15,Russia,12485
2021-03-15,Australia,10526
2021-03-15,Myanmar,9795
2021-03-15,Canada,8261
2021-03-15,India,7737
2021-03-15,Nigeria,6334
2021-03-15,Turkey,5862
2021-03-15,Germany,5766
2021-03-15,Mexico,5610
2021-03-15,France,5578
2021-03-15,Israel,5026
2021-03-15,Syria,4450
2021-03-15,Ukraine,4378
2021-03-15,Iran,4222
2021-03-15,North Korea,3910
2021-03-15,Afghanistan,3906
2021-03-15,Italy,3801
2021-03-15,Pakistan,3768
2021-03-15,Brazil,3391
2021-03-15,Spain,2945
2021-03-15,South Korea,2888
2021-03-15,South Africa,2474
2021-03-22,United States,193707
2021-03-22,China,20146
2021-03-22,United Kingdom,19910
2021-03-22,Myanmar,15468
2021-03-22,Russia,11424
2021-03-22,Canada,11256
2021-03-22,India,7230
2021-03-22,Bangladesh,6156
2021-03-22,Australia,5989
2021-03-22,France,5061
2021-03-22,North Korea,4707
2021-03-22,Mexico,4698
2021-03-22,Israel,4652
2021-03-22,Nigeria,4432
2021-03-22,Indonesia,4390
2021-03-22,Ukraine,4315
2021-03-22,Turkey,3906
2021-03-22,Pakistan,3870
2021-03-22,Germany,3822
2021-03-22,Spain,3807
2021-03-22,Brazil,3631
2021-03-22,South Korea,3418
2021-03-22,Afghanistan,3152
2021-03-22,Italy,2862
2021-03-22,Egypt,2804
2021-03-29,United States,146105
2021-03-29,United Kingdom,17696
2021-03-29,Russia,13448
2021-03-29,Myanmar,9340
2021-03-29,India,9058
2021-03-29,China,8709
2021-03-29,France,6984
2021-03-29,Ukraine,6954
2021-03-29,Canada,6853
2021-03-29,Indonesia,6503
2021-03-29,Israel,5215
2021-03-29,Germany,5018
2021-03-29,Australia,4939
2021-03-29,Nigeria,4927
2021-03-29,Mexico,4919
2021-03-29,Italy,4333
2021-03-29,Thailand,4248
2021-03-29,Pakistan,2958
2021-03-29,Afghanistan,2836
2021-03-29,Brazil,2608
2021-03-29,Mozambique,2562
2021-03-29,Turkey,2438
2021-03-29,Spain,2420
2021-03-29,Egypt,2352
2021-03-29,South Africa,2100
2021-04-05,United States,141622
2021-04-05,United Kingdom,25107
2021-04-05,Russia,14898
2021-04-05,India,10785
2021-04-05,Ukraine,9479
2021-04-05,China,7926
2021-04-05,Myanmar,7008
2021-04-05,Israel,6280
2021-04-05,Canada,6104
2021-04-05,Australia,5875
2021-04-05,Ireland,5632
2021-04-05,Iran,5431
2021-04-05,Nigeria,5282
2021-04-05,France,4183
2021-04-05,Turkey,4018
2021-04-05,Pakistan,3984
2021-04-05,Italy,3981
2021-04-05,Mexico,3490
2021-04-05,Spain,3133
2021-04-05,Germany,2942
2021-04-05,Indonesia,2767
2021-04-05,Sudan,2350
2021-04-05,Brazil,2340
2021-04-05,Japan,2319
2021-04-05,Greece,2216
2021-04-12,United States,219747
2021-04-12,Russia,31354
2021-04-12,United Kingdom,15223
2021-04-12,Ukraine,10127
2021-04-12,China,8583
2021-04-12,France,7359
2021-04-12,Israel,7222
2021-04-12,Australia,7214
2021-04-12,India,7091
2021-04-12,Pakistan,5763
2021-04-12,Canada,5204
2021-04-12,Nigeria,5032
2021-04-12,Afghanistan,4585
2021-04-12,Iran,4442
2021-04-12,Mexico,4249
2021-04-12,Italy,3769
2021-04-12,Brazil,3427
2021-04-12,Germany,3400
2021-04-12,Turkey,3169
2021-04-12,South Africa,3150
2021-04-12,Spain,3064
2021-04-12,Myanmar,2182
2021-04-12,Japan,2074
2021-04-12,Indonesia,1919
2021-04-12,Greece,1860
2021-04-19,United States,255893
2021-04-19,Russia,30276
2021-04-19,Israel,15107
2021-04-19,United Kingdom,14886
2021-04-19,France,11777
2021-04-19,India,10446
2021-04-19,Ukraine,8220
2021-04-19,Australia,7626
2021-04-19,Canada,7274
2021-04-19,Chad,6722
2021-04-19,Nigeria,6637
2021-04-19,China,6270
2021-04-19,Turkey,4905
2021-04-19,Germany,4633
2021-04-19,Pakistan,4499
2021-04-19,Armenia,4193
2021-04-19,Syria,4007
2021-04-19,Iraq,3717
2021-04-19,Indonesia,3659
2021-04-19,South Africa,3386
2021-04-19,Mexico,3284
2021-04-19,Afghanistan,3272
2021-04-19,Iran,3047
2021-04-19,Brazil,2668
2021-04-19,Italy,2620
2021-04-26,United States,163227
2021-04-26,Russia,17553
2021-04-26,United Kingdom,15553
2021-04-26,Israel,12591
2021-04-26,India,10904
2021-04-26,Iran,9239
2021-04-26,Nigeria,8444
2021-04-26,France,6990
2021-04-26,China,6512
2021-04-26,Ukraine,6206
2021-04-26,Canada,5760
2021-04-26,Afghanistan,5596
2021-04-26,Australia,5356
2021-04-26,Italy,5199
2021-04-26,Germany,4316
2021-04-26,Turkey,4209
2021-04-26,Indonesia,3733
2021-04-26,Thailand,3678
2021-04-26,Spain,3251
2021-04-26,Mexico,3035
2021-04-26,Pakistan,2772
2021-04-26,Chad,2448
2021-04-26,Brazil,2254
2021-04-26,Colombia,2177
2021-04-26,Belgium,2106
2021-05-03,United States,136458
2021-05-03,Israel,35673
2021-05-03,United Kingdom,15241
2021-05-03,Russia,9663
2021-05-03,India,8441
2021-05-03,Afghanistan,7481
2021-05-03,China,7211
2021-05-03,Nigeria,6970
2021-05-03,Australia,5961
2021-05-03,Canada,5849
2021-05-03,Brazil,5195
2021-05-03,Italy,5185
2021-05-03,Colombia,5130
2021-05-03,Germany,4817
2021-05-03,France,4661
2021-05-03,Mexico,4315
2021-05-03,Ukraine,4159
2021-05-03,Pakistan,3521
2021-05-03,Spain,3086
2021-05-03,Syria,2158
2021-05-03,South Africa,2077
2021-05-03,Iran,2004
2021-05-03,Iraq,1867
2021-05-03,Ethiopia,1798
2021-05-03,Turkey,1796
2021-05-10,Israel,385480
2021-05-10,United States,139988
2021-05-10,Palestine,16103
2021-05-10,Russia,15056
2021-05-10,United Kingdom,14918
2021-05-10,India,8273
2021-05-10,China,7571
2021-05-10,France,7068
2021-05-10,Canada,5481
2021-05-10,Nigeria,4878
2021-05-10,Afghanistan,4562
2021-05-10,Germany,4139
2021-05-10,Egypt,3991
2021-05-10,Lebanon,3901
2021-05-10,Ukraine,3799
2021-05-10,Australia,3598
2021-05-10,Iran,3247
2021-05-10,Turkey,3165
2021-05-10,Mexico,2846
2021-05-10,Italy,2515
2021-05-10,Qatar,2448
2021-05-10,Colombia,2428
2021-05-10,Spain,2398
2021-05-10,Japan,2391
2021-05-10,Ireland,2197
2021-05-17,Israel,213256
2021-05-17,United States,136235
2021-05-17,United Kingdom,13118
2021-05-17,Palestine,10655
2021-05-17,Russia,10437
2021-05-17,India,6698
2021-05-17,China,6431
2021-05-17,Nigeria,5930
2021-05-17,Egypt,5650
2021-05-17,Lebanon,5556
2021-05-17,Spain,4643
2021-05-17,Canada,4622
2021-05-17,Australia,4500
2021-05-17,France,4297
2021-05-17,Germany,3745
2021-05-17,Ukraine,3563
2021-05-17,Belarus,3311
2021-05-17,Afghanistan,2992
2021-05-17,Mexico,2672
2021-05-17,Morocco,2618
2021-05-17,Turkey,2578
2021-05-17,Italy,2481
2021-05-17,Pakistan,2389
2021-05-17,Greece,2353
2021-05-17,Brazil,2181
2021-05-24,United States,156426
2021-05-24,Israel,39064
2021-05-24,Belarus,22921
2021-05-24,United Kingdom,15785
2021-05-24,Russia,13812
2021-05-24,China,9898
2021-05-24,India,7782
2021-05-24,Nigeria,6149
2021-05-24,France,5951
2021-05-24,Ukraine,5220
2021-05-24,Canada,4719
2021-05-24,Mexico,4522
2021-05-24,Afghanistan,4429
2021-05-24,Australia,4081
2021-05-24,Italy,3857
2021-05-24,Spain,3516
2021-05-24,Myanmar,3474
2021-05-24,Germany,3289
2021-05-24,Pakistan,3096
2021-05-24,Turkey,3046
2021-05-24,Iraq,2540
2021-05-24,Brazil,2488
2021-05-24,Ethiopia,2488
2021-05-24,Colombia,2344
2021-05-24,South Africa,2330
2021-05-31,United States,111051
2021-05-31,Israel,18092
2021-05-31,Poland,16998
2021-05-31,China,13942
2021-05-31,Russia,13124
2021-05-31,United Kingdom,12480
2021-05-31,Nigeria,9772
2021-05-31,India,6791
2021-05-31,France,6063
2021-05-31,Canada,5619
2021-05-31,Belarus,5571
2021-05-31,Afghanistan,5140
2021-05-31,Mexico,4606
2021-05-31,Australia,4280
2021-05-31,Pakistan,3958
2021-05-31,Ukraine,3422
2021-05-31,Germany,3411
2021-05-31,Iran,3222
2021-05-31,Turkey,2893
2021-05-31,Myanmar,2501
2021-05-31,Spain,2459
2021-05-31,Italy,2456
2021-05-31,Hong Kong,1919
2021-05-31,South Africa,1840
2021-05-31,Taiwan,1764
2021-06-07,United States,113765
2021-06-07,United Kingdom,20447
2021-06-07,Israel,15141
2021-06-07,Russia,13027
2021-06-07,China,11643
2021-06-07,Canada,9120
2021-06-07,Nigeria,6927
2021-06-07,France,6487
2021-06-07,India,6075
2021-06-07,Afghanistan,5761
2021-06-07,Australia,5524
2021-06-07,Mexico,5402
2021-06-07,Pakistan,3960
2021-06-07,Ukraine,3386
2021-06-07,Germany,3053
2021-06-07,Brazil,2857
2021-06-07,Japan,2568
2021-06-07,Poland,2414
2021-06-07,South Africa,2394
2021-06-07,Italy,2227
2021-06-07,Belarus,2105
2021-06-07,Spain,2075
2021-06-07,Turkey,2024
2021-06-07,Syria,1883
2021-06-07,Iran,1847
2021-06-14,United States,115440
2021-06-14,Israel,21062
2021-06-14,Russia,16983
2021-06-14,United Kingdom,11427
2021-06-14,China,9056
2021-06-14,India,6808
2021-06-14,France,5813
2021-06-14,Nigeria,5644
2021-06-14,Canada,5238
2021-06-14,Australia,4587
2021-06-14,Ukraine,4105
2021-06-14,Mexico,3490
2021-06-14,Germany,3477
2021-06-14,Pakistan,3125
2021-06-14,Afghanistan,2921
2021-06-14,Turkey,2771
2021-06-14,Hong Kong,2448
2021-06-14,Japan,2368
2021-06-14,South Africa,2367
2021-06-14,Iran,2357
2021-06-14,Spain,2321
2021-06-14,Italy,2092
2021-06-14,Palestine,1987
2021-06-14,Brazil,1726
2021-06-14,Myanmar,1648
2021-06-21,United States,137090
2021-06-21,Russia,15824
2021-06-21,United Kingdom,15493
2021-06-21,Israel,11107
2021-06-21,China,8542
2021-06-21,Canada,8261
2021-06-21,Spain,7887
2021-06-21,India,6502
2021-06-21,France,6501
2021-06-21,Australia,5187
2021-06-21,Afghanistan,5134
2021-06-21,Nigeria,4852
2021-06-21,Ukraine,4208
2021-06-21,Germany,4048
2021-06-21,Pakistan,4004
2021-06-21,Belarus,3684
2021-06-21,Mexico,3399
2021-06-21,Ethiopia,3125
2021-06-21,Iran,2841
2021-06-21,Saudi Arabia,2813
2021-06-21,Indonesia,2586
2021-06-21,Philippines,2454
2021-06-21,Nicaragua,2441
2021-06-21,Turkey,2353
2021-06-21,Hong Kong,2340
2021-06-28,United States,121284
2021-06-28,United Kingdom,13293
2021-06-28,Afghanistan,12151
2021-06-28,Russia,10888
2021-06-28,Israel,9100
2021-06-28,China,7898
2021-06-28,Iraq,7160
2021-06-28,India,6554
2021-06-28,Canada,5972
2021-06-28,Nigeria,5583
2021-06-28,Italy,4898
2021-06-28,Australia,4732
2021-06-28,Philippines,4712
2021-06-28,South Africa,4541
2021-06-28,Pakistan,4509
2021-06-28,Syria,4223
2021-06-28,Mexico,4082
2021-06-28,Ukraine,3895
2021-06-28,France,3821
2021-06-28,Ethiopia,3393
2021-06-28,Iran,3202
2021-06-28,Germany,3112
2021-06-28,Cyprus,2456
2021-06-28,Turkey,2430
2021-06-28,Brazil,2418
2021-07-05,United States,110322
2021-07-05,Haiti,27911
2021-07-05,United Kingdom,14418
2021-07-05,Afghanistan,12964
2021-07-05,Russia,10536
2021-07-05,China,7600
2021-07-05,Nigeria,7416
2021-07-05,Israel,6996
2021-07-05,India,6218
2021-07-05,Colombia,5918
2021-07-05,South Africa,5488
2021-07-05,Canada,5252
2021-07-05,France,4600
2021-07-05,Australia,4428
2021-07-05,Spain,3962
2021-07-05,Ukraine,3746
2021-07-05,Pakistan,3251
2021-07-05,Netherlands,2800
2021-07-05,Belarus,2788
2021-07-05,Iraq,2783
2021-07-05,Italy,2645
2021-07-05,Germany,2603
2021-07-05,Mexico,2532
2021-07-05,Bangladesh,2446
2021-07-05,Philippines,2232
2021-07-12,United States,120694
2021-07-12,Haiti,14869
2021-07-12,Afghanistan,12165
2021-07-12,South Africa,11639
2021-07-12,United Kingdom,10504
2021-07-12,Russia,9225
2021-07-12,Cuba,8887
2021-07-12,China,8233
2021-07-12,Germany,8085
2021-07-12,Israel,7011
2021-07-12,Pakistan,6278
2021-07-12,Netherlands,6020
2021-07-12,India,5738
2021-07-12,France,5649
2021-07-12,Canada,5398
2021-07-12,Colombia,4972
2021-07-12,Nigeria,4944
2021-07-12,Australia,4001
2021-07-12,Ukraine,3744
2021-07-12,Iran,3716
2021-07-12,Iraq,3556
2021-07-12,Belarus,3219
2021-07-12,Mexico,2944
2021-07-12,Italy,2608
2021-07-12,Turkey,2607
2021-07-19,United States,123020
2021-07-19,United Kingdom,9943
2021-07-19,Afghanistan,9322
2021-07-19,Israel,9033
2021-07-19,Russia,7985
2021-07-19,China,6862
2021-07-19,Canada,6460
2021-07-19,Australia,6101
2021-07-19,India,5835
2021-07-19,Haiti,5738
2021-07-19,Nigeria,5691
2021-07-19,Pakistan,4858
2021-07-19,France,4701
2021-07-19,South Africa,4391
2021-07-19,Cuba,3672
2021-07-19,Ukraine,3446
2021-07-19,Germany,3436
2021-07-19,Iraq,3232
2021-07-19,Mexico,3089
2021-07-19,Spain,3080
2021-07-19,Japan,2858
2021-07-19,Belarus,2759
2021-07-19,Colombia,2707
2021-07-19,Syria,2055
2021-07-19,Italy,2012
2021-07-26,United States,103055
2021-07-26,Israel,13598
2021-07-26,United Kingdom,11597
2021-07-26,Afghanistan,11350
2021-07-26,Russia,8772
2021-07-26,Turkey,7485
2021-07-26,China,6444
2021-07-26,India,5847
2021-07-26,Iran,5348
2021-07-26,Nigeria,4886
2021-07-26,France,4767
2021-07-26,Pakistan,4727
2021-07-26,Iraq,4313
2021-07-26,Germany,4145
2021-07-26,Italy,3384
2021-07-26,Tunisia,3374
2021-07-26,Australia,3188
2021-07-26,Canada,3139
2021-07-26,Ukraine,2867
2021-07-26,Mexico,2534
2021-07-26,Syria,2385
2021-07-26,Azerbaijan,2004
2021-07-26,Greece,2003
2021-07-26,Haiti,1744
2021-07-26,South Africa,1650
2021-08-02,United States,87915
2021-08-02,Afghanistan,23120
2021-08-02,Israel,11919
2021-08-02,United Kingdom,9970
2021-08-02,Greece,8127
2021-08-02,Lebanon,6936
2021-08-02,Russia,6719
2021-08-02,Turkey,5367
2021-08-02,India,5276
2021-08-02,China,5256
2021-08-02,Iran,4887
2021-08-02,Pakistan,4875
2021-08-02,Nigeria,3725
2021-08-02,Germany,3420
2021-08-02,Ukraine,3402
2021-08-02,Belarus,3253
2021-08-02,Canada,3181
2021-08-02,Romania,3123
2021-08-02,Italy,2929
2021-08-02,France,2857
2021-08-02,Mexico,2580
2021-08-02,Australia,2446
2021-08-02,Haiti,1726
2021-08-02,Ethiopia,1639
2021-08-02,South Africa,1637
2021-08-09,United States,84973
2021-08-09,Afghanistan,36405
2021-08-09,United Kingdom,15872
2021-08-09,Russia,8866
2021-08-09,Canada,8692
2021-08-09,China,7211
2021-08-09,Israel,6234
2021-08-09,Germany,5043
2021-08-09,Pakistan,4362
2021-08-09,Greece,4199
2021-08-09,India,4099
2021-08-09,France,3871
2021-08-09,Mexico,3533
2021-08-09,Australia,3424
2021-08-09,Nigeria,2975
2021-08-09,Ukraine,2852
2021-08-09,Turkey,2501
2021-08-09,South Korea,2455
2021-08-09,Iran,2221
2021-08-09,Italy,1803
2021-08-09,South Africa,1616
2021-08-09,Belarus,1606
2021-08-09,Algeria,1550
2021-08-09,Japan,1531
2021-08-09,Spain,1472
2021-08-16,United States,90507
2021-08-16,Afghanistan,71530
2021-08-16,United Kingdom,14766
2021-08-16,Russia,11943
2021-08-16,Israel,10750
2021-08-16,China,6445
2021-08-16,Germany,6437
2021-08-16,Pakistan,5901
2021-08-16,France,4912
2021-08-16,India,4893
2021-08-16,Australia,4543
2021-08-16,Ukraine,4238
2021-08-16,Canada,4031
2021-08-16,Nigeria,3869
2021-08-16,Spain,2809
2021-08-16,Turkey,2420
2021-08-16,Mexico,2292
2021-08-16,Greece,2136
2021-08-16,Italy,2090
2021-08-16,Poland,1874
2021-08-16,Syria,1748
2021-08-16,South Africa,1726
2021-08-16,Japan,1600
2021-08-16,Iraq,1581
2021-08-16,Haiti,1471
2021-08-23,United States,143129
2021-08-23,Afghanistan,96285
2021-08-23,United Kingdom,21411
2021-08-23,Israel,14092
2021-08-23,Russia,10449
2021-08-23,India,7215
2021-08-23,China,5900
2021-08-23,Nigeria,5727
2021-08-23,Germany,5513
2021-08-23,Pakistan,4609
2021-08-23,Australia,4511
2021-08-23,Mexico,4474
2021-08-23,Turkey,4205
2021-08-23,Canada,4121
2021-08-23,France,3818
2021-08-23,Italy,3681
2021-08-23,Ukraine,3592
2021-08-23,Poland,2568
2021-08-23,Iraq,2494
2021-08-23,South Africa,2071
2021-08-23,Iran,2000
2021-08-23,Japan,1855
2021-08-23,Syria,1815
2021-08-23,Indonesia,1811
2021-08-23,Spain,1740
2021-08-30,United States,138280
2021-08-30,Afghanistan,49514
2021-08-30,United Kingdom,12752
2021-08-30,Russia,9301
2021-08-30,Israel,6283
2021-08-30,India,6138
2021-08-30,Pakistan,5593
2021-08-30,Nigeria,5231
2021-08-30,France,5080
2021-08-30,New Zealand,4895
2021-08-30,China,4682
2021-08-30,Canada,3896
2021-08-30,Australia,3453
2021-08-30,Ukraine,3177
2021-08-30,Brazil,2799
2021-08-30,Iraq,2712
2021-08-30,Germany,2665
2021-08-30,Yemen,2567
2021-08-30,Syria,2540
2021-08-30,Indonesia,2517
2021-08-30,Turkey,2300
2021-08-30,Mexico,2170
2021-08-30,Iran,1881
2021-08-30,Italy,1881
2021-08-30,South Africa,1817
2021-09-06,United States,112459
2021-09-06,Afghanistan,33472
2021-09-06,Israel,12112
2021-09-06,United Kingdom,11767
2021-09-06,Russia,9784
2021-09-06,China,6698
2021-09-06,India,6011
2021-09-06,France,5486
2021-09-06,Pakistan,4788
2021-09-06,Mexico,4310
2021-09-06,Nigeria,4300
2021-09-06,Ukraine,4008
2021-09-06,Canada,3926
2021-09-06,Australia,3840
2021-09-06,Indonesia,3698
2021-09-06,Iraq,3514
2021-09-06,Spain,3257
2021-09-06,Germany,3236
2021-09-06,Belarus,2959
2021-09-06,Egypt,2547
2021-09-06,Guinea,2209
2021-09-06,Italy,2180
2021-09-06,Turkey,2109
2021-09-06,South Africa,1911
2021-09-06,Saudi Arabia,1713
2021-09-13,United States,115872
2021-09-13,Afghanistan,15352
2021-09-13,France,13740
2021-09-13,United Kingdom,12087
2021-09-13,Russia,11996
2021-09-13,Israel,10564
2021-09-13,China,8440
2021-09-13,India,7592
2021-09-13,Australia,6737
2021-09-13,Mexico,5522
2021-09-13,Canada,5204
2021-09-13,Nigeria,4910
2021-09-13,North Korea,4302
2021-09-13,Spain,4026
2021-09-13,Pakistan,3831
2021-09-13,Haiti,3636
2021-09-13,Germany,3595
2021-09-13,Ukraine,2916
2021-09-13,Indonesia,2846
2021-09-13,South Africa,2668
2021-09-13,Yemen,2375
2021-09-13,South Korea,2248
2021-09-13,Japan,2102
2021-09-13,Italy,2041
2021-09-13,Saudi Arabia,1803
2021-09-20,United States,113389
2021-09-20,United Kingdom,21371
2021-09-20,Russia,16757
2021-09-20,Israel,13959
2021-09-20,France,11441
2021-09-20,Afghanistan,10890
2021-09-20,China,10096
2021-09-20,Canada,8712
2021-09-20,Spain,7917
2021-09-20,India,7712
2021-09-20,Haiti,7671
2021-09-20,Mexico,6850
2021-09-20,Germany,6000
2021-09-20,Australia,4940
2021-09-20,Palestine,4850
2021-09-20,Italy,4606
2021-09-20,Ukraine,4087
2021-09-20,Pakistan,3785
2021-09-20,Nigeria,3399
2021-09-20,Iran,3298
2021-09-20,Rwanda,2765
2021-09-20,Turkey,2713
2021-09-20,South Korea,1956
2021-09-20,Indonesia,1933
2021-09-20,Brazil,1907
2021-09-27,United States,117490
2021-09-27,United Kingdom,25845
2021-09-27,Afghanistan,11909
2021-09-27,Russia,9943
2021-09-27,France,8784
2021-09-27,Israel,8402
2021-09-27,India,7914
2021-09-27,China,7652
2021-09-27,Nigeria,5596
2021-09-27,Canada,5188
2021-09-27,Australia,4610
2021-09-27,Pakistan,4449
2021-09-27,North Korea,4413
2021-09-27,Germany,4377
2021-09-27,Ukraine,4006
2021-09-27,Ecuador,3527
2021-09-27,Mexico,3420
2021-09-27,South Korea,3148
2021-09-27,Italy,2655
2021-09-27,Spain,2553
2021-09-27,Syria,2455
2021-09-27,Turkey,2400
2021-09-27,Belarus,2192
2021-09-27,Iran,2020
2021-09-27,Bangladesh,1910
2021-10-04,United States,123618
2021-10-04,United Kingdom,14037
2021-10-04,Russia,13575
2021-10-04,Afghanistan,12395
2021-10-04,India,12061
2021-10-04,France,6057
2021-10-04,China,6017
2021-10-04,Israel,5322
2021-10-04,Pakistan,4841
2021-10-04,Italy,4430
2021-10-04,Canada,4380
2021-10-04,Nigeria,4259
2021-10-04,Germany,4183
2021-10-04,Ukraine,3463
2021-10-04,Australia,3074
2021-10-04,Spain,2446
2021-10-04,Mexico,2286
2021-10-04,Turkey,2202
2021-10-04,Iran,2192
2021-10-04,Sweden,2187
2021-10-04,Poland,2107
2021-10-04,Libya,1802
2021-10-04,South Africa,1778
2021-10-04,Taiwan,1750
2021-10-04,Philippines,1719
2021-10-11,United States,114917
2021-10-11,United Kingdom,27335
2021-10-11,Russia,9040
2021-10-11,Afghanistan,9021
2021-10-11,India,7823
2021-10-11,China,7417
2021-10-11,Norway,6941
2021-10-11,Israel,5487
2021-10-11,Lebanon,4390
2021-10-11,Italy,4160
2021-10-11,France,3958
2021-10-11,Pakistan,3862
2021-10-11,Nigeria,3518
2021-10-11,Germany,3127
2021-10-11,Haiti,2940
2021-10-11,Turkey,2813
2021-10-11,Australia,2766
2021-10-11,Spain,2692
2021-10-11,Ukraine,2661
2021-10-11,Mexico,2659
2021-10-11,Iran,2408
2021-10-11,Canada,2389
2021-10-11,Bangladesh,2190
2021-10-11,Syria,2134
2021-10-11,Venezuela,2077
2021-10-18,United States,140890
2021-10-18,United Kingdom,20383
2021-10-18,Russia,16092
2021-10-18,India,7183
2021-10-18,Israel,6709
2021-10-18,Haiti,6437
2021-10-18,Nigeria,6141
2021-10-18,China,6019
2021-10-18,Afghanistan,5096
2021-10-18,Ukraine,4890
2021-10-18,Pakistan,4762
2021-10-18,France,4692
2021-10-18,Mexico,4638
2021-10-18,Australia,3933
2021-10-18,Canada,3746
2021-10-18,Germany,3593
2021-10-18,Syria,3551
2021-10-18,Bangladesh,3194
2021-10-18,Turkey,2937
2021-10-18,Ethiopia,2831
2021-10-18,Colombia,2478
2021-10-18,Italy,2368
2021-10-18,Spain,2359
2021-10-18,Brazil,2255
2021-10-18,Poland,2221
2021-10-25,United States,116869
2021-10-25,United Kingdom,17752
2021-10-25,Sudan,13933
2021-10-25,Russia,9270
2021-10-25,China,5921
2021-10-25,India,5836
2021-10-25,Israel,5279
2021-10-25,France,4979
2021-10-25,Ukraine,4369
2021-10-25,Somalia,4272
2021-10-25,Afghanistan,4155
2021-10-25,Australia,3728
2021-10-25,Italy,3636
2021-10-25,Pakistan,3467
2021-10-25,Nigeria,3458
2021-10-25,Canada,3390
2021-10-25,Iran,3117
2021-10-25,Turkey,2870
2021-10-25,Germany,2751
2021-10-25,Mexico,2698
2021-10-25,Myanmar,2602
2021-10-25,Brazil,2296
2021-10-25,Lebanon,2283
2021-10-25,Indonesia,2199
2021-10-25,Bangladesh,2185
2021-11-01,United States,123760
2021-11-01,United Kingdom,18267
2021-11-01,Russia,10191
2021-11-01,Mexico,6448
2021-11-01,China,6173
2021-11-01,Ethiopia,6091
2021-11-01,Israel,5968
2021-11-01,Iraq,5534
2021-11-01,Afghanistan,5417
2021-11-01,France,4907
2021-11-01,Australia,4900
2021-11-01,India,4735
2021-11-01,Iran,4175
2021-11-01,Ukraine,3737
2021-11-01,Germany,3681
2021-11-01,Nigeria,3620
2021-11-01,Brazil,3479
2021-11-01,Canada,2824
2021-11-01,Italy,2693
2021-11-01,Pakistan,2409
2021-11-01,Indonesia,2158
2021-11-01,Turkey,2076
2021-11-01,Spain,1835
2021-11-01,Sudan,1605
2021-11-01,South Africa,1562
2021-11-08,United States,123129
2021-11-08,United Kingdom,13164
2021-11-08,Russia,10907
2021-11-08,Poland,8553
2021-11-08,Belarus,8162
2021-11-08,India,6607
2021-11-08,China,6477
2021-11-08,Israel,6354
2021-11-08,Afghanistan,5139
2021-11-08,France,4896
2021-11-08,Ukraine,4448
2021-11-08,Nigeria,4016
2021-11-08,Iraq,3623
2021-11-08,Australia,3602
2021-11-08,Germany,3464
2021-11-08,Sudan,3432
2021-11-08,Ecuador,3376
2021-11-08,Canada,3294
2021-11-08,Pakistan,3288
2021-11-08,Ethiopia,3263
2021-11-08,Iran,3171
2021-11-08,Turkey,2831
2021-11-08,Myanmar,2695
2021-11-08,Mexico,2596
2021-11-08,Serbia,2187
2021-11-15,United States,164992
2021-11-15,United Kingdom,15256
2021-11-15,Russia,10694
2021-11-15,Israel,9142
2021-11-15,Poland,8522
2021-11-15,India,7379
2021-11-15,China,6674
2021-11-15,Belarus,5803
2021-11-15,Ukraine,5210
2021-11-15,Nigeria,4717
2021-11-15,France,4158
2021-11-15,Canada,3418
2021-11-15,Pakistan,3285
2021-11-15,Sudan,3228
2021-11-15,Mexico,3050
2021-11-15,Germany,2889
2021-11-15,Afghanistan,2841
2021-11-15,Turkey,2783
2021-11-15,Australia,2724
2021-11-15,South Africa,2680
2021-11-15,Myanmar,2398
2021-11-15,Netherlands,2351
2021-11-15,Armenia,2348
2021-11-15,Italy,2278
2021-11-15,Iran,2154
2021-11-22,United States,104687
2021-11-22,United Kingdom,17515
2021-11-22,Russia,9641
2021-11-22,Israel,7798
2021-11-22,France,7464
2021-11-22,India,7372
2021-11-22,China,5920
2021-11-22,South Africa,5378
2021-11-22,Ukraine,5134
2021-11-22,Australia,4813
2021-11-22,Germany,4787
2021-11-22,Nigeria,3793
2021-11-22,Pakistan,3491
2021-11-22,Canada,2955
2021-11-22,Italy,2852
2021-11-22,Mexico,2644
2021-11-22,South Korea,2599
2021-11-22,Iran,2410
2021-11-22,Poland,2293
2021-11-22,Netherlands,2269
2021-11-22,Turkey,2264
2021-11-22,Solomon Islands,2042
2021-11-22,Ethiopia,2001
2021-11-22,Sudan,1882
2021-11-22,Spain,1854
2021-11-29,United States,136061
2021-11-29,Russia,15098
2021-11-29,United Kingdom,12071
2021-11-29,Israel,8508
2021-11-29,Ukraine,8274
2021-11-29,China,5927
2021-11-29,India,5923
2021-11-29,South Africa,5253
2021-11-29,France,4688
2021-11-29,Australia,4506
2021-11-29,Nigeria,4457
2021-11-29,Germany,4265
2021-11-29,Japan,3716
2021-11-29,Mexico,3611
2021-11-29,Iran,3479
2021-11-29,Canada,3426
2021-11-29,Greece,3182
2021-11-29,Syria,3089
2021-11-29,Pakistan,2927
2021-11-29,Afghanistan,2900
2021-11-29,Belarus,2453
2021-11-29,Indonesia,2411
2021-11-29,Turkey,2160
2021-11-29,Italy,2158
2021-11-29,Spain,2015
2021-12-06,United States,124097
2021-12-06,United Kingdom,18307
2021-12-06,Russia,15649
2021-12-06,China,9219
2021-12-06,Israel,7508
2021-12-06,Ukraine,7485
2021-12-06,India,6658
2021-12-06,France,5836
2021-12-06,Myanmar,4610
2021-12-06,Nigeria,4440
2021-12-06,Mexico,4187
2021-12-06,Australia,4018
2021-12-06,Germany,3834
2021-12-06,Afghanistan,3820
2021-12-06,Saudi Arabia,3775
2021-12-06,Canada,3387
2021-12-06,Pakistan,2925
2021-12-06,South Africa,2859
2021-12-06,Iran,2675
2021-12-06,Turkey,2656
2021-12-06,Japan,2505
2021-12-06,Italy,2260
2021-12-06,Philippines,1953
2021-12-06,Iraq,1829
2021-12-06,Syria,1765
2021-12-13,United States,107676
2021-12-13,Russia,17105
2021-12-13,United Kingdom,12486
2021-12-13,Israel,11775
2021-12-13,China,7418
2021-12-13,Germany,6968
2021-12-13,India,6479
2021-12-13,Ukraine,5660
2021-12-13,Pakistan,4231
2021-12-13,France,4077
2021-12-13,Nigeria,3968
2021-12-13,Canada,3371
2021-12-13,Afghanistan,3355
2021-12-13,Australia,2900
2021-12-13,South Africa,2882
2021-12-13,Belarus,2746
2021-12-13,Mexico,2496
2021-12-13,Italy,2391
2021-12-13,New Caledonia,2244
2021-12-13,Japan,2189
2021-12-13,Myanmar,1897
2021-12-13,Palestine,1841
2021-12-13,Poland,1792
2021-12-13,Haiti,1771
2021-12-13,Spain,1575
2021-12-20,United States,95967
2021-12-20,Russia,13754
2021-12-20,United Kingdom,9930
2021-12-20,Israel,9072
2021-12-20,China,8231
2021-12-20,Ukraine,6131
2021-12-20,India,6079
2021-12-20,Germany,3997
2021-12-20,Nigeria,3016
2021-12-20,France,2928
2021-12-20,Canada,2765
2021-12-20,Australia,2750
2021-12-20,Spain,2667
2021-12-20,South Africa,2556
2021-12-20,Pakistan,2498
2021-12-20,Afghanistan,2377
2021-12-20,Iran,2349
2021-12-20,Turkey,1677
2021-12-20,Thailand,1639
2021-12-20,South Korea,1633
2021-12-20,Italy,1616
2021-12-20,Mexico,1609
2021-12-20,Myanmar,1538
2021-12-20,Bangladesh,1509
2021-12-20,Japan,1486
2021-12-27,United States,102703
2021-12-27,United Kingdom,15909
2021-12-27,Russia,12757
2021-12-27,Israel,11592
2021-12-27,India,7323
2021-12-27,South Africa,6460
2021-12-27,China,6227
2021-12-27,Ukraine,4885
2021-12-27,Syria,3761
2021-12-27,France,3727
2021-12-27,Germany,3515
2021-12-27,Iran,3476
2021-12-27,Pakistan,3292
2021-12-27,Afghanistan,3061
2021-12-27,Nigeria,2781
2021-12-27,Sudan,2736
2021-12-27,South Korea,2710
2021-12-27,Canada,2518
2021-12-27,Myanmar,2516
2021-12-27,Australia,2149
2021-12-27,Italy,2114
2021-12-27,Indonesia,1888
2021-12-27,Turkey,1671
2021-12-27,Iraq,1594
2021-12-27,Mexico,1511
2022-01-03,United States,115694
2022-01-03,Kazakhstan,19443
2022-01-03,Russia,14638
2022-01-03,United Kingdom,10948
2022-01-03,Israel,7675
2022-01-03,India,7558
2022-01-03,China,6358
2022-01-03,Nigeria,4678
2022-01-03,Iraq,4596
2022-01-03,Ukraine,4290
2022-01-03,Iran,4050
2022-01-03,Pakistan,3740
2022-01-03,France,3426
2022-01-03,South Africa,3152
2022-01-03,Haiti,3105
2022-01-03,Germany,2916
2022-01-03,Canada,2443
2022-01-03,Italy,2380
2022-01-03,Mexico,2168
2022-01-03,Sudan,2147
2022-01-03,Afghanistan,2110
2022-01-03,Australia,1943
2022-01-03,North Korea,1815
2022-01-03,Colombia,1745
2022-01-03,Indonesia,1656
2022-01-10,United States,119345
2022-01-10,Russia,19353
2022-01-10,United Kingdom,10722
2022-01-10,Ukraine,6607
2022-01-10,Israel,6571
2022-01-10,India,6550
2022-01-10,China,6307
2022-01-10,Germany,5855
2022-01-10,Ireland,5718
2022-01-10,Kazakhstan,5467
2022-01-10,Syria,5230
2022-01-10,Pakistan,4248
2022-01-10,Nigeria,3798
2022-01-10,North Korea,3734
2022-01-10,France,3637
2022-01-10,Afghanistan,3615
2022-01-10,Mali,3067
2022-01-10,Australia,2892
2022-01-10,Iran,2482
2022-01-10,Canada,2256
2022-01-10,Mexico,2197
2022-01-10,Italy,2110
2022-01-10,South Korea,2065
2022-01-10,Indonesia,2011
2022-01-10,Turkey,1860
2022-01-17,United States,110957
2022-01-17,Russia,26032
2022-01-17,United Kingdom,15810
2022-01-17,Ukraine,13684
2022-01-17,Israel,6515
2022-01-17,India,6444
2022-01-17,China,5634
2022-01-17,Pakistan,5102
2022-01-17,France,4897
2022-01-17,Afghanistan,4328
2022-01-17,Yemen,4275
2022-01-17,Canada,3928
2022-01-17,Nigeria,3700
2022-01-17,Ireland,3370
2022-01-17,Germany,3271
2022-01-17,Syria,3255
2022-01-17,Mexico,2967
2022-01-17,Australia,2789
2022-01-17,Belarus,2510
2022-01-17,Turkey,2428
2022-01-17,North Korea,2420
2022-01-17,Saudi Arabia,2403
2022-01-17,Japan,2136
2022-01-17,Iraq,2038
2022-01-17,Italy,1918
2022-01-24,United States,122451
2022-01-24,Russia,31328
2022-01-24,Ukraine,20995
2022-01-24,United Kingdom,20643
2022-01-24,Canada,7933
2022-01-24,Mexico,6630
2022-01-24,Germany,5711
2022-01-24,India,5652
2022-01-24,China,4767
2022-01-24,Burkina Faso,4696
2022-01-24,Israel,4351
2022-01-24,Syria,4140
2022-01-24,Australia,4087
2022-01-24,France,3846
2022-01-24,Pakistan,3613
2022-01-24,Nigeria,3484
2022-01-24,Afghanistan,3414
2022-01-24,Ireland,3321
2022-01-24,Yemen,2919
2022-01-24,North Korea,2857
2022-01-24,Iraq,2739
2022-01-24,Iran,2613
2022-01-24,Mali,2518
2022-01-24,Turkey,2191
2022-01-24,Bahamas,2091
2022-01-31,United States,111744
2022-01-31,Russia,29682
2022-01-31,United Kingdom,16448
2022-01-31,Ukraine,15515
2022-01-31,Syria,10513
2022-01-31,Pakistan,6722
2022-01-31,India,5823
2022-01-31,Israel,5810
2022-01-31,China,5699
2022-01-31,Germany,5547
2022-01-31,Canada,4678
2022-01-31,Afghanistan,4286
2022-01-31,Iraq,4021
2022-01-31,Mexico,3856
2022-01-31,Nigeria,3783
2022-01-31,Australia,3282
2022-01-31,France,3103
2022-01-31,Turkey,3035
2022-01-31,Poland,2545
2022-01-31,Japan,2483
2022-01-31,Italy,2326
2022-01-31,Iran,2164
2022-01-31,Belarus,1841
2022-01-31,Ireland,1725
2022-01-31,South Africa,1667
2022-02-07,United States,99439
2022-02-07,Russia,45704
2022-02-07,Ukraine,26692
2022-02-07,United Kingdom,15046
2022-02-07,France,9717
2022-02-07,Canada,8802
2022-02-07,India,7403
2022-02-07,Israel,6796
2022-02-07,Afghanistan,5206
2022-02-07,Mexico,4864
2022-02-07,Germany,4736
2022-02-07,China,4206
2022-02-07,Belarus,3713
2022-02-07,Pakistan,3684
2022-02-07,Australia,3652
2022-02-07,Nigeria,3411
2022-02-07,Syria,2471
2022-02-07,Turkey,2211
2022-02-07,Poland,2086
2022-02-07,Spain,2074
2022-02-07,New Zealand,1987
2022-02-07,Italy,1985
2022-02-07,Iraq,1970
2022-02-07,South Africa,1851
2022-02-07,Iran,1747
2022-02-14,United States,113031
2022-02-14,Russia,55556
2022-02-14,Ukraine,49123
2022-02-14,Canada,16407
2022-02-14,United Kingdom,10716
2022-02-14,Israel,8171
2022-02-14,India,6866
2022-02-14,Germany,6152
2022-02-14,France,5355
2022-02-14,China,5174
2022-02-14,Mexico,5093
2022-02-14,Pakistan,4055
2022-02-14,Poland,3316
2022-02-14,Belarus,2967
2022-02-14,Honduras,2915
2022-02-14,Australia,2863
2022-02-14,Nigeria,2786
2022-02-14,Afghanistan,2361
2022-02-14,Turkey,1941
2022-02-14,Indonesia,1911
2022-02-14,Mali,1894
2022-02-14,South Africa,1820
2022-02-14,Ireland,1746
2022-02-14,Italy,1715
2022-02-14,Netherlands,1653
2022-02-21,Russia,232167
2022-02-21,Ukraine,188045
2022-02-21,United States,103682
2022-02-21,United Kingdom,26010
2022-02-21,Canada,10168
2022-02-21,Germany,8361
2022-02-21,India,6626
2022-02-21,Belarus,6548
2022-02-21,Australia,5775
2022-02-21,Poland,5476
2022-02-21,China,5445
2022-02-21,Israel,5117
2022-02-21,France,4677
2022-02-21,Pakistan,3682
2022-02-21,Ireland,3392
2022-02-21,Nigeria,3194
2022-02-21,Italy,2890
2022-02-21,Iraq,2698
2022-02-21,Japan,2622
2022-02-21,Belgium,2620
2022-02-21,Turkey,2495
2022-02-21,Mexico,2275
2022-02-21,North Korea,2259
2022-02-21,Romania,1974
2022-02-21,South Africa,1891
2022-02-28,Russia,182132
2022-02-28,Ukraine,136128
2022-02-28,United States,89695
2022-02-28,United Kingdom,14142
2022-02-28,Pakistan,7790
2022-02-28,Poland,6525
2022-02-28,India,6430
2022-02-28,Belarus,6153
2022-02-28,China,5282
2022-02-28,Canada,4864
2022-02-28,Israel,4615
2022-02-28,Germany,3885
2022-02-28,France,3405
2022-02-28,Afghanistan,3206
2022-02-28,Japan,3004
2022-02-28,Mexico,2812
2022-02-28,Nigeria,2541
2022-02-28,Italy,2506
2022-02-28,Australia,2260
2022-02-28,Turkey,2251
2022-02-28,Spain,2135
2022-02-28,Romania,2042
2022-02-28,Syria,1787
2022-02-28,Switzerland,1748
2022-02-28,South Korea,1665
2022-03-07,Russia,141339
2022-03-07,Ukraine,104939
2022-03-07,United States,99015
2022-03-07,United Kingdom,14686
2022-03-07,Turkey,5706
2022-03-07,Israel,5546
2022-03-07,India,5416
2022-03-07,Poland,5015
2022-03-07,China,4881
2022-03-07,Iran,4377
2022-03-07,Pakistan,4142
2022-03-07,France,4105
2022-03-07,Nigeria,3852
2022-03-07,Canada,3439
2022-03-07,Germany,3348
2022-03-07,Syria,3256
2022-03-07,Iraq,3237
2022-03-07,Belarus,3204
2022-03-07,Saudi Arabia,3103
2022-03-07,Australia,2498
2022-03-07,Mexico,2464
2022-03-07,Ireland,2321
2022-03-07,Italy,2054
2022-03-07,Afghanistan,1618
2022-03-07,Venezuela,1571
2022-03-14,Russia,126772
2022-03-14,Ukraine,110096
2022-03-14,United States,85385
2022-03-14,United Kingdom,15424
2022-03-14,Iran,9786
2022-03-14,China,9367
2022-03-14,India,5693
2022-03-14,Israel,5088
2022-03-14,Poland,4861
2022-03-14,Mexico,4711
2022-03-14,France,4460
2022-03-14,Germany,4052
2022-03-14,Nigeria,3076
2022-03-14,Canada,3063
2022-03-14,Pakistan,2753
2022-03-14,Belarus,2373
2022-03-14,Australia,2245
2022-03-14,Ireland,2214
2022-03-14,South Africa,2136
2022-03-14,Japan,2018
2022-03-14,Iraq,2007
2022-03-14,Spain,1943
2022-03-14,Turkey,1849
2022-03-14,Afghanistan,1834
2022-03-14,North Korea,1794
2022-03-21,Russia,105038
2022-03-21,United States,88495
2022-03-21,Ukraine,79922
2022-03-21,United Kingdom,15545
2022-03-21,China,8029
2022-03-21,Israel,6292
2022-03-21,Poland,6286
2022-03-21,India,4930
2022-03-21,Saudi Arabia,4728
2022-03-21,Hungary,4469
2022-03-21,France,3575
2022-03-21,Nigeria,3355
2022-03-21,Germany,2958
2022-03-21,Pakistan,2895
2022-03-21,Canada,2759
2022-03-21,Afghanistan,2756
2022-03-21,Mexico,2266
2022-03-21,Australia,2118
2022-03-21,South Africa,2043
2022-03-21,North Korea,1930
2022-03-21,Yemen,1874
2022-03-21,Iran,1819
2022-03-21,Italy,1760
2022-03-21,Turkey,1603
2022-03-21,Syria,1532
2022-03-28,United States,89735
2022-03-28,Russia,83494
2022-03-28,Ukraine,76481
2022-03-28,Israel,23972
2022-03-28,United Kingdom,13563
2022-03-28,China,6134
2022-03-28,India,5467
2022-03-28,Nigeria,4699
2022-03-28,Turkey,4091
2022-03-28,Palestine,3897
2022-03-28,Germany,3690
2022-03-28,Mexico,3613
2022-03-28,Poland,3526
2022-03-28,Australia,3343
2022-03-28,Pakistan,3180
2022-03-28,Syria,3161
2022-03-28,France,3065
2022-03-28,Afghanistan,2873
2022-03-28,Saudi Arabia,2821
2022-03-28,Canada,2737
2022-03-28,Sri Lanka,2304
2022-03-28,Yemen,1969
2022-03-28,Philippines,1855
2022-03-28,Indonesia,1741
2022-03-28,Argentina,1450
2022-04-04,Russia,109071
2022-04-04,United States,105825
2022-04-04,Ukraine,82218
2022-04-04,Israel,20235
2022-04-04,United Kingdom,13448
2022-04-04,China,6053
2022-04-04,India,5339
2022-04-04,France,5007
2022-04-04,Germany,4883
2022-04-04,Nigeria,4352
2022-04-04,Palestine,4305
2022-04-04,Pakistan,3220
2022-04-04,Canada,3205
2022-04-04,Poland,2775
2022-04-04,Turkey,2743
2022-04-04,Australia,2697
2022-04-04,Italy,2286
2022-04-04,Mexico,2158
2022-04-04,Iran,2144
2022-04-04,Spain,2029
2022-04-04,Ireland,1929
2022-04-04,Indonesia,1886
2022-04-04,Syria,1717
2022-04-04,South Africa,1608
2022-04-04,Romania,1583
2022-04-11,United States,118085
2022-04-11,Russia,88116
2022-04-11,Ukraine,81073
2022-04-11,Israel,29432
2022-04-11,United Kingdom,23275
2022-04-11,India,7257
2022-04-11,China,6967
2022-04-11,Palestine,5613
2022-04-11,Nigeria,4659
2022-04-11,Pakistan,4558
2022-04-11,Syria,3574
2022-04-11,Germany,3366
2022-04-11,France,3223
2022-04-11,Canada,2647
2022-04-11,Mexico,2540
2022-04-11,Sweden,2473
2022-04-11,Poland,1906
2022-04-11,Afghanistan,1863
2022-04-11,Iran,1776
2022-04-11,Turkey,1762
2022-04-11,South Africa,1725
2022-04-11,Ireland,1721
2022-04-11,Italy,1714
2022-04-11,Spain,1658
2022-04-11,Indonesia,1521
2022-04-18,United States,113838
2022-04-18,Ukraine,78306
2022-04-18,Russia,77579
2022-04-18,Israel,27737
2022-04-18,United Kingdom,13788
2022-04-18,India,8526
2022-04-18,Afghanistan,7329
2022-04-18,Pakistan,5280
2022-04-18,China,5095
2022-04-18,Nigeria,3940
2022-04-18,Turkey,3822
2022-04-18,France,3652
2022-04-18,Germany,3531
2022-04-18,Mexico,3503
2022-04-18,Canada,3312
2022-04-18,Sweden,2925
2022-04-18,Indonesia,1937
2022-04-18,Australia,1836
2022-04-18,Sri Lanka,1833
2022-04-18,Poland,1819
2022-04-18,Iraq,1741
2022-04-18,Palestine,1716
2022-04-18,South Africa,1648
2022-04-18,Brazil,1564
2022-04-18,Syria,1521
2022-04-25,United States,110416
2022-04-25,Ukraine,82515
2022-04-25,Russia,80766
2022-04-25,Israel,16751
2022-04-25,United Kingdom,14455
2022-04-25,China,6983
2022-04-25,India,5920
2022-04-25,Turkey,4951
2022-04-25,Pakistan,4917
2022-04-25,Poland,4381
2022-04-25,France,4250
2022-04-25,Canada,3919
2022-04-25,Nigeria,3887
2022-04-25,Mexico,3766
2022-04-25,Germany,3636
2022-04-25,Afghanistan,3245
2022-04-25,Moldova,2549
2022-04-25,Syria,2207
2022-04-25,Australia,2170
2022-04-25,Italy,2099
2022-04-25,Myanmar,2091
2022-04-25,Sweden,1850
2022-04-25,Sudan,1711
2022-04-25,Indonesia,1662
2022-04-25,South Africa,1615
2022-05-02,United States,109016
2022-05-02,Ukraine,77117
2022-05-02,Russia,73066
2022-05-02,Israel,15361
2022-05-02,United Kingdom,12095
2022-05-02,India,7047
2022-05-02,China,5548
2022-05-02,Germany,4541
2022-05-02,Mexico,3869
2022-05-02,Cuba,3837
2022-05-02,Canada,2995
2022-05-02,Nigeria,2989
2022-05-02,Spain,2730
2022-05-02,Australia,2637
2022-05-02,Pakistan,2623
2022-05-02,France,2459
2022-05-02,Afghanistan,1981
2022-05-02,Moldova,1919
2022-05-02,North Korea,1726
2022-05-02,Iran,1720
2022-05-02,Syria,1717
2022-05-02,Italy,1716
2022-05-02,Hong Kong,1637
2022-05-02,Turkey,1636
2022-05-02,Belarus,1630
2022-05-09,United States,132177
2022-05-09,Ukraine,57481
2022-05-09,Russia,56218
2022-05-09,Israel,46627
2022-05-09,United Kingdom,8814
2022-05-09,Palestine,7798
2022-05-09,India,6961
2022-05-09,Sri Lanka,6797
2022-05-09,China,5819
2022-05-09,Nigeria,4314
2022-05-09,Pakistan,3906
2022-05-09,Germany,3807
2022-05-09,Mexico,3667
2022-05-09,France,3076
2022-05-09,Canada,2772
2022-05-09,Philippines,2627
2022-05-09,Turkey,2464
2022-05-09,Iran,2178
2022-05-09,South Africa,2149
2022-05-09,North Korea,2145
2022-05-09,South Korea,2127
2022-05-09,Italy,1896
2022-05-09,Afghanistan,1884
2022-05-09,Spain,1878
2022-05-09,Australia,1851
2022-05-16,United States,115468
2022-05-16,Russia,53382
2022-05-16,Ukraine,52970
2022-05-16,Israel,16198
2022-05-16,United Kingdom,12364
2022-05-16,China,6284
2022-05-16,India,5628
2022-05-16,Nigeria,5297
2022-05-16,Pakistan,4885
2022-05-16,Canada,4866
2022-05-16,Australia,3281
2022-05-16,Turkey,3277
2022-05-16,Taiwan,3187
2022-05-16,Germany,3160
2022-05-16,Switzerland,2837
2022-05-16,Mexico,2733
2022-05-16,France,2701
2022-05-16,New Zealand,2349
2022-05-16,Iran,2169
2022-05-16,Finland,2046
2022-05-16,Italy,1891
2022-05-16,Afghanistan,1782
2022-05-16,Indonesia,1711
2022-05-16,Poland,1679
2022-05-16,Palestine,1652
2022-05-23,United States,204522
2022-05-23,Ukraine,51560
2022-05-23,Russia,49230
2022-05-23,United Kingdom,15180
2022-05-23,Israel,13602
2022-05-23,Pakistan,5867
2022-05-23,India,5789
2022-05-23,China,5754
2022-05-23,Iran,5245
2022-05-23,Nigeria,4178
2022-05-23,Turkey,4126
2022-05-23,Canada,3662
2022-05-23,Mexico,3623
2022-05-23,Germany,2745
2022-05-23,France,2664
2022-05-23,Japan,2391
2022-05-23,Italy,2322
2022-05-23,Australia,2209
2022-05-23,Brazil,2131
2022-05-23,North Korea,1911
2022-05-23,Iraq,1761
2022-05-23,Afghanistan,1729
2022-05-23,Spain,1679
2022-05-23,Syria,1630
2022-05-23,South Africa,1625
2022-05-30,United States,159769
2022-05-30,Ukraine,51178
2022-05-30,Russia,48387
2022-05-30,United Kingdom,11044
2022-05-30,Israel,9816
2022-05-30,India,8148
2022-05-30,China,6033
2022-05-30,Nigeria,5380
2022-05-30,Canada,4052
2022-05-30,France,3865
2022-05-30,Pakistan,3553
2022-05-30,Germany,3374
2022-05-30,Mexico,2963
2022-05-30,Turkey,2959
2022-05-30,Iran,2656
2022-05-30,Australia,2176
2022-05-30,Bangladesh,2152
2022-05-30,Japan,2011
2022-05-30,South Africa,1981
2022-05-30,Spain,1891
2022-05-30,Greece,1415
2022-05-30,Palestine,1362
2022-05-30,Czech Republic,1336
2022-05-30,Poland,1320
2022-05-30,South Korea,1263
2022-06-06,United States,134334
2022-06-06,Russia,42383
2022-06-06,Ukraine,42202
2022-06-06,United Kingdom,13380
2022-06-06,India,8290
2022-06-06,Nigeria,6894
2022-06-06,Israel,4900
2022-06-06,Germany,4700
2022-06-06,China,4547
2022-06-06,France,3807
2022-06-06,Brazil,3676
2022-06-06,Pakistan,3156
2022-06-06,Mexico,3137
2022-06-06,South Africa,3019
2022-06-06,Morocco,2897
2022-06-06,Canada,2746
2022-06-06,Iran,2591
2022-06-06,Australia,2443
2022-06-06,Turkey,2312
2022-06-06,North Korea,2245
2022-06-06,Syria,2018
2022-06-06,South Korea,1943
2022-06-06,Spain,1692
2022-06-06,Iraq,1646
2022-06-06,Indonesia,1610
2022-06-13,United States,110800
2022-06-13,Ukraine,34836
2022-06-13,Russia,34016
2022-06-13,United Kingdom,17733
2022-06-13,Israel,9512
2022-06-13,Brazil,7646
2022-06-13,India,7415
2022-06-13,Nigeria,4160
2022-06-13,China,4129
2022-06-13,Afghanistan,4011
2022-06-13,Canada,3565
2022-06-13,Spain,3471
2022-06-13,France,3150
2022-06-13,Pakistan,2855
2022-06-13,Mexico,2610
2022-06-13,Germany,2599
2022-06-13,Turkey,2318
2022-06-13,Iran,2197
2022-06-13,Rwanda,2121
2022-06-13,Palestine,1916
2022-06-13,Italy,1754
2022-06-13,South Africa,1703
2022-06-13,Australia,1695
2022-06-13,Indonesia,1422
2022-06-13,Colombia,1412
2022-06-20,United States,131983
2022-06-20,Russia,37522
2022-06-20,Ukraine,32063
2022-06-20,United Kingdom,14219
2022-06-20,Norway,8694
2022-06-20,Israel,7381
2022-06-20,India,5316
2022-06-20,Nigeria,4340
2022-06-20,Mexico,4083
2022-06-20,China,3703
2022-06-20,Pakistan,3657
2022-06-20,Afghanistan,3520
2022-06-20,Canada,3461
2022-06-20,Spain,3296
2022-06-20,Turkey,3292
2022-06-20,France,2861
2022-06-20,Germany,2624
2022-06-20,Iran,2574
2022-06-20,Brazil,2337
2022-06-20,Australia,2123
2022-06-20,Lithuania,1895
2022-06-20,Italy,1874
2022-06-20,South Africa,1867
2022-06-20,Mali,1844
2022-06-20,Morocco,1760
2022-06-27,United States,127532
2022-06-27,Russia,48493
2022-06-27,Ukraine,36710
2022-06-27,United Kingdom,15339
2022-06-27,Israel,9119
2022-06-27,India,7370
2022-06-27,France,6562
2022-06-27,Mexico,5135
2022-06-27,China,4825
2022-06-27,Germany,4768
2022-06-27,Turkey,4182
2022-06-27,Canada,3770
2022-06-27,Nigeria,3690
2022-06-27,Pakistan,3046
2022-06-27,Spain,2611
2022-06-27,Syria,2276
2022-06-27,Italy,2225
2022-06-27,Colombia,2027
2022-06-27,Australia,2026
2022-06-27,Iran,1785
2022-06-27,Norway,1653
2022-06-27,Greece,1625
2022-06-27,Argentina,1535
2022-06-27,Afghanistan,1501
2022-06-27,South Africa,1454
2022-07-04,United States,118288
2022-07-04,Russia,35235
2022-07-04,Ukraine,28554
2022-07-04,Japan,27990
2022-07-04,United Kingdom,14120
2022-07-04,Israel,9269
2022-07-04,South Africa,6041
2022-07-04,India,5638
2022-07-04,Nigeria,5382
2022-07-04,China,5182
2022-07-04,Mexico,4408
2022-07-04,Canada,4328
2022-07-04,Pakistan,3584
2022-07-04,Denmark,3445
2022-07-04,Sri Lanka,3236
2022-07-04,Turkey,3017
2022-07-04,France,2843
2022-07-04,Italy,2698
2022-07-04,Iran,2418
2022-07-04,Australia,2195
2022-07-04,Germany,2153
2022-07-04,Spain,1811
2022-07-04,Indonesia,1563
2022-07-04,Brazil,1561
2022-07-04,Afghanistan,1396
2022-07-11,United States,111057
2022-07-11,Russia,43895
2022-07-11,Ukraine,31200
2022-07-11,United Kingdom,12970
2022-07-11,Israel,8362
2022-07-11,Sri Lanka,6866
2022-07-11,India,5529
2022-07-11,Mexico,5492
2022-07-11,Japan,5219
2022-07-11,France,4305
2022-07-11,China,4075
2022-07-11,Pakistan,3636
2022-07-11,South Africa,3623
2022-07-11,Hungary,3132
2022-07-11,Canada,3103
2022-07-11,Iran,3013
2022-07-11,Nigeria,2979
2022-07-11,Saudi Arabia,2838
2022-07-11,Greece,2795
2022-07-11,Spain,2528
2022-07-11,Germany,2439
2022-07-11,Turkey,2417
2022-07-11,Brazil,2343
2022-07-11,Australia,2337
2022-07-11,Portugal,2245
2022-07-18,United States,123667
2022-07-18,Russia,30307
2022-07-18,Ukraine,27039
2022-07-18,United Kingdom,11156
2022-07-18,Israel,7449
2022-07-18,India,5364
2022-07-18,Sri Lanka,4576
2022-07-18,Greece,4325
2022-07-18,Brazil,4146
2022-07-18,France,3980
2022-07-18,China,3705
2022-07-18,Turkey,3605
2022-07-18,Nigeria,3581
2022-07-18,Mexico,3417
2022-07-18,Iran,3273
2022-07-18,Germany,3126
2022-07-18,Canada,2775
2022-07-18,South Africa,2687
2022-07-18,Indonesia,2402
2022-07-18,Iraq,2326
2022-07-18,Afghanistan,2190
2022-07-18,Italy,2175
2022-07-18,Pakistan,2137
2022-07-18,Spain,2087
2022-07-18,Palestine,1950
2022-07-25,United States,98504
2022-07-25,Russia,31855
2022-07-25,Ukraine,28365
2022-07-25,United Kingdom,10277
2022-07-25,India,6785
2022-07-25,Israel,6520
2022-07-25,China,6323
2022-07-25,Canada,4600
2022-07-25,Nigeria,3977
2022-07-25,Greece,3136
2022-07-25,Germany,2941
2022-07-25,Pakistan,2611
2022-07-25,Iran,2578
2022-07-25,France,2189
2022-07-25,Myanmar,2187
2022-07-25,Iraq,2132
2022-07-25,Indonesia,2103
2022-07-25,South Africa,2086
2022-07-25,Mexico,1993
2022-07-25,Turkey,1913
2022-07-25,Japan,1897
2022-07-25,Australia,1846
2022-07-25,Ireland,1575
2022-07-25,Philippines,1574
2022-07-25,Taiwan,1570
2022-08-01,United States,114332
2022-08-01,Israel,69738
2022-08-01,Russia,30293
2022-08-01,China,28480
2022-08-01,Ukraine,22043
2022-08-01,Taiwan,14981
2022-08-01,Afghanistan,12803
2022-08-01,United Kingdom,9502
2022-08-01,Palestine,8877
2022-08-01,India,5574
2022-08-01,Egypt,5016
2022-08-01,Japan,4177
2022-08-01,Pakistan,4123
2022-08-01,Nigeria,3949
2022-08-01,Canada,3743
2022-08-01,Iran,3388
2022-08-01,South Africa,2966
2022-08-01,Germany,2519
2022-08-01,Mexico,2432
2022-08-01,Cuba,2253
2022-08-01,Turkey,2082
2022-08-01,France,2036
2022-08-01,Australia,1979
2022-08-01,Indonesia,1769
2022-08-01,Greece,1685
2022-08-08,United States,126529
2022-08-08,Israel,41654
2022-08-08,Russia,29416
2022-08-08,Ukraine,24505
2022-08-08,China,10890
2022-08-08,United Kingdom,9326
2022-08-08,Afghanistan,7769
2022-08-08,Pakistan,7379
2022-08-08,India,6614
2022-08-08,Palestine,5630
2022-08-08,Iran,5602
2022-08-08,Taiwan,5025
2022-08-08,Mexico,4362
2022-08-08,France,4033
2022-08-08,Nigeria,3774
2022-08-08,Indonesia,3525
2022-08-08,Canada,2886
2022-08-08,Japan,2434
2022-08-08,South Africa,2158
2022-08-08,Australia,2105
2022-08-08,Germany,2039
2022-08-08,Turkey,1966
2022-08-08,South Korea,1811
2022-08-08,Egypt,1787
2022-08-08,Brazil,1689
2022-08-15,United States,90424
2022-08-15,Russia,28401
2022-08-15,Ukraine,22297
2022-08-15,United Kingdom,10893
2022-08-15,Israel,9300
2022-08-15,India,8767
2022-08-15,China,7440
2022-08-15,Mexico,6960
2022-08-15,Afghanistan,4795
2022-08-15,Pakistan,3896
2022-08-15,Nigeria,3152
2022-08-15,Somalia,3002
2022-08-15,Turkey,2719
2022-08-15,Canada,2633
2022-08-15,Taiwan,2521
2022-08-15,Syria,2408
2022-08-15,Iran,2351
2022-08-15,Germany,2196
2022-08-15,Australia,2161
2022-08-15,Nicaragua,2133
2022-08-15,South Africa,2125
2022-08-15,Indonesia,1936
2022-08-15,Italy,1917
2022-08-15,France,1894
2022-08-15,Egypt,1640
2022-08-22,United States,95437
2022-08-22,Russia,34993
2022-08-22,Ukraine,26628
2022-08-22,United Kingdom,7582
2022-08-22,India,7355
2022-08-22,China,5664
2022-08-22,Pakistan,5415
2022-08-22,Libya,4939
2022-08-22,Israel,4831
2022-08-22,Mexico,4421
2022-08-22,Germany,3266
2022-08-22,Afghanistan,3153
2022-08-22,Nigeria,2914
2022-08-22,Australia,2474
2022-08-22,Indonesia,2388
2022-08-22,Syria,2352
2022-08-22,Ethiopia,2301
2022-08-22,Canada,2230
2022-08-22,Iran,2170
2022-08-22,France,2053
2022-08-22,Turkey,1856
2022-08-22,South Korea,1801
2022-08-22,Japan,1794
2022-08-22,Bangladesh,1567
2022-08-22,Italy,1559
2022-08-29,United States,89778
2022-08-29,Russia,30147
2022-08-29,Ukraine,23751
2022-08-29,Israel,9680
2022-08-29,Iraq,8687
2022-08-29,United Kingdom,7656
2022-08-29,China,7512
2022-08-29,India,5876
2022-08-29,Iran,4255
2022-08-29,Germany,4083
2022-08-29,Pakistan,3607
2022-08-29,Afghanistan,2857
2022-08-29,Canada,2852
2022-08-29,Argentina,2684
2022-08-29,France,2470
2022-08-29,Nigeria,2434
2022-08-29,Australia,2418
2022-08-29,Mexico,2296
2022-08-29,Indonesia,2289
2022-08-29,Taiwan,2231
2022-08-29,Brazil,2128
2022-08-29,Netherlands,1910
2022-08-29,Bangladesh,1733
2022-08-29,South Africa,1641
2022-08-29,Palestine,1504
2022-09-05,United States,82769
2022-09-05,Russia,28196
2022-09-05,Ukraine,24452
2022-09-05,United Kingdom,15056
2022-09-05,Israel,10784
2022-09-05,Canada,8740
2022-09-05,India,5284
2022-09-05,Pakistan,4512
2022-09-05,Germany,4312
2022-09-05,China,4277
2022-09-05,Afghanistan,3255
2022-09-05,Nigeria,3205
2022-09-05,Iran,2736
2022-09-05,France,2128
2022-09-05,Australia,2011
2022-09-05,Ireland,1907
2022-09-05,Mexico,1816
2022-09-05,South Africa,1781
2022-09-05,Brazil,1770
2022-09-05,Palestine,1677
2022-09-05,Italy,1564
2022-09-05,Turkey,1546
2022-09-05,Indonesia,1416
2022-09-05,Albania,1184
2022-09-05,Spain,1139
2022-09-12,United States,80460
2022-09-12,Ukraine,31706
2022-09-12,Russia,31091
2022-09-12,United Kingdom,13301
2022-09-12,Armenia,8625
2022-09-12,Azerbaijan,7717
2022-09-12,China,7682
2022-09-12,India,7013
2022-09-12,Israel,6355
2022-09-12,Iran,3194
2022-09-12,Germany,3142
2022-09-12,Canada,3103
2022-09-12,France,3009
2022-09-12,Mexico,2752
2022-09-12,Pakistan,2614
2022-09-12,Nigeria,2440
2022-09-12,Australia,2265
2022-09-12,South Africa,1797
2022-09-12,Afghanistan,1655
2022-09-12,Italy,1638
2022-09-12,Turkey,1638
2022-09-12,Kyrgyzstan,1596
2022-09-12,Brazil,1594
2022-09-12,South Korea,1560
2022-09-12,Tajikistan,1415
2022-09-19,United States,79093
2022-09-19,Russia,36452
2022-09-19,Ukraine,25488
2022-09-19,Iran,20258
2022-09-19,United Kingdom,11598
2022-09-19,Israel,8054
2022-09-19,India,6529
2022-09-19,China,5534
2022-09-19,Canada,4257
2022-09-19,Nigeria,3675
2022-09-19,Mexico,3456
2022-09-19,Afghanistan,2845
2022-09-19,Pakistan,2740
2022-09-19,Japan,2644
2022-09-19,Turkey,2330
2022-09-19,France,2081
2022-09-19,Germany,2045
2022-09-19,Australia,1706
2022-09-19,South Africa,1648
2022-09-19,Ireland,1540
2022-09-19,South Korea,1489
2022-09-19,Myanmar,1488
2022-09-19,Palestine,1483
2022-09-19,Azerbaijan,1473
2022-09-19,Venezuela,1464
2022-09-26,United States,82322
2022-09-26,Russia,42028
2022-09-26,Ukraine,26201
2022-09-26,Iran,14075
2022-09-26,United Kingdom,8715
2022-09-26,India,6961
2022-09-26,Israel,6504
2022-09-26,Japan,4945
2022-09-26,China,4263
2022-09-26,North Korea,3974
2022-09-26,Pakistan,3570
2022-09-26,Canada,3233
2022-09-26,Afghanistan,3113
2022-09-26,Australia,2892
2022-09-26,South Korea,2695
2022-09-26,Nigeria,2552
2022-09-26,Mexico,2538
2022-09-26,Burkina Faso,2075
2022-09-26,Brazil,2062
2022-09-26,Italy,2056
2022-09-26,France,2015
2022-09-26,Germany,2012
2022-09-26,Turkey,1799
2022-09-26,Cuba,1703
2022-09-26,Venezuela,1620
2022-10-03,United States,97655
2022-10-03,Russia,31572
2022-10-03,Ukraine,28878
2022-10-03,Iran,11907
2022-10-03,Israel,11218
2022-10-03,North Korea,9351
2022-10-03,United Kingdom,9301
2022-10-03,Thailand,6226
2022-10-03,South Korea,5964
2022-10-03,India,5568
2022-10-03,Mexico,4698
2022-10-03,Japan,4117
2022-10-03,France,3739
2022-10-03,China,3554
2022-10-03,Pakistan,3204
2022-10-03,Canada,3038
2022-10-03,Australia,2904
2022-10-03,Philippines,2872
2022-10-03,Germany,2672
2022-10-03,Palestine,2292
2022-10-03,Nigeria,2062
2022-10-03,Ireland,2018
2022-10-03,Afghanistan,1994
2022-10-03,Peru,1930
2022-10-03,South Africa,1865
2022-10-10,United States,99007
2022-10-10,Russia,50238
2022-10-10,Ukraine,42074
2022-10-10,Iran,15214
2022-10-10,United Kingdom,11933
2022-10-10,Israel,10476
2022-10-10,India,6371
2022-10-10,China,4903
2022-10-10,Canada,4204
2022-10-10,North Korea,3509
2022-10-10,Mexico,3104
2022-10-10,Pakistan,2980
2022-10-10,South Korea,2930
2022-10-10,Turkey,2807
2022-10-10,Australia,2803
2022-10-10,France,2618
2022-10-10,Germany,2593
2022-10-10,Nigeria,2590
2022-10-10,Palestine,2438
2022-10-10,Japan,2014
2022-10-10,Indonesia,1905
2022-10-10,South Africa,1836
2022-10-10,Italy,1714
2022-10-10,Ireland,1545
2022-10-10,Belarus,1524
2022-10-17,United States,94113
2022-10-17,Russia,41889
2022-10-17,Ukraine,40802
2022-10-17,Iran,12305
2022-10-17,United Kingdom,11253
2022-10-17,Israel,6731
2022-10-17,India,5891
2022-10-17,China,5760
2022-10-17,Pakistan,3921
2022-10-17,Canada,3738
2022-10-17,Nigeria,3413
2022-10-17,France,3117
2022-10-17,Chad,2772
2022-10-17,Germany,2550
2022-10-17,South Korea,2440
2022-10-17,Mexico,2432
2022-10-17,Afghanistan,2118
2022-10-17,Australia,1849
2022-10-17,Brazil,1752
2022-10-17,Italy,1729
2022-10-17,South Africa,1578
2022-10-17,Syria,1510
2022-10-17,Myanmar,1467
2022-10-17,Saudi Arabia,1374
2022-10-17,Turkey,1356
2022-10-24,United States,99791
2022-10-24,Russia,27074
2022-10-24,Ukraine,23358
2022-10-24,Iran,12864
2022-10-24,Israel,12225
2022-10-24,United Kingdom,10449
2022-10-24,India,6305
2022-10-24,Pakistan,6193
2022-10-24,South Korea,5552
2022-10-24,Brazil,4668
2022-10-24,China,4094
2022-10-24,Canada,3517
2022-10-24,Kenya,3168
2022-10-24,Palestine,3166
2022-10-24,Somalia,2868
2022-10-24,Germany,2699
2022-10-24,Nigeria,2671
2022-10-24,Mexico,2510
2022-10-24,Australia,2376
2022-10-24,France,2038
2022-10-24,Italy,2007
2022-10-24,Egypt,2005
2022-10-24,North Korea,1739
2022-10-24,Philippines,1602
2022-10-24,South Africa,1538
2022-10-31,United States,84110
2022-10-31,Russia,29201
2022-10-31,Ukraine,25462
2022-10-31,United Kingdom,11358
2022-10-31,Israel,10114
2022-10-31,North Korea,9359
2022-10-31,Iran,8444
2022-10-31,South Korea,8081
2022-10-31,Pakistan,6078
2022-10-31,India,5780
2022-10-31,Canada,4031
2022-10-31,China,3957
2022-10-31,Brazil,3299
2022-10-31,Germany,3057
2022-10-31,Nigeria,2509
2022-10-31,France,2282
2022-10-31,Mexico,2066
2022-10-31,Italy,1812
2022-10-31,Australia,1767
2022-10-31,Egypt,1662
2022-10-31,Palestine,1619
2022-10-31,Turkey,1548
2022-10-31,Japan,1476
2022-10-31,South Africa,1456
2022-10-31,Serbia,1335
2022-11-07,United States,63028
2022-11-07,Russia,23539
2022-11-07,Ukraine,22915
2022-11-07,United Kingdom,9089
2022-11-07,China,4407
2022-11-07,Iran,4402
2022-11-07,Israel,3725
2022-11-07,India,3707
2022-11-07,Pakistan,3449
2022-11-07,Canada,3078
2022-11-07,Turkey,2725
2022-11-07,Nigeria,2406
2022-11-07,France,2378
2022-11-07,Germany,1992
2022-11-07,South Korea,1863
2022-11-07,Italy,1667
2022-11-07,Afghanistan,1583
2022-11-07,Egypt,1566
2022-11-07,Mexico,1562
2022-11-07,North Korea,1561
2022-11-07,Australia,1481
2022-11-07,South Africa,1472
2022-11-07,Ireland,1404
2022-11-07,Iraq,1302
2022-11-07,Philippines,1187
2022-11-14,United States,83109
2022-11-14,Russia,46478
2022-11-14,Ukraine,39577
2022-11-14,Poland,12757
2022-11-14,Iran,9200
2022-11-14,United Kingdom,8506
2022-11-14,Turkey,8419
2022-11-14,India,6337
2022-11-14,Israel,6108
2022-11-14,China,5107
2022-11-14,Canada,4263
2022-11-14,Pakistan,3628
2022-11-14,Australia,3323
2022-11-14,France,2695
2022-11-14,North Korea,2627
2022-11-14,Germany,2585
2022-11-14,Nigeria,2380
2022-11-14,Syria,2304
2022-11-14,Japan,2249
2022-11-14,Myanmar,2004
2022-11-14,Egypt,1899
2022-11-14,Mexico,1890
2022-11-14,South Korea,1681
2022-11-14,Italy,1616
2022-11-14,Netherlands,1593
2022-11-21,United States,76888
2022-11-21,Russia,28048
2022-11-21,Ukraine,26833
2022-11-21,China,8398
2022-11-21,United Kingdom,7955
2022-11-21,Turkey,7271
2022-11-21,Israel,6814
2022-11-21,India,6608
2022-11-21,Iran,5141
2022-11-21,Canada,3439
2022-11-21,Pakistan,3333
2022-11-21,Syria,2915
2022-11-21,Germany,2360
2022-11-21,Nigeria,2195
2022-11-21,Italy,2180
2022-11-21,Brazil,2086
2022-11-21,France,2082
2022-11-21,South Africa,2081
2022-11-21,Australia,2005
2022-11-21,Mexico,1946
2022-11-21,Indonesia,1531
2022-11-21,Ireland,1506
2022-11-21,Poland,1324
2022-11-21,Philippines,1203
2022-11-21,Bangladesh,1150
2022-11-28,United States,81724
2022-11-28,Russia,24839
2022-11-28,Ukraine,21896
2022-11-28,China,13544
2022-11-28,Israel,10575
2022-11-28,United Kingdom,8902
2022-11-28,India,6131
2022-11-28,Pakistan,4107
2022-11-28,Iran,3981
2022-11-28,Canada,3682
2022-11-28,Syria,3439
2022-11-28,France,3268
2022-11-28,Australia,2796
2022-11-28,Turkey,2795
2022-11-28,Nigeria,2776
2022-11-28,Afghanistan,2696
2022-11-28,Germany,2343
2022-11-28,Spain,2296
2022-11-28,South Korea,2217
2022-11-28,Mexico,2130
2022-11-28,Palestine,1992
2022-11-28,South Africa,1967
2022-11-28,El Salvador,1865
2022-11-28,Italy,1786
2022-11-28,Iraq,1549
2022-12-05,United States,96012
2022-12-05,Russia,35860
2022-12-05,Ukraine,26725
2022-12-05,United Kingdom,10329
2022-12-05,Israel,8081
2022-12-05,Iran,7008
2022-12-05,Germany,6729
2022-12-05,China,5610
2022-12-05,Peru,5561
2022-12-05,Indonesia,4621
2022-12-05,India,4384
2022-12-05,Pakistan,3943
2022-12-05,France,3835
2022-12-05,Canada,3118
2022-12-05,Italy,3078
2022-12-05,Mexico,2461
2022-12-05,Argentina,2435
2022-12-05,Libya,2337
2022-12-05,Nigeria,2154
2022-12-05,Turkey,2064
2022-12-05,Greece,2007
2022-12-05,Australia,1825
2022-12-05,Japan,1746
2022-12-05,South Africa,1640
2022-12-05,South Korea,1503
2022-12-12,United States,98351
2022-12-12,Russia,31870
2022-12-12,Ukraine,23876
2022-12-12,United Kingdom,9754
2022-12-12,China,9190
2022-12-12,Peru,8316
2022-12-12,Iran,8029
2022-12-12,India,7415
2022-12-12,Israel,6744
2022-12-12,Ireland,4850
2022-12-12,Pakistan,4329
2022-12-12,Canada,3805
2022-12-12,Bahamas,3693
2022-12-12,France,3553
2022-12-12,Australia,3472
2022-12-12,Germany,3179
2022-12-12,Afghanistan,3165
2022-12-12,Mexico,2950
2022-12-12,Turkey,2784
2022-12-12,Nigeria,2151
2022-12-12,Italy,2147
2022-12-12,Libya,1823
2022-12-12,North Korea,1630
2022-12-12,Lebanon,1525
2022-12-12,Brazil,1509
2022-12-19,United States,81589
2022-12-19,Russia,29060
2022-12-19,Ukraine,22550
2022-12-19,France,11640
2022-12-19,Afghanistan,10939
2022-12-19,United Kingdom,8379
2022-12-19,Canada,7313
2022-12-19,Pakistan,6491
2022-12-19,China,6215
2022-12-19,India,5926
2022-12-19,Iran,5707
2022-12-19,Turkey,5158
2022-12-19,Ireland,4783
2022-12-19,Israel,4073
2022-12-19,Bahamas,3730
2022-12-19,Lebanon,3146
2022-12-19,Germany,2976
2022-12-19,Mexico,2882
2022-12-19,Nigeria,2855
2022-12-19,Nepal,2260
2022-12-19,Peru,2191
2022-12-19,Poland,1644
2022-12-19,Italy,1614
2022-12-19,North Korea,1533
2022-12-19,Spain,1529
2022-12-26,United States,75005
2022-12-26,Russia,37400
2022-12-26,Ukraine,33395
2022-12-26,China,7251
2022-12-26,United Kingdom,6782
2022-12-26,Pakistan,6089
2022-12-26,South Korea,5622
2022-12-26,Afghanistan,4836
2022-12-26,Israel,4574
2022-12-26,India,4525
2022-12-26,Serbia,3857
2022-12-26,Iran,3630
2022-12-26,North Korea,3492
2022-12-26,Canada,3063
2022-12-26,Turkey,3020
2022-12-26,Nigeria,2672
2022-12-26,France,2635
2022-12-26,Germany,2051
2022-12-26,Mexico,1843
2022-12-26,Brazil,1832
2022-12-26,Syria,1534
2022-12-26,Japan,1441
2022-12-26,Kosovo,1415
2022-12-26,Indonesia,1384
2022-12-26,Bolivia,1381
2023-01-02,United States,96871
2023-01-02,Russia,33381
2023-01-02,Ukraine,30434
2023-01-02,Mexico,12331
2023-01-02,Israel,11597
2023-01-02,United Kingdom,11389
2023-01-02,Iran,7766
2023-01-02,India,6712
2023-01-02,Pakistan,4969
2023-01-02,China,4896
2023-01-02,Germany,4523
2023-01-02,Afghanistan,4095
2023-01-02,France,3915
2023-01-02,Brazil,2558
2023-01-02,Canada,2519
2023-01-02,Nigeria,2350
2023-01-02,Turkey,1990
2023-01-02,Australia,1865
2023-01-02,Ireland,1789
2023-01-02,Iraq,1487
2023-01-02,South Korea,1452
2023-01-02,Bangladesh,1345
2023-01-02,Jamaica,1321
2023-01-02,Syria,1268
2023-01-02,Ghana,1243
2023-01-09,United States,93619
2023-01-09,Ukraine,38624
2023-01-09,Russia,35829
2023-01-09,United Kingdom,17957
2023-01-09,Brazil,10837
2023-01-09,Israel,8933
2023-01-09,Iran,7318
2023-01-09,India,5419
2023-01-09,France,4960
2023-01-09,Peru,4617
2023-01-09,China,4333
2023-01-09,Afghanistan,4088
2023-01-09,Germany,4069
2023-01-09,Mexico,3723
2023-01-09,Pakistan,3705
2023-01-09,Canada,3308
2023-01-09,Nigeria,3276
2023-01-09,Turkey,2908
2023-01-09,Japan,2392
2023-01-09,Australia,1997
2023-01-09,Italy,1459
2023-01-09,South Africa,1371
2023-01-09,Palestine,1299
2023-01-09,South Korea,1275
2023-01-09,Romania,1249
2023-01-16,United States,117236
2023-01-16,Ukraine,31738
2023-01-16,Russia,30908
2023-01-16,United Kingdom,14086
2023-01-16,Peru,10018
2023-01-16,Israel,7750
2023-01-16,Germany,6992
2023-01-16,Italy,6877
2023-01-16,India,6123
2023-01-16,Mexico,5779
2023-01-16,Pakistan,5512
2023-01-16,China,5307
2023-01-16,Iran,3925
2023-01-16,Canada,3340
2023-01-16,France,3256
2023-01-16,Nigeria,3031
2023-01-16,Turkey,2847
2023-01-16,Brazil,2616
2023-01-16,Sweden,2382
2023-01-16,Afghanistan,2109
2023-01-16,Indonesia,1961
2023-01-16,Somalia,1902
2023-01-16,South Africa,1746
2023-01-16,Australia,1744
2023-01-16,Nepal,1537
2023-01-23,United States,143189
2023-01-23,Israel,58627
2023-01-23,Ukraine,31171
2023-01-23,Russia,30878
2023-01-23,United Kingdom,14157
2023-01-23,Palestine,11772
2023-01-23,Germany,7713
2023-01-23,India,6617
2023-01-23,Iran,5540
2023-01-23,China,5204
2023-01-23,Spain,4181
2023-01-23,Canada,3736
2023-01-23,Turkey,3725
2023-01-23,France,3324
2023-01-23,Pakistan,3295
2023-01-23,Mexico,3052
2023-01-23,Nigeria,2752
2023-01-23,Sweden,2643
2023-01-23,Afghanistan,2489
2023-01-23,Peru,2416
2023-01-23,Brazil,2142
2023-01-23,Syria,1896
2023-01-23,Ireland,1737
2023-01-23,Australia,1731
2023-01-23,Poland,1725
2023-01-30,United States,109523
2023-01-30,Russia,32768
2023-01-30,Ukraine,28075
2023-01-30,Israel,21806
2023-01-30,Pakistan,15852
2023-01-30,United Kingdom,12824
2023-01-30,China,8694
2023-01-30,Canada,5905
2023-01-30,India,5701
2023-01-30,Iran,5208
2023-01-30,Afghanistan,4555
2023-01-30,Palestine,4447
2023-01-30,France,3951
2023-01-30,Germany,3729
2023-01-30,Italy,3205
2023-01-30,Australia,2648
2023-01-30,Nigeria,2432
2023-01-30,Mexico,2070
2023-01-30,Brazil,2057
2023-01-30,Sudan,1968
2023-01-30,Turkey,1930
2023-01-30,South Africa,1895
2023-01-30,Ireland,1839
2023-01-30,Philippines,1731
2023-01-30,Spain,1521
2023-02-06,United States,95734
2023-02-06,Russia,32404
2023-02-06,Ukraine,28649
2023-02-06,Israel,17408
2023-02-06,United Kingdom,14344
2023-02-06,China,10136
2023-02-06,Syria,10065
2023-02-06,Turkey,9477
2023-02-06,Canada,8662
2023-02-06,India,4613
2023-02-06,Palestine,4401
2023-02-06,Pakistan,4139
2023-02-06,France,3377
2023-02-06,Nicaragua,3335
2023-02-06,Mexico,3074
2023-02-06,Nigeria,2787
2023-02-06,Australia,2323
2023-02-06,South Korea,2295
2023-02-06,Netherlands,2283
2023-02-06,Germany,2277
2023-02-06,South Africa,2080
2023-02-06,Iran,1933
2023-02-06,Indonesia,1503
2023-02-06,Afghanistan,1380
2023-02-06,Brazil,1333
2023-02-13,United States,109768
2023-02-13,Russia,33391
2023-02-13,Ukraine,27406
2023-02-13,United Kingdom,13132
2023-02-13,China,9483
2023-02-13,Israel,9339
2023-02-13,Canada,8929
2023-02-13,India,6496
2023-02-13,Pakistan,5409
2023-02-13,Germany,4164
2023-02-13,Syria,3965
2023-02-13,Turkey,3300
2023-02-13,Nigeria,3182
2023-02-13,Indonesia,2854
2023-02-13,New Zealand,2742
2023-02-13,South Korea,2668
2023-02-13,Iran,2639
2023-02-13,North Korea,2599
2023-02-13,South Africa,2482
2023-02-13,France,2135
2023-02-13,Mexico,2007
2023-02-13,Haiti,1988
2023-02-13,Australia,1636
2023-02-13,Japan,1542
2023-02-13,Italy,1329
2023-02-20,United States,102950
2023-02-20,Russia,38143
2023-02-20,Ukraine,34293
2023-02-20,Israel,30594
2023-02-20,United Kingdom,10660
2023-02-20,India,7135
2023-02-20,Palestine,6349
2023-02-20,Pakistan,5304
2023-02-20,Mexico,4475
2023-02-20,Canada,4354
2023-02-20,China,4341
2023-02-20,Ireland,4063
2023-02-20,Germany,3783
2023-02-20,Nigeria,3500
2023-02-20,Iran,3430
2023-02-20,France,3250
2023-02-20,Turkey,3151
2023-02-20,Syria,3099
2023-02-20,Italy,2682
2023-02-20,Australia,2461
2023-02-20,North Korea,2387
2023-02-20,South Korea,2240
2023-02-20,Afghanistan,1933
2023-02-20,Poland,1829
2023-02-20,Spain,1778
2023-02-27,United States,104036
2023-02-27,Russia,32856
2023-02-27,Ukraine,28316
2023-02-27,Israel,23584
2023-02-27,United Kingdom,12100
2023-02-27,China,7416
2023-02-27,India,7363
2023-02-27,Canada,5687
2023-02-27,Greece,4433
2023-02-27,Pakistan,3837
2023-02-27,Germany,3076
2023-02-27,Belarus,2963
2023-02-27,Palestine,2854
2023-02-27,Iran,2664
2023-02-27,Mexico,2659
2023-02-27,Nigeria,2427
2023-02-27,Italy,2409
2023-02-27,Philippines,2360
2023-02-27,France,2041
2023-02-27,Australia,1764
2023-02-27,Ireland,1715
2023-02-27,Brazil,1452
2023-02-27,South Africa,1435
2023-02-27,Spain,1267
2023-02-27,Indonesia,1219
2023-03-06,United States,94437
2023-03-06,Ukraine,35730
2023-03-06,Russia,34241
2023-03-06,Israel,21178
2023-03-06,Mexico,16731
2023-03-06,United Kingdom,10378
2023-03-06,Germany,7147
2023-03-06,Iran,5903
2023-03-06,India,5892
2023-03-06,China,5075
2023-03-06,Canada,4860
2023-03-06,Pakistan,4697
2023-03-06,Afghanistan,4261
2023-03-06,Nigeria,3435
2023-03-06,Palestine,3048
2023-03-06,France,2698
2023-03-06,Italy,2413
2023-03-06,Ireland,2366
2023-03-06,Syria,2220
2023-03-06,Belarus,2093
2023-03-06,South Korea,2003
2023-03-06,Australia,1728
2023-03-06,Philippines,1706
2023-03-06,Iraq,1605
2023-03-06,Bangladesh,1569
2023-03-13,United States,81303
2023-03-13,Russia,37098
2023-03-13,Ukraine,30016
2023-03-13,Israel,12856
2023-03-13,Pakistan,11173
2023-03-13,United Kingdom,8620
2023-03-13,China,6271
2023-03-13,India,5247
2023-03-13,Canada,5217
2023-03-13,North Korea,4760
2023-03-13,Mexico,4526
2023-03-13,France,4330
2023-03-13,South Korea,3734
2023-03-13,Nigeria,3521
2023-03-13,Germany,3119
2023-03-13,Italy,2471
2023-03-13,Japan,2381
2023-03-13,Ireland,2230
2023-03-13,Iran,2188
2023-03-13,Iraq,1890
2023-03-13,Afghanistan,1842
2023-03-13,Australia,1712
2023-03-13,South Africa,1648
2023-03-13,Turkey,1481
2023-03-13,Palestine,1328
2023-03-20,United States,72949
2023-03-20,Russia,21879
2023-03-20,Ukraine,14777
2023-03-20,Israel,8557
2023-03-20,United Kingdom,7857
2023-03-20,India,6909
2023-03-20,China,6412
2023-03-20,France,5419
2023-03-20,Pakistan,4270
2023-03-20,Canada,4233
2023-03-20,Iran,3671
2023-03-20,Australia,3544
2023-03-20,Iraq,3011
2023-03-20,Germany,2797
2023-03-20,Syria,2753
2023-03-20,Nigeria,2085
2023-03-20,Mexico,1940
2023-03-20,Saudi Arabia,1455
2023-03-20,Italy,1439
2023-03-20,South Africa,1270
2023-03-20,Belarus,1243
2023-03-20,Afghanistan,1131
2023-03-20,Spain,1091
2023-03-20,Brazil,1055
2023-03-20,Japan,1023
2023-03-27,United States,246329
2023-03-27,Russia,62603
2023-03-27,Ukraine,36283
2023-03-27,United Kingdom,18551
2023-03-27,Israel,17314
2023-03-27,India,15038
2023-03-27,China,13434
2023-03-27,Canada,12792
2023-03-27,Australia,11718
2023-03-27,Mexico,10073
2023-03-27,France,8586
2023-03-27,Pakistan,6981
2023-03-27,Afghanistan,6926
2023-03-27,Germany,5701
2023-03-27,Italy,5062
2023-03-27,Nigeria,4771
2023-03-27,South Africa,4144
2023-03-27,Iran,4097
2023-03-27,Syria,3506
2023-03-27,Brazil,3350
2023-03-27,Ireland,2940
2023-03-27,Japan,2919
2023-03-27,South Korea,2896
2023-03-27,Spain,2831
2023-03-27,Greece,2650
2023-04-03,United States,188366
2023-04-03,Israel,119659
2023-04-03,Russia,52094
2023-04-03,Ukraine,36512
2023-04-03,United Kingdom,22340
2023-04-03,China,13493
2023-04-03,India,12591
2023-04-03,Australia,12422
2023-04-03,Syria,10548
2023-04-03,Italy,9795
2023-04-03,Lebanon,9740
2023-04-03,Canada,9362
2023-04-03,Palestine,7892
2023-04-03,France,6508
2023-04-03,Nigeria,6194
2023-04-03,Afghanistan,5742
2023-04-03,Pakistan,5549
2023-04-03,Germany,5510
2023-04-03,Iran,5466
2023-04-03,Taiwan,5193
2023-04-03,Mexico,5030
2023-04-03,Turkey,4115
2023-04-03,Brazil,3423
2023-04-03,South Africa,3404
2023-04-03,Ireland,2797
2023-04-10,United States,192064
2023-04-10,Russia,41373
2023-04-10,Ukraine,29383
2023-04-10,Israel,28109
2023-04-10,Sudan,21645
2023-04-10,United Kingdom,16770
2023-04-10,China,15177
2023-04-10,India,15119
2023-04-10,Australia,8502
2023-04-10,Mexico,8111
2023-04-10,Canada,7909
2023-04-10,Pakistan,6727
2023-04-10,Japan,6497
2023-04-10,France,5311
2023-04-10,Taiwan,5280
2023-04-10,Nigeria,5046
2023-04-10,Italy,4385
2023-04-10,South Africa,3765
2023-04-10,North Korea,3658
2023-04-10,South Korea,3530
2023-04-10,Chad,3512
2023-04-10,Germany,3482
2023-04-10,Syria,3480
2023-04-10,Iran,3468
2023-04-10,Palestine,3237
2023-04-17,United States,185794
2023-04-17,Sudan,51948
2023-04-17,Russia,40098
2023-04-17,Ukraine,29391
2023-04-17,United Kingdom,20122
2023-04-17,India,14675
2023-04-17,China,12200
2023-04-17,Canada,10685
2023-04-17,Israel,10377
2023-04-17,Australia,9595
2023-04-17,Egypt,6151
2023-04-17,France,6021
2023-04-17,Germany,5799
2023-04-17,Mexico,5356
2023-04-17,Nigeria,5082
2023-04-17,South Africa,4705
2023-04-17,Japan,4280
2023-04-17,Pakistan,4194
2023-04-17,Italy,3842
2023-04-17,Ireland,3520
2023-04-17,Spain,3451
2023-04-17,Poland,3246
2023-04-17,Saudi Arabia,3207
2023-04-17,Sweden,2798
2023-04-17,Iran,2752
2023-04-24,United States,160822
2023-04-24,Sudan,53957
2023-04-24,Russia,43108
2023-04-24,Ukraine,38924
2023-04-24,United Kingdom,21533
2023-04-24,India,12028
2023-04-24,Israel,11162
2023-04-24,China,10147
2023-04-24,Canada,9952
2023-04-24,Australia,7815
2023-04-24,Pakistan,6030
2023-04-24,Germany,5765
2023-04-24,Mexico,4694
2023-04-24,Turkey,4525
2023-04-24,Iran,4442
2023-04-24,France,4340
2023-04-24,Nigeria,4171
2023-04-24,Afghanistan,4087
2023-04-24,Italy,3582
2023-04-24,South Africa,3492
2023-04-24,Egypt,3447
2023-04-24,Ireland,3141
2023-04-24,Saudi Arabia,2831
2023-04-24,Spain,2806
2023-04-24,Sweden,2556
2023-05-01,United States,173852
2023-05-01,Russia,53924
2023-05-01,Ukraine,48461
2023-05-01,United Kingdom,27257
2023-05-01,Israel,25748
2023-05-01,Sudan,17513
2023-05-01,Serbia,15549
2023-05-01,India,13973
2023-05-01,Canada,10253
2023-05-01,Australia,9491
2023-05-01,Mexico,9209
2023-05-01,China,8201
2023-05-01,Pakistan,6384
2023-05-01,Nigeria,5705
2023-05-01,Palestine,5137
2023-05-01,Syria,5099
2023-05-01,France,4938
2023-05-01,Iran,4564
2023-05-01,Germany,4410
2023-05-01,Turkey,4046
2023-05-01,Indonesia,4007
2023-05-01,Brazil,3707
2023-05-01,Italy,3519
2023-05-01,Egypt,2937
2023-05-01,Spain,2415
2023-05-08,United States,181465
2023-05-08,Israel,105961
2023-05-08,Russia,45246
2023-05-08,Ukraine,40651
2023-05-08,Pakistan,26012
2023-05-08,United Kingdom,17669
2023-05-08,Canada,14142
2023-05-08,India,11357
2023-05-08,Palestine,10414
2023-05-08,China,9861
2023-05-08,Australia,8853
2023-05-08,Mexico,7891
2023-05-08,Sudan,6739
2023-05-08,Germany,5548
2023-05-08,France,4935
2023-05-08,Nigeria,4507
2023-05-08,Iran,4215
2023-05-08,Turkey,3831
2023-05-08,Peru,3448
2023-05-08,Serbia,3179
2023-05-08,Italy,3056
2023-05-08,Egypt,2983
2023-05-08,Indonesia,2901
2023-05-08,Tunisia,2509
2023-05-08,Afghanistan,2465
2023-05-15,United States,156623
2023-05-15,Russia,52933
2023-05-15,Ukraine,48961
2023-05-15,United Kingdom,18135
2023-05-15,Israel,16119
2023-05-15,Australia,14464
2023-05-15,India,11138
2023-05-15,Canada,10972
2023-05-15,Pakistan,10390
2023-05-15,China,9214
2023-05-15,Nigeria,7716
2023-05-15,France,7002
2023-05-15,Mexico,6690
2023-05-15,Iran,5367
2023-05-15,Japan,4885
2023-05-15,Sudan,4836
2023-05-15,Germany,4791
2023-05-15,Italy,3134
2023-05-15,Turkey,2605
2023-05-15,South Africa,2546
2023-05-15,Spain,2492
2023-05-15,Ireland,2490
2023-05-15,Brazil,2246
2023-05-15,Bangladesh,2060
2023-05-15,Sweden,1998
2023-05-22,United States,161170
2023-05-22,Russia,49503
2023-05-22,Ukraine,39045
2023-05-22,United Kingdom,16882
2023-05-22,Australia,16615
2023-05-22,Israel,13138
2023-05-22,India,11424
2023-05-22,Sudan,7780
2023-05-22,Pakistan,7360
2023-05-22,Canada,7329
2023-05-22,China,7185
2023-05-22,Germany,6020
2023-05-22,Iran,5662
2023-05-22,Nigeria,5078
2023-05-22,Mexico,4577
2023-05-22,Serbia,4159
2023-05-22,France,3728
2023-05-22,Japan,3507
2023-05-22,Italy,3227
2023-05-22,Turkey,2932
2023-05-22,Poland,2712
2023-05-22,South Africa,2668
2023-05-22,Ireland,2618
2023-05-22,Palestine,2400
2023-05-22,Sweden,2257
2023-05-29,United States,139684
2023-05-29,Russia,55673
2023-05-29,Ukraine,48912
2023-05-29,Serbia,14789
2023-05-29,Israel,14358
2023-05-29,United Kingdom,13362
2023-05-29,Australia,12736
2023-05-29,China,11792
2023-05-29,India,9952
2023-05-29,Canada,9595
2023-05-29,Sudan,7388
2023-05-29,Kosovo,6552
2023-05-29,Germany,6168
2023-05-29,Afghanistan,5601
2023-05-29,Pakistan,5453
2023-05-29,Senegal,4983
2023-05-29,Iran,4221
2023-05-29,Egypt,4202
2023-05-29,Nigeria,3673
2023-05-29,Mexico,3565
2023-05-29,Italy,3410
2023-05-29,France,3196
2023-05-29,Albania,2940
2023-05-29,Turkey,2845
2023-05-29,South Africa,2838
2023-06-05,United States,144996
2023-06-05,Ukraine,49238
2023-06-05,Russia,42046
2023-06-05,United Kingdom,23100
2023-06-05,Canada,12338
2023-06-05,Australia,11952
2023-06-05,India,10726
2023-06-05,Israel,10523
2023-06-05,France,8418
2023-06-05,China,6958
2023-06-05,Nigeria,5141
2023-06-05,Pakistan,4210
2023-06-05,Germany,3981
2023-06-05,Sudan,3927
2023-06-05,Mexico,3401
2023-06-05,Afghanistan,3138
2023-06-05,Sweden,3049
2023-06-05,Italy,2913
2023-06-05,Spain,2856
2023-06-05,Iran,2400
2023-06-05,Peru,2284
2023-06-05,Saudi Arabia,2174
2023-06-05,Turkey,2009
2023-06-05,Indonesia,1987
2023-06-05,South Africa,1954
2023-06-12,United States,139618
2023-06-12,Ukraine,41344
2023-06-12,Russia,38383
2023-06-12,United Kingdom,21343
2023-06-12,Australia,13143
2023-06-12,India,12220
2023-06-12,Israel,9809
2023-06-12,Uganda,9785
2023-06-12,Canada,8833
2023-06-12,China,6633
2023-06-12,Sudan,5784
2023-06-12,Pakistan,5254
2023-06-12,Serbia,4741
2023-06-12,Mexico,4697
2023-06-12,Nigeria,4613
2023-06-12,Germany,4382
2023-06-12,France,3601
2023-06-12,Japan,3525
2023-06-12,Republic of Congo,3159
2023-06-12,Italy,3123
2023-06-12,Sweden,2860
2023-06-12,South Korea,2808
2023-06-12,Ireland,2706
2023-06-12,South Africa,2480
2023-06-12,Turkey,2404
2023-06-19,United States,123861
2023-06-19,Russia,71681
2023-06-19,Israel,45929
2023-06-19,Ukraine,39761
2023-06-19,United Kingdom,18260
2023-06-19,Palestine,12982
2023-06-19,India,11494
2023-06-19,Canada,10563
2023-06-19,China,8101
2023-06-19,Australia,7584
2023-06-19,Pakistan,5607
2023-06-19,Sudan,5316
2023-06-19,Nigeria,5260
2023-06-19,France,5201
2023-06-19,Romania,4326
2023-06-19,Serbia,4029
2023-06-19,Germany,3906
2023-06-19,Mexico,3271
2023-06-19,Italy,3033
2023-06-19,Greece,2858
2023-06-19,Belarus,2579
2023-06-19,Brazil,2486
2023-06-19,Kosovo,2484
2023-06-19,Sweden,2401
2023-06-19,Honduras,2357
2023-06-26,United States,126237
2023-06-26,Russia,50245
2023-06-26,France,34240
2023-06-26,Ukraine,33670
2023-06-26,United Kingdom,20912
2023-06-26,Israel,11392
2023-06-26,Australia,8995
2023-06-26,India,8957
2023-06-26,Canada,8951
2023-06-26,Pakistan,5625
2023-06-26,Mexico,5308
2023-06-26,Brazil,4662
2023-06-26,China,4615
2023-06-26,Germany,4563
2023-06-26,Sweden,4539
2023-06-26,Belarus,4185
2023-06-26,Nigeria,3288
2023-06-26,Syria,2977
2023-06-26,Italy,2904
2023-06-26,Iran,2890
2023-06-26,Sudan,2782
2023-06-26,Afghanistan,1996
2023-06-26,Turkey,1942
2023-06-26,Spain,1870
2023-06-26,Ireland,1800
2023-07-03,United States,116471
2023-07-03,Israel,56254
2023-07-03,Russia,36282
2023-07-03,Ukraine,30200
2023-07-03,United Kingdom,16396
2023-07-03,Palestine,16338
2023-07-03,France,15439
2023-07-03,India,11578
2023-07-03,China,9137
2023-07-03,Australia,8584
2023-07-03,Canada,7111
2023-07-03,Mexico,5137
2023-07-03,Iran,4520
2023-07-03,Germany,4337
2023-07-03,Sudan,4209
2023-07-03,Nigeria,3981
2023-07-03,Sweden,3552
2023-07-03,Pakistan,3493
2023-07-03,Italy,3369
2023-07-03,South Africa,2537
2023-07-03,Spain,2385
2023-07-03,Syria,2317
2023-07-03,Turkey,2275
2023-07-03,Vietnam,2164
2023-07-03,Japan,2069
2023-07-10,United States,135965
2023-07-10,Russia,42002
2023-07-10,Ukraine,36424
2023-07-10,United Kingdom,15296
2023-07-10,Israel,13155
2023-07-10,Australia,9289
2023-07-10,India,8954
2023-07-10,Canada,8909
2023-07-10,China,6406
2023-07-10,Mexico,5309
2023-07-10,Sudan,5261
2023-07-10,Nigeria,4976
2023-07-10,France,4704
2023-07-10,Pakistan,4085
2023-07-10,Spain,3406
2023-07-10,Germany,3188
2023-07-10,Turkey,3011
2023-07-10,Italy,2797
2023-07-10,Iran,2742
2023-07-10,North Korea,2686
2023-07-10,Afghanistan,2684
2023-07-10,South Africa,2678
2023-07-10,Ireland,2554
2023-07-10,Sweden,2506
2023-07-10,Indonesia,2479
2023-07-17,United States,136079
2023-07-17,Russia,43395
2023-07-17,Ukraine,40542
2023-07-17,United Kingdom,15216
2023-07-17,North Korea,13328
2023-07-17,India,12062
2023-07-17,South Korea,11735
2023-07-17,Israel,10615
2023-07-17,Australia,9269
2023-07-17,Canada,8469
2023-07-17,Greece,7059
2023-07-17,Iraq,6272
2023-07-17,China,5681
2023-07-17,Sweden,5379
2023-07-17,Japan,5282
2023-07-17,Italy,4922
2023-07-17,Egypt,4792
2023-07-17,Nigeria,4552
2023-07-17,Pakistan,4251
2023-07-17,Mexico,3653
2023-07-17,Iran,3598
2023-07-17,Spain,3512
2023-07-17,Germany,3344
2023-07-17,Ireland,3260
2023-07-17,South Africa,3050
2023-07-24,United States,117422
2023-07-24,Russia,42036
2023-07-24,Ukraine,38410
2023-07-24,United Kingdom,22235
2023-07-24,Israel,12975
2023-07-24,Australia,10327
2023-07-24,India,8910
2023-07-24,Greece,7748
2023-07-24,Pakistan,7558
2023-07-24,Canada,6875
2023-07-24,France,6695
2023-07-24,Niger,6001
2023-07-24,North Korea,5635
2023-07-24,China,5175
2023-07-24,Nigeria,5021
2023-07-24,Italy,3883
2023-07-24,Mexico,3748
2023-07-24,Sweden,3266
2023-07-24,Ireland,3257
2023-07-24,South Korea,3026
2023-07-24,Turkey,2806
2023-07-24,Spain,2780
2023-07-24,Vietnam,2644
2023-07-24,Germany,2615
2023-07-24,Indonesia,2163
2023-07-31,United States,160656
2023-07-31,Russia,49810
2023-07-31,Ukraine,38597
2023-07-31,Israel,16634
2023-07-31,United Kingdom,14591
2023-07-31,India,13493
2023-07-31,Pakistan,10762
2023-07-31,Niger,9118
2023-07-31,France,8863
2023-07-31,Australia,8552
2023-07-31,China,6700
2023-07-31,Canada,5713
2023-07-31,Nigeria,4747
2023-07-31,Brazil,4176
2023-07-31,Mexico,3727
2023-07-31,Lebanon,3603
2023-07-31,South Korea,3475
2023-07-31,Germany,3370
2023-07-31,Poland,3102
2023-07-31,Iran,2981
2023-07-31,Sweden,2807
2023-07-31,South Africa,2785
2023-07-31,Turkey,2688
2023-07-31,Italy,2518
2023-07-31,Myanmar,2506
2023-08-07,United States,137735
2023-08-07,Russia,36784
2023-08-07,Ukraine,34160
2023-08-07,Ecuador,14627
2023-08-07,United Kingdom,13597
2023-08-07,India,11442
2023-08-07,Israel,10811
2023-08-07,Australia,9648
2023-08-07,Niger,8265
2023-08-07,Pakistan,8196
2023-08-07,China,6566
2023-08-07,Canada,6225
2023-08-07,France,5642
2023-08-07,Iran,5423
2023-08-07,Nigeria,5380
2023-08-07,Colombia,4206
2023-08-07,Syria,3809
2023-08-07,Mexico,3623
2023-08-07,Germany,3407
2023-08-07,Italy,2723
2023-08-07,Spain,2686
2023-08-07,Greece,2629
2023-08-07,Brazil,2618
2023-08-07,Poland,2544
2023-08-07,South Africa,2438
2023-08-14,United States,154421
2023-08-14,Russia,39788
2023-08-14,Ukraine,30919
2023-08-14,United Kingdom,19747
2023-08-14,Canada,14335
2023-08-14,Israel,11257
2023-08-14,Pakistan,9975
2023-08-14,India,9575
2023-08-14,Australia,8720
2023-08-14,Niger,6627
2023-08-14,China,5488
2023-08-14,Spain,5018
2023-08-14,Iran,4864
2023-08-14,Nigeria,4596
2023-08-14,Ecuador,3875
2023-08-14,Sudan,3848
2023-08-14,Libya,3717
2023-08-14,France,3653
2023-08-14,Afghanistan,3639
2023-08-14,South Korea,3603
2023-08-14,North Korea,3094
2023-08-14,Mexico,3080
2023-08-14,Bangladesh,3074
2023-08-14,Germany,2890
2023-08-14,Sweden,2873
2023-08-21,United States,167303
2023-08-21,Russia,45819
2023-08-21,Ukraine,35601
2023-08-21,United Kingdom,23207
2023-08-21,Greece,16120
2023-08-21,Australia,14022
2023-08-21,Israel,11447
2023-08-21,Canada,11005
2023-08-21,India,9283
2023-08-21,China,8404
2023-08-21,Pakistan,6549
2023-08-21,Nigeria,4533
2023-08-21,Turkey,4271
2023-08-21,France,3953
2023-08-21,Mexico,3950
2023-08-21,Spain,3328
2023-08-21,Germany,3184
2023-08-21,South Korea,2979
2023-08-21,Italy,2894
2023-08-21,Japan,2764
2023-08-21,Afghanistan,2676
2023-08-21,South Africa,2524
2023-08-21,Syria,2435
2023-08-21,Sweden,2190
2023-08-21,Sudan,2097
2023-08-28,United States,132096
2023-08-28,Russia,36147
2023-08-28,Ukraine,31582
2023-08-28,United Kingdom,12974
2023-08-28,Israel,12689
2023-08-28,Australia,8307
2023-08-28,India,8150
2023-08-28,Pakistan,7662
2023-08-28,Canada,7581
2023-08-28,China,7577
2023-08-28,France,6959
2023-08-28,Greece,5944
2023-08-28,Nigeria,4738
2023-08-28,South Africa,4091
2023-08-28,Mexico,3758
2023-08-28,Germany,3640
2023-08-28,Italy,3564
2023-08-28,Syria,3189
2023-08-28,Eritrea,3036
2023-08-28,Iraq,2782
2023-08-28,South Korea,2751
2023-08-28,Sweden,2604
2023-08-28,Japan,2568
2023-08-28,Turkey,2368
2023-08-28,Serbia,2310
2023-09-04,United States,111056
2023-09-04,Russia,36942
2023-09-04,Ukraine,34931
2023-09-04,United Kingdom,17820
2023-09-04,Australia,13927
2023-09-04,Israel,12428
2023-09-04,India,8749
2023-09-04,China,8583
2023-09-04,Sudan,5981
2023-09-04,Canada,5958
2023-09-04,Pakistan,5380
2023-09-04,France,4546
2023-09-04,Mexico,4064
2023-09-04,Greece,3779
2023-09-04,Nigeria,3539
2023-09-04,Germany,3343
2023-09-04,Iran,3195
2023-09-04,Sweden,2815
2023-09-04,Turkey,2729
2023-09-04,Romania,2663
2023-09-04,Italy,2636
2023-09-04,Indonesia,2475
2023-09-04,Morocco,2301
2023-09-04,Japan,2211
2023-09-04,Syria,2196
2023-09-11,United States,122305
2023-09-11,Russia,30534
2023-09-11,Ukraine,30299
2023-09-11,United Kingdom,17578
2023-09-11,Australia,10406
2023-09-11,India,8746
2023-09-11,Canada,8396
2023-09-11,Pakistan,8350
2023-09-11,Iran,7537
2023-09-11,Israel,7380
2023-09-11,China,7022
2023-09-11,Libya,6743
2023-09-11,Mexico,5835
2023-09-11,Sudan,5209
2023-09-11,Brazil,4481
2023-09-11,France,4286
2023-09-11,Nigeria,4129
2023-09-11,Sweden,3593
2023-09-11,Germany,3474
2023-09-11,Italy,2787
2023-09-11,North Korea,2734
2023-09-11,Vietnam,2461
2023-09-11,Turkey,2403
2023-09-11,Egypt,2299
2023-09-11,Lebanon,2264
2023-09-18,United States,124350
2023-09-18,Russia,36303
2023-09-18,Ukraine,35342
2023-09-18,Canada,23352
2023-09-18,India,23313
2023-09-18,United Kingdom,19520
2023-09-18,Israel,18254
2023-09-18,Azerbaijan,13519
2023-09-18,Iran,12516
2023-09-18,Armenia,10846
2023-09-18,Australia,9667
2023-09-18,China,5917
2023-09-18,Mexico,4881
2023-09-18,Nigeria,4850
2023-09-18,Pakistan,4297
2023-09-18,France,4251
2023-09-18,Poland,3991
2023-09-18,Italy,3471
2023-09-18,Germany,3430
2023-09-18,Palestine,3400
2023-09-18,Serbia,2501
2023-09-18,Sweden,2454
2023-09-18,Turkey,2450
2023-09-18,Indonesia,2323
2023-09-18,Spain,2052
2023-09-25,United States,132873
2023-09-25,Ukraine,30039
2023-09-25,Russia,27074
2023-09-25,United Kingdom,21056
2023-09-25,India,12515
2023-09-25,Canada,10729
2023-09-25,Pakistan,9379
2023-09-25,Turkey,9287
2023-09-25,Australia,8407
2023-09-25,Israel,8154
2023-09-25,Azerbaijan,7957
2023-09-25,Serbia,7404
2023-09-25,China,6859
2023-09-25,Armenia,6409
2023-09-25,Ireland,5988
2023-09-25,Italy,5903
2023-09-25,France,5649
2023-09-25,Mexico,5563
2023-09-25,Kosovo,5355
2023-09-25,South Korea,4977
2023-09-25,North Korea,4556
2023-09-25,Nigeria,4239
2023-09-25,Germany,3927
2023-09-25,Sweden,3566
2023-09-25,Iraq,3040
2023-10-02,Israel,157747
2023-10-02,United States,120312
2023-10-02,Ukraine,30967
2023-10-02,Russia,29938
2023-10-02,United Kingdom,22180
2023-10-02,India,14961
2023-10-02,Australia,13034
2023-10-02,Turkey,12295
2023-10-02,Canada,9734
2023-10-02,Palestine,9429
2023-10-02,Syria,8595
2023-10-02,Egypt,7396
2023-10-02,Iran,7275
2023-10-02,Mexico,5839
2023-10-02,China,5349
2023-10-02,Pakistan,5080
2023-10-02,Nigeria,4955
2023-10-02,Azerbaijan,4683
2023-10-02,France,4441
2023-10-02,Germany,4004
2023-10-02,Italy,3625
2023-10-02,Armenia,3489
2023-10-02,Brazil,3456
2023-10-02,Lebanon,3329
2023-10-02,Afghanistan,3009
2023-10-09,Israel,522467
2023-10-09,United States,118980
2023-10-09,Palestine,29029
2023-10-09,Russia,22301
2023-10-09,United Kingdom,21572
2023-10-09,Lebanon,21425
2023-10-09,Ukraine,19908
2023-10-09,Egypt,14911
2023-10-09,Australia,12325
2023-10-09,France,11342
2023-10-09,Iran,10438
2023-10-09,Canada,10136
2023-10-09,India,9207
2023-10-09,China,9017
2023-10-09,Germany,6779
2023-10-09,Syria,4792
2023-10-09,Nigeria,4413
2023-10-09,Mexico,4409
2023-10-09,Afghanistan,4249
2023-10-09,Pakistan,3585
2023-10-09,Turkey,3280
2023-10-09,Italy,3110
2023-10-09,Ireland,3015
2023-10-09,Sweden,2680
2023-10-09,Spain,2547
2023-10-16,Israel,360144
2023-10-16,United States,132707
2023-10-16,Russia,26038
2023-10-16,Palestine,23251
2023-10-16,Ukraine,21534
2023-10-16,United Kingdom,20380
2023-10-16,Lebanon,19488
2023-10-16,Egypt,18913
2023-10-16,Australia,12724
2023-10-16,Iran,9498
2023-10-16,India,8644
2023-10-16,Canada,8167
2023-10-16,France,6297
2023-10-16,Jordan,6121
2023-10-16,China,5201
2023-10-16,Germany,5174
2023-10-16,Nigeria,4767
2023-10-16,Mexico,4408
2023-10-16,Sweden,3846
2023-10-16,Syria,3676
2023-10-16,Turkey,3286
2023-10-16,Italy,3069
2023-10-16,Belgium,2984
2023-10-16,Iraq,2980
2023-10-16,Pakistan,2846
2023-10-23,Israel,275013
2023-10-23,United States,148089
2023-10-23,Russia,21384
2023-10-23,Palestine,21042
2023-10-23,United Kingdom,18262
2023-10-23,Ukraine,18024
2023-10-23,Australia,14236
2023-10-23,Egypt,11907
2023-10-23,Iran,11205
2023-10-23,Lebanon,9687
2023-10-23,Canada,9054
2023-10-23,India,7813
2023-10-23,Syria,7637
2023-10-23,China,6449
2023-10-23,Iraq,5623
2023-10-23,France,4978
2023-10-23,Pakistan,4313
2023-10-23,Nigeria,4184
2023-10-23,Mexico,4136
2023-10-23,Bangladesh,3875
2023-10-23,Turkey,3660
2023-10-23,Germany,3425
2023-10-23,Brazil,2797
2023-10-23,Italy,2587
2023-10-23,Djibouti,2394
2023-10-30,Israel,287121
2023-10-30,United States,124895
2023-10-30,Palestine,24602
2023-10-30,Russia,23177
2023-10-30,United Kingdom,22863
2023-10-30,Ukraine,20175
2023-10-30,Australia,17661
2023-10-30,Egypt,10639
2023-10-30,Lebanon,10414
2023-10-30,Canada,8460
2023-10-30,India,8243
2023-10-30,China,7760
2023-10-30,Iran,7011
2023-10-30,Germany,6469
2023-10-30,Pakistan,6435
2023-10-30,France,5455
2023-10-30,Nigeria,4591
2023-10-30,Bangladesh,3744
2023-10-30,Turkey,3477
2023-10-30,Jordan,3367
2023-10-30,Mexico,2964
2023-10-30,Japan,2513
2023-10-30,Brazil,2472
2023-10-30,Philippines,2466
2023-10-30,Syria,2438
2023-11-06,Israel,238987
2023-11-06,United States,127120
2023-11-06,Ukraine,23619
2023-11-06,Russia,22328
2023-11-06,United Kingdom,19266
2023-11-06,Palestine,16933
2023-11-06,Canada,11671
2023-11-06,Australia,9466
2023-11-06,India,8559
2023-11-06,China,7109
2023-11-06,Egypt,7047
2023-11-06,Lebanon,6549
2023-11-06,Iran,6391
2023-11-06,France,5619
2023-11-06,Spain,5435
2023-11-06,Germany,4707
2023-11-06,Turkey,4436
2023-11-06,Pakistan,4268
2023-11-06,Nigeria,4107
2023-11-06,Syria,3703
2023-11-06,Italy,3646
2023-11-06,Ireland,3044
2023-11-06,South Africa,3028
2023-11-06,Iraq,2912
2023-11-06,Mexico,2850
2023-11-13,Israel,178070
2023-11-13,United States,126159
2023-11-13,Russia,21548
2023-11-13,Ukraine,20089
2023-11-13,United Kingdom,17850
2023-11-13,Palestine,14292
2023-11-13,Canada,10726
2023-11-13,Australia,9101
2023-11-13,India,7991
2023-11-13,China,7665
2023-11-13,Egypt,6072
2023-11-13,Syria,5053
2023-11-13,France,4415
2023-11-13,Pakistan,4273
2023-11-13,Nigeria,4191
2023-11-13,Mexico,3909
2023-11-13,Iran,3817
2023-11-13,Germany,3514
2023-11-13,Lebanon,3431
2023-11-13,Italy,3225
2023-11-13,Ireland,3083
2023-11-13,Turkey,3015
2023-11-13,Sweden,2983
2023-11-13,Spain,2849
2023-11-13,Iraq,2305
2023-11-20,Israel,191002
2023-11-20,United States,93454
2023-11-20,Ukraine,23680
2023-11-20,Russia,21910
2023-11-20,Australia,13162
2023-11-20,Palestine,12135
2023-11-20,United Kingdom,9574
2023-11-20,Canada,9407
2023-11-20,India,9355
2023-11-20,Ireland,8539
2023-11-20,South Africa,6684
2023-11-20,Egypt,6287
2023-11-20,China,4853
2023-11-20,Germany,4820
2023-11-20,Lebanon,4818
2023-11-20,Pakistan,4601
2023-11-20,Italy,4555
2023-11-20,Nigeria,3947
2023-11-20,Iran,3664
2023-11-20,Indonesia,3623
2023-11-20,Mexico,3616
2023-11-20,France,3528
2023-11-20,Spain,3043
2023-11-20,Iraq,2908
2023-11-20,Sweden,2055
2023-11-27,Israel,168482
2023-11-27,United States,129686
2023-11-27,Russia,25482
2023-11-27,Ukraine,19700
2023-11-27,United Kingdom,17716
2023-11-27,Palestine,14058
2023-11-27,Australia,13506
2023-11-27,India,9128
2023-11-27,France,8741
2023-11-27,Canada,6849
2023-11-27,Philippines,6487
2023-11-27,China,5566
2023-11-27,Greece,5369
2023-11-27,Pakistan,4662
2023-11-27,Germany,4510
2023-11-27,Mexico,4063
2023-11-27,Egypt,3674
2023-11-27,Nigeria,3539
2023-11-27,Iran,2998
2023-11-27,Lebanon,2996
2023-11-27,Italy,2764
2023-11-27,Japan,2652
2023-11-27,Sweden,2189
2023-11-27,Turkey,2173
2023-11-27,Ireland,2153
2023-12-04,Israel,143924
2023-12-04,United States,140645
2023-12-04,Russia,22726
2023-12-04,Ukraine,20035
2023-12-04,Palestine,14958
2023-12-04,United Kingdom,14490
2023-12-04,Australia,13253
2023-12-04,India,10442
2023-12-04,Canada,8364
2023-12-04,France,6356
2023-12-04,Iraq,6124
2023-12-04,Nigeria,6033
2023-12-04,Egypt,5640
2023-12-04,Lebanon,5626
2023-12-04,Iran,5332
2023-12-04,China,5014
2023-12-04,Mexico,3876
2023-12-04,Pakistan,3718
2023-12-04,Italy,3121
2023-12-04,Japan,3077
2023-12-04,Germany,3024
2023-12-04,Turkey,3017
2023-12-04,Brazil,2672
2023-12-04,Cuba,2419
2023-12-04,Sweden,2276
2023-12-11,Israel,131626
2023-12-11,United States,115144
2023-12-11,Russia,23813
2023-12-11,Ukraine,22639
2023-12-11,United Kingdom,18649
2023-12-11,Palestine,10836
2023-12-11,India,10705
2023-12-11,Pakistan,9942
2023-12-11,Australia,9497
2023-12-11,Canada,9380
2023-12-11,Iran,6404
2023-12-11,France,5706
2023-12-11,China,4306
2023-12-11,Djibouti,4089
2023-12-11,Germany,3988
2023-12-11,Yemen,3930
2023-12-11,Nigeria,3917
2023-12-11,Mexico,3791
2023-12-11,Iraq,3597
2023-12-11,Italy,3387
2023-12-11,Egypt,3303
2023-12-11,Spain,2976
2023-12-11,Lebanon,2796
2023-12-11,Denmark,2080
2023-12-11,Japan,1933
2023-12-18,United States,125435
2023-12-18,Israel,107671
2023-12-18,Russia,21503
2023-12-18,Czech Republic,20153
2023-12-18,Ukraine,16547
2023-12-18,United Kingdom,14662
2023-12-18,Australia,9940
2023-12-18,India,8848
2023-12-18,Palestine,8513
2023-12-18,China,6450
2023-12-18,Canada,5544
2023-12-18,France,5341
2023-12-18,Pakistan,5216
2023-12-18,Iran,5148
2023-12-18,Djibouti,4882
2023-12-18,Mexico,4797
2023-12-18,Venezuela,4332
2023-12-18,Nigeria,3849
2023-12-18,South Korea,3725
2023-12-18,Lebanon,3329
2023-12-18,Germany,3326
2023-12-18,Egypt,3122
2023-12-18,Turkey,2994
2023-12-18,Italy,2806
2023-12-18,Sweden,2800
2023-12-25,Israel,113001
2023-12-25,United States,83218
2023-12-25,Russia,43032
2023-12-25,Ukraine,41259
2023-12-25,Palestine,10666
2023-12-25,Iran,9022
2023-12-25,United Kingdom,8964
2023-12-25,India,7832
2023-12-25,Syria,6826
2023-12-25,Nigeria,6523
2023-12-25,Iraq,6491
2023-12-25,France,5426
2023-12-25,Lebanon,4467
2023-12-25,Pakistan,4233
2023-12-25,Australia,4203
2023-12-25,Canada,4113
2023-12-25,Poland,4090
2023-12-25,Mexico,3954
2023-12-25,Turkey,3868
2023-12-25,Djibouti,3850
2023-12-25,China,3756
2023-12-25,Germany,3532
2023-12-25,Egypt,2749
2023-12-25,Yemen,2584
2023-12-25,South Korea,2298
2024-01-01,United States,115055
2024-01-01,Israel,114284
2024-01-01,Ukraine,31203
2024-01-01,Russia,30446
2024-01-01,United Kingdom,17665
2024-01-01,Lebanon,16340
2024-01-01,Iran,13691
2024-01-01,Palestine,9348
2024-01-01,South Korea,8488
2024-01-01,India,8046
2024-01-01,Canada,6256
2024-01-01,Iraq,5999
2024-01-01,Australia,5791
2024-01-01,South Africa,5661
2024-01-01,Japan,5652
2024-01-01,Djibouti,5281
2024-01-01,Bangladesh,5166
2024-01-01,North Korea,4099
2024-01-01,Nigeria,3846
2024-01-01,Germany,3766
2024-01-01,Mexico,3758
2024-01-01,China,3566
2024-01-01,Pakistan,3316
2024-01-01,Ireland,3305
2024-01-01,France,2897
2024-01-08,United States,114596
2024-01-08,Israel,101572
2024-01-08,United Kingdom,27597
2024-01-08,Russia,21896
2024-01-08,Ukraine,20874
2024-01-08,Yemen,12170
2024-01-08,Ecuador,10697
2024-01-08,Iran,10432
2024-01-08,Australia,9433
2024-01-08,India,9140
2024-01-08,Palestine,7308
2024-01-08,Lebanon,6613
2024-01-08,Canada,6344
2024-01-08,Djibouti,6029
2024-01-08,Mexico,5450
2024-01-08,China,5176
2024-01-08,Poland,4379
2024-01-08,Nigeria,4081
2024-01-08,Pakistan,4064
2024-01-08,Syria,3612
2024-01-08,Turkey,3473
2024-01-08,France,3447
2024-01-08,Germany,3261
2024-01-08,South Africa,3191
2024-01-08,Italy,2990
2024-01-15,United States,121332
2024-01-15,Israel,92258
2024-01-15,Iran,29703
2024-01-15,Russia,26304
2024-01-15,Ukraine,20258
2024-01-15,United Kingdom,19354
2024-01-15,Pakistan,15248
2024-01-15,Palestine,7978
2024-01-15,India,7730
2024-01-15,Yemen,7264
2024-01-15,Australia,7205
2024-01-15,Iraq,6975
2024-01-15,Canada,6567
2024-01-15,Syria,6245
2024-01-15,China,6179
2024-01-15,Lebanon,6144
2024-01-15,Nigeria,5234
2024-01-15,Djibouti,4613
2024-01-15,Ecuador,4433
2024-01-15,Mexico,4254
2024-01-15,France,4227
2024-01-15,Germany,4018
2024-01-15,Italy,3066
2024-01-15,Ireland,3046
2024-01-15,Thailand,2687
2024-01-22,United States,131708
2024-01-22,Israel,86893
2024-01-22,Russia,27482
2024-01-22,Ukraine,27106
2024-01-22,United Kingdom,18116
2024-01-22,Australia,8266
2024-01-22,India,7857
2024-01-22,Canada,7762
2024-01-22,Palestine,7693
2024-01-22,Iran,7655
2024-01-22,Nigeria,5627
2024-01-22,France,5501
2024-01-22,Iraq,5435
2024-01-22,Yemen,4432
2024-01-22,Pakistan,3942
2024-01-22,Turkey,3819
2024-01-22,Mexico,3795
2024-01-22,Germany,3751
2024-01-22,China,3587
2024-01-22,South Africa,3204
2024-01-22,Italy,3199
2024-01-22,Egypt,3194
2024-01-22,Ireland,3066
2024-01-22,South Korea,2579
2024-01-22,Syria,2554
2024-01-29,United States,123947
2024-01-29,Israel,75736
2024-01-29,United Kingdom,23233
2024-01-29,Russia,21939
2024-01-29,Iran,20273
2024-01-29,Ukraine,17922
2024-01-29,Jordan,10877
2024-01-29,Iraq,9807
2024-01-29,Pakistan,9598
2024-01-29,Canada,9223
2024-01-29,Australia,8656
2024-01-29,India,8644
2024-01-29,Palestine,8310
2024-01-29,Syria,7872
2024-01-29,Nigeria,5480
2024-01-29,Yemen,5122
2024-01-29,France,5052
2024-01-29,Djibouti,4900
2024-01-29,China,4611
2024-01-29,Mexico,4460
2024-01-29,Turkey,4305
2024-01-29,Italy,3111
2024-01-29,Germany,2855
2024-01-29,Ireland,2536
2024-01-29,Sweden,2479
2024-02-05,United States,124924
2024-02-05,Israel,73350
2024-02-05,Ukraine,25423
2024-02-05,Russia,23682
2024-02-05,United Kingdom,17384
2024-02-05,India,9616
2024-02-05,Pakistan,7929
2024-02-05,Palestine,7847
2024-02-05,Egypt,7785
2024-02-05,Australia,7236
2024-02-05,Canada,6788
2024-02-05,Lebanon,5937
2024-02-05,Iran,5407
2024-02-05,China,5270
2024-02-05,Iraq,5267
2024-02-05,Nigeria,4239
2024-02-05,Mexico,4194
2024-02-05,France,4031
2024-02-05,Turkey,3933
2024-02-05,Syria,3528
2024-02-05,Italy,3409
2024-02-05,Germany,3344
2024-02-05,Spain,2692
2024-02-05,Jordan,2673
2024-02-05,Sweden,2529
2024-02-12,United States,126571
2024-02-12,Israel,95658
2024-02-12,Russia,44600
2024-02-12,Ukraine,26690
2024-02-12,United Kingdom,16020
2024-02-12,India,12343
2024-02-12,Egypt,10180
2024-02-12,Australia,8289
2024-02-12,Palestine,8251
2024-02-12,Canada,7816
2024-02-12,Lebanon,7658
2024-02-12,Germany,5716
2024-02-12,Nigeria,4059
2024-02-12,Pakistan,3913
2024-02-12,Mexico,3830
2024-02-12,France,3500
2024-02-12,Italy,3275
2024-02-12,Spain,3220
2024-02-12,Iran,2759
2024-02-12,China,2662
2024-02-12,Brazil,2301
2024-02-12,Sweden,2025
2024-02-12,South Africa,2014
2024-02-12,Qatar,1940
2024-02-12,Venezuela,1816
2024-02-19,United States,129359
2024-02-19,Israel,71729
2024-02-19,Russia,62178
2024-02-19,Ukraine,35450
2024-02-19,United Kingdom,21113
2024-02-19,Australia,13700
2024-02-19,India,9735
2024-02-19,Canada,8690
2024-02-19,Egypt,6501
2024-02-19,Palestine,6342
2024-02-19,Yemen,5119
2024-02-19,Nigeria,4629
2024-02-19,Spain,4598
2024-02-19,Germany,4565
2024-02-19,France,4256
2024-02-19,China,3948
2024-02-19,Mexico,3827
2024-02-19,Djibouti,3614
2024-02-19,Haiti,3598
2024-02-19,Iran,3502
2024-02-19,Brazil,3393
2024-02-19,Sweden,3192
2024-02-19,Italy,3067
2024-02-19,Jordan,2883
2024-02-19,Lebanon,2679
2024-02-26,United States,134285
2024-02-26,Israel,79509
2024-02-26,Russia,33962
2024-02-26,Ukraine,26416
2024-02-26,Australia,21522
2024-02-26,United Kingdom,19059
2024-02-26,India,8928
2024-02-26,Canada,7763
2024-02-26,Germany,5983
2024-02-26,Palestine,5164
2024-02-26,France,5107
2024-02-26,Lebanon,4670
2024-02-26,Mexico,4233
2024-02-26,China,3907
2024-02-26,Egypt,3597
2024-02-26,Pakistan,3532
2024-02-26,Nigeria,3402
2024-02-26,Iran,3256
2024-02-26,Italy,3186
2024-02-26,Spain,3070
2024-02-26,Sweden,2909
2024-02-26,Brazil,2614
2024-02-26,Venezuela,2461
2024-02-26,South Africa,2281
2024-02-26,Ireland,2265
2024-03-04,United States,130306
2024-03-04,Israel,62025
2024-03-04,Russia,30723
2024-03-04,Ukraine,22255
2024-03-04,United Kingdom,14661
2024-03-04,India,10144
2024-03-04,Canada,9665
2024-03-04,Nigeria,8775
2024-03-04,Australia,8142
2024-03-04,Haiti,7954
2024-03-04,China,6210
2024-03-04,Mexico,5264
2024-03-04,Germany,4734
2024-03-04,Palestine,4495
2024-03-04,France,4233
2024-03-04,Venezuela,4116
2024-03-04,Lebanon,3654
2024-03-04,Iran,3559
2024-03-04,Pakistan,3241
2024-03-04,Spain,3238
2024-03-04,Italy,3168
2024-03-04,Sweden,2673
2024-03-04,Egypt,2672
2024-03-04,Honduras,2345
2024-03-04,Yemen,2302
2024-03-11,United States,129348
2024-03-11,Israel,59831
2024-03-11,Russia,44230
2024-03-11,Ukraine,31940
2024-03-11,United Kingdom,16477
2024-03-11,China,8102
2024-03-11,Haiti,7974
2024-03-11,India,7907
2024-03-11,Australia,7406
2024-03-11,Canada,6717
2024-03-11,Nigeria,6268
2024-03-11,Mexico,5178
2024-03-11,Ireland,4849
2024-03-11,Germany,4019
2024-03-11,Palestine,3991
2024-03-11,Romania,3679
2024-03-11,France,3503
2024-03-11,Pakistan,3432
2024-03-11,Lebanon,2955
2024-03-11,Italy,2949
2024-03-11,Egypt,2666
2024-03-11,Spain,2609
2024-03-11,Sweden,2325
2024-03-11,Iran,2137
2024-03-11,South Korea,2132
2024-03-18,United States,153247
2024-03-18,Israel,70447
2024-03-18,Russia,70430
2024-03-18,Ukraine,31570
2024-03-18,United Kingdom,15025
2024-03-18,India,12789
2024-03-18,Australia,9786
2024-03-18,Nigeria,9528
2024-03-18,China,7859
2024-03-18,Canada,7624
2024-03-18,Mexico,7217
2024-03-18,Pakistan,5835
2024-03-18,Palestine,5676
2024-03-18,France,5465
2024-03-18,Afghanistan,5363
2024-03-18,Egypt,4647
2024-03-18,Haiti,4317
2024-03-18,Brazil,3696
2024-03-18,Ireland,3407
2024-03-18,Italy,2936
2024-03-18,Germany,2762
2024-03-18,Venezuela,2380
2024-03-18,Spain,2321
2024-03-18,Sweden,2285
2024-03-18,Poland,2192
2024-03-25,United States,104955
2024-03-25,Israel,66802
2024-03-25,Russia,43135
2024-03-25,Ukraine,25125
2024-03-25,United Kingdom,18028
2024-03-25,Australia,9405
2024-03-25,India,8340
2024-03-25,China,7548
2024-03-25,Nigeria,6294
2024-03-25,Canada,5626
2024-03-25,Pakistan,5503
2024-03-25,Lebanon,5281
2024-03-25,Mexico,4312
2024-03-25,Palestine,4102
2024-03-25,France,3724
2024-03-25,Syria,2761
2024-03-25,Italy,2664
2024-03-25,Germany,2654
2024-03-25,Japan,2371
2024-03-25,Afghanistan,2206
2024-03-25,Egypt,2144
2024-03-25,Brazil,2114
2024-03-25,Turkey,2037
2024-03-25,Ireland,2032
2024-03-25,Sweden,1914
2024-04-01,Israel,107214
2024-04-01,United States,105987
2024-04-01,Russia,29278
2024-04-01,Ukraine,23537
2024-04-01,Australia,15844
2024-04-01,United Kingdom,15090
2024-04-01,Iran,14747
2024-04-01,Mexico,12000
2024-04-01,India,8758
2024-04-01,Syria,8646
2024-04-01,Finland,8151
2024-04-01,Canada,7424
2024-04-01,Ecuador,7288
2024-04-01,Palestine,4818
2024-04-01,Nigeria,4785
2024-04-01,Pakistan,4599
2024-04-01,China,4562
2024-04-01,Turkey,3143
2024-04-01,France,3078
2024-04-01,South Africa,2730
2024-04-01,Lebanon,2724
2024-04-01,Egypt,2720
2024-04-01,Sweden,2655
2024-04-01,Germany,2516
2024-04-01,Italy,2442
2024-04-08,United States,131923
2024-04-08,Israel,105639
2024-04-08,Iran,44979
2024-04-08,Russia,24820
2024-04-08,Ukraine,21019
2024-04-08,Australia,20942
2024-04-08,United Kingdom,15170
2024-04-08,India,8407
2024-04-08,Mexico,7988
2024-04-08,Canada,7673
2024-04-08,Palestine,6726
2024-04-08,Syria,6143
2024-04-08,China,5220
2024-04-08,Nigeria,5173
2024-04-08,Germany,5080
2024-04-08,Pakistan,4750
2024-04-08,Lebanon,4727
2024-04-08,France,4708
2024-04-08,Italy,4466
2024-04-08,Ecuador,3300
2024-04-08,Sweden,3047
2024-04-08,Brazil,2782
2024-04-08,Iraq,2677
2024-04-08,Spain,2492
2024-04-08,Japan,2331
2024-04-15,United States,120445
2024-04-15,Israel,99787
2024-04-15,Iran,53859
2024-04-15,Russia,28192
2024-04-15,Ukraine,26143
2024-04-15,Australia,21414
2024-04-15,United Kingdom,20020
2024-04-15,India,10100
2024-04-15,Palestine,7191
2024-04-15,Canada,6705
2024-04-15,China,6209
2024-04-15,Mexico,5615
2024-04-15,Nigeria,4891
2024-04-15,Pakistan,4751
2024-04-15,Syria,3840
2024-04-15,France,3816
2024-04-15,Spain,3426
2024-04-15,Lebanon,3307
2024-04-15,Germany,3121
2024-04-15,Japan,3001
2024-04-15,Italy,2998
2024-04-15,Ecuador,2906
2024-04-15,Indonesia,2703
2024-04-15,Iraq,2610
2024-04-15,Egypt,2420
2024-04-22,United States,176433
2024-04-22,Israel,89098
2024-04-22,Russia,27309
2024-04-22,Ukraine,24814
2024-04-22,United Kingdom,19256
2024-04-22,Australia,13563
2024-04-22,India,9855
2024-04-22,China,8316
2024-04-22,Canada,7909
2024-04-22,Iran,6428
2024-04-22,Palestine,6101
2024-04-22,Germany,5354
2024-04-22,Mexico,5044
2024-04-22,Italy,4082
2024-04-22,Nigeria,3983
2024-04-22,Turkey,3803
2024-04-22,Egypt,3541
2024-04-22,Pakistan,3390
2024-04-22,Lebanon,3389
2024-04-22,France,3180
2024-04-22,Iraq,2864
2024-04-22,Spain,2853
2024-04-22,Ireland,2526
2024-04-22,Greece,2357
2024-04-22,Sweden,2158
2024-04-29,United States,158470
2024-04-29,Israel,94481
2024-04-29,Russia,25838
2024-04-29,Ukraine,19744
2024-04-29,United Kingdom,17236
2024-04-29,Australia,14898
2024-04-29,India,10367
2024-04-29,Canada,9991
2024-04-29,France,8862
2024-04-29,Mexico,7558
2024-04-29,Egypt,4739
2024-04-29,Nigeria,4729
2024-04-29,Germany,4426
2024-04-29,China,4167
2024-04-29,Palestine,3827
2024-04-29,Serbia,3373
2024-04-29,Spain,3296
2024-04-29,Iran,3275
2024-04-29,Turkey,2956
2024-04-29,Pakistan,2882
2024-04-29,Ireland,2734
2024-04-29,Colombia,2557
2024-04-29,Italy,2356
2024-04-29,Brazil,2032
2024-04-29,Lebanon,1957
2024-05-06,Israel,121665
2024-05-06,United States,106816
2024-05-06,Russia,34238
2024-05-06,Ukraine,26847
2024-05-06,Egypt,17317
2024-05-06,United Kingdom,15487
2024-05-06,Australia,12696
2024-05-06,Canada,10671
2024-05-06,India,10555
2024-05-06,Palestine,10058
2024-05-06,China,6836
2024-05-06,Germany,5704
2024-05-06,Mexico,5456
2024-05-06,Nigeria,4758
2024-05-06,Pakistan,4587
2024-05-06,France,4177
2024-05-06,Sudan,3304
2024-05-06,Italy,2986
2024-05-06,Spain,2763
2024-05-06,Iran,2567
2024-05-06,Sweden,2415
2024-05-06,Ireland,2157
2024-05-06,Lebanon,2079
2024-05-06,Romania,1920
2024-05-06,Turkey,1910
2024-05-13,United States,112587
2024-05-13,Israel,87723
2024-05-13,Russia,40058
2024-05-13,Ukraine,36549
2024-05-13,France,15787
2024-05-13,Slovakia,14991
2024-05-13,Australia,13694
2024-05-13,United Kingdom,13524
2024-05-13,India,11715
2024-05-13,Palestine,8688
2024-05-13,Canada,8077
2024-05-13,China,6963
2024-05-13,Egypt,5070
2024-05-13,Spain,4410
2024-05-13,Nigeria,4043
2024-05-13,Mexico,4031
2024-05-13,Germany,4010
2024-05-13,Ireland,3977
2024-05-13,Afghanistan,3398
2024-05-13,Pakistan,3325
2024-05-13,Iran,3317
2024-05-13,Italy,3213
2024-05-13,Turkey,2853
2024-05-13,Lebanon,2551
2024-05-13,Indonesia,2343
2024-05-20,Israel,103500
2024-05-20,United States,99662
2024-05-20,Russia,30087
2024-05-20,Ukraine,24348
2024-05-20,United Kingdom,16557
2024-05-20,Australia,13367
2024-05-20,India,12121
2024-05-20,Iran,11990
2024-05-20,Canada,10531
2024-05-20,Palestine,7183
2024-05-20,China,6666
2024-05-20,France,5385
2024-05-20,Spain,5327
2024-05-20,Mexico,5001
2024-05-20,Egypt,4837
2024-05-20,Nigeria,4650
2024-05-20,Haiti,4064
2024-05-20,Germany,3720
2024-05-20,Italy,3032
2024-05-20,Pakistan,2850
2024-05-20,South Africa,2679
2024-05-20,Netherlands,2533
2024-05-20,Taiwan,2392
2024-05-20,Sweden,2348
2024-05-20,Ireland,2100
2024-05-27,United States,163687
2024-05-27,Israel,95852
2024-05-27,Russia,25085
2024-05-27,Ukraine,21849
2024-05-27,United Kingdom,13498
2024-05-27,Australia,12920
2024-05-27,Canada,11272
2024-05-27,Egypt,11250
2024-05-27,India,10042
2024-05-27,Palestine,9145
2024-05-27,Mexico,7633
2024-05-27,China,6927
2024-05-27,Germany,4725
2024-05-27,France,4408
2024-05-27,Nigeria,4140
2024-05-27,Spain,3791
2024-05-27,Iran,3777
2024-05-27,Pakistan,3075
2024-05-27,Chad,3026
2024-05-27,Italy,3008
2024-05-27,Ireland,2365
2024-05-27,South Korea,2364
2024-05-27,Yemen,2360
2024-05-27,South Africa,2341
2024-05-27,Turkey,2245
2024-06-03,United States,119412
2024-06-03,Israel,83709
2024-06-03,Russia,22014
2024-06-03,Ukraine,19669
2024-06-03,United Kingdom,16650
2024-06-03,France,11256
2024-06-03,Lebanon,10406
2024-06-03,Australia,9564
2024-06-03,Germany,8361
2024-06-03,Palestine,7964
2024-06-03,Canada,7948
2024-06-03,Italy,7682
2024-06-03,India,7443
2024-06-03,Mexico,5406
2024-06-03,China,5281
2024-06-03,Egypt,4230
2024-06-03,Nigeria,3462
2024-06-03,Iran,3128
2024-06-03,Spain,3017
2024-06-03,Pakistan,2759
2024-06-03,Denmark,2564
2024-06-03,Sweden,2502
2024-06-03,Sudan,2068
2024-06-03,Ireland,2046
2024-06-03,South Korea,1764
2024-06-10,United States,136201
2024-06-10,Israel,63226
2024-06-10,Russia,26412
2024-06-10,Ukraine,20350
2024-06-10,United Kingdom,13450
2024-06-10,Australia,10922
2024-06-10,India,10434
2024-06-10,Canada,6405
2024-06-10,China,5880
2024-06-10,Palestine,4476
2024-06-10,Nigeria,4463
2024-06-10,Pakistan,4375
2024-06-10,Italy,4323
2024-06-10,France,4284
2024-06-10,Mexico,4177
2024-06-10,Lebanon,3900
2024-06-10,Iran,3793
2024-06-10,Germany,3540
2024-06-10,Sweden,3274
2024-06-10,Ireland,2662
2024-06-10,Spain,2340
2024-06-10,Brazil,2302
2024-06-10,Greece,2268
2024-06-10,Sudan,2178
2024-06-10,Yemen,1972
2024-06-17,United States,126137
2024-06-17,Israel,48721
2024-06-17,Russia,31747
2024-06-17,Ukraine,21034
2024-06-17,United Kingdom,12974
2024-06-17,Australia,9320
2024-06-17,India,8765
2024-06-17,Canada,8417
2024-06-17,China,6493
2024-06-17,South Korea,4654
2024-06-17,France,4435
2024-06-17,Mexico,4412
2024-06-17,Lebanon,4215
2024-06-17,Palestine,3905
2024-06-17,Nigeria,3770
2024-06-17,Iran,3596
2024-06-17,Spain,3313
2024-06-17,Greece,3268
2024-06-17,Germany,2873
2024-06-17,North Korea,2844
2024-06-17,Pakistan,2546
2024-06-17,Italy,2488
2024-06-17,Philippines,2434
2024-06-17,Ireland,2169
2024-06-17,Sweden,2091
2024-06-24,United States,127753
2024-06-24,Israel,50500
2024-06-24,Russia,34296
2024-06-24,United Kingdom,23514
2024-06-24,Australia,17582
2024-06-24,Ukraine,16478
2024-06-24,Canada,7862
2024-06-24,Bolivia,7739
2024-06-24,India,7445
2024-06-24,Kenya,6765
2024-06-24,Iraq,5704
2024-06-24,Sweden,5022
2024-06-24,Nigeria,4619
2024-06-24,China,4364
2024-06-24,France,4217
2024-06-24,Iran,3649
2024-06-24,Mexico,3303
2024-06-24,Lebanon,3255
2024-06-24,Palestine,3182
2024-06-24,Pakistan,3178
2024-06-24,Germany,2883
2024-06-24,Spain,2855
2024-06-24,Ireland,2613
2024-06-24,South Korea,2522
2024-06-24,Italy,2491
2024-07-01,United States,100288
2024-07-01,Israel,59223
2024-07-01,Russia,20030
2024-07-01,Ukraine,17053
2024-07-01,United Kingdom,16132
2024-07-01,Australia,11901
2024-07-01,India,8673
2024-07-01,France,5822
2024-07-01,Canada,5811
2024-07-01,China,5024
2024-07-01,Palestine,4728
2024-07-01,Lebanon,4608
2024-07-01,Iran,4436
2024-07-01,Nigeria,4415
2024-07-01,Mexico,3660
2024-07-01,Pakistan,3530
2024-07-01,Greece,2916
2024-07-01,Spain,2884
2024-07-01,Italy,2850
2024-07-01,Brazil,2584
2024-07-01,Germany,2400
2024-07-01,Turkey,2259
2024-07-01,Ireland,2183
2024-07-01,South Korea,2095
2024-07-01,Sweden,2016
2024-07-08,United States,163987
2024-07-08,Israel,53757
2024-07-08,Russia,33032
2024-07-08,Ukraine,25695
2024-07-08,Australia,16434
2024-07-08,United Kingdom,16286
2024-07-08,India,9293
2024-07-08,Canada,8392
2024-07-08,Pakistan,4747
2024-07-08,China,4552
2024-07-08,France,4505
2024-07-08,Nigeria,4313
2024-07-08,Palestine,3394
2024-07-08,Germany,3231
2024-07-08,Mexico,3149
2024-07-08,Italy,3138
2024-07-08,Ireland,3122
2024-07-08,Spain,2997
2024-07-08,Indonesia,2896
2024-07-08,Turkey,2224
2024-07-08,South Africa,2184
2024-07-08,Iran,2141
2024-07-08,Brazil,1886
2024-07-08,Tunisia,1847
2024-07-08,Syria,1737
2024-07-15,United States,169268
2024-07-15,Israel,57929
2024-07-15,Russia,26672
2024-07-15,Ukraine,18932
2024-07-15,Bangladesh,12755
2024-07-15,Australia,11911
2024-07-15,United Kingdom,11417
2024-07-15,India,8416
2024-07-15,Pakistan,6667
2024-07-15,Iran,5139
2024-07-15,Canada,5125
2024-07-15,Germany,5108
2024-07-15,Palestine,4535
2024-07-15,Lebanon,4163
2024-07-15,China,4138
2024-07-15,France,3579
2024-07-15,Ireland,3158
2024-07-15,Italy,3140
2024-07-15,Nigeria,3065
2024-07-15,Yemen,2952
2024-07-15,Mexico,2924
2024-07-15,Spain,2760
2024-07-15,Turkey,2717
2024-07-15,Netherlands,2058
2024-07-15,Sweden,2016
2024-07-22,United States,140136
2024-07-22,Israel,59684
2024-07-22,Russia,20628
2024-07-22,United Kingdom,16401
2024-07-22,Ukraine,15664
2024-07-22,Australia,11982
2024-07-22,Mexico,11287
2024-07-22,Canada,8588
2024-07-22,India,6365
2024-07-22,China,5542
2024-07-22,France,5011
2024-07-22,Pakistan,4570
2024-07-22,Palestine,3930
2024-07-22,Iran,3404
2024-07-22,Bangladesh,3281
2024-07-22,Germany,3256
2024-07-22,Nigeria,2980
2024-07-22,Ireland,2320
2024-07-22,Turkey,2240
2024-07-22,Italy,2209
2024-07-22,Spain,2192
2024-07-22,Egypt,1967
2024-07-22,Lebanon,1817
2024-07-22,Venezuela,1775
2024-07-22,South Africa,1594
2024-07-29,United States,122210
2024-07-29,Israel,87129
2024-07-29,United Kingdom,42798
2024-07-29,Russia,41874
2024-07-29,Iran,31832
2024-07-29,Ukraine,15167
2024-07-29,Venezuela,11320
2024-07-29,Australia,11182
2024-07-29,Germany,11111
2024-07-29,Bangladesh,11043
2024-07-29,Lebanon,10919
2024-07-29,Canada,7861
2024-07-29,India,6302
2024-07-29,Nigeria,6299
2024-07-29,Mexico,5673
2024-07-29,China,4487
2024-07-29,France,4475
2024-07-29,Ireland,4344
2024-07-29,Pakistan,4233
2024-07-29,Turkey,4192
2024-07-29,Palestine,3378
2024-07-29,Italy,2650
2024-07-29,Poland,2283
2024-07-29,Spain,2201
2024-07-29,Greece,2165
2024-08-05,United States,120668
2024-08-05,Israel,66930
2024-08-05,Russia,34504
2024-08-05,United Kingdom,33706
2024-08-05,Ukraine,30650
2024-08-05,Bangladesh,20318
2024-08-05,Iran,17889
2024-08-05,Australia,11660
2024-08-05,India,8497
2024-08-05,Lebanon,6915
2024-08-05,Palestine,5777
2024-08-05,Canada,5059
2024-08-05,Pakistan,5002
2024-08-05,Nigeria,4673
2024-08-05,Iraq,3990
2024-08-05,Mexico,3963
2024-08-05,Austria,3731
2024-08-05,China,3696
2024-08-05,France,3434
2024-08-05,Spain,3241
2024-08-05,Venezuela,3198
2024-08-05,Germany,3142
2024-08-05,Italy,2462
2024-08-05,Brazil,2409
2024-08-05,Sweden,2281
2024-08-12,United States,109092
2024-08-12,Israel,69506
2024-08-12,Russia,45289
2024-08-12,Ukraine,43036
2024-08-12,India,25617
2024-08-12,United Kingdom,18337
2024-08-12,Australia,12019
2024-08-12,Iran,11261
2024-08-12,Bangladesh,6493
2024-08-12,Canada,6253
2024-08-12,Palestine,5588
2024-08-12,Lebanon,4930
2024-08-12,Germany,4573
2024-08-12,Mexico,4158
2024-08-12,Nigeria,4124
2024-08-12,China,3784
2024-08-12,Peru,3588
2024-08-12,Pakistan,3470
2024-08-12,France,3012
2024-08-12,Turkey,2918
2024-08-12,Greece,2826
2024-08-12,Ireland,2592
2024-08-12,Thailand,2575
2024-08-12,Venezuela,2313
2024-08-12,Japan,2073
2024-08-19,United States,109571
2024-08-19,Israel,68325
2024-08-19,Russia,43284
2024-08-19,Ukraine,39267
2024-08-19,India,19265
2024-08-19,United Kingdom,14548
2024-08-19,Lebanon,9067
2024-08-19,Australia,8852
2024-08-19,Germany,8814
2024-08-19,Canada,7151
2024-08-19,Iran,5648
2024-08-19,France,5560
2024-08-19,Pakistan,5012
2024-08-19,Nigeria,4461
2024-08-19,Bangladesh,4052
2024-08-19,Palestine,4011
2024-08-19,China,4006
2024-08-19,Mexico,3795
2024-08-19,Italy,3122
2024-08-19,Romania,3122
2024-08-19,Ireland,2761
2024-08-19,Egypt,2684
2024-08-19,Brazil,2131
2024-08-19,Spain,1844
2024-08-19,Turkey,1711
2024-08-26,United States,116080
2024-08-26,Israel,78803
2024-08-26,Russia,39463
2024-08-26,Ukraine,34112
2024-08-26,Palestine,15067
2024-08-26,Pakistan,14963
2024-08-26,United Kingdom,14757
2024-08-26,India,13524
2024-08-26,Australia,11401
2024-08-26,Germany,8463
2024-08-26,France,8081
2024-08-26,Canada,6429
2024-08-26,China,5708
2024-08-26,Iran,5075
2024-08-26,Nigeria,4785
2024-08-26,Brazil,4067
2024-08-26,Spain,3978
2024-08-26,Lebanon,3955
2024-08-26,Afghanistan,3955
2024-08-26,Bangladesh,3600
2024-08-26,Mexico,3410
2024-08-26,Italy,2716
2024-08-26,Egypt,2694
2024-08-26,Syria,2315
2024-08-26,Ireland,2137
2024-09-02,United States,121812
2024-09-02,Israel,65787
2024-09-02,Russia,31306
2024-09-02,Ukraine,26202
2024-09-02,United Kingdom,16013
2024-09-02,India,11443
2024-09-02,Palestine,10966
2024-09-02,Australia,10305
2024-09-02,Canada,6512
2024-09-02,Germany,6217
2024-09-02,China,6131
2024-09-02,France,5330
2024-09-02,Brazil,4693
2024-09-02,Turkey,4673
2024-09-02,Nigeria,4635
2024-09-02,Venezuela,4532
2024-09-02,Pakistan,3847
2024-09-02,Mexico,3393
2024-09-02,Iran,3037
2024-09-02,Italy,2586
2024-09-02,Romania,2526
2024-09-02,Spain,2461
2024-09-02,Bangladesh,2440
2024-09-02,Kenya,2420
2024-09-02,Afghanistan,2131
2024-09-09,United States,127021
2024-09-09,Israel,53054
2024-09-09,Russia,30991
2024-09-09,Ukraine,23169
2024-09-09,United Kingdom,16621
2024-09-09,Australia,11831
2024-09-09,India,11595
2024-09-09,Canada,9834
2024-09-09,Palestine,7060
2024-09-09,Iran,5479
2024-09-09,Turkey,5268
2024-09-09,Pakistan,4969
2024-09-09,Nigeria,4953
2024-09-09,China,4657
2024-09-09,Mexico,4647
2024-09-09,France,4641
2024-09-09,Germany,4572
2024-09-09,Venezuela,3721
2024-09-09,Italy,3703
2024-09-09,Spain,3313
2024-09-09,Afghanistan,3010
2024-09-09,Haiti,2728
2024-09-09,Syria,2695
2024-09-09,Lebanon,2547
2024-09-09,Brazil,2509
2024-09-16,United States,113641
2024-09-16,Israel,90489
2024-09-16,Lebanon,30534
2024-09-16,Russia,22638
2024-09-16,Ukraine,17111
2024-09-16,United Kingdom,13824
2024-09-16,Australia,9815
2024-09-16,India,9443
2024-09-16,Iran,7455
2024-09-16,Canada,7025
2024-09-16,France,6176
2024-09-16,Brazil,5715
2024-09-16,China,5536
2024-09-16,Mexico,4907
2024-09-16,Palestine,4751
2024-09-16,Italy,4248
2024-09-16,Nigeria,3478
2024-09-16,Pakistan,3382
2024-09-16,Spain,3213
2024-09-16,Turkey,2683
2024-09-16,Venezuela,2622
2024-09-16,Indonesia,2471
2024-09-16,Germany,2402
2024-09-16,Bangladesh,2359
2024-09-16,Greece,2285
2024-09-23,Israel,130927
2024-09-23,United States,123437
2024-09-23,Lebanon,62695
2024-09-23,Russia,20506
2024-09-23,Ukraine,18033
2024-09-23,United Kingdom,15495
2024-09-23,Iran,11006
2024-09-23,India,8693
2024-09-23,Australia,6082
2024-09-23,China,6007
2024-09-23,Mexico,5561
2024-09-23,Canada,4905
2024-09-23,Pakistan,4188
2024-09-23,Turkey,4111
2024-09-23,France,3959
2024-09-23,Syria,3687
2024-09-23,Nigeria,3231
2024-09-23,Germany,2880
2024-09-23,Spain,2727
2024-09-23,Japan,2608
2024-09-23,Italy,2435
2024-09-23,Venezuela,2411
2024-09-23,Bangladesh,2262
2024-09-23,Palestine,2199
2024-09-23,Sudan,1997
2024-09-30,Israel,211256
2024-09-30,United States,100181
2024-09-30,Lebanon,68669
2024-09-30,Iran,64264
2024-09-30,United Kingdom,19815
2024-09-30,Russia,18453
2024-09-30,Ukraine,16227
2024-09-30,Australia,15651
2024-09-30,India,10223
2024-09-30,Canada,6259
2024-09-30,Palestine,5623
2024-09-30,Mexico,4852
2024-09-30,Japan,4726
2024-09-30,Syria,4566
2024-09-30,France,4311
2024-09-30,Pakistan,4245
2024-09-30,China,3759
2024-09-30,Nigeria,3304
2024-09-30,Germany,2835
2024-09-30,Spain,2819
2024-09-30,Yemen,2814
2024-09-30,Italy,2576
2024-09-30,Sweden,2498
2024-09-30,Greece,2320
2024-09-30,Iraq,2225
2024-10-07,Israel,134023
2024-10-07,United States,89659
2024-10-07,Lebanon,34914
2024-10-07,Russia,21212
2024-10-07,Iran,17533
2024-10-07,Ukraine,17168
2024-10-07,United Kingdom,13999
2024-10-07,Australia,11043
2024-10-07,India,10759
2024-10-07,Pakistan,7904
2024-10-07,Germany,7411
2024-10-07,Canada,6343
2024-10-07,China,5839
2024-10-07,Palestine,5465
2024-10-07,Mexico,4678
2024-10-07,France,3922
2024-10-07,Nigeria,3841
2024-10-07,Italy,3142
2024-10-07,Turkey,3102
2024-10-07,Ireland,2903
2024-10-07,Spain,2665
2024-10-07,Sweden,2389
2024-10-07,Brazil,2143
2024-10-07,South Korea,2101
2024-10-07,Japan,1989
2024-10-14,Israel,125160
2024-10-14,United States,104427
2024-10-14,Lebanon,21068
2024-10-14,India,18725
2024-10-14,Russia,18470
2024-10-14,Canada,15449
2024-10-14,Ukraine,15049
2024-10-14,Iran,13897
2024-10-14,United Kingdom,12542
2024-10-14,Australia,8370
2024-10-14,Mexico,6688
2024-10-14,Germany,6417
2024-10-14,China,5601
2024-10-14,Palestine,4960
2024-10-14,Pakistan,4647
2024-10-14,Japan,3690
2024-10-14,Italy,3624
2024-10-14,Greece,3259
2024-10-14,France,3160
2024-10-14,Nigeria,2934
2024-10-14,South Korea,2496
2024-10-14,North Korea,2479
2024-10-14,Spain,2302
2024-10-14,Sweden,2089
2024-10-14,Turkey,2002
2024-10-21,United States,108321
2024-10-21,Israel,97689
2024-10-21,Iran,28391
2024-10-21,Russia,22647
2024-10-21,Lebanon,20321
2024-10-21,Ukraine,16975
2024-10-21,United Kingdom,16120
2024-10-21,India,10500
2024-10-21,Turkey,10451
2024-10-21,Australia,8428
2024-10-21,Canada,7121
2024-10-21,North Korea,7024
2024-10-21,Mexico,5884
2024-10-21,China,4464
2024-10-21,Pakistan,4145
2024-10-21,Italy,3831
2024-10-21,Palestine,3741
2024-10-21,France,3672
2024-10-21,Syria,3516
2024-10-21,Nigeria,2970
2024-10-21,Sudan,2645
2024-10-21,Germany,2644
2024-10-21,Ireland,2321
2024-10-21,Brazil,2309
2024-10-21,Spain,2242
2024-10-28,United States,103395
2024-10-28,Israel,77826
2024-10-28,Russia,23589
2024-10-28,Ukraine,18224
2024-10-28,Lebanon,17569
2024-10-28,United Kingdom,15590
2024-10-28,Iran,14813
2024-10-28,Canada,11140
2024-10-28,India,9323
2024-10-28,Australia,9184
2024-10-28,North Korea,7679
2024-10-28,Palestine,7601
2024-10-28,Spain,4879
2024-10-28,France,4150
2024-10-28,Venezuela,3943
2024-10-28,China,3801
2024-10-28,Nigeria,3786
2024-10-28,Mexico,3611
2024-10-28,South Korea,3469
2024-10-28,Pakistan,3364
2024-10-28,Germany,3203
2024-10-28,Bolivia,2739
2024-10-28,Italy,2543
2024-10-28,Brazil,2485
2024-10-28,Bangladesh,2098
2024-11-04,United States,113186
2024-11-04,Israel,47578
2024-11-04,Russia,18861
2024-11-04,Ukraine,17176
2024-11-04,United Kingdom,12759
2024-11-04,Iran,11340
2024-11-04,Australia,9494
2024-11-04,India,8454
2024-11-04,Canada,8112
2024-11-04,Lebanon,6662
2024-11-04,Pakistan,5161
2024-11-04,China,5026
2024-11-04,Germany,4845
2024-11-04,France,4523
2024-11-04,Mexico,3823
2024-11-04,Palestine,3740
2024-11-04,North Korea,3635
2024-11-04,Nigeria,3293
2024-11-04,Spain,3210
2024-11-04,Indonesia,2612
2024-11-04,Italy,2513
2024-11-04,Brazil,2469
2024-11-04,Venezuela,2423
2024-11-04,Ireland,2364
2024-11-04,Syria,1912
2024-11-11,United States,95346
2024-11-11,Israel,57879
2024-11-11,Russia,26207
2024-11-11,Ukraine,23619
2024-11-11,Lebanon,11792
2024-11-11,United Kingdom,11567
2024-11-11,India,9937
2024-11-11,Australia,9825
2024-11-11,Canada,6773
2024-11-11,Iran,6747
2024-11-11,Haiti,6484
2024-11-11,China,4647
2024-11-11,Pakistan,4429
2024-11-11,France,3851
2024-11-11,Germany,3670
2024-11-11,North Korea,3614
2024-11-11,Mexico,3522
2024-11-11,Italy,3444
2024-11-11,Ireland,3122
2024-11-11,Nigeria,2896
2024-11-11,Brazil,2852
2024-11-11,Palestine,2851
2024-11-11,Spain,2633
2024-11-11,Iraq,2339
2024-11-11,Greece,2293
2024-11-18,United States,105035
2024-11-18,Israel,62937
2024-11-18,Russia,50332
2024-11-18,Ukraine,42188
2024-11-18,United Kingdom,17254
2024-11-18,Lebanon,13481
2024-11-18,Australia,11096
2024-11-18,India,9441
2024-11-18,Pakistan,8562
2024-11-18,Canada,7745
2024-11-18,Iran,5491
2024-11-18,Brazil,5331
2024-11-18,China,4783
2024-11-18,France,4017
2024-11-18,Nigeria,3671
2024-11-18,Italy,3645
2024-11-18,Greece,3442
2024-11-18,Palestine,3228
2024-11-18,Mexico,3050
2024-11-18,North Korea,2729
2024-11-18,Spain,2620
2024-11-18,Germany,2620
2024-11-18,Venezuela,2611
2024-11-18,Sweden,2217
2024-11-18,Indonesia,2075
2024-11-25,United States,68234
2024-11-25,Israel,58221
2024-11-25,Russia,29983
2024-11-25,Syria,23179
2024-11-25,Ukraine,22465
2024-11-25,Lebanon,17368
2024-11-25,Australia,15329
2024-11-25,United Kingdom,14259
2024-11-25,China,10111
2024-11-25,Pakistan,9263
2024-11-25,India,9173
2024-11-25,Canada,7368
2024-11-25,Bangladesh,6711
2024-11-25,France,6385
2024-11-25,Iran,4503
2024-11-25,Turkey,4375
2024-11-25,Palestine,4098
2024-11-25,Ireland,3989
2024-11-25,Nigeria,3774
2024-11-25,Mexico,3562
2024-11-25,Germany,3251
2024-11-25,Georgia,3209
2024-11-25,Italy,2965
2024-11-25,Spain,2585
2024-11-25,Brazil,2184
2024-12-02,United States,120312
2024-12-02,Syria,48031
2024-12-02,Israel,38446
2024-12-02,Russia,22687
2024-12-02,South Korea,13482
2024-12-02,Ukraine,13004
2024-12-02,Australia,12509
2024-12-02,United Kingdom,12147
2024-12-02,India,10108
2024-12-02,Canada,8042
2024-12-02,France,5859
2024-12-02,China,5176
2024-12-02,Iran,4909
2024-12-02,Lebanon,4760
2024-12-02,Bangladesh,4662
2024-12-02,Mexico,4199
2024-12-02,Pakistan,3924
2024-12-02,Palestine,3537
2024-12-02,Turkey,3501
2024-12-02,Italy,3207
2024-12-02,Georgia,3198
2024-12-02,Nigeria,2931
2024-12-02,Germany,2904
2024-12-02,Iraq,2815
2024-12-02,Greece,2579
2024-12-09,United States,140190
2024-12-09,Syria,48598
2024-12-09,Israel,44757
2024-12-09,Russia,25015
2024-12-09,Ukraine,16929
2024-12-09,United Kingdom,15809
2024-12-09,South Korea,12979
2024-12-09,Australia,11430
2024-12-09,India,8717
2024-12-09,France,5743
2024-12-09,China,5695
2024-12-09,Canada,5511
2024-12-09,Mexico,4895
2024-12-09,Turkey,4885
2024-12-09,Palestine,4292
2024-12-09,Iran,4064
2024-12-09,Lebanon,3989
2024-12-09,Pakistan,3832
2024-12-09,Ireland,3817
2024-12-09,Nigeria,3676
2024-12-09,Brazil,3056
2024-12-09,Bangladesh,2846
2024-12-09,Italy,2713
2024-12-09,Germany,2712
2024-12-09,North Korea,2472
2024-12-16,United States,146536
2024-12-16,Israel,39876
2024-12-16,Russia,31929
2024-12-16,Ukraine,25642
2024-12-16,Syria,14974
2024-12-16,United Kingdom,14786
2024-12-16,France,11792
2024-12-16,Germany,10662
2024-12-16,Canada,8762
2024-12-16,Australia,8718
2024-12-16,India,8042
2024-12-16,China,5754
2024-12-16,Yemen,5261
2024-12-16,Mexico,4014
2024-12-16,Palestine,3998
2024-12-16,Iran,3960
2024-12-16,Pakistan,3923
2024-12-16,Turkey,3693
2024-12-16,Nigeria,3570
2024-12-16,Italy,3539
2024-12-16,North Korea,3064
2024-12-16,Ireland,3061
2024-12-16,Spain,2653
2024-12-16,Saudi Arabia,2268
2024-12-16,Bangladesh,2087
2024-12-23,United States,70310
2024-12-23,Israel,53528
2024-12-23,Russia,36462
2024-12-23,Ukraine,21385
2024-12-23,Syria,10205
2024-12-23,India,8781
2024-12-23,United Kingdom,7162
2024-12-23,Australia,7130
2024-12-23,Haiti,5679
2024-12-23,Pakistan,5649
2024-12-23,Palestine,5465
2024-12-23,South Korea,4462
2024-12-23,China,4391
2024-12-23,Canada,4185
2024-12-23,Iran,3877
2024-12-23,Yemen,3794
2024-12-23,Azerbaijan,3781
2024-12-23,Germany,3700
2024-12-23,North Korea,3281
2024-12-23,Turkey,2900
2024-12-23,Nigeria,2899
2024-12-23,Mexico,2820
2024-12-23,Lebanon,2609
2024-12-23,Indonesia,2558
2024-12-23,Bangladesh,2305
2024-12-30,United States,84748
2024-12-30,Israel,45314
2024-12-30,Russia,19490
2024-12-30,Ukraine,16632
2024-12-30,United Kingdom,10413
2024-12-30,Australia,10310
2024-12-30,India,8829
2024-12-30,France,7810
2024-12-30,South Korea,7582
2024-12-30,Syria,6278
2024-12-30,Palestine,4194
2024-12-30,Iran,4151
2024-12-30,Canada,3959
2024-12-30,Germany,3865
2024-12-30,Pakistan,3844
2024-12-30,China,3408
2024-12-30,Turkey,3161
2024-12-30,Italy,3072
2024-12-30,Nigeria,2728
2024-12-30,Mexico,2435
2024-12-30,Serbia,2267
2024-12-30,Montenegro,2264
2024-12-30,Bangladesh,2219
2024-12-30,Indonesia,2015
2024-12-30,Brazil,1985
2025-01-06,United States,144439
2025-01-06,Israel,33689
2025-01-06,Russia,18914
2025-01-06,Ukraine,16585
2025-01-06,United Kingdom,15634
2025-01-06,Canada,10059
2025-01-06,Australia,7767
2025-01-06,India,7628
2025-01-06,Venezuela,6942
2025-01-06,France,6772
2025-01-06,China,6333
2025-01-06,Italy,5041
2025-01-06,Nigeria,4782
2025-01-06,Palestine,4417
2025-01-06,Syria,4325
2025-01-06,South Korea,3790
2025-01-06,Mexico,3581
2025-01-06,Germany,3470
2025-01-06,North Korea,3365
2025-01-06,Pakistan,3294
2025-01-06,Iran,3156
2025-01-06,Brazil,2673
2025-01-06,Turkey,2404
2025-01-06,Spain,2183
2025-01-06,Japan,2145
2025-01-13,United States,124594
2025-01-13,Israel,71307
2025-01-13,Russia,24652
2025-01-13,Ukraine,17328
2025-01-13,United Kingdom,14528
2025-01-13,India,12871
2025-01-13,Australia,10118
2025-01-13,China,8843
2025-01-13,South Korea,7991
2025-01-13,Canada,5984
2025-01-13,Nigeria,5257
2025-01-13,Iran,4567
2025-01-13,Pakistan,4185
2025-01-13,Mexico,4184
2025-01-13,Palestine,4023
2025-01-13,France,3250
2025-01-13,Egypt,3088
2025-01-13,Syria,2962
2025-01-13,Italy,2841
2025-01-13,Brazil,2715
2025-01-13,Spain,2532
2025-01-13,South Africa,2405
2025-01-13,Germany,2400
2025-01-13,North Korea,2365
2025-01-13,Venezuela,2167
2025-01-20,United States,154541
2025-01-20,Israel,54791
2025-01-20,United Kingdom,18577
2025-01-20,Russia,16700
2025-01-20,Ukraine,13440
2025-01-20,India,11772
2025-01-20,Australia,9416
2025-01-20,Canada,7394
2025-01-20,Palestine,7390
2025-01-20,Mexico,7350
2025-01-20,China,6654
2025-01-20,South Korea,6172
2025-01-20,Germany,5049
2025-01-20,Colombia,4659
2025-01-20,Afghanistan,4638
2025-01-20,Lebanon,4512
2025-01-20,Italy,4465
2025-01-20,South Africa,4262
2025-01-20,Nigeria,3992
2025-01-20,Venezuela,3816
2025-01-20,Sudan,3755
2025-01-20,France,3736
2025-01-20,Turkey,3712
2025-01-20,Spain,3413
2025-01-20,Pakistan,3383
2025-01-27,United States,126290
2025-01-27,Israel,45029
2025-01-27,Russia,19982
2025-01-27,United Kingdom,16925
2025-01-27,Ukraine,15377
2025-01-27,Australia,12314
2025-01-27,India,8368
2025-01-27,Canada,7668
2025-01-27,China,6945
2025-01-27,Mexico,5613
2025-01-27,Rwanda,5522
2025-01-27,Germany,5324
2025-01-27,Palestine,4633
2025-01-27,France,4488
2025-01-27,Syria,4226
2025-01-27,Venezuela,4037
2025-01-27,Pakistan,3868
2025-01-27,Colombia,3618
2025-01-27,Sweden,3399
2025-01-27,Republic of Congo,3090
2025-01-27,Italy,2965
2025-01-27,Nigeria,2898
2025-01-27,Spain,2711
2025-01-27,Egypt,2698
2025-01-27,Ireland,2337
2025-02-03,United States,105032
2025-02-03,Israel,48153
2025-02-03,Russia,17610
2025-02-03,Ukraine,14709
2025-02-03,United Kingdom,11930
2025-02-03,Sweden,11565
2025-02-03,Canada,9001
2025-02-03,India,8162
2025-02-03,Australia,7799
2025-02-03,Mexico,6831
2025-02-03,China,5799
2025-02-03,Palestine,4456
2025-02-03,Bangladesh,4063
2025-02-03,France,3573
2025-02-03,Nigeria,3316
2025-02-03,Iran,2982
2025-02-03,Italy,2802
2025-02-03,Pakistan,2571
2025-02-03,Ireland,2495
2025-02-03,Turkey,2488
2025-02-03,Spain,2435
2025-02-03,Syria,2425
2025-02-03,Germany,2258
2025-02-03,El Salvador,2207
2025-02-03,Rwanda,2108
2025-02-10,United States,104230
2025-02-10,Israel,39390
2025-02-10,Russia,22679
2025-02-10,Ukraine,16355
2025-02-10,United Kingdom,13434
2025-02-10,Australia,10057
2025-02-10,India,7962
2025-02-10,Canada,6090
2025-02-10,Germany,5376
2025-02-10,Mexico,5200
2025-02-10,China,4019
2025-02-10,Palestine,3663
2025-02-10,Pakistan,3125
2025-02-10,Italy,3077
2025-02-10,Ireland,2716
2025-02-10,Bangladesh,2669
2025-02-10,Nigeria,2609
2025-02-10,France,2608
2025-02-10,Sweden,2483
2025-02-10,Egypt,2438
2025-02-10,Iran,2379
2025-02-10,Brazil,2316
2025-02-10,Turkey,2247
2025-02-10,Spain,2240
2025-02-10,Afghanistan,1889
2025-02-17,United States,113048
2025-02-17,Israel,53147
2025-02-17,Russia,20750
2025-02-17,Ukraine,18643
2025-02-17,United Kingdom,11678
2025-02-17,Australia,8677
2025-02-17,India,6803
2025-02-17,Canada,6691
2025-02-17,Palestine,6132
2025-02-17,Germany,5885
2025-02-17,Mexico,5328
2025-02-17,China,4839
2025-02-17,France,4722
2025-02-17,Ireland,4117
2025-02-17,Brazil,3306
2025-02-17,Nigeria,3214
2025-02-17,Italy,3146
2025-02-17,Pakistan,3039
2025-02-17,Spain,2357
2025-02-17,Lebanon,2222
2025-02-17,Iran,2175
2025-02-17,Sweden,2097
2025-02-17,Turkey,1866
2025-02-17,Syria,1850
2025-02-17,Bangladesh,1823
2025-02-24,United States,102572
2025-02-24,Israel,31864
2025-02-24,Ukraine,26060
2025-02-24,Russia,22105
2025-02-24,United Kingdom,14583
2025-02-24,Australia,9572
2025-02-24,Mexico,8598
2025-02-24,India,7881
2025-02-24,France,7678
2025-02-24,Canada,6431
2025-02-24,China,4977
2025-02-24,Turkey,4911
2025-02-24,Italy,4451
2025-02-24,Palestine,3861
2025-02-24,Germany,3642
2025-02-24,Pakistan,3444
2025-02-24,Syria,3197
2025-02-24,Nigeria,3036
2025-02-24,Romania,2526
2025-02-24,Spain,2405
2025-02-24,Bangladesh,2099
2025-02-24,Ireland,2064
2025-02-24,Sweden,1985
2025-02-24,South Africa,1675
2025-02-24,Thailand,1649
2025-03-03,United States,108492
2025-03-03,Ukraine,38475
2025-03-03,Israel,31011
2025-03-03,Russia,30284
2025-03-03,Syria,21141
2025-03-03,United Kingdom,17270
2025-03-03,India,8760
2025-03-03,Canada,8753
2025-03-03,Australia,8625
2025-03-03,Mexico,5945
2025-03-03,Pakistan,5208
2025-03-03,China,5039
2025-03-03,France,5004
2025-03-03,Germany,4240
2025-03-03,Nigeria,3717
2025-03-03,South Korea,3402
2025-03-03,Afghanistan,3076
2025-03-03,Italy,3039
2025-03-03,Ireland,2819
2025-03-03,Turkey,2612
2025-03-03,Spain,2483
2025-03-03,Palestine,2297
2025-03-03,Bangladesh,2096
2025-03-03,Sweden,2080
2025-03-03,Iran,1504
2025-03-10,United States,112630
2025-03-10,Russia,37261
2025-03-10,Israel,37097
2025-03-10,Ukraine,27400
2025-03-10,United Kingdom,17624
2025-03-10,Syria,12631
2025-03-10,Australia,9708
2025-03-10,Philippines,8885
2025-03-10,Pakistan,8584
2025-03-10,India,8268
2025-03-10,Canada,6973
2025-03-10,China,4871
2025-03-10,Mexico,4112
2025-03-10,South Korea,3671
2025-03-10,Iran,3447
2025-03-10,Nigeria,3208
2025-03-10,Germany,3127
2025-03-10,France,2840
2025-03-10,Bangladesh,2820
2025-03-10,Italy,2786
2025-03-10,Ireland,2556
2025-03-10,Yemen,2355
2025-03-10,Spain,2105
2025-03-10,Brazil,2075
2025-03-10,Sweden,2060
2025-03-17,United States,121234
2025-03-17,Israel,88954
2025-03-17,Russia,25740
2025-03-17,Ukraine,23203
2025-03-17,United Kingdom,19325
2025-03-17,Turkey,15438
2025-03-17,India,9704
2025-03-17,Canada,9022
2025-03-17,Australia,8451
2025-03-17,Lebanon,6009
2025-03-17,Sudan,5217
2025-03-17,Venezuela,5063
2025-03-17,Mexico,4779
2025-03-17,Yemen,4689
2025-03-17,Iran,4605
2025-03-17,France,4565
2025-03-17,China,4448
2025-03-17,Palestine,4298
2025-03-17,Nigeria,4124
2025-03-17,Pakistan,4011
2025-03-17,Syria,3887
2025-03-17,El Salvador,3850
2025-03-17,Germany,3734
2025-03-17,Afghanistan,3250
2025-03-17,Italy,3097
2025-03-24,United States,111271
2025-03-24,Israel,46501
2025-03-24,Russia,25049
2025-03-24,Ukraine,21051
2025-03-24,Turkey,17625
2025-03-24,United Kingdom,12996
2025-03-24,France,10559
2025-03-24,India,9161
2025-03-24,Canada,7694
2025-03-24,Australia,6605
2025-03-24,Mexico,5470
2025-03-24,South Korea,5009
2025-03-24,Brazil,4594
2025-03-24,Sudan,4584
2025-03-24,Yemen,4406
2025-03-24,China,4282
2025-03-24,Pakistan,3990
2025-03-24,Nigeria,3804
2025-03-24,Venezuela,3764
2025-03-24,Lebanon,3570
2025-03-24,Palestine,3518
2025-03-24,Thailand,3175
2025-03-24,New Zealand,3072
2025-03-24,Italy,2947
2025-03-24,Spain,2619
2025-03-31,United States,105651
2025-03-31,Israel,39870
2025-03-31,Russia,22259
2025-03-31,United Kingdom,18278
2025-03-31,Ukraine,17079
2025-03-31,France,9333
2025-03-31,Australia,8049
2025-03-31,China,6888
2025-03-31,India,6779
2025-03-31,Canada,5920
2025-03-31,Turkey,4512
2025-03-31,Nigeria,3753
2025-03-31,El Salvador,3606
2025-03-31,Mexico,3537
2025-03-31,South Korea,3167
2025-03-31,Italy,2852
2025-03-31,Germany,2642
2025-03-31,Pakistan,2633
2025-03-31,Syria,2611
2025-03-31,Iran,2589
2025-03-31,Myanmar,2555
2025-03-31,Venezuela,2461
2025-03-31,Yemen,2348
2025-03-31,Palestine,2264
2025-03-31,Sweden,2174
2025-04-07,United States,114565
2025-04-07,Israel,40676
2025-04-07,Russia,22183
2025-04-07,United Kingdom,17422
2025-04-07,Ukraine,17243
2025-04-07,India,12017
2025-04-07,China,8774
2025-04-07,El Salvador,7188
2025-04-07,Australia,7094
2025-04-07,Canada,6167
2025-04-07,Iran,5424
2025-04-07,Mexico,4248
2025-04-07,Pakistan,3810
2025-04-07,Nigeria,3570
2025-04-07,France,3541
2025-04-07,Turkey,3493
2025-04-07,Italy,3449
2025-04-07,Germany,3261
2025-04-07,Palestine,3040
2025-04-07,Cuba,2569
2025-04-07,Syria,2377
2025-04-07,Ireland,2287
2025-04-07,Spain,2167
2025-04-07,Venezuela,1994
2025-04-07,Sudan,1993
2025-04-14,United States,134922
2025-04-14,Israel,38791
2025-04-14,Russia,26850
2025-04-14,Ukraine,20525
2025-04-14,United Kingdom,13988
2025-04-14,El Salvador,13425
2025-04-14,India,8623
2025-04-14,Australia,7748
2025-04-14,Canada,6078
2025-04-14,China,5998
2025-04-14,France,4308
2025-04-14,Germany,4272
2025-04-14,Italy,4097
2025-04-14,Venezuela,4075
2025-04-14,Pakistan,3912
2025-04-14,Nigeria,3864
2025-04-14,Mexico,3764
2025-04-14,Iran,3356
2025-04-14,Sudan,3236
2025-04-14,Spain,2601
2025-04-14,Turkey,2421
2025-04-14,Bangladesh,2190
2025-04-14,Syria,2092
2025-04-14,Yemen,2073
2025-04-14,Palestine,1934
2025-04-21,United States,116906
2025-04-21,India,31516
2025-04-21,Russia,29394
2025-04-21,Israel,27259
2025-04-21,Ukraine,26256
2025-04-21,Pakistan,17367
2025-04-21,United Kingdom,10624
2025-04-21,Australia,10233
2025-04-21,Canada,8123
2025-04-21,Italy,7165
2025-04-21,Iran,5912
2025-04-21,China,5383
2025-04-21,Mexico,5075
2025-04-21,France,3855
2025-04-21,Venezuela,3623
2025-04-21,El Salvador,3596
2025-04-21,Nigeria,3372
2025-04-21,Germany,2783
2025-04-21,Turkey,2619
2025-04-21,Bangladesh,2546
2025-04-21,Spain,2003
2025-04-21,Argentina,1997
2025-04-21,Egypt,1969
2025-04-21,Palestine,1912
2025-04-21,Yemen,1870
2025-04-28,United States,108420
2025-04-28,Israel,38754
2025-04-28,Russia,19603
2025-04-28,Ukraine,17537
2025-04-28,India,17474
2025-04-28,United Kingdom,17411
2025-04-28,Pakistan,14120
2025-04-28,Syria,10378
2025-04-28,Australia,8780
2025-04-28,Canada,8039
2025-04-28,Iran,5228
2025-04-28,China,4305
2025-04-28,Ireland,4167
2025-04-28,France,4078
2025-04-28,Italy,3809
2025-04-28,Mexico,3680
2025-04-28,Yemen,3423
2025-04-28,Germany,3338
2025-04-28,Turkey,3241
2025-04-28,Sweden,3220
2025-04-28,Nigeria,3066
2025-04-28,Spain,2865
2025-04-28,North Korea,2805
2025-04-28,El Salvador,2663
2025-04-28,Venezuela,2663
2025-05-05,United States,106577
2025-05-05,Pakistan,55565
2025-05-05,India,44072
2025-05-05,Israel,37324
2025-05-05,Russia,25020
2025-05-05,Ukraine,17236
2025-05-05,United Kingdom,13097
2025-05-05,Australia,8441
2025-05-05,Canada,5758
2025-05-05,China,4716
2025-05-05,Germany,4381
2025-05-05,Mexico,4210
2025-05-05,Italy,3959
2025-05-05,Yemen,3959
2025-05-05,Iran,3405
2025-05-05,Nigeria,3099
2025-05-05,Turkey,3043
2025-05-05,Ireland,2955
2025-05-05,Bangladesh,2934
2025-05-05,Sudan,2720
2025-05-05,France,2629
2025-05-05,Spain,2493
2025-05-05,Palestine,1975
2025-05-05,Lebanon,1870
2025-05-05,Sweden,1729
2025-05-12,United States,105422
2025-05-12,Israel,46379
2025-05-12,Russia,21170
2025-05-12,Ukraine,16272
2025-05-12,India,16053
2025-05-12,United Kingdom,15318
2025-05-12,Pakistan,13509
2025-05-12,France,8372
2025-05-12,Australia,7482
2025-05-12,Mexico,6991
2025-05-12,Canada,6487
2025-05-12,Turkey,6418
2025-05-12,Syria,4255
2025-05-12,China,4059
2025-05-12,Nigeria,3631
2025-05-12,Germany,3270
2025-05-12,Italy,3054
2025-05-12,Palestine,2963
2025-05-12,Bangladesh,2661
2025-05-12,South Africa,2600
2025-05-12,Libya,2527
2025-05-12,Iran,2500
2025-05-12,Sweden,2231
2025-05-12,Spain,2191
2025-05-12,Ireland,2067
2025-05-19,United States,119232
2025-05-19,Israel,68367
2025-05-19,Russia,27305
2025-05-19,Ukraine,25164
2025-05-19,United Kingdom,13905
2025-05-19,India,12580
2025-05-19,Pakistan,10973
2025-05-19,Mexico,8261
2025-05-19,France,5807
2025-05-19,Australia,5782
2025-05-19,Canada,5492
2025-05-19,Spain,4209
2025-05-19,China,4192
2025-05-19,Germany,3629
2025-05-19,Italy,3583
2025-05-19,Nigeria,3559
2025-05-19,South Africa,3309
2025-05-19,Palestine,3202
2025-05-19,Iran,3158
2025-05-19,Turkey,2595
2025-05-19,Venezuela,2316
2025-05-19,Syria,2216
2025-05-19,Bangladesh,2184
2025-05-19,Sweden,2123
2025-05-19,Ireland,1964
2025-05-26,United States,105730
2025-05-26,Israel,49715
2025-05-26,Russia,30269
2025-05-26,Ukraine,26599
2025-05-26,United Kingdom,10823
2025-05-26,India,10088
2025-05-26,Australia,8479
2025-05-26,Canada,6439
2025-05-26,Pakistan,5989
2025-05-26,France,5864
2025-05-26,China,5557
2025-05-26,Germany,4718
2025-05-26,Ireland,4645
2025-05-26,Mexico,4381
2025-05-26,Nigeria,3749
2025-05-26,Italy,3572
2025-05-26,Palestine,3234
2025-05-26,Turkey,3072
2025-05-26,Bangladesh,3056
2025-05-26,Spain,2649
2025-05-26,Iran,2368
2025-05-26,South Africa,1961
2025-05-26,Sweden,1945
2025-05-26,Romania,1806
2025-05-26,Brazil,1672
2025-06-02,United States,144758
2025-06-02,Israel,54817
2025-06-02,Russia,35269
2025-06-02,Ukraine,33167
2025-06-02,United Kingdom,13946
2025-06-02,Australia,8867
2025-06-02,India,8475
2025-06-02,Canada,7758
2025-06-02,Colombia,7002
2025-06-02,Pakistan,6846
2025-06-02,Germany,5251
2025-06-02,China,5041
2025-06-02,Mexico,4477
2025-06-02,France,4199
2025-06-02,Turkey,3484
2025-06-02,Nigeria,3286
2025-06-02,Afghanistan,3274
2025-06-02,Italy,3202
2025-06-02,Egypt,3125
2025-06-02,Spain,3089
2025-06-02,Iran,3087
2025-06-02,El Salvador,2977
2025-06-02,Ireland,2551
2025-06-02,Venezuela,2545
2025-06-02,Thailand,2406
2025-06-09,United States,162137
2025-06-09,Israel,77749
2025-06-09,Iran,48715
2025-06-09,United Kingdom,22690
2025-06-09,Russia,16919
2025-06-09,Ukraine,14628
2025-06-09,India,12662
2025-06-09,Canada,7900
2025-06-09,Australia,6897
2025-06-09,Mexico,6446
2025-06-09,Austria,5518
2025-06-09,Colombia,4466
2025-06-09,China,4201
2025-06-09,France,4127
2025-06-09,Germany,2698
2025-06-09,Italy,2673
2025-06-09,Pakistan,2448
2025-06-09,Spain,2447
2025-06-09,Sweden,2349
2025-06-09,Nigeria,2282
2025-06-09,Romania,2238
2025-06-09,Kenya,1874
2025-06-09,Iraq,1873
2025-06-09,Brazil,1845
2025-06-09,Ireland,1840
2025-06-30,United States,61909
2025-06-30,Israel,34157
2025-06-30,Russia,19974
2025-06-30,Ukraine,19002
2025-06-30,United Kingdom,9258
2025-06-30,Iran,7635
2025-06-30,India,7236
2025-06-30,Australia,6110
2025-06-30,Turkey,3151
2025-06-30,China,3119
2025-06-30,Mexico,3100
2025-06-30,Canada,2962
2025-06-30,Nigeria,2931
2025-06-30,France,2543
2025-06-30,Pakistan,2284
2025-06-30,Germany,1876
2025-06-30,Palestine,1798
2025-06-30,Italy,1796
2025-06-30,Bangladesh,1762
2025-06-30,Greece,1660
2025-06-30,Azerbaijan,1591
2025-06-30,Spain,1582
2025-06-30,Ireland,1352
2025-06-30,Sweden,1337
2025-06-30,Colombia,1329
2025-07-07,United States,101215
2025-07-07,Israel,48312
2025-07-07,Russia,25641
2025-07-07,Ukraine,24744
2025-07-07,United Kingdom,13640
2025-07-07,Australia,13126
2025-07-07,India,10385
2025-07-07,Iran,7140
2025-07-07,Canada,6995
2025-07-07,France,6566
2025-07-07,Mexico,5671
2025-07-07,China,5610
2025-07-07,Nigeria,4699
2025-07-07,Palestine,4140
2025-07-07,Italy,3862
2025-07-07,Pakistan,3529
2025-07-07,Bangladesh,3212
2025-07-07,Turkey,3037
2025-07-07,Spain,2841
2025-07-07,Germany,2671
2025-07-07,Brazil,2172
2025-07-07,Yemen,2155
2025-07-07,Sweden,2049
2025-07-07,Kenya,2037
2025-07-07,Ireland,2001
2025-07-14,United States,109575
2025-07-14,Israel,47796
2025-07-14,Syria,32157
2025-07-14,Russia,20784
2025-07-14,United Kingdom,17858
2025-07-14,Ukraine,15453
2025-07-14,India,10682
2025-07-14,Australia,10355
2025-07-14,China,5729
2025-07-14,Canada,4841
2025-07-14,Venezuela,4552
2025-07-14,Nigeria,4264
2025-07-14,Iran,4000
2025-07-14,Pakistan,3858
2025-07-14,Bangladesh,3723
2025-07-14,Mexico,3569
2025-07-14,Greece,3220
2025-07-14,Germany,3207
2025-07-14,Italy,3152
2025-07-14,Brazil,3109
2025-07-14,France,3002
2025-07-14,Palestine,2665
2025-07-14,Spain,2582
2025-07-14,Turkey,2476
2025-07-14,Poland,2151
2025-07-21,United States,123787
2025-07-21,Israel,47892
2025-07-21,United Kingdom,21851
2025-07-21,Russia,20792
2025-07-21,Thailand,17726
2025-07-21,Cambodia,14330
2025-07-21,Ukraine,13540
2025-07-21,India,9343
2025-07-21,Australia,7463
2025-07-21,Canada,6163
2025-07-21,Turkey,6054
2025-07-21,Syria,5792
2025-07-21,China,4970
2025-07-21,Iran,4567
2025-07-21,Mexico,4555
2025-07-21,Pakistan,4194
2025-07-21,Greece,3804
2025-07-21,Nigeria,3733
2025-07-21,France,3339
2025-07-21,Palestine,2894
2025-07-21,Italy,2878
2025-07-21,Bangladesh,2697
2025-07-21,Venezuela,2674
2025-07-21,Spain,2355
2025-07-21,Brazil,2313
2025-07-28,United States,109305
2025-07-28,Israel,41250
2025-07-28,Russia,24036
2025-07-28,Ukraine,18887
2025-07-28,United Kingdom,15447
2025-07-28,India,12873
2025-07-28,Pakistan,8568
2025-07-28,Australia,8398
2025-07-28,Canada,5886
2025-07-28,Thailand,5335
2025-07-28,Colombia,5251
2025-07-28,Italy,3908
2025-07-28,Cambodia,3660
2025-07-28,Nigeria,3336
2025-07-28,China,3213
2025-07-28,Mexico,3112
2025-07-28,Bangladesh,2942
2025-07-28,Brazil,2877
2025-07-28,Turkey,2851
2025-07-28,Iran,2556
2025-07-28,France,2549
2025-07-28,Palestine,2519
2025-07-28,Syria,2469
2025-07-28,Germany,2467
2025-07-28,Sweden,2445
2025-08-04,United States,126383
2025-08-04,Israel,53081
2025-08-04,Russia,24529
2025-08-04,United Kingdom,20965
2025-08-04,Ukraine,16339
2025-08-04,Australia,9682
2025-08-04,India,9127
2025-08-04,Pakistan,5647
2025-08-04,Mexico,5424
2025-08-04,France,4767
2025-08-04,China,4637
2025-08-04,Canada,4552
2025-08-04,Brazil,4202
2025-08-04,Nigeria,3397
2025-08-04,Bangladesh,3010
2025-08-04,Italy,2804
2025-08-04,Japan,2594
2025-08-04,Turkey,2511
2025-08-04,Germany,2450
2025-08-04,Ireland,2299
2025-08-04,Spain,2287
2025-08-04,Palestine,2216
2025-08-04,Syria,2178
2025-08-04,Iran,2165
2025-08-04,Sweden,2132
2025-08-11,United States,116589
2025-08-11,Israel,47127
2025-08-11,Russia,21355
2025-08-11,Ukraine,18629
2025-08-11,United Kingdom,15345
2025-08-11,Australia,10109
2025-08-11,India,8522
2025-08-11,Pakistan,6499
2025-08-11,Colombia,5504
2025-08-11,Canada,5338
2025-08-11,Mexico,4705
2025-08-11,Serbia,4309
2025-08-11,Nigeria,3735
2025-08-11,China,3640
2025-08-11,Japan,3445
2025-08-11,Greece,3278
2025-08-11,Spain,3026
2025-08-11,Italy,2867
2025-08-11,Turkey,2780
2025-08-11,Iran,2395
2025-08-11,Venezuela,2358
2025-08-11,France,2304
2025-08-11,Bangladesh,2075
2025-08-11,Sweden,2033
2025-08-11,Germany,1921
2025-08-18,United States,123174
2025-08-18,Israel,44297
2025-08-18,Russia,24642
2025-08-18,Ukraine,23292
2025-08-18,United Kingdom,16730
2025-08-18,India,10461
2025-08-18,Australia,8804
2025-08-18,Iran,6522
2025-08-18,Nigeria,5390
2025-08-18,Canada,4634
2025-08-18,China,4398
2025-08-18,Spain,4343
2025-08-18,Colombia,3970
2025-08-18,Mexico,3495
2025-08-18,Pakistan,3357
2025-08-18,Italy,3211
2025-08-18,Poland,2716
2025-08-18,Germany,2703
2025-08-18,France,2617
2025-08-18,South Korea,2133
2025-08-18,Venezuela,2000
2025-08-18,Sweden,1896
2025-08-18,Bangladesh,1864
2025-08-18,Egypt,1847
2025-08-18,Syria,1820
2025-08-25,United States,134019
2025-08-25,Israel,68859
2025-08-25,Ukraine,24706
2025-08-25,Russia,23982
2025-08-25,Australia,18202
2025-08-25,United Kingdom,14567
2025-08-25,India,8418
2025-08-25,Indonesia,5762
2025-08-25,Mexico,5213
2025-08-25,Iran,5155
2025-08-25,China,4796
2025-08-25,Canada,4430
2025-08-25,Yemen,3742
2025-08-25,Nigeria,3589
2025-08-25,France,3362
2025-08-25,Pakistan,3293
2025-08-25,Ireland,2543
2025-08-25,Italy,2464
2025-08-25,Palestine,2453
2025-08-25,Germany,2409
2025-08-25,Bangladesh,2205
2025-08-25,Vietnam,2054
2025-08-25,South Korea,2012
2025-08-25,Syria,2003
2025-08-25,Colombia,1978
2025-09-01,United States,109914
2025-09-01,Israel,40986
2025-09-01,Ukraine,20325
2025-09-01,Russia,18245
2025-09-01,United Kingdom,16039
2025-09-01,Australia,11434
2025-09-01,India,7232
2025-09-01,Venezuela,6806
2025-09-01,China,6341
2025-09-01,Canada,5631
2025-09-01,France,4713
2025-09-01,Nigeria,4674
2025-09-01,Indonesia,3951
2025-09-01,Mexico,3670
2025-09-01,Pakistan,3525
2025-09-01,South Korea,3462
2025-09-01,Brazil,3090
2025-09-01,Spain,2435
2025-09-01,Afghanistan,2415
2025-09-01,Germany,2387
2025-09-01,Italy,2285
2025-09-01,Turkey,2237
2025-09-01,Ireland,1942
2025-09-01,Sweden,1907
2025-09-01,Palestine,1843
2025-09-08,United States,188561
2025-09-08,Israel,58288
2025-09-08,Russia,32298
2025-09-08,Ukraine,22734
2025-09-08,Nepal,20897
2025-09-08,Poland,16943
2025-09-08,United Kingdom,16061
2025-09-08,Australia,12594
2025-09-08,Brazil,11239
2025-09-08,India,8329
2025-09-08,Qatar,8096
2025-09-08,South Korea,6201
2025-09-08,Canada,5850
2025-09-08,France,5152
2025-09-08,New Zealand,4390
2025-09-08,China,3920
2025-09-08,Spain,3794
2025-09-08,Nigeria,3536
2025-09-08,Pakistan,3518
2025-09-08,Belarus,3283
2025-09-08,Turkey,3101
2025-09-08,Mexico,3092
2025-09-08,Venezuela,2747
2025-09-08,Palestine,2571
2025-09-08,Italy,2486
2025-09-15,United States,166851
2025-09-15,Israel,54209
2025-09-15,Russia,23448
2025-09-15,United Kingdom,17220
2025-09-15,Ukraine,14422
2025-09-15,India,8015
2025-09-15,Australia,6441
2025-09-15,China,5431
2025-09-15,Poland,4703
2025-09-15,Canada,4458
2025-09-15,Pakistan,4098
2025-09-15,Germany,4040
2025-09-15,Venezuela,4034
2025-09-15,France,3824
2025-09-15,Brazil,3774
2025-09-15,Italy,3635
2025-09-15,Nigeria,3303
2025-09-15,Mexico,2883
2025-09-15,Estonia,2724
2025-09-15,Spain,2356
2025-09-15,Qatar,2201
2025-09-15,Nepal,2142
2025-09-15,Iran,2090
2025-09-15,Afghanistan,2032
2025-09-15,Syria,1974
2025-09-22,United States,132185
2025-09-22,Israel,42383
2025-09-22,Russia,28095
2025-09-22,Ukraine,17413
2025-09-22,United Kingdom,14105
2025-09-22,India,8690
2025-09-22,Australia,7476
2025-09-22,Iran,6188
2025-09-22,Canada,5411
2025-09-22,Italy,4317
2025-09-22,China,4216
2025-09-22,France,3955
2025-09-22,Pakistan,3950
2025-09-22,Poland,3669
2025-09-22,Mexico,3173
2025-09-22,Nigeria,3159
2025-09-22,Germany,2613
2025-09-22,Brazil,2553
2025-09-22,Turkey,2514
2025-09-22,Spain,2465
2025-09-22,Denmark,1904
2025-09-22,Egypt,1886
2025-09-22,Palestine,1836
2025-09-22,Philippines,1789
2025-09-22,Syria,1787
2025-09-29,United States,126711
2025-09-29,Israel,53927
2025-09-29,United Kingdom,22924
2025-09-29,Russia,18933
2025-09-29,Ukraine,13721
2025-09-29,Australia,10957
2025-09-29,India,7272
2025-09-29,Venezuela,4989
2025-09-29,Pakistan,4795
2025-09-29,Canada,4428
2025-09-29,Germany,4233
2025-09-29,Mexico,3958
2025-09-29,China,3688
2025-09-29,Italy,3475
2025-09-29,Nigeria,3187
2025-09-29,Spain,3037
2025-09-29,Poland,2810
2025-09-29,France,2509
2025-09-29,Sweden,2471
2025-09-29,Palestine,2372
2025-09-29,Ireland,2296
2025-09-29,Iran,2263
2025-09-29,Turkey,1978
2025-09-29,Denmark,1912
2025-09-29,Indonesia,1751
2025-10-06,United States,124899
2025-10-06,Israel,63441
2025-10-06,Russia,17158
2025-10-06,United Kingdom,16651
2025-10-06,Ukraine,12177
2025-10-06,India,9495
2025-10-06,Australia,9001
2025-10-06,France,8243
2025-10-06,Pakistan,7812
2025-10-06,Canada,6271
2025-10-06,Afghanistan,4821
2025-10-06,Germany,4807
2025-10-06,China,3795
2025-10-06,Venezuela,3529
2025-10-06,Nigeria,3437
2025-10-06,Mexico,3228
2025-10-06,Egypt,3198
2025-10-06,Spain,2662
2025-10-06,Sudan,2641
2025-10-06,Japan,2600
2025-10-06,Italy,2571
2025-10-06,Turkey,2338
2025-10-06,Sweden,2320
2025-10-06,Syria,2255
2025-10-06,Palestine,2137
2025-10-13,United States,104384
2025-10-13,Israel,69492
2025-10-13,Russia,18048
2025-10-13,United Kingdom,15533
2025-10-13,Ukraine,14544
2025-10-13,Pakistan,10700
2025-10-13,Australia,8329
2025-10-13,India,8287
2025-10-13,Afghanistan,6800
2025-10-13,China,5745
2025-10-13,France,5229
2025-10-13,Venezuela,4939
2025-10-13,Canada,4481
2025-10-13,Palestine,3705
2025-10-13,Italy,3302
2025-10-13,Colombia,3241
2025-10-13,Mexico,2934
2025-10-13,Nigeria,2679
2025-10-13,Egypt,2636
2025-10-13,Madagascar,2394
2025-10-13,Spain,2213
2025-10-13,Ireland,2153
2025-10-13,Germany,2080
2025-10-13,Sweden,2073
2025-10-13,Iran,1937
2025-10-20,United States,110688
2025-10-20,Israel,33363
2025-10-20,Russia,28392
2025-10-20,United Kingdom,25136
2025-10-20,Ukraine,18797
2025-10-20,France,9835
2025-10-20,Australia,8471
2025-10-20,India,7149
2025-10-20,Canada,7040
2025-10-20,Colombia,6240
2025-10-20,Ireland,5735
2025-10-20,Mexico,4437
2025-10-20,Pakistan,4374
2025-10-20,Nigeria,4157
2025-10-20,Venezuela,4137
2025-10-20,China,3901
2025-10-20,Palestine,2848
2025-10-20,Germany,2772
2025-10-20,Italy,2668
2025-10-20,Syria,2571
2025-10-20,Spain,2407
2025-10-20,Ethiopia,2275
2025-10-20,Hungary,2064
2025-10-20,Sweden,2032
2025-10-20,Turkey,1892
2025-10-27,United States,98363
2025-10-27,Israel,34388
2025-10-27,United Kingdom,19712
2025-10-27,Russia,19632
2025-10-27,Ukraine,14937
2025-10-27,Australia,9409
2025-10-27,India,9344
2025-10-27,Brazil,8260
2025-10-27,France,7928
2025-10-27,Sudan,7001
2025-10-27,China,5536
2025-10-27,Nigeria,4833
2025-10-27,Pakistan,4652
2025-10-27,Canada,4546
2025-10-27,Venezuela,4247
2025-10-27,Mexico,4038
2025-10-27,Palestine,3291
2025-10-27,Turkey,3057
2025-10-27,Germany,2896
2025-10-27,Italy,2741
2025-10-27,Tanzania,2570
2025-10-27,Afghanistan,2111
2025-10-27,Spain,2013
2025-10-27,Cuba,2011
2025-10-27,Sweden,1897
2025-11-03,United States,97751
2025-11-03,Israel,26184
2025-11-03,Russia,17952
2025-11-03,United Kingdom,15862
2025-11-03,Ukraine,14093
2025-11-03,Mexico,9556
2025-11-03,India,7221
2025-11-03,Australia,6155
2025-11-03,Nigeria,5613
2025-11-03,Pakistan,4794
2025-11-03,Canada,4739
2025-11-03,France,4534
2025-11-03,Germany,4074
2025-11-03,Sudan,4058
2025-11-03,China,3298
2025-11-03,Brazil,2810
2025-11-03,Italy,2538
2025-11-03,Afghanistan,2486
2025-11-03,Venezuela,2456
2025-11-03,Spain,2390
2025-11-03,Turkey,2377
2025-11-03,Peru,2157
2025-11-03,Ireland,2077
2025-11-03,Palestine,2048
2025-11-03,Sweden,1981
2025-11-10,United States,94791
2025-11-10,Israel,20307
2025-11-10,Russia,16214
2025-11-10,United Kingdom,14625
2025-11-10,India,13689
2025-11-10,Ukraine,13256
2025-11-10,Australia,6707
2025-11-10,Pakistan,6153
2025-11-10,Mexico,4804
2025-11-10,Canada,4559
2025-11-10,France,4075
2025-11-10,Germany,3930
2025-11-10,Venezuela,3908
2025-11-10,China,3873
2025-11-10,Nigeria,3276
2025-11-10,Italy,2901
2025-11-10,Syria,2859
2025-11-10,Brazil,2741
2025-11-10,Bangladesh,2613
2025-11-10,Palestine,2552
2025-11-10,Turkey,2371
2025-11-10,Sweden,2350
2025-11-10,Spain,2344
2025-11-10,Ireland,2339
2025-11-10,South Africa,2196
2025-11-17,United States,104897
2025-11-17,Israel,30301
2025-11-17,Russia,20350
2025-11-17,Ukraine,17464
2025-11-17,Nigeria,15335
2025-11-17,United Kingdom,12739
2025-11-17,India,10040
2025-11-17,Bangladesh,8939
2025-11-17,Australia,8841
2025-11-17,Brazil,5601
2025-11-17,Canada,4812
2025-11-17,Mexico,4792
2025-11-17,China,4651
2025-11-17,Lebanon,4111
2025-11-17,Venezuela,3615
2025-11-17,Saudi Arabia,3239
2025-11-17,Spain,3074
2025-11-17,Pakistan,3049
2025-11-17,South Africa,3010
2025-11-17,France,2914
2025-11-17,Palestine,2908
2025-11-17,Germany,2849
2025-11-17,Poland,2390
2025-11-17,Italy,2366
2025-11-17,Japan,2280
2025-11-24,United States,97162
2025-11-24,Israel,29073
2025-11-24,Russia,19048
2025-11-24,Ukraine,16915
2025-11-24,United Kingdom,10791
2025-11-24,Afghanistan,10455
2025-11-24,Australia,10108
2025-11-24,Nigeria,10055
2025-11-24,India,7642
2025-11-24,Venezuela,7134
2025-11-24,Brazil,4762
2025-11-24,Pakistan,4604
2025-11-24,Canada,4391
2025-11-24,France,4024
2025-11-24,China,3488
2025-11-24,Italy,3247
2025-11-24,Syria,3047
2025-11-24,Hong Kong,3000
2025-11-24,Lebanon,2776
2025-11-24,Spain,2747
2025-11-24,Turkey,2705
2025-11-24,Palestine,2623
2025-11-24,Mexico,2594
2025-11-24,Germany,2319
2025-11-24,Sweden,2000
2025-12-01,United States,109253
2025-12-01,Israel,22029
2025-12-01,Russia,19720
2025-12-01,Ukraine,15655
2025-12-01,United Kingdom,11132
2025-12-01,Australia,11006
2025-12-01,Afghanistan,9314
2025-12-01,India,8056
2025-12-01,Venezuela,5585
2025-12-01,Nigeria,4380
2025-12-01,Mexico,4352
2025-12-01,Pakistan,4165
2025-12-01,Canada,3984
2025-12-01,China,3712
2025-12-01,France,3558
2025-12-01,South Africa,3557
2025-12-01,Honduras,2669
2025-12-01,Bangladesh,2653
2025-12-01,Sudan,2541
2025-12-01,Italy,2523
2025-12-01,Spain,2502
2025-12-01,Japan,2444
2025-12-01,Germany,2414
2025-12-01,Ireland,2411
2025-12-01,Syria,2134
2025-12-08,United States,104914
2025-12-08,Australia,34977
2025-12-08,Russia,18345
2025-12-08,Ukraine,17566
2025-12-08,Israel,17057
2025-12-08,United Kingdom,12524
2025-12-08,Thailand,9452
2025-12-08,Syria,8136
2025-12-08,India,7365
2025-12-08,Cambodia,6398
2025-12-08,Venezuela,6022
2025-12-08,Canada,4470
2025-12-08,Nigeria,4395
2025-12-08,China,3642
2025-12-08,Pakistan,3193
2025-12-08,France,3089
2025-12-08,Germany,3040
2025-12-08,Mexico,2986
2025-12-08,Bangladesh,2670
2025-12-08,Afghanistan,2542
2025-12-08,Iran,2540
2025-12-08,Sudan,2529
2025-12-08,Japan,2433
2025-12-08,Brazil,2224
2025-12-08,Spain,2140
2025-12-15,United States,127518
2025-12-15,Australia,60920
2025-12-15,Israel,18474
2025-12-15,Russia,17561
2025-12-15,United Kingdom,16990
2025-12-15,Ukraine,12850
2025-12-15,Syria,8364
2025-12-15,India,7154
2025-12-15,Venezuela,6672
2025-12-15,Bangladesh,5671
2025-12-15,Canada,4252
2025-12-15,Portugal,4202
2025-12-15,Pakistan,3677
2025-12-15,China,3621
2025-12-15,France,3446
2025-12-15,South Africa,3111
2025-12-15,Nigeria,3085
2025-12-15,Mexico,2907
2025-12-15,Sudan,2677
2025-12-15,Germany,2592
2025-12-15,Italy,2511
2025-12-15,Iran,2402
2025-12-15,Thailand,2356
2025-12-15,Sweden,2299
2025-12-15,Brazil,2159
2025-12-22,United States,64123
2025-12-22,Russia,24299
2025-12-22,Israel,20978
2025-12-22,Ukraine,17974
2025-12-22,United Kingdom,14598
2025-12-22,Nigeria,12910
2025-12-22,Australia,11943
2025-12-22,India,8873
2025-12-22,Syria,6788
2025-12-22,Bangladesh,6067
2025-12-22,France,3151
2025-12-22,Thailand,3072
2025-12-22,Canada,3066
2025-12-22,Venezuela,2952
2025-12-22,Pakistan,2737
2025-12-22,China,2613
2025-12-22,Turkey,2471
2025-12-22,Germany,2236
2025-12-22,Cambodia,2134
2025-12-22,Palestine,2070
2025-12-22,Greece,1993
2025-12-22,Malaysia,1990
2025-12-22,Brazil,1910
2025-12-22,Italy,1898
2025-12-22,Mexico,1825
2025-12-29,United States,87671
2025-12-29,Venezuela,40031
2025-12-29,Ukraine,17883
2025-12-29,Russia,16614
2025-12-29,Israel,15096
2025-12-29,Australia,8347
2025-12-29,United Kingdom,7780
2025-12-29,India,7636
2025-12-29,Iran,6814
2025-12-29,China,6340
2025-12-29,Bangladesh,4191
2025-12-29,Turkey,4065
2025-12-29,Nigeria,3903
2025-12-29,Mexico,2902
2025-12-29,Switzerland,2704
2025-12-29,France,2636
2025-12-29,Taiwan,2519
2025-12-29,Pakistan,2480
2025-12-29,Canada,2418
2025-12-29,Syria,2337
2025-12-29,Yemen,1977
2025-12-29,Spain,1736
2025-12-29,Saudi Arabia,1735
2025-12-29,Italy,1691
2025-12-29,Germany,1641
2026-01-05,United States,136947
2026-01-05,Venezuela,40249
2026-01-05,Iran,17571
2026-01-05,Russia,15155
2026-01-05,Ukraine,15144
2026-01-05,Israel,13012
2026-01-05,Australia,13002
2026-01-05,United Kingdom,10970
2026-01-05,Syria,8159
2026-01-05,India,7586
2026-01-05,Cuba,5591
2026-01-05,France,5330
2026-01-05,China,4478
2026-01-05,Nigeria,4412
2026-01-05,Canada,4234
2026-01-05,Bangladesh,3637
2026-01-05,Mexico,3133
2026-01-05,Spain,2672
2026-01-05,Pakistan,2657
2026-01-05,Greenland,2487
2026-01-05,Italy,2197
2026-01-05,Colombia,2153
2026-01-05,Turkey,2013
2026-01-05,Germany,1991
2026-01-05,Switzerland,1948
2026-01-12,United States,113405
2026-01-12,Iran,29633
2026-01-12,United Kingdom,14819
2026-01-12,Israel,14695
2026-01-12,Venezuela,13742
2026-01-12,Russia,13534
2026-01-12,Australia,12326
2026-01-12,Ukraine,10447
2026-01-12,India,6483
2026-01-12,Denmark,5501
2026-01-12,Greenland,4947
2026-01-12,Canada,4550
2026-01-12,China,4282
2026-01-12,Syria,3905
2026-01-12,France,3643
2026-01-12,Pakistan,3475
2026-01-12,Nigeria,3349
2026-01-12,Mexico,3109
2026-01-12,Germany,2576
2026-01-12,South Korea,2513
2026-01-12,Italy,2414
2026-01-12,Spain,2145
2026-01-12,Bangladesh,1898
2026-01-12,Sweden,1864
2026-01-12,Brazil,1837
