mention_week,conflict_country_name,conflict_continent,material_conflict_mentions,material_conflict_unique_events
2015-02-16,United States,North America,98192,33319
2015-02-16,Ukraine,Europe,22242,8985
2015-02-16,Syria,Asia,15591,6371
2015-02-16,Russia,Europe,12586,5546
2015-02-16,Australia,Oceania,12322,2817
2015-02-23,United States,North America,220589,65640
2015-02-23,Russia,Europe,50240,15941
2015-02-23,Syria,Asia,41214,16107
2015-02-23,Iraq,Asia,36043,11600
2015-02-23,Ukraine,Europe,29132,13224
2015-03-02,United States,North America,237230,68309
2015-03-02,Russia,Europe,48205,18518
2015-03-02,Iraq,Asia,37647,14394
2015-03-02,Syria,Asia,28358,12712
2015-03-02,Australia,Oceania,25787,5174
2015-03-09,United States,North America,241638,68867
2015-03-09,Iraq,Asia,49619,17026
2015-03-09,Syria,Asia,32104,12613
2015-03-09,Russia,Europe,26761,12988
2015-03-09,India,Asia,24248,11731
2015-03-16,United States,North America,254968,66261
2015-03-16,Tunisia,Africa,53783,13294
2015-03-16,Yemen,Asia,28897,8871
2015-03-16,Pakistan,Asia,25481,11051
2015-03-16,Syria,Asia,25295,10164
2015-03-23,United States,North America,218574,62981
2015-03-23,Yemen,Asia,42815,16378
2015-03-23,United Kingdom,Europe,24360,8715
2015-03-23,Saudi Arabia,Asia,22885,9632
2015-03-23,Syria,Asia,22772,9851
2015-03-30,United States,North America,199901,61840
2015-03-30,Kenya,Africa,61008,16135
2015-03-30,Yemen,Asia,37011,15405
2015-03-30,Syria,Asia,26394,10517
2015-03-30,Saudi Arabia,Asia,26015,9120
2015-04-06,United States,North America,258132,69324
2015-04-06,Syria,Asia,27477,11377
2015-04-06,Yemen,Asia,25881,11320
2015-04-06,Kenya,Africa,23850,9509
2015-04-06,Australia,Oceania,20326,3424
2015-04-13,United States,North America,234949,67614
2015-04-13,Iraq,Asia,46449,13702
2015-04-13,Australia,Oceania,27866,4829
2015-04-13,Yemen,Asia,22379,9518
2015-04-13,Ukraine,Europe,20884,9295
2015-04-20,United States,North America,239721,62230
2015-04-20,Australia,Oceania,30903,5916
2015-04-20,Syria,Asia,29570,11085
2015-04-20,Iraq,Asia,23811,7683
2015-04-20,Yemen,Asia,22519,9504
2015-04-27,United States,North America,291392,65030
2015-04-27,Australia,Oceania,36462,6684
2015-04-27,Indonesia,Asia,33316,7762
2015-04-27,Syria,Asia,32022,12239
2015-04-27,Nigeria,Africa,20807,6489
2015-05-04,United States,North America,315083,65270
2015-05-04,Syria,Asia,30065,12056
2015-05-04,United Kingdom,Europe,29550,8871
2015-05-04,Australia,Oceania,21389,4001
2015-05-04,Iraq,Asia,19200,6499
2015-05-11,United States,North America,275187,60344
2015-05-11,Syria,Asia,37424,14885
2015-05-11,Iraq,Asia,33071,9769
2015-05-11,Afghanistan,Asia,30635,5692
2015-05-11,Egypt,Africa,23564,7507
2015-05-18,United States,North America,288511,63596
2015-05-18,Iraq,Asia,43867,14234
2015-05-18,Syria,Asia,38910,15379
2015-05-18,Australia,Oceania,19957,3485
2015-05-18,United Kingdom,Europe,19540,7739
2015-05-25,United States,North America,215843,54032
2015-05-25,Syria,Asia,34968,13861
2015-05-25,Iraq,Asia,32707,10999
2015-05-25,Australia,Oceania,20671,3986
2015-05-25,Israel,Asia,20233,7476
2015-06-01,United States,North America,220768,54244
2015-06-01,Iraq,Asia,31521,10638
2015-06-01,Syria,Asia,28195,12460
2015-06-01,Ukraine,Europe,24326,9986
2015-06-01,China,Asia,22990,5982
2015-06-08,United States,North America,293769,62293
2015-06-08,Syria,Asia,30591,11605
2015-06-08,Iraq,Asia,21340,7984
2015-06-08,India,Asia,21331,9527
2015-06-08,Israel,Asia,20862,8449
2015-06-15,United States,North America,360502,72359
2015-06-15,Syria,Asia,29343,11749
2015-06-15,Iraq,Asia,21305,6150
2015-06-15,Australia,Oceania,20470,3222
2015-06-15,Israel,Asia,20175,7870
2015-06-22,United States,North America,415312,74186
2015-06-22,Tunisia,Africa,52109,9995
2015-06-22,Syria,Asia,50695,18318
2015-06-22,France,Europe,30642,8957
2015-06-22,United Kingdom,Europe,28883,9820
2015-06-29,United States,North America,248018,61096
2015-06-29,Egypt,Africa,67514,18108
2015-06-29,Syria,Asia,40976,15499
2015-06-29,Israel,Asia,32110,12375
2015-06-29,Tunisia,Africa,29938,9296
2015-07-06,United States,North America,305005,72566
2015-07-06,Syria,Asia,37143,13022
2015-07-06,Israel,Asia,31625,10797
2015-07-06,United Kingdom,Europe,27252,10155
2015-07-06,Australia,Oceania,24476,4035
2015-07-13,United States,North America,322745,79400
2015-07-13,Australia,Oceania,26060,4310
2015-07-13,Ukraine,Europe,24645,10381
2015-07-13,Iran,Asia,23337,7296
2015-07-13,Iraq,Asia,22790,9225
2015-07-20,United States,North America,307747,78148
2015-07-20,Turkey,Asia,78131,27869
2015-07-20,Syria,Asia,48116,16843
2015-07-20,Israel,Asia,26063,10242
2015-07-20,Australia,Oceania,22453,4152
2015-07-27,United States,North America,306462,77868
2015-07-27,Turkey,Asia,68899,25472
2015-07-27,Israel,Asia,55245,22015
2015-07-27,Syria,Asia,34258,13801
2015-07-27,Zimbabwe,Africa,26729,4939
2015-08-03,United States,North America,269586,67912
2015-08-03,Israel,Asia,34230,12923
2015-08-03,Syria,Asia,30014,12771
2015-08-03,Turkey,Asia,29158,11337
2015-08-03,Afghanistan,Asia,19405,6348
2015-08-10,United States,North America,302426,76449
2015-08-10,Turkey,Asia,52132,20358
2015-08-10,Syria,Asia,37029,15958
2015-08-10,Iraq,Asia,26423,10325
2015-08-10,Australia,Oceania,20732,3526
2015-08-17,United States,North America,253062,71601
2015-08-17,Syria,Asia,33024,14568
2015-08-17,Australia,Oceania,27044,3972
2015-08-17,South Korea,Asia,26760,5815
2015-08-17,United Kingdom,Europe,24233,9425
2015-08-24,United States,North America,329447,77404
2015-08-24,Australia,Oceania,32442,4708
2015-08-24,Egypt,Africa,27917,6659
2015-08-24,Syria,Asia,24737,11797
2015-08-24,India,Asia,22912,10285
2015-08-31,United States,North America,274894,70548
2015-08-31,Syria,Asia,38170,14403
2015-08-31,Turkey,Asia,29380,10650
2015-08-31,Australia,Oceania,26346,3843
2015-08-31,Yemen,Asia,24325,8266
2015-09-07,United States,North America,210750,61818
2015-09-07,Turkey,Asia,42381,16601
2015-09-07,Syria,Asia,36167,15996
2015-09-07,United Kingdom,Europe,24564,11481
2015-09-07,Australia,Oceania,22837,3985
2015-09-14,United States,North America,309599,71131
2015-09-14,Hungary,Europe,43242,9507
2015-09-14,Israel,Asia,37554,14365
2015-09-14,Syria,Asia,35684,15547
2015-09-14,Egypt,Africa,28400,10546
2015-09-21,United States,North America,200674,63353
2015-09-21,Syria,Asia,27884,12641
2015-09-21,Saudi Arabia,Asia,25506,7571
2015-09-21,Israel,Asia,23691,10068
2015-09-21,Russia,Europe,23328,12044
2015-09-28,United States,North America,365691,84774
2015-09-28,Russia,Europe,80783,32952
2015-09-28,Syria,Asia,73797,28302
2015-09-28,Afghanistan,Asia,57893,16557
2015-09-28,Israel,Asia,45588,16113
2015-10-05,United States,North America,261366,75382
2015-10-05,Israel,Asia,154766,40852
2015-10-05,Syria,Asia,88383,31886
2015-10-05,Russia,Europe,82559,33279
2015-10-05,Turkey,Asia,49932,15611
2015-10-12,United States,North America,235525,68633
2015-10-12,Israel,Asia,168718,39235
2015-10-12,Syria,Asia,68118,26533
2015-10-12,Russia,Europe,59144,24511
2015-10-12,Turkey,Asia,43605,15097
2015-10-19,United States,North America,166797,47958
2015-10-19,Israel,Asia,70733,22290
2015-10-19,Syria,Asia,32307,14259
2015-10-19,Russia,Europe,25715,12012
2015-10-19,Australia,Oceania,25323,3227
2015-10-26,United States,North America,255384,69361
2015-10-26,Israel,Asia,59201,20309
2015-10-26,Australia,Oceania,53141,4846
2015-10-26,Syria,Asia,46733,19138
2015-10-26,Russia,Europe,35556,16033
2015-11-02,United States,North America,249348,65865
2015-11-02,Russia,Europe,66186,20706
2015-11-02,Egypt,Africa,47475,12609
2015-11-02,United Kingdom,Europe,42182,13525
2015-11-02,Syria,Asia,37153,17149
2015-11-09,United States,North America,203211,65590
2015-11-09,France,Europe,93592,24991
2015-11-09,Syria,Asia,47299,18537
2015-11-09,Israel,Asia,46294,16910
2015-11-09,United Kingdom,Europe,31675,12451
2015-11-16,United States,North America,212834,68057
2015-11-16,France,Europe,195683,58540
2015-11-16,Syria,Asia,74535,29566
2015-11-16,Israel,Asia,44367,17437
2015-11-16,Belgium,Europe,43554,13709
2015-11-23,United States,North America,250564,61853
2015-11-23,Russia,Europe,114505,46999
2015-11-23,Turkey,Asia,112536,40779
2015-11-23,Syria,Asia,80383,32382
2015-11-23,France,Europe,78046,24688
2015-11-30,United States,North America,403780,86524
2015-11-30,Syria,Asia,52025,22519
2015-11-30,France,Europe,44777,14005
2015-11-30,Russia,Europe,44659,22835
2015-11-30,Turkey,Asia,44544,21178
2015-12-07,United States,North America,318691,82701
2015-12-07,Syria,Asia,47411,20892
2015-12-07,Russia,Europe,41342,18507
2015-12-07,Australia,Oceania,35614,4832
2015-12-07,Israel,Asia,30459,13347
2015-12-14,United States,North America,268775,74556
2015-12-14,Syria,Asia,41240,17773
2015-12-14,Turkey,Asia,35987,16494
2015-12-14,Israel,Asia,34589,14288
2015-12-14,Russia,Europe,34116,16196
2015-12-21,United States,North America,213592,57235
2015-12-21,Syria,Asia,59925,21007
2015-12-21,Israel,Asia,52485,17623
2015-12-21,Afghanistan,Asia,45218,10686
2015-12-21,Russia,Europe,28899,14629
2015-12-28,United States,North America,204470,58672
2015-12-28,Saudi Arabia,Asia,57456,12930
2015-12-28,Israel,Asia,40678,15966
2015-12-28,Iraq,Asia,34912,13431
2015-12-28,Syria,Asia,33420,16181
2016-01-04,United States,North America,278437,79710
2016-01-04,Saudi Arabia,Asia,106945,30248
2016-01-04,Iran,Asia,89170,26380
2016-01-04,Mexico,North America,45563,12149
2016-01-04,Israel,Asia,36740,17365
2016-01-11,United States,North America,229066,72666
2016-01-11,Turkey,Asia,65815,21005
2016-01-11,Indonesia,Asia,48971,10838
2016-01-11,Iran,Asia,47013,12857
2016-01-11,Syria,Asia,43966,17781
2016-01-18,United States,North America,211411,67856
2016-01-18,Pakistan,Asia,42964,14858
2016-01-18,Syria,Asia,33256,15013
2016-01-18,Israel,Asia,32032,14996
2016-01-18,Russia,Europe,29236,13230
2016-01-25,United States,North America,258936,71402
2016-01-25,Syria,Asia,28568,13055
2016-01-25,Israel,Asia,26887,12354
2016-01-25,Russia,Europe,22877,12444
2016-01-25,Turkey,Asia,20654,8790
2016-02-01,United States,North America,242094,70825
2016-02-01,Israel,Asia,58556,15151
2016-02-01,Syria,Asia,53104,21244
2016-02-01,United Kingdom,Europe,29773,11893
2016-02-01,Russia,Europe,29533,14606
2016-02-08,United States,North America,283646,74117
2016-02-08,Syria,Asia,71971,27402
2016-02-08,Russia,Europe,37301,17217
2016-02-08,Turkey,Asia,35366,14405
2016-02-08,Israel,Asia,33019,12912
2016-02-15,United States,North America,258108,73734
2016-02-15,Syria,Asia,84082,29388
2016-02-15,Turkey,Asia,80214,27165
2016-02-15,Israel,Asia,56522,15164
2016-02-15,Russia,Europe,35709,16901
2016-02-22,United States,North America,330709,81721
2016-02-22,Syria,Asia,63092,23166
2016-02-22,Israel,Asia,60441,12268
2016-02-22,Russia,Europe,32249,14810
2016-02-22,Turkey,Asia,26129,11175
2016-02-29,United States,North America,258345,75063
2016-02-29,Israel,Asia,49860,11316
2016-02-29,Syria,Asia,45284,17197
2016-02-29,Turkey,Asia,30067,12761
2016-02-29,Russia,Europe,26899,13369
2016-03-07,United States,North America,275968,75734
2016-03-07,Israel,Asia,77865,17916
2016-03-07,Syria,Asia,32899,13959
2016-03-07,Russia,Europe,25950,11384
2016-03-07,Tunisia,Africa,25538,8281
2016-03-14,United States,North America,228404,70873
2016-03-14,Turkey,Asia,74893,24483
2016-03-14,Belgium,Europe,51931,11927
2016-03-14,France,Europe,46374,13729
2016-03-14,Israel,Asia,43130,10411
2016-03-21,United States,North America,224003,70101
2016-03-21,Belgium,Europe,183020,46513
2016-03-21,France,Europe,77653,20917
2016-03-21,Syria,Asia,46750,17539
2016-03-21,Israel,Asia,39978,10064
2016-03-28,United States,North America,248030,73298
2016-03-28,Pakistan,Asia,44210,15512
2016-03-28,Belgium,Europe,43678,13637
2016-03-28,Israel,Asia,41971,9744
2016-03-28,Syria,Asia,38797,15806
2016-04-04,United States,North America,230550,70578
2016-04-04,Syria,Asia,51636,18619
2016-04-04,Israel,Asia,33324,8207
2016-04-04,Belgium,Europe,32696,9857
2016-04-04,France,Europe,30491,9480
2016-04-11,United States,North America,231358,65843
2016-04-11,Syria,Asia,46830,15249
2016-04-11,Israel,Asia,45396,8897
2016-04-11,Russia,Europe,25375,12477
2016-04-11,Australia,Oceania,24989,4561
2016-04-18,United States,North America,241312,74306
2016-04-18,Syria,Asia,43667,17713
2016-04-18,Israel,Asia,42118,11595
2016-04-18,Turkey,Asia,25394,10371
2016-04-18,Afghanistan,Asia,23702,6305
2016-04-25,United States,North America,264427,79214
2016-04-25,Syria,Asia,59590,21756
2016-04-25,Israel,Asia,48318,8998
2016-04-25,Turkey,Asia,34031,13775
2016-04-25,Russia,Europe,25072,12735
2016-05-02,United States,North America,283540,79137
2016-05-02,Syria,Asia,72954,25559
2016-05-02,Israel,Asia,65624,14655
2016-05-02,Turkey,Asia,34855,14095
2016-05-02,Iraq,Asia,31025,9645
2016-05-09,United States,North America,294710,77935
2016-05-09,Syria,Asia,50405,20315
2016-05-09,Israel,Asia,50327,10245
2016-05-09,Iraq,Asia,42096,12765
2016-05-09,United Kingdom,Europe,28518,11806
2016-05-16,United States,North America,257651,76552
2016-05-16,Israel,Asia,36694,7945
2016-05-16,Iraq,Asia,32000,9646
2016-05-16,Syria,Asia,28684,13400
2016-05-16,Afghanistan,Asia,22972,7229
2016-05-23,United States,North America,310699,78772
2016-05-23,Iraq,Asia,42492,13711
2016-05-23,Syria,Asia,41550,15963
2016-05-23,Israel,Asia,38662,8176
2016-05-23,Russia,Europe,28975,13022
2016-05-30,United States,North America,269244,74256
2016-05-30,Iraq,Asia,45747,15590
2016-05-30,Syria,Asia,40474,17256
2016-05-30,Israel,Asia,32515,8976
2016-05-30,Saudi Arabia,Asia,31091,4367
2016-06-06,United States,North America,343621,89345
2016-06-06,Israel,Asia,59398,15005
2016-06-06,Syria,Asia,44440,16378
2016-06-06,Turkey,Asia,37649,13282
2016-06-06,Iraq,Asia,32420,11765
2016-06-13,United States,North America,490346,119034
2016-06-13,United Kingdom,Europe,64036,20653
2016-06-13,Syria,Asia,39393,15964
2016-06-13,Iraq,Asia,30874,11598
2016-06-13,Israel,Asia,29510,7919
2016-06-20,United States,North America,320098,84926
2016-06-20,United Kingdom,Europe,45058,16662
2016-06-20,Israel,Asia,35537,9574
2016-06-20,Syria,Asia,32900,14524
2016-06-20,Saudi Arabia,Asia,28348,3346
2016-06-27,United States,North America,244552,74722
2016-06-27,Turkey,Asia,144513,35169
2016-06-27,Bangladesh,Asia,68388,12682
2016-06-27,Israel,Asia,67339,17763
2016-06-27,United Kingdom,Europe,39586,14165
2016-07-04,United States,North America,651230,110391
2016-07-04,Saudi Arabia,Asia,48301,9094
2016-07-04,Iraq,Asia,46410,16845
2016-07-04,Israel,Asia,37168,10363
2016-07-04,Bangladesh,Asia,34208,10040
2016-07-11,United States,North America,507304,104641
2016-07-11,Turkey,Asia,157899,40048
2016-07-11,France,Europe,53363,17707
2016-07-11,Syria,Asia,34146,14004
2016-07-11,Israel,Asia,31498,8388
2016-07-18,United States,North America,456824,97278
2016-07-18,Turkey,Asia,91757,34228
2016-07-18,Germany,Europe,73251,17491
2016-07-18,France,Europe,37486,12640
2016-07-18,Syria,Asia,35633,15216
2016-07-25,United States,North America,348131,85102
2016-07-25,France,Europe,63938,21602
2016-07-25,Turkey,Asia,50910,21122
2016-07-25,Germany,Europe,42283,13862
2016-07-25,Syria,Asia,40413,16818
2016-08-01,United States,North America,290803,79699
2016-08-01,Syria,Asia,61578,21851
2016-08-01,Russia,Europe,34391,14122
2016-08-01,Iraq,Asia,33981,7958
2016-08-01,United Kingdom,Europe,33691,12237
2016-08-08,United States,North America,327023,83018
2016-08-08,Pakistan,Asia,56233,16032
2016-08-08,Syria,Asia,49877,19164
2016-08-08,United Kingdom,Europe,37161,10687
2016-08-08,Turkey,Asia,35883,13587
2016-08-15,United States,North America,336042,84009
2016-08-15,Turkey,Asia,65669,22216
2016-08-15,Syria,Asia,56425,21750
2016-08-15,India,Asia,37013,12442
2016-08-15,Afghanistan,Asia,36430,5489
2016-08-22,United States,North America,318076,77215
2016-08-22,Turkey,Asia,93934,32591
2016-08-22,Syria,Asia,72152,25563
2016-08-22,India,Asia,37114,11327
2016-08-22,Pakistan,Asia,33771,6831
2016-08-29,United States,North America,267664,72648
2016-08-29,Syria,Asia,57746,21282
2016-08-29,Turkey,Asia,49784,18983
2016-08-29,Saudi Arabia,Asia,29392,4490
2016-08-29,Israel,Asia,25956,7301
2016-09-05,United States,North America,239576,71864
2016-09-05,Syria,Asia,56783,20641
2016-09-05,Israel,Asia,30249,8782
2016-09-05,France,Europe,28051,9283
2016-09-05,Russia,Europe,25785,12104
2016-09-12,United States,North America,266566,78913
2016-09-12,Syria,Asia,75199,25780
2016-09-12,Israel,Asia,40399,13408
2016-09-12,Russia,Europe,33181,14043
2016-09-12,United Kingdom,Europe,29309,11375
2016-09-19,United States,North America,456081,104076
2016-09-19,Syria,Asia,104286,30428
2016-09-19,Russia,Europe,39405,16302
2016-09-19,Israel,Asia,36890,10702
2016-09-19,India,Asia,28116,15063
2016-09-26,United States,North America,352890,89419
2016-09-26,Syria,Asia,63954,25372
2016-09-26,Bangladesh,Asia,61888,1958
2016-09-26,Russia,Europe,38325,17082
2016-09-26,Israel,Asia,30204,8961
2016-10-03,United States,North America,323832,84646
2016-10-03,Syria,Asia,69961,25669
2016-10-03,Russia,Europe,43917,19904
2016-10-03,Turkey,Asia,39097,12934
2016-10-03,Israel,Asia,32756,10461
2016-10-10,United States,North America,277120,77712
2016-10-10,Syria,Asia,64375,22770
2016-10-10,Russia,Europe,37912,18826
2016-10-10,Israel,Asia,32331,9994
2016-10-10,Turkey,Asia,29995,12078
2016-10-17,United States,North America,268461,77020
2016-10-17,Iraq,Asia,94974,29027
2016-10-17,Syria,Asia,62292,23150
2016-10-17,Russia,Europe,39446,16869
2016-10-17,Turkey,Asia,31870,12274
2016-10-24,United States,North America,271431,75104
2016-10-24,Iraq,Asia,61166,19829
2016-10-24,Syria,Asia,55908,22417
2016-10-24,Pakistan,Asia,42490,16918
2016-10-24,Russia,Europe,32301,15175
2016-10-31,United States,North America,365314,86717
2016-10-31,Iraq,Asia,61856,19462
2016-10-31,Turkey,Asia,50401,17036
2016-10-31,Syria,Asia,41674,17518
2016-10-31,Afghanistan,Asia,25830,6056
2016-11-07,United States,North America,337873,90691
2016-11-07,Iraq,Asia,40810,14828
2016-11-07,Syria,Asia,39582,15058
2016-11-07,United Kingdom,Europe,23323,9627
2016-11-07,Afghanistan,Asia,22725,7222
2016-11-14,United States,North America,304673,80817
2016-11-14,Syria,Asia,49056,19164
2016-11-14,Iraq,Asia,34568,12065
2016-11-14,Russia,Europe,29137,14162
2016-11-14,Israel,Asia,26535,6930
2016-11-21,United States,North America,311668,65873
2016-11-21,Syria,Asia,42234,16670
2016-11-21,Turkey,Asia,30961,12548
2016-11-21,United Kingdom,Europe,28859,10451
2016-11-21,Israel,Asia,28648,10335
2016-11-28,United States,North America,292031,76780
2016-11-28,Syria,Asia,52140,19200
2016-11-28,Russia,Europe,24903,11995
2016-11-28,Iraq,Asia,22934,8709
2016-11-28,United Kingdom,Europe,22782,9201
2016-12-05,United States,North America,287247,76302
2016-12-05,Syria,Asia,71111,24034
2016-12-05,Russia,Europe,30844,13542
2016-12-05,United Kingdom,Europe,25399,10268
2016-12-05,Iraq,Asia,24085,9040
2016-12-12,United States,North America,263420,69192
2016-12-12,Syria,Asia,105979,31551
2016-12-12,Russia,Europe,40152,16676
2016-12-12,Turkey,Asia,32866,12709
2016-12-12,United Kingdom,Europe,28111,10181
2016-12-19,United States,North America,192126,61530
2016-12-19,Turkey,Asia,116094,38845
2016-12-19,Russia,Europe,94035,36861
2016-12-19,Germany,Europe,91559,23006
2016-12-19,Syria,Asia,68168,25550
2016-12-26,United States,North America,187072,57803
2016-12-26,Russia,Europe,58369,21002
2016-12-26,Syria,Asia,47616,16753
2016-12-26,Turkey,Asia,41133,14366
2016-12-26,Israel,Asia,36183,10096
2017-01-02,United States,North America,246440,68977
2017-01-02,Turkey,Asia,83483,24904
2017-01-02,Israel,Asia,58529,13345
2017-01-02,Syria,Asia,38415,15272
2017-01-02,Iraq,Asia,33495,13037
2017-01-09,United States,North America,263202,74810
2017-01-09,Israel,Asia,37197,11251
2017-01-09,Russia,Europe,31605,13554
2017-01-09,Syria,Asia,29940,12005
2017-01-09,Afghanistan,Asia,25470,7220
2017-01-16,United States,North America,337944,82965
2017-01-16,Israel,Asia,45129,9271
2017-01-16,Mexico,North America,36691,9816
2017-01-16,Syria,Asia,32066,12029
2017-01-16,Turkey,Asia,31980,12172
2017-01-23,United States,North America,363668,94548
2017-01-23,Syria,Asia,58891,14485
2017-01-23,Mexico,North America,38434,10798
2017-01-23,Israel,Asia,37411,8152
2017-01-23,United Kingdom,Europe,36788,11889
2017-01-30,United States,North America,426117,119058
2017-01-30,Canada,North America,63234,15529
2017-01-30,Iraq,Asia,61486,12655
2017-01-30,Iran,Asia,56054,16591
2017-01-30,Syria,Asia,51024,16034
2017-02-06,United States,North America,375212,96198
2017-02-06,Syria,Asia,51250,16080
2017-02-06,Israel,Asia,41949,10804
2017-02-06,Russia,Europe,31173,14121
2017-02-06,United Kingdom,Europe,29190,11287
2017-02-13,United States,North America,280578,83212
2017-02-13,Pakistan,Asia,38909,14144
2017-02-13,Russia,Europe,35559,14307
2017-02-13,Syria,Asia,35194,13142
2017-02-13,North Korea,Asia,30521,8384
2017-02-20,United States,North America,283961,80642
2017-02-20,Syria,Asia,60226,15686
2017-02-20,Iraq,Asia,38353,12590
2017-02-20,Israel,Asia,36989,10031
2017-02-20,Malaysia,Asia,29067,6533
2017-02-27,United States,North America,301432,83464
2017-02-27,Syria,Asia,47276,16659
2017-02-27,Israel,Asia,42366,10018
2017-02-27,Russia,Europe,31608,13304
2017-02-27,Turkey,Asia,25555,9219
2017-03-06,United States,North America,310870,82004
2017-03-06,Turkey,Asia,48540,14990
2017-03-06,Syria,Asia,42765,15654
2017-03-06,Iraq,Asia,33852,12969
2017-03-06,North Korea,Asia,29728,9101
2017-03-13,United States,North America,293227,75451
2017-03-13,Syria,Asia,51784,17127
2017-03-13,France,Europe,48186,11513
2017-03-13,Israel,Asia,35825,12313
2017-03-13,Turkey,Asia,31873,12888
2017-03-20,United States,North America,244461,72224
2017-03-20,United Kingdom,Europe,136893,33397
2017-03-20,Syria,Asia,39822,16484
2017-03-20,Israel,Asia,39218,11201
2017-03-20,Russia,Europe,33591,14516
2017-03-27,United States,North America,267341,73105
2017-03-27,Russia,Europe,36187,13982
2017-03-27,United Kingdom,Europe,35035,13242
2017-03-27,Israel,Asia,29366,9202
2017-03-27,Iraq,Asia,22405,8294
2017-04-03,Syria,Asia,295302,61602
2017-04-03,United States,North America,267891,81891
2017-04-03,Russia,Europe,105651,32555
2017-04-03,Sweden,Europe,49288,7148
2017-04-03,United Kingdom,Europe,39290,13624
2017-04-10,United States,North America,283550,82480
2017-04-10,Syria,Asia,126132,37115
2017-04-10,Russia,Europe,54353,20607
2017-04-10,Afghanistan,Asia,34434,8069
2017-04-10,Israel,Asia,32669,7823
2017-04-17,United States,North America,276180,74821
2017-04-17,France,Europe,65122,14974
2017-04-17,Syria,Asia,32800,14611
2017-04-17,Israel,Asia,32337,9814
2017-04-17,Russia,Europe,30998,13991
2017-04-24,United States,North America,294639,75788
2017-04-24,Syria,Asia,47691,16913
2017-04-24,Israel,Asia,39499,10445
2017-04-24,Turkey,Asia,35415,13842
2017-04-24,North Korea,Asia,35142,7207
2017-05-01,United States,North America,285387,73070
2017-05-01,France,Europe,30972,8005
2017-05-01,Israel,Asia,29906,7663
2017-05-01,Syria,Asia,29130,11883
2017-05-01,United Kingdom,Europe,22829,8602
2017-05-08,United States,North America,246302,67417
2017-05-08,Russia,Europe,27695,10953
2017-05-08,Israel,Asia,27168,8591
2017-05-08,Syria,Asia,26152,10089
2017-05-08,United Kingdom,Europe,22992,8982
2017-05-15,United States,North America,270454,72929
2017-05-15,Israel,Asia,34739,9473
2017-05-15,Syria,Asia,32853,12150
2017-05-15,Russia,Europe,32043,11915
2017-05-15,United Kingdom,Europe,26868,10559
2017-05-22,United States,North America,258914,68338
2017-05-22,United Kingdom,Europe,88582,24666
2017-05-22,Philippines,Asia,39284,11015
2017-05-22,Egypt,Africa,31746,11733
2017-05-22,Israel,Asia,31263,8197
2017-05-29,United States,North America,210808,61721
2017-05-29,United Kingdom,Europe,81042,17900
2017-05-29,Afghanistan,Asia,42743,8178
2017-05-29,Philippines,Asia,38358,11502
2017-05-29,Russia,Europe,24320,11587
2017-06-05,United States,North America,255404,68683
2017-06-05,United Kingdom,Europe,94488,25175
2017-06-05,Qatar,Asia,52718,16132
2017-06-05,Iran,Asia,47959,13494
2017-06-05,Australia,Oceania,30728,8233
2017-06-12,United States,North America,315466,76998
2017-06-12,United Kingdom,Europe,43544,12579
2017-06-12,Russia,Europe,37864,14954
2017-06-12,Israel,Asia,25402,7568
2017-06-12,Syria,Asia,25292,10295
2017-06-19,United States,North America,266932,74048
2017-06-19,United Kingdom,Europe,51092,14617
2017-06-19,Syria,Asia,44454,17154
2017-06-19,Russia,Europe,29782,13436
2017-06-19,Pakistan,Asia,24572,7726
2017-06-26,United States,North America,274703,73407
2017-06-26,Syria,Asia,45330,17110
2017-06-26,Israel,Asia,28172,7462
2017-06-26,Russia,Europe,23522,10768
2017-06-26,United Kingdom,Europe,21607,8902
2017-07-03,United States,North America,223215,59242
2017-07-03,Syria,Asia,28584,9984
2017-07-03,Germany,Europe,28209,8314
2017-07-03,Russia,Europe,24763,9363
2017-07-03,Iraq,Asia,19627,7717
2017-07-10,United States,North America,223083,63086
2017-07-10,Israel,Asia,44586,11848
2017-07-10,United Kingdom,Europe,23761,8512
2017-07-10,Syria,Asia,23229,8510
2017-07-10,Iraq,Asia,22852,8117
2017-07-17,United States,North America,217089,64836
2017-07-17,Israel,Asia,110388,22012
2017-07-17,Syria,Asia,22790,10243
2017-07-17,Russia,Europe,22117,10086
2017-07-17,Australia,Oceania,21126,5106
2017-07-24,United States,North America,236431,69406
2017-07-24,Israel,Asia,92445,20858
2017-07-24,Russia,Europe,31774,13690
2017-07-24,Venezuela,South America,24222,8598
2017-07-24,United Kingdom,Europe,23533,8894
2017-07-31,United States,North America,232058,70391
2017-07-31,Russia,Europe,36806,14288
2017-07-31,Venezuela,South America,35042,11177
2017-07-31,Israel,Asia,30239,8383
2017-07-31,United Kingdom,Europe,24371,9612
2017-08-07,United States,North America,219178,64767
2017-08-07,Israel,Asia,28152,8292
2017-08-07,North Korea,Asia,24070,7498
2017-08-07,United Kingdom,Europe,21965,8116
2017-08-07,Venezuela,South America,19142,7252
2017-08-14,United States,North America,291468,74182
2017-08-14,Spain,Europe,94165,23884
2017-08-14,Israel,Asia,27365,7421
2017-08-14,United Kingdom,Europe,21731,8698
2017-08-14,France,Europe,16674,5508
2017-08-21,United States,North America,256656,70115
2017-08-21,Spain,Europe,68367,14801
2017-08-21,Afghanistan,Asia,24593,7263
2017-08-21,Israel,Asia,23687,4918
2017-08-21,United Kingdom,Europe,20486,8600
2017-08-28,United States,North America,140108,46113
2017-08-28,Russia,Europe,23738,8334
2017-08-28,United Kingdom,Europe,12739,5050
2017-08-28,Israel,Asia,11799,2846
2017-08-28,India,Asia,10784,5795
2017-09-04,United States,North America,213744,64192
2017-09-04,India,Asia,24344,12919
2017-09-04,Russia,Europe,23504,10753
2017-09-04,Israel,Asia,23210,6643
2017-09-04,Syria,Asia,20008,9315
2017-09-11,United States,North America,260716,70275
2017-09-11,United Kingdom,Europe,48193,13443
2017-09-11,Russia,Europe,24247,11227
2017-09-11,North Korea,Asia,22773,6284
2017-09-11,Israel,Asia,18668,5219
2017-09-18,United States,North America,243827,65452
2017-09-18,United Kingdom,Europe,29682,10664
2017-09-18,North Korea,Asia,22968,5972
2017-09-18,Russia,Europe,22527,11568
2017-09-18,Israel,Asia,21044,5004
2017-09-25,United States,North America,219442,62396
2017-09-25,Israel,Asia,28176,7307
2017-09-25,Iraq,Asia,22741,9857
2017-09-25,Russia,Europe,22509,11625
2017-09-25,United Kingdom,Europe,20189,8337
2017-10-02,United States,North America,338924,83089
2017-10-02,Myanmar,Asia,36078,4584
2017-10-02,Russia,Europe,25914,12102
2017-10-02,Israel,Asia,25811,4985
2017-10-02,Spain,Europe,24474,9862
2017-10-09,United States,North America,299821,74683
2017-10-09,United Kingdom,Europe,23107,8322
2017-10-09,Israel,Asia,22215,4983
2017-10-09,Syria,Asia,21517,8623
2017-10-09,Turkey,Asia,20187,9009
2017-10-16,United States,North America,314900,74928
2017-10-16,Afghanistan,Asia,37372,10830
2017-10-16,Iraq,Asia,33610,11480
2017-10-16,Israel,Asia,29612,7159
2017-10-16,Syria,Asia,27692,9421
2017-10-23,United States,North America,238515,68579
2017-10-23,Spain,Europe,25157,8123
2017-10-23,Russia,Europe,25101,11638
2017-10-23,Israel,Asia,24339,6059
2017-10-23,Syria,Asia,23403,8910
2017-10-30,United States,North America,295963,79556
2017-10-30,Russia,Europe,32246,12884
2017-10-30,Spain,Europe,29736,9337
2017-10-30,Israel,Asia,26805,7490
2017-10-30,United Kingdom,Europe,26228,9389
2017-11-06,United States,North America,422543,88415
2017-11-06,Saudi Arabia,Asia,27440,11043
2017-11-06,United Kingdom,Europe,21496,9053
2017-11-06,Russia,Europe,17799,9186
2017-11-06,Israel,Asia,17317,5138
2017-11-13,United States,North America,283521,72247
2017-11-13,Israel,Asia,27168,6760
2017-11-13,Zimbabwe,Africa,18399,5424
2017-11-13,United Kingdom,Europe,18315,7502
2017-11-13,Syria,Asia,16247,7823
2017-11-20,United States,North America,200318,54760
2017-11-20,Egypt,Africa,49448,12600
2017-11-20,Israel,Asia,24011,6019
2017-11-20,United Kingdom,Europe,22629,8197
2017-11-20,Pakistan,Asia,17887,6995
2017-11-27,United States,North America,234538,66368
2017-11-27,Israel,Asia,30216,7883
2017-11-27,United Kingdom,Europe,27441,8690
2017-11-27,Russia,Europe,25137,9940
2017-11-27,North Korea,Asia,22384,5722
2017-12-04,United States,North America,279056,74708
2017-12-04,Israel,Asia,127676,31909
2017-12-04,United Kingdom,Europe,23494,8787
2017-12-04,Yemen,Asia,21180,9114
2017-12-04,Palestine,Asia,17821,4782
2017-12-11,United States,North America,241399,67970
2017-12-11,Israel,Asia,89753,23611
2017-12-11,Russia,Europe,20629,9777
2017-12-11,United Kingdom,Europe,19003,7037
2017-12-11,India,Asia,14847,8798
2017-12-18,United States,North America,219163,60846
2017-12-18,Israel,Asia,59977,15286
2017-12-18,United Kingdom,Europe,22827,7717
2017-12-18,Russia,Europe,18798,8899
2017-12-18,India,Asia,13606,7465
2017-12-25,United States,North America,170806,46262
2017-12-25,Israel,Asia,44284,10570
2017-12-25,Egypt,Africa,30032,9045
2017-12-25,Russia,Europe,23509,10017
2017-12-25,Afghanistan,Asia,21775,4815
2018-01-01,United States,North America,203685,56855
2018-01-01,Israel,Asia,45039,10609
2018-01-01,Iran,Asia,36071,14240
2018-01-01,United Kingdom,Europe,18591,6258
2018-01-01,India,Asia,16482,9177
2018-01-08,United States,North America,208825,64311
2018-01-08,Israel,Asia,39948,11697
2018-01-08,United Kingdom,Europe,24312,9067
2018-01-08,Syria,Asia,22032,10047
2018-01-08,Russia,Europe,17676,9502
2018-01-15,United States,North America,216328,64676
2018-01-15,Israel,Asia,42062,11192
2018-01-15,Turkey,Asia,28133,11068
2018-01-15,Syria,Asia,27130,11376
2018-01-15,Serbia,Europe,25951,4860
2018-01-22,United States,North America,233065,67968
2018-01-22,Turkey,Asia,39516,15839
2018-01-22,Syria,Asia,35913,14393
2018-01-22,Israel,Asia,33154,6921
2018-01-22,Afghanistan,Asia,27388,7725
2018-01-29,United States,North America,222226,66318
2018-01-29,Israel,Asia,53290,9801
2018-01-29,Syria,Asia,36911,13652
2018-01-29,Russia,Europe,31499,13303
2018-01-29,Turkey,Asia,27842,11684
2018-02-05,United States,North America,218060,63413
2018-02-05,Israel,Asia,66353,17854
2018-02-05,Syria,Asia,61489,23727
2018-02-05,Turkey,Asia,26200,10084
2018-02-05,Russia,Europe,25615,11455
2018-02-12,United States,North America,332640,84723
2018-02-12,Israel,Asia,56259,14947
2018-02-12,Russia,Europe,32115,12703
2018-02-12,Syria,Asia,23881,11764
2018-02-12,United Kingdom,Europe,21674,7806
2018-02-19,United States,North America,374361,83906
2018-02-19,Syria,Asia,58660,20685
2018-02-19,Israel,Asia,48019,10340
2018-02-19,Russia,Europe,36514,14309
2018-02-19,United Kingdom,Europe,20653,7607
2018-02-26,United States,North America,314456,80947
2018-02-26,Syria,Asia,45587,17696
2018-02-26,Israel,Asia,36114,7413
2018-02-26,Russia,Europe,26453,12313
2018-02-26,United Kingdom,Europe,21176,7979
2018-03-05,United States,North America,268650,73677
2018-03-05,Russia,Europe,38767,14338
2018-03-05,Israel,Asia,34908,7098
2018-03-05,Syria,Asia,33422,14239
2018-03-05,United Kingdom,Europe,26611,9899
2018-03-12,United States,North America,268209,74904
2018-03-12,Russia,Europe,74798,24464
2018-03-12,Syria,Asia,45179,14715
2018-03-12,United Kingdom,Europe,43864,15930
2018-03-12,Israel,Asia,36085,8559
2018-03-19,United States,North America,301002,76631
2018-03-19,Russia,Europe,40621,15912
2018-03-19,Israel,Asia,34786,9724
2018-03-19,France,Europe,31703,10986
2018-03-19,Syria,Asia,30433,12710
2018-03-26,United States,North America,270378,73362
2018-03-26,Russia,Europe,126287,34034
2018-03-26,Israel,Asia,65997,16157
2018-03-26,United Kingdom,Europe,41600,14648
2018-03-26,Serbia,Europe,24142,4891
2018-04-02,United States,North America,269025,76743
2018-04-02,Israel,Asia,65094,17055
2018-04-02,Russia,Europe,38411,15686
2018-04-02,Syria,Asia,33726,11064
2018-04-02,United Kingdom,Europe,28850,10010
2018-04-09,United States,North America,292226,81784
2018-04-09,Syria,Asia,262666,55864
2018-04-09,Russia,Europe,98374,28861
2018-04-09,Israel,Asia,69913,15511
2018-04-09,United Kingdom,Europe,54322,15539
2018-04-16,United States,North America,300201,79331
2018-04-16,Syria,Asia,67592,21799
2018-04-16,Israel,Asia,54075,11381
2018-04-16,Russia,Europe,35375,14385
2018-04-16,United Kingdom,Europe,33092,12327
2018-04-23,United States,North America,323119,75961
2018-04-23,Israel,Asia,56708,12651
2018-04-23,United Kingdom,Europe,24618,8803
2018-04-23,Syria,Asia,21886,8759
2018-04-23,Canada,North America,20417,6094
2018-04-30,United States,North America,274790,71790
2018-04-30,Israel,Asia,38940,10185
2018-04-30,Afghanistan,Asia,37582,8002
2018-04-30,Russia,Europe,22066,8917
2018-04-30,United Kingdom,Europe,21797,8280
2018-05-07,United States,North America,281950,72192
2018-05-07,Israel,Asia,85494,21755
2018-05-07,Iran,Asia,51334,16859
2018-05-07,Syria,Asia,45862,13305
2018-05-07,Indonesia,Asia,30915,5439
2018-05-14,United States,North America,304736,77827
2018-05-14,Israel,Asia,167891,39030
2018-05-14,Indonesia,Asia,24887,7592
2018-05-14,United Kingdom,Europe,21730,7791
2018-05-14,Russia,Europe,20038,8764
2018-05-21,United States,North America,294176,73692
2018-05-21,Israel,Asia,45901,13120
2018-05-21,United Kingdom,Europe,23121,7674
2018-05-21,Russia,Europe,20924,10055
2018-05-21,Syria,Asia,18951,6958
2018-05-28,United States,North America,252135,63127
2018-05-28,Israel,Asia,71839,18558
2018-05-28,Russia,Europe,36273,14139
2018-05-28,Ukraine,Europe,27026,10847
2018-05-28,Belgium,Europe,21370,5221
2018-06-04,United States,North America,247385,68046
2018-06-04,Israel,Asia,40140,10307
2018-06-04,United Kingdom,Europe,20825,7299
2018-06-04,Russia,Europe,18539,8468
2018-06-04,India,Asia,13879,8252
2018-06-11,United States,North America,225874,63937
2018-06-11,Israel,Asia,26553,7467
2018-06-11,United Kingdom,Europe,22309,7540
2018-06-11,Afghanistan,Asia,17308,5489
2018-06-11,Yemen,Asia,15550,4417
2018-06-18,United States,North America,237121,69425
2018-06-18,Israel,Asia,39307,10345
2018-06-18,United Kingdom,Europe,19970,7071
2018-06-18,Syria,Asia,16158,8301
2018-06-18,India,Asia,14381,8944
2018-06-25,United States,North America,333618,81294
2018-06-25,Israel,Asia,25103,7321
2018-06-25,United Kingdom,Europe,18365,7313
2018-06-25,Syria,Asia,15804,7637
2018-06-25,Mexico,North America,14722,5638
2018-07-02,United States,North America,232054,62349
2018-07-02,Israel,Asia,35345,8035
2018-07-02,United Kingdom,Europe,23404,7839
2018-07-02,Australia,Oceania,16206,4734
2018-07-02,Syria,Asia,14602,7012
2018-07-09,United States,North America,254495,62964
2018-07-09,Israel,Asia,49490,12530
2018-07-09,United Kingdom,Europe,28723,8823
2018-07-09,Russia,Europe,25003,9246
2018-07-09,Pakistan,Asia,23611,8723
2018-07-16,United States,North America,259985,66558
2018-07-16,Israel,Asia,49937,12677
2018-07-16,Russia,Europe,44288,16807
2018-07-16,United Kingdom,Europe,21005,8292
2018-07-16,Syria,Asia,16724,6232
2018-07-23,United States,North America,301652,70643
2018-07-23,Israel,Asia,57368,15725
2018-07-23,Canada,North America,41298,6332
2018-07-23,Syria,Asia,26577,10628
2018-07-23,Russia,Europe,21285,10506
2018-07-30,United States,North America,277393,69793
2018-07-30,Israel,Asia,31831,9261
2018-07-30,Russia,Europe,29818,12496
2018-07-30,United Kingdom,Europe,18100,7248
2018-07-30,Australia,Oceania,17339,4445
2018-08-06,United States,North America,318142,78653
2018-08-06,Israel,Asia,62657,13915
2018-08-06,Canada,North America,31759,8842
2018-08-06,Russia,Europe,30548,12886
2018-08-06,United Kingdom,Europe,21794,7603
2018-08-13,United States,North America,249877,67022
2018-08-13,Afghanistan,Asia,37518,9888
2018-08-13,Israel,Asia,37093,8571
2018-08-13,United Kingdom,Europe,36386,9573
2018-08-13,Australia,Oceania,17916,4724
2018-08-20,United States,North America,341857,77513
2018-08-20,Russia,Europe,39517,15051
2018-08-20,Israel,Asia,21487,6026
2018-08-20,Australia,Oceania,17924,4679
2018-08-20,United Kingdom,Europe,17922,7271
2018-08-27,United States,North America,268463,69954
2018-08-27,Israel,Asia,31196,6847
2018-08-27,Russia,Europe,27094,13165
2018-08-27,United Kingdom,Europe,24501,8587
2018-08-27,Australia,Oceania,21688,4441
2018-09-03,United States,North America,259395,63059
2018-09-03,Syria,Asia,44217,15283
2018-09-03,Israel,Asia,40127,8740
2018-09-03,Russia,Europe,38655,16794
2018-09-03,United Kingdom,Europe,27245,9523
2018-09-10,United States,North America,330552,72323
2018-09-10,Israel,Asia,58919,10795
2018-09-10,Russia,Europe,33964,14375
2018-09-10,Syria,Asia,30704,11257
2018-09-10,Afghanistan,Asia,21649,6131
2018-09-17,United States,North America,346504,73517
2018-09-17,Israel,Asia,45911,13877
2018-09-17,Russia,Europe,39719,15521
2018-09-17,Syria,Asia,32635,11369
2018-09-17,Iran,Asia,27679,7925
2018-09-24,United States,North America,337274,76052
2018-09-24,Israel,Asia,33956,8545
2018-09-24,Russia,Europe,25919,11107
2018-09-24,Iran,Asia,17047,7138
2018-09-24,United Kingdom,Europe,16164,6811
2018-10-01,United States,North America,344070,75230
2018-10-01,Israel,Asia,39198,8756
2018-10-01,Russia,Europe,21525,10475
2018-10-01,United Kingdom,Europe,19592,7309
2018-10-01,Iran,Asia,15862,6129
2018-10-08,United States,North America,239331,63674
2018-10-08,Saudi Arabia,Asia,43291,11708
2018-10-08,Turkey,Asia,41253,10326
2018-10-08,Israel,Asia,40453,9516
2018-10-08,Russia,Europe,19216,9092
2018-10-15,United States,North America,250690,66543
2018-10-15,Saudi Arabia,Asia,83597,20139
2018-10-15,Israel,Asia,46701,11462
2018-10-15,Turkey,Asia,42856,12890
2018-10-15,Afghanistan,Asia,31148,7089
2018-10-22,United States,North America,275716,73078
2018-10-22,Saudi Arabia,Asia,64667,20133
2018-10-22,Israel,Asia,64465,12788
2018-10-22,Turkey,Asia,38623,12490
2018-10-22,Russia,Europe,24239,10432
2018-10-29,United States,North America,353436,83819
2018-10-29,Israel,Asia,32427,7521
2018-10-29,Pakistan,Asia,26289,8147
2018-10-29,United Kingdom,Europe,25383,7633
2018-10-29,Saudi Arabia,Asia,24142,10002
2018-11-05,United States,North America,369346,83674
2018-11-05,Israel,Asia,31948,8265
2018-11-05,Australia,Oceania,25070,5151
2018-11-05,United Kingdom,Europe,24529,8281
2018-11-05,Russia,Europe,20895,9961
2018-11-12,United States,North America,298898,71558
2018-11-12,Israel,Asia,109012,22074
2018-11-12,Saudi Arabia,Asia,38620,11523
2018-11-12,Australia,Oceania,23945,4562
2018-11-12,United Kingdom,Europe,23427,8847
2018-11-19,United States,North America,285118,61697
2018-11-19,Israel,Asia,33285,7606
2018-11-19,Saudi Arabia,Asia,32776,10646
2018-11-19,United Kingdom,Europe,25560,8998
2018-11-19,France,Europe,21360,6206
2018-11-26,United States,North America,243464,67601
2018-11-26,Russia,Europe,78231,26878
2018-11-26,Ukraine,Europe,64301,20842
2018-11-26,Israel,Asia,32304,7489
2018-11-26,Afghanistan,Asia,26879,6044
2018-12-03,United States,North America,199624,59256
2018-12-03,Russia,Europe,30354,13004
2018-12-03,Israel,Asia,30175,7461
2018-12-03,France,Europe,27276,9648
2018-12-03,Canada,North America,19717,5502
2018-12-10,United States,North America,213697,62577
2018-12-10,Israel,Asia,64695,12366
2018-12-10,France,Europe,54084,13510
2018-12-10,Russia,Europe,32592,12798
2018-12-10,China,Asia,26392,9159
2018-12-17,United States,North America,213533,63061
2018-12-17,Israel,Asia,43103,8005
2018-12-17,Syria,Asia,26489,7212
2018-12-17,United Kingdom,Europe,25456,8538
2018-12-17,Russia,Europe,21695,10775
2018-12-24,United States,North America,153957,42624
2018-12-24,Israel,Asia,30163,7136
2018-12-24,Syria,Asia,17845,6726
2018-12-24,Russia,Europe,16648,8456
2018-12-24,United Kingdom,Europe,15136,5169
2018-12-31,United States,North America,175363,49241
2018-12-31,Russia,Europe,25798,7889
2018-12-31,United Kingdom,Europe,21464,6836
2018-12-31,Israel,Asia,18020,6323
2018-12-31,Syria,Asia,13110,5183
2019-01-07,United States,North America,226265,62369
2019-01-07,Israel,Asia,38064,9030
2019-01-07,United Kingdom,Europe,15719,7060
2019-01-07,Russia,Europe,15618,7795
2019-01-07,France,Europe,15267,6084
2019-01-14,United States,North America,219197,62507
2019-01-14,Israel,Asia,30760,6970
2019-01-14,Russia,Europe,24660,10173
2019-01-14,Canada,North America,22881,7185
2019-01-14,Kenya,Africa,20797,5377
2019-01-21,United States,North America,217487,63653
2019-01-21,Israel,Asia,50405,11130
2019-01-21,Russia,Europe,25759,10235
2019-01-21,United Kingdom,Europe,22953,8391
2019-01-21,Venezuela,South America,20002,7780
2019-01-28,United States,North America,207574,64409
2019-01-28,Israel,Asia,33201,6731
2019-01-28,Russia,Europe,22644,9666
2019-01-28,Venezuela,South America,21955,8558
2019-01-28,Canada,North America,21073,5482
2019-02-04,United States,North America,244400,65887
2019-02-04,Israel,Asia,30308,6309
2019-02-04,Russia,Europe,21436,9346
2019-02-04,United Kingdom,Europe,19508,7090
2019-02-04,Canada,North America,17266,4519
2019-02-11,United States,North America,274301,72852
2019-02-11,Israel,Asia,36460,6183
2019-02-11,India,Asia,24122,12080
2019-02-11,United Kingdom,Europe,21974,7649
2019-02-11,Russia,Europe,19585,9412
2019-02-18,United States,North America,198644,63250
2019-02-18,Israel,Asia,39650,6927
2019-02-18,Venezuela,South America,25110,9445
2019-02-18,India,Asia,23306,13775
2019-02-18,United Kingdom,Europe,23066,8386
2019-02-25,United States,North America,198786,63044
2019-02-25,Pakistan,Asia,74215,25468
2019-02-25,Israel,Asia,47008,8167
2019-02-25,India,Asia,42439,19394
2019-02-25,United Kingdom,Europe,27755,8216
2019-03-04,United States,North America,216011,63158
2019-03-04,Israel,Asia,45207,9460
2019-03-04,United Kingdom,Europe,31003,9098
2019-03-04,Pakistan,Asia,22752,11546
2019-03-04,Canada,North America,21996,5054
2019-03-11,United States,North America,232199,66783
2019-03-11,New Zealand,Oceania,56701,12134
2019-03-11,Israel,Asia,56183,10851
2019-03-11,Australia,Oceania,38256,9002
2019-03-11,United Kingdom,Europe,25388,9509
2019-03-18,United States,North America,263894,67806
2019-03-18,New Zealand,Oceania,44866,12960
2019-03-18,Israel,Asia,44354,9393
2019-03-18,Australia,Oceania,25538,7974
2019-03-18,Russia,Europe,23808,8808
2019-03-25,United States,North America,265108,69533
2019-03-25,Israel,Asia,113156,23012
2019-03-25,United Kingdom,Europe,25724,8434
2019-03-25,Russia,Europe,23747,10010
2019-03-25,Palestine,Asia,16687,2213
2019-04-01,United States,North America,235888,66149
2019-04-01,Israel,Asia,35511,8007
2019-04-01,United Kingdom,Europe,28769,8772
2019-04-01,Mexico,North America,22975,5707
2019-04-01,Libya,Africa,14093,4082
2019-04-08,United States,North America,253079,67716
2019-04-08,United Kingdom,Europe,57028,15810
2019-04-08,Israel,Asia,40141,7307
2019-04-08,Libya,Africa,17783,5832
2019-04-08,Russia,Europe,17477,8096
2019-04-15,United States,North America,243019,63613
2019-04-15,France,Europe,40572,7592
2019-04-15,United Kingdom,Europe,36855,11730
2019-04-15,Israel,Asia,25668,5336
2019-04-15,Russia,Europe,22348,8534
2019-04-22,United States,North America,250208,66744
2019-04-22,Sri Lanka,Asia,77498,20616
2019-04-22,United Kingdom,Europe,30031,10247
2019-04-22,Israel,Asia,24280,4678
2019-04-22,Russia,Europe,16700,8278
2019-04-29,United States,North America,265493,71474
2019-04-29,Israel,Asia,92623,15355
2019-04-29,United Kingdom,Europe,32568,9633
2019-04-29,Venezuela,South America,23827,7959
2019-04-29,Russia,Europe,21485,7775
2019-05-06,United States,North America,270611,68718
2019-05-06,Israel,Asia,49182,11954
2019-05-06,United Kingdom,Europe,24893,7567
2019-05-06,Russia,Europe,19628,8647
2019-05-06,China,Asia,16092,5259
2019-05-13,United States,North America,287219,71010
2019-05-13,United Kingdom,Europe,24644,8939
2019-05-13,Iran,Asia,23428,8028
2019-05-13,India,Asia,15434,8908
2019-05-13,China,Asia,15159,6199
2019-05-20,United States,North America,264533,71071
2019-05-20,United Kingdom,Europe,23879,8879
2019-05-20,Israel,Asia,21137,5193
2019-05-20,China,Asia,17890,8911
2019-05-20,Iran,Asia,16571,5734
2019-05-27,United States,North America,226629,59993
2019-05-27,Israel,Asia,33745,7270
2019-05-27,United Kingdom,Europe,19493,7294
2019-05-27,Russia,Europe,18026,7633
2019-05-27,China,Asia,16793,6817
2019-06-03,United States,North America,240643,66001
2019-06-03,United Kingdom,Europe,31762,10024
2019-06-03,Israel,Asia,22182,4248
2019-06-03,Australia,Oceania,19365,4926
2019-06-03,Sudan,Africa,18575,6021
2019-06-10,United States,North America,216327,60938
2019-06-10,Israel,Asia,30172,5805
2019-06-10,United Kingdom,Europe,27007,8770
2019-06-10,Iran,Asia,23680,7267
2019-06-10,India,Asia,16506,9097
2019-06-17,United States,North America,249219,67609
2019-06-17,Iran,Asia,98121,18226
2019-06-17,Israel,Asia,21670,4327
2019-06-17,Russia,Europe,21616,10564
2019-06-17,United Kingdom,Europe,19196,7722
2019-06-24,United States,North America,274439,71072
2019-06-24,Iran,Asia,40438,11240
2019-06-24,Israel,Asia,28546,6044
2019-06-24,Russia,Europe,18420,8872
2019-06-24,United Kingdom,Europe,16822,7140
2019-07-01,United States,North America,178550,52682
2019-07-01,Israel,Asia,24872,6023
2019-07-01,United Kingdom,Europe,17937,7422
2019-07-01,Russia,Europe,16770,8031
2019-07-01,Libya,Africa,15384,4501
2019-07-08,United States,North America,212041,61640
2019-07-08,United Kingdom,Europe,33270,9504
2019-07-08,Israel,Asia,24628,4943
2019-07-08,Russia,Europe,15507,7890
2019-07-08,Iran,Asia,14786,5728
2019-07-15,United States,North America,205622,63015
2019-07-15,United Kingdom,Europe,31819,10185
2019-07-15,Iran,Asia,31387,9607
2019-07-15,Israel,Asia,28994,4636
2019-07-15,Mexico,North America,19418,5429
2019-07-22,United States,North America,197057,59240
2019-07-22,Russia,Europe,36006,12082
2019-07-22,Israel,Asia,34751,7321
2019-07-22,United Kingdom,Europe,31590,10445
2019-07-22,Iran,Asia,16568,6536
2019-07-29,United States,North America,350658,74689
2019-07-29,Russia,Europe,26164,11275
2019-07-29,Israel,Asia,25572,5308
2019-07-29,United Kingdom,Europe,20568,8442
2019-07-29,Mexico,North America,18164,4971
2019-08-05,United States,North America,394282,88860
2019-08-05,Israel,Asia,40809,7428
2019-08-05,Mexico,North America,24290,5975
2019-08-05,United Kingdom,Europe,21710,7090
2019-08-05,India,Asia,18361,10528
2019-08-12,United States,North America,248979,67442
2019-08-12,Israel,Asia,52631,10654
2019-08-12,United Kingdom,Europe,25782,8215
2019-08-12,China,Asia,19191,7260
2019-08-12,Hong Kong,Asia,18323,4432
2019-08-19,United States,North America,223772,62438
2019-08-19,Israel,Asia,33143,9156
2019-08-19,China,Asia,19217,6963
2019-08-19,United Kingdom,Europe,18525,7661
2019-08-19,Russia,Europe,17926,8182
2019-08-26,United States,North America,227242,62627
2019-08-26,Israel,Asia,45711,11441
2019-08-26,United Kingdom,Europe,23739,8667
2019-08-26,China,Asia,17810,7351
2019-08-26,Russia,Europe,14884,8070
2019-09-02,United States,North America,231274,59624
2019-09-02,United Kingdom,Europe,25972,9313
2019-09-02,Afghanistan,Asia,23045,6680
2019-09-02,Israel,Asia,19473,7499
2019-09-02,Russia,Europe,16790,8798
2019-09-09,United States,North America,222526,62656
2019-09-09,United Kingdom,Europe,24970,8893
2019-09-09,Afghanistan,Asia,19938,5859
2019-09-09,Saudi Arabia,Asia,16847,4010
2019-09-09,Iran,Asia,16712,4834
2019-09-16,United States,North America,197616,60114
2019-09-16,Iran,Asia,32300,10820
2019-09-16,Saudi Arabia,Asia,23881,8471
2019-09-16,United Kingdom,Europe,16969,7035
2019-09-16,Russia,Europe,14477,7928
2019-09-23,United States,North America,197793,59338
2019-09-23,United Kingdom,Europe,23532,7907
2019-09-23,Ukraine,Europe,20441,7161
2019-09-23,Iran,Asia,14710,5297
2019-09-23,Russia,Europe,12592,6485
2019-09-30,United States,North America,251879,60656
2019-09-30,Iraq,Asia,29183,8097
2019-09-30,China,Asia,24114,7852
2019-09-30,United Kingdom,Europe,18078,7654
2019-09-30,Hong Kong,Asia,17537,5061
2019-10-07,United States,North America,231984,64486
2019-10-07,Turkey,Asia,99190,29322
2019-10-07,Syria,Asia,76368,20178
2019-10-07,United Kingdom,Europe,29313,8713
2019-10-07,Ukraine,Europe,15520,6066
2019-10-14,United States,North America,231813,61867
2019-10-14,Turkey,Asia,75911,24917
2019-10-14,Syria,Asia,64760,19883
2019-10-14,Spain,Europe,29076,10441
2019-10-14,United Kingdom,Europe,23948,8994
2019-10-21,United States,North America,189392,58280
2019-10-21,United Kingdom,Europe,42325,11891
2019-10-21,Syria,Asia,38272,12676
2019-10-21,Turkey,Asia,31203,11307
2019-10-21,Iraq,Asia,23787,6804
2019-10-28,United States,North America,204459,61085
2019-10-28,Syria,Asia,27854,11250
2019-10-28,United Kingdom,Europe,19765,8427
2019-10-28,Iraq,Asia,18779,6290
2019-10-28,Russia,Europe,17661,8115
2019-11-04,United States,North America,189706,58146
2019-11-04,Mexico,North America,31018,8348
2019-11-04,United Kingdom,Europe,19846,7777
2019-11-04,Iraq,Asia,19281,6549
2019-11-04,Turkey,Asia,13218,5725
2019-11-11,United States,North America,212159,59350
2019-11-11,Israel,Asia,57697,17168
2019-11-11,Hong Kong,Asia,21667,5541
2019-11-11,Russia,Europe,19954,8630
2019-11-11,United Kingdom,Europe,19372,7184
2019-11-18,United States,North America,197006,59438
2019-11-18,United Kingdom,Europe,27515,8576
2019-11-18,Israel,Asia,24497,9333
2019-11-18,China,Asia,15652,5962
2019-11-18,Iraq,Asia,15021,4210
2019-11-25,United States,North America,144418,44019
2019-11-25,United Kingdom,Europe,53721,12787
2019-11-25,Iraq,Asia,25241,8947
2019-11-25,Israel,Asia,14137,7320
2019-11-25,China,Asia,13598,5009
2019-12-02,United States,North America,212923,59934
2019-12-02,United Kingdom,Europe,33889,10354
2019-12-02,India,Asia,25492,11956
2019-12-02,Russia,Europe,17855,8944
2019-12-02,Ukraine,Europe,16139,5025
2019-12-09,United States,North America,192155,60647
2019-12-09,United Kingdom,Europe,23208,7655
2019-12-09,India,Asia,20982,11307
2019-12-09,Russia,Europe,17735,8390
2019-12-09,Ukraine,Europe,16028,5927
2019-12-16,United States,North America,190090,58303
2019-12-16,India,Asia,46342,19553
2019-12-16,United Kingdom,Europe,29314,7637
2019-12-16,Russia,Europe,20601,8677
2019-12-16,Australia,Oceania,15647,5008
2019-12-23,United States,North America,136521,40977
2019-12-23,Saudi Arabia,Asia,17068,4315
2019-12-23,Russia,Europe,16703,7961
2019-12-23,Syria,Asia,16500,5972
2019-12-23,Turkey,Asia,14478,4923
2019-12-30,United States,North America,89954,24205
2019-12-30,Iraq,Asia,22514,7971
2019-12-30,Iran,Asia,17296,5099
2019-12-30,China,Asia,7116,2394
2019-12-30,United Kingdom,Europe,5699,2044
2020-01-06,Iran,Asia,234010,63732
2020-01-06,United States,North America,232935,76379
2020-01-06,Iraq,Asia,86936,29004
2020-01-06,Ukraine,Europe,29270,9796
2020-01-06,Australia,Oceania,28763,7564
2020-01-13,United States,North America,191245,61384
2020-01-13,Iran,Asia,61639,22567
2020-01-13,Ukraine,Europe,24290,8342
2020-01-13,Iraq,Asia,19543,7951
2020-01-13,United Kingdom,Europe,19176,7640
2020-01-20,United States,North America,195877,58767
2020-01-20,China,Asia,23922,8406
2020-01-20,United Kingdom,Europe,20872,6880
2020-01-20,Iraq,Asia,19676,6896
2020-01-20,Iran,Asia,17151,7352
2020-01-27,United States,North America,185997,58795
2020-01-27,China,Asia,79559,24421
2020-01-27,United Kingdom,Europe,35981,10451
2020-01-27,Israel,Asia,26559,9779
2020-01-27,India,Asia,17670,9240
2020-02-03,United States,North America,206869,61993
2020-02-03,China,Asia,47196,16561
2020-02-03,United Kingdom,Europe,33266,9946
2020-02-03,Syria,Asia,19840,8854
2020-02-03,Thailand,Asia,18562,3402
2020-02-10,United States,North America,185198,59818
2020-02-10,United Kingdom,Europe,23270,8182
2020-02-10,China,Asia,23005,10301
2020-02-10,Syria,Asia,21569,9602
2020-02-10,Russia,Europe,17733,8959
2020-02-17,United States,North America,181730,56822
2020-02-17,China,Asia,24816,10115
2020-02-17,United Kingdom,Europe,23943,7678
2020-02-17,Russia,Europe,22354,10814
2020-02-17,Germany,Europe,16187,5911
2020-02-24,United States,North America,204737,61876
2020-02-24,Syria,Asia,34655,12976
2020-02-24,Turkey,Asia,30530,13077
2020-02-24,India,Asia,28254,11260
2020-02-24,China,Asia,20324,8811
2020-03-02,United States,North America,171669,54961
2020-03-02,Turkey,Asia,29210,13025
2020-03-02,Syria,Asia,22410,10090
2020-03-02,United Kingdom,Europe,21625,7022
2020-03-02,China,Asia,17323,7417
2020-03-09,United States,North America,169088,56837
2020-03-09,Iraq,Asia,28591,6218
2020-03-09,United Kingdom,Europe,27419,8099
2020-03-09,Italy,Europe,17076,7477
2020-03-09,Israel,Asia,16347,3255
2020-03-16,United States,North America,146268,50113
2020-03-16,United Kingdom,Europe,22036,7280
2020-03-16,China,Asia,16566,6422
2020-03-16,Israel,Asia,15479,2998
2020-03-16,Canada,North America,14848,4371
2020-03-23,United States,North America,113932,42472
2020-03-23,Israel,Asia,23411,3430
2020-03-23,United Kingdom,Europe,17203,6374
2020-03-23,China,Asia,13559,6367
2020-03-23,Russia,Europe,9868,5570
2020-03-30,United States,North America,116287,42585
2020-03-30,Israel,Asia,16414,3687
2020-03-30,United Kingdom,Europe,15194,6347
2020-03-30,China,Asia,12842,5669
2020-03-30,Russia,Europe,10407,5537
2020-04-06,United States,North America,116207,38794
2020-04-06,United Kingdom,Europe,21373,6987
2020-04-06,China,Asia,13941,5905
2020-04-06,Australia,Oceania,12635,3433
2020-04-06,Israel,Asia,9923,2579
2020-04-13,United States,North America,112456,38707
2020-04-13,Israel,Asia,15974,3141
2020-04-13,China,Asia,12487,6158
2020-04-13,United Kingdom,Europe,10830,4774
2020-04-13,Russia,Europe,8290,5058
2020-04-20,United States,North America,103174,38222
2020-04-20,Canada,North America,27429,6516
2020-04-20,United Kingdom,Europe,12246,5341
2020-04-20,Israel,Asia,11567,3284
2020-04-20,China,Asia,9754,5111
2020-04-27,United States,North America,117105,40646
2020-04-27,Israel,Asia,17342,3599
2020-04-27,United Kingdom,Europe,14298,5464
2020-04-27,Canada,North America,12004,3437
2020-04-27,China,Asia,11163,5332
2020-05-04,United States,North America,136713,45289
2020-05-04,Israel,Asia,16202,3479
2020-05-04,United Kingdom,Europe,13374,5205
2020-05-04,China,Asia,11509,5395
2020-05-04,India,Asia,10943,6727
2020-05-11,United States,North America,127369,42988
2020-05-11,Israel,Asia,23950,6026
2020-05-11,United Kingdom,Europe,12938,5022
2020-05-11,China,Asia,12734,5968
2020-05-11,Afghanistan,Asia,11990,5567
2020-05-18,United States,North America,118785,41826
2020-05-18,Israel,Asia,18632,4789
2020-05-18,China,Asia,15893,6626
2020-05-18,United Kingdom,Europe,14083,5194
2020-05-18,Russia,Europe,10160,6322
2020-05-25,United States,North America,256498,70208
2020-05-25,China,Asia,19056,8122
2020-05-25,Israel,Asia,18489,4029
2020-05-25,United Kingdom,Europe,11990,4836
2020-05-25,Russia,Europe,10925,6157
2020-06-01,United States,North America,348152,101767
2020-06-01,United Kingdom,Europe,22514,7362
2020-06-01,Israel,Asia,21567,4415
2020-06-01,China,Asia,16251,7306
2020-06-01,France,Europe,12702,4332
2020-06-08,United States,North America,236924,69623
2020-06-08,United Kingdom,Europe,26534,8694
2020-06-08,Israel,Asia,15387,3670
2020-06-08,Russia,Europe,12557,5744
2020-06-08,China,Asia,10452,5158
2020-06-15,United States,North America,200630,63620
2020-06-15,China,Asia,32880,11598
2020-06-15,Russia,Europe,15915,7411
2020-06-15,India,Asia,15169,8247
2020-06-15,United Kingdom,Europe,15047,6480
2020-06-22,United States,North America,180476,57184
2020-06-22,United Kingdom,Europe,18111,6463
2020-06-22,Israel,Asia,17672,4840
2020-06-22,China,Asia,15547,7288
2020-06-22,Russia,Europe,11851,6157
2020-06-29,United States,North America,188313,56221
2020-06-29,China,Asia,22575,8899
2020-06-29,United Kingdom,Europe,20064,7439
2020-06-29,India,Asia,13804,8464
2020-06-29,Israel,Asia,12197,3439
2020-07-06,United States,North America,165465,54020
2020-07-06,India,Asia,17659,10534
2020-07-06,Russia,Europe,17238,8188
2020-07-06,Israel,Asia,16539,3901
2020-07-06,United Kingdom,Europe,15943,6542
2020-07-13,United States,North America,180424,57580
2020-07-13,United Kingdom,Europe,20369,7455
2020-07-13,China,Asia,19601,8340
2020-07-13,Russia,Europe,12575,6957
2020-07-13,Australia,Oceania,9979,3400
2020-07-20,United States,North America,182630,58567
2020-07-20,China,Asia,29062,12678
2020-07-20,United Kingdom,Europe,14070,6025
2020-07-20,Russia,Europe,11527,6639
2020-07-20,Australia,Oceania,9195,2999
2020-07-27,United States,North America,156051,51703
2020-07-27,China,Asia,24601,8149
2020-07-27,United Kingdom,Europe,13993,5758
2020-07-27,Russia,Europe,11732,6644
2020-07-27,Australia,Oceania,10889,3408
2020-08-03,United States,North America,138335,49312
2020-08-03,Lebanon,Asia,27475,7991
2020-08-03,China,Asia,23411,9062
2020-08-03,United Kingdom,Europe,12899,4956
2020-08-03,India,Asia,10801,6667
2020-08-10,United States,North America,136871,49211
2020-08-10,Belarus,Europe,24394,7635
2020-08-10,China,Asia,16119,7487
2020-08-10,Israel,Asia,14981,6338
2020-08-10,Russia,Europe,13613,6586
2020-08-17,United States,North America,185641,54707
2020-08-17,Russia,Europe,21190,7559
2020-08-17,United Kingdom,Europe,15364,5666
2020-08-17,China,Asia,12271,5466
2020-08-17,Israel,Asia,12028,6193
2020-08-24,United States,North America,271370,71613
2020-08-24,China,Asia,13387,6744
2020-08-24,Russia,Europe,12657,6821
2020-08-24,Australia,Oceania,11424,3754
2020-08-24,United Kingdom,Europe,11201,4865
2020-08-31,United States,North America,195293,60327
2020-08-31,Russia,Europe,17275,7840
2020-08-31,China,Asia,15779,7382
2020-08-31,United Kingdom,Europe,15549,5580
2020-08-31,Australia,Oceania,9899,3819
2020-09-07,United States,North America,172224,54428
2020-09-07,United Kingdom,Europe,15708,6523
2020-09-07,China,Asia,14844,7282
2020-09-07,Russia,Europe,12962,6989
2020-09-07,India,Asia,11842,7165
2020-09-14,United States,North America,157178,54412
2020-09-14,China,Asia,18690,6906
2020-09-14,United Kingdom,Europe,16442,6139
2020-09-14,Russia,Europe,12180,6782
2020-09-14,India,Asia,10342,6579
2020-09-21,United States,North America,185332,56561
2020-09-21,United Kingdom,Europe,23911,7784
2020-09-21,China,Asia,13230,6378
2020-09-21,Russia,Europe,11352,6035
2020-09-21,France,Europe,10692,4268
2020-09-28,United States,North America,114817,43527
2020-09-28,Armenia,Asia,23412,11131
2020-09-28,Azerbaijan,Asia,23331,10492
2020-09-28,Russia,Europe,15273,7831
2020-09-28,India,Asia,15197,9398
2020-10-05,United States,North America,110651,41619
2020-10-05,United Kingdom,Europe,12429,5022
2020-10-05,Russia,Europe,12291,6504
2020-10-05,Azerbaijan,Asia,12149,5662
2020-10-05,Armenia,Asia,11797,5752
2020-10-12,United States,North America,74041,30229
2020-10-12,United Kingdom,Europe,14124,4971
2020-10-12,France,Europe,11831,4840
2020-10-12,Russia,Europe,9248,5115
2020-10-12,Azerbaijan,Asia,9104,4209
2020-10-19,United States,North America,61777,28177
2020-10-19,Nigeria,Africa,11017,5540
2020-10-19,France,Europe,8001,4272
2020-10-19,Russia,Europe,7473,3681
2020-10-19,United Kingdom,Europe,6858,3597
2020-10-26,United States,North America,59220,23667
2020-10-26,France,Europe,16661,7516
2020-10-26,Russia,Europe,5512,3289
2020-10-26,United Kingdom,Europe,5379,2696
2020-10-26,China,Asia,4962,2227
2020-11-02,United States,North America,63252,22857
2020-11-02,Austria,Europe,8457,3083
2020-11-02,United Kingdom,Europe,5606,2573
2020-11-02,Afghanistan,Asia,4555,1831
2020-11-02,France,Europe,4279,2680
2020-11-09,United States,North America,26158,14106
2020-11-09,Russia,Europe,4180,2450
2020-11-09,United Kingdom,Europe,3930,2250
2020-11-09,Ethiopia,Africa,3063,1348
2020-11-09,Israel,Asia,2525,1243
2020-11-16,United States,North America,104869,37729
2020-11-16,United Kingdom,Europe,11936,5075
2020-11-16,Russia,Europe,8542,4815
2020-11-16,Germany,Europe,7722,2685
2020-11-16,India,Asia,7535,4832
2020-11-23,United States,North America,83045,32950
2020-11-23,Iran,Asia,19101,7344
2020-11-23,United Kingdom,Europe,18887,6450
2020-11-23,India,Asia,12137,7150
2020-11-23,Israel,Asia,11058,5171
2020-11-30,United States,North America,106729,38944
2020-11-30,United Kingdom,Europe,16424,6167
2020-11-30,China,Asia,10869,4957
2020-11-30,Iran,Asia,10711,5056
2020-11-30,Russia,Europe,10577,5779
2020-12-07,United States,North America,123531,42031
2020-12-07,United Kingdom,Europe,17974,6152
2020-12-07,Russia,Europe,11626,6172
2020-12-07,China,Asia,10837,4797
2020-12-07,India,Asia,8817,5939
2020-12-14,United States,North America,117115,41371
2020-12-14,United Kingdom,Europe,28651,7660
2020-12-14,Nigeria,Africa,15315,7541
2020-12-14,Russia,Europe,12048,6518
2020-12-14,Afghanistan,Asia,9310,3048
2020-12-21,United States,North America,92318,32547
2020-12-21,United Kingdom,Europe,36777,11232
2020-12-21,Russia,Europe,15433,7434
2020-12-21,France,Europe,11474,3544
2020-12-21,Iraq,Asia,11222,2876
2020-12-28,United States,North America,92893,33848
2020-12-28,United Kingdom,Europe,23138,6295
2020-12-28,China,Asia,14631,6130
2020-12-28,Russia,Europe,8241,4865
2020-12-28,India,Asia,7689,4870
2021-01-04,United States,North America,251778,71092
2021-01-04,United Kingdom,Europe,28358,9256
2021-01-04,China,Asia,12303,5494
2021-01-04,Iran,Asia,10279,3770
2021-01-04,India,Asia,9194,5627
2021-01-11,United States,North America,236141,68251
2021-01-11,United Kingdom,Europe,17400,6989
2021-01-11,Russia,Europe,10610,5691
2021-01-11,China,Asia,10504,5335
2021-01-11,India,Asia,7650,4822
2021-01-18,United States,North America,144240,52240
2021-01-18,Russia,Europe,31069,10903
2021-01-18,United Kingdom,Europe,13436,5925
2021-01-18,China,Asia,11109,5025
2021-01-18,Israel,Asia,8239,4009
2021-01-25,United States,North America,132997,45747
2021-01-25,Russia,Europe,28754,9416
2021-01-25,United Kingdom,Europe,19910,6857
2021-01-25,India,Asia,16278,8089
2021-01-25,China,Asia,9214,4429
2021-02-01,United States,North America,145391,46612
2021-02-01,Russia,Europe,24312,10739
2021-02-01,Myanmar,Asia,15563,5239
2021-02-01,United Kingdom,Europe,14849,6370
2021-02-01,India,Asia,10489,6334
2021-02-08,United States,North America,168669,50074
2021-02-08,United Kingdom,Europe,14665,6117
2021-02-08,Russia,Europe,12363,6936
2021-02-08,China,Asia,12166,5284
2021-02-08,Myanmar,Asia,12071,4428
2021-02-15,United States,North America,108936,39865
2021-02-15,United Kingdom,Europe,13875,5833
2021-02-15,Russia,Europe,11750,6630
2021-02-15,Myanmar,Asia,11630,4813
2021-02-15,India,Asia,11074,6672
2021-02-22,United States,North America,118642,46212
2021-02-22,Nigeria,Africa,14424,7864
2021-02-22,United Kingdom,Europe,14171,6039
2021-02-22,Myanmar,Asia,12644,5137
2021-02-22,Russia,Europe,11945,6546
2021-03-01,United States,North America,126045,46506
2021-03-01,Myanmar,Asia,21409,6810
2021-03-01,United Kingdom,Europe,16711,6192
2021-03-01,Iraq,Asia,14707,3918
2021-03-01,Russia,Europe,14065,6956
2021-03-08,United States,North America,122524,43556
2021-03-08,United Kingdom,Europe,26169,8126
2021-03-08,Myanmar,Asia,16932,6041
2021-03-08,Russia,Europe,10446,5521
2021-03-08,China,Asia,9029,4134
2021-03-15,United States,North America,153819,49680
2021-03-15,United Kingdom,Europe,19714,7943
2021-03-15,China,Asia,17733,6527
2021-03-15,Russia,Europe,12485,6919
2021-03-15,Australia,Oceania,10526,3652
2021-03-22,United States,North America,193707,56729
2021-03-22,China,Asia,20146,7463
2021-03-22,United Kingdom,Europe,19910,7917
2021-03-22,Myanmar,Asia,15468,5169
2021-03-22,Russia,Europe,11424,6164
2021-03-29,United States,North America,146105,47957
2021-03-29,United Kingdom,Europe,17696,6079
2021-03-29,Russia,Europe,13448,7513
2021-03-29,Myanmar,Asia,9340,3628
2021-03-29,India,Asia,9058,5009
2021-04-05,United States,North America,141622,45968
2021-04-05,United Kingdom,Europe,25107,7684
2021-04-05,Russia,Europe,14898,7996
2021-04-05,India,Asia,10785,6039
2021-04-05,Ukraine,Europe,9479,5446
2021-04-12,United States,North America,219747,61061
2021-04-12,Russia,Europe,31354,13650
2021-04-12,United Kingdom,Europe,15223,5475
2021-04-12,Ukraine,Europe,10127,5751
2021-04-12,China,Asia,8583,3845
2021-04-19,United States,North America,255893,66050
2021-04-19,Russia,Europe,30276,13895
2021-04-19,Israel,Asia,15107,6923
2021-04-19,United Kingdom,Europe,14886,5821
2021-04-19,France,Europe,11777,4700
2021-04-26,United States,North America,163227,50686
2021-04-26,Russia,Europe,17553,8922
2021-04-26,United Kingdom,Europe,15553,5434
2021-04-26,Israel,Asia,12591,5197
2021-04-26,India,Asia,10904,5773
2021-05-03,United States,North America,136458,46307
2021-05-03,Israel,Asia,35673,12791
2021-05-03,United Kingdom,Europe,15241,5677
2021-05-03,Russia,Europe,9663,5592
2021-05-03,India,Asia,8441,4811
2021-05-10,Israel,Asia,385480,81863
2021-05-10,United States,North America,139988,44685
2021-05-10,Palestine,Asia,16103,6082
2021-05-10,Russia,Europe,15056,7790
2021-05-10,United Kingdom,Europe,14918,6131
2021-05-17,Israel,Asia,213256,52051
2021-05-17,United States,North America,136235,44932
2021-05-17,United Kingdom,Europe,13118,5389
2021-05-17,Palestine,Asia,10655,4005
2021-05-17,Russia,Europe,10437,5978
2021-05-24,United States,North America,156426,49450
2021-05-24,Israel,Asia,39064,15926
2021-05-24,Belarus,Europe,22921,8512
2021-05-24,United Kingdom,Europe,15785,5901
2021-05-24,Russia,Europe,13812,7776
2021-05-31,United States,North America,111051,40516
2021-05-31,Israel,Asia,18092,9195
2021-05-31,Poland,Europe,16998,865
2021-05-31,China,Asia,13942,5181
2021-05-31,Russia,Europe,13124,6462
2021-06-07,United States,North America,113765,41901
2021-06-07,United Kingdom,Europe,20447,6120
2021-06-07,Israel,Asia,15141,8331
2021-06-07,Russia,Europe,13027,6646
2021-06-07,China,Asia,11643,4595
2021-06-14,United States,North America,115440,42305
2021-06-14,Israel,Asia,21062,10056
2021-06-14,Russia,Europe,16983,8041
2021-06-14,United Kingdom,Europe,11427,5145
2021-06-14,China,Asia,9056,4273
2021-06-21,United States,North America,137090,45882
2021-06-21,Russia,Europe,15824,8406
2021-06-21,United Kingdom,Europe,15493,6327
2021-06-21,Israel,Asia,11107,5979
2021-06-21,China,Asia,8542,4281
2021-06-28,United States,North America,121284,43960
2021-06-28,United Kingdom,Europe,13293,5922
2021-06-28,Afghanistan,Asia,12151,3840
2021-06-28,Russia,Europe,10888,6320
2021-06-28,Israel,Asia,9100,5990
2021-07-05,United States,North America,110322,41040
2021-07-05,Haiti,North America,27911,9480
2021-07-05,United Kingdom,Europe,14418,4842
2021-07-05,Afghanistan,Asia,12964,6832
2021-07-05,Russia,Europe,10536,6139
2021-07-12,United States,North America,120694,43197
2021-07-12,Haiti,North America,14869,5258
2021-07-12,Afghanistan,Asia,12165,6142
2021-07-12,South Africa,Africa,11639,6639
2021-07-12,United Kingdom,Europe,10504,4254
2021-07-19,United States,North America,123020,41454
2021-07-19,United Kingdom,Europe,9943,4186
2021-07-19,Afghanistan,Asia,9322,4771
2021-07-19,Israel,Asia,9033,4960
2021-07-19,Russia,Europe,7985,5128
2021-07-26,United States,North America,103055,37365
2021-07-26,Israel,Asia,13598,6429
2021-07-26,United Kingdom,Europe,11597,4713
2021-07-26,Afghanistan,Asia,11350,6024
2021-07-26,Russia,Europe,8772,4952
2021-08-02,United States,North America,87915,34255
2021-08-02,Afghanistan,Asia,23120,9970
2021-08-02,Israel,Asia,11919,6298
2021-08-02,United Kingdom,Europe,9970,4306
2021-08-02,Greece,Europe,8127,2935
2021-08-09,United States,North America,84973,32662
2021-08-09,Afghanistan,Asia,36405,14526
2021-08-09,United Kingdom,Europe,15872,5259
2021-08-09,Russia,Europe,8866,4809
2021-08-09,Canada,North America,8692,2931
2021-08-16,United States,North America,90507,35065
2021-08-16,Afghanistan,Asia,71530,25189
2021-08-16,United Kingdom,Europe,14766,4877
2021-08-16,Russia,Europe,11943,6112
2021-08-16,Israel,Asia,10750,5267
2021-08-23,United States,North America,143129,48779
2021-08-23,Afghanistan,Asia,96285,28665
2021-08-23,United Kingdom,Europe,21411,6305
2021-08-23,Israel,Asia,14092,6173
2021-08-23,Russia,Europe,10449,6146
2021-08-30,United States,North America,138280,45874
2021-08-30,Afghanistan,Asia,49514,18037
2021-08-30,United Kingdom,Europe,12752,4759
2021-08-30,Russia,Europe,9301,5281
2021-08-30,Israel,Asia,6283,4024
2021-09-06,United States,North America,112459,41326
2021-09-06,Afghanistan,Asia,33472,12245
2021-09-06,Israel,Asia,12112,6892
2021-09-06,United Kingdom,Europe,11767,4020
2021-09-06,Russia,Europe,9784,5938
2021-09-13,United States,North America,115872,42264
2021-09-13,Afghanistan,Asia,15352,6577
2021-09-13,France,Europe,13740,4324
2021-09-13,United Kingdom,Europe,12087,5327
2021-09-13,Russia,Europe,11996,6069
2021-09-20,United States,North America,113389,44368
2021-09-20,United Kingdom,Europe,21371,5972
2021-09-20,Russia,Europe,16757,7511
2021-09-20,Israel,Asia,13959,5424
2021-09-20,France,Europe,11441,4526
2021-09-27,United States,North America,117490,46294
2021-09-27,United Kingdom,Europe,25845,7257
2021-09-27,Afghanistan,Asia,11909,5298
2021-09-27,Russia,Europe,9943,6034
2021-09-27,France,Europe,8784,3769
2021-10-04,United States,North America,123618,43125
2021-10-04,United Kingdom,Europe,14037,5386
2021-10-04,Russia,Europe,13575,6755
2021-10-04,Afghanistan,Asia,12395,5188
2021-10-04,India,Asia,12061,7004
2021-10-11,United States,North America,114917,43273
2021-10-11,United Kingdom,Europe,27335,8449
2021-10-11,Russia,Europe,9040,5195
2021-10-11,Afghanistan,Asia,9021,3900
2021-10-11,India,Asia,7823,5618
2021-10-18,United States,North America,140890,45918
2021-10-18,United Kingdom,Europe,20383,7395
2021-10-18,Russia,Europe,16092,6853
2021-10-18,India,Asia,7183,4808
2021-10-18,Israel,Asia,6709,3594
2021-10-25,United States,North America,116869,43827
2021-10-25,United Kingdom,Europe,17752,6696
2021-10-25,Sudan,Africa,13933,5758
2021-10-25,Russia,Europe,9270,6012
2021-10-25,China,Asia,5921,3222
2021-11-01,United States,North America,123760,41882
2021-11-01,United Kingdom,Europe,18267,6104
2021-11-01,Russia,Europe,10191,5471
2021-11-01,Mexico,North America,6448,2681
2021-11-01,China,Asia,6173,3106
2021-11-08,United States,North America,123129,41824
2021-11-08,United Kingdom,Europe,13164,5425
2021-11-08,Russia,Europe,10907,6794
2021-11-08,Poland,Europe,8553,4459
2021-11-08,Belarus,Europe,8162,4241
2021-11-15,United States,North America,164992,47598
2021-11-15,United Kingdom,Europe,15256,5701
2021-11-15,Russia,Europe,10694,6775
2021-11-15,Israel,Asia,9142,5379
2021-11-15,Poland,Europe,8522,3542
2021-11-22,United States,North America,104687,35270
2021-11-22,United Kingdom,Europe,17515,6315
2021-11-22,Russia,Europe,9641,6257
2021-11-22,Israel,Asia,7798,4891
2021-11-22,France,Europe,7464,3489
2021-11-29,United States,North America,136061,44699
2021-11-29,Russia,Europe,15098,8069
2021-11-29,United Kingdom,Europe,12071,4935
2021-11-29,Israel,Asia,8508,4471
2021-11-29,Ukraine,Europe,8274,4205
2021-12-06,United States,North America,124097,43604
2021-12-06,United Kingdom,Europe,18307,6397
2021-12-06,Russia,Europe,15649,8153
2021-12-06,China,Asia,9219,4302
2021-12-06,Israel,Asia,7508,4709
2021-12-13,United States,North America,107676,40975
2021-12-13,Russia,Europe,17105,9019
2021-12-13,United Kingdom,Europe,12486,5248
2021-12-13,Israel,Asia,11775,6207
2021-12-13,China,Asia,7418,3792
2021-12-20,United States,North America,95967,33286
2021-12-20,Russia,Europe,13754,7610
2021-12-20,United Kingdom,Europe,9930,4085
2021-12-20,Israel,Asia,9072,5614
2021-12-20,China,Asia,8231,3349
2021-12-27,United States,North America,102703,33826
2021-12-27,United Kingdom,Europe,15909,4722
2021-12-27,Russia,Europe,12757,6527
2021-12-27,Israel,Asia,11592,6599
2021-12-27,India,Asia,7323,4901
2022-01-03,United States,North America,115694,40235
2022-01-03,Kazakhstan,Asia,19443,7358
2022-01-03,Russia,Europe,14638,6946
2022-01-03,United Kingdom,Europe,10948,4146
2022-01-03,Israel,Asia,7675,4605
2022-01-10,United States,North America,119345,42910
2022-01-10,Russia,Europe,19353,9230
2022-01-10,United Kingdom,Europe,10722,4891
2022-01-10,Ukraine,Europe,6607,3955
2022-01-10,Israel,Asia,6571,4199
2022-01-17,United States,North America,110957,40952
2022-01-17,Russia,Europe,26032,11695
2022-01-17,United Kingdom,Europe,15810,6158
2022-01-17,Ukraine,Europe,13684,6386
2022-01-17,Israel,Asia,6515,4095
2022-01-24,United States,North America,122451,43587
2022-01-24,Russia,Europe,31328,15185
2022-01-24,Ukraine,Europe,20995,10257
2022-01-24,United Kingdom,Europe,20643,6600
2022-01-24,Canada,North America,7933,2459
2022-01-31,United States,North America,111744,42599
2022-01-31,Russia,Europe,29682,12844
2022-01-31,United Kingdom,Europe,16448,5515
2022-01-31,Ukraine,Europe,15515,7169
2022-01-31,Syria,Asia,10513,3607
2022-02-07,United States,North America,99439,42687
2022-02-07,Russia,Europe,45704,14346
2022-02-07,Ukraine,Europe,26692,9847
2022-02-07,United Kingdom,Europe,15046,5774
2022-02-07,France,Europe,9717,2836
2022-02-14,United States,North America,113031,42305
2022-02-14,Russia,Europe,55556,23348
2022-02-14,Ukraine,Europe,49123,20194
2022-02-14,Canada,North America,16407,4967
2022-02-14,United Kingdom,Europe,10716,4964
2022-02-21,Russia,Europe,232167,73769
2022-02-21,Ukraine,Europe,188045,64143
2022-02-21,United States,North America,103682,40907
2022-02-21,United Kingdom,Europe,26010,9005
2022-02-21,Canada,North America,10168,3401
2022-02-28,Russia,Europe,182132,71138
2022-02-28,Ukraine,Europe,136128,55650
2022-02-28,United States,North America,89695,38391
2022-02-28,United Kingdom,Europe,14142,5633
2022-02-28,Pakistan,Asia,7790,2614
2022-03-07,Russia,Europe,141339,54027
2022-03-07,Ukraine,Europe,104939,43798
2022-03-07,United States,North America,99015,40335
2022-03-07,United Kingdom,Europe,14686,5187
2022-03-07,Turkey,Asia,5706,1880
2022-03-14,Russia,Europe,126772,46470
2022-03-14,Ukraine,Europe,110096,40252
2022-03-14,United States,North America,85385,38235
2022-03-14,United Kingdom,Europe,15424,5376
2022-03-14,Iran,Asia,9786,2949
2022-03-21,Russia,Europe,105038,42018
2022-03-21,United States,North America,88495,36943
2022-03-21,Ukraine,Europe,79922,32328
2022-03-21,United Kingdom,Europe,15545,4983
2022-03-21,China,Asia,8029,3482
2022-03-28,United States,North America,89735,37286
2022-03-28,Russia,Europe,83494,32507
2022-03-28,Ukraine,Europe,76481,28469
2022-03-28,Israel,Asia,23972,11790
2022-03-28,United Kingdom,Europe,13563,5213
2022-04-04,Russia,Europe,109071,42206
2022-04-04,United States,North America,105825,39821
2022-04-04,Ukraine,Europe,82218,31833
2022-04-04,Israel,Asia,20235,8483
2022-04-04,United Kingdom,Europe,13448,5497
2022-04-11,United States,North America,118085,42903
2022-04-11,Russia,Europe,88116,34706
2022-04-11,Ukraine,Europe,81073,30961
2022-04-11,Israel,Asia,29432,12633
2022-04-11,United Kingdom,Europe,23275,6644
2022-04-18,United States,North America,113838,40506
2022-04-18,Ukraine,Europe,78306,27569
2022-04-18,Russia,Europe,77579,30336
2022-04-18,Israel,Asia,27737,11040
2022-04-18,United Kingdom,Europe,13788,5024
2022-04-25,United States,North America,110416,40187
2022-04-25,Ukraine,Europe,82515,26961
2022-04-25,Russia,Europe,80766,31011
2022-04-25,Israel,Asia,16751,7607
2022-04-25,United Kingdom,Europe,14455,5431
2022-05-02,United States,North America,109016,41228
2022-05-02,Ukraine,Europe,77117,25631
2022-05-02,Russia,Europe,73066,28628
2022-05-02,Israel,Asia,15361,6794
2022-05-02,United Kingdom,Europe,12095,4589
2022-05-09,United States,North America,132177,43397
2022-05-09,Ukraine,Europe,57481,20917
2022-05-09,Russia,Europe,56218,23318
2022-05-09,Israel,Asia,46627,17800
2022-05-09,United Kingdom,Europe,8814,4157
2022-05-16,United States,North America,115468,43055
2022-05-16,Russia,Europe,53382,22859
2022-05-16,Ukraine,Europe,52970,19635
2022-05-16,Israel,Asia,16198,8131
2022-05-16,United Kingdom,Europe,12364,4357
2022-05-23,United States,North America,204522,63076
2022-05-23,Ukraine,Europe,51560,19463
2022-05-23,Russia,Europe,49230,21720
2022-05-23,United Kingdom,Europe,15180,4940
2022-05-23,Israel,Asia,13602,7895
2022-05-30,United States,North America,159769,50618
2022-05-30,Ukraine,Europe,51178,19847
2022-05-30,Russia,Europe,48387,21712
2022-05-30,United Kingdom,Europe,11044,4291
2022-05-30,Israel,Asia,9816,6003
2022-06-06,United States,North America,134334,47388
2022-06-06,Russia,Europe,42383,18943
2022-06-06,Ukraine,Europe,42202,17810
2022-06-06,United Kingdom,Europe,13380,5786
2022-06-06,India,Asia,8290,5470
2022-06-13,United States,North America,110800,40979
2022-06-13,Ukraine,Europe,34836,17053
2022-06-13,Russia,Europe,34016,18243
2022-06-13,United Kingdom,Europe,17733,6750
2022-06-13,Israel,Asia,9512,5603
2022-06-20,United States,North America,131983,42321
2022-06-20,Russia,Europe,37522,18113
2022-06-20,Ukraine,Europe,32063,16012
2022-06-20,United Kingdom,Europe,14219,5449
2022-06-20,Norway,Europe,8694,1183
2022-06-27,United States,North America,127532,43785
2022-06-27,Russia,Europe,48493,21496
2022-06-27,Ukraine,Europe,36710,16826
2022-06-27,United Kingdom,Europe,15339,5587
2022-06-27,Israel,Asia,9119,4498
2022-07-04,United States,North America,118288,42763
2022-07-04,Russia,Europe,35235,16782
2022-07-04,Ukraine,Europe,28554,14040
2022-07-04,Japan,Asia,27990,7680
2022-07-04,United Kingdom,Europe,14120,6068
2022-07-11,United States,North America,111057,40924
2022-07-11,Russia,Europe,43895,17634
2022-07-11,Ukraine,Europe,31200,14700
2022-07-11,United Kingdom,Europe,12970,4544
2022-07-11,Israel,Asia,8362,4109
2022-07-18,United States,North America,123667,43468
2022-07-18,Russia,Europe,30307,15743
2022-07-18,Ukraine,Europe,27039,13635
2022-07-18,United Kingdom,Europe,11156,4576
2022-07-18,Israel,Asia,7449,3518
2022-07-25,United States,North America,98504,37985
2022-07-25,Russia,Europe,31855,16579
2022-07-25,Ukraine,Europe,28365,15301
2022-07-25,United Kingdom,Europe,10277,3892
2022-07-25,India,Asia,6785,4897
2022-08-01,United States,North America,114332,41789
2022-08-01,Israel,Asia,69738,16112
2022-08-01,Russia,Europe,30293,14397
2022-08-01,China,Asia,28480,12257
2022-08-01,Ukraine,Europe,22043,12171
2022-08-08,United States,North America,126529,42763
2022-08-08,Israel,Asia,41654,12195
2022-08-08,Russia,Europe,29416,15509
2022-08-08,Ukraine,Europe,24505,12978
2022-08-08,China,Asia,10890,5456
2022-08-15,United States,North America,90424,36507
2022-08-15,Russia,Europe,28401,15137
2022-08-15,Ukraine,Europe,22297,11849
2022-08-15,United Kingdom,Europe,10893,4186
2022-08-15,Israel,Asia,9300,5656
2022-08-22,United States,North America,95437,37037
2022-08-22,Russia,Europe,34993,16873
2022-08-22,Ukraine,Europe,26628,13698
2022-08-22,United Kingdom,Europe,7582,3627
2022-08-22,India,Asia,7355,5034
2022-08-29,United States,North America,89778,36245
2022-08-29,Russia,Europe,30147,15902
2022-08-29,Ukraine,Europe,23751,11940
2022-08-29,Israel,Asia,9680,4850
2022-08-29,Iraq,Asia,8687,2654
2022-09-05,United States,North America,82769,33042
2022-09-05,Russia,Europe,28196,14266
2022-09-05,Ukraine,Europe,24452,11793
2022-09-05,United Kingdom,Europe,15056,5906
2022-09-05,Israel,Asia,10784,5896
2022-09-12,United States,North America,80460,33907
2022-09-12,Ukraine,Europe,31706,14304
2022-09-12,Russia,Europe,31091,15838
2022-09-12,United Kingdom,Europe,13301,5380
2022-09-12,Armenia,Asia,8625,3736
2022-09-19,United States,North America,79093,34394
2022-09-19,Russia,Europe,36452,17722
2022-09-19,Ukraine,Europe,25488,12991
2022-09-19,Iran,Asia,20258,9239
2022-09-19,United Kingdom,Europe,11598,4357
2022-09-26,United States,North America,82322,35183
2022-09-26,Russia,Europe,42028,19032
2022-09-26,Ukraine,Europe,26201,12050
2022-09-26,Iran,Asia,14075,7966
2022-09-26,United Kingdom,Europe,8715,3905
2022-10-03,United States,North America,97655,40067
2022-10-03,Russia,Europe,31572,15305
2022-10-03,Ukraine,Europe,28878,13071
2022-10-03,Iran,Asia,11907,6368
2022-10-03,Israel,Asia,11218,5195
2022-10-10,United States,North America,99007,36084
2022-10-10,Russia,Europe,50238,23785
2022-10-10,Ukraine,Europe,42074,20517
2022-10-10,Iran,Asia,15214,6451
2022-10-10,United Kingdom,Europe,11933,4879
2022-10-17,United States,North America,94113,36356
2022-10-17,Russia,Europe,41889,19557
2022-10-17,Ukraine,Europe,40802,18537
2022-10-17,Iran,Asia,12305,6485
2022-10-17,United Kingdom,Europe,11253,4788
2022-10-24,United States,North America,99791,38225
2022-10-24,Russia,Europe,27074,14081
2022-10-24,Ukraine,Europe,23358,12512
2022-10-24,Iran,Asia,12864,7280
2022-10-24,Israel,Asia,12225,5848
2022-10-31,United States,North America,84110,35608
2022-10-31,Russia,Europe,29201,13549
2022-10-31,Ukraine,Europe,25462,11824
2022-10-31,United Kingdom,Europe,11358,4440
2022-10-31,Israel,Asia,10114,5093
2022-11-07,United States,North America,63028,27192
2022-11-07,Russia,Europe,23539,11507
2022-11-07,Ukraine,Europe,22915,10776
2022-11-07,United Kingdom,Europe,9089,3583
2022-11-07,China,Asia,4407,2108
2022-11-14,United States,North America,83109,34371
2022-11-14,Russia,Europe,46478,20681
2022-11-14,Ukraine,Europe,39577,17715
2022-11-14,Poland,Europe,12757,5320
2022-11-14,Iran,Asia,9200,6562
2022-11-21,United States,North America,76888,29339
2022-11-21,Russia,Europe,28048,15000
2022-11-21,Ukraine,Europe,26833,13539
2022-11-21,China,Asia,8398,3473
2022-11-21,United Kingdom,Europe,7955,3433
2022-11-28,United States,North America,81724,34399
2022-11-28,Russia,Europe,24839,13387
2022-11-28,Ukraine,Europe,21896,11328
2022-11-28,China,Asia,13544,6884
2022-11-28,Israel,Asia,10575,6651
2022-12-05,United States,North America,96012,36114
2022-12-05,Russia,Europe,35860,17477
2022-12-05,Ukraine,Europe,26725,13628
2022-12-05,United Kingdom,Europe,10329,4080
2022-12-05,Israel,Asia,8081,5223
2022-12-12,United States,North America,98351,37473
2022-12-12,Russia,Europe,31870,15368
2022-12-12,Ukraine,Europe,23876,12654
2022-12-12,United Kingdom,Europe,9754,3939
2022-12-12,China,Asia,9190,4677
2022-12-19,United States,North America,81589,33235
2022-12-19,Russia,Europe,29060,13496
2022-12-19,Ukraine,Europe,22550,10882
2022-12-19,France,Europe,11640,4322
2022-12-19,Afghanistan,Asia,10939,3034
2022-12-26,United States,North America,75005,28076
2022-12-26,Russia,Europe,37400,16022
2022-12-26,Ukraine,Europe,33395,14094
2022-12-26,China,Asia,7251,3070
2022-12-26,United Kingdom,Europe,6782,2539
2023-01-02,United States,North America,96871,35943
2023-01-02,Russia,Europe,33381,15200
2023-01-02,Ukraine,Europe,30434,14658
2023-01-02,Mexico,North America,12331,4330
2023-01-02,Israel,Asia,11597,6372
2023-01-09,United States,North America,93619,37398
2023-01-09,Ukraine,Europe,38624,18418
2023-01-09,Russia,Europe,35829,18507
2023-01-09,United Kingdom,Europe,17957,6004
2023-01-09,Brazil,South America,10837,5394
2023-01-16,United States,North America,117236,39439
2023-01-16,Ukraine,Europe,31738,16372
2023-01-16,Russia,Europe,30908,17099
2023-01-16,United Kingdom,Europe,14086,5407
2023-01-16,Peru,South America,10018,2876
2023-01-23,United States,North America,143189,47595
2023-01-23,Israel,Asia,58627,16256
2023-01-23,Ukraine,Europe,31171,17864
2023-01-23,Russia,Europe,30878,18344
2023-01-23,United Kingdom,Europe,14157,5200
2023-01-30,United States,North America,109523,40620
2023-01-30,Russia,Europe,32768,18366
2023-01-30,Ukraine,Europe,28075,16649
2023-01-30,Israel,Asia,21806,10495
2023-01-30,Pakistan,Asia,15852,5742
2023-02-06,United States,North America,95734,38012
2023-02-06,Russia,Europe,32404,17087
2023-02-06,Ukraine,Europe,28649,15485
2023-02-06,Israel,Asia,17408,6231
2023-02-06,United Kingdom,Europe,14344,5233
2023-02-13,United States,North America,109768,41192
2023-02-13,Russia,Europe,33391,19272
2023-02-13,Ukraine,Europe,27406,16227
2023-02-13,United Kingdom,Europe,13132,4783
2023-02-13,China,Asia,9483,4304
2023-02-20,United States,North America,102950,39561
2023-02-20,Russia,Europe,38143,21581
2023-02-20,Ukraine,Europe,34293,18419
2023-02-20,Israel,Asia,30594,9068
2023-02-20,United Kingdom,Europe,10660,4410
2023-02-27,United States,North America,104036,37129
2023-02-27,Russia,Europe,32856,18884
2023-02-27,Ukraine,Europe,28316,16148
2023-02-27,Israel,Asia,23584,9970
2023-02-27,United Kingdom,Europe,12100,4930
2023-03-06,United States,North America,94437,38372
2023-03-06,Ukraine,Europe,35730,18550
2023-03-06,Russia,Europe,34241,19523
2023-03-06,Israel,Asia,21178,9735
2023-03-06,Mexico,North America,16731,4724
2023-03-13,United States,North America,81303,36627
2023-03-13,Russia,Europe,37098,20416
2023-03-13,Ukraine,Europe,30016,16214
2023-03-13,Israel,Asia,12856,5407
2023-03-13,Pakistan,Asia,11173,5731
2023-03-20,United States,North America,72949,30014
2023-03-20,Russia,Europe,21879,10919
2023-03-20,Ukraine,Europe,14777,8433
2023-03-20,Israel,Asia,8557,4526
2023-03-20,United Kingdom,Europe,7857,3727
2023-03-27,United States,North America,246329,75467
2023-03-27,Russia,Europe,62603,25185
2023-03-27,Ukraine,Europe,36283,17185
2023-03-27,United Kingdom,Europe,18551,7956
2023-03-27,Israel,Asia,17314,8981
2023-04-03,United States,North America,188366,64785
2023-04-03,Israel,Asia,119659,30229
2023-04-03,Russia,Europe,52094,25708
2023-04-03,Ukraine,Europe,36512,18219
2023-04-03,United Kingdom,Europe,22340,8054
2023-04-10,United States,North America,192064,65392
2023-04-10,Russia,Europe,41373,22684
2023-04-10,Ukraine,Europe,29383,16685
2023-04-10,Israel,Asia,28109,11936
2023-04-10,Sudan,Africa,21645,6052
2023-04-17,United States,North America,185794,62414
2023-04-17,Sudan,Africa,51948,15404
2023-04-17,Russia,Europe,40098,18520
2023-04-17,Ukraine,Europe,29391,14958
2023-04-17,United Kingdom,Europe,20122,7220
2023-04-24,United States,North America,160822,57246
2023-04-24,Sudan,Africa,53957,16385
2023-04-24,Russia,Europe,43108,19250
2023-04-24,Ukraine,Europe,38924,16880
2023-04-24,United Kingdom,Europe,21533,9003
2023-05-01,United States,North America,173852,59446
2023-05-01,Russia,Europe,53924,23558
2023-05-01,Ukraine,Europe,48461,20749
2023-05-01,United Kingdom,Europe,27257,8720
2023-05-01,Israel,Asia,25748,12209
2023-05-08,United States,North America,181465,60560
2023-05-08,Israel,Asia,105961,25079
2023-05-08,Russia,Europe,45246,20682
2023-05-08,Ukraine,Europe,40651,17845
2023-05-08,Pakistan,Asia,26012,10651
2023-05-15,United States,North America,156623,56996
2023-05-15,Russia,Europe,52933,23446
2023-05-15,Ukraine,Europe,48961,19254
2023-05-15,United Kingdom,Europe,18135,6680
2023-05-15,Israel,Asia,16119,8756
2023-05-22,United States,North America,161170,55902
2023-05-22,Russia,Europe,49503,22543
2023-05-22,Ukraine,Europe,39045,17646
2023-05-22,United Kingdom,Europe,16882,7031
2023-05-22,Australia,Oceania,16615,3220
2023-05-29,United States,North America,139684,49034
2023-05-29,Russia,Europe,55673,22413
2023-05-29,Ukraine,Europe,48912,19008
2023-05-29,Serbia,Europe,14789,4722
2023-05-29,Israel,Asia,14358,7317
2023-06-05,United States,North America,144996,52938
2023-06-05,Ukraine,Europe,49238,21138
2023-06-05,Russia,Europe,42046,20356
2023-06-05,United Kingdom,Europe,23100,7575
2023-06-05,Canada,North America,12338,4283
2023-06-12,United States,North America,139618,51998
2023-06-12,Ukraine,Europe,41344,19043
2023-06-12,Russia,Europe,38383,18651
2023-06-12,United Kingdom,Europe,21343,7547
2023-06-12,Australia,Oceania,13143,3225
2023-06-19,United States,North America,123861,46546
2023-06-19,Russia,Europe,71681,27430
2023-06-19,Israel,Asia,45929,17501
2023-06-19,Ukraine,Europe,39761,18812
2023-06-19,United Kingdom,Europe,18260,6260
2023-06-26,United States,North America,126237,47852
2023-06-26,Russia,Europe,50245,21410
2023-06-26,France,Europe,34240,11974
2023-06-26,Ukraine,Europe,33670,15342
2023-06-26,United Kingdom,Europe,20912,6035
2023-07-03,United States,North America,116471,42876
2023-07-03,Israel,Asia,56254,19938
2023-07-03,Russia,Europe,36282,18028
2023-07-03,Ukraine,Europe,30200,16042
2023-07-03,United Kingdom,Europe,16396,6190
2023-07-10,United States,North America,135965,49336
2023-07-10,Russia,Europe,42002,17446
2023-07-10,Ukraine,Europe,36424,17085
2023-07-10,United Kingdom,Europe,15296,5734
2023-07-10,Israel,Asia,13155,7349
2023-07-17,United States,North America,136079,49705
2023-07-17,Russia,Europe,43395,21531
2023-07-17,Ukraine,Europe,40542,19978
2023-07-17,United Kingdom,Europe,15216,5929
2023-07-17,North Korea,Asia,13328,2966
2023-07-24,United States,North America,117422,47165
2023-07-24,Russia,Europe,42036,19877
2023-07-24,Ukraine,Europe,38410,18367
2023-07-24,United Kingdom,Europe,22235,6422
2023-07-24,Israel,Asia,12975,7273
2023-07-31,United States,North America,160656,53146
2023-07-31,Russia,Europe,49810,23193
2023-07-31,Ukraine,Europe,38597,19262
2023-07-31,Israel,Asia,16634,9433
2023-07-31,United Kingdom,Europe,14591,5824
2023-08-07,United States,North America,137735,49992
2023-08-07,Russia,Europe,36784,18603
2023-08-07,Ukraine,Europe,34160,17672
2023-08-07,Ecuador,South America,14627,4229
2023-08-07,United Kingdom,Europe,13597,5407
2023-08-14,United States,North America,154421,51355
2023-08-14,Russia,Europe,39788,19235
2023-08-14,Ukraine,Europe,30919,16681
2023-08-14,United Kingdom,Europe,19747,6988
2023-08-14,Canada,North America,14335,3906
2023-08-21,United States,North America,167303,54737
2023-08-21,Russia,Europe,45819,22671
2023-08-21,Ukraine,Europe,35601,17058
2023-08-21,United Kingdom,Europe,23207,7562
2023-08-21,Greece,Europe,16120,4086
2023-08-28,United States,North America,132096,50326
2023-08-28,Russia,Europe,36147,19337
2023-08-28,Ukraine,Europe,31582,16165
2023-08-28,United Kingdom,Europe,12974,5235
2023-08-28,Israel,Asia,12689,6841
2023-09-04,United States,North America,111056,44214
2023-09-04,Russia,Europe,36942,19104
2023-09-04,Ukraine,Europe,34931,17476
2023-09-04,United Kingdom,Europe,17820,6161
2023-09-04,Australia,Oceania,13927,2985
2023-09-11,United States,North America,122305,48116
2023-09-11,Russia,Europe,30534,17247
2023-09-11,Ukraine,Europe,30299,16387
2023-09-11,United Kingdom,Europe,17578,6771
2023-09-11,Australia,Oceania,10406,2627
2023-09-18,United States,North America,124350,47311
2023-09-18,Russia,Europe,36303,19413
2023-09-18,Ukraine,Europe,35342,18673
2023-09-18,Canada,North America,23352,9671
2023-09-18,India,Asia,23313,11066
2023-09-25,United States,North America,132873,49116
2023-09-25,Ukraine,Europe,30039,16027
2023-09-25,Russia,Europe,27074,16049
2023-09-25,United Kingdom,Europe,21056,6942
2023-09-25,India,Asia,12515,7918
2023-10-02,Israel,Asia,157747,44901
2023-10-02,United States,North America,120312,47980
2023-10-02,Ukraine,Europe,30967,15395
2023-10-02,Russia,Europe,29938,16201
2023-10-02,United Kingdom,Europe,22180,6733
2023-10-09,Israel,Asia,522467,140999
2023-10-09,United States,North America,118980,49215
2023-10-09,Palestine,Asia,29029,11267
2023-10-09,Russia,Europe,22301,12846
2023-10-09,United Kingdom,Europe,21572,7636
2023-10-16,Israel,Asia,360144,103782
2023-10-16,United States,North America,132707,51092
2023-10-16,Russia,Europe,26038,12934
2023-10-16,Palestine,Asia,23251,8876
2023-10-16,Ukraine,Europe,21534,11367
2023-10-23,Israel,Asia,275013,82976
2023-10-23,United States,North America,148089,52090
2023-10-23,Russia,Europe,21384,12683
2023-10-23,Palestine,Asia,21042,9264
2023-10-23,United Kingdom,Europe,18262,6486
2023-10-30,Israel,Asia,287121,85858
2023-10-30,United States,North America,124895,48193
2023-10-30,Palestine,Asia,24602,9932
2023-10-30,Russia,Europe,23177,14453
2023-10-30,United Kingdom,Europe,22863,6985
2023-11-06,Israel,Asia,238987,72428
2023-11-06,United States,North America,127120,46895
2023-11-06,Ukraine,Europe,23619,12577
2023-11-06,Russia,Europe,22328,12199
2023-11-06,United Kingdom,Europe,19266,6511
2023-11-13,Israel,Asia,178070,62540
2023-11-13,United States,North America,126159,47798
2023-11-13,Russia,Europe,21548,13073
2023-11-13,Ukraine,Europe,20089,11119
2023-11-13,United Kingdom,Europe,17850,6565
2023-11-20,Israel,Asia,191002,53971
2023-11-20,United States,North America,93454,36242
2023-11-20,Ukraine,Europe,23680,11915
2023-11-20,Russia,Europe,21910,12260
2023-11-20,Australia,Oceania,13162,3127
2023-11-27,Israel,Asia,168482,51175
2023-11-27,United States,North America,129686,46882
2023-11-27,Russia,Europe,25482,13679
2023-11-27,Ukraine,Europe,19700,10477
2023-11-27,United Kingdom,Europe,17716,6601
2023-12-04,Israel,Asia,143924,48704
2023-12-04,United States,North America,140645,50853
2023-12-04,Russia,Europe,22726,12581
2023-12-04,Ukraine,Europe,20035,11603
2023-12-04,Palestine,Asia,14958,6477
2023-12-11,Israel,Asia,131626,44246
2023-12-11,United States,North America,115144,44598
2023-12-11,Russia,Europe,23813,12719
2023-12-11,Ukraine,Europe,22639,11237
2023-12-11,United Kingdom,Europe,18649,6655
2023-12-18,United States,North America,125435,45010
2023-12-18,Israel,Asia,107671,38941
2023-12-18,Russia,Europe,21503,12099
2023-12-18,Czech Republic,Europe,20153,5125
2023-12-18,Ukraine,Europe,16547,9733
2023-12-25,Israel,Asia,113001,41010
2023-12-25,United States,North America,83218,32900
2023-12-25,Russia,Europe,43032,18353
2023-12-25,Ukraine,Europe,41259,17988
2023-12-25,Palestine,Asia,10666,5456
2024-01-01,United States,North America,115055,43719
2024-01-01,Israel,Asia,114284,39541
2024-01-01,Ukraine,Europe,31203,14445
2024-01-01,Russia,Europe,30446,14231
2024-01-01,United Kingdom,Europe,17665,5731
2024-01-08,United States,North America,114596,45684
2024-01-08,Israel,Asia,101572,36418
2024-01-08,United Kingdom,Europe,27597,9343
2024-01-08,Russia,Europe,21896,12452
2024-01-08,Ukraine,Europe,20874,11136
2024-01-15,United States,North America,121332,44451
2024-01-15,Israel,Asia,92258,32641
2024-01-15,Iran,Asia,29703,13718
2024-01-15,Russia,Europe,26304,13751
2024-01-15,Ukraine,Europe,20258,10873
2024-01-22,United States,North America,131708,47462
2024-01-22,Israel,Asia,86893,29850
2024-01-22,Russia,Europe,27482,15043
2024-01-22,Ukraine,Europe,27106,13419
2024-01-22,United Kingdom,Europe,18116,7387
2024-01-29,United States,North America,123947,51945
2024-01-29,Israel,Asia,75736,29363
2024-01-29,United Kingdom,Europe,23233,7849
2024-01-29,Russia,Europe,21939,12426
2024-01-29,Iran,Asia,20273,8485
2024-02-05,United States,North America,124924,48397
2024-02-05,Israel,Asia,73350,27567
2024-02-05,Ukraine,Europe,25423,12588
2024-02-05,Russia,Europe,23682,13135
2024-02-05,United Kingdom,Europe,17384,6682
2024-02-12,United States,North America,126571,45959
2024-02-12,Israel,Asia,95658,34028
2024-02-12,Russia,Europe,44600,19266
2024-02-12,Ukraine,Europe,26690,13399
2024-02-12,United Kingdom,Europe,16020,5716
2024-02-19,United States,North America,129359,47793
2024-02-19,Israel,Asia,71729,27943
2024-02-19,Russia,Europe,62178,24931
2024-02-19,Ukraine,Europe,35450,17655
2024-02-19,United Kingdom,Europe,21113,8211
2024-02-26,United States,North America,134285,49557
2024-02-26,Israel,Asia,79509,29961
2024-02-26,Russia,Europe,33962,17286
2024-02-26,Ukraine,Europe,26416,14035
2024-02-26,Australia,Oceania,21522,3973
2024-03-04,United States,North America,130306,49287
2024-03-04,Israel,Asia,62025,25422
2024-03-04,Russia,Europe,30723,15369
2024-03-04,Ukraine,Europe,22255,12561
2024-03-04,United Kingdom,Europe,14661,6323
2024-03-11,United States,North America,129348,49393
2024-03-11,Israel,Asia,59831,24633
2024-03-11,Russia,Europe,44230,20888
2024-03-11,Ukraine,Europe,31940,15124
2024-03-11,United Kingdom,Europe,16477,6306
2024-03-18,United States,North America,153247,51364
2024-03-18,Israel,Asia,70447,28299
2024-03-18,Russia,Europe,70430,26394
2024-03-18,Ukraine,Europe,31570,16311
2024-03-18,United Kingdom,Europe,15025,6284
2024-03-25,United States,North America,104955,45384
2024-03-25,Israel,Asia,66802,28536
2024-03-25,Russia,Europe,43135,22615
2024-03-25,Ukraine,Europe,25125,14375
2024-03-25,United Kingdom,Europe,18028,6105
2024-04-01,Israel,Asia,107214,37520
2024-04-01,United States,North America,105987,44198
2024-04-01,Russia,Europe,29278,16128
2024-04-01,Ukraine,Europe,23537,12661
2024-04-01,Australia,Oceania,15844,2695
2024-04-08,United States,North America,131923,47611
2024-04-08,Israel,Asia,105639,39588
2024-04-08,Iran,Asia,44979,17277
2024-04-08,Russia,Europe,24820,13434
2024-04-08,Ukraine,Europe,21019,11147
2024-04-15,United States,North America,120445,48044
2024-04-15,Israel,Asia,99787,42278
2024-04-15,Iran,Asia,53859,22806
2024-04-15,Russia,Europe,28192,14134
2024-04-15,Ukraine,Europe,26143,12413
2024-04-22,United States,North America,176433,58244
2024-04-22,Israel,Asia,89098,32566
2024-04-22,Russia,Europe,27309,14713
2024-04-22,Ukraine,Europe,24814,12251
2024-04-22,United Kingdom,Europe,19256,7062
2024-04-29,United States,North America,158470,58246
2024-04-29,Israel,Asia,94481,33479
2024-04-29,Russia,Europe,25838,13627
2024-04-29,Ukraine,Europe,19744,11191
2024-04-29,United Kingdom,Europe,17236,6770
2024-05-06,Israel,Asia,121665,41642
2024-05-06,United States,North America,106816,45489
2024-05-06,Russia,Europe,34238,16553
2024-05-06,Ukraine,Europe,26847,13577
2024-05-06,Egypt,Africa,17317,5736
2024-05-13,United States,North America,112587,45176
2024-05-13,Israel,Asia,87723,33036
2024-05-13,Russia,Europe,40058,19309
2024-05-13,Ukraine,Europe,36549,17698
2024-05-13,France,Europe,15787,5875
2024-05-20,Israel,Asia,103500,34930
2024-05-20,United States,North America,99662,42454
2024-05-20,Russia,Europe,30087,16021
2024-05-20,Ukraine,Europe,24348,12758
2024-05-20,United Kingdom,Europe,16557,6412
2024-05-27,United States,North America,163687,50612
2024-05-27,Israel,Asia,95852,37039
2024-05-27,Russia,Europe,25085,13903
2024-05-27,Ukraine,Europe,21849,12257
2024-05-27,United Kingdom,Europe,13498,5594
2024-06-03,United States,North America,119412,46830
2024-06-03,Israel,Asia,83709,31508
2024-06-03,Russia,Europe,22014,12673
2024-06-03,Ukraine,Europe,19669,10557
2024-06-03,United Kingdom,Europe,16650,6302
2024-06-10,United States,North America,136201,48795
2024-06-10,Israel,Asia,63226,26198
2024-06-10,Russia,Europe,26412,14514
2024-06-10,Ukraine,Europe,20350,10681
2024-06-10,United Kingdom,Europe,13450,5583
2024-06-17,United States,North America,126137,47240
2024-06-17,Israel,Asia,48721,22277
2024-06-17,Russia,Europe,31747,16202
2024-06-17,Ukraine,Europe,21034,10921
2024-06-17,United Kingdom,Europe,12974,5355
2024-06-24,United States,North America,127753,48132
2024-06-24,Israel,Asia,50500,19435
2024-06-24,Russia,Europe,34296,16518
2024-06-24,United Kingdom,Europe,23514,6808
2024-06-24,Australia,Oceania,17582,4143
2024-07-01,United States,North America,100288,38536
2024-07-01,Israel,Asia,59223,23324
2024-07-01,Russia,Europe,20030,11659
2024-07-01,Ukraine,Europe,17053,9340
2024-07-01,United Kingdom,Europe,16132,6030
2024-07-08,United States,North America,163987,53068
2024-07-08,Israel,Asia,53757,21096
2024-07-08,Russia,Europe,33032,16005
2024-07-08,Ukraine,Europe,25695,12916
2024-07-08,Australia,Oceania,16434,3679
2024-07-15,United States,North America,169268,62128
2024-07-15,Israel,Asia,57929,22649
2024-07-15,Russia,Europe,26672,13034
2024-07-15,Ukraine,Europe,18932,9366
2024-07-15,Bangladesh,Asia,12755,4568
2024-07-22,United States,North America,140136,49568
2024-07-22,Israel,Asia,59684,22014
2024-07-22,Russia,Europe,20628,11404
2024-07-22,United Kingdom,Europe,16401,5921
2024-07-22,Ukraine,Europe,15664,8552
2024-07-29,United States,North America,122210,47166
2024-07-29,Israel,Asia,87129,36929
2024-07-29,United Kingdom,Europe,42798,10935
2024-07-29,Russia,Europe,41874,15949
2024-07-29,Iran,Asia,31832,12996
2024-08-05,United States,North America,120668,43508
2024-08-05,Israel,Asia,66930,30279
2024-08-05,Russia,Europe,34504,18804
2024-08-05,United Kingdom,Europe,33706,11337
2024-08-05,Ukraine,Europe,30650,16100
2024-08-12,United States,North America,109092,43547
2024-08-12,Israel,Asia,69506,27816
2024-08-12,Russia,Europe,45289,21915
2024-08-12,Ukraine,Europe,43036,20864
2024-08-12,India,Asia,25617,11495
2024-08-19,United States,North America,109571,43527
2024-08-19,Israel,Asia,68325,25707
2024-08-19,Russia,Europe,43284,20813
2024-08-19,Ukraine,Europe,39267,17811
2024-08-19,India,Asia,19265,10157
2024-08-26,United States,North America,116080,43793
2024-08-26,Israel,Asia,78803,30437
2024-08-26,Russia,Europe,39463,20086
2024-08-26,Ukraine,Europe,34112,17011
2024-08-26,Palestine,Asia,15067,6802
2024-09-02,United States,North America,121812,47405
2024-09-02,Israel,Asia,65787,27633
2024-09-02,Russia,Europe,31306,15738
2024-09-02,Ukraine,Europe,26202,12969
2024-09-02,United Kingdom,Europe,16013,6134
2024-09-09,United States,North America,127021,50199
2024-09-09,Israel,Asia,53054,23428
2024-09-09,Russia,Europe,30991,15728
2024-09-09,Ukraine,Europe,23169,12256
2024-09-09,United Kingdom,Europe,16621,6759
2024-09-16,United States,North America,113641,45222
2024-09-16,Israel,Asia,90489,30385
2024-09-16,Lebanon,Asia,30534,10406
2024-09-16,Russia,Europe,22638,13035
2024-09-16,Ukraine,Europe,17111,9687
2024-09-23,Israel,Asia,130927,44115
2024-09-23,United States,North America,123437,45995
2024-09-23,Lebanon,Asia,62695,21331
2024-09-23,Russia,Europe,20506,11996
2024-09-23,Ukraine,Europe,18033,9725
2024-09-30,Israel,Asia,211256,70376
2024-09-30,United States,North America,100181,43134
2024-09-30,Lebanon,Asia,68669,23599
2024-09-30,Iran,Asia,64264,23966
2024-09-30,United Kingdom,Europe,19815,6165
2024-10-07,Israel,Asia,134023,51538
2024-10-07,United States,North America,89659,40227
2024-10-07,Lebanon,Asia,34914,13444
2024-10-07,Russia,Europe,21212,12659
2024-10-07,Iran,Asia,17533,8357
2024-10-14,Israel,Asia,125160,43529
2024-10-14,United States,North America,104427,42305
2024-10-14,Lebanon,Asia,21068,9280
2024-10-14,India,Asia,18725,11118
2024-10-14,Russia,Europe,18470,11383
2024-10-21,United States,North America,108321,43553
2024-10-21,Israel,Asia,97689,38534
2024-10-21,Iran,Asia,28391,10311
2024-10-21,Russia,Europe,22647,13002
2024-10-21,Lebanon,Asia,20321,8622
2024-10-28,United States,North America,103395,41270
2024-10-28,Israel,Asia,77826,31946
2024-10-28,Russia,Europe,23589,13148
2024-10-28,Ukraine,Europe,18224,9585
2024-10-28,Lebanon,Asia,17569,7152
2024-11-04,United States,North America,113186,46493
2024-11-04,Israel,Asia,47578,21699
2024-11-04,Russia,Europe,18861,11000
2024-11-04,Ukraine,Europe,17176,9554
2024-11-04,United Kingdom,Europe,12759,5441
2024-11-11,United States,North America,95346,40252
2024-11-11,Israel,Asia,57879,22121
2024-11-11,Russia,Europe,26207,13905
2024-11-11,Ukraine,Europe,23619,11261
2024-11-11,Lebanon,Asia,11792,5346
2024-11-18,United States,North America,105035,42997
2024-11-18,Israel,Asia,62937,25784
2024-11-18,Russia,Europe,50332,24310
2024-11-18,Ukraine,Europe,42188,19841
2024-11-18,United Kingdom,Europe,17254,6741
2024-11-25,United States,North America,68234,31425
2024-11-25,Israel,Asia,58221,22214
2024-11-25,Russia,Europe,29983,16732
2024-11-25,Syria,Asia,23179,8505
2024-11-25,Ukraine,Europe,22465,12219
2024-12-02,United States,North America,120312,45670
2024-12-02,Syria,Asia,48031,19477
2024-12-02,Israel,Asia,38446,17143
2024-12-02,Russia,Europe,22687,13523
2024-12-02,South Korea,Asia,13482,5372
2024-12-09,United States,North America,140190,49797
2024-12-09,Syria,Asia,48598,21760
2024-12-09,Israel,Asia,44757,19670
2024-12-09,Russia,Europe,25015,13265
2024-12-09,Ukraine,Europe,16929,9145
2024-12-16,United States,North America,146536,49275
2024-12-16,Israel,Asia,39876,18209
2024-12-16,Russia,Europe,31929,16423
2024-12-16,Ukraine,Europe,25642,12283
2024-12-16,Syria,Asia,14974,7762
2024-12-23,United States,North America,70310,28898
2024-12-23,Israel,Asia,53528,20762
2024-12-23,Russia,Europe,36462,15467
2024-12-23,Ukraine,Europe,21385,10554
2024-12-23,Syria,Asia,10205,5734
2024-12-30,United States,North America,84748,34124
2024-12-30,Israel,Asia,45314,18426
2024-12-30,Russia,Europe,19490,10130
2024-12-30,Ukraine,Europe,16632,8678
2024-12-30,United Kingdom,Europe,10413,4210
2025-01-06,United States,North America,144439,50987
2025-01-06,Israel,Asia,33689,15522
2025-01-06,Russia,Europe,18914,10482
2025-01-06,Ukraine,Europe,16585,9161
2025-01-06,United Kingdom,Europe,15634,6417
2025-01-13,United States,North America,124594,49476
2025-01-13,Israel,Asia,71307,23712
2025-01-13,Russia,Europe,24652,13035
2025-01-13,Ukraine,Europe,17328,9535
2025-01-13,United Kingdom,Europe,14528,6125
2025-01-20,United States,North America,154541,55871
2025-01-20,Israel,Asia,54791,21597
2025-01-20,United Kingdom,Europe,18577,6865
2025-01-20,Russia,Europe,16700,10034
2025-01-20,Ukraine,Europe,13440,7912
2025-01-27,United States,North America,126290,50710
2025-01-27,Israel,Asia,45029,18544
2025-01-27,Russia,Europe,19982,11419
2025-01-27,United Kingdom,Europe,16925,5220
2025-01-27,Ukraine,Europe,15377,8768
2025-02-03,United States,North America,105032,47543
2025-02-03,Israel,Asia,48153,18023
2025-02-03,Russia,Europe,17610,10577
2025-02-03,Ukraine,Europe,14709,8510
2025-02-03,United Kingdom,Europe,11930,5280
2025-02-10,United States,North America,104230,44848
2025-02-10,Israel,Asia,39390,15741
2025-02-10,Russia,Europe,22679,11582
2025-02-10,Ukraine,Europe,16355,8934
2025-02-10,United Kingdom,Europe,13434,5200
2025-02-17,United States,North America,113048,44541
2025-02-17,Israel,Asia,53147,16947
2025-02-17,Russia,Europe,20750,11011
2025-02-17,Ukraine,Europe,18643,10357
2025-02-17,United Kingdom,Europe,11678,4754
2025-02-24,United States,North America,102572,46855
2025-02-24,Israel,Asia,31864,13922
2025-02-24,Ukraine,Europe,26060,12426
2025-02-24,Russia,Europe,22105,12296
2025-02-24,United Kingdom,Europe,14583,5762
2025-03-03,United States,North America,108492,47465
2025-03-03,Ukraine,Europe,38475,18353
2025-03-03,Israel,Asia,31011,13402
2025-03-03,Russia,Europe,30284,15436
2025-03-03,Syria,Asia,21141,7899
2025-03-10,United States,North America,112630,48759
2025-03-10,Russia,Europe,37261,17467
2025-03-10,Israel,Asia,37097,14886
2025-03-10,Ukraine,Europe,27400,14357
2025-03-10,United Kingdom,Europe,17624,6285
2025-03-17,United States,North America,121234,51288
2025-03-17,Israel,Asia,88954,27041
2025-03-17,Russia,Europe,25740,13626
2025-03-17,Ukraine,Europe,23203,12231
2025-03-17,United Kingdom,Europe,19325,6547
2025-03-24,United States,North America,111271,48140
2025-03-24,Israel,Asia,46501,21517
2025-03-24,Russia,Europe,25049,13007
2025-03-24,Ukraine,Europe,21051,10797
2025-03-24,Turkey,Asia,17625,7250
2025-03-31,United States,North America,105651,44560
2025-03-31,Israel,Asia,39870,18617
2025-03-31,Russia,Europe,22259,11397
2025-03-31,United Kingdom,Europe,18278,6063
2025-03-31,Ukraine,Europe,17079,8514
2025-04-07,United States,North America,114565,45389
2025-04-07,Israel,Asia,40676,17523
2025-04-07,Russia,Europe,22183,12192
2025-04-07,United Kingdom,Europe,17422,6340
2025-04-07,Ukraine,Europe,17243,9623
2025-04-14,United States,North America,134922,51489
2025-04-14,Israel,Asia,38791,16205
2025-04-14,Russia,Europe,26850,14507
2025-04-14,Ukraine,Europe,20525,11316
2025-04-14,United Kingdom,Europe,13988,5559
2025-04-21,United States,North America,116906,47644
2025-04-21,India,Asia,31516,18326
2025-04-21,Russia,Europe,29394,14221
2025-04-21,Israel,Asia,27259,13648
2025-04-21,Ukraine,Europe,26256,12405
2025-04-28,United States,North America,108420,45573
2025-04-28,Israel,Asia,38754,16307
2025-04-28,Russia,Europe,19603,11502
2025-04-28,Ukraine,Europe,17537,9377
2025-04-28,India,Asia,17474,11587
2025-05-05,United States,North America,106577,44881
2025-05-05,Pakistan,Asia,55565,25042
2025-05-05,India,Asia,44072,23305
2025-05-05,Israel,Asia,37324,17163
2025-05-05,Russia,Europe,25020,13085
2025-05-12,United States,North America,105422,43857
2025-05-12,Israel,Asia,46379,18620
2025-05-12,Russia,Europe,21170,11711
2025-05-12,Ukraine,Europe,16272,8608
2025-05-12,India,Asia,16053,10757
2025-05-19,United States,North America,119232,49510
2025-05-19,Israel,Asia,68367,27917
2025-05-19,Russia,Europe,27305,13803
2025-05-19,Ukraine,Europe,25164,11166
2025-05-19,United Kingdom,Europe,13905,6409
2025-05-26,United States,North America,105730,41240
2025-05-26,Israel,Asia,49715,21164
2025-05-26,Russia,Europe,30269,15570
2025-05-26,Ukraine,Europe,26599,12619
2025-05-26,United Kingdom,Europe,10823,5516
2025-06-02,United States,North America,144758,52207
2025-06-02,Israel,Asia,54817,19681
2025-06-02,Russia,Europe,35269,16682
2025-06-02,Ukraine,Europe,33167,14644
2025-06-02,United Kingdom,Europe,13946,6234
2025-06-09,United States,North America,162137,58505
2025-06-09,Israel,Asia,77749,29696
2025-06-09,Iran,Asia,48715,18362
2025-06-09,United Kingdom,Europe,22690,6475
2025-06-09,Russia,Europe,16919,9155
2025-06-30,United States,North America,61909,26050
2025-06-30,Israel,Asia,34157,13514
2025-06-30,Russia,Europe,19974,9999
2025-06-30,Ukraine,Europe,19002,8402
2025-06-30,United Kingdom,Europe,9258,3662
2025-07-07,United States,North America,101215,42982
2025-07-07,Israel,Asia,48312,20374
2025-07-07,Russia,Europe,25641,13433
2025-07-07,Ukraine,Europe,24744,11298
2025-07-07,United Kingdom,Europe,13640,5535
2025-07-14,United States,North America,109575,44492
2025-07-14,Israel,Asia,47796,21629
2025-07-14,Syria,Asia,32157,12905
2025-07-14,Russia,Europe,20784,11521
2025-07-14,United Kingdom,Europe,17858,6398
2025-07-21,United States,North America,123787,45962
2025-07-21,Israel,Asia,47892,19148
2025-07-21,United Kingdom,Europe,21851,6669
2025-07-21,Russia,Europe,20792,10899
2025-07-21,Thailand,Asia,17726,6783
2025-07-28,United States,North America,109305,43505
2025-07-28,Israel,Asia,41250,18668
2025-07-28,Russia,Europe,24036,12652
2025-07-28,Ukraine,Europe,18887,8983
2025-07-28,United Kingdom,Europe,15447,5851
2025-08-04,United States,North America,126383,46136
2025-08-04,Israel,Asia,53081,18582
2025-08-04,Russia,Europe,24529,11757
2025-08-04,United Kingdom,Europe,20965,6649
2025-08-04,Ukraine,Europe,16339,8447
2025-08-11,United States,North America,116589,46370
2025-08-11,Israel,Asia,47127,19864
2025-08-11,Russia,Europe,21355,12012
2025-08-11,Ukraine,Europe,18629,9854
2025-08-11,United Kingdom,Europe,15345,5952
2025-08-18,United States,North America,123174,47977
2025-08-18,Israel,Asia,44297,18851
2025-08-18,Russia,Europe,24642,13380
2025-08-18,Ukraine,Europe,23292,11972
2025-08-18,United Kingdom,Europe,16730,5991
2025-08-25,United States,North America,134019,48632
2025-08-25,Israel,Asia,68859,25063
2025-08-25,Ukraine,Europe,24706,12231
2025-08-25,Russia,Europe,23982,12317
2025-08-25,Australia,Oceania,18202,4080
2025-09-01,United States,North America,109914,45058
2025-09-01,Israel,Asia,40986,18406
2025-09-01,Ukraine,Europe,20325,9840
2025-09-01,Russia,Europe,18245,10319
2025-09-01,United Kingdom,Europe,16039,6448
2025-09-08,United States,North America,188561,64124
2025-09-08,Israel,Asia,58288,26984
2025-09-08,Russia,Europe,32298,16557
2025-09-08,Ukraine,Europe,22734,11537
2025-09-08,Nepal,Asia,20897,7628
2025-09-15,United States,North America,166851,56640
2025-09-15,Israel,Asia,54209,23744
2025-09-15,Russia,Europe,23448,13326
2025-09-15,United Kingdom,Europe,17220,7179
2025-09-15,Ukraine,Europe,14422,8316
2025-09-22,United States,North America,132185,47920
2025-09-22,Israel,Asia,42383,19662
2025-09-22,Russia,Europe,28095,14363
2025-09-22,Ukraine,Europe,17413,8548
2025-09-22,United Kingdom,Europe,14105,5199
2025-09-29,United States,North America,126711,46046
2025-09-29,Israel,Asia,53927,21906
2025-09-29,United Kingdom,Europe,22924,8292
2025-09-29,Russia,Europe,18933,10972
2025-09-29,Ukraine,Europe,13721,8363
2025-10-06,United States,North America,124899,46730
2025-10-06,Israel,Asia,63441,25801
2025-10-06,Russia,Europe,17158,9863
2025-10-06,United Kingdom,Europe,16651,5439
2025-10-06,Ukraine,Europe,12177,7241
2025-10-13,United States,North America,104384,43143
2025-10-13,Israel,Asia,69492,24620
2025-10-13,Russia,Europe,18048,10276
2025-10-13,United Kingdom,Europe,15533,5404
2025-10-13,Ukraine,Europe,14544,8049
2025-10-20,United States,North America,110688,44241
2025-10-20,Israel,Asia,33363,15061
2025-10-20,Russia,Europe,28392,15347
2025-10-20,United Kingdom,Europe,25136,6653
2025-10-20,Ukraine,Europe,18797,9798
2025-10-27,United States,North America,98363,42002
2025-10-27,Israel,Asia,34388,15503
2025-10-27,United Kingdom,Europe,19712,6934
2025-10-27,Russia,Europe,19632,11989
2025-10-27,Ukraine,Europe,14937,8562
2025-11-03,United States,North America,97751,39960
2025-11-03,Israel,Asia,26184,13446
2025-11-03,Russia,Europe,17952,10161
2025-11-03,United Kingdom,Europe,15862,5883
2025-11-03,Ukraine,Europe,14093,7646
2025-11-10,United States,North America,94791,37883
2025-11-10,Israel,Asia,20307,11256
2025-11-10,Russia,Europe,16214,9924
2025-11-10,United Kingdom,Europe,14625,5624
2025-11-10,India,Asia,13689,8946
2025-11-17,United States,North America,104897,41002
2025-11-17,Israel,Asia,30301,13954
2025-11-17,Russia,Europe,20350,11824
2025-11-17,Ukraine,Europe,17464,9859
2025-11-17,Nigeria,Africa,15335,9050
2025-11-24,United States,North America,97162,36307
2025-11-24,Israel,Asia,29073,12818
2025-11-24,Russia,Europe,19048,10859
2025-11-24,Ukraine,Europe,16915,8819
2025-11-24,United Kingdom,Europe,10791,4787
2025-12-01,United States,North America,109253,39559
2025-12-01,Israel,Asia,22029,11396
2025-12-01,Russia,Europe,19720,11466
2025-12-01,Ukraine,Europe,15655,8234
2025-12-01,United Kingdom,Europe,11132,4651
2025-12-08,United States,North America,104914,40834
2025-12-08,Australia,Oceania,34977,6899
2025-12-08,Russia,Europe,18345,10304
2025-12-08,Ukraine,Europe,17566,8020
2025-12-08,Israel,Asia,17057,9641
2025-12-15,United States,North America,127518,46901
2025-12-15,Australia,Oceania,60920,13520
2025-12-15,Israel,Asia,18474,9306
2025-12-15,Russia,Europe,17561,10109
2025-12-15,United Kingdom,Europe,16990,4878
2025-12-22,United States,North America,64123,29995
2025-12-22,Russia,Europe,24299,12100
2025-12-22,Israel,Asia,20978,10240
2025-12-22,Ukraine,Europe,17974,8984
2025-12-22,United Kingdom,Europe,14598,4518
2025-12-29,United States,North America,87671,35061
2025-12-29,Venezuela,South America,40031,12370
2025-12-29,Ukraine,Europe,17883,9461
2025-12-29,Russia,Europe,16614,9520
2025-12-29,Israel,Asia,15096,7689
2026-01-05,United States,North America,136947,52653
2026-01-05,Venezuela,South America,40249,17760
2026-01-05,Iran,Asia,17571,6876
2026-01-05,Russia,Europe,15155,8485
2026-01-05,Ukraine,Europe,15144,7728
2026-01-12,United States,North America,113405,46503
2026-01-12,Iran,Asia,29633,13666
2026-01-12,United Kingdom,Europe,14819,5353
2026-01-12,Israel,Asia,14695,8099
2026-01-12,Venezuela,South America,13742,5518
