Country;Admin1;Admin2;ISO3;Admin2 Pcode;Admin1 Pcode;Month;Year;Events;Fatalities
Myanmar;Ayeyarwady;Myaungmya;MMR;MMR017D003;MMR017;January;2010;0;0
Myanmar;Chin;Matupi;MMR;MMR004D004;MMR004;January;2010;0;0
Myanmar;Magway;Magway;MMR;MMR009D001;MMR009;January;2010;0;0
Myanmar;Magway;Minbu;MMR;MMR009D002;MMR009;January;2010;0;0
Myanmar;Sagaing;Hkamti;MMR;MMR005D008;MMR005;January;2010;0;0
Myanmar;Sagaing;Katha;MMR;MMR005D004;MMR005;January;2010;0;0
Myanmar;Sagaing;Shwebo;MMR;MMR005D002;MMR005;January;2010;0;0
Myanmar;Sagaing;Tamu;MMR;MMR005D006;MMR005;January;2010;0;0
Myanmar;Shan-North;Kyaukme;MMR;NA;NA;January;2010;0;0
Myanmar;Shan-North;Matman;MMR;MMR015D007;MMR015;January;2010;0;0
Myanmar;Shan-North;Pa Laung Self-Administered Zone;MMR;NA;NA;January;2010;0;0
Myanmar;Yangon;Yangon-East;MMR;MMR013D002;MMR013;January;2010;0;0
Myanmar;Ayeyarwady;Pathein;MMR;MMR017D001;MMR017;January;2010;0;0
Myanmar;Ayeyarwady;Pyapon;MMR;MMR017D006;MMR017;January;2010;0;0
Myanmar;Bago-East;Taungoo;MMR;MMR007D002;MMR007;January;2010;1;0
Myanmar;Kayah;Loikaw;MMR;MMR002D001;MMR002;January;2010;0;0
Myanmar;Kayin;Kawkareik;MMR;MMR003D003;MMR003;January;2010;2;0
Myanmar;Magway;Thayet;MMR;MMR009D003;MMR009;January;2010;0;0
Myanmar;Mandalay;Kyaukse;MMR;MMR010D003;MMR010;January;2010;0;0
Myanmar;Rakhine;Kyaukpyu;MMR;MMR012D003;MMR012;January;2010;0;0
Myanmar;Shan-East;Monghsat;MMR;MMR016D002;MMR016;January;2010;0;0
Myanmar;Shan-South;Pa-O Self-Administered Zone;MMR;NA;NA;January;2010;0;0
Myanmar;Shan-South;Taunggyi;MMR;MMR014D001;MMR014;January;2010;0;0
Myanmar;Tanintharyi;Dawei;MMR;MMR006D001;MMR006;January;2010;0;0
Myanmar;Yangon;Yangon-North;MMR;MMR013D001;MMR013;January;2010;0;0
Myanmar;Bago-West;Pyay;MMR;MMR008D001;MMR008;January;2010;0;0
Myanmar;Chin;Mindat;MMR;MMR004D002;MMR004;January;2010;0;0
Myanmar;Kachin;Bhamo;MMR;MMR001D003;MMR001;January;2010;0;0
Myanmar;Kachin;Myitkyina;MMR;MMR001D001;MMR001;January;2010;0;0
Myanmar;Magway;Gangaw;MMR;MMR009D005;MMR009;January;2010;0;0
Myanmar;Nay Pyi Taw;Oke Ta Ra;MMR;MMR018D001;MMR018;January;2010;0;0
Myanmar;Rakhine;Thandwe;MMR;MMR012D004;MMR012;January;2010;0;0
Myanmar;Shan-East;Kengtung;MMR;MMR016D001;MMR016;January;2010;1;1
Myanmar;Shan-North;Mongmit;MMR;MMR015D008;MMR015;January;2010;0;0
Myanmar;Yangon;Yangon-South;MMR;MMR013D003;MMR013;January;2010;0;0
Myanmar;Ayeyarwady;Labutta;MMR;MMR017D004;MMR017;January;2010;0;0
Myanmar;Ayeyarwady;Maubin;MMR;MMR017D005;MMR017;January;2010;0;0
Myanmar;Magway;Pakokku;MMR;MMR009D004;MMR009;January;2010;0;0
Myanmar;Mandalay;Myingyan;MMR;MMR010D004;MMR010;January;2010;0;0
Myanmar;Rakhine;Maungdaw;MMR;MMR012D002;MMR012;January;2010;0;0
Myanmar;Rakhine;Mrauk-U;MMR;MMR012D005;MMR012;January;2010;0;0
Myanmar;Shan-North;Hopang;MMR;MMR015D006;MMR015;January;2010;0;0
Myanmar;Shan-North;Kokang Self-Administered Zone;MMR;MMR015D221;MMR015;January;2010;0;0
Myanmar;Shan-North;Muse;MMR;MMR015D002;MMR015;January;2010;0;0
Myanmar;Sagaing;Kale;MMR;MMR005D005;MMR005;January;2010;0;0
Myanmar;Sagaing;Sagaing;MMR;MMR005D001;MMR005;January;2010;0;0
Myanmar;Bago-East;Bago;MMR;MMR007D001;MMR007;January;2010;1;2
Myanmar;Chin;Hakha;MMR;MMR004D003;MMR004;January;2010;0;0
Myanmar;Kachin;Mohnyin;MMR;MMR001D002;MMR001;January;2010;0;0
Myanmar;Kachin;Puta-O;MMR;MMR001D004;MMR001;January;2010;0;0
Myanmar;Kayin;Hpa-An;MMR;MMR003D001;MMR003;January;2010;1;0
Myanmar;Kayin;Myawaddy;MMR;MMR003D002;MMR003;January;2010;0;0
Myanmar;Mandalay;Mandalay;MMR;MMR010D001;MMR010;January;2010;0;0
Myanmar;Mandalay;Meiktila;MMR;MMR010D007;MMR010;January;2010;0;0
Myanmar;Sagaing;Kawlin;MMR;MMR005D011;MMR005;January;2010;0;0
Myanmar;Sagaing;Naga Self-Administered Zone;MMR;NA;NA;January;2010;0;0
Myanmar;Shan-South;Langkho;MMR;MMR014D003;MMR014;January;2010;0;0
Myanmar;Shan-South;Loilen;MMR;MMR014D002;MMR014;January;2010;0;0
Myanmar;Chin;Falam;MMR;MMR004D001;MMR004;January;2010;0;0
Myanmar;Kayin;Hpapun;MMR;MMR003D004;MMR003;January;2010;1;0
Myanmar;Mandalay;Nyaung-U;MMR;MMR010D005;MMR010;January;2010;0;0
Myanmar;Mon;Thaton;MMR;MMR011D002;MMR011;January;2010;0;0
Myanmar;Rakhine;Sittwe;MMR;MMR012D001;MMR012;January;2010;0;0
Myanmar;Sagaing;Mawlaik;MMR;MMR005D007;MMR005;January;2010;0;0
Myanmar;Sagaing;Monywa;MMR;MMR005D003;MMR005;January;2010;0;0
Myanmar;Sagaing;Yinmarbin;MMR;MMR005D009;MMR005;January;2010;0;0
Myanmar;Shan-East;Tachileik;MMR;MMR016D003;MMR016;January;2010;0;0
Myanmar;Tanintharyi;Kawthoung;MMR;MMR006D003;MMR006;January;2010;0;0
Myanmar;Yangon;Yangon-West;MMR;MMR013D004;MMR013;January;2010;0;0
Myanmar;Ayeyarwady;Hinthada;MMR;MMR017D002;MMR017;January;2010;0;0
Myanmar;Bago-West;Thayarwady;MMR;MMR008D002;MMR008;January;2010;0;0
Myanmar;Kayah;Bawlake;MMR;MMR002D002;MMR002;January;2010;0;0
Myanmar;Mandalay;Pyinoolwin;MMR;MMR010D002;MMR010;January;2010;0;0
Myanmar;Mandalay;Yamethin;MMR;MMR010D006;MMR010;January;2010;0;0
Myanmar;Mon;Mawlamyine;MMR;MMR011D001;MMR011;January;2010;2;1
Myanmar;Nay Pyi Taw;Det Khi Na;MMR;MMR018D002;MMR018;January;2010;0;0
Myanmar;Sagaing;Kanbalu;MMR;MMR005D010;MMR005;January;2010;0;0
Myanmar;Shan-North;Lashio;MMR;MMR015D001;MMR015;January;2010;0;0
Myanmar;Shan-South;Danu Self-Administered Zone;MMR;NA;NA;January;2010;0;0
Myanmar;Tanintharyi;Myeik;MMR;MMR006D002;MMR006;January;2010;0;0
Myanmar;Ayeyarwady;Myaungmya;MMR;MMR017D003;MMR017;February;2010;0;0
Myanmar;Chin;Matupi;MMR;MMR004D004;MMR004;February;2010;0;0
Myanmar;Magway;Magway;MMR;MMR009D001;MMR009;February;2010;0;0
Myanmar;Magway;Minbu;MMR;MMR009D002;MMR009;February;2010;0;0
Myanmar;Sagaing;Hkamti;MMR;MMR005D008;MMR005;February;2010;0;0
Myanmar;Sagaing;Katha;MMR;MMR005D004;MMR005;February;2010;0;0
Myanmar;Sagaing;Shwebo;MMR;MMR005D002;MMR005;February;2010;0;0
Myanmar;Sagaing;Tamu;MMR;MMR005D006;MMR005;February;2010;0;0
Myanmar;Shan-North;Kyaukme;MMR;NA;NA;February;2010;1;0
Myanmar;Shan-North;Matman;MMR;MMR015D007;MMR015;February;2010;0;0
Myanmar;Shan-North;Pa Laung Self-Administered Zone;MMR;NA;NA;February;2010;0;0
Myanmar;Yangon;Yangon-East;MMR;MMR013D002;MMR013;February;2010;0;0
Myanmar;Ayeyarwady;Pathein;MMR;MMR017D001;MMR017;February;2010;0;0
Myanmar;Ayeyarwady;Pyapon;MMR;MMR017D006;MMR017;February;2010;0;0
Myanmar;Bago-East;Taungoo;MMR;MMR007D002;MMR007;February;2010;0;0
Myanmar;Kayah;Loikaw;MMR;MMR002D001;MMR002;February;2010;0;0
Myanmar;Kayin;Kawkareik;MMR;MMR003D003;MMR003;February;2010;1;1
Myanmar;Magway;Thayet;MMR;MMR009D003;MMR009;February;2010;0;0
Myanmar;Mandalay;Kyaukse;MMR;MMR010D003;MMR010;February;2010;0;0
Myanmar;Rakhine;Kyaukpyu;MMR;MMR012D003;MMR012;February;2010;0;0
Myanmar;Shan-East;Monghsat;MMR;MMR016D002;MMR016;February;2010;0;0
Myanmar;Shan-South;Pa-O Self-Administered Zone;MMR;NA;NA;February;2010;0;0
Myanmar;Shan-South;Taunggyi;MMR;MMR014D001;MMR014;February;2010;0;0
Myanmar;Tanintharyi;Dawei;MMR;MMR006D001;MMR006;February;2010;1;1
Myanmar;Yangon;Yangon-North;MMR;MMR013D001;MMR013;February;2010;0;0
Myanmar;Bago-West;Pyay;MMR;MMR008D001;MMR008;February;2010;0;0
Myanmar;Chin;Mindat;MMR;MMR004D002;MMR004;February;2010;0;0
Myanmar;Kachin;Bhamo;MMR;MMR001D003;MMR001;February;2010;0;0
Myanmar;Kachin;Myitkyina;MMR;MMR001D001;MMR001;February;2010;0;0
Myanmar;Magway;Gangaw;MMR;MMR009D005;MMR009;February;2010;0;0
Myanmar;Nay Pyi Taw;Oke Ta Ra;MMR;MMR018D001;MMR018;February;2010;0;0
Myanmar;Rakhine;Thandwe;MMR;MMR012D004;MMR012;February;2010;0;0
Myanmar;Shan-East;Kengtung;MMR;MMR016D001;MMR016;February;2010;0;0
Myanmar;Shan-North;Mongmit;MMR;MMR015D008;MMR015;February;2010;0;0
Myanmar;Yangon;Yangon-South;MMR;MMR013D003;MMR013;February;2010;0;0
Myanmar;Ayeyarwady;Labutta;MMR;MMR017D004;MMR017;February;2010;0;0
Myanmar;Ayeyarwady;Maubin;MMR;MMR017D005;MMR017;February;2010;0;0
Myanmar;Magway;Pakokku;MMR;MMR009D004;MMR009;February;2010;0;0
Myanmar;Mandalay;Myingyan;MMR;MMR010D004;MMR010;February;2010;0;0
Myanmar;Rakhine;Maungdaw;MMR;MMR012D002;MMR012;February;2010;1;0
Myanmar;Rakhine;Mrauk-U;MMR;MMR012D005;MMR012;February;2010;0;0
Myanmar;Shan-North;Hopang;MMR;MMR015D006;MMR015;February;2010;0;0
Myanmar;Shan-North;Kokang Self-Administered Zone;MMR;MMR015D221;MMR015;February;2010;3;1
Myanmar;Shan-North;Muse;MMR;MMR015D002;MMR015;February;2010;0;0
Myanmar;Sagaing;Kale;MMR;MMR005D005;MMR005;February;2010;0;0
Myanmar;Sagaing;Sagaing;MMR;MMR005D001;MMR005;February;2010;0;0
Myanmar;Bago-East;Bago;MMR;MMR007D001;MMR007;February;2010;0;0
Myanmar;Chin;Hakha;MMR;MMR004D003;MMR004;February;2010;0;0
Myanmar;Kachin;Mohnyin;MMR;MMR001D002;MMR001;February;2010;0;0
Myanmar;Kachin;Puta-O;MMR;MMR001D004;MMR001;February;2010;0;0
Myanmar;Kayin;Hpa-An;MMR;MMR003D001;MMR003;February;2010;2;1
Myanmar;Kayin;Myawaddy;MMR;MMR003D002;MMR003;February;2010;1;1
Myanmar;Mandalay;Mandalay;MMR;MMR010D001;MMR010;February;2010;0;0
Myanmar;Mandalay;Meiktila;MMR;MMR010D007;MMR010;February;2010;0;0
Myanmar;Sagaing;Kawlin;MMR;MMR005D011;MMR005;February;2010;0;0
Myanmar;Sagaing;Naga Self-Administered Zone;MMR;NA;NA;February;2010;0;0
Myanmar;Shan-South;Langkho;MMR;MMR014D003;MMR014;February;2010;0;0
Myanmar;Shan-South;Loilen;MMR;MMR014D002;MMR014;February;2010;1;0
Myanmar;Chin;Falam;MMR;MMR004D001;MMR004;February;2010;0;0
Myanmar;Kayin;Hpapun;MMR;MMR003D004;MMR003;February;2010;1;1
Myanmar;Mandalay;Nyaung-U;MMR;MMR010D005;MMR010;February;2010;0;0
Myanmar;Mon;Thaton;MMR;MMR011D002;MMR011;February;2010;0;0
Myanmar;Rakhine;Sittwe;MMR;MMR012D001;MMR012;February;2010;0;0
Myanmar;Sagaing;Mawlaik;MMR;MMR005D007;MMR005;February;2010;0;0
Myanmar;Sagaing;Monywa;MMR;MMR005D003;MMR005;February;2010;0;0
Myanmar;Sagaing;Yinmarbin;MMR;MMR005D009;MMR005;February;2010;0;0
Myanmar;Shan-East;Tachileik;MMR;MMR016D003;MMR016;February;2010;1;13
Myanmar;Tanintharyi;Kawthoung;MMR;MMR006D003;MMR006;February;2010;0;0
Myanmar;Yangon;Yangon-West;MMR;MMR013D004;MMR013;February;2010;0;0
Myanmar;Ayeyarwady;Hinthada;MMR;MMR017D002;MMR017;February;2010;0;0
Myanmar;Bago-West;Thayarwady;MMR;MMR008D002;MMR008;February;2010;0;0
Myanmar;Kayah;Bawlake;MMR;MMR002D002;MMR002;February;2010;0;0
Myanmar;Mandalay;Pyinoolwin;MMR;MMR010D002;MMR010;February;2010;0;0
Myanmar;Mandalay;Yamethin;MMR;MMR010D006;MMR010;February;2010;0;0
Myanmar;Mon;Mawlamyine;MMR;MMR011D001;MMR011;February;2010;0;0
Myanmar;Nay Pyi Taw;Det Khi Na;MMR;MMR018D002;MMR018;February;2010;0;0
Myanmar;Sagaing;Kanbalu;MMR;MMR005D010;MMR005;February;2010;0;0
Myanmar;Shan-North;Lashio;MMR;MMR015D001;MMR015;February;2010;0;0
Myanmar;Shan-South;Danu Self-Administered Zone;MMR;NA;NA;February;2010;0;0
Myanmar;Tanintharyi;Myeik;MMR;MMR006D002;MMR006;February;2010;0;0
Myanmar;Ayeyarwady;Myaungmya;MMR;MMR017D003;MMR017;March;2010;0;0
Myanmar;Chin;Matupi;MMR;MMR004D004;MMR004;March;2010;0;0
Myanmar;Magway;Magway;MMR;MMR009D001;MMR009;March;2010;0;0
Myanmar;Magway;Minbu;MMR;MMR009D002;MMR009;March;2010;0;0
Myanmar;Sagaing;Hkamti;MMR;MMR005D008;MMR005;March;2010;0;0
Myanmar;Sagaing;Katha;MMR;MMR005D004;MMR005;March;2010;0;0
Myanmar;Sagaing;Shwebo;MMR;MMR005D002;MMR005;March;2010;0;0
Myanmar;Sagaing;Tamu;MMR;MMR005D006;MMR005;March;2010;0;0
Myanmar;Shan-North;Kyaukme;MMR;NA;NA;March;2010;0;0
Myanmar;Shan-North;Matman;MMR;MMR015D007;MMR015;March;2010;0;0
Myanmar;Shan-North;Pa Laung Self-Administered Zone;MMR;NA;NA;March;2010;1;20
Myanmar;Yangon;Yangon-East;MMR;MMR013D002;MMR013;March;2010;0;0
Myanmar;Ayeyarwady;Pathein;MMR;MMR017D001;MMR017;March;2010;0;0
Myanmar;Ayeyarwady;Pyapon;MMR;MMR017D006;MMR017;March;2010;0;0
Myanmar;Bago-East;Taungoo;MMR;MMR007D002;MMR007;March;2010;1;3
Myanmar;Kayah;Loikaw;MMR;MMR002D001;MMR002;March;2010;0;0
Myanmar;Kayin;Kawkareik;MMR;MMR003D003;MMR003;March;2010;0;0
Myanmar;Magway;Thayet;MMR;MMR009D003;MMR009;March;2010;0;0
Myanmar;Mandalay;Kyaukse;MMR;MMR010D003;MMR010;March;2010;0;0
Myanmar;Rakhine;Kyaukpyu;MMR;MMR012D003;MMR012;March;2010;0;0
Myanmar;Shan-East;Monghsat;MMR;MMR016D002;MMR016;March;2010;0;0
Myanmar;Shan-South;Pa-O Self-Administered Zone;MMR;NA;NA;March;2010;0;0
Myanmar;Shan-South;Taunggyi;MMR;MMR014D001;MMR014;March;2010;2;8
Myanmar;Tanintharyi;Dawei;MMR;MMR006D001;MMR006;March;2010;0;0
Myanmar;Yangon;Yangon-North;MMR;MMR013D001;MMR013;March;2010;0;0
Myanmar;Bago-West;Pyay;MMR;MMR008D001;MMR008;March;2010;0;0
Myanmar;Chin;Mindat;MMR;MMR004D002;MMR004;March;2010;0;0
Myanmar;Kachin;Bhamo;MMR;MMR001D003;MMR001;March;2010;0;0
Myanmar;Kachin;Myitkyina;MMR;MMR001D001;MMR001;March;2010;0;0
Myanmar;Magway;Gangaw;MMR;MMR009D005;MMR009;March;2010;0;0
Myanmar;Nay Pyi Taw;Oke Ta Ra;MMR;MMR018D001;MMR018;March;2010;0;0
Myanmar;Rakhine;Thandwe;MMR;MMR012D004;MMR012;March;2010;0;0
Myanmar;Shan-East;Kengtung;MMR;MMR016D001;MMR016;March;2010;0;0
Myanmar;Shan-North;Mongmit;MMR;MMR015D008;MMR015;March;2010;0;0
Myanmar;Yangon;Yangon-South;MMR;MMR013D003;MMR013;March;2010;0;0
Myanmar;Ayeyarwady;Labutta;MMR;MMR017D004;MMR017;March;2010;0;0
Myanmar;Ayeyarwady;Maubin;MMR;MMR017D005;MMR017;March;2010;0;0
Myanmar;Magway;Pakokku;MMR;MMR009D004;MMR009;March;2010;0;0
Myanmar;Mandalay;Myingyan;MMR;MMR010D004;MMR010;March;2010;0;0
Myanmar;Rakhine;Maungdaw;MMR;MMR012D002;MMR012;March;2010;0;0
Myanmar;Rakhine;Mrauk-U;MMR;MMR012D005;MMR012;March;2010;0;0
Myanmar;Shan-North;Hopang;MMR;MMR015D006;MMR015;March;2010;0;0
Myanmar;Shan-North;Kokang Self-Administered Zone;MMR;MMR015D221;MMR015;March;2010;0;0
Myanmar;Shan-North;Muse;MMR;MMR015D002;MMR015;March;2010;0;0
Myanmar;Sagaing;Kale;MMR;MMR005D005;MMR005;March;2010;0;0
Myanmar;Sagaing;Sagaing;MMR;MMR005D001;MMR005;March;2010;0;0
Myanmar;Bago-East;Bago;MMR;MMR007D001;MMR007;March;2010;0;0
Myanmar;Chin;Hakha;MMR;MMR004D003;MMR004;March;2010;0;0
Myanmar;Kachin;Mohnyin;MMR;MMR001D002;MMR001;March;2010;0;0
Myanmar;Kachin;Puta-O;MMR;MMR001D004;MMR001;March;2010;0;0
Myanmar;Kayin;Hpa-An;MMR;MMR003D001;MMR003;March;2010;1;1
Myanmar;Kayin;Myawaddy;MMR;MMR003D002;MMR003;March;2010;0;0
Myanmar;Mandalay;Mandalay;MMR;MMR010D001;MMR010;March;2010;0;0
Myanmar;Mandalay;Meiktila;MMR;MMR010D007;MMR010;March;2010;0;0
Myanmar;Sagaing;Kawlin;MMR;MMR005D011;MMR005;March;2010;0;0
Myanmar;Sagaing;Naga Self-Administered Zone;MMR;NA;NA;March;2010;0;0
Myanmar;Shan-South;Langkho;MMR;MMR014D003;MMR014;March;2010;0;0
Myanmar;Shan-South;Loilen;MMR;MMR014D002;MMR014;March;2010;0;0
Myanmar;Chin;Falam;MMR;MMR004D001;MMR004;March;2010;0;0
Myanmar;Kayin;Hpapun;MMR;MMR003D004;MMR003;March;2010;3;3
Myanmar;Mandalay;Nyaung-U;MMR;MMR010D005;MMR010;March;2010;0;0
Myanmar;Mon;Thaton;MMR;MMR011D002;MMR011;March;2010;0;0
Myanmar;Rakhine;Sittwe;MMR;MMR012D001;MMR012;March;2010;0;0
Myanmar;Sagaing;Mawlaik;MMR;MMR005D007;MMR005;March;2010;0;0
Myanmar;Sagaing;Monywa;MMR;MMR005D003;MMR005;March;2010;0;0
Myanmar;Sagaing;Yinmarbin;MMR;MMR005D009;MMR005;March;2010;0;0
Myanmar;Shan-East;Tachileik;MMR;MMR016D003;MMR016;March;2010;0;0
Myanmar;Tanintharyi;Kawthoung;MMR;MMR006D003;MMR006;March;2010;0;0
Myanmar;Yangon;Yangon-West;MMR;MMR013D004;MMR013;March;2010;0;0
Myanmar;Ayeyarwady;Hinthada;MMR;MMR017D002;MMR017;March;2010;0;0
Myanmar;Bago-West;Thayarwady;MMR;MMR008D002;MMR008;March;2010;0;0
Myanmar;Kayah;Bawlake;MMR;MMR002D002;MMR002;March;2010;0;0
Myanmar;Mandalay;Pyinoolwin;MMR;MMR010D002;MMR010;March;2010;0;0
Myanmar;Mandalay;Yamethin;MMR;MMR010D006;MMR010;March;2010;0;0
Myanmar;Mon;Mawlamyine;MMR;MMR011D001;MMR011;March;2010;0;0
Myanmar;Nay Pyi Taw;Det Khi Na;MMR;MMR018D002;MMR018;March;2010;0;0
Myanmar;Sagaing;Kanbalu;MMR;MMR005D010;MMR005;March;2010;0;0
Myanmar;Shan-North;Lashio;MMR;MMR015D001;MMR015;March;2010;0;0
Myanmar;Shan-South;Danu Self-Administered Zone;MMR;NA;NA;March;2010;0;0
Myanmar;Tanintharyi;Myeik;MMR;MMR006D002;MMR006;March;2010;0;0
Myanmar;Ayeyarwady;Myaungmya;MMR;MMR017D003;MMR017;April;2010;0;0
Myanmar;Chin;Matupi;MMR;MMR004D004;MMR004;April;2010;1;0
Myanmar;Magway;Magway;MMR;MMR009D001;MMR009;April;2010;0;0
Myanmar;Magway;Minbu;MMR;MMR009D002;MMR009;April;2010;0;0
Myanmar;Sagaing;Hkamti;MMR;MMR005D008;MMR005;April;2010;0;0
Myanmar;Sagaing;Katha;MMR;MMR005D004;MMR005;April;2010;0;0
Myanmar;Sagaing;Shwebo;MMR;MMR005D002;MMR005;April;2010;0;0
Myanmar;Sagaing;Tamu;MMR;MMR005D006;MMR005;April;2010;0;0
Myanmar;Shan-North;Kyaukme;MMR;NA;NA;April;2010;0;0
Myanmar;Shan-North;Matman;MMR;MMR015D007;MMR015;April;2010;0;0
Myanmar;Shan-North;Pa Laung Self-Administered Zone;MMR;NA;NA;April;2010;0;0
Myanmar;Yangon;Yangon-East;MMR;MMR013D002;MMR013;April;2010;1;10
Myanmar;Ayeyarwady;Pathein;MMR;MMR017D001;MMR017;April;2010;0;0
Myanmar;Ayeyarwady;Pyapon;MMR;MMR017D006;MMR017;April;2010;0;0
Myanmar;Bago-East;Taungoo;MMR;MMR007D002;MMR007;April;2010;2;0
Myanmar;Kayah;Loikaw;MMR;MMR002D001;MMR002;April;2010;1;1
Myanmar;Kayin;Kawkareik;MMR;MMR003D003;MMR003;April;2010;1;0
Myanmar;Magway;Thayet;MMR;MMR009D003;MMR009;April;2010;0;0
Myanmar;Mandalay;Kyaukse;MMR;MMR010D003;MMR010;April;2010;0;0
Myanmar;Rakhine;Kyaukpyu;MMR;MMR012D003;MMR012;April;2010;0;0
Myanmar;Shan-East;Monghsat;MMR;MMR016D002;MMR016;April;2010;2;0
Myanmar;Shan-South;Pa-O Self-Administered Zone;MMR;NA;NA;April;2010;0;0
Myanmar;Shan-South;Taunggyi;MMR;MMR014D001;MMR014;April;2010;0;0
Myanmar;Tanintharyi;Dawei;MMR;MMR006D001;MMR006;April;2010;0;0
Myanmar;Yangon;Yangon-North;MMR;MMR013D001;MMR013;April;2010;0;0
Myanmar;Bago-West;Pyay;MMR;MMR008D001;MMR008;April;2010;0;0
Myanmar;Chin;Mindat;MMR;MMR004D002;MMR004;April;2010;0;0
Myanmar;Kachin;Bhamo;MMR;MMR001D003;MMR001;April;2010;0;0
Myanmar;Kachin;Myitkyina;MMR;MMR001D001;MMR001;April;2010;1;4
Myanmar;Magway;Gangaw;MMR;MMR009D005;MMR009;April;2010;0;0
Myanmar;Nay Pyi Taw;Oke Ta Ra;MMR;MMR018D001;MMR018;April;2010;0;0
Myanmar;Rakhine;Thandwe;MMR;MMR012D004;MMR012;April;2010;0;0
Myanmar;Shan-East;Kengtung;MMR;MMR016D001;MMR016;April;2010;0;0
Myanmar;Shan-North;Mongmit;MMR;MMR015D008;MMR015;April;2010;0;0
Myanmar;Yangon;Yangon-South;MMR;MMR013D003;MMR013;April;2010;0;0
Myanmar;Ayeyarwady;Labutta;MMR;MMR017D004;MMR017;April;2010;0;0
Myanmar;Ayeyarwady;Maubin;MMR;MMR017D005;MMR017;April;2010;0;0
Myanmar;Magway;Pakokku;MMR;MMR009D004;MMR009;April;2010;0;0
Myanmar;Mandalay;Myingyan;MMR;MMR010D004;MMR010;April;2010;0;0
Myanmar;Rakhine;Maungdaw;MMR;MMR012D002;MMR012;April;2010;0;0
Myanmar;Rakhine;Mrauk-U;MMR;MMR012D005;MMR012;April;2010;0;0
Myanmar;Shan-North;Hopang;MMR;MMR015D006;MMR015;April;2010;0;0
Myanmar;Shan-North;Kokang Self-Administered Zone;MMR;MMR015D221;MMR015;April;2010;0;0
Myanmar;Shan-North;Muse;MMR;MMR015D002;MMR015;April;2010;1;0
Myanmar;Sagaing;Kale;MMR;MMR005D005;MMR005;April;2010;0;0
Myanmar;Sagaing;Sagaing;MMR;MMR005D001;MMR005;April;2010;0;0
Myanmar;Bago-East;Bago;MMR;MMR007D001;MMR007;April;2010;0;0
Myanmar;Chin;Hakha;MMR;MMR004D003;MMR004;April;2010;0;0
Myanmar;Kachin;Mohnyin;MMR;MMR001D002;MMR001;April;2010;0;0
Myanmar;Kachin;Puta-O;MMR;MMR001D004;MMR001;April;2010;0;0
Myanmar;Kayin;Hpa-An;MMR;MMR003D001;MMR003;April;2010;0;0
Myanmar;Kayin;Myawaddy;MMR;MMR003D002;MMR003;April;2010;0;0
Myanmar;Mandalay;Mandalay;MMR;MMR010D001;MMR010;April;2010;0;0
Myanmar;Mandalay;Meiktila;MMR;MMR010D007;MMR010;April;2010;0;0
Myanmar;Sagaing;Kawlin;MMR;MMR005D011;MMR005;April;2010;0;0
Myanmar;Sagaing;Naga Self-Administered Zone;MMR;NA;NA;April;2010;0;0
Myanmar;Shan-South;Langkho;MMR;MMR014D003;MMR014;April;2010;0;0
Myanmar;Shan-South;Loilen;MMR;MMR014D002;MMR014;April;2010;0;0
Myanmar;Chin;Falam;MMR;MMR004D001;MMR004;April;2010;0;0
Myanmar;Kayin;Hpapun;MMR;MMR003D004;MMR003;April;2010;0;0
Myanmar;Mandalay;Nyaung-U;MMR;MMR010D005;MMR010;April;2010;0;0
Myanmar;Mon;Thaton;MMR;MMR011D002;MMR011;April;2010;0;0
Myanmar;Rakhine;Sittwe;MMR;MMR012D001;MMR012;April;2010;0;0
Myanmar;Sagaing;Mawlaik;MMR;MMR005D007;MMR005;April;2010;0;0
Myanmar;Sagaing;Monywa;MMR;MMR005D003;MMR005;April;2010;0;0
Myanmar;Sagaing;Yinmarbin;MMR;MMR005D009;MMR005;April;2010;0;0
Myanmar;Shan-East;Tachileik;MMR;MMR016D003;MMR016;April;2010;0;0
Myanmar;Tanintharyi;Kawthoung;MMR;MMR006D003;MMR006;April;2010;0;0
Myanmar;Yangon;Yangon-West;MMR;MMR013D004;MMR013;April;2010;0;0
Myanmar;Ayeyarwady;Hinthada;MMR;MMR017D002;MMR017;April;2010;0;0
Myanmar;Bago-West;Thayarwady;MMR;MMR008D002;MMR008;April;2010;0;0
Myanmar;Kayah;Bawlake;MMR;MMR002D002;MMR002;April;2010;0;0
Myanmar;Mandalay;Pyinoolwin;MMR;MMR010D002;MMR010;April;2010;0;0
Myanmar;Mandalay;Yamethin;MMR;MMR010D006;MMR010;April;2010;0;0
Myanmar;Mon;Mawlamyine;MMR;MMR011D001;MMR011;April;2010;1;0
Myanmar;Nay Pyi Taw;Det Khi Na;MMR;MMR018D002;MMR018;April;2010;0;0
Myanmar;Sagaing;Kanbalu;MMR;MMR005D010;MMR005;April;2010;0;0
Myanmar;Shan-North;Lashio;MMR;MMR015D001;MMR015;April;2010;1;1
Myanmar;Shan-South;Danu Self-Administered Zone;MMR;NA;NA;April;2010;0;0
Myanmar;Tanintharyi;Myeik;MMR;MMR006D002;MMR006;April;2010;0;0
Myanmar;Ayeyarwady;Myaungmya;MMR;MMR017D003;MMR017;May;2010;0;0
Myanmar;Chin;Matupi;MMR;MMR004D004;MMR004;May;2010;0;0
Myanmar;Magway;Magway;MMR;MMR009D001;MMR009;May;2010;0;0
Myanmar;Magway;Minbu;MMR;MMR009D002;MMR009;May;2010;0;0
Myanmar;Sagaing;Hkamti;MMR;MMR005D008;MMR005;May;2010;0;0
Myanmar;Sagaing;Katha;MMR;MMR005D004;MMR005;May;2010;0;0
Myanmar;Sagaing;Shwebo;MMR;MMR005D002;MMR005;May;2010;0;0
Myanmar;Sagaing;Tamu;MMR;MMR005D006;MMR005;May;2010;0;0
Myanmar;Shan-North;Kyaukme;MMR;NA;NA;May;2010;0;0
Myanmar;Shan-North;Matman;MMR;MMR015D007;MMR015;May;2010;0;0
Myanmar;Shan-North;Pa Laung Self-Administered Zone;MMR;NA;NA;May;2010;0;0
Myanmar;Yangon;Yangon-East;MMR;MMR013D002;MMR013;May;2010;0;0
Myanmar;Ayeyarwady;Pathein;MMR;MMR017D001;MMR017;May;2010;0;0
Myanmar;Ayeyarwady;Pyapon;MMR;MMR017D006;MMR017;May;2010;0;0
Myanmar;Bago-East;Taungoo;MMR;MMR007D002;MMR007;May;2010;0;0
Myanmar;Kayah;Loikaw;MMR;MMR002D001;MMR002;May;2010;0;0
Myanmar;Kayin;Kawkareik;MMR;MMR003D003;MMR003;May;2010;0;0
Myanmar;Magway;Thayet;MMR;MMR009D003;MMR009;May;2010;0;0
Myanmar;Mandalay;Kyaukse;MMR;MMR010D003;MMR010;May;2010;0;0
Myanmar;Rakhine;Kyaukpyu;MMR;MMR012D003;MMR012;May;2010;0;0
Myanmar;Shan-East;Monghsat;MMR;MMR016D002;MMR016;May;2010;0;0
Myanmar;Shan-South;Pa-O Self-Administered Zone;MMR;NA;NA;May;2010;0;0
Myanmar;Shan-South;Taunggyi;MMR;MMR014D001;MMR014;May;2010;0;0
Myanmar;Tanintharyi;Dawei;MMR;MMR006D001;MMR006;May;2010;0;0
Myanmar;Yangon;Yangon-North;MMR;MMR013D001;MMR013;May;2010;0;0
Myanmar;Bago-West;Pyay;MMR;MMR008D001;MMR008;May;2010;0;0
Myanmar;Chin;Mindat;MMR;MMR004D002;MMR004;May;2010;0;0
Myanmar;Kachin;Bhamo;MMR;MMR001D003;MMR001;May;2010;0;0
Myanmar;Kachin;Myitkyina;MMR;MMR001D001;MMR001;May;2010;2;0
Myanmar;Magway;Gangaw;MMR;MMR009D005;MMR009;May;2010;0;0
Myanmar;Nay Pyi Taw;Oke Ta Ra;MMR;MMR018D001;MMR018;May;2010;0;0
Myanmar;Rakhine;Thandwe;MMR;MMR012D004;MMR012;May;2010;0;0
Myanmar;Shan-East;Kengtung;MMR;MMR016D001;MMR016;May;2010;0;0
Myanmar;Shan-North;Mongmit;MMR;MMR015D008;MMR015;May;2010;0;0
Myanmar;Yangon;Yangon-South;MMR;MMR013D003;MMR013;May;2010;0;0
Myanmar;Ayeyarwady;Labutta;MMR;MMR017D004;MMR017;May;2010;0;0
Myanmar;Ayeyarwady;Maubin;MMR;MMR017D005;MMR017;May;2010;0;0
Myanmar;Magway;Pakokku;MMR;MMR009D004;MMR009;May;2010;0;0
Myanmar;Mandalay;Myingyan;MMR;MMR010D004;MMR010;May;2010;0;0
Myanmar;Rakhine;Maungdaw;MMR;MMR012D002;MMR012;May;2010;0;0
Myanmar;Rakhine;Mrauk-U;MMR;MMR012D005;MMR012;May;2010;0;0
Myanmar;Shan-North;Hopang;MMR;MMR015D006;MMR015;May;2010;0;0
Myanmar;Shan-North;Kokang Self-Administered Zone;MMR;MMR015D221;MMR015;May;2010;0;0
Myanmar;Shan-North;Muse;MMR;MMR015D002;MMR015;May;2010;0;0
Myanmar;Sagaing;Kale;MMR;MMR005D005;MMR005;May;2010;0;0
Myanmar;Sagaing;Sagaing;MMR;MMR005D001;MMR005;May;2010;0;0
Myanmar;Bago-East;Bago;MMR;MMR007D001;MMR007;May;2010;2;2
Myanmar;Chin;Hakha;MMR;MMR004D003;MMR004;May;2010;0;0
Myanmar;Kachin;Mohnyin;MMR;MMR001D002;MMR001;May;2010;0;0
Myanmar;Kachin;Puta-O;MMR;MMR001D004;MMR001;May;2010;0;0
Myanmar;Kayin;Hpa-An;MMR;MMR003D001;MMR003;May;2010;0;0
Myanmar;Kayin;Myawaddy;MMR;MMR003D002;MMR003;May;2010;0;0
Myanmar;Mandalay;Mandalay;MMR;MMR010D001;MMR010;May;2010;0;0
Myanmar;Mandalay;Meiktila;MMR;MMR010D007;MMR010;May;2010;0;0
Myanmar;Sagaing;Kawlin;MMR;MMR005D011;MMR005;May;2010;0;0
Myanmar;Sagaing;Naga Self-Administered Zone;MMR;NA;NA;May;2010;0;0
Myanmar;Shan-South;Langkho;MMR;MMR014D003;MMR014;May;2010;0;0
Myanmar;Shan-South;Loilen;MMR;MMR014D002;MMR014;May;2010;0;0
Myanmar;Chin;Falam;MMR;MMR004D001;MMR004;May;2010;0;0
Myanmar;Kayin;Hpapun;MMR;MMR003D004;MMR003;May;2010;0;0
Myanmar;Mandalay;Nyaung-U;MMR;MMR010D005;MMR010;May;2010;0;0
Myanmar;Mon;Thaton;MMR;MMR011D002;MMR011;May;2010;1;2
Myanmar;Rakhine;Sittwe;MMR;MMR012D001;MMR012;May;2010;1;1
Myanmar;Sagaing;Mawlaik;MMR;MMR005D007;MMR005;May;2010;0;0
Myanmar;Sagaing;Monywa;MMR;MMR005D003;MMR005;May;2010;0;0
Myanmar;Sagaing;Yinmarbin;MMR;MMR005D009;MMR005;May;2010;0;0
Myanmar;Shan-East;Tachileik;MMR;MMR016D003;MMR016;May;2010;1;0
Myanmar;Tanintharyi;Kawthoung;MMR;MMR006D003;MMR006;May;2010;0;0
Myanmar;Yangon;Yangon-West;MMR;MMR013D004;MMR013;May;2010;0;0
Myanmar;Ayeyarwady;Hinthada;MMR;MMR017D002;MMR017;May;2010;0;0
Myanmar;Bago-West;Thayarwady;MMR;MMR008D002;MMR008;May;2010;0;0
Myanmar;Kayah;Bawlake;MMR;MMR002D002;MMR002;May;2010;0;0
Myanmar;Mandalay;Pyinoolwin;MMR;MMR010D002;MMR010;May;2010;0;0
Myanmar;Mandalay;Yamethin;MMR;MMR010D006;MMR010;May;2010;0;0
Myanmar;Mon;Mawlamyine;MMR;MMR011D001;MMR011;May;2010;2;0
Myanmar;Nay Pyi Taw;Det Khi Na;MMR;MMR018D002;MMR018;May;2010;0;0
Myanmar;Sagaing;Kanbalu;MMR;MMR005D010;MMR005;May;2010;0;0
Myanmar;Shan-North;Lashio;MMR;MMR015D001;MMR015;May;2010;0;0
Myanmar;Shan-South;Danu Self-Administered Zone;MMR;NA;NA;May;2010;0;0
Myanmar;Tanintharyi;Myeik;MMR;MMR006D002;MMR006;May;2010;0;0
Myanmar;Ayeyarwady;Myaungmya;MMR;MMR017D003;MMR017;June;2010;0;0
Myanmar;Chin;Matupi;MMR;MMR004D004;MMR004;June;2010;0;0
Myanmar;Magway;Magway;MMR;MMR009D001;MMR009;June;2010;0;0
Myanmar;Magway;Minbu;MMR;MMR009D002;MMR009;June;2010;0;0
Myanmar;Sagaing;Hkamti;MMR;MMR005D008;MMR005;June;2010;0;0
Myanmar;Sagaing;Katha;MMR;MMR005D004;MMR005;June;2010;0;0
Myanmar;Sagaing;Shwebo;MMR;MMR005D002;MMR005;June;2010;0;0
Myanmar;Sagaing;Tamu;MMR;MMR005D006;MMR005;June;2010;0;0
Myanmar;Shan-North;Kyaukme;MMR;NA;NA;June;2010;0;0
Myanmar;Shan-North;Matman;MMR;MMR015D007;MMR015;June;2010;0;0
Myanmar;Shan-North;Pa Laung Self-Administered Zone;MMR;NA;NA;June;2010;0;0
Myanmar;Yangon;Yangon-East;MMR;MMR013D002;MMR013;June;2010;0;0
Myanmar;Ayeyarwady;Pathein;MMR;MMR017D001;MMR017;June;2010;0;0
Myanmar;Ayeyarwady;Pyapon;MMR;MMR017D006;MMR017;June;2010;0;0
Myanmar;Bago-East;Taungoo;MMR;MMR007D002;MMR007;June;2010;0;0
Myanmar;Kayah;Loikaw;MMR;MMR002D001;MMR002;June;2010;0;0
Myanmar;Kayin;Kawkareik;MMR;MMR003D003;MMR003;June;2010;2;1
Myanmar;Magway;Thayet;MMR;MMR009D003;MMR009;June;2010;0;0
Myanmar;Mandalay;Kyaukse;MMR;MMR010D003;MMR010;June;2010;0;0
Myanmar;Rakhine;Kyaukpyu;MMR;MMR012D003;MMR012;June;2010;0;0
Myanmar;Shan-East;Monghsat;MMR;MMR016D002;MMR016;June;2010;0;0
Myanmar;Shan-South;Pa-O Self-Administered Zone;MMR;NA;NA;June;2010;0;0
Myanmar;Shan-South;Taunggyi;MMR;MMR014D001;MMR014;June;2010;0;0
Myanmar;Tanintharyi;Dawei;MMR;MMR006D001;MMR006;June;2010;0;0
Myanmar;Yangon;Yangon-North;MMR;MMR013D001;MMR013;June;2010;0;0
Myanmar;Bago-West;Pyay;MMR;MMR008D001;MMR008;June;2010;0;0
Myanmar;Chin;Mindat;MMR;MMR004D002;MMR004;June;2010;0;0
Myanmar;Kachin;Bhamo;MMR;MMR001D003;MMR001;June;2010;0;0
Myanmar;Kachin;Myitkyina;MMR;MMR001D001;MMR001;June;2010;0;0
Myanmar;Magway;Gangaw;MMR;MMR009D005;MMR009;June;2010;0;0
Myanmar;Nay Pyi Taw;Oke Ta Ra;MMR;MMR018D001;MMR018;June;2010;0;0
Myanmar;Rakhine;Thandwe;MMR;MMR012D004;MMR012;June;2010;0;0
Myanmar;Shan-East;Kengtung;MMR;MMR016D001;MMR016;June;2010;0;0
Myanmar;Shan-North;Mongmit;MMR;MMR015D008;MMR015;June;2010;0;0
Myanmar;Yangon;Yangon-South;MMR;MMR013D003;MMR013;June;2010;0;0
Myanmar;Ayeyarwady;Labutta;MMR;MMR017D004;MMR017;June;2010;0;0
Myanmar;Ayeyarwady;Maubin;MMR;MMR017D005;MMR017;June;2010;0;0
Myanmar;Magway;Pakokku;MMR;MMR009D004;MMR009;June;2010;0;0
Myanmar;Mandalay;Myingyan;MMR;MMR010D004;MMR010;June;2010;0;0
Myanmar;Rakhine;Maungdaw;MMR;MMR012D002;MMR012;June;2010;0;0
Myanmar;Rakhine;Mrauk-U;MMR;MMR012D005;MMR012;June;2010;0;0
Myanmar;Shan-North;Hopang;MMR;MMR015D006;MMR015;June;2010;0;0
Myanmar;Shan-North;Kokang Self-Administered Zone;MMR;MMR015D221;MMR015;June;2010;0;0
Myanmar;Shan-North;Muse;MMR;MMR015D002;MMR015;June;2010;0;0
Myanmar;Sagaing;Kale;MMR;MMR005D005;MMR005;June;2010;0;0
Myanmar;Sagaing;Sagaing;MMR;MMR005D001;MMR005;June;2010;0;0
Myanmar;Bago-East;Bago;MMR;MMR007D001;MMR007;June;2010;0;0
Myanmar;Chin;Hakha;MMR;MMR004D003;MMR004;June;2010;0;0
Myanmar;Kachin;Mohnyin;MMR;MMR001D002;MMR001;June;2010;0;0
Myanmar;Kachin;Puta-O;MMR;MMR001D004;MMR001;June;2010;0;0
Myanmar;Kayin;Hpa-An;MMR;MMR003D001;MMR003;June;2010;0;0
Myanmar;Kayin;Myawaddy;MMR;MMR003D002;MMR003;June;2010;0;0
Myanmar;Mandalay;Mandalay;MMR;MMR010D001;MMR010;June;2010;0;0
Myanmar;Mandalay;Meiktila;MMR;MMR010D007;MMR010;June;2010;0;0
Myanmar;Sagaing;Kawlin;MMR;MMR005D011;MMR005;June;2010;0;0
Myanmar;Sagaing;Naga Self-Administered Zone;MMR;NA;NA;June;2010;0;0
Myanmar;Shan-South;Langkho;MMR;MMR014D003;MMR014;June;2010;0;0
Myanmar;Shan-South;Loilen;MMR;MMR014D002;MMR014;June;2010;0;0
Myanmar;Chin;Falam;MMR;MMR004D001;MMR004;June;2010;0;0
Myanmar;Kayin;Hpapun;MMR;MMR003D004;MMR003;June;2010;0;0
Myanmar;Mandalay;Nyaung-U;MMR;MMR010D005;MMR010;June;2010;0;0
Myanmar;Mon;Thaton;MMR;MMR011D002;MMR011;June;2010;0;0
Myanmar;Rakhine;Sittwe;MMR;MMR012D001;MMR012;June;2010;0;0
Myanmar;Sagaing;Mawlaik;MMR;MMR005D007;MMR005;June;2010;0;0
Myanmar;Sagaing;Monywa;MMR;MMR005D003;MMR005;June;2010;0;0
Myanmar;Sagaing;Yinmarbin;MMR;MMR005D009;MMR005;June;2010;0;0
Myanmar;Shan-East;Tachileik;MMR;MMR016D003;MMR016;June;2010;0;0
Myanmar;Tanintharyi;Kawthoung;MMR;MMR006D003;MMR006;June;2010;0;0
Myanmar;Yangon;Yangon-West;MMR;MMR013D004;MMR013;June;2010;0;0
Myanmar;Ayeyarwady;Hinthada;MMR;MMR017D002;MMR017;June;2010;0;0
Myanmar;Bago-West;Thayarwady;MMR;MMR008D002;MMR008;June;2010;0;0
Myanmar;Kayah;Bawlake;MMR;MMR002D002;MMR002;June;2010;0;0
Myanmar;Mandalay;Pyinoolwin;MMR;MMR010D002;MMR010;June;2010;0;0
Myanmar;Mandalay;Yamethin;MMR;MMR010D006;MMR010;June;2010;0;0
Myanmar;Mon;Mawlamyine;MMR;MMR011D001;MMR011;June;2010;1;11
Myanmar;Nay Pyi Taw;Det Khi Na;MMR;MMR018D002;MMR018;June;2010;0;0
Myanmar;Sagaing;Kanbalu;MMR;MMR005D010;MMR005;June;2010;0;0
Myanmar;Shan-North;Lashio;MMR;MMR015D001;MMR015;June;2010;0;0
Myanmar;Shan-South;Danu Self-Administered Zone;MMR;NA;NA;June;2010;0;0
Myanmar;Tanintharyi;Myeik;MMR;MMR006D002;MMR006;June;2010;0;0
Myanmar;Ayeyarwady;Myaungmya;MMR;MMR017D003;MMR017;July;2010;0;0
Myanmar;Chin;Matupi;MMR;MMR004D004;MMR004;July;2010;0;0
Myanmar;Magway;Magway;MMR;MMR009D001;MMR009;July;2010;0;0
Myanmar;Magway;Minbu;MMR;MMR009D002;MMR009;July;2010;0;0
Myanmar;Sagaing;Hkamti;MMR;MMR005D008;MMR005;July;2010;0;0
Myanmar;Sagaing;Katha;MMR;MMR005D004;MMR005;July;2010;0;0
Myanmar;Sagaing;Shwebo;MMR;MMR005D002;MMR005;July;2010;0;0
Myanmar;Sagaing;Tamu;MMR;MMR005D006;MMR005;July;2010;0;0
Myanmar;Shan-North;Kyaukme;MMR;NA;NA;July;2010;0;0
Myanmar;Shan-North;Matman;MMR;MMR015D007;MMR015;July;2010;0;0
Myanmar;Shan-North;Pa Laung Self-Administered Zone;MMR;NA;NA;July;2010;0;0
Myanmar;Yangon;Yangon-East;MMR;MMR013D002;MMR013;July;2010;0;0
Myanmar;Ayeyarwady;Pathein;MMR;MMR017D001;MMR017;July;2010;0;0
Myanmar;Ayeyarwady;Pyapon;MMR;MMR017D006;MMR017;July;2010;0;0
Myanmar;Bago-East;Taungoo;MMR;MMR007D002;MMR007;July;2010;1;3
Myanmar;Kayah;Loikaw;MMR;MMR002D001;MMR002;July;2010;0;0
Myanmar;Kayin;Kawkareik;MMR;MMR003D003;MMR003;July;2010;0;0
Myanmar;Magway;Thayet;MMR;MMR009D003;MMR009;July;2010;0;0
Myanmar;Mandalay;Kyaukse;MMR;MMR010D003;MMR010;July;2010;0;0
Myanmar;Rakhine;Kyaukpyu;MMR;MMR012D003;MMR012;July;2010;0;0
Myanmar;Shan-East;Monghsat;MMR;MMR016D002;MMR016;July;2010;0;0
Myanmar;Shan-South;Pa-O Self-Administered Zone;MMR;NA;NA;July;2010;0;0
Myanmar;Shan-South;Taunggyi;MMR;MMR014D001;MMR014;July;2010;0;0
Myanmar;Tanintharyi;Dawei;MMR;MMR006D001;MMR006;July;2010;0;0
Myanmar;Yangon;Yangon-North;MMR;MMR013D001;MMR013;July;2010;0;0
Myanmar;Bago-West;Pyay;MMR;MMR008D001;MMR008;July;2010;0;0
Myanmar;Chin;Mindat;MMR;MMR004D002;MMR004;July;2010;0;0
Myanmar;Kachin;Bhamo;MMR;MMR001D003;MMR001;July;2010;0;0
Myanmar;Kachin;Myitkyina;MMR;MMR001D001;MMR001;July;2010;0;0
Myanmar;Magway;Gangaw;MMR;MMR009D005;MMR009;July;2010;0;0
Myanmar;Nay Pyi Taw;Oke Ta Ra;MMR;MMR018D001;MMR018;July;2010;0;0
Myanmar;Rakhine;Thandwe;MMR;MMR012D004;MMR012;July;2010;0;0
Myanmar;Shan-East;Kengtung;MMR;MMR016D001;MMR016;July;2010;0;0
Myanmar;Shan-North;Mongmit;MMR;MMR015D008;MMR015;July;2010;0;0
Myanmar;Yangon;Yangon-South;MMR;MMR013D003;MMR013;July;2010;0;0
Myanmar;Ayeyarwady;Labutta;MMR;MMR017D004;MMR017;July;2010;0;0
Myanmar;Ayeyarwady;Maubin;MMR;MMR017D005;MMR017;July;2010;0;0
Myanmar;Magway;Pakokku;MMR;MMR009D004;MMR009;July;2010;0;0
Myanmar;Mandalay;Myingyan;MMR;MMR010D004;MMR010;July;2010;0;0
Myanmar;Rakhine;Maungdaw;MMR;MMR012D002;MMR012;July;2010;0;0
Myanmar;Rakhine;Mrauk-U;MMR;MMR012D005;MMR012;July;2010;0;0
Myanmar;Shan-North;Hopang;MMR;MMR015D006;MMR015;July;2010;1;1
Myanmar;Shan-North;Kokang Self-Administered Zone;MMR;MMR015D221;MMR015;July;2010;0;0
Myanmar;Shan-North;Muse;MMR;MMR015D002;MMR015;July;2010;0;0
Myanmar;Sagaing;Kale;MMR;MMR005D005;MMR005;July;2010;0;0
Myanmar;Sagaing;Sagaing;MMR;MMR005D001;MMR005;July;2010;0;0
Myanmar;Bago-East;Bago;MMR;MMR007D001;MMR007;July;2010;1;0
Myanmar;Chin;Hakha;MMR;MMR004D003;MMR004;July;2010;0;0
Myanmar;Kachin;Mohnyin;MMR;MMR001D002;MMR001;July;2010;0;0
Myanmar;Kachin;Puta-O;MMR;MMR001D004;MMR001;July;2010;0;0
Myanmar;Kayin;Hpa-An;MMR;MMR003D001;MMR003;July;2010;1;0
Myanmar;Kayin;Myawaddy;MMR;MMR003D002;MMR003;July;2010;0;0
Myanmar;Mandalay;Mandalay;MMR;MMR010D001;MMR010;July;2010;0;0
Myanmar;Mandalay;Meiktila;MMR;MMR010D007;MMR010;July;2010;0;0
Myanmar;Sagaing;Kawlin;MMR;MMR005D011;MMR005;July;2010;0;0
Myanmar;Sagaing;Naga Self-Administered Zone;MMR;NA;NA;July;2010;0;0
Myanmar;Shan-South;Langkho;MMR;MMR014D003;MMR014;July;2010;1;3
Myanmar;Shan-South;Loilen;MMR;MMR014D002;MMR014;July;2010;0;0
Myanmar;Chin;Falam;MMR;MMR004D001;MMR004;July;2010;0;0
Myanmar;Kayin;Hpapun;MMR;MMR003D004;MMR003;July;2010;3;1
Myanmar;Mandalay;Nyaung-U;MMR;MMR010D005;MMR010;July;2010;0;0
Myanmar;Mon;Thaton;MMR;MMR011D002;MMR011;July;2010;0;0
Myanmar;Rakhine;Sittwe;MMR;MMR012D001;MMR012;July;2010;0;0
Myanmar;Sagaing;Mawlaik;MMR;MMR005D007;MMR005;July;2010;0;0
Myanmar;Sagaing;Monywa;MMR;MMR005D003;MMR005;July;2010;0;0
Myanmar;Sagaing;Yinmarbin;MMR;MMR005D009;MMR005;July;2010;0;0
Myanmar;Shan-East;Tachileik;MMR;MMR016D003;MMR016;July;2010;0;0
Myanmar;Tanintharyi;Kawthoung;MMR;MMR006D003;MMR006;July;2010;0;0
Myanmar;Yangon;Yangon-West;MMR;MMR013D004;MMR013;July;2010;0;0
Myanmar;Ayeyarwady;Hinthada;MMR;MMR017D002;MMR017;July;2010;0;0
Myanmar;Bago-West;Thayarwady;MMR;MMR008D002;MMR008;July;2010;0;0
Myanmar;Kayah;Bawlake;MMR;MMR002D002;MMR002;July;2010;0;0
Myanmar;Mandalay;Pyinoolwin;MMR;MMR010D002;MMR010;July;2010;0;0
Myanmar;Mandalay;Yamethin;MMR;MMR010D006;MMR010;July;2010;0;0
Myanmar;Mon;Mawlamyine;MMR;MMR011D001;MMR011;July;2010;0;0
Myanmar;Nay Pyi Taw;Det Khi Na;MMR;MMR018D002;MMR018;July;2010;0;0
Myanmar;Sagaing;Kanbalu;MMR;MMR005D010;MMR005;July;2010;0;0
Myanmar;Shan-North;Lashio;MMR;MMR015D001;MMR015;July;2010;0;0
Myanmar;Shan-South;Danu Self-Administered Zone;MMR;NA;NA;July;2010;0;0
Myanmar;Tanintharyi;Myeik;MMR;MMR006D002;MMR006;July;2010;0;0
Myanmar;Ayeyarwady;Myaungmya;MMR;MMR017D003;MMR017;August;2010;0;0
Myanmar;Chin;Matupi;MMR;MMR004D004;MMR004;August;2010;0;0
Myanmar;Magway;Magway;MMR;MMR009D001;MMR009;August;2010;0;0
Myanmar;Magway;Minbu;MMR;MMR009D002;MMR009;August;2010;0;0
Myanmar;Sagaing;Hkamti;MMR;MMR005D008;MMR005;August;2010;0;0
Myanmar;Sagaing;Katha;MMR;MMR005D004;MMR005;August;2010;0;0
Myanmar;Sagaing;Shwebo;MMR;MMR005D002;MMR005;August;2010;0;0
Myanmar;Sagaing;Tamu;MMR;MMR005D006;MMR005;August;2010;0;0
Myanmar;Shan-North;Kyaukme;MMR;NA;NA;August;2010;0;0
Myanmar;Shan-North;Matman;MMR;MMR015D007;MMR015;August;2010;0;0
Myanmar;Shan-North;Pa Laung Self-Administered Zone;MMR;NA;NA;August;2010;0;0
Myanmar;Yangon;Yangon-East;MMR;MMR013D002;MMR013;August;2010;0;0
Myanmar;Ayeyarwady;Pathein;MMR;MMR017D001;MMR017;August;2010;0;0
Myanmar;Ayeyarwady;Pyapon;MMR;MMR017D006;MMR017;August;2010;0;0
Myanmar;Bago-East;Taungoo;MMR;MMR007D002;MMR007;August;2010;1;1
Myanmar;Kayah;Loikaw;MMR;MMR002D001;MMR002;August;2010;0;0
Myanmar;Kayin;Kawkareik;MMR;MMR003D003;MMR003;August;2010;3;4
Myanmar;Magway;Thayet;MMR;MMR009D003;MMR009;August;2010;0;0
Myanmar;Mandalay;Kyaukse;MMR;MMR010D003;MMR010;August;2010;0;0
Myanmar;Rakhine;Kyaukpyu;MMR;MMR012D003;MMR012;August;2010;0;0
Myanmar;Shan-East;Monghsat;MMR;MMR016D002;MMR016;August;2010;0;0
Myanmar;Shan-South;Pa-O Self-Administered Zone;MMR;NA;NA;August;2010;0;0
Myanmar;Shan-South;Taunggyi;MMR;MMR014D001;MMR014;August;2010;0;0
Myanmar;Tanintharyi;Dawei;MMR;MMR006D001;MMR006;August;2010;0;0
Myanmar;Yangon;Yangon-North;MMR;MMR013D001;MMR013;August;2010;0;0
Myanmar;Bago-West;Pyay;MMR;MMR008D001;MMR008;August;2010;0;0
Myanmar;Chin;Mindat;MMR;MMR004D002;MMR004;August;2010;0;0
Myanmar;Kachin;Bhamo;MMR;MMR001D003;MMR001;August;2010;0;0
Myanmar;Kachin;Myitkyina;MMR;MMR001D001;MMR001;August;2010;0;0
Myanmar;Magway;Gangaw;MMR;MMR009D005;MMR009;August;2010;0;0
Myanmar;Nay Pyi Taw;Oke Ta Ra;MMR;MMR018D001;MMR018;August;2010;0;0
Myanmar;Rakhine;Thandwe;MMR;MMR012D004;MMR012;August;2010;0;0
Myanmar;Shan-East;Kengtung;MMR;MMR016D001;MMR016;August;2010;0;0
Myanmar;Shan-North;Mongmit;MMR;MMR015D008;MMR015;August;2010;0;0
Myanmar;Yangon;Yangon-South;MMR;MMR013D003;MMR013;August;2010;0;0
Myanmar;Ayeyarwady;Labutta;MMR;MMR017D004;MMR017;August;2010;0;0
Myanmar;Ayeyarwady;Maubin;MMR;MMR017D005;MMR017;August;2010;0;0
Myanmar;Magway;Pakokku;MMR;MMR009D004;MMR009;August;2010;0;0
Myanmar;Mandalay;Myingyan;MMR;MMR010D004;MMR010;August;2010;0;0
Myanmar;Rakhine;Maungdaw;MMR;MMR012D002;MMR012;August;2010;1;0
Myanmar;Rakhine;Mrauk-U;MMR;MMR012D005;MMR012;August;2010;0;0
Myanmar;Shan-North;Hopang;MMR;MMR015D006;MMR015;August;2010;0;0
Myanmar;Shan-North;Kokang Self-Administered Zone;MMR;MMR015D221;MMR015;August;2010;0;0
Myanmar;Shan-North;Muse;MMR;MMR015D002;MMR015;August;2010;0;0
Myanmar;Sagaing;Kale;MMR;MMR005D005;MMR005;August;2010;0;0
Myanmar;Sagaing;Sagaing;MMR;MMR005D001;MMR005;August;2010;0;0
Myanmar;Bago-East;Bago;MMR;MMR007D001;MMR007;August;2010;0;0
Myanmar;Chin;Hakha;MMR;MMR004D003;MMR004;August;2010;0;0
Myanmar;Kachin;Mohnyin;MMR;MMR001D002;MMR001;August;2010;0;0
Myanmar;Kachin;Puta-O;MMR;MMR001D004;MMR001;August;2010;0;0
Myanmar;Kayin;Hpa-An;MMR;MMR003D001;MMR003;August;2010;1;9
Myanmar;Kayin;Myawaddy;MMR;MMR003D002;MMR003;August;2010;3;12
Myanmar;Mandalay;Mandalay;MMR;MMR010D001;MMR010;August;2010;0;0
Myanmar;Mandalay;Meiktila;MMR;MMR010D007;MMR010;August;2010;0;0
Myanmar;Sagaing;Kawlin;MMR;MMR005D011;MMR005;August;2010;0;0
Myanmar;Sagaing;Naga Self-Administered Zone;MMR;NA;NA;August;2010;0;0
Myanmar;Shan-South;Langkho;MMR;MMR014D003;MMR014;August;2010;0;0
Myanmar;Shan-South;Loilen;MMR;MMR014D002;MMR014;August;2010;0;0
Myanmar;Chin;Falam;MMR;MMR004D001;MMR004;August;2010;0;0
Myanmar;Kayin;Hpapun;MMR;MMR003D004;MMR003;August;2010;0;0
Myanmar;Mandalay;Nyaung-U;MMR;MMR010D005;MMR010;August;2010;0;0
Myanmar;Mon;Thaton;MMR;MMR011D002;MMR011;August;2010;0;0
Myanmar;Rakhine;Sittwe;MMR;MMR012D001;MMR012;August;2010;0;0
Myanmar;Sagaing;Mawlaik;MMR;MMR005D007;MMR005;August;2010;0;0
Myanmar;Sagaing;Monywa;MMR;MMR005D003;MMR005;August;2010;0;0
Myanmar;Sagaing;Yinmarbin;MMR;MMR005D009;MMR005;August;2010;0;0
Myanmar;Shan-East;Tachileik;MMR;MMR016D003;MMR016;August;2010;0;0
Myanmar;Tanintharyi;Kawthoung;MMR;MMR006D003;MMR006;August;2010;1;1
Myanmar;Yangon;Yangon-West;MMR;MMR013D004;MMR013;August;2010;0;0
Myanmar;Ayeyarwady;Hinthada;MMR;MMR017D002;MMR017;August;2010;0;0
Myanmar;Bago-West;Thayarwady;MMR;MMR008D002;MMR008;August;2010;0;0
Myanmar;Kayah;Bawlake;MMR;MMR002D002;MMR002;August;2010;0;0
Myanmar;Mandalay;Pyinoolwin;MMR;MMR010D002;MMR010;August;2010;0;0
Myanmar;Mandalay;Yamethin;MMR;MMR010D006;MMR010;August;2010;0;0
Myanmar;Mon;Mawlamyine;MMR;MMR011D001;MMR011;August;2010;0;0
Myanmar;Nay Pyi Taw;Det Khi Na;MMR;MMR018D002;MMR018;August;2010;0;0
Myanmar;Sagaing;Kanbalu;MMR;MMR005D010;MMR005;August;2010;0;0
Myanmar;Shan-North;Lashio;MMR;MMR015D001;MMR015;August;2010;0;0
Myanmar;Shan-South;Danu Self-Administered Zone;MMR;NA;NA;August;2010;0;0
Myanmar;Tanintharyi;Myeik;MMR;MMR006D002;MMR006;August;2010;0;0
Myanmar;Ayeyarwady;Myaungmya;MMR;MMR017D003;MMR017;September;2010;0;0
Myanmar;Chin;Matupi;MMR;MMR004D004;MMR004;September;2010;0;0
Myanmar;Magway;Magway;MMR;MMR009D001;MMR009;September;2010;0;0
Myanmar;Magway;Minbu;MMR;MMR009D002;MMR009;September;2010;0;0
Myanmar;Sagaing;Hkamti;MMR;MMR005D008;MMR005;September;2010;0;0
Myanmar;Sagaing;Katha;MMR;MMR005D004;MMR005;September;2010;0;0
Myanmar;Sagaing;Shwebo;MMR;MMR005D002;MMR005;September;2010;0;0
Myanmar;Sagaing;Tamu;MMR;MMR005D006;MMR005;September;2010;0;0
Myanmar;Shan-North;Kyaukme;MMR;NA;NA;September;2010;2;3
Myanmar;Shan-North;Matman;MMR;MMR015D007;MMR015;September;2010;0;0
Myanmar;Shan-North;Pa Laung Self-Administered Zone;MMR;NA;NA;September;2010;0;0
Myanmar;Yangon;Yangon-East;MMR;MMR013D002;MMR013;September;2010;0;0
Myanmar;Ayeyarwady;Pathein;MMR;MMR017D001;MMR017;September;2010;0;0
Myanmar;Ayeyarwady;Pyapon;MMR;MMR017D006;MMR017;September;2010;0;0
Myanmar;Bago-East;Taungoo;MMR;MMR007D002;MMR007;September;2010;2;0
Myanmar;Kayah;Loikaw;MMR;MMR002D001;MMR002;September;2010;0;0
Myanmar;Kayin;Kawkareik;MMR;MMR003D003;MMR003;September;2010;0;0
Myanmar;Magway;Thayet;MMR;MMR009D003;MMR009;September;2010;0;0
Myanmar;Mandalay;Kyaukse;MMR;MMR010D003;MMR010;September;2010;0;0
Myanmar;Rakhine;Kyaukpyu;MMR;MMR012D003;MMR012;September;2010;0;0
Myanmar;Shan-East;Monghsat;MMR;MMR016D002;MMR016;September;2010;0;0
Myanmar;Shan-South;Pa-O Self-Administered Zone;MMR;NA;NA;September;2010;0;0
Myanmar;Shan-South;Taunggyi;MMR;MMR014D001;MMR014;September;2010;0;0
Myanmar;Tanintharyi;Dawei;MMR;MMR006D001;MMR006;September;2010;0;0
Myanmar;Yangon;Yangon-North;MMR;MMR013D001;MMR013;September;2010;0;0
Myanmar;Bago-West;Pyay;MMR;MMR008D001;MMR008;September;2010;0;0
Myanmar;Chin;Mindat;MMR;MMR004D002;MMR004;September;2010;0;0
Myanmar;Kachin;Bhamo;MMR;MMR001D003;MMR001;September;2010;0;0
Myanmar;Kachin;Myitkyina;MMR;MMR001D001;MMR001;September;2010;1;0
Myanmar;Magway;Gangaw;MMR;MMR009D005;MMR009;September;2010;0;0
Myanmar;Nay Pyi Taw;Oke Ta Ra;MMR;MMR018D001;MMR018;September;2010;0;0
Myanmar;Rakhine;Thandwe;MMR;MMR012D004;MMR012;September;2010;0;0
Myanmar;Shan-East;Kengtung;MMR;MMR016D001;MMR016;September;2010;0;0
Myanmar;Shan-North;Mongmit;MMR;MMR015D008;MMR015;September;2010;0;0
Myanmar;Yangon;Yangon-South;MMR;MMR013D003;MMR013;September;2010;0;0
Myanmar;Ayeyarwady;Labutta;MMR;MMR017D004;MMR017;September;2010;0;0
Myanmar;Ayeyarwady;Maubin;MMR;MMR017D005;MMR017;September;2010;0;0
Myanmar;Magway;Pakokku;MMR;MMR009D004;MMR009;September;2010;0;0
Myanmar;Mandalay;Myingyan;MMR;MMR010D004;MMR010;September;2010;0;0
Myanmar;Rakhine;Maungdaw;MMR;MMR012D002;MMR012;September;2010;1;1
Myanmar;Rakhine;Mrauk-U;MMR;MMR012D005;MMR012;September;2010;0;0
Myanmar;Shan-North;Hopang;MMR;MMR015D006;MMR015;September;2010;0;0
Myanmar;Shan-North;Kokang Self-Administered Zone;MMR;MMR015D221;MMR015;September;2010;0;0
Myanmar;Shan-North;Muse;MMR;MMR015D002;MMR015;September;2010;0;0
Myanmar;Sagaing;Kale;MMR;MMR005D005;MMR005;September;2010;0;0
Myanmar;Sagaing;Sagaing;MMR;MMR005D001;MMR005;September;2010;0;0
Myanmar;Bago-East;Bago;MMR;MMR007D001;MMR007;September;2010;2;2
Myanmar;Chin;Hakha;MMR;MMR004D003;MMR004;September;2010;0;0
Myanmar;Kachin;Mohnyin;MMR;MMR001D002;MMR001;September;2010;0;0
Myanmar;Kachin;Puta-O;MMR;MMR001D004;MMR001;September;2010;0;0
Myanmar;Kayin;Hpa-An;MMR;MMR003D001;MMR003;September;2010;3;8
Myanmar;Kayin;Myawaddy;MMR;MMR003D002;MMR003;September;2010;5;8
Myanmar;Mandalay;Mandalay;MMR;MMR010D001;MMR010;September;2010;0;0
Myanmar;Mandalay;Meiktila;MMR;MMR010D007;MMR010;September;2010;0;0
Myanmar;Sagaing;Kawlin;MMR;MMR005D011;MMR005;September;2010;0;0
Myanmar;Sagaing;Naga Self-Administered Zone;MMR;NA;NA;September;2010;0;0
Myanmar;Shan-South;Langkho;MMR;MMR014D003;MMR014;September;2010;0;0
Myanmar;Shan-South;Loilen;MMR;MMR014D002;MMR014;September;2010;0;0
Myanmar;Chin;Falam;MMR;MMR004D001;MMR004;September;2010;0;0
Myanmar;Kayin;Hpapun;MMR;MMR003D004;MMR003;September;2010;2;1
Myanmar;Mandalay;Nyaung-U;MMR;MMR010D005;MMR010;September;2010;0;0
Myanmar;Mon;Thaton;MMR;MMR011D002;MMR011;September;2010;1;0
Myanmar;Rakhine;Sittwe;MMR;MMR012D001;MMR012;September;2010;0;0
Myanmar;Sagaing;Mawlaik;MMR;MMR005D007;MMR005;September;2010;0;0
Myanmar;Sagaing;Monywa;MMR;MMR005D003;MMR005;September;2010;0;0
Myanmar;Sagaing;Yinmarbin;MMR;MMR005D009;MMR005;September;2010;0;0
Myanmar;Shan-East;Tachileik;MMR;MMR016D003;MMR016;September;2010;0;0
Myanmar;Tanintharyi;Kawthoung;MMR;MMR006D003;MMR006;September;2010;0;0
Myanmar;Yangon;Yangon-West;MMR;MMR013D004;MMR013;September;2010;0;0
Myanmar;Ayeyarwady;Hinthada;MMR;MMR017D002;MMR017;September;2010;0;0
Myanmar;Bago-West;Thayarwady;MMR;MMR008D002;MMR008;September;2010;0;0
Myanmar;Kayah;Bawlake;MMR;MMR002D002;MMR002;September;2010;0;0
Myanmar;Mandalay;Pyinoolwin;MMR;MMR010D002;MMR010;September;2010;0;0
Myanmar;Mandalay;Yamethin;MMR;MMR010D006;MMR010;September;2010;0;0
Myanmar;Mon;Mawlamyine;MMR;MMR011D001;MMR011;September;2010;0;0
Myanmar;Nay Pyi Taw;Det Khi Na;MMR;MMR018D002;MMR018;September;2010;0;0
Myanmar;Sagaing;Kanbalu;MMR;MMR005D010;MMR005;September;2010;0;0
Myanmar;Shan-North;Lashio;MMR;MMR015D001;MMR015;September;2010;1;1
Myanmar;Shan-South;Danu Self-Administered Zone;MMR;NA;NA;September;2010;0;0
Myanmar;Tanintharyi;Myeik;MMR;MMR006D002;MMR006;September;2010;0;0
Myanmar;Ayeyarwady;Myaungmya;MMR;MMR017D003;MMR017;October;2010;0;0
Myanmar;Chin;Matupi;MMR;MMR004D004;MMR004;October;2010;0;0
Myanmar;Magway;Magway;MMR;MMR009D001;MMR009;October;2010;0;0
Myanmar;Magway;Minbu;MMR;MMR009D002;MMR009;October;2010;0;0
Myanmar;Sagaing;Hkamti;MMR;MMR005D008;MMR005;October;2010;0;0
Myanmar;Sagaing;Katha;MMR;MMR005D004;MMR005;October;2010;0;0
Myanmar;Sagaing;Shwebo;MMR;MMR005D002;MMR005;October;2010;0;0
Myanmar;Sagaing;Tamu;MMR;MMR005D006;MMR005;October;2010;0;0
Myanmar;Shan-North;Kyaukme;MMR;NA;NA;October;2010;0;0
Myanmar;Shan-North;Matman;MMR;MMR015D007;MMR015;October;2010;0;0
Myanmar;Shan-North;Pa Laung Self-Administered Zone;MMR;NA;NA;October;2010;0;0
Myanmar;Yangon;Yangon-East;MMR;MMR013D002;MMR013;October;2010;0;0
Myanmar;Ayeyarwady;Pathein;MMR;MMR017D001;MMR017;October;2010;0;0
Myanmar;Ayeyarwady;Pyapon;MMR;MMR017D006;MMR017;October;2010;0;0
Myanmar;Bago-East;Taungoo;MMR;MMR007D002;MMR007;October;2010;0;0
Myanmar;Kayah;Loikaw;MMR;MMR002D001;MMR002;October;2010;1;4
Myanmar;Kayin;Kawkareik;MMR;MMR003D003;MMR003;October;2010;1;2
Myanmar;Magway;Thayet;MMR;MMR009D003;MMR009;October;2010;0;0
Myanmar;Mandalay;Kyaukse;MMR;MMR010D003;MMR010;October;2010;0;0
Myanmar;Rakhine;Kyaukpyu;MMR;MMR012D003;MMR012;October;2010;0;0
Myanmar;Shan-East;Monghsat;MMR;MMR016D002;MMR016;October;2010;0;0
Myanmar;Shan-South;Pa-O Self-Administered Zone;MMR;NA;NA;October;2010;0;0
Myanmar;Shan-South;Taunggyi;MMR;MMR014D001;MMR014;October;2010;0;0
Myanmar;Tanintharyi;Dawei;MMR;MMR006D001;MMR006;October;2010;2;1
Myanmar;Yangon;Yangon-North;MMR;MMR013D001;MMR013;October;2010;0;0
Myanmar;Bago-West;Pyay;MMR;MMR008D001;MMR008;October;2010;0;0
Myanmar;Chin;Mindat;MMR;MMR004D002;MMR004;October;2010;0;0
Myanmar;Kachin;Bhamo;MMR;MMR001D003;MMR001;October;2010;0;0
Myanmar;Kachin;Myitkyina;MMR;MMR001D001;MMR001;October;2010;0;0
Myanmar;Magway;Gangaw;MMR;MMR009D005;MMR009;October;2010;0;0
Myanmar;Nay Pyi Taw;Oke Ta Ra;MMR;MMR018D001;MMR018;October;2010;0;0
Myanmar;Rakhine;Thandwe;MMR;MMR012D004;MMR012;October;2010;0;0
Myanmar;Shan-East;Kengtung;MMR;MMR016D001;MMR016;October;2010;0;0
Myanmar;Shan-North;Mongmit;MMR;MMR015D008;MMR015;October;2010;0;0
Myanmar;Yangon;Yangon-South;MMR;MMR013D003;MMR013;October;2010;0;0
Myanmar;Ayeyarwady;Labutta;MMR;MMR017D004;MMR017;October;2010;0;0
Myanmar;Ayeyarwady;Maubin;MMR;MMR017D005;MMR017;October;2010;0;0
Myanmar;Magway;Pakokku;MMR;MMR009D004;MMR009;October;2010;0;0
Myanmar;Mandalay;Myingyan;MMR;MMR010D004;MMR010;October;2010;0;0
Myanmar;Rakhine;Maungdaw;MMR;MMR012D002;MMR012;October;2010;0;0
Myanmar;Rakhine;Mrauk-U;MMR;MMR012D005;MMR012;October;2010;1;1
Myanmar;Shan-North;Hopang;MMR;MMR015D006;MMR015;October;2010;0;0
Myanmar;Shan-North;Kokang Self-Administered Zone;MMR;MMR015D221;MMR015;October;2010;0;0
Myanmar;Shan-North;Muse;MMR;MMR015D002;MMR015;October;2010;0;0
Myanmar;Sagaing;Kale;MMR;MMR005D005;MMR005;October;2010;0;0
Myanmar;Sagaing;Sagaing;MMR;MMR005D001;MMR005;October;2010;0;0
Myanmar;Bago-East;Bago;MMR;MMR007D001;MMR007;October;2010;0;0
Myanmar;Chin;Hakha;MMR;MMR004D003;MMR004;October;2010;0;0
Myanmar;Kachin;Mohnyin;MMR;MMR001D002;MMR001;October;2010;1;2
Myanmar;Kachin;Puta-O;MMR;MMR001D004;MMR001;October;2010;0;0
Myanmar;Kayin;Hpa-An;MMR;MMR003D001;MMR003;October;2010;0;0
Myanmar;Kayin;Myawaddy;MMR;MMR003D002;MMR003;October;2010;0;0
Myanmar;Mandalay;Mandalay;MMR;MMR010D001;MMR010;October;2010;0;0
Myanmar;Mandalay;Meiktila;MMR;MMR010D007;MMR010;October;2010;0;0
Myanmar;Sagaing;Kawlin;MMR;MMR005D011;MMR005;October;2010;0;0
Myanmar;Sagaing;Naga Self-Administered Zone;MMR;NA;NA;October;2010;0;0
Myanmar;Shan-South;Langkho;MMR;MMR014D003;MMR014;October;2010;0;0
Myanmar;Shan-South;Loilen;MMR;MMR014D002;MMR014;October;2010;4;4
Myanmar;Chin;Falam;MMR;MMR004D001;MMR004;October;2010;0;0
Myanmar;Kayin;Hpapun;MMR;MMR003D004;MMR003;October;2010;0;0
Myanmar;Mandalay;Nyaung-U;MMR;MMR010D005;MMR010;October;2010;0;0
Myanmar;Mon;Thaton;MMR;MMR011D002;MMR011;October;2010;0;0
Myanmar;Rakhine;Sittwe;MMR;MMR012D001;MMR012;October;2010;0;0
Myanmar;Sagaing;Mawlaik;MMR;MMR005D007;MMR005;October;2010;0;0
Myanmar;Sagaing;Monywa;MMR;MMR005D003;MMR005;October;2010;0;0
Myanmar;Sagaing;Yinmarbin;MMR;MMR005D009;MMR005;October;2010;0;0
Myanmar;Shan-East;Tachileik;MMR;MMR016D003;MMR016;October;2010;4;4
Myanmar;Tanintharyi;Kawthoung;MMR;MMR006D003;MMR006;October;2010;0;0
Myanmar;Yangon;Yangon-West;MMR;MMR013D004;MMR013;October;2010;0;0
Myanmar;Ayeyarwady;Hinthada;MMR;MMR017D002;MMR017;October;2010;0;0
Myanmar;Bago-West;Thayarwady;MMR;MMR008D002;MMR008;October;2010;0;0
Myanmar;Kayah;Bawlake;MMR;MMR002D002;MMR002;October;2010;0;0
Myanmar;Mandalay;Pyinoolwin;MMR;MMR010D002;MMR010;October;2010;0;0
Myanmar;Mandalay;Yamethin;MMR;MMR010D006;MMR010;October;2010;0;0
Myanmar;Mon;Mawlamyine;MMR;MMR011D001;MMR011;October;2010;0;0
Myanmar;Nay Pyi Taw;Det Khi Na;MMR;MMR018D002;MMR018;October;2010;0;0
Myanmar;Sagaing;Kanbalu;MMR;MMR005D010;MMR005;October;2010;0;0
Myanmar;Shan-North;Lashio;MMR;MMR015D001;MMR015;October;2010;0;0
Myanmar;Shan-South;Danu Self-Administered Zone;MMR;NA;NA;October;2010;0;0
Myanmar;Tanintharyi;Myeik;MMR;MMR006D002;MMR006;October;2010;0;0
Myanmar;Ayeyarwady;Myaungmya;MMR;MMR017D003;MMR017;November;2010;0;0
Myanmar;Chin;Matupi;MMR;MMR004D004;MMR004;November;2010;1;0
Myanmar;Magway;Magway;MMR;MMR009D001;MMR009;November;2010;0;0
Myanmar;Magway;Minbu;MMR;MMR009D002;MMR009;November;2010;0;0
Myanmar;Sagaing;Hkamti;MMR;MMR005D008;MMR005;November;2010;0;0
Myanmar;Sagaing;Katha;MMR;MMR005D004;MMR005;November;2010;0;0
Myanmar;Sagaing;Shwebo;MMR;MMR005D002;MMR005;November;2010;0;0
Myanmar;Sagaing;Tamu;MMR;MMR005D006;MMR005;November;2010;0;0
Myanmar;Shan-North;Kyaukme;MMR;NA;NA;November;2010;0;0
Myanmar;Shan-North;Matman;MMR;MMR015D007;MMR015;November;2010;0;0
Myanmar;Shan-North;Pa Laung Self-Administered Zone;MMR;NA;NA;November;2010;0;0
Myanmar;Yangon;Yangon-East;MMR;MMR013D002;MMR013;November;2010;0;0
Myanmar;Ayeyarwady;Pathein;MMR;MMR017D001;MMR017;November;2010;0;0
Myanmar;Ayeyarwady;Pyapon;MMR;MMR017D006;MMR017;November;2010;0;0
Myanmar;Bago-East;Taungoo;MMR;MMR007D002;MMR007;November;2010;0;0
Myanmar;Kayah;Loikaw;MMR;MMR002D001;MMR002;November;2010;0;0
Myanmar;Kayin;Kawkareik;MMR;MMR003D003;MMR003;November;2010;12;39
Myanmar;Magway;Thayet;MMR;MMR009D003;MMR009;November;2010;0;0
Myanmar;Mandalay;Kyaukse;MMR;MMR010D003;MMR010;November;2010;0;0
Myanmar;Rakhine;Kyaukpyu;MMR;MMR012D003;MMR012;November;2010;1;0
Myanmar;Shan-East;Monghsat;MMR;MMR016D002;MMR016;November;2010;1;2
Myanmar;Shan-South;Pa-O Self-Administered Zone;MMR;NA;NA;November;2010;0;0
Myanmar;Shan-South;Taunggyi;MMR;MMR014D001;MMR014;November;2010;1;0
Myanmar;Tanintharyi;Dawei;MMR;MMR006D001;MMR006;November;2010;0;0
Myanmar;Yangon;Yangon-North;MMR;MMR013D001;MMR013;November;2010;0;0
Myanmar;Bago-West;Pyay;MMR;MMR008D001;MMR008;November;2010;0;0
Myanmar;Chin;Mindat;MMR;MMR004D002;MMR004;November;2010;0;0
Myanmar;Kachin;Bhamo;MMR;MMR001D003;MMR001;November;2010;0;0
Myanmar;Kachin;Myitkyina;MMR;MMR001D001;MMR001;November;2010;1;1
Myanmar;Magway;Gangaw;MMR;MMR009D005;MMR009;November;2010;0;0
Myanmar;Nay Pyi Taw;Oke Ta Ra;MMR;MMR018D001;MMR018;November;2010;0;0
Myanmar;Rakhine;Thandwe;MMR;MMR012D004;MMR012;November;2010;0;0
Myanmar;Shan-East;Kengtung;MMR;MMR016D001;MMR016;November;2010;0;0
Myanmar;Shan-North;Mongmit;MMR;MMR015D008;MMR015;November;2010;0;0
Myanmar;Yangon;Yangon-South;MMR;MMR013D003;MMR013;November;2010;0;0
Myanmar;Ayeyarwady;Labutta;MMR;MMR017D004;MMR017;November;2010;0;0
Myanmar;Ayeyarwady;Maubin;MMR;MMR017D005;MMR017;November;2010;0;0
Myanmar;Magway;Pakokku;MMR;MMR009D004;MMR009;November;2010;0;0
Myanmar;Mandalay;Myingyan;MMR;MMR010D004;MMR010;November;2010;0;0
Myanmar;Rakhine;Maungdaw;MMR;MMR012D002;MMR012;November;2010;1;0
Myanmar;Rakhine;Mrauk-U;MMR;MMR012D005;MMR012;November;2010;0;0
Myanmar;Shan-North;Hopang;MMR;MMR015D006;MMR015;November;2010;0;0
Myanmar;Shan-North;Kokang Self-Administered Zone;MMR;MMR015D221;MMR015;November;2010;0;0
Myanmar;Shan-North;Muse;MMR;MMR015D002;MMR015;November;2010;0;0
Myanmar;Sagaing;Kale;MMR;MMR005D005;MMR005;November;2010;0;0
Myanmar;Sagaing;Sagaing;MMR;MMR005D001;MMR005;November;2010;0;0
Myanmar;Bago-East;Bago;MMR;MMR007D001;MMR007;November;2010;0;0
Myanmar;Chin;Hakha;MMR;MMR004D003;MMR004;November;2010;0;0
Myanmar;Kachin;Mohnyin;MMR;MMR001D002;MMR001;November;2010;0;0
Myanmar;Kachin;Puta-O;MMR;MMR001D004;MMR001;November;2010;0;0
Myanmar;Kayin;Hpa-An;MMR;MMR003D001;MMR003;November;2010;0;0
Myanmar;Kayin;Myawaddy;MMR;MMR003D002;MMR003;November;2010;6;10
Myanmar;Mandalay;Mandalay;MMR;MMR010D001;MMR010;November;2010;1;0
Myanmar;Mandalay;Meiktila;MMR;MMR010D007;MMR010;November;2010;0;0
Myanmar;Sagaing;Kawlin;MMR;MMR005D011;MMR005;November;2010;0;0
Myanmar;Sagaing;Naga Self-Administered Zone;MMR;NA;NA;November;2010;0;0
Myanmar;Shan-South;Langkho;MMR;MMR014D003;MMR014;November;2010;2;2
Myanmar;Shan-South;Loilen;MMR;MMR014D002;MMR014;November;2010;2;1
Myanmar;Chin;Falam;MMR;MMR004D001;MMR004;November;2010;0;0
Myanmar;Kayin;Hpapun;MMR;MMR003D004;MMR003;November;2010;0;0
Myanmar;Mandalay;Nyaung-U;MMR;MMR010D005;MMR010;November;2010;0;0
Myanmar;Mon;Thaton;MMR;MMR011D002;MMR011;November;2010;0;0
Myanmar;Rakhine;Sittwe;MMR;MMR012D001;MMR012;November;2010;0;0
Myanmar;Sagaing;Mawlaik;MMR;MMR005D007;MMR005;November;2010;0;0
Myanmar;Sagaing;Monywa;MMR;MMR005D003;MMR005;November;2010;0;0
Myanmar;Sagaing;Yinmarbin;MMR;MMR005D009;MMR005;November;2010;0;0
Myanmar;Shan-East;Tachileik;MMR;MMR016D003;MMR016;November;2010;0;0
Myanmar;Tanintharyi;Kawthoung;MMR;MMR006D003;MMR006;November;2010;0;0
Myanmar;Yangon;Yangon-West;MMR;MMR013D004;MMR013;November;2010;0;0
Myanmar;Ayeyarwady;Hinthada;MMR;MMR017D002;MMR017;November;2010;0;0
Myanmar;Bago-West;Thayarwady;MMR;MMR008D002;MMR008;November;2010;0;0
Myanmar;Kayah;Bawlake;MMR;MMR002D002;MMR002;November;2010;0;0
Myanmar;Mandalay;Pyinoolwin;MMR;MMR010D002;MMR010;November;2010;0;0
Myanmar;Mandalay;Yamethin;MMR;MMR010D006;MMR010;November;2010;0;0
Myanmar;Mon;Mawlamyine;MMR;MMR011D001;MMR011;November;2010;0;0
Myanmar;Nay Pyi Taw;Det Khi Na;MMR;MMR018D002;MMR018;November;2010;0;0
Myanmar;Sagaing;Kanbalu;MMR;MMR005D010;MMR005;November;2010;0;0
Myanmar;Shan-North;Lashio;MMR;MMR015D001;MMR015;November;2010;0;0
Myanmar;Shan-South;Danu Self-Administered Zone;MMR;NA;NA;November;2010;0;0
Myanmar;Tanintharyi;Myeik;MMR;MMR006D002;MMR006;November;2010;0;0
Myanmar;Ayeyarwady;Myaungmya;MMR;MMR017D003;MMR017;December;2010;0;0
Myanmar;Chin;Matupi;MMR;MMR004D004;MMR004;December;2010;0;0
Myanmar;Magway;Magway;MMR;MMR009D001;MMR009;December;2010;0;0
Myanmar;Magway;Minbu;MMR;MMR009D002;MMR009;December;2010;0;0
Myanmar;Sagaing;Hkamti;MMR;MMR005D008;MMR005;December;2010;0;0
Myanmar;Sagaing;Katha;MMR;MMR005D004;MMR005;December;2010;0;0
Myanmar;Sagaing;Shwebo;MMR;MMR005D002;MMR005;December;2010;0;0
Myanmar;Sagaing;Tamu;MMR;MMR005D006;MMR005;December;2010;0;0
Myanmar;Shan-North;Kyaukme;MMR;NA;NA;December;2010;0;0
Myanmar;Shan-North;Matman;MMR;MMR015D007;MMR015;December;2010;0;0
Myanmar;Shan-North;Pa Laung Self-Administered Zone;MMR;NA;NA;December;2010;0;0
Myanmar;Yangon;Yangon-East;MMR;MMR013D002;MMR013;December;2010;0;0
Myanmar;Ayeyarwady;Pathein;MMR;MMR017D001;MMR017;December;2010;0;0
Myanmar;Ayeyarwady;Pyapon;MMR;MMR017D006;MMR017;December;2010;0;0
Myanmar;Bago-East;Taungoo;MMR;MMR007D002;MMR007;December;2010;0;0
Myanmar;Kayah;Loikaw;MMR;MMR002D001;MMR002;December;2010;0;0
Myanmar;Kayin;Kawkareik;MMR;MMR003D003;MMR003;December;2010;3;6
Myanmar;Magway;Thayet;MMR;MMR009D003;MMR009;December;2010;0;0
Myanmar;Mandalay;Kyaukse;MMR;MMR010D003;MMR010;December;2010;0;0
Myanmar;Rakhine;Kyaukpyu;MMR;MMR012D003;MMR012;December;2010;1;1
Myanmar;Shan-East;Monghsat;MMR;MMR016D002;MMR016;December;2010;1;0
Myanmar;Shan-South;Pa-O Self-Administered Zone;MMR;NA;NA;December;2010;0;0
Myanmar;Shan-South;Taunggyi;MMR;MMR014D001;MMR014;December;2010;0;0
Myanmar;Tanintharyi;Dawei;MMR;MMR006D001;MMR006;December;2010;0;0
Myanmar;Yangon;Yangon-North;MMR;MMR013D001;MMR013;December;2010;0;0
Myanmar;Bago-West;Pyay;MMR;MMR008D001;MMR008;December;2010;0;0
Myanmar;Chin;Mindat;MMR;MMR004D002;MMR004;December;2010;0;0
Myanmar;Kachin;Bhamo;MMR;MMR001D003;MMR001;December;2010;0;0
Myanmar;Kachin;Myitkyina;MMR;MMR001D001;MMR001;December;2010;1;0
Myanmar;Magway;Gangaw;MMR;MMR009D005;MMR009;December;2010;0;0
Myanmar;Nay Pyi Taw;Oke Ta Ra;MMR;MMR018D001;MMR018;December;2010;0;0
Myanmar;Rakhine;Thandwe;MMR;MMR012D004;MMR012;December;2010;0;0
Myanmar;Shan-East;Kengtung;MMR;MMR016D001;MMR016;December;2010;0;0
Myanmar;Shan-North;Mongmit;MMR;MMR015D008;MMR015;December;2010;0;0
Myanmar;Yangon;Yangon-South;MMR;MMR013D003;MMR013;December;2010;0;0
Myanmar;Ayeyarwady;Labutta;MMR;MMR017D004;MMR017;December;2010;0;0
Myanmar;Ayeyarwady;Maubin;MMR;MMR017D005;MMR017;December;2010;0;0
Myanmar;Magway;Pakokku;MMR;MMR009D004;MMR009;December;2010;0;0
Myanmar;Mandalay;Myingyan;MMR;MMR010D004;MMR010;December;2010;0;0
Myanmar;Rakhine;Maungdaw;MMR;MMR012D002;MMR012;December;2010;0;0
Myanmar;Rakhine;Mrauk-U;MMR;MMR012D005;MMR012;December;2010;0;0
Myanmar;Shan-North;Hopang;MMR;MMR015D006;MMR015;December;2010;0;0
Myanmar;Shan-North;Kokang Self-Administered Zone;MMR;MMR015D221;MMR015;December;2010;0;0
Myanmar;Shan-North;Muse;MMR;MMR015D002;MMR015;December;2010;0;0
Myanmar;Sagaing;Kale;MMR;MMR005D005;MMR005;December;2010;0;0
Myanmar;Sagaing;Sagaing;MMR;MMR005D001;MMR005;December;2010;0;0
Myanmar;Bago-East;Bago;MMR;MMR007D001;MMR007;December;2010;0;0
Myanmar;Chin;Hakha;MMR;MMR004D003;MMR004;December;2010;0;0
Myanmar;Kachin;Mohnyin;MMR;MMR001D002;MMR001;December;2010;0;0
Myanmar;Kachin;Puta-O;MMR;MMR001D004;MMR001;December;2010;0;0
Myanmar;Kayin;Hpa-An;MMR;MMR003D001;MMR003;December;2010;2;13
Myanmar;Kayin;Myawaddy;MMR;MMR003D002;MMR003;December;2010;4;19
Myanmar;Mandalay;Mandalay;MMR;MMR010D001;MMR010;December;2010;0;0
Myanmar;Mandalay;Meiktila;MMR;MMR010D007;MMR010;December;2010;0;0
Myanmar;Sagaing;Kawlin;MMR;MMR005D011;MMR005;December;2010;0;0
Myanmar;Sagaing;Naga Self-Administered Zone;MMR;NA;NA;December;2010;0;0
Myanmar;Shan-South;Langkho;MMR;MMR014D003;MMR014;December;2010;0;0
Myanmar;Shan-South;Loilen;MMR;MMR014D002;MMR014;December;2010;2;6
Myanmar;Chin;Falam;MMR;MMR004D001;MMR004;December;2010;0;0
Myanmar;Kayin;Hpapun;MMR;MMR003D004;MMR003;December;2010;0;0
Myanmar;Mandalay;Nyaung-U;MMR;MMR010D005;MMR010;December;2010;0;0
Myanmar;Mon;Thaton;MMR;MMR011D002;MMR011;December;2010;0;0
Myanmar;Rakhine;Sittwe;MMR;MMR012D001;MMR012;December;2010;0;0
Myanmar;Sagaing;Mawlaik;MMR;MMR005D007;MMR005;December;2010;0;0
Myanmar;Sagaing;Monywa;MMR;MMR005D003;MMR005;December;2010;0;0
Myanmar;Sagaing;Yinmarbin;MMR;MMR005D009;MMR005;December;2010;0;0
Myanmar;Shan-East;Tachileik;MMR;MMR016D003;MMR016;December;2010;0;0
Myanmar;Tanintharyi;Kawthoung;MMR;MMR006D003;MMR006;December;2010;0;0
Myanmar;Yangon;Yangon-West;MMR;MMR013D004;MMR013;December;2010;0;0
Myanmar;Ayeyarwady;Hinthada;MMR;MMR017D002;MMR017;December;2010;0;0
Myanmar;Bago-West;Thayarwady;MMR;MMR008D002;MMR008;December;2010;0;0
Myanmar;Kayah;Bawlake;MMR;MMR002D002;MMR002;December;2010;0;0
Myanmar;Mandalay;Pyinoolwin;MMR;MMR010D002;MMR010;December;2010;0;0
Myanmar;Mandalay;Yamethin;MMR;MMR010D006;MMR010;December;2010;0;0
Myanmar;Mon;Mawlamyine;MMR;MMR011D001;MMR011;December;2010;0;0
Myanmar;Nay Pyi Taw;Det Khi Na;MMR;MMR018D002;MMR018;December;2010;0;0
Myanmar;Sagaing;Kanbalu;MMR;MMR005D010;MMR005;December;2010;0;0
Myanmar;Shan-North;Lashio;MMR;MMR015D001;MMR015;December;2010;0;0
Myanmar;Shan-South;Danu Self-Administered Zone;MMR;NA;NA;December;2010;0;0
Myanmar;Tanintharyi;Myeik;MMR;MMR006D002;MMR006;December;2010;0;0
Myanmar;Ayeyarwady;Myaungmya;MMR;MMR017D003;MMR017;January;2011;0;0
Myanmar;Chin;Matupi;MMR;MMR004D004;MMR004;January;2011;0;0
Myanmar;Magway;Magway;MMR;MMR009D001;MMR009;January;2011;0;0
Myanmar;Magway;Minbu;MMR;MMR009D002;MMR009;January;2011;0;0
Myanmar;Sagaing;Hkamti;MMR;MMR005D008;MMR005;January;2011;0;0
Myanmar;Sagaing;Katha;MMR;MMR005D004;MMR005;January;2011;0;0
Myanmar;Sagaing;Shwebo;MMR;MMR005D002;MMR005;January;2011;0;0
Myanmar;Sagaing;Tamu;MMR;MMR005D006;MMR005;January;2011;0;0
Myanmar;Shan-North;Kyaukme;MMR;NA;NA;January;2011;0;0
Myanmar;Shan-North;Matman;MMR;MMR015D007;MMR015;January;2011;0;0
Myanmar;Shan-North;Pa Laung Self-Administered Zone;MMR;NA;NA;January;2011;0;0
Myanmar;Yangon;Yangon-East;MMR;MMR013D002;MMR013;January;2011;0;0
Myanmar;Ayeyarwady;Pathein;MMR;MMR017D001;MMR017;January;2011;0;0
Myanmar;Ayeyarwady;Pyapon;MMR;MMR017D006;MMR017;January;2011;0;0
Myanmar;Bago-East;Taungoo;MMR;MMR007D002;MMR007;January;2011;0;0
Myanmar;Kayah;Loikaw;MMR;MMR002D001;MMR002;January;2011;0;0
Myanmar;Kayin;Kawkareik;MMR;MMR003D003;MMR003;January;2011;5;11
Myanmar;Magway;Thayet;MMR;MMR009D003;MMR009;January;2011;0;0
Myanmar;Mandalay;Kyaukse;MMR;MMR010D003;MMR010;January;2011;0;0
Myanmar;Rakhine;Kyaukpyu;MMR;MMR012D003;MMR012;January;2011;0;0
Myanmar;Shan-East;Monghsat;MMR;MMR016D002;MMR016;January;2011;0;0
Myanmar;Shan-South;Pa-O Self-Administered Zone;MMR;NA;NA;January;2011;0;0
Myanmar;Shan-South;Taunggyi;MMR;MMR014D001;MMR014;January;2011;0;0
Myanmar;Tanintharyi;Dawei;MMR;MMR006D001;MMR006;January;2011;0;0
Myanmar;Yangon;Yangon-North;MMR;MMR013D001;MMR013;January;2011;0;0
Myanmar;Bago-West;Pyay;MMR;MMR008D001;MMR008;January;2011;0;0
Myanmar;Chin;Mindat;MMR;MMR004D002;MMR004;January;2011;0;0
Myanmar;Kachin;Bhamo;MMR;MMR001D003;MMR001;January;2011;0;0
Myanmar;Kachin;Myitkyina;MMR;MMR001D001;MMR001;January;2011;0;0
Myanmar;Magway;Gangaw;MMR;MMR009D005;MMR009;January;2011;0;0
Myanmar;Nay Pyi Taw;Oke Ta Ra;MMR;MMR018D001;MMR018;January;2011;0;0
Myanmar;Rakhine;Thandwe;MMR;MMR012D004;MMR012;January;2011;0;0
Myanmar;Shan-East;Kengtung;MMR;MMR016D001;MMR016;January;2011;0;0
Myanmar;Shan-North;Mongmit;MMR;MMR015D008;MMR015;January;2011;0;0
Myanmar;Yangon;Yangon-South;MMR;MMR013D003;MMR013;January;2011;0;0
Myanmar;Ayeyarwady;Labutta;MMR;MMR017D004;MMR017;January;2011;0;0
Myanmar;Ayeyarwady;Maubin;MMR;MMR017D005;MMR017;January;2011;0;0
Myanmar;Magway;Pakokku;MMR;MMR009D004;MMR009;January;2011;0;0
Myanmar;Mandalay;Myingyan;MMR;MMR010D004;MMR010;January;2011;0;0
Myanmar;Rakhine;Maungdaw;MMR;MMR012D002;MMR012;January;2011;0;0
Myanmar;Rakhine;Mrauk-U;MMR;MMR012D005;MMR012;January;2011;0;0
Myanmar;Shan-North;Hopang;MMR;MMR015D006;MMR015;January;2011;0;0
Myanmar;Shan-North;Kokang Self-Administered Zone;MMR;MMR015D221;MMR015;January;2011;0;0
Myanmar;Shan-North;Muse;MMR;MMR015D002;MMR015;January;2011;0;0
Myanmar;Sagaing;Kale;MMR;MMR005D005;MMR005;January;2011;0;0
Myanmar;Sagaing;Sagaing;MMR;MMR005D001;MMR005;January;2011;0;0
Myanmar;Bago-East;Bago;MMR;MMR007D001;MMR007;January;2011;0;0
Myanmar;Chin;Hakha;MMR;MMR004D003;MMR004;January;2011;0;0
Myanmar;Kachin;Mohnyin;MMR;MMR001D002;MMR001;January;2011;0;0
Myanmar;Kachin;Puta-O;MMR;MMR001D004;MMR001;January;2011;0;0
Myanmar;Kayin;Hpa-An;MMR;MMR003D001;MMR003;January;2011;1;115
Myanmar;Kayin;Myawaddy;MMR;MMR003D002;MMR003;January;2011;8;73
Myanmar;Mandalay;Mandalay;MMR;MMR010D001;MMR010;January;2011;0;0
Myanmar;Mandalay;Meiktila;MMR;MMR010D007;MMR010;January;2011;0;0
Myanmar;Sagaing;Kawlin;MMR;MMR005D011;MMR005;January;2011;0;0
Myanmar;Sagaing;Naga Self-Administered Zone;MMR;NA;NA;January;2011;0;0
Myanmar;Shan-South;Langkho;MMR;MMR014D003;MMR014;January;2011;0;0
Myanmar;Shan-South;Loilen;MMR;MMR014D002;MMR014;January;2011;0;0
Myanmar;Chin;Falam;MMR;MMR004D001;MMR004;January;2011;0;0
Myanmar;Kayin;Hpapun;MMR;MMR003D004;MMR003;January;2011;0;0
Myanmar;Mandalay;Nyaung-U;MMR;MMR010D005;MMR010;January;2011;0;0
Myanmar;Mon;Thaton;MMR;MMR011D002;MMR011;January;2011;0;0
Myanmar;Rakhine;Sittwe;MMR;MMR012D001;MMR012;January;2011;0;0
Myanmar;Sagaing;Mawlaik;MMR;MMR005D007;MMR005;January;2011;0;0
Myanmar;Sagaing;Monywa;MMR;MMR005D003;MMR005;January;2011;0;0
Myanmar;Sagaing;Yinmarbin;MMR;MMR005D009;MMR005;January;2011;0;0
Myanmar;Shan-East;Tachileik;MMR;MMR016D003;MMR016;January;2011;1;0
Myanmar;Tanintharyi;Kawthoung;MMR;MMR006D003;MMR006;January;2011;0;0
Myanmar;Yangon;Yangon-West;MMR;MMR013D004;MMR013;January;2011;0;0
Myanmar;Ayeyarwady;Hinthada;MMR;MMR017D002;MMR017;January;2011;0;0
Myanmar;Bago-West;Thayarwady;MMR;MMR008D002;MMR008;January;2011;0;0
Myanmar;Kayah;Bawlake;MMR;MMR002D002;MMR002;January;2011;0;0
Myanmar;Mandalay;Pyinoolwin;MMR;MMR010D002;MMR010;January;2011;0;0
Myanmar;Mandalay;Yamethin;MMR;MMR010D006;MMR010;January;2011;0;0
Myanmar;Mon;Mawlamyine;MMR;MMR011D001;MMR011;January;2011;1;0
Myanmar;Nay Pyi Taw;Det Khi Na;MMR;MMR018D002;MMR018;January;2011;0;0
Myanmar;Sagaing;Kanbalu;MMR;MMR005D010;MMR005;January;2011;0;0
Myanmar;Shan-North;Lashio;MMR;MMR015D001;MMR015;January;2011;0;0
Myanmar;Shan-South;Danu Self-Administered Zone;MMR;NA;NA;January;2011;0;0
Myanmar;Tanintharyi;Myeik;MMR;MMR006D002;MMR006;January;2011;0;0
Myanmar;Ayeyarwady;Myaungmya;MMR;MMR017D003;MMR017;February;2011;0;0
Myanmar;Chin;Matupi;MMR;MMR004D004;MMR004;February;2011;0;0
Myanmar;Magway;Magway;MMR;MMR009D001;MMR009;February;2011;0;0
Myanmar;Magway;Minbu;MMR;MMR009D002;MMR009;February;2011;0;0
Myanmar;Sagaing;Hkamti;MMR;MMR005D008;MMR005;February;2011;0;0
Myanmar;Sagaing;Katha;MMR;MMR005D004;MMR005;February;2011;0;0
Myanmar;Sagaing;Shwebo;MMR;MMR005D002;MMR005;February;2011;0;0
Myanmar;Sagaing;Tamu;MMR;MMR005D006;MMR005;February;2011;0;0
Myanmar;Shan-North;Kyaukme;MMR;NA;NA;February;2011;0;0
Myanmar;Shan-North;Matman;MMR;MMR015D007;MMR015;February;2011;0;0
Myanmar;Shan-North;Pa Laung Self-Administered Zone;MMR;NA;NA;February;2011;0;0
Myanmar;Yangon;Yangon-East;MMR;MMR013D002;MMR013;February;2011;0;0
Myanmar;Ayeyarwady;Pathein;MMR;MMR017D001;MMR017;February;2011;0;0
Myanmar;Ayeyarwady;Pyapon;MMR;MMR017D006;MMR017;February;2011;0;0
Myanmar;Bago-East;Taungoo;MMR;MMR007D002;MMR007;February;2011;0;0
Myanmar;Kayah;Loikaw;MMR;MMR002D001;MMR002;February;2011;0;0
Myanmar;Kayin;Kawkareik;MMR;MMR003D003;MMR003;February;2011;1;0
Myanmar;Magway;Thayet;MMR;MMR009D003;MMR009;February;2011;0;0
Myanmar;Mandalay;Kyaukse;MMR;MMR010D003;MMR010;February;2011;0;0
Myanmar;Rakhine;Kyaukpyu;MMR;MMR012D003;MMR012;February;2011;0;0
Myanmar;Shan-East;Monghsat;MMR;MMR016D002;MMR016;February;2011;2;3
Myanmar;Shan-South;Pa-O Self-Administered Zone;MMR;NA;NA;February;2011;0;0
Myanmar;Shan-South;Taunggyi;MMR;MMR014D001;MMR014;February;2011;0;0
Myanmar;Tanintharyi;Dawei;MMR;MMR006D001;MMR006;February;2011;0;0
Myanmar;Yangon;Yangon-North;MMR;MMR013D001;MMR013;February;2011;1;0
Myanmar;Bago-West;Pyay;MMR;MMR008D001;MMR008;February;2011;0;0
Myanmar;Chin;Mindat;MMR;MMR004D002;MMR004;February;2011;0;0
Myanmar;Kachin;Bhamo;MMR;MMR001D003;MMR001;February;2011;1;1
Myanmar;Kachin;Myitkyina;MMR;MMR001D001;MMR001;February;2011;0;0
Myanmar;Magway;Gangaw;MMR;MMR009D005;MMR009;February;2011;0;0
Myanmar;Nay Pyi Taw;Oke Ta Ra;MMR;MMR018D001;MMR018;February;2011;0;0
Myanmar;Rakhine;Thandwe;MMR;MMR012D004;MMR012;February;2011;0;0
Myanmar;Shan-East;Kengtung;MMR;MMR016D001;MMR016;February;2011;0;0
Myanmar;Shan-North;Mongmit;MMR;MMR015D008;MMR015;February;2011;0;0
Myanmar;Yangon;Yangon-South;MMR;MMR013D003;MMR013;February;2011;0;0
Myanmar;Ayeyarwady;Labutta;MMR;MMR017D004;MMR017;February;2011;0;0
Myanmar;Ayeyarwady;Maubin;MMR;MMR017D005;MMR017;February;2011;0;0
Myanmar;Magway;Pakokku;MMR;MMR009D004;MMR009;February;2011;0;0
Myanmar;Mandalay;Myingyan;MMR;MMR010D004;MMR010;February;2011;0;0
Myanmar;Rakhine;Maungdaw;MMR;MMR012D002;MMR012;February;2011;0;0
Myanmar;Rakhine;Mrauk-U;MMR;MMR012D005;MMR012;February;2011;0;0
Myanmar;Shan-North;Hopang;MMR;MMR015D006;MMR015;February;2011;0;0
Myanmar;Shan-North;Kokang Self-Administered Zone;MMR;MMR015D221;MMR015;February;2011;0;0
Myanmar;Shan-North;Muse;MMR;MMR015D002;MMR015;February;2011;0;0
Myanmar;Sagaing;Kale;MMR;MMR005D005;MMR005;February;2011;0;0
Myanmar;Sagaing;Sagaing;MMR;MMR005D001;MMR005;February;2011;0;0
Myanmar;Bago-East;Bago;MMR;MMR007D001;MMR007;February;2011;1;4
Myanmar;Chin;Hakha;MMR;MMR004D003;MMR004;February;2011;0;0
Myanmar;Kachin;Mohnyin;MMR;MMR001D002;MMR001;February;2011;0;0
Myanmar;Kachin;Puta-O;MMR;MMR001D004;MMR001;February;2011;0;0
Myanmar;Kayin;Hpa-An;MMR;MMR003D001;MMR003;February;2011;1;115
Myanmar;Kayin;Myawaddy;MMR;MMR003D002;MMR003;February;2011;2;2
Myanmar;Mandalay;Mandalay;MMR;MMR010D001;MMR010;February;2011;0;0
Myanmar;Mandalay;Meiktila;MMR;MMR010D007;MMR010;February;2011;0;0
Myanmar;Sagaing;Kawlin;MMR;MMR005D011;MMR005;February;2011;0;0
Myanmar;Sagaing;Naga Self-Administered Zone;MMR;NA;NA;February;2011;0;0
Myanmar;Shan-South;Langkho;MMR;MMR014D003;MMR014;February;2011;0;0
Myanmar;Shan-South;Loilen;MMR;MMR014D002;MMR014;February;2011;4;3
Myanmar;Chin;Falam;MMR;MMR004D001;MMR004;February;2011;0;0
Myanmar;Kayin;Hpapun;MMR;MMR003D004;MMR003;February;2011;0;0
Myanmar;Mandalay;Nyaung-U;MMR;MMR010D005;MMR010;February;2011;0;0
Myanmar;Mon;Thaton;MMR;MMR011D002;MMR011;February;2011;1;3
Myanmar;Rakhine;Sittwe;MMR;MMR012D001;MMR012;February;2011;0;0
Myanmar;Sagaing;Mawlaik;MMR;MMR005D007;MMR005;February;2011;0;0
Myanmar;Sagaing;Monywa;MMR;MMR005D003;MMR005;February;2011;0;0
Myanmar;Sagaing;Yinmarbin;MMR;MMR005D009;MMR005;February;2011;0;0
Myanmar;Shan-East;Tachileik;MMR;MMR016D003;MMR016;February;2011;0;0
Myanmar;Tanintharyi;Kawthoung;MMR;MMR006D003;MMR006;February;2011;0;0
Myanmar;Yangon;Yangon-West;MMR;MMR013D004;MMR013;February;2011;0;0
Myanmar;Ayeyarwady;Hinthada;MMR;MMR017D002;MMR017;February;2011;0;0
Myanmar;Bago-West;Thayarwady;MMR;MMR008D002;MMR008;February;2011;0;0
Myanmar;Kayah;Bawlake;MMR;MMR002D002;MMR002;February;2011;0;0
Myanmar;Mandalay;Pyinoolwin;MMR;MMR010D002;MMR010;February;2011;0;0
Myanmar;Mandalay;Yamethin;MMR;MMR010D006;MMR010;February;2011;0;0
Myanmar;Mon;Mawlamyine;MMR;MMR011D001;MMR011;February;2011;0;0
Myanmar;Nay Pyi Taw;Det Khi Na;MMR;MMR018D002;MMR018;February;2011;0;0
Myanmar;Sagaing;Kanbalu;MMR;MMR005D010;MMR005;February;2011;0;0
Myanmar;Shan-North;Lashio;MMR;MMR015D001;MMR015;February;2011;0;0
Myanmar;Shan-South;Danu Self-Administered Zone;MMR;NA;NA;February;2011;0;0
Myanmar;Tanintharyi;Myeik;MMR;MMR006D002;MMR006;February;2011;0;0
Myanmar;Ayeyarwady;Myaungmya;MMR;MMR017D003;MMR017;March;2011;0;0
Myanmar;Chin;Matupi;MMR;MMR004D004;MMR004;March;2011;1;3
Myanmar;Magway;Magway;MMR;MMR009D001;MMR009;March;2011;0;0
Myanmar;Magway;Minbu;MMR;MMR009D002;MMR009;March;2011;0;0
Myanmar;Sagaing;Hkamti;MMR;MMR005D008;MMR005;March;2011;0;0
Myanmar;Sagaing;Katha;MMR;MMR005D004;MMR005;March;2011;0;0
Myanmar;Sagaing;Shwebo;MMR;MMR005D002;MMR005;March;2011;0;0
Myanmar;Sagaing;Tamu;MMR;MMR005D006;MMR005;March;2011;0;0
Myanmar;Shan-North;Kyaukme;MMR;NA;NA;March;2011;3;30
Myanmar;Shan-North;Matman;MMR;MMR015D007;MMR015;March;2011;0;0
Myanmar;Shan-North;Pa Laung Self-Administered Zone;MMR;NA;NA;March;2011;2;0
Myanmar;Yangon;Yangon-East;MMR;MMR013D002;MMR013;March;2011;0;0
Myanmar;Ayeyarwady;Pathein;MMR;MMR017D001;MMR017;March;2011;0;0
Myanmar;Ayeyarwady;Pyapon;MMR;MMR017D006;MMR017;March;2011;0;0
Myanmar;Bago-East;Taungoo;MMR;MMR007D002;MMR007;March;2011;0;0
Myanmar;Kayah;Loikaw;MMR;MMR002D001;MMR002;March;2011;0;0
Myanmar;Kayin;Kawkareik;MMR;MMR003D003;MMR003;March;2011;3;24
Myanmar;Magway;Thayet;MMR;MMR009D003;MMR009;March;2011;0;0
Myanmar;Mandalay;Kyaukse;MMR;MMR010D003;MMR010;March;2011;0;0
Myanmar;Rakhine;Kyaukpyu;MMR;MMR012D003;MMR012;March;2011;0;0
Myanmar;Shan-East;Monghsat;MMR;MMR016D002;MMR016;March;2011;0;0
Myanmar;Shan-South;Pa-O Self-Administered Zone;MMR;NA;NA;March;2011;0;0
Myanmar;Shan-South;Taunggyi;MMR;MMR014D001;MMR014;March;2011;0;0
Myanmar;Tanintharyi;Dawei;MMR;MMR006D001;MMR006;March;2011;0;0
Myanmar;Yangon;Yangon-North;MMR;MMR013D001;MMR013;March;2011;2;0
Myanmar;Bago-West;Pyay;MMR;MMR008D001;MMR008;March;2011;0;0
Myanmar;Chin;Mindat;MMR;MMR004D002;MMR004;March;2011;0;0
Myanmar;Kachin;Bhamo;MMR;MMR001D003;MMR001;March;2011;0;0
Myanmar;Kachin;Myitkyina;MMR;MMR001D001;MMR001;March;2011;0;0
Myanmar;Magway;Gangaw;MMR;MMR009D005;MMR009;March;2011;0;0
Myanmar;Nay Pyi Taw;Oke Ta Ra;MMR;MMR018D001;MMR018;March;2011;0;0
Myanmar;Rakhine;Thandwe;MMR;MMR012D004;MMR012;March;2011;0;0
Myanmar;Shan-East;Kengtung;MMR;MMR016D001;MMR016;March;2011;0;0
Myanmar;Shan-North;Mongmit;MMR;MMR015D008;MMR015;March;2011;0;0
Myanmar;Yangon;Yangon-South;MMR;MMR013D003;MMR013;March;2011;0;0
Myanmar;Ayeyarwady;Labutta;MMR;MMR017D004;MMR017;March;2011;0;0
Myanmar;Ayeyarwady;Maubin;MMR;MMR017D005;MMR017;March;2011;0;0
Myanmar;Magway;Pakokku;MMR;MMR009D004;MMR009;March;2011;0;0
Myanmar;Mandalay;Myingyan;MMR;MMR010D004;MMR010;March;2011;0;0
Myanmar;Rakhine;Maungdaw;MMR;MMR012D002;MMR012;March;2011;3;1
Myanmar;Rakhine;Mrauk-U;MMR;MMR012D005;MMR012;March;2011;0;0
Myanmar;Shan-North;Hopang;MMR;MMR015D006;MMR015;March;2011;0;0
Myanmar;Shan-North;Kokang Self-Administered Zone;MMR;MMR015D221;MMR015;March;2011;0;0
Myanmar;Shan-North;Muse;MMR;MMR015D002;MMR015;March;2011;0;0
Myanmar;Sagaing;Kale;MMR;MMR005D005;MMR005;March;2011;0;0
Myanmar;Sagaing;Sagaing;MMR;MMR005D001;MMR005;March;2011;0;0
Myanmar;Bago-East;Bago;MMR;MMR007D001;MMR007;March;2011;1;1
Myanmar;Chin;Hakha;MMR;MMR004D003;MMR004;March;2011;0;0
Myanmar;Kachin;Mohnyin;MMR;MMR001D002;MMR001;March;2011;0;0
Myanmar;Kachin;Puta-O;MMR;MMR001D004;MMR001;March;2011;0;0
Myanmar;Kayin;Hpa-An;MMR;MMR003D001;MMR003;March;2011;5;120
Myanmar;Kayin;Myawaddy;MMR;MMR003D002;MMR003;March;2011;0;0
Myanmar;Mandalay;Mandalay;MMR;MMR010D001;MMR010;March;2011;0;0
Myanmar;Mandalay;Meiktila;MMR;MMR010D007;MMR010;March;2011;1;0
Myanmar;Sagaing;Kawlin;MMR;MMR005D011;MMR005;March;2011;0;0
Myanmar;Sagaing;Naga Self-Administered Zone;MMR;NA;NA;March;2011;0;0
Myanmar;Shan-South;Langkho;MMR;MMR014D003;MMR014;March;2011;0;0
Myanmar;Shan-South;Loilen;MMR;MMR014D002;MMR014;March;2011;9;12
Myanmar;Chin;Falam;MMR;MMR004D001;MMR004;March;2011;0;0
Myanmar;Kayin;Hpapun;MMR;MMR003D004;MMR003;March;2011;0;0
Myanmar;Mandalay;Nyaung-U;MMR;MMR010D005;MMR010;March;2011;0;0
Myanmar;Mon;Thaton;MMR;MMR011D002;MMR011;March;2011;0;0
Myanmar;Rakhine;Sittwe;MMR;MMR012D001;MMR012;March;2011;0;0
Myanmar;Sagaing;Mawlaik;MMR;MMR005D007;MMR005;March;2011;0;0
Myanmar;Sagaing;Monywa;MMR;MMR005D003;MMR005;March;2011;0;0
Myanmar;Sagaing;Yinmarbin;MMR;MMR005D009;MMR005;March;2011;0;0
Myanmar;Shan-East;Tachileik;MMR;MMR016D003;MMR016;March;2011;0;0
Myanmar;Tanintharyi;Kawthoung;MMR;MMR006D003;MMR006;March;2011;0;0
Myanmar;Yangon;Yangon-West;MMR;MMR013D004;MMR013;March;2011;0;0
Myanmar;Ayeyarwady;Hinthada;MMR;MMR017D002;MMR017;March;2011;0;0
Myanmar;Bago-West;Thayarwady;MMR;MMR008D002;MMR008;March;2011;0;0
Myanmar;Kayah;Bawlake;MMR;MMR002D002;MMR002;March;2011;0;0
Myanmar;Mandalay;Pyinoolwin;MMR;MMR010D002;MMR010;March;2011;0;0
Myanmar;Mandalay;Yamethin;MMR;MMR010D006;MMR010;March;2011;0;0
Myanmar;Mon;Mawlamyine;MMR;MMR011D001;MMR011;March;2011;0;0
Myanmar;Nay Pyi Taw;Det Khi Na;MMR;MMR018D002;MMR018;March;2011;0;0
Myanmar;Sagaing;Kanbalu;MMR;MMR005D010;MMR005;March;2011;0;0
Myanmar;Shan-North;Lashio;MMR;MMR015D001;MMR015;March;2011;3;1
Myanmar;Shan-South;Danu Self-Administered Zone;MMR;NA;NA;March;2011;0;0
Myanmar;Tanintharyi;Myeik;MMR;MMR006D002;MMR006;March;2011;0;0
Myanmar;Ayeyarwady;Myaungmya;MMR;MMR017D003;MMR017;April;2011;0;0
Myanmar;Chin;Matupi;MMR;MMR004D004;MMR004;April;2011;0;0
Myanmar;Magway;Magway;MMR;MMR009D001;MMR009;April;2011;0;0
Myanmar;Magway;Minbu;MMR;MMR009D002;MMR009;April;2011;0;0
Myanmar;Sagaing;Hkamti;MMR;MMR005D008;MMR005;April;2011;0;0
Myanmar;Sagaing;Katha;MMR;MMR005D004;MMR005;April;2011;0;0
Myanmar;Sagaing;Shwebo;MMR;MMR005D002;MMR005;April;2011;0;0
Myanmar;Sagaing;Tamu;MMR;MMR005D006;MMR005;April;2011;0;0
Myanmar;Shan-North;Kyaukme;MMR;NA;NA;April;2011;4;0
Myanmar;Shan-North;Matman;MMR;MMR015D007;MMR015;April;2011;0;0
Myanmar;Shan-North;Pa Laung Self-Administered Zone;MMR;NA;NA;April;2011;0;0
Myanmar;Yangon;Yangon-East;MMR;MMR013D002;MMR013;April;2011;0;0
Myanmar;Ayeyarwady;Pathein;MMR;MMR017D001;MMR017;April;2011;0;0
Myanmar;Ayeyarwady;Pyapon;MMR;MMR017D006;MMR017;April;2011;0;0
Myanmar;Bago-East;Taungoo;MMR;MMR007D002;MMR007;April;2011;0;0
Myanmar;Kayah;Loikaw;MMR;MMR002D001;MMR002;April;2011;0;0
Myanmar;Kayin;Kawkareik;MMR;MMR003D003;MMR003;April;2011;4;33
Myanmar;Magway;Thayet;MMR;MMR009D003;MMR009;April;2011;0;0
Myanmar;Mandalay;Kyaukse;MMR;MMR010D003;MMR010;April;2011;0;0
Myanmar;Rakhine;Kyaukpyu;MMR;MMR012D003;MMR012;April;2011;0;0
Myanmar;Shan-East;Monghsat;MMR;MMR016D002;MMR016;April;2011;0;0
Myanmar;Shan-South;Pa-O Self-Administered Zone;MMR;NA;NA;April;2011;0;0
Myanmar;Shan-South;Taunggyi;MMR;MMR014D001;MMR014;April;2011;0;0
Myanmar;Tanintharyi;Dawei;MMR;MMR006D001;MMR006;April;2011;0;0
Myanmar;Yangon;Yangon-North;MMR;MMR013D001;MMR013;April;2011;0;0
Myanmar;Bago-West;Pyay;MMR;MMR008D001;MMR008;April;2011;0;0
Myanmar;Chin;Mindat;MMR;MMR004D002;MMR004;April;2011;0;0
Myanmar;Kachin;Bhamo;MMR;MMR001D003;MMR001;April;2011;0;0
Myanmar;Kachin;Myitkyina;MMR;MMR001D001;MMR001;April;2011;1;0
Myanmar;Magway;Gangaw;MMR;MMR009D005;MMR009;April;2011;0;0
Myanmar;Nay Pyi Taw;Oke Ta Ra;MMR;MMR018D001;MMR018;April;2011;0;0
Myanmar;Rakhine;Thandwe;MMR;MMR012D004;MMR012;April;2011;0;0
Myanmar;Shan-East;Kengtung;MMR;MMR016D001;MMR016;April;2011;0;0
Myanmar;Shan-North;Mongmit;MMR;MMR015D008;MMR015;April;2011;1;0
Myanmar;Yangon;Yangon-South;MMR;MMR013D003;MMR013;April;2011;0;0
Myanmar;Ayeyarwady;Labutta;MMR;MMR017D004;MMR017;April;2011;0;0
Myanmar;Ayeyarwady;Maubin;MMR;MMR017D005;MMR017;April;2011;0;0
Myanmar;Magway;Pakokku;MMR;MMR009D004;MMR009;April;2011;0;0
Myanmar;Mandalay;Myingyan;MMR;MMR010D004;MMR010;April;2011;0;0
Myanmar;Rakhine;Maungdaw;MMR;MMR012D002;MMR012;April;2011;1;0
Myanmar;Rakhine;Mrauk-U;MMR;MMR012D005;MMR012;April;2011;0;0
Myanmar;Shan-North;Hopang;MMR;MMR015D006;MMR015;April;2011;0;0
Myanmar;Shan-North;Kokang Self-Administered Zone;MMR;MMR015D221;MMR015;April;2011;0;0
Myanmar;Shan-North;Muse;MMR;MMR015D002;MMR015;April;2011;0;0
Myanmar;Sagaing;Kale;MMR;MMR005D005;MMR005;April;2011;0;0
Myanmar;Sagaing;Sagaing;MMR;MMR005D001;MMR005;April;2011;0;0
Myanmar;Bago-East;Bago;MMR;MMR007D001;MMR007;April;2011;0;0
Myanmar;Chin;Hakha;MMR;MMR004D003;MMR004;April;2011;0;0
Myanmar;Kachin;Mohnyin;MMR;MMR001D002;MMR001;April;2011;0;0
Myanmar;Kachin;Puta-O;MMR;MMR001D004;MMR001;April;2011;0;0
Myanmar;Kayin;Hpa-An;MMR;MMR003D001;MMR003;April;2011;3;119
Myanmar;Kayin;Myawaddy;MMR;MMR003D002;MMR003;April;2011;0;0
Myanmar;Mandalay;Mandalay;MMR;MMR010D001;MMR010;April;2011;0;0
Myanmar;Mandalay;Meiktila;MMR;MMR010D007;MMR010;April;2011;0;0
Myanmar;Sagaing;Kawlin;MMR;MMR005D011;MMR005;April;2011;0;0
Myanmar;Sagaing;Naga Self-Administered Zone;MMR;NA;NA;April;2011;0;0
Myanmar;Shan-South;Langkho;MMR;MMR014D003;MMR014;April;2011;0;0
Myanmar;Shan-South;Loilen;MMR;MMR014D002;MMR014;April;2011;4;5
Myanmar;Chin;Falam;MMR;MMR004D001;MMR004;April;2011;0;0
Myanmar;Kayin;Hpapun;MMR;MMR003D004;MMR003;April;2011;2;0
Myanmar;Mandalay;Nyaung-U;MMR;MMR010D005;MMR010;April;2011;0;0
Myanmar;Mon;Thaton;MMR;MMR011D002;MMR011;April;2011;0;0
Myanmar;Rakhine;Sittwe;MMR;MMR012D001;MMR012;April;2011;0;0
Myanmar;Sagaing;Mawlaik;MMR;MMR005D007;MMR005;April;2011;0;0
Myanmar;Sagaing;Monywa;MMR;MMR005D003;MMR005;April;2011;0;0
Myanmar;Sagaing;Yinmarbin;MMR;MMR005D009;MMR005;April;2011;0;0
Myanmar;Shan-East;Tachileik;MMR;MMR016D003;MMR016;April;2011;4;0
Myanmar;Tanintharyi;Kawthoung;MMR;MMR006D003;MMR006;April;2011;0;0
Myanmar;Yangon;Yangon-West;MMR;MMR013D004;MMR013;April;2011;0;0
Myanmar;Ayeyarwady;Hinthada;MMR;MMR017D002;MMR017;April;2011;0;0
Myanmar;Bago-West;Thayarwady;MMR;MMR008D002;MMR008;April;2011;0;0
Myanmar;Kayah;Bawlake;MMR;MMR002D002;MMR002;April;2011;0;0
Myanmar;Mandalay;Pyinoolwin;MMR;MMR010D002;MMR010;April;2011;0;0
Myanmar;Mandalay;Yamethin;MMR;MMR010D006;MMR010;April;2011;0;0
Myanmar;Mon;Mawlamyine;MMR;MMR011D001;MMR011;April;2011;0;0
Myanmar;Nay Pyi Taw;Det Khi Na;MMR;MMR018D002;MMR018;April;2011;0;0
Myanmar;Sagaing;Kanbalu;MMR;MMR005D010;MMR005;April;2011;0;0
Myanmar;Shan-North;Lashio;MMR;MMR015D001;MMR015;April;2011;6;26
Myanmar;Shan-South;Danu Self-Administered Zone;MMR;NA;NA;April;2011;0;0
Myanmar;Tanintharyi;Myeik;MMR;MMR006D002;MMR006;April;2011;0;0
Myanmar;Ayeyarwady;Myaungmya;MMR;MMR017D003;MMR017;May;2011;0;0
Myanmar;Chin;Matupi;MMR;MMR004D004;MMR004;May;2011;0;0
Myanmar;Magway;Magway;MMR;MMR009D001;MMR009;May;2011;0;0
Myanmar;Magway;Minbu;MMR;MMR009D002;MMR009;May;2011;0;0
Myanmar;Sagaing;Hkamti;MMR;MMR005D008;MMR005;May;2011;0;0
Myanmar;Sagaing;Katha;MMR;MMR005D004;MMR005;May;2011;0;0
Myanmar;Sagaing;Shwebo;MMR;MMR005D002;MMR005;May;2011;0;0
Myanmar;Sagaing;Tamu;MMR;MMR005D006;MMR005;May;2011;0;0
Myanmar;Shan-North;Kyaukme;MMR;NA;NA;May;2011;0;0
Myanmar;Shan-North;Matman;MMR;MMR015D007;MMR015;May;2011;0;0
Myanmar;Shan-North;Pa Laung Self-Administered Zone;MMR;NA;NA;May;2011;0;0
Myanmar;Yangon;Yangon-East;MMR;MMR013D002;MMR013;May;2011;0;0
Myanmar;Ayeyarwady;Pathein;MMR;MMR017D001;MMR017;May;2011;0;0
Myanmar;Ayeyarwady;Pyapon;MMR;MMR017D006;MMR017;May;2011;0;0
Myanmar;Bago-East;Taungoo;MMR;MMR007D002;MMR007;May;2011;0;0
Myanmar;Kayah;Loikaw;MMR;MMR002D001;MMR002;May;2011;1;1
Myanmar;Kayin;Kawkareik;MMR;MMR003D003;MMR003;May;2011;4;0
Myanmar;Magway;Thayet;MMR;MMR009D003;MMR009;May;2011;0;0
Myanmar;Mandalay;Kyaukse;MMR;MMR010D003;MMR010;May;2011;0;0
Myanmar;Rakhine;Kyaukpyu;MMR;MMR012D003;MMR012;May;2011;0;0
Myanmar;Shan-East;Monghsat;MMR;MMR016D002;MMR016;May;2011;1;0
Myanmar;Shan-South;Pa-O Self-Administered Zone;MMR;NA;NA;May;2011;0;0
Myanmar;Shan-South;Taunggyi;MMR;MMR014D001;MMR014;May;2011;0;0
Myanmar;Tanintharyi;Dawei;MMR;MMR006D001;MMR006;May;2011;0;0
Myanmar;Yangon;Yangon-North;MMR;MMR013D001;MMR013;May;2011;0;0
Myanmar;Bago-West;Pyay;MMR;MMR008D001;MMR008;May;2011;0;0
Myanmar;Chin;Mindat;MMR;MMR004D002;MMR004;May;2011;0;0
Myanmar;Kachin;Bhamo;MMR;MMR001D003;MMR001;May;2011;2;0
Myanmar;Kachin;Myitkyina;MMR;MMR001D001;MMR001;May;2011;2;4
Myanmar;Magway;Gangaw;MMR;MMR009D005;MMR009;May;2011;0;0
Myanmar;Nay Pyi Taw;Oke Ta Ra;MMR;MMR018D001;MMR018;May;2011;0;0
Myanmar;Rakhine;Thandwe;MMR;MMR012D004;MMR012;May;2011;0;0
Myanmar;Shan-East;Kengtung;MMR;MMR016D001;MMR016;May;2011;0;0
Myanmar;Shan-North;Mongmit;MMR;MMR015D008;MMR015;May;2011;0;0
Myanmar;Yangon;Yangon-South;MMR;MMR013D003;MMR013;May;2011;0;0
Myanmar;Ayeyarwady;Labutta;MMR;MMR017D004;MMR017;May;2011;0;0
Myanmar;Ayeyarwady;Maubin;MMR;MMR017D005;MMR017;May;2011;0;0
Myanmar;Magway;Pakokku;MMR;MMR009D004;MMR009;May;2011;0;0
Myanmar;Mandalay;Myingyan;MMR;MMR010D004;MMR010;May;2011;0;0
Myanmar;Rakhine;Maungdaw;MMR;MMR012D002;MMR012;May;2011;0;0
Myanmar;Rakhine;Mrauk-U;MMR;MMR012D005;MMR012;May;2011;0;0
Myanmar;Shan-North;Hopang;MMR;MMR015D006;MMR015;May;2011;0;0
Myanmar;Shan-North;Kokang Self-Administered Zone;MMR;MMR015D221;MMR015;May;2011;0;0
Myanmar;Shan-North;Muse;MMR;MMR015D002;MMR015;May;2011;0;0
Myanmar;Sagaing;Kale;MMR;MMR005D005;MMR005;May;2011;0;0
Myanmar;Sagaing;Sagaing;MMR;MMR005D001;MMR005;May;2011;0;0
Myanmar;Bago-East;Bago;MMR;MMR007D001;MMR007;May;2011;0;0
Myanmar;Chin;Hakha;MMR;MMR004D003;MMR004;May;2011;0;0
Myanmar;Kachin;Mohnyin;MMR;MMR001D002;MMR001;May;2011;2;0
Myanmar;Kachin;Puta-O;MMR;MMR001D004;MMR001;May;2011;0;0
Myanmar;Kayin;Hpa-An;MMR;MMR003D001;MMR003;May;2011;0;0
Myanmar;Kayin;Myawaddy;MMR;MMR003D002;MMR003;May;2011;1;7
Myanmar;Mandalay;Mandalay;MMR;MMR010D001;MMR010;May;2011;0;0
Myanmar;Mandalay;Meiktila;MMR;MMR010D007;MMR010;May;2011;0;0
Myanmar;Sagaing;Kawlin;MMR;MMR005D011;MMR005;May;2011;0;0
Myanmar;Sagaing;Naga Self-Administered Zone;MMR;NA;NA;May;2011;0;0
Myanmar;Shan-South;Langkho;MMR;MMR014D003;MMR014;May;2011;0;0
Myanmar;Shan-South;Loilen;MMR;MMR014D002;MMR014;May;2011;1;13
Myanmar;Chin;Falam;MMR;MMR004D001;MMR004;May;2011;0;0
Myanmar;Kayin;Hpapun;MMR;MMR003D004;MMR003;May;2011;1;0
Myanmar;Mandalay;Nyaung-U;MMR;MMR010D005;MMR010;May;2011;0;0
Myanmar;Mon;Thaton;MMR;MMR011D002;MMR011;May;2011;0;0
Myanmar;Rakhine;Sittwe;MMR;MMR012D001;MMR012;May;2011;0;0
Myanmar;Sagaing;Mawlaik;MMR;MMR005D007;MMR005;May;2011;0;0
Myanmar;Sagaing;Monywa;MMR;MMR005D003;MMR005;May;2011;0;0
Myanmar;Sagaing;Yinmarbin;MMR;MMR005D009;MMR005;May;2011;0;0
Myanmar;Shan-East;Tachileik;MMR;MMR016D003;MMR016;May;2011;0;0
Myanmar;Tanintharyi;Kawthoung;MMR;MMR006D003;MMR006;May;2011;0;0
Myanmar;Yangon;Yangon-West;MMR;MMR013D004;MMR013;May;2011;0;0
Myanmar;Ayeyarwady;Hinthada;MMR;MMR017D002;MMR017;May;2011;0;0
Myanmar;Bago-West;Thayarwady;MMR;MMR008D002;MMR008;May;2011;1;0
Myanmar;Kayah;Bawlake;MMR;MMR002D002;MMR002;May;2011;0;0
Myanmar;Mandalay;Pyinoolwin;MMR;MMR010D002;MMR010;May;2011;0;0
Myanmar;Mandalay;Yamethin;MMR;MMR010D006;MMR010;May;2011;0;0
Myanmar;Mon;Mawlamyine;MMR;MMR011D001;MMR011;May;2011;1;1
Myanmar;Nay Pyi Taw;Det Khi Na;MMR;MMR018D002;MMR018;May;2011;0;0
Myanmar;Sagaing;Kanbalu;MMR;MMR005D010;MMR005;May;2011;0;0
Myanmar;Shan-North;Lashio;MMR;MMR015D001;MMR015;May;2011;2;0
Myanmar;Shan-South;Danu Self-Administered Zone;MMR;NA;NA;May;2011;0;0
Myanmar;Tanintharyi;Myeik;MMR;MMR006D002;MMR006;May;2011;0;0
Myanmar;Ayeyarwady;Myaungmya;MMR;MMR017D003;MMR017;June;2011;0;0
Myanmar;Chin;Matupi;MMR;MMR004D004;MMR004;June;2011;0;0
Myanmar;Magway;Magway;MMR;MMR009D001;MMR009;June;2011;0;0
Myanmar;Magway;Minbu;MMR;MMR009D002;MMR009;June;2011;0;0
Myanmar;Sagaing;Hkamti;MMR;MMR005D008;MMR005;June;2011;0;0
Myanmar;Sagaing;Katha;MMR;MMR005D004;MMR005;June;2011;0;0
Myanmar;Sagaing;Shwebo;MMR;MMR005D002;MMR005;June;2011;0;0
Myanmar;Sagaing;Tamu;MMR;MMR005D006;MMR005;June;2011;0;0
Myanmar;Shan-North;Kyaukme;MMR;NA;NA;June;2011;3;7
Myanmar;Shan-North;Matman;MMR;MMR015D007;MMR015;June;2011;0;0
Myanmar;Shan-North;Pa Laung Self-Administered Zone;MMR;NA;NA;June;2011;0;0
Myanmar;Yangon;Yangon-East;MMR;MMR013D002;MMR013;June;2011;0;0
Myanmar;Ayeyarwady;Pathein;MMR;MMR017D001;MMR017;June;2011;0;0
Myanmar;Ayeyarwady;Pyapon;MMR;MMR017D006;MMR017;June;2011;0;0
Myanmar;Bago-East;Taungoo;MMR;MMR007D002;MMR007;June;2011;2;0
Myanmar;Kayah;Loikaw;MMR;MMR002D001;MMR002;June;2011;0;0
Myanmar;Kayin;Kawkareik;MMR;MMR003D003;MMR003;June;2011;6;4
Myanmar;Magway;Thayet;MMR;MMR009D003;MMR009;June;2011;0;0
Myanmar;Mandalay;Kyaukse;MMR;MMR010D003;MMR010;June;2011;0;0
Myanmar;Rakhine;Kyaukpyu;MMR;MMR012D003;MMR012;June;2011;0;0
Myanmar;Shan-East;Monghsat;MMR;MMR016D002;MMR016;June;2011;0;0
Myanmar;Shan-South;Pa-O Self-Administered Zone;MMR;NA;NA;June;2011;0;0
Myanmar;Shan-South;Taunggyi;MMR;MMR014D001;MMR014;June;2011;0;0
Myanmar;Tanintharyi;Dawei;MMR;MMR006D001;MMR006;June;2011;0;0
Myanmar;Yangon;Yangon-North;MMR;MMR013D001;MMR013;June;2011;0;0
Myanmar;Bago-West;Pyay;MMR;MMR008D001;MMR008;June;2011;0;0
Myanmar;Chin;Mindat;MMR;MMR004D002;MMR004;June;2011;0;0
Myanmar;Kachin;Bhamo;MMR;MMR001D003;MMR001;June;2011;18;29
Myanmar;Kachin;Myitkyina;MMR;MMR001D001;MMR001;June;2011;9;0
Myanmar;Magway;Gangaw;MMR;MMR009D005;MMR009;June;2011;0;0
Myanmar;Nay Pyi Taw;Oke Ta Ra;MMR;MMR018D001;MMR018;June;2011;0;0
Myanmar;Rakhine;Thandwe;MMR;MMR012D004;MMR012;June;2011;0;0
Myanmar;Shan-East;Kengtung;MMR;MMR016D001;MMR016;June;2011;1;3
Myanmar;Shan-North;Mongmit;MMR;MMR015D008;MMR015;June;2011;0;0
Myanmar;Yangon;Yangon-South;MMR;MMR013D003;MMR013;June;2011;0;0
Myanmar;Ayeyarwady;Labutta;MMR;MMR017D004;MMR017;June;2011;0;0
Myanmar;Ayeyarwady;Maubin;MMR;MMR017D005;MMR017;June;2011;0;0
Myanmar;Magway;Pakokku;MMR;MMR009D004;MMR009;June;2011;0;0
Myanmar;Mandalay;Myingyan;MMR;MMR010D004;MMR010;June;2011;0;0
Myanmar;Rakhine;Maungdaw;MMR;MMR012D002;MMR012;June;2011;0;0
Myanmar;Rakhine;Mrauk-U;MMR;MMR012D005;MMR012;June;2011;0;0
Myanmar;Shan-North;Hopang;MMR;MMR015D006;MMR015;June;2011;0;0
Myanmar;Shan-North;Kokang Self-Administered Zone;MMR;MMR015D221;MMR015;June;2011;0;0
Myanmar;Shan-North;Muse;MMR;MMR015D002;MMR015;June;2011;8;0
Myanmar;Sagaing;Kale;MMR;MMR005D005;MMR005;June;2011;0;0
Myanmar;Sagaing;Sagaing;MMR;MMR005D001;MMR005;June;2011;0;0
Myanmar;Bago-East;Bago;MMR;MMR007D001;MMR007;June;2011;0;0
Myanmar;Chin;Hakha;MMR;MMR004D003;MMR004;June;2011;0;0
Myanmar;Kachin;Mohnyin;MMR;MMR001D002;MMR001;June;2011;6;28
Myanmar;Kachin;Puta-O;MMR;MMR001D004;MMR001;June;2011;2;1
Myanmar;Kayin;Hpa-An;MMR;MMR003D001;MMR003;June;2011;1;0
Myanmar;Kayin;Myawaddy;MMR;MMR003D002;MMR003;June;2011;0;0
Myanmar;Mandalay;Mandalay;MMR;MMR010D001;MMR010;June;2011;2;0
Myanmar;Mandalay;Meiktila;MMR;MMR010D007;MMR010;June;2011;0;0
Myanmar;Sagaing;Kawlin;MMR;MMR005D011;MMR005;June;2011;0;0
Myanmar;Sagaing;Naga Self-Administered Zone;MMR;NA;NA;June;2011;0;0
Myanmar;Shan-South;Langkho;MMR;MMR014D003;MMR014;June;2011;0;0
Myanmar;Shan-South;Loilen;MMR;MMR014D002;MMR014;June;2011;4;6
Myanmar;Chin;Falam;MMR;MMR004D001;MMR004;June;2011;0;0
Myanmar;Kayin;Hpapun;MMR;MMR003D004;MMR003;June;2011;1;0
Myanmar;Mandalay;Nyaung-U;MMR;MMR010D005;MMR010;June;2011;0;0
Myanmar;Mon;Thaton;MMR;MMR011D002;MMR011;June;2011;0;0
Myanmar;Rakhine;Sittwe;MMR;MMR012D001;MMR012;June;2011;0;0
Myanmar;Sagaing;Mawlaik;MMR;MMR005D007;MMR005;June;2011;0;0
Myanmar;Sagaing;Monywa;MMR;MMR005D003;MMR005;June;2011;0;0
Myanmar;Sagaing;Yinmarbin;MMR;MMR005D009;MMR005;June;2011;0;0
Myanmar;Shan-East;Tachileik;MMR;MMR016D003;MMR016;June;2011;0;0
Myanmar;Tanintharyi;Kawthoung;MMR;MMR006D003;MMR006;June;2011;0;0
Myanmar;Yangon;Yangon-West;MMR;MMR013D004;MMR013;June;2011;0;0
Myanmar;Ayeyarwady;Hinthada;MMR;MMR017D002;MMR017;June;2011;0;0
Myanmar;Bago-West;Thayarwady;MMR;MMR008D002;MMR008;June;2011;0;0
Myanmar;Kayah;Bawlake;MMR;MMR002D002;MMR002;June;2011;0;0
Myanmar;Mandalay;Pyinoolwin;MMR;MMR010D002;MMR010;June;2011;1;0
Myanmar;Mandalay;Yamethin;MMR;MMR010D006;MMR010;June;2011;0;0
Myanmar;Mon;Mawlamyine;MMR;MMR011D001;MMR011;June;2011;1;0
Myanmar;Nay Pyi Taw;Det Khi Na;MMR;MMR018D002;MMR018;June;2011;1;0
Myanmar;Sagaing;Kanbalu;MMR;MMR005D010;MMR005;June;2011;0;0
Myanmar;Shan-North;Lashio;MMR;MMR015D001;MMR015;June;2011;2;0
Myanmar;Shan-South;Danu Self-Administered Zone;MMR;NA;NA;June;2011;0;0
Myanmar;Tanintharyi;Myeik;MMR;MMR006D002;MMR006;June;2011;0;0
Myanmar;Ayeyarwady;Myaungmya;MMR;MMR017D003;MMR017;July;2011;0;0
Myanmar;Chin;Matupi;MMR;MMR004D004;MMR004;July;2011;0;0
Myanmar;Magway;Magway;MMR;MMR009D001;MMR009;July;2011;0;0
Myanmar;Magway;Minbu;MMR;MMR009D002;MMR009;July;2011;0;0
Myanmar;Sagaing;Hkamti;MMR;MMR005D008;MMR005;July;2011;0;0
Myanmar;Sagaing;Katha;MMR;MMR005D004;MMR005;July;2011;0;0
Myanmar;Sagaing;Shwebo;MMR;MMR005D002;MMR005;July;2011;0;0
Myanmar;Sagaing;Tamu;MMR;MMR005D006;MMR005;July;2011;0;0
Myanmar;Shan-North;Kyaukme;MMR;NA;NA;July;2011;6;5
Myanmar;Shan-North;Matman;MMR;MMR015D007;MMR015;July;2011;0;0
Myanmar;Shan-North;Pa Laung Self-Administered Zone;MMR;NA;NA;July;2011;0;0
Myanmar;Yangon;Yangon-East;MMR;MMR013D002;MMR013;July;2011;0;0
Myanmar;Ayeyarwady;Pathein;MMR;MMR017D001;MMR017;July;2011;0;0
Myanmar;Ayeyarwady;Pyapon;MMR;MMR017D006;MMR017;July;2011;0;0
Myanmar;Bago-East;Taungoo;MMR;MMR007D002;MMR007;July;2011;0;0
Myanmar;Kayah;Loikaw;MMR;MMR002D001;MMR002;July;2011;0;0
Myanmar;Kayin;Kawkareik;MMR;MMR003D003;MMR003;July;2011;0;0
Myanmar;Magway;Thayet;MMR;MMR009D003;MMR009;July;2011;0;0
Myanmar;Mandalay;Kyaukse;MMR;MMR010D003;MMR010;July;2011;0;0
Myanmar;Rakhine;Kyaukpyu;MMR;MMR012D003;MMR012;July;2011;0;0
Myanmar;Shan-East;Monghsat;MMR;MMR016D002;MMR016;July;2011;0;0
Myanmar;Shan-South;Pa-O Self-Administered Zone;MMR;NA;NA;July;2011;0;0
Myanmar;Shan-South;Taunggyi;MMR;MMR014D001;MMR014;July;2011;1;6
Myanmar;Tanintharyi;Dawei;MMR;MMR006D001;MMR006;July;2011;0;0
Myanmar;Yangon;Yangon-North;MMR;MMR013D001;MMR013;July;2011;0;0
Myanmar;Bago-West;Pyay;MMR;MMR008D001;MMR008;July;2011;0;0
Myanmar;Chin;Mindat;MMR;MMR004D002;MMR004;July;2011;0;0
Myanmar;Kachin;Bhamo;MMR;MMR001D003;MMR001;July;2011;9;43
Myanmar;Kachin;Myitkyina;MMR;MMR001D001;MMR001;July;2011;10;35
Myanmar;Magway;Gangaw;MMR;MMR009D005;MMR009;July;2011;0;0
Myanmar;Nay Pyi Taw;Oke Ta Ra;MMR;MMR018D001;MMR018;July;2011;0;0
Myanmar;Rakhine;Thandwe;MMR;MMR012D004;MMR012;July;2011;0;0
Myanmar;Shan-East;Kengtung;MMR;MMR016D001;MMR016;July;2011;0;0
Myanmar;Shan-North;Mongmit;MMR;MMR015D008;MMR015;July;2011;0;0
Myanmar;Yangon;Yangon-South;MMR;MMR013D003;MMR013;July;2011;0;0
Myanmar;Ayeyarwady;Labutta;MMR;MMR017D004;MMR017;July;2011;0;0
Myanmar;Ayeyarwady;Maubin;MMR;MMR017D005;MMR017;July;2011;0;0
Myanmar;Magway;Pakokku;MMR;MMR009D004;MMR009;July;2011;0;0
Myanmar;Mandalay;Myingyan;MMR;MMR010D004;MMR010;July;2011;0;0
Myanmar;Rakhine;Maungdaw;MMR;MMR012D002;MMR012;July;2011;0;0
Myanmar;Rakhine;Mrauk-U;MMR;MMR012D005;MMR012;July;2011;0;0
Myanmar;Shan-North;Hopang;MMR;MMR015D006;MMR015;July;2011;0;0
Myanmar;Shan-North;Kokang Self-Administered Zone;MMR;MMR015D221;MMR015;July;2011;0;0
Myanmar;Shan-North;Muse;MMR;MMR015D002;MMR015;July;2011;1;10
Myanmar;Sagaing;Kale;MMR;MMR005D005;MMR005;July;2011;0;0
Myanmar;Sagaing;Sagaing;MMR;MMR005D001;MMR005;July;2011;0;0
Myanmar;Bago-East;Bago;MMR;MMR007D001;MMR007;July;2011;0;0
Myanmar;Chin;Hakha;MMR;MMR004D003;MMR004;July;2011;0;0
Myanmar;Kachin;Mohnyin;MMR;MMR001D002;MMR001;July;2011;4;25
Myanmar;Kachin;Puta-O;MMR;MMR001D004;MMR001;July;2011;0;0
Myanmar;Kayin;Hpa-An;MMR;MMR003D001;MMR003;July;2011;1;4
Myanmar;Kayin;Myawaddy;MMR;MMR003D002;MMR003;July;2011;3;0
Myanmar;Mandalay;Mandalay;MMR;MMR010D001;MMR010;July;2011;0;0
Myanmar;Mandalay;Meiktila;MMR;MMR010D007;MMR010;July;2011;0;0
Myanmar;Sagaing;Kawlin;MMR;MMR005D011;MMR005;July;2011;0;0
Myanmar;Sagaing;Naga Self-Administered Zone;MMR;NA;NA;July;2011;0;0
Myanmar;Shan-South;Langkho;MMR;MMR014D003;MMR014;July;2011;0;0
Myanmar;Shan-South;Loilen;MMR;MMR014D002;MMR014;July;2011;11;2
Myanmar;Chin;Falam;MMR;MMR004D001;MMR004;July;2011;0;0
Myanmar;Kayin;Hpapun;MMR;MMR003D004;MMR003;July;2011;0;0
Myanmar;Mandalay;Nyaung-U;MMR;MMR010D005;MMR010;July;2011;0;0
Myanmar;Mon;Thaton;MMR;MMR011D002;MMR011;July;2011;0;0
Myanmar;Rakhine;Sittwe;MMR;MMR012D001;MMR012;July;2011;0;0
Myanmar;Sagaing;Mawlaik;MMR;MMR005D007;MMR005;July;2011;0;0
Myanmar;Sagaing;Monywa;MMR;MMR005D003;MMR005;July;2011;0;0
Myanmar;Sagaing;Yinmarbin;MMR;MMR005D009;MMR005;July;2011;0;0
Myanmar;Shan-East;Tachileik;MMR;MMR016D003;MMR016;July;2011;0;0
Myanmar;Tanintharyi;Kawthoung;MMR;MMR006D003;MMR006;July;2011;0;0
Myanmar;Yangon;Yangon-West;MMR;MMR013D004;MMR013;July;2011;0;0
Myanmar;Ayeyarwady;Hinthada;MMR;MMR017D002;MMR017;July;2011;0;0
Myanmar;Bago-West;Thayarwady;MMR;MMR008D002;MMR008;July;2011;0;0
Myanmar;Kayah;Bawlake;MMR;MMR002D002;MMR002;July;2011;0;0
Myanmar;Mandalay;Pyinoolwin;MMR;MMR010D002;MMR010;July;2011;0;0
Myanmar;Mandalay;Yamethin;MMR;MMR010D006;MMR010;July;2011;0;0
Myanmar;Mon;Mawlamyine;MMR;MMR011D001;MMR011;July;2011;0;0
Myanmar;Nay Pyi Taw;Det Khi Na;MMR;MMR018D002;MMR018;July;2011;0;0
Myanmar;Sagaing;Kanbalu;MMR;MMR005D010;MMR005;July;2011;0;0
Myanmar;Shan-North;Lashio;MMR;MMR015D001;MMR015;July;2011;1;0
Myanmar;Shan-South;Danu Self-Administered Zone;MMR;NA;NA;July;2011;0;0
Myanmar;Tanintharyi;Myeik;MMR;MMR006D002;MMR006;July;2011;0;0
Myanmar;Ayeyarwady;Myaungmya;MMR;MMR017D003;MMR017;August;2011;0;0
Myanmar;Chin;Matupi;MMR;MMR004D004;MMR004;August;2011;0;0
Myanmar;Magway;Magway;MMR;MMR009D001;MMR009;August;2011;0;0
Myanmar;Magway;Minbu;MMR;MMR009D002;MMR009;August;2011;0;0
Myanmar;Sagaing;Hkamti;MMR;MMR005D008;MMR005;August;2011;0;0
Myanmar;Sagaing;Katha;MMR;MMR005D004;MMR005;August;2011;0;0
Myanmar;Sagaing;Shwebo;MMR;MMR005D002;MMR005;August;2011;0;0
Myanmar;Sagaing;Tamu;MMR;MMR005D006;MMR005;August;2011;0;0
Myanmar;Shan-North;Kyaukme;MMR;NA;NA;August;2011;2;22
Myanmar;Shan-North;Matman;MMR;MMR015D007;MMR015;August;2011;0;0
Myanmar;Shan-North;Pa Laung Self-Administered Zone;MMR;NA;NA;August;2011;1;1
Myanmar;Yangon;Yangon-East;MMR;MMR013D002;MMR013;August;2011;0;0
Myanmar;Ayeyarwady;Pathein;MMR;MMR017D001;MMR017;August;2011;0;0
Myanmar;Ayeyarwady;Pyapon;MMR;MMR017D006;MMR017;August;2011;1;1
Myanmar;Bago-East;Taungoo;MMR;MMR007D002;MMR007;August;2011;1;2
Myanmar;Kayah;Loikaw;MMR;MMR002D001;MMR002;August;2011;0;0
Myanmar;Kayin;Kawkareik;MMR;MMR003D003;MMR003;August;2011;0;0
Myanmar;Magway;Thayet;MMR;MMR009D003;MMR009;August;2011;0;0
Myanmar;Mandalay;Kyaukse;MMR;MMR010D003;MMR010;August;2011;0;0
Myanmar;Rakhine;Kyaukpyu;MMR;MMR012D003;MMR012;August;2011;0;0
Myanmar;Shan-East;Monghsat;MMR;MMR016D002;MMR016;August;2011;0;0
Myanmar;Shan-South;Pa-O Self-Administered Zone;MMR;NA;NA;August;2011;0;0
Myanmar;Shan-South;Taunggyi;MMR;MMR014D001;MMR014;August;2011;0;0
Myanmar;Tanintharyi;Dawei;MMR;MMR006D001;MMR006;August;2011;0;0
Myanmar;Yangon;Yangon-North;MMR;MMR013D001;MMR013;August;2011;0;0
Myanmar;Bago-West;Pyay;MMR;MMR008D001;MMR008;August;2011;0;0
Myanmar;Chin;Mindat;MMR;MMR004D002;MMR004;August;2011;0;0
Myanmar;Kachin;Bhamo;MMR;MMR001D003;MMR001;August;2011;9;12
Myanmar;Kachin;Myitkyina;MMR;MMR001D001;MMR001;August;2011;4;4
Myanmar;Magway;Gangaw;MMR;MMR009D005;MMR009;August;2011;0;0
Myanmar;Nay Pyi Taw;Oke Ta Ra;MMR;MMR018D001;MMR018;August;2011;0;0
Myanmar;Rakhine;Thandwe;MMR;MMR012D004;MMR012;August;2011;0;0
Myanmar;Shan-East;Kengtung;MMR;MMR016D001;MMR016;August;2011;0;0
Myanmar;Shan-North;Mongmit;MMR;MMR015D008;MMR015;August;2011;0;0
Myanmar;Yangon;Yangon-South;MMR;MMR013D003;MMR013;August;2011;0;0
Myanmar;Ayeyarwady;Labutta;MMR;MMR017D004;MMR017;August;2011;0;0
Myanmar;Ayeyarwady;Maubin;MMR;MMR017D005;MMR017;August;2011;0;0
Myanmar;Magway;Pakokku;MMR;MMR009D004;MMR009;August;2011;0;0
Myanmar;Mandalay;Myingyan;MMR;MMR010D004;MMR010;August;2011;0;0
Myanmar;Rakhine;Maungdaw;MMR;MMR012D002;MMR012;August;2011;0;0
Myanmar;Rakhine;Mrauk-U;MMR;MMR012D005;MMR012;August;2011;0;0
Myanmar;Shan-North;Hopang;MMR;MMR015D006;MMR015;August;2011;0;0
Myanmar;Shan-North;Kokang Self-Administered Zone;MMR;MMR015D221;MMR015;August;2011;0;0
Myanmar;Shan-North;Muse;MMR;MMR015D002;MMR015;August;2011;6;5
Myanmar;Sagaing;Kale;MMR;MMR005D005;MMR005;August;2011;0;0
Myanmar;Sagaing;Sagaing;MMR;MMR005D001;MMR005;August;2011;0;0
Myanmar;Bago-East;Bago;MMR;MMR007D001;MMR007;August;2011;0;0
Myanmar;Chin;Hakha;MMR;MMR004D003;MMR004;August;2011;0;0
Myanmar;Kachin;Mohnyin;MMR;MMR001D002;MMR001;August;2011;3;10
Myanmar;Kachin;Puta-O;MMR;MMR001D004;MMR001;August;2011;0;0
Myanmar;Kayin;Hpa-An;MMR;MMR003D001;MMR003;August;2011;0;0
Myanmar;Kayin;Myawaddy;MMR;MMR003D002;MMR003;August;2011;1;3
Myanmar;Mandalay;Mandalay;MMR;MMR010D001;MMR010;August;2011;0;0
Myanmar;Mandalay;Meiktila;MMR;MMR010D007;MMR010;August;2011;0;0
Myanmar;Sagaing;Kawlin;MMR;MMR005D011;MMR005;August;2011;0;0
Myanmar;Sagaing;Naga Self-Administered Zone;MMR;NA;NA;August;2011;0;0
Myanmar;Shan-South;Langkho;MMR;MMR014D003;MMR014;August;2011;0;0
Myanmar;Shan-South;Loilen;MMR;MMR014D002;MMR014;August;2011;7;7
Myanmar;Chin;Falam;MMR;MMR004D001;MMR004;August;2011;0;0
Myanmar;Kayin;Hpapun;MMR;MMR003D004;MMR003;August;2011;0;0
Myanmar;Mandalay;Nyaung-U;MMR;MMR010D005;MMR010;August;2011;0;0
Myanmar;Mon;Thaton;MMR;MMR011D002;MMR011;August;2011;0;0
Myanmar;Rakhine;Sittwe;MMR;MMR012D001;MMR012;August;2011;0;0
Myanmar;Sagaing;Mawlaik;MMR;MMR005D007;MMR005;August;2011;0;0
Myanmar;Sagaing;Monywa;MMR;MMR005D003;MMR005;August;2011;0;0
Myanmar;Sagaing;Yinmarbin;MMR;MMR005D009;MMR005;August;2011;0;0
Myanmar;Shan-East;Tachileik;MMR;MMR016D003;MMR016;August;2011;0;0
Myanmar;Tanintharyi;Kawthoung;MMR;MMR006D003;MMR006;August;2011;0;0
Myanmar;Yangon;Yangon-West;MMR;MMR013D004;MMR013;August;2011;0;0
Myanmar;Ayeyarwady;Hinthada;MMR;MMR017D002;MMR017;August;2011;0;0
Myanmar;Bago-West;Thayarwady;MMR;MMR008D002;MMR008;August;2011;0;0
Myanmar;Kayah;Bawlake;MMR;MMR002D002;MMR002;August;2011;0;0
Myanmar;Mandalay;Pyinoolwin;MMR;MMR010D002;MMR010;August;2011;0;0
Myanmar;Mandalay;Yamethin;MMR;MMR010D006;MMR010;August;2011;0;0
Myanmar;Mon;Mawlamyine;MMR;MMR011D001;MMR011;August;2011;1;0
Myanmar;Nay Pyi Taw;Det Khi Na;MMR;MMR018D002;MMR018;August;2011;0;0
Myanmar;Sagaing;Kanbalu;MMR;MMR005D010;MMR005;August;2011;0;0
Myanmar;Shan-North;Lashio;MMR;MMR015D001;MMR015;August;2011;2;1
Myanmar;Shan-South;Danu Self-Administered Zone;MMR;NA;NA;August;2011;0;0
Myanmar;Tanintharyi;Myeik;MMR;MMR006D002;MMR006;August;2011;0;0
Myanmar;Ayeyarwady;Myaungmya;MMR;MMR017D003;MMR017;September;2011;0;0
Myanmar;Chin;Matupi;MMR;MMR004D004;MMR004;September;2011;0;0
Myanmar;Magway;Magway;MMR;MMR009D001;MMR009;September;2011;0;0
Myanmar;Magway;Minbu;MMR;MMR009D002;MMR009;September;2011;0;0
Myanmar;Sagaing;Hkamti;MMR;MMR005D008;MMR005;September;2011;0;0
Myanmar;Sagaing;Katha;MMR;MMR005D004;MMR005;September;2011;0;0
Myanmar;Sagaing;Shwebo;MMR;MMR005D002;MMR005;September;2011;0;0
Myanmar;Sagaing;Tamu;MMR;MMR005D006;MMR005;September;2011;0;0
Myanmar;Shan-North;Kyaukme;MMR;NA;NA;September;2011;2;8
Myanmar;Shan-North;Matman;MMR;MMR015D007;MMR015;September;2011;0;0
Myanmar;Shan-North;Pa Laung Self-Administered Zone;MMR;NA;NA;September;2011;0;0
Myanmar;Yangon;Yangon-East;MMR;MMR013D002;MMR013;September;2011;0;0
Myanmar;Ayeyarwady;Pathein;MMR;MMR017D001;MMR017;September;2011;0;0
Myanmar;Ayeyarwady;Pyapon;MMR;MMR017D006;MMR017;September;2011;0;0
Myanmar;Bago-East;Taungoo;MMR;MMR007D002;MMR007;September;2011;0;0
Myanmar;Kayah;Loikaw;MMR;MMR002D001;MMR002;September;2011;0;0
Myanmar;Kayin;Kawkareik;MMR;MMR003D003;MMR003;September;2011;0;0
Myanmar;Magway;Thayet;MMR;MMR009D003;MMR009;September;2011;0;0
Myanmar;Mandalay;Kyaukse;MMR;MMR010D003;MMR010;September;2011;0;0
Myanmar;Rakhine;Kyaukpyu;MMR;MMR012D003;MMR012;September;2011;0;0
Myanmar;Shan-East;Monghsat;MMR;MMR016D002;MMR016;September;2011;0;0
Myanmar;Shan-South;Pa-O Self-Administered Zone;MMR;NA;NA;September;2011;0;0
Myanmar;Shan-South;Taunggyi;MMR;MMR014D001;MMR014;September;2011;0;0
Myanmar;Tanintharyi;Dawei;MMR;MMR006D001;MMR006;September;2011;1;2
Myanmar;Yangon;Yangon-North;MMR;MMR013D001;MMR013;September;2011;0;0
Myanmar;Bago-West;Pyay;MMR;MMR008D001;MMR008;September;2011;0;0
Myanmar;Chin;Mindat;MMR;MMR004D002;MMR004;September;2011;0;0
Myanmar;Kachin;Bhamo;MMR;MMR001D003;MMR001;September;2011;10;6
Myanmar;Kachin;Myitkyina;MMR;MMR001D001;MMR001;September;2011;22;61
Myanmar;Magway;Gangaw;MMR;MMR009D005;MMR009;September;2011;0;0
Myanmar;Nay Pyi Taw;Oke Ta Ra;MMR;MMR018D001;MMR018;September;2011;0;0
Myanmar;Rakhine;Thandwe;MMR;MMR012D004;MMR012;September;2011;0;0
Myanmar;Shan-East;Kengtung;MMR;MMR016D001;MMR016;September;2011;0;0
Myanmar;Shan-North;Mongmit;MMR;MMR015D008;MMR015;September;2011;0;0
Myanmar;Yangon;Yangon-South;MMR;MMR013D003;MMR013;September;2011;0;0
Myanmar;Ayeyarwady;Labutta;MMR;MMR017D004;MMR017;September;2011;0;0
Myanmar;Ayeyarwady;Maubin;MMR;MMR017D005;MMR017;September;2011;0;0
Myanmar;Magway;Pakokku;MMR;MMR009D004;MMR009;September;2011;0;0
Myanmar;Mandalay;Myingyan;MMR;MMR010D004;MMR010;September;2011;0;0
Myanmar;Rakhine;Maungdaw;MMR;MMR012D002;MMR012;September;2011;0;0
Myanmar;Rakhine;Mrauk-U;MMR;MMR012D005;MMR012;September;2011;0;0
Myanmar;Shan-North;Hopang;MMR;MMR015D006;MMR015;September;2011;0;0
Myanmar;Shan-North;Kokang Self-Administered Zone;MMR;MMR015D221;MMR015;September;2011;0;0
Myanmar;Shan-North;Muse;MMR;MMR015D002;MMR015;September;2011;13;67
Myanmar;Sagaing;Kale;MMR;MMR005D005;MMR005;September;2011;0;0
Myanmar;Sagaing;Sagaing;MMR;MMR005D001;MMR005;September;2011;0;0
Myanmar;Bago-East;Bago;MMR;MMR007D001;MMR007;September;2011;0;0
Myanmar;Chin;Hakha;MMR;MMR004D003;MMR004;September;2011;0;0
Myanmar;Kachin;Mohnyin;MMR;MMR001D002;MMR001;September;2011;0;0
Myanmar;Kachin;Puta-O;MMR;MMR001D004;MMR001;September;2011;0;0
Myanmar;Kayin;Hpa-An;MMR;MMR003D001;MMR003;September;2011;0;0
Myanmar;Kayin;Myawaddy;MMR;MMR003D002;MMR003;September;2011;0;0
Myanmar;Mandalay;Mandalay;MMR;MMR010D001;MMR010;September;2011;0;0
Myanmar;Mandalay;Meiktila;MMR;MMR010D007;MMR010;September;2011;0;0
Myanmar;Sagaing;Kawlin;MMR;MMR005D011;MMR005;September;2011;0;0
Myanmar;Sagaing;Naga Self-Administered Zone;MMR;NA;NA;September;2011;0;0
Myanmar;Shan-South;Langkho;MMR;MMR014D003;MMR014;September;2011;0;0
Myanmar;Shan-South;Loilen;MMR;MMR014D002;MMR014;September;2011;1;3
Myanmar;Chin;Falam;MMR;MMR004D001;MMR004;September;2011;0;0
Myanmar;Kayin;Hpapun;MMR;MMR003D004;MMR003;September;2011;1;1
Myanmar;Mandalay;Nyaung-U;MMR;MMR010D005;MMR010;September;2011;0;0
Myanmar;Mon;Thaton;MMR;MMR011D002;MMR011;September;2011;0;0
Myanmar;Rakhine;Sittwe;MMR;MMR012D001;MMR012;September;2011;0;0
Myanmar;Sagaing;Mawlaik;MMR;MMR005D007;MMR005;September;2011;0;0
Myanmar;Sagaing;Monywa;MMR;MMR005D003;MMR005;September;2011;0;0
Myanmar;Sagaing;Yinmarbin;MMR;MMR005D009;MMR005;September;2011;0;0
Myanmar;Shan-East;Tachileik;MMR;MMR016D003;MMR016;September;2011;0;0
Myanmar;Tanintharyi;Kawthoung;MMR;MMR006D003;MMR006;September;2011;0;0
Myanmar;Yangon;Yangon-West;MMR;MMR013D004;MMR013;September;2011;0;0
Myanmar;Ayeyarwady;Hinthada;MMR;MMR017D002;MMR017;September;2011;0;0
Myanmar;Bago-West;Thayarwady;MMR;MMR008D002;MMR008;September;2011;0;0
Myanmar;Kayah;Bawlake;MMR;MMR002D002;MMR002;September;2011;0;0
Myanmar;Mandalay;Pyinoolwin;MMR;MMR010D002;MMR010;September;2011;0;0
Myanmar;Mandalay;Yamethin;MMR;MMR010D006;MMR010;September;2011;0;0
Myanmar;Mon;Mawlamyine;MMR;MMR011D001;MMR011;September;2011;0;0
Myanmar;Nay Pyi Taw;Det Khi Na;MMR;MMR018D002;MMR018;September;2011;0;0
Myanmar;Sagaing;Kanbalu;MMR;MMR005D010;MMR005;September;2011;0;0
Myanmar;Shan-North;Lashio;MMR;MMR015D001;MMR015;September;2011;4;7
Myanmar;Shan-South;Danu Self-Administered Zone;MMR;NA;NA;September;2011;0;0
Myanmar;Tanintharyi;Myeik;MMR;MMR006D002;MMR006;September;2011;0;0
Myanmar;Ayeyarwady;Myaungmya;MMR;MMR017D003;MMR017;October;2011;0;0
Myanmar;Chin;Matupi;MMR;MMR004D004;MMR004;October;2011;0;0
Myanmar;Magway;Magway;MMR;MMR009D001;MMR009;October;2011;0;0
Myanmar;Magway;Minbu;MMR;MMR009D002;MMR009;October;2011;0;0
Myanmar;Sagaing;Hkamti;MMR;MMR005D008;MMR005;October;2011;0;0
Myanmar;Sagaing;Katha;MMR;MMR005D004;MMR005;October;2011;0;0
Myanmar;Sagaing;Shwebo;MMR;MMR005D002;MMR005;October;2011;0;0
Myanmar;Sagaing;Tamu;MMR;MMR005D006;MMR005;October;2011;0;0
Myanmar;Shan-North;Kyaukme;MMR;NA;NA;October;2011;0;0
Myanmar;Shan-North;Matman;MMR;MMR015D007;MMR015;October;2011;0;0
Myanmar;Shan-North;Pa Laung Self-Administered Zone;MMR;NA;NA;October;2011;1;4
Myanmar;Yangon;Yangon-East;MMR;MMR013D002;MMR013;October;2011;0;0
Myanmar;Ayeyarwady;Pathein;MMR;MMR017D001;MMR017;October;2011;0;0
Myanmar;Ayeyarwady;Pyapon;MMR;MMR017D006;MMR017;October;2011;0;0
Myanmar;Bago-East;Taungoo;MMR;MMR007D002;MMR007;October;2011;1;2
Myanmar;Kayah;Loikaw;MMR;MMR002D001;MMR002;October;2011;0;0
Myanmar;Kayin;Kawkareik;MMR;MMR003D003;MMR003;October;2011;2;0
Myanmar;Magway;Thayet;MMR;MMR009D003;MMR009;October;2011;0;0
Myanmar;Mandalay;Kyaukse;MMR;MMR010D003;MMR010;October;2011;0;0
Myanmar;Rakhine;Kyaukpyu;MMR;MMR012D003;MMR012;October;2011;0;0
Myanmar;Shan-East;Monghsat;MMR;MMR016D002;MMR016;October;2011;0;0
Myanmar;Shan-South;Pa-O Self-Administered Zone;MMR;NA;NA;October;2011;0;0
Myanmar;Shan-South;Taunggyi;MMR;MMR014D001;MMR014;October;2011;1;0
Myanmar;Tanintharyi;Dawei;MMR;MMR006D001;MMR006;October;2011;0;0
Myanmar;Yangon;Yangon-North;MMR;MMR013D001;MMR013;October;2011;0;0
Myanmar;Bago-West;Pyay;MMR;MMR008D001;MMR008;October;2011;0;0
Myanmar;Chin;Mindat;MMR;MMR004D002;MMR004;October;2011;0;0
Myanmar;Kachin;Bhamo;MMR;MMR001D003;MMR001;October;2011;29;11
Myanmar;Kachin;Myitkyina;MMR;MMR001D001;MMR001;October;2011;25;48
Myanmar;Magway;Gangaw;MMR;MMR009D005;MMR009;October;2011;0;0
Myanmar;Nay Pyi Taw;Oke Ta Ra;MMR;MMR018D001;MMR018;October;2011;0;0
Myanmar;Rakhine;Thandwe;MMR;MMR012D004;MMR012;October;2011;0;0
Myanmar;Shan-East;Kengtung;MMR;MMR016D001;MMR016;October;2011;0;0
Myanmar;Shan-North;Mongmit;MMR;MMR015D008;MMR015;October;2011;0;0
Myanmar;Yangon;Yangon-South;MMR;MMR013D003;MMR013;October;2011;0;0
Myanmar;Ayeyarwady;Labutta;MMR;MMR017D004;MMR017;October;2011;0;0
Myanmar;Ayeyarwady;Maubin;MMR;MMR017D005;MMR017;October;2011;0;0
Myanmar;Magway;Pakokku;MMR;MMR009D004;MMR009;October;2011;0;0
Myanmar;Mandalay;Myingyan;MMR;MMR010D004;MMR010;October;2011;0;0
Myanmar;Rakhine;Maungdaw;MMR;MMR012D002;MMR012;October;2011;0;0
Myanmar;Rakhine;Mrauk-U;MMR;MMR012D005;MMR012;October;2011;0;0
Myanmar;Shan-North;Hopang;MMR;MMR015D006;MMR015;October;2011;0;0
Myanmar;Shan-North;Kokang Self-Administered Zone;MMR;MMR015D221;MMR015;October;2011;0;0
Myanmar;Shan-North;Muse;MMR;MMR015D002;MMR015;October;2011;8;13
Myanmar;Sagaing;Kale;MMR;MMR005D005;MMR005;October;2011;0;0
Myanmar;Sagaing;Sagaing;MMR;MMR005D001;MMR005;October;2011;0;0
Myanmar;Bago-East;Bago;MMR;MMR007D001;MMR007;October;2011;0;0
Myanmar;Chin;Hakha;MMR;MMR004D003;MMR004;October;2011;0;0
Myanmar;Kachin;Mohnyin;MMR;MMR001D002;MMR001;October;2011;2;0
Myanmar;Kachin;Puta-O;MMR;MMR001D004;MMR001;October;2011;0;0
Myanmar;Kayin;Hpa-An;MMR;MMR003D001;MMR003;October;2011;0;0
Myanmar;Kayin;Myawaddy;MMR;MMR003D002;MMR003;October;2011;1;0
Myanmar;Mandalay;Mandalay;MMR;MMR010D001;MMR010;October;2011;0;0
Myanmar;Mandalay;Meiktila;MMR;MMR010D007;MMR010;October;2011;0;0
Myanmar;Sagaing;Kawlin;MMR;MMR005D011;MMR005;October;2011;0;0
Myanmar;Sagaing;Naga Self-Administered Zone;MMR;NA;NA;October;2011;0;0
Myanmar;Shan-South;Langkho;MMR;MMR014D003;MMR014;October;2011;0;0
Myanmar;Shan-South;Loilen;MMR;MMR014D002;MMR014;October;2011;2;3
Myanmar;Chin;Falam;MMR;MMR004D001;MMR004;October;2011;0;0
Myanmar;Kayin;Hpapun;MMR;MMR003D004;MMR003;October;2011;0;0
Myanmar;Mandalay;Nyaung-U;MMR;MMR010D005;MMR010;October;2011;0;0
Myanmar;Mon;Thaton;MMR;MMR011D002;MMR011;October;2011;0;0
Myanmar;Rakhine;Sittwe;MMR;MMR012D001;MMR012;October;2011;0;0
Myanmar;Sagaing;Mawlaik;MMR;MMR005D007;MMR005;October;2011;0;0
Myanmar;Sagaing;Monywa;MMR;MMR005D003;MMR005;October;2011;0;0
Myanmar;Sagaing;Yinmarbin;MMR;MMR005D009;MMR005;October;2011;0;0
Myanmar;Shan-East;Tachileik;MMR;MMR016D003;MMR016;October;2011;0;0
Myanmar;Tanintharyi;Kawthoung;MMR;MMR006D003;MMR006;October;2011;0;0
Myanmar;Yangon;Yangon-West;MMR;MMR013D004;MMR013;October;2011;0;0
Myanmar;Ayeyarwady;Hinthada;MMR;MMR017D002;MMR017;October;2011;0;0
Myanmar;Bago-West;Thayarwady;MMR;MMR008D002;MMR008;October;2011;0;0
Myanmar;Kayah;Bawlake;MMR;MMR002D002;MMR002;October;2011;0;0
Myanmar;Mandalay;Pyinoolwin;MMR;MMR010D002;MMR010;October;2011;0;0
Myanmar;Mandalay;Yamethin;MMR;MMR010D006;MMR010;October;2011;0;0
Myanmar;Mon;Mawlamyine;MMR;MMR011D001;MMR011;October;2011;0;0
Myanmar;Nay Pyi Taw;Det Khi Na;MMR;MMR018D002;MMR018;October;2011;0;0
Myanmar;Sagaing;Kanbalu;MMR;MMR005D010;MMR005;October;2011;0;0
Myanmar;Shan-North;Lashio;MMR;MMR015D001;MMR015;October;2011;0;0
Myanmar;Shan-South;Danu Self-Administered Zone;MMR;NA;NA;October;2011;0;0
Myanmar;Tanintharyi;Myeik;MMR;MMR006D002;MMR006;October;2011;0;0
Myanmar;Ayeyarwady;Myaungmya;MMR;MMR017D003;MMR017;November;2011;0;0
Myanmar;Chin;Matupi;MMR;MMR004D004;MMR004;November;2011;0;0
Myanmar;Magway;Magway;MMR;MMR009D001;MMR009;November;2011;0;0
Myanmar;Magway;Minbu;MMR;MMR009D002;MMR009;November;2011;0;0
Myanmar;Sagaing;Hkamti;MMR;MMR005D008;MMR005;November;2011;0;0
Myanmar;Sagaing;Katha;MMR;MMR005D004;MMR005;November;2011;0;0
Myanmar;Sagaing;Shwebo;MMR;MMR005D002;MMR005;November;2011;0;0
Myanmar;Sagaing;Tamu;MMR;MMR005D006;MMR005;November;2011;0;0
Myanmar;Shan-North;Kyaukme;MMR;NA;NA;November;2011;0;0
Myanmar;Shan-North;Matman;MMR;MMR015D007;MMR015;November;2011;0;0
Myanmar;Shan-North;Pa Laung Self-Administered Zone;MMR;NA;NA;November;2011;0;0
Myanmar;Yangon;Yangon-East;MMR;MMR013D002;MMR013;November;2011;0;0
Myanmar;Ayeyarwady;Pathein;MMR;MMR017D001;MMR017;November;2011;0;0
Myanmar;Ayeyarwady;Pyapon;MMR;MMR017D006;MMR017;November;2011;0;0
Myanmar;Bago-East;Taungoo;MMR;MMR007D002;MMR007;November;2011;0;0
Myanmar;Kayah;Loikaw;MMR;MMR002D001;MMR002;November;2011;0;0
Myanmar;Kayin;Kawkareik;MMR;MMR003D003;MMR003;November;2011;0;0
Myanmar;Magway;Thayet;MMR;MMR009D003;MMR009;November;2011;0;0
Myanmar;Mandalay;Kyaukse;MMR;MMR010D003;MMR010;November;2011;0;0
Myanmar;Rakhine;Kyaukpyu;MMR;MMR012D003;MMR012;November;2011;0;0
Myanmar;Shan-East;Monghsat;MMR;MMR016D002;MMR016;November;2011;0;0
Myanmar;Shan-South;Pa-O Self-Administered Zone;MMR;NA;NA;November;2011;0;0
Myanmar;Shan-South;Taunggyi;MMR;MMR014D001;MMR014;November;2011;0;0
Myanmar;Tanintharyi;Dawei;MMR;MMR006D001;MMR006;November;2011;0;0
Myanmar;Yangon;Yangon-North;MMR;MMR013D001;MMR013;November;2011;0;0
Myanmar;Bago-West;Pyay;MMR;MMR008D001;MMR008;November;2011;0;0
Myanmar;Chin;Mindat;MMR;MMR004D002;MMR004;November;2011;0;0
Myanmar;Kachin;Bhamo;MMR;MMR001D003;MMR001;November;2011;11;11
Myanmar;Kachin;Myitkyina;MMR;MMR001D001;MMR001;November;2011;16;47
Myanmar;Magway;Gangaw;MMR;MMR009D005;MMR009;November;2011;0;0
Myanmar;Nay Pyi Taw;Oke Ta Ra;MMR;MMR018D001;MMR018;November;2011;0;0
Myanmar;Rakhine;Thandwe;MMR;MMR012D004;MMR012;November;2011;0;0
Myanmar;Shan-East;Kengtung;MMR;MMR016D001;MMR016;November;2011;0;0
Myanmar;Shan-North;Mongmit;MMR;MMR015D008;MMR015;November;2011;0;0
Myanmar;Yangon;Yangon-South;MMR;MMR013D003;MMR013;November;2011;0;0
Myanmar;Ayeyarwady;Labutta;MMR;MMR017D004;MMR017;November;2011;0;0
Myanmar;Ayeyarwady;Maubin;MMR;MMR017D005;MMR017;November;2011;0;0
Myanmar;Magway;Pakokku;MMR;MMR009D004;MMR009;November;2011;0;0
Myanmar;Mandalay;Myingyan;MMR;MMR010D004;MMR010;November;2011;0;0
Myanmar;Rakhine;Maungdaw;MMR;MMR012D002;MMR012;November;2011;0;0
Myanmar;Rakhine;Mrauk-U;MMR;MMR012D005;MMR012;November;2011;0;0
Myanmar;Shan-North;Hopang;MMR;MMR015D006;MMR015;November;2011;0;0
Myanmar;Shan-North;Kokang Self-Administered Zone;MMR;MMR015D221;MMR015;November;2011;0;0
Myanmar;Shan-North;Muse;MMR;MMR015D002;MMR015;November;2011;6;18
Myanmar;Sagaing;Kale;MMR;MMR005D005;MMR005;November;2011;0;0
Myanmar;Sagaing;Sagaing;MMR;MMR005D001;MMR005;November;2011;0;0
Myanmar;Bago-East;Bago;MMR;MMR007D001;MMR007;November;2011;0;0
Myanmar;Chin;Hakha;MMR;MMR004D003;MMR004;November;2011;0;0
Myanmar;Kachin;Mohnyin;MMR;MMR001D002;MMR001;November;2011;1;0
Myanmar;Kachin;Puta-O;MMR;MMR001D004;MMR001;November;2011;0;0
Myanmar;Kayin;Hpa-An;MMR;MMR003D001;MMR003;November;2011;0;0
Myanmar;Kayin;Myawaddy;MMR;MMR003D002;MMR003;November;2011;0;0
Myanmar;Mandalay;Mandalay;MMR;MMR010D001;MMR010;November;2011;0;0
Myanmar;Mandalay;Meiktila;MMR;MMR010D007;MMR010;November;2011;0;0
Myanmar;Sagaing;Kawlin;MMR;MMR005D011;MMR005;November;2011;0;0
Myanmar;Sagaing;Naga Self-Administered Zone;MMR;NA;NA;November;2011;0;0
Myanmar;Shan-South;Langkho;MMR;MMR014D003;MMR014;November;2011;0;0
Myanmar;Shan-South;Loilen;MMR;MMR014D002;MMR014;November;2011;0;0
Myanmar;Chin;Falam;MMR;MMR004D001;MMR004;November;2011;0;0
Myanmar;Kayin;Hpapun;MMR;MMR003D004;MMR003;November;2011;0;0
Myanmar;Mandalay;Nyaung-U;MMR;MMR010D005;MMR010;November;2011;0;0
Myanmar;Mon;Thaton;MMR;MMR011D002;MMR011;November;2011;0;0
Myanmar;Rakhine;Sittwe;MMR;MMR012D001;MMR012;November;2011;0;0
Myanmar;Sagaing;Mawlaik;MMR;MMR005D007;MMR005;November;2011;0;0
Myanmar;Sagaing;Monywa;MMR;MMR005D003;MMR005;November;2011;0;0
Myanmar;Sagaing;Yinmarbin;MMR;MMR005D009;MMR005;November;2011;0;0
Myanmar;Shan-East;Tachileik;MMR;MMR016D003;MMR016;November;2011;0;0
Myanmar;Tanintharyi;Kawthoung;MMR;MMR006D003;MMR006;November;2011;0;0
Myanmar;Yangon;Yangon-West;MMR;MMR013D004;MMR013;November;2011;0;0
Myanmar;Ayeyarwady;Hinthada;MMR;MMR017D002;MMR017;November;2011;0;0
Myanmar;Bago-West;Thayarwady;MMR;MMR008D002;MMR008;November;2011;0;0
Myanmar;Kayah;Bawlake;MMR;MMR002D002;MMR002;November;2011;0;0
Myanmar;Mandalay;Pyinoolwin;MMR;MMR010D002;MMR010;November;2011;0;0
Myanmar;Mandalay;Yamethin;MMR;MMR010D006;MMR010;November;2011;0;0
Myanmar;Mon;Mawlamyine;MMR;MMR011D001;MMR011;November;2011;0;0
Myanmar;Nay Pyi Taw;Det Khi Na;MMR;MMR018D002;MMR018;November;2011;0;0
Myanmar;Sagaing;Kanbalu;MMR;MMR005D010;MMR005;November;2011;0;0
Myanmar;Shan-North;Lashio;MMR;MMR015D001;MMR015;November;2011;0;0
Myanmar;Shan-South;Danu Self-Administered Zone;MMR;NA;NA;November;2011;0;0
Myanmar;Tanintharyi;Myeik;MMR;MMR006D002;MMR006;November;2011;0;0
Myanmar;Ayeyarwady;Myaungmya;MMR;MMR017D003;MMR017;December;2011;0;0
Myanmar;Chin;Matupi;MMR;MMR004D004;MMR004;December;2011;0;0
Myanmar;Magway;Magway;MMR;MMR009D001;MMR009;December;2011;0;0
Myanmar;Magway;Minbu;MMR;MMR009D002;MMR009;December;2011;0;0
Myanmar;Sagaing;Hkamti;MMR;MMR005D008;MMR005;December;2011;0;0
Myanmar;Sagaing;Katha;MMR;MMR005D004;MMR005;December;2011;0;0
Myanmar;Sagaing;Shwebo;MMR;MMR005D002;MMR005;December;2011;0;0
Myanmar;Sagaing;Tamu;MMR;MMR005D006;MMR005;December;2011;1;0
Myanmar;Shan-North;Kyaukme;MMR;NA;NA;December;2011;0;0
Myanmar;Shan-North;Matman;MMR;MMR015D007;MMR015;December;2011;0;0
Myanmar;Shan-North;Pa Laung Self-Administered Zone;MMR;NA;NA;December;2011;1;0
Myanmar;Yangon;Yangon-East;MMR;MMR013D002;MMR013;December;2011;0;0
Myanmar;Ayeyarwady;Pathein;MMR;MMR017D001;MMR017;December;2011;0;0
Myanmar;Ayeyarwady;Pyapon;MMR;MMR017D006;MMR017;December;2011;0;0
Myanmar;Bago-East;Taungoo;MMR;MMR007D002;MMR007;December;2011;1;1
Myanmar;Kayah;Loikaw;MMR;MMR002D001;MMR002;December;2011;1;0
Myanmar;Kayin;Kawkareik;MMR;MMR003D003;MMR003;December;2011;0;0
Myanmar;Magway;Thayet;MMR;MMR009D003;MMR009;December;2011;0;0
Myanmar;Mandalay;Kyaukse;MMR;MMR010D003;MMR010;December;2011;0;0
Myanmar;Rakhine;Kyaukpyu;MMR;MMR012D003;MMR012;December;2011;0;0
Myanmar;Shan-East;Monghsat;MMR;MMR016D002;MMR016;December;2011;0;0
Myanmar;Shan-South;Pa-O Self-Administered Zone;MMR;NA;NA;December;2011;0;0
Myanmar;Shan-South;Taunggyi;MMR;MMR014D001;MMR014;December;2011;0;0
Myanmar;Tanintharyi;Dawei;MMR;MMR006D001;MMR006;December;2011;0;0
Myanmar;Yangon;Yangon-North;MMR;MMR013D001;MMR013;December;2011;0;0
Myanmar;Bago-West;Pyay;MMR;MMR008D001;MMR008;December;2011;0;0
Myanmar;Chin;Mindat;MMR;MMR004D002;MMR004;December;2011;0;0
Myanmar;Kachin;Bhamo;MMR;MMR001D003;MMR001;December;2011;7;31
Myanmar;Kachin;Myitkyina;MMR;MMR001D001;MMR001;December;2011;8;68
Myanmar;Magway;Gangaw;MMR;MMR009D005;MMR009;December;2011;0;0
Myanmar;Nay Pyi Taw;Oke Ta Ra;MMR;MMR018D001;MMR018;December;2011;0;0
Myanmar;Rakhine;Thandwe;MMR;MMR012D004;MMR012;December;2011;0;0
Myanmar;Shan-East;Kengtung;MMR;MMR016D001;MMR016;December;2011;0;0
Myanmar;Shan-North;Mongmit;MMR;MMR015D008;MMR015;December;2011;0;0
Myanmar;Yangon;Yangon-South;MMR;MMR013D003;MMR013;December;2011;0;0
Myanmar;Ayeyarwady;Labutta;MMR;MMR017D004;MMR017;December;2011;0;0
Myanmar;Ayeyarwady;Maubin;MMR;MMR017D005;MMR017;December;2011;0;0
Myanmar;Magway;Pakokku;MMR;MMR009D004;MMR009;December;2011;0;0
Myanmar;Mandalay;Myingyan;MMR;MMR010D004;MMR010;December;2011;0;0
Myanmar;Rakhine;Maungdaw;MMR;MMR012D002;MMR012;December;2011;0;0
Myanmar;Rakhine;Mrauk-U;MMR;MMR012D005;MMR012;December;2011;0;0
Myanmar;Shan-North;Hopang;MMR;MMR015D006;MMR015;December;2011;0;0
Myanmar;Shan-North;Kokang Self-Administered Zone;MMR;MMR015D221;MMR015;December;2011;0;0
Myanmar;Shan-North;Muse;MMR;MMR015D002;MMR015;December;2011;2;10
Myanmar;Sagaing;Kale;MMR;MMR005D005;MMR005;December;2011;0;0
Myanmar;Sagaing;Sagaing;MMR;MMR005D001;MMR005;December;2011;0;0
Myanmar;Bago-East;Bago;MMR;MMR007D001;MMR007;December;2011;0;0
Myanmar;Chin;Hakha;MMR;MMR004D003;MMR004;December;2011;0;0
Myanmar;Kachin;Mohnyin;MMR;MMR001D002;MMR001;December;2011;0;0
Myanmar;Kachin;Puta-O;MMR;MMR001D004;MMR001;December;2011;0;0
Myanmar;Kayin;Hpa-An;MMR;MMR003D001;MMR003;December;2011;0;0
Myanmar;Kayin;Myawaddy;MMR;MMR003D002;MMR003;December;2011;0;0
Myanmar;Mandalay;Mandalay;MMR;MMR010D001;MMR010;December;2011;0;0
Myanmar;Mandalay;Meiktila;MMR;MMR010D007;MMR010;December;2011;0;0
Myanmar;Sagaing;Kawlin;MMR;MMR005D011;MMR005;December;2011;0;0
Myanmar;Sagaing;Naga Self-Administered Zone;MMR;NA;NA;December;2011;0;0
Myanmar;Shan-South;Langkho;MMR;MMR014D003;MMR014;December;2011;0;0
Myanmar;Shan-South;Loilen;MMR;MMR014D002;MMR014;December;2011;0;0
Myanmar;Chin;Falam;MMR;MMR004D001;MMR004;December;2011;0;0
Myanmar;Kayin;Hpapun;MMR;MMR003D004;MMR003;December;2011;0;0
Myanmar;Mandalay;Nyaung-U;MMR;MMR010D005;MMR010;December;2011;0;0
Myanmar;Mon;Thaton;MMR;MMR011D002;MMR011;December;2011;0;0
Myanmar;Rakhine;Sittwe;MMR;MMR012D001;MMR012;December;2011;0;0
Myanmar;Sagaing;Mawlaik;MMR;MMR005D007;MMR005;December;2011;0;0
Myanmar;Sagaing;Monywa;MMR;MMR005D003;MMR005;December;2011;0;0
Myanmar;Sagaing;Yinmarbin;MMR;MMR005D009;MMR005;December;2011;0;0
Myanmar;Shan-East;Tachileik;MMR;MMR016D003;MMR016;December;2011;0;0
Myanmar;Tanintharyi;Kawthoung;MMR;MMR006D003;MMR006;December;2011;0;0
Myanmar;Yangon;Yangon-West;MMR;MMR013D004;MMR013;December;2011;1;1
Myanmar;Ayeyarwady;Hinthada;MMR;MMR017D002;MMR017;December;2011;0;0
Myanmar;Bago-West;Thayarwady;MMR;MMR008D002;MMR008;December;2011;0;0
Myanmar;Kayah;Bawlake;MMR;MMR002D002;MMR002;December;2011;0;0
Myanmar;Mandalay;Pyinoolwin;MMR;MMR010D002;MMR010;December;2011;0;0
Myanmar;Mandalay;Yamethin;MMR;MMR010D006;MMR010;December;2011;0;0
Myanmar;Mon;Mawlamyine;MMR;MMR011D001;MMR011;December;2011;0;0
Myanmar;Nay Pyi Taw;Det Khi Na;MMR;MMR018D002;MMR018;December;2011;0;0
Myanmar;Sagaing;Kanbalu;MMR;MMR005D010;MMR005;December;2011;0;0
Myanmar;Shan-North;Lashio;MMR;MMR015D001;MMR015;December;2011;0;0
Myanmar;Shan-South;Danu Self-Administered Zone;MMR;NA;NA;December;2011;0;0
Myanmar;Tanintharyi;Myeik;MMR;MMR006D002;MMR006;December;2011;0;0
Myanmar;Ayeyarwady;Myaungmya;MMR;MMR017D003;MMR017;January;2012;0;0
Myanmar;Chin;Matupi;MMR;MMR004D004;MMR004;January;2012;0;0
Myanmar;Magway;Magway;MMR;MMR009D001;MMR009;January;2012;0;0
Myanmar;Magway;Minbu;MMR;MMR009D002;MMR009;January;2012;0;0
Myanmar;Sagaing;Hkamti;MMR;MMR005D008;MMR005;January;2012;0;0
Myanmar;Sagaing;Katha;MMR;MMR005D004;MMR005;January;2012;0;0
Myanmar;Sagaing;Shwebo;MMR;MMR005D002;MMR005;January;2012;0;0
Myanmar;Sagaing;Tamu;MMR;MMR005D006;MMR005;January;2012;0;0
Myanmar;Shan-North;Kyaukme;MMR;NA;NA;January;2012;0;0
Myanmar;Shan-North;Matman;MMR;MMR015D007;MMR015;January;2012;0;0
Myanmar;Shan-North;Pa Laung Self-Administered Zone;MMR;NA;NA;January;2012;0;0
Myanmar;Yangon;Yangon-East;MMR;MMR013D002;MMR013;January;2012;0;0
Myanmar;Ayeyarwady;Pathein;MMR;MMR017D001;MMR017;January;2012;0;0
Myanmar;Ayeyarwady;Pyapon;MMR;MMR017D006;MMR017;January;2012;0;0
Myanmar;Bago-East;Taungoo;MMR;MMR007D002;MMR007;January;2012;0;0
Myanmar;Kayah;Loikaw;MMR;MMR002D001;MMR002;January;2012;0;0
Myanmar;Kayin;Kawkareik;MMR;MMR003D003;MMR003;January;2012;1;4
Myanmar;Magway;Thayet;MMR;MMR009D003;MMR009;January;2012;0;0
Myanmar;Mandalay;Kyaukse;MMR;MMR010D003;MMR010;January;2012;0;0
Myanmar;Rakhine;Kyaukpyu;MMR;MMR012D003;MMR012;January;2012;0;0
Myanmar;Shan-East;Monghsat;MMR;MMR016D002;MMR016;January;2012;0;0
Myanmar;Shan-South;Pa-O Self-Administered Zone;MMR;NA;NA;January;2012;0;0
Myanmar;Shan-South;Taunggyi;MMR;MMR014D001;MMR014;January;2012;1;0
Myanmar;Tanintharyi;Dawei;MMR;MMR006D001;MMR006;January;2012;0;0
Myanmar;Yangon;Yangon-North;MMR;MMR013D001;MMR013;January;2012;0;0
Myanmar;Bago-West;Pyay;MMR;MMR008D001;MMR008;January;2012;0;0
Myanmar;Chin;Mindat;MMR;MMR004D002;MMR004;January;2012;0;0
Myanmar;Kachin;Bhamo;MMR;MMR001D003;MMR001;January;2012;4;5
Myanmar;Kachin;Myitkyina;MMR;MMR001D001;MMR001;January;2012;1;0
Myanmar;Magway;Gangaw;MMR;MMR009D005;MMR009;January;2012;0;0
Myanmar;Nay Pyi Taw;Oke Ta Ra;MMR;MMR018D001;MMR018;January;2012;0;0
Myanmar;Rakhine;Thandwe;MMR;MMR012D004;MMR012;January;2012;0;0
Myanmar;Shan-East;Kengtung;MMR;MMR016D001;MMR016;January;2012;0;0
Myanmar;Shan-North;Mongmit;MMR;MMR015D008;MMR015;January;2012;0;0
Myanmar;Yangon;Yangon-South;MMR;MMR013D003;MMR013;January;2012;0;0
Myanmar;Ayeyarwady;Labutta;MMR;MMR017D004;MMR017;January;2012;0;0
Myanmar;Ayeyarwady;Maubin;MMR;MMR017D005;MMR017;January;2012;0;0
Myanmar;Magway;Pakokku;MMR;MMR009D004;MMR009;January;2012;0;0
Myanmar;Mandalay;Myingyan;MMR;MMR010D004;MMR010;January;2012;0;0
Myanmar;Rakhine;Maungdaw;MMR;MMR012D002;MMR012;January;2012;0;0
Myanmar;Rakhine;Mrauk-U;MMR;MMR012D005;MMR012;January;2012;0;0
Myanmar;Shan-North;Hopang;MMR;MMR015D006;MMR015;January;2012;0;0
Myanmar;Shan-North;Kokang Self-Administered Zone;MMR;MMR015D221;MMR015;January;2012;0;0
Myanmar;Shan-North;Muse;MMR;MMR015D002;MMR015;January;2012;2;1
Myanmar;Sagaing;Kale;MMR;MMR005D005;MMR005;January;2012;0;0
Myanmar;Sagaing;Sagaing;MMR;MMR005D001;MMR005;January;2012;0;0
Myanmar;Bago-East;Bago;MMR;MMR007D001;MMR007;January;2012;0;0
Myanmar;Chin;Hakha;MMR;MMR004D003;MMR004;January;2012;0;0
Myanmar;Kachin;Mohnyin;MMR;MMR001D002;MMR001;January;2012;4;6
Myanmar;Kachin;Puta-O;MMR;MMR001D004;MMR001;January;2012;0;0
Myanmar;Kayin;Hpa-An;MMR;MMR003D001;MMR003;January;2012;1;0
Myanmar;Kayin;Myawaddy;MMR;MMR003D002;MMR003;January;2012;0;0
Myanmar;Mandalay;Mandalay;MMR;MMR010D001;MMR010;January;2012;0;0
Myanmar;Mandalay;Meiktila;MMR;MMR010D007;MMR010;January;2012;0;0
Myanmar;Sagaing;Kawlin;MMR;MMR005D011;MMR005;January;2012;0;0
Myanmar;Sagaing;Naga Self-Administered Zone;MMR;NA;NA;January;2012;0;0
Myanmar;Shan-South;Langkho;MMR;MMR014D003;MMR014;January;2012;0;0
Myanmar;Shan-South;Loilen;MMR;MMR014D002;MMR014;January;2012;0;0
Myanmar;Chin;Falam;MMR;MMR004D001;MMR004;January;2012;0;0
Myanmar;Kayin;Hpapun;MMR;MMR003D004;MMR003;January;2012;0;0
Myanmar;Mandalay;Nyaung-U;MMR;MMR010D005;MMR010;January;2012;0;0
Myanmar;Mon;Thaton;MMR;MMR011D002;MMR011;January;2012;0;0
Myanmar;Rakhine;Sittwe;MMR;MMR012D001;MMR012;January;2012;0;0
Myanmar;Sagaing;Mawlaik;MMR;MMR005D007;MMR005;January;2012;0;0
Myanmar;Sagaing;Monywa;MMR;MMR005D003;MMR005;January;2012;0;0
Myanmar;Sagaing;Yinmarbin;MMR;MMR005D009;MMR005;January;2012;0;0
Myanmar;Shan-East;Tachileik;MMR;MMR016D003;MMR016;January;2012;0;0
Myanmar;Tanintharyi;Kawthoung;MMR;MMR006D003;MMR006;January;2012;0;0
Myanmar;Yangon;Yangon-West;MMR;MMR013D004;MMR013;January;2012;0;0
Myanmar;Ayeyarwady;Hinthada;MMR;MMR017D002;MMR017;January;2012;0;0
Myanmar;Bago-West;Thayarwady;MMR;MMR008D002;MMR008;January;2012;0;0
Myanmar;Kayah;Bawlake;MMR;MMR002D002;MMR002;January;2012;0;0
Myanmar;Mandalay;Pyinoolwin;MMR;MMR010D002;MMR010;January;2012;0;0
Myanmar;Mandalay;Yamethin;MMR;MMR010D006;MMR010;January;2012;0;0
Myanmar;Mon;Mawlamyine;MMR;MMR011D001;MMR011;January;2012;0;0
Myanmar;Nay Pyi Taw;Det Khi Na;MMR;MMR018D002;MMR018;January;2012;0;0
Myanmar;Sagaing;Kanbalu;MMR;MMR005D010;MMR005;January;2012;0;0
Myanmar;Shan-North;Lashio;MMR;MMR015D001;MMR015;January;2012;0;0
Myanmar;Shan-South;Danu Self-Administered Zone;MMR;NA;NA;January;2012;0;0
Myanmar;Tanintharyi;Myeik;MMR;MMR006D002;MMR006;January;2012;0;0
Myanmar;Ayeyarwady;Myaungmya;MMR;MMR017D003;MMR017;February;2012;0;0
Myanmar;Chin;Matupi;MMR;MMR004D004;MMR004;February;2012;0;0
Myanmar;Magway;Magway;MMR;MMR009D001;MMR009;February;2012;0;0
Myanmar;Magway;Minbu;MMR;MMR009D002;MMR009;February;2012;0;0
Myanmar;Sagaing;Hkamti;MMR;MMR005D008;MMR005;February;2012;0;0
Myanmar;Sagaing;Katha;MMR;MMR005D004;MMR005;February;2012;0;0
Myanmar;Sagaing;Shwebo;MMR;MMR005D002;MMR005;February;2012;0;0
Myanmar;Sagaing;Tamu;MMR;MMR005D006;MMR005;February;2012;0;0
Myanmar;Shan-North;Kyaukme;MMR;NA;NA;February;2012;1;2
Myanmar;Shan-North;Matman;MMR;MMR015D007;MMR015;February;2012;0;0
Myanmar;Shan-North;Pa Laung Self-Administered Zone;MMR;NA;NA;February;2012;0;0
Myanmar;Yangon;Yangon-East;MMR;MMR013D002;MMR013;February;2012;0;0
Myanmar;Ayeyarwady;Pathein;MMR;MMR017D001;MMR017;February;2012;0;0
Myanmar;Ayeyarwady;Pyapon;MMR;MMR017D006;MMR017;February;2012;0;0
Myanmar;Bago-East;Taungoo;MMR;MMR007D002;MMR007;February;2012;0;0
Myanmar;Kayah;Loikaw;MMR;MMR002D001;MMR002;February;2012;0;0
Myanmar;Kayin;Kawkareik;MMR;MMR003D003;MMR003;February;2012;0;0
Myanmar;Magway;Thayet;MMR;MMR009D003;MMR009;February;2012;0;0
Myanmar;Mandalay;Kyaukse;MMR;MMR010D003;MMR010;February;2012;0;0
Myanmar;Rakhine;Kyaukpyu;MMR;MMR012D003;MMR012;February;2012;0;0
Myanmar;Shan-East;Monghsat;MMR;MMR016D002;MMR016;February;2012;0;0
Myanmar;Shan-South;Pa-O Self-Administered Zone;MMR;NA;NA;February;2012;0;0
Myanmar;Shan-South;Taunggyi;MMR;MMR014D001;MMR014;February;2012;0;0
Myanmar;Tanintharyi;Dawei;MMR;MMR006D001;MMR006;February;2012;0;0
Myanmar;Yangon;Yangon-North;MMR;MMR013D001;MMR013;February;2012;0;0
Myanmar;Bago-West;Pyay;MMR;MMR008D001;MMR008;February;2012;0;0
Myanmar;Chin;Mindat;MMR;MMR004D002;MMR004;February;2012;0;0
Myanmar;Kachin;Bhamo;MMR;MMR001D003;MMR001;February;2012;1;0
Myanmar;Kachin;Myitkyina;MMR;MMR001D001;MMR001;February;2012;6;21
Myanmar;Magway;Gangaw;MMR;MMR009D005;MMR009;February;2012;0;0
Myanmar;Nay Pyi Taw;Oke Ta Ra;MMR;MMR018D001;MMR018;February;2012;0;0
Myanmar;Rakhine;Thandwe;MMR;MMR012D004;MMR012;February;2012;0;0
Myanmar;Shan-East;Kengtung;MMR;MMR016D001;MMR016;February;2012;5;3
Myanmar;Shan-North;Mongmit;MMR;MMR015D008;MMR015;February;2012;0;0
Myanmar;Yangon;Yangon-South;MMR;MMR013D003;MMR013;February;2012;0;0
Myanmar;Ayeyarwady;Labutta;MMR;MMR017D004;MMR017;February;2012;0;0
Myanmar;Ayeyarwady;Maubin;MMR;MMR017D005;MMR017;February;2012;0;0
Myanmar;Magway;Pakokku;MMR;MMR009D004;MMR009;February;2012;0;0
Myanmar;Mandalay;Myingyan;MMR;MMR010D004;MMR010;February;2012;0;0
Myanmar;Rakhine;Maungdaw;MMR;MMR012D002;MMR012;February;2012;0;0
Myanmar;Rakhine;Mrauk-U;MMR;MMR012D005;MMR012;February;2012;0;0
Myanmar;Shan-North;Hopang;MMR;MMR015D006;MMR015;February;2012;0;0
Myanmar;Shan-North;Kokang Self-Administered Zone;MMR;MMR015D221;MMR015;February;2012;0;0
Myanmar;Shan-North;Muse;MMR;MMR015D002;MMR015;February;2012;1;0
Myanmar;Sagaing;Kale;MMR;MMR005D005;MMR005;February;2012;0;0
Myanmar;Sagaing;Sagaing;MMR;MMR005D001;MMR005;February;2012;0;0
Myanmar;Bago-East;Bago;MMR;MMR007D001;MMR007;February;2012;0;0
Myanmar;Chin;Hakha;MMR;MMR004D003;MMR004;February;2012;0;0
Myanmar;Kachin;Mohnyin;MMR;MMR001D002;MMR001;February;2012;0;0
Myanmar;Kachin;Puta-O;MMR;MMR001D004;MMR001;February;2012;0;0
Myanmar;Kayin;Hpa-An;MMR;MMR003D001;MMR003;February;2012;2;6
Myanmar;Kayin;Myawaddy;MMR;MMR003D002;MMR003;February;2012;0;0
Myanmar;Mandalay;Mandalay;MMR;MMR010D001;MMR010;February;2012;0;0
Myanmar;Mandalay;Meiktila;MMR;MMR010D007;MMR010;February;2012;0;0
Myanmar;Sagaing;Kawlin;MMR;MMR005D011;MMR005;February;2012;0;0
Myanmar;Sagaing;Naga Self-Administered Zone;MMR;NA;NA;February;2012;0;0
Myanmar;Shan-South;Langkho;MMR;MMR014D003;MMR014;February;2012;0;0
Myanmar;Shan-South;Loilen;MMR;MMR014D002;MMR014;February;2012;0;0
Myanmar;Chin;Falam;MMR;MMR004D001;MMR004;February;2012;0;0
Myanmar;Kayin;Hpapun;MMR;MMR003D004;MMR003;February;2012;0;0
Myanmar;Mandalay;Nyaung-U;MMR;MMR010D005;MMR010;February;2012;0;0
Myanmar;Mon;Thaton;MMR;MMR011D002;MMR011;February;2012;0;0
Myanmar;Rakhine;Sittwe;MMR;MMR012D001;MMR012;February;2012;0;0
Myanmar;Sagaing;Mawlaik;MMR;MMR005D007;MMR005;February;2012;0;0
Myanmar;Sagaing;Monywa;MMR;MMR005D003;MMR005;February;2012;0;0
Myanmar;Sagaing;Yinmarbin;MMR;MMR005D009;MMR005;February;2012;0;0
Myanmar;Shan-East;Tachileik;MMR;MMR016D003;MMR016;February;2012;8;5
Myanmar;Tanintharyi;Kawthoung;MMR;MMR006D003;MMR006;February;2012;0;0
Myanmar;Yangon;Yangon-West;MMR;MMR013D004;MMR013;February;2012;0;0
Myanmar;Ayeyarwady;Hinthada;MMR;MMR017D002;MMR017;February;2012;0;0
Myanmar;Bago-West;Thayarwady;MMR;MMR008D002;MMR008;February;2012;0;0
Myanmar;Kayah;Bawlake;MMR;MMR002D002;MMR002;February;2012;0;0
Myanmar;Mandalay;Pyinoolwin;MMR;MMR010D002;MMR010;February;2012;0;0
Myanmar;Mandalay;Yamethin;MMR;MMR010D006;MMR010;February;2012;0;0
Myanmar;Mon;Mawlamyine;MMR;MMR011D001;MMR011;February;2012;0;0
Myanmar;Nay Pyi Taw;Det Khi Na;MMR;MMR018D002;MMR018;February;2012;0;0
Myanmar;Sagaing;Kanbalu;MMR;MMR005D010;MMR005;February;2012;0;0
Myanmar;Shan-North;Lashio;MMR;MMR015D001;MMR015;February;2012;0;0
Myanmar;Shan-South;Danu Self-Administered Zone;MMR;NA;NA;February;2012;0;0
Myanmar;Tanintharyi;Myeik;MMR;MMR006D002;MMR006;February;2012;0;0
Myanmar;Ayeyarwady;Myaungmya;MMR;MMR017D003;MMR017;March;2012;0;0
Myanmar;Chin;Matupi;MMR;MMR004D004;MMR004;March;2012;0;0
Myanmar;Magway;Magway;MMR;MMR009D001;MMR009;March;2012;0;0
Myanmar;Magway;Minbu;MMR;MMR009D002;MMR009;March;2012;0;0
Myanmar;Sagaing;Hkamti;MMR;MMR005D008;MMR005;March;2012;0;0
Myanmar;Sagaing;Katha;MMR;MMR005D004;MMR005;March;2012;0;0
Myanmar;Sagaing;Shwebo;MMR;MMR005D002;MMR005;March;2012;0;0
Myanmar;Sagaing;Tamu;MMR;MMR005D006;MMR005;March;2012;0;0
Myanmar;Shan-North;Kyaukme;MMR;NA;NA;March;2012;2;0
Myanmar;Shan-North;Matman;MMR;MMR015D007;MMR015;March;2012;0;0
Myanmar;Shan-North;Pa Laung Self-Administered Zone;MMR;NA;NA;March;2012;4;2
Myanmar;Yangon;Yangon-East;MMR;MMR013D002;MMR013;March;2012;0;0
Myanmar;Ayeyarwady;Pathein;MMR;MMR017D001;MMR017;March;2012;0;0
Myanmar;Ayeyarwady;Pyapon;MMR;MMR017D006;MMR017;March;2012;0;0
Myanmar;Bago-East;Taungoo;MMR;MMR007D002;MMR007;March;2012;0;0
Myanmar;Kayah;Loikaw;MMR;MMR002D001;MMR002;March;2012;0;0
Myanmar;Kayin;Kawkareik;MMR;MMR003D003;MMR003;March;2012;1;0
Myanmar;Magway;Thayet;MMR;MMR009D003;MMR009;March;2012;0;0
Myanmar;Mandalay;Kyaukse;MMR;MMR010D003;MMR010;March;2012;0;0
Myanmar;Rakhine;Kyaukpyu;MMR;MMR012D003;MMR012;March;2012;0;0
Myanmar;Shan-East;Monghsat;MMR;MMR016D002;MMR016;March;2012;0;0
Myanmar;Shan-South;Pa-O Self-Administered Zone;MMR;NA;NA;March;2012;0;0
Myanmar;Shan-South;Taunggyi;MMR;MMR014D001;MMR014;March;2012;0;0
Myanmar;Tanintharyi;Dawei;MMR;MMR006D001;MMR006;March;2012;0;0
Myanmar;Yangon;Yangon-North;MMR;MMR013D001;MMR013;March;2012;0;0
Myanmar;Bago-West;Pyay;MMR;MMR008D001;MMR008;March;2012;0;0
Myanmar;Chin;Mindat;MMR;MMR004D002;MMR004;March;2012;0;0
Myanmar;Kachin;Bhamo;MMR;MMR001D003;MMR001;March;2012;0;0
Myanmar;Kachin;Myitkyina;MMR;MMR001D001;MMR001;March;2012;11;9
Myanmar;Magway;Gangaw;MMR;MMR009D005;MMR009;March;2012;0;0
Myanmar;Nay Pyi Taw;Oke Ta Ra;MMR;MMR018D001;MMR018;March;2012;0;0
Myanmar;Rakhine;Thandwe;MMR;MMR012D004;MMR012;March;2012;0;0
Myanmar;Shan-East;Kengtung;MMR;MMR016D001;MMR016;March;2012;2;3
Myanmar;Shan-North;Mongmit;MMR;MMR015D008;MMR015;March;2012;0;0
Myanmar;Yangon;Yangon-South;MMR;MMR013D003;MMR013;March;2012;0;0
Myanmar;Ayeyarwady;Labutta;MMR;MMR017D004;MMR017;March;2012;0;0
Myanmar;Ayeyarwady;Maubin;MMR;MMR017D005;MMR017;March;2012;0;0
Myanmar;Magway;Pakokku;MMR;MMR009D004;MMR009;March;2012;0;0
Myanmar;Mandalay;Myingyan;MMR;MMR010D004;MMR010;March;2012;0;0
Myanmar;Rakhine;Maungdaw;MMR;MMR012D002;MMR012;March;2012;1;0
Myanmar;Rakhine;Mrauk-U;MMR;MMR012D005;MMR012;March;2012;0;0
Myanmar;Shan-North;Hopang;MMR;MMR015D006;MMR015;March;2012;0;0
Myanmar;Shan-North;Kokang Self-Administered Zone;MMR;MMR015D221;MMR015;March;2012;0;0
Myanmar;Shan-North;Muse;MMR;MMR015D002;MMR015;March;2012;2;8
Myanmar;Sagaing;Kale;MMR;MMR005D005;MMR005;March;2012;0;0
Myanmar;Sagaing;Sagaing;MMR;MMR005D001;MMR005;March;2012;0;0
Myanmar;Bago-East;Bago;MMR;MMR007D001;MMR007;March;2012;0;0
Myanmar;Chin;Hakha;MMR;MMR004D003;MMR004;March;2012;0;0
Myanmar;Kachin;Mohnyin;MMR;MMR001D002;MMR001;March;2012;1;0
Myanmar;Kachin;Puta-O;MMR;MMR001D004;MMR001;March;2012;0;0
Myanmar;Kayin;Hpa-An;MMR;MMR003D001;MMR003;March;2012;0;0
Myanmar;Kayin;Myawaddy;MMR;MMR003D002;MMR003;March;2012;0;0
Myanmar;Mandalay;Mandalay;MMR;MMR010D001;MMR010;March;2012;0;0
Myanmar;Mandalay;Meiktila;MMR;MMR010D007;MMR010;March;2012;0;0
Myanmar;Sagaing;Kawlin;MMR;MMR005D011;MMR005;March;2012;0;0
Myanmar;Sagaing;Naga Self-Administered Zone;MMR;NA;NA;March;2012;0;0
Myanmar;Shan-South;Langkho;MMR;MMR014D003;MMR014;March;2012;0;0
Myanmar;Shan-South;Loilen;MMR;MMR014D002;MMR014;March;2012;1;0
Myanmar;Chin;Falam;MMR;MMR004D001;MMR004;March;2012;0;0
Myanmar;Kayin;Hpapun;MMR;MMR003D004;MMR003;March;2012;6;3
Myanmar;Mandalay;Nyaung-U;MMR;MMR010D005;MMR010;March;2012;0;0
Myanmar;Mon;Thaton;MMR;MMR011D002;MMR011;March;2012;0;0
Myanmar;Rakhine;Sittwe;MMR;MMR012D001;MMR012;March;2012;1;0
Myanmar;Sagaing;Mawlaik;MMR;MMR005D007;MMR005;March;2012;0;0
Myanmar;Sagaing;Monywa;MMR;MMR005D003;MMR005;March;2012;0;0
Myanmar;Sagaing;Yinmarbin;MMR;MMR005D009;MMR005;March;2012;0;0
Myanmar;Shan-East;Tachileik;MMR;MMR016D003;MMR016;March;2012;1;0
Myanmar;Tanintharyi;Kawthoung;MMR;MMR006D003;MMR006;March;2012;0;0
Myanmar;Yangon;Yangon-West;MMR;MMR013D004;MMR013;March;2012;0;0
Myanmar;Ayeyarwady;Hinthada;MMR;MMR017D002;MMR017;March;2012;1;0
Myanmar;Bago-West;Thayarwady;MMR;MMR008D002;MMR008;March;2012;0;0
Myanmar;Kayah;Bawlake;MMR;MMR002D002;MMR002;March;2012;0;0
Myanmar;Mandalay;Pyinoolwin;MMR;MMR010D002;MMR010;March;2012;0;0
Myanmar;Mandalay;Yamethin;MMR;MMR010D006;MMR010;March;2012;0;0
Myanmar;Mon;Mawlamyine;MMR;MMR011D001;MMR011;March;2012;0;0
Myanmar;Nay Pyi Taw;Det Khi Na;MMR;MMR018D002;MMR018;March;2012;0;0
Myanmar;Sagaing;Kanbalu;MMR;MMR005D010;MMR005;March;2012;0;0
Myanmar;Shan-North;Lashio;MMR;MMR015D001;MMR015;March;2012;3;5
Myanmar;Shan-South;Danu Self-Administered Zone;MMR;NA;NA;March;2012;0;0
Myanmar;Tanintharyi;Myeik;MMR;MMR006D002;MMR006;March;2012;0;0
Myanmar;Ayeyarwady;Myaungmya;MMR;MMR017D003;MMR017;April;2012;0;0
Myanmar;Chin;Matupi;MMR;MMR004D004;MMR004;April;2012;0;0
Myanmar;Magway;Magway;MMR;MMR009D001;MMR009;April;2012;0;0
Myanmar;Magway;Minbu;MMR;MMR009D002;MMR009;April;2012;0;0
Myanmar;Sagaing;Hkamti;MMR;MMR005D008;MMR005;April;2012;0;0
Myanmar;Sagaing;Katha;MMR;MMR005D004;MMR005;April;2012;0;0
Myanmar;Sagaing;Shwebo;MMR;MMR005D002;MMR005;April;2012;0;0
Myanmar;Sagaing;Tamu;MMR;MMR005D006;MMR005;April;2012;0;0
Myanmar;Shan-North;Kyaukme;MMR;NA;NA;April;2012;0;0
Myanmar;Shan-North;Matman;MMR;MMR015D007;MMR015;April;2012;0;0
Myanmar;Shan-North;Pa Laung Self-Administered Zone;MMR;NA;NA;April;2012;0;0
Myanmar;Yangon;Yangon-East;MMR;MMR013D002;MMR013;April;2012;0;0
Myanmar;Ayeyarwady;Pathein;MMR;MMR017D001;MMR017;April;2012;0;0
Myanmar;Ayeyarwady;Pyapon;MMR;MMR017D006;MMR017;April;2012;0;0
Myanmar;Bago-East;Taungoo;MMR;MMR007D002;MMR007;April;2012;0;0
Myanmar;Kayah;Loikaw;MMR;MMR002D001;MMR002;April;2012;0;0
Myanmar;Kayin;Kawkareik;MMR;MMR003D003;MMR003;April;2012;0;0
Myanmar;Magway;Thayet;MMR;MMR009D003;MMR009;April;2012;0;0
Myanmar;Mandalay;Kyaukse;MMR;MMR010D003;MMR010;April;2012;0;0
Myanmar;Rakhine;Kyaukpyu;MMR;MMR012D003;MMR012;April;2012;0;0
Myanmar;Shan-East;Monghsat;MMR;MMR016D002;MMR016;April;2012;0;0
Myanmar;Shan-South;Pa-O Self-Administered Zone;MMR;NA;NA;April;2012;0;0
Myanmar;Shan-South;Taunggyi;MMR;MMR014D001;MMR014;April;2012;0;0
Myanmar;Tanintharyi;Dawei;MMR;MMR006D001;MMR006;April;2012;0;0
Myanmar;Yangon;Yangon-North;MMR;MMR013D001;MMR013;April;2012;0;0
Myanmar;Bago-West;Pyay;MMR;MMR008D001;MMR008;April;2012;0;0
Myanmar;Chin;Mindat;MMR;MMR004D002;MMR004;April;2012;0;0
Myanmar;Kachin;Bhamo;MMR;MMR001D003;MMR001;April;2012;6;2
Myanmar;Kachin;Myitkyina;MMR;MMR001D001;MMR001;April;2012;20;42
Myanmar;Magway;Gangaw;MMR;MMR009D005;MMR009;April;2012;0;0
Myanmar;Nay Pyi Taw;Oke Ta Ra;MMR;MMR018D001;MMR018;April;2012;0;0
Myanmar;Rakhine;Thandwe;MMR;MMR012D004;MMR012;April;2012;0;0
Myanmar;Shan-East;Kengtung;MMR;MMR016D001;MMR016;April;2012;0;0
Myanmar;Shan-North;Mongmit;MMR;MMR015D008;MMR015;April;2012;0;0
Myanmar;Yangon;Yangon-South;MMR;MMR013D003;MMR013;April;2012;0;0
Myanmar;Ayeyarwady;Labutta;MMR;MMR017D004;MMR017;April;2012;0;0
Myanmar;Ayeyarwady;Maubin;MMR;MMR017D005;MMR017;April;2012;0;0
Myanmar;Magway;Pakokku;MMR;MMR009D004;MMR009;April;2012;0;0
Myanmar;Mandalay;Myingyan;MMR;MMR010D004;MMR010;April;2012;0;0
Myanmar;Rakhine;Maungdaw;MMR;MMR012D002;MMR012;April;2012;1;1
Myanmar;Rakhine;Mrauk-U;MMR;MMR012D005;MMR012;April;2012;0;0
Myanmar;Shan-North;Hopang;MMR;MMR015D006;MMR015;April;2012;0;0
Myanmar;Shan-North;Kokang Self-Administered Zone;MMR;MMR015D221;MMR015;April;2012;0;0
Myanmar;Shan-North;Muse;MMR;MMR015D002;MMR015;April;2012;1;1
Myanmar;Sagaing;Kale;MMR;MMR005D005;MMR005;April;2012;0;0
Myanmar;Sagaing;Sagaing;MMR;MMR005D001;MMR005;April;2012;0;0
Myanmar;Bago-East;Bago;MMR;MMR007D001;MMR007;April;2012;0;0
Myanmar;Chin;Hakha;MMR;MMR004D003;MMR004;April;2012;0;0
Myanmar;Kachin;Mohnyin;MMR;MMR001D002;MMR001;April;2012;3;0
Myanmar;Kachin;Puta-O;MMR;MMR001D004;MMR001;April;2012;0;0
Myanmar;Kayin;Hpa-An;MMR;MMR003D001;MMR003;April;2012;0;0
Myanmar;Kayin;Myawaddy;MMR;MMR003D002;MMR003;April;2012;0;0
Myanmar;Mandalay;Mandalay;MMR;MMR010D001;MMR010;April;2012;0;0
Myanmar;Mandalay;Meiktila;MMR;MMR010D007;MMR010;April;2012;0;0
Myanmar;Sagaing;Kawlin;MMR;MMR005D011;MMR005;April;2012;0;0
Myanmar;Sagaing;Naga Self-Administered Zone;MMR;NA;NA;April;2012;0;0
Myanmar;Shan-South;Langkho;MMR;MMR014D003;MMR014;April;2012;0;0
Myanmar;Shan-South;Loilen;MMR;MMR014D002;MMR014;April;2012;0;0
Myanmar;Chin;Falam;MMR;MMR004D001;MMR004;April;2012;0;0
Myanmar;Kayin;Hpapun;MMR;MMR003D004;MMR003;April;2012;0;0
Myanmar;Mandalay;Nyaung-U;MMR;MMR010D005;MMR010;April;2012;0;0
Myanmar;Mon;Thaton;MMR;MMR011D002;MMR011;April;2012;0;0
Myanmar;Rakhine;Sittwe;MMR;MMR012D001;MMR012;April;2012;0;0
Myanmar;Sagaing;Mawlaik;MMR;MMR005D007;MMR005;April;2012;0;0
Myanmar;Sagaing;Monywa;MMR;MMR005D003;MMR005;April;2012;0;0
Myanmar;Sagaing;Yinmarbin;MMR;MMR005D009;MMR005;April;2012;0;0
Myanmar;Shan-East;Tachileik;MMR;MMR016D003;MMR016;April;2012;0;0
Myanmar;Tanintharyi;Kawthoung;MMR;MMR006D003;MMR006;April;2012;0;0
Myanmar;Yangon;Yangon-West;MMR;MMR013D004;MMR013;April;2012;0;0
Myanmar;Ayeyarwady;Hinthada;MMR;MMR017D002;MMR017;April;2012;0;0
Myanmar;Bago-West;Thayarwady;MMR;MMR008D002;MMR008;April;2012;0;0
Myanmar;Kayah;Bawlake;MMR;MMR002D002;MMR002;April;2012;0;0
Myanmar;Mandalay;Pyinoolwin;MMR;MMR010D002;MMR010;April;2012;0;0
Myanmar;Mandalay;Yamethin;MMR;MMR010D006;MMR010;April;2012;0;0
Myanmar;Mon;Mawlamyine;MMR;MMR011D001;MMR011;April;2012;0;0
Myanmar;Nay Pyi Taw;Det Khi Na;MMR;MMR018D002;MMR018;April;2012;0;0
Myanmar;Sagaing;Kanbalu;MMR;MMR005D010;MMR005;April;2012;0;0
Myanmar;Shan-North;Lashio;MMR;MMR015D001;MMR015;April;2012;3;18
Myanmar;Shan-South;Danu Self-Administered Zone;MMR;NA;NA;April;2012;0;0
Myanmar;Tanintharyi;Myeik;MMR;MMR006D002;MMR006;April;2012;0;0
Myanmar;Ayeyarwady;Myaungmya;MMR;MMR017D003;MMR017;May;2012;0;0
Myanmar;Chin;Matupi;MMR;MMR004D004;MMR004;May;2012;0;0
Myanmar;Magway;Magway;MMR;MMR009D001;MMR009;May;2012;0;0
Myanmar;Magway;Minbu;MMR;MMR009D002;MMR009;May;2012;0;0
Myanmar;Sagaing;Hkamti;MMR;MMR005D008;MMR005;May;2012;0;0
Myanmar;Sagaing;Katha;MMR;MMR005D004;MMR005;May;2012;0;0
Myanmar;Sagaing;Shwebo;MMR;MMR005D002;MMR005;May;2012;0;0
Myanmar;Sagaing;Tamu;MMR;MMR005D006;MMR005;May;2012;0;0
Myanmar;Shan-North;Kyaukme;MMR;NA;NA;May;2012;2;0
Myanmar;Shan-North;Matman;MMR;MMR015D007;MMR015;May;2012;0;0
Myanmar;Shan-North;Pa Laung Self-Administered Zone;MMR;NA;NA;May;2012;2;8
Myanmar;Yangon;Yangon-East;MMR;MMR013D002;MMR013;May;2012;0;0
Myanmar;Ayeyarwady;Pathein;MMR;MMR017D001;MMR017;May;2012;0;0
Myanmar;Ayeyarwady;Pyapon;MMR;MMR017D006;MMR017;May;2012;0;0
Myanmar;Bago-East;Taungoo;MMR;MMR007D002;MMR007;May;2012;0;0
Myanmar;Kayah;Loikaw;MMR;MMR002D001;MMR002;May;2012;0;0
Myanmar;Kayin;Kawkareik;MMR;MMR003D003;MMR003;May;2012;0;0
Myanmar;Magway;Thayet;MMR;MMR009D003;MMR009;May;2012;0;0
Myanmar;Mandalay;Kyaukse;MMR;MMR010D003;MMR010;May;2012;0;0
Myanmar;Rakhine;Kyaukpyu;MMR;MMR012D003;MMR012;May;2012;1;1
Myanmar;Shan-East;Monghsat;MMR;MMR016D002;MMR016;May;2012;1;0
Myanmar;Shan-South;Pa-O Self-Administered Zone;MMR;NA;NA;May;2012;0;0
Myanmar;Shan-South;Taunggyi;MMR;MMR014D001;MMR014;May;2012;0;0
Myanmar;Tanintharyi;Dawei;MMR;MMR006D001;MMR006;May;2012;0;0
Myanmar;Yangon;Yangon-North;MMR;MMR013D001;MMR013;May;2012;0;0
Myanmar;Bago-West;Pyay;MMR;MMR008D001;MMR008;May;2012;0;0
Myanmar;Chin;Mindat;MMR;MMR004D002;MMR004;May;2012;0;0
Myanmar;Kachin;Bhamo;MMR;MMR001D003;MMR001;May;2012;8;70
Myanmar;Kachin;Myitkyina;MMR;MMR001D001;MMR001;May;2012;24;26
Myanmar;Magway;Gangaw;MMR;MMR009D005;MMR009;May;2012;0;0
Myanmar;Nay Pyi Taw;Oke Ta Ra;MMR;MMR018D001;MMR018;May;2012;0;0
Myanmar;Rakhine;Thandwe;MMR;MMR012D004;MMR012;May;2012;0;0
Myanmar;Shan-East;Kengtung;MMR;MMR016D001;MMR016;May;2012;1;0
Myanmar;Shan-North;Mongmit;MMR;MMR015D008;MMR015;May;2012;0;0
Myanmar;Yangon;Yangon-South;MMR;MMR013D003;MMR013;May;2012;0;0
Myanmar;Ayeyarwady;Labutta;MMR;MMR017D004;MMR017;May;2012;0;0
Myanmar;Ayeyarwady;Maubin;MMR;MMR017D005;MMR017;May;2012;0;0
Myanmar;Magway;Pakokku;MMR;MMR009D004;MMR009;May;2012;0;0
Myanmar;Mandalay;Myingyan;MMR;MMR010D004;MMR010;May;2012;0;0
Myanmar;Rakhine;Maungdaw;MMR;MMR012D002;MMR012;May;2012;0;0
Myanmar;Rakhine;Mrauk-U;MMR;MMR012D005;MMR012;May;2012;0;0
Myanmar;Shan-North;Hopang;MMR;MMR015D006;MMR015;May;2012;0;0
Myanmar;Shan-North;Kokang Self-Administered Zone;MMR;MMR015D221;MMR015;May;2012;0;0
Myanmar;Shan-North;Muse;MMR;MMR015D002;MMR015;May;2012;5;4
Myanmar;Sagaing;Kale;MMR;MMR005D005;MMR005;May;2012;0;0
Myanmar;Sagaing;Sagaing;MMR;MMR005D001;MMR005;May;2012;0;0
Myanmar;Bago-East;Bago;MMR;MMR007D001;MMR007;May;2012;0;0
Myanmar;Chin;Hakha;MMR;MMR004D003;MMR004;May;2012;0;0
Myanmar;Kachin;Mohnyin;MMR;MMR001D002;MMR001;May;2012;2;0
Myanmar;Kachin;Puta-O;MMR;MMR001D004;MMR001;May;2012;2;9
Myanmar;Kayin;Hpa-An;MMR;MMR003D001;MMR003;May;2012;0;0
Myanmar;Kayin;Myawaddy;MMR;MMR003D002;MMR003;May;2012;0;0
Myanmar;Mandalay;Mandalay;MMR;MMR010D001;MMR010;May;2012;0;0
Myanmar;Mandalay;Meiktila;MMR;MMR010D007;MMR010;May;2012;0;0
Myanmar;Sagaing;Kawlin;MMR;MMR005D011;MMR005;May;2012;0;0
Myanmar;Sagaing;Naga Self-Administered Zone;MMR;NA;NA;May;2012;0;0
Myanmar;Shan-South;Langkho;MMR;MMR014D003;MMR014;May;2012;1;0
Myanmar;Shan-South;Loilen;MMR;MMR014D002;MMR014;May;2012;0;0
Myanmar;Chin;Falam;MMR;MMR004D001;MMR004;May;2012;0;0
Myanmar;Kayin;Hpapun;MMR;MMR003D004;MMR003;May;2012;0;0
Myanmar;Mandalay;Nyaung-U;MMR;MMR010D005;MMR010;May;2012;0;0
Myanmar;Mon;Thaton;MMR;MMR011D002;MMR011;May;2012;0;0
Myanmar;Rakhine;Sittwe;MMR;MMR012D001;MMR012;May;2012;0;0
Myanmar;Sagaing;Mawlaik;MMR;MMR005D007;MMR005;May;2012;0;0
Myanmar;Sagaing;Monywa;MMR;MMR005D003;MMR005;May;2012;0;0
Myanmar;Sagaing;Yinmarbin;MMR;MMR005D009;MMR005;May;2012;0;0
Myanmar;Shan-East;Tachileik;MMR;MMR016D003;MMR016;May;2012;0;0
Myanmar;Tanintharyi;Kawthoung;MMR;MMR006D003;MMR006;May;2012;0;0
Myanmar;Yangon;Yangon-West;MMR;MMR013D004;MMR013;May;2012;0;0
Myanmar;Ayeyarwady;Hinthada;MMR;MMR017D002;MMR017;May;2012;0;0
Myanmar;Bago-West;Thayarwady;MMR;MMR008D002;MMR008;May;2012;0;0
Myanmar;Kayah;Bawlake;MMR;MMR002D002;MMR002;May;2012;0;0
Myanmar;Mandalay;Pyinoolwin;MMR;MMR010D002;MMR010;May;2012;0;0
Myanmar;Mandalay;Yamethin;MMR;MMR010D006;MMR010;May;2012;0;0
Myanmar;Mon;Mawlamyine;MMR;MMR011D001;MMR011;May;2012;0;0
Myanmar;Nay Pyi Taw;Det Khi Na;MMR;MMR018D002;MMR018;May;2012;0;0
Myanmar;Sagaing;Kanbalu;MMR;MMR005D010;MMR005;May;2012;0;0
Myanmar;Shan-North;Lashio;MMR;MMR015D001;MMR015;May;2012;0;0
Myanmar;Shan-South;Danu Self-Administered Zone;MMR;NA;NA;May;2012;0;0
Myanmar;Tanintharyi;Myeik;MMR;MMR006D002;MMR006;May;2012;0;0
Myanmar;Ayeyarwady;Myaungmya;MMR;MMR017D003;MMR017;June;2012;0;0
Myanmar;Chin;Matupi;MMR;MMR004D004;MMR004;June;2012;0;0
Myanmar;Magway;Magway;MMR;MMR009D001;MMR009;June;2012;0;0
Myanmar;Magway;Minbu;MMR;MMR009D002;MMR009;June;2012;0;0
Myanmar;Sagaing;Hkamti;MMR;MMR005D008;MMR005;June;2012;0;0
Myanmar;Sagaing;Katha;MMR;MMR005D004;MMR005;June;2012;0;0
Myanmar;Sagaing;Shwebo;MMR;MMR005D002;MMR005;June;2012;0;0
Myanmar;Sagaing;Tamu;MMR;MMR005D006;MMR005;June;2012;0;0
Myanmar;Shan-North;Kyaukme;MMR;NA;NA;June;2012;1;0
Myanmar;Shan-North;Matman;MMR;MMR015D007;MMR015;June;2012;0;0
Myanmar;Shan-North;Pa Laung Self-Administered Zone;MMR;NA;NA;June;2012;2;0
Myanmar;Yangon;Yangon-East;MMR;MMR013D002;MMR013;June;2012;0;0
Myanmar;Ayeyarwady;Pathein;MMR;MMR017D001;MMR017;June;2012;0;0
Myanmar;Ayeyarwady;Pyapon;MMR;MMR017D006;MMR017;June;2012;0;0
Myanmar;Bago-East;Taungoo;MMR;MMR007D002;MMR007;June;2012;0;0
Myanmar;Kayah;Loikaw;MMR;MMR002D001;MMR002;June;2012;1;5
Myanmar;Kayin;Kawkareik;MMR;MMR003D003;MMR003;June;2012;0;0
Myanmar;Magway;Thayet;MMR;MMR009D003;MMR009;June;2012;0;0
Myanmar;Mandalay;Kyaukse;MMR;MMR010D003;MMR010;June;2012;0;0
Myanmar;Rakhine;Kyaukpyu;MMR;MMR012D003;MMR012;June;2012;1;0
Myanmar;Shan-East;Monghsat;MMR;MMR016D002;MMR016;June;2012;2;3
Myanmar;Shan-South;Pa-O Self-Administered Zone;MMR;NA;NA;June;2012;0;0
Myanmar;Shan-South;Taunggyi;MMR;MMR014D001;MMR014;June;2012;0;0
Myanmar;Tanintharyi;Dawei;MMR;MMR006D001;MMR006;June;2012;0;0
Myanmar;Yangon;Yangon-North;MMR;MMR013D001;MMR013;June;2012;0;0
Myanmar;Bago-West;Pyay;MMR;MMR008D001;MMR008;June;2012;0;0
Myanmar;Chin;Mindat;MMR;MMR004D002;MMR004;June;2012;0;0
Myanmar;Kachin;Bhamo;MMR;MMR001D003;MMR001;June;2012;3;18
Myanmar;Kachin;Myitkyina;MMR;MMR001D001;MMR001;June;2012;11;1
Myanmar;Magway;Gangaw;MMR;MMR009D005;MMR009;June;2012;0;0
Myanmar;Nay Pyi Taw;Oke Ta Ra;MMR;MMR018D001;MMR018;June;2012;0;0
Myanmar;Rakhine;Thandwe;MMR;MMR012D004;MMR012;June;2012;1;10
Myanmar;Shan-East;Kengtung;MMR;MMR016D001;MMR016;June;2012;1;0
Myanmar;Shan-North;Mongmit;MMR;MMR015D008;MMR015;June;2012;0;0
Myanmar;Yangon;Yangon-South;MMR;MMR013D003;MMR013;June;2012;0;0
Myanmar;Ayeyarwady;Labutta;MMR;MMR017D004;MMR017;June;2012;0;0
Myanmar;Ayeyarwady;Maubin;MMR;MMR017D005;MMR017;June;2012;0;0
Myanmar;Magway;Pakokku;MMR;MMR009D004;MMR009;June;2012;0;0
Myanmar;Mandalay;Myingyan;MMR;MMR010D004;MMR010;June;2012;0;0
Myanmar;Rakhine;Maungdaw;MMR;MMR012D002;MMR012;June;2012;16;48
Myanmar;Rakhine;Mrauk-U;MMR;MMR012D005;MMR012;June;2012;2;2
Myanmar;Shan-North;Hopang;MMR;MMR015D006;MMR015;June;2012;0;0
Myanmar;Shan-North;Kokang Self-Administered Zone;MMR;MMR015D221;MMR015;June;2012;0;0
Myanmar;Shan-North;Muse;MMR;MMR015D002;MMR015;June;2012;7;2
Myanmar;Sagaing;Kale;MMR;MMR005D005;MMR005;June;2012;0;0
Myanmar;Sagaing;Sagaing;MMR;MMR005D001;MMR005;June;2012;0;0
Myanmar;Bago-East;Bago;MMR;MMR007D001;MMR007;June;2012;0;0
Myanmar;Chin;Hakha;MMR;MMR004D003;MMR004;June;2012;0;0
Myanmar;Kachin;Mohnyin;MMR;MMR001D002;MMR001;June;2012;0;0
Myanmar;Kachin;Puta-O;MMR;MMR001D004;MMR001;June;2012;1;0
Myanmar;Kayin;Hpa-An;MMR;MMR003D001;MMR003;June;2012;0;0
Myanmar;Kayin;Myawaddy;MMR;MMR003D002;MMR003;June;2012;0;0
Myanmar;Mandalay;Mandalay;MMR;MMR010D001;MMR010;June;2012;0;0
Myanmar;Mandalay;Meiktila;MMR;MMR010D007;MMR010;June;2012;0;0
Myanmar;Sagaing;Kawlin;MMR;MMR005D011;MMR005;June;2012;0;0
Myanmar;Sagaing;Naga Self-Administered Zone;MMR;NA;NA;June;2012;0;0
Myanmar;Shan-South;Langkho;MMR;MMR014D003;MMR014;June;2012;1;1
Myanmar;Shan-South;Loilen;MMR;MMR014D002;MMR014;June;2012;7;7
Myanmar;Chin;Falam;MMR;MMR004D001;MMR004;June;2012;0;0
Myanmar;Kayin;Hpapun;MMR;MMR003D004;MMR003;June;2012;1;0
Myanmar;Mandalay;Nyaung-U;MMR;MMR010D005;MMR010;June;2012;0;0
Myanmar;Mon;Thaton;MMR;MMR011D002;MMR011;June;2012;0;0
Myanmar;Rakhine;Sittwe;MMR;MMR012D001;MMR012;June;2012;5;47
Myanmar;Sagaing;Mawlaik;MMR;MMR005D007;MMR005;June;2012;0;0
Myanmar;Sagaing;Monywa;MMR;MMR005D003;MMR005;June;2012;0;0
Myanmar;Sagaing;Yinmarbin;MMR;MMR005D009;MMR005;June;2012;0;0
Myanmar;Shan-East;Tachileik;MMR;MMR016D003;MMR016;June;2012;0;0
Myanmar;Tanintharyi;Kawthoung;MMR;MMR006D003;MMR006;June;2012;0;0
Myanmar;Yangon;Yangon-West;MMR;MMR013D004;MMR013;June;2012;0;0
Myanmar;Ayeyarwady;Hinthada;MMR;MMR017D002;MMR017;June;2012;0;0
Myanmar;Bago-West;Thayarwady;MMR;MMR008D002;MMR008;June;2012;0;0
Myanmar;Kayah;Bawlake;MMR;MMR002D002;MMR002;June;2012;1;5
Myanmar;Mandalay;Pyinoolwin;MMR;MMR010D002;MMR010;June;2012;0;0
Myanmar;Mandalay;Yamethin;MMR;MMR010D006;MMR010;June;2012;0;0
Myanmar;Mon;Mawlamyine;MMR;MMR011D001;MMR011;June;2012;0;0
Myanmar;Nay Pyi Taw;Det Khi Na;MMR;MMR018D002;MMR018;June;2012;0;0
Myanmar;Sagaing;Kanbalu;MMR;MMR005D010;MMR005;June;2012;0;0
Myanmar;Shan-North;Lashio;MMR;MMR015D001;MMR015;June;2012;1;2
Myanmar;Shan-South;Danu Self-Administered Zone;MMR;NA;NA;June;2012;0;0
Myanmar;Tanintharyi;Myeik;MMR;MMR006D002;MMR006;June;2012;0;0
Myanmar;Ayeyarwady;Myaungmya;MMR;MMR017D003;MMR017;July;2012;0;0
Myanmar;Chin;Matupi;MMR;MMR004D004;MMR004;July;2012;0;0
Myanmar;Magway;Magway;MMR;MMR009D001;MMR009;July;2012;0;0
Myanmar;Magway;Minbu;MMR;MMR009D002;MMR009;July;2012;0;0
Myanmar;Sagaing;Hkamti;MMR;MMR005D008;MMR005;July;2012;0;0
Myanmar;Sagaing;Katha;MMR;MMR005D004;MMR005;July;2012;0;0
Myanmar;Sagaing;Shwebo;MMR;MMR005D002;MMR005;July;2012;0;0
Myanmar;Sagaing;Tamu;MMR;MMR005D006;MMR005;July;2012;0;0
Myanmar;Shan-North;Kyaukme;MMR;NA;NA;July;2012;1;10
Myanmar;Shan-North;Matman;MMR;MMR015D007;MMR015;July;2012;0;0
Myanmar;Shan-North;Pa Laung Self-Administered Zone;MMR;NA;NA;July;2012;0;0
Myanmar;Yangon;Yangon-East;MMR;MMR013D002;MMR013;July;2012;0;0
Myanmar;Ayeyarwady;Pathein;MMR;MMR017D001;MMR017;July;2012;0;0
Myanmar;Ayeyarwady;Pyapon;MMR;MMR017D006;MMR017;July;2012;0;0
Myanmar;Bago-East;Taungoo;MMR;MMR007D002;MMR007;July;2012;0;0
Myanmar;Kayah;Loikaw;MMR;MMR002D001;MMR002;July;2012;0;0
Myanmar;Kayin;Kawkareik;MMR;MMR003D003;MMR003;July;2012;0;0
Myanmar;Magway;Thayet;MMR;MMR009D003;MMR009;July;2012;0;0
Myanmar;Mandalay;Kyaukse;MMR;MMR010D003;MMR010;July;2012;0;0
Myanmar;Rakhine;Kyaukpyu;MMR;MMR012D003;MMR012;July;2012;0;0
Myanmar;Shan-East;Monghsat;MMR;MMR016D002;MMR016;July;2012;1;0
Myanmar;Shan-South;Pa-O Self-Administered Zone;MMR;NA;NA;July;2012;0;0
Myanmar;Shan-South;Taunggyi;MMR;MMR014D001;MMR014;July;2012;0;0
Myanmar;Tanintharyi;Dawei;MMR;MMR006D001;MMR006;July;2012;0;0
Myanmar;Yangon;Yangon-North;MMR;MMR013D001;MMR013;July;2012;0;0
Myanmar;Bago-West;Pyay;MMR;MMR008D001;MMR008;July;2012;0;0
Myanmar;Chin;Mindat;MMR;MMR004D002;MMR004;July;2012;0;0
Myanmar;Kachin;Bhamo;MMR;MMR001D003;MMR001;July;2012;5;0
Myanmar;Kachin;Myitkyina;MMR;MMR001D001;MMR001;July;2012;9;5
Myanmar;Magway;Gangaw;MMR;MMR009D005;MMR009;July;2012;0;0
Myanmar;Nay Pyi Taw;Oke Ta Ra;MMR;MMR018D001;MMR018;July;2012;0;0
Myanmar;Rakhine;Thandwe;MMR;MMR012D004;MMR012;July;2012;0;0
Myanmar;Shan-East;Kengtung;MMR;MMR016D001;MMR016;July;2012;1;0
Myanmar;Shan-North;Mongmit;MMR;MMR015D008;MMR015;July;2012;0;0
Myanmar;Yangon;Yangon-South;MMR;MMR013D003;MMR013;July;2012;0;0
Myanmar;Ayeyarwady;Labutta;MMR;MMR017D004;MMR017;July;2012;0;0
Myanmar;Ayeyarwady;Maubin;MMR;MMR017D005;MMR017;July;2012;0;0
Myanmar;Magway;Pakokku;MMR;MMR009D004;MMR009;July;2012;0;0
Myanmar;Mandalay;Myingyan;MMR;MMR010D004;MMR010;July;2012;0;0
Myanmar;Rakhine;Maungdaw;MMR;MMR012D002;MMR012;July;2012;6;11
Myanmar;Rakhine;Mrauk-U;MMR;MMR012D005;MMR012;July;2012;1;1
Myanmar;Shan-North;Hopang;MMR;MMR015D006;MMR015;July;2012;0;0
Myanmar;Shan-North;Kokang Self-Administered Zone;MMR;MMR015D221;MMR015;July;2012;0;0
Myanmar;Shan-North;Muse;MMR;MMR015D002;MMR015;July;2012;13;11
Myanmar;Sagaing;Kale;MMR;MMR005D005;MMR005;July;2012;0;0
Myanmar;Sagaing;Sagaing;MMR;MMR005D001;MMR005;July;2012;0;0
Myanmar;Bago-East;Bago;MMR;MMR007D001;MMR007;July;2012;0;0
Myanmar;Chin;Hakha;MMR;MMR004D003;MMR004;July;2012;0;0
Myanmar;Kachin;Mohnyin;MMR;MMR001D002;MMR001;July;2012;0;0
Myanmar;Kachin;Puta-O;MMR;MMR001D004;MMR001;July;2012;0;0
Myanmar;Kayin;Hpa-An;MMR;MMR003D001;MMR003;July;2012;0;0
Myanmar;Kayin;Myawaddy;MMR;MMR003D002;MMR003;July;2012;0;0
Myanmar;Mandalay;Mandalay;MMR;MMR010D001;MMR010;July;2012;0;0
Myanmar;Mandalay;Meiktila;MMR;MMR010D007;MMR010;July;2012;0;0
Myanmar;Sagaing;Kawlin;MMR;MMR005D011;MMR005;July;2012;0;0
Myanmar;Sagaing;Naga Self-Administered Zone;MMR;NA;NA;July;2012;0;0
Myanmar;Shan-South;Langkho;MMR;MMR014D003;MMR014;July;2012;1;0
Myanmar;Shan-South;Loilen;MMR;MMR014D002;MMR014;July;2012;4;1
Myanmar;Chin;Falam;MMR;MMR004D001;MMR004;July;2012;1;1
Myanmar;Kayin;Hpapun;MMR;MMR003D004;MMR003;July;2012;0;0
Myanmar;Mandalay;Nyaung-U;MMR;MMR010D005;MMR010;July;2012;0;0
Myanmar;Mon;Thaton;MMR;MMR011D002;MMR011;July;2012;0;0
Myanmar;Rakhine;Sittwe;MMR;MMR012D001;MMR012;July;2012;2;2
Myanmar;Sagaing;Mawlaik;MMR;MMR005D007;MMR005;July;2012;0;0
Myanmar;Sagaing;Monywa;MMR;MMR005D003;MMR005;July;2012;0;0
Myanmar;Sagaing;Yinmarbin;MMR;MMR005D009;MMR005;July;2012;0;0
Myanmar;Shan-East;Tachileik;MMR;MMR016D003;MMR016;July;2012;0;0
Myanmar;Tanintharyi;Kawthoung;MMR;MMR006D003;MMR006;July;2012;0;0
Myanmar;Yangon;Yangon-West;MMR;MMR013D004;MMR013;July;2012;0;0
Myanmar;Ayeyarwady;Hinthada;MMR;MMR017D002;MMR017;July;2012;0;0
Myanmar;Bago-West;Thayarwady;MMR;MMR008D002;MMR008;July;2012;0;0
Myanmar;Kayah;Bawlake;MMR;MMR002D002;MMR002;July;2012;0;0
Myanmar;Mandalay;Pyinoolwin;MMR;MMR010D002;MMR010;July;2012;0;0
Myanmar;Mandalay;Yamethin;MMR;MMR010D006;MMR010;July;2012;0;0
Myanmar;Mon;Mawlamyine;MMR;MMR011D001;MMR011;July;2012;0;0
Myanmar;Nay Pyi Taw;Det Khi Na;MMR;MMR018D002;MMR018;July;2012;0;0
Myanmar;Sagaing;Kanbalu;MMR;MMR005D010;MMR005;July;2012;0;0
Myanmar;Shan-North;Lashio;MMR;MMR015D001;MMR015;July;2012;1;0
Myanmar;Shan-South;Danu Self-Administered Zone;MMR;NA;NA;July;2012;0;0
Myanmar;Tanintharyi;Myeik;MMR;MMR006D002;MMR006;July;2012;0;0
Myanmar;Ayeyarwady;Myaungmya;MMR;MMR017D003;MMR017;August;2012;0;0
Myanmar;Chin;Matupi;MMR;MMR004D004;MMR004;August;2012;0;0
Myanmar;Magway;Magway;MMR;MMR009D001;MMR009;August;2012;0;0
Myanmar;Magway;Minbu;MMR;MMR009D002;MMR009;August;2012;0;0
Myanmar;Sagaing;Hkamti;MMR;MMR005D008;MMR005;August;2012;0;0
Myanmar;Sagaing;Katha;MMR;MMR005D004;MMR005;August;2012;0;0
Myanmar;Sagaing;Shwebo;MMR;MMR005D002;MMR005;August;2012;0;0
Myanmar;Sagaing;Tamu;MMR;MMR005D006;MMR005;August;2012;0;0
Myanmar;Shan-North;Kyaukme;MMR;NA;NA;August;2012;2;0
Myanmar;Shan-North;Matman;MMR;MMR015D007;MMR015;August;2012;0;0
Myanmar;Shan-North;Pa Laung Self-Administered Zone;MMR;NA;NA;August;2012;3;0
Myanmar;Yangon;Yangon-East;MMR;MMR013D002;MMR013;August;2012;0;0
Myanmar;Ayeyarwady;Pathein;MMR;MMR017D001;MMR017;August;2012;0;0
Myanmar;Ayeyarwady;Pyapon;MMR;MMR017D006;MMR017;August;2012;0;0
Myanmar;Bago-East;Taungoo;MMR;MMR007D002;MMR007;August;2012;0;0
Myanmar;Kayah;Loikaw;MMR;MMR002D001;MMR002;August;2012;0;0
Myanmar;Kayin;Kawkareik;MMR;MMR003D003;MMR003;August;2012;0;0
Myanmar;Magway;Thayet;MMR;MMR009D003;MMR009;August;2012;0;0
Myanmar;Mandalay;Kyaukse;MMR;MMR010D003;MMR010;August;2012;0;0
Myanmar;Rakhine;Kyaukpyu;MMR;MMR012D003;MMR012;August;2012;0;0
Myanmar;Shan-East;Monghsat;MMR;MMR016D002;MMR016;August;2012;0;0
Myanmar;Shan-South;Pa-O Self-Administered Zone;MMR;NA;NA;August;2012;0;0
Myanmar;Shan-South;Taunggyi;MMR;MMR014D001;MMR014;August;2012;0;0
Myanmar;Tanintharyi;Dawei;MMR;MMR006D001;MMR006;August;2012;0;0
Myanmar;Yangon;Yangon-North;MMR;MMR013D001;MMR013;August;2012;0;0
Myanmar;Bago-West;Pyay;MMR;MMR008D001;MMR008;August;2012;0;0
Myanmar;Chin;Mindat;MMR;MMR004D002;MMR004;August;2012;0;0
Myanmar;Kachin;Bhamo;MMR;MMR001D003;MMR001;August;2012;7;0
Myanmar;Kachin;Myitkyina;MMR;MMR001D001;MMR001;August;2012;20;33
Myanmar;Magway;Gangaw;MMR;MMR009D005;MMR009;August;2012;0;0
Myanmar;Nay Pyi Taw;Oke Ta Ra;MMR;MMR018D001;MMR018;August;2012;0;0
Myanmar;Rakhine;Thandwe;MMR;MMR012D004;MMR012;August;2012;0;0
Myanmar;Shan-East;Kengtung;MMR;MMR016D001;MMR016;August;2012;0;0
Myanmar;Shan-North;Mongmit;MMR;MMR015D008;MMR015;August;2012;0;0
Myanmar;Yangon;Yangon-South;MMR;MMR013D003;MMR013;August;2012;0;0
Myanmar;Ayeyarwady;Labutta;MMR;MMR017D004;MMR017;August;2012;0;0
Myanmar;Ayeyarwady;Maubin;MMR;MMR017D005;MMR017;August;2012;0;0
Myanmar;Magway;Pakokku;MMR;MMR009D004;MMR009;August;2012;0;0
Myanmar;Mandalay;Myingyan;MMR;MMR010D004;MMR010;August;2012;0;0
Myanmar;Rakhine;Maungdaw;MMR;MMR012D002;MMR012;August;2012;5;3
Myanmar;Rakhine;Mrauk-U;MMR;MMR012D005;MMR012;August;2012;8;13
Myanmar;Shan-North;Hopang;MMR;MMR015D006;MMR015;August;2012;0;0
Myanmar;Shan-North;Kokang Self-Administered Zone;MMR;MMR015D221;MMR015;August;2012;0;0
Myanmar;Shan-North;Muse;MMR;MMR015D002;MMR015;August;2012;0;0
Myanmar;Sagaing;Kale;MMR;MMR005D005;MMR005;August;2012;0;0
Myanmar;Sagaing;Sagaing;MMR;MMR005D001;MMR005;August;2012;0;0
Myanmar;Bago-East;Bago;MMR;MMR007D001;MMR007;August;2012;0;0
Myanmar;Chin;Hakha;MMR;MMR004D003;MMR004;August;2012;0;0
Myanmar;Kachin;Mohnyin;MMR;MMR001D002;MMR001;August;2012;4;150
Myanmar;Kachin;Puta-O;MMR;MMR001D004;MMR001;August;2012;0;0
Myanmar;Kayin;Hpa-An;MMR;MMR003D001;MMR003;August;2012;0;0
Myanmar;Kayin;Myawaddy;MMR;MMR003D002;MMR003;August;2012;0;0
Myanmar;Mandalay;Mandalay;MMR;MMR010D001;MMR010;August;2012;0;0
Myanmar;Mandalay;Meiktila;MMR;MMR010D007;MMR010;August;2012;0;0
Myanmar;Sagaing;Kawlin;MMR;MMR005D011;MMR005;August;2012;0;0
Myanmar;Sagaing;Naga Self-Administered Zone;MMR;NA;NA;August;2012;0;0
Myanmar;Shan-South;Langkho;MMR;MMR014D003;MMR014;August;2012;0;0
Myanmar;Shan-South;Loilen;MMR;MMR014D002;MMR014;August;2012;0;0
Myanmar;Chin;Falam;MMR;MMR004D001;MMR004;August;2012;0;0
Myanmar;Kayin;Hpapun;MMR;MMR003D004;MMR003;August;2012;1;4
Myanmar;Mandalay;Nyaung-U;MMR;MMR010D005;MMR010;August;2012;0;0
Myanmar;Mon;Thaton;MMR;MMR011D002;MMR011;August;2012;0;0
Myanmar;Rakhine;Sittwe;MMR;MMR012D001;MMR012;August;2012;0;0
Myanmar;Sagaing;Mawlaik;MMR;MMR005D007;MMR005;August;2012;0;0
Myanmar;Sagaing;Monywa;MMR;MMR005D003;MMR005;August;2012;0;0
Myanmar;Sagaing;Yinmarbin;MMR;MMR005D009;MMR005;August;2012;0;0
Myanmar;Shan-East;Tachileik;MMR;MMR016D003;MMR016;August;2012;0;0
Myanmar;Tanintharyi;Kawthoung;MMR;MMR006D003;MMR006;August;2012;0;0
Myanmar;Yangon;Yangon-West;MMR;MMR013D004;MMR013;August;2012;0;0
Myanmar;Ayeyarwady;Hinthada;MMR;MMR017D002;MMR017;August;2012;0;0
Myanmar;Bago-West;Thayarwady;MMR;MMR008D002;MMR008;August;2012;0;0
Myanmar;Kayah;Bawlake;MMR;MMR002D002;MMR002;August;2012;0;0
Myanmar;Mandalay;Pyinoolwin;MMR;MMR010D002;MMR010;August;2012;0;0
Myanmar;Mandalay;Yamethin;MMR;MMR010D006;MMR010;August;2012;0;0
Myanmar;Mon;Mawlamyine;MMR;MMR011D001;MMR011;August;2012;0;0
Myanmar;Nay Pyi Taw;Det Khi Na;MMR;MMR018D002;MMR018;August;2012;0;0
Myanmar;Sagaing;Kanbalu;MMR;MMR005D010;MMR005;August;2012;0;0
Myanmar;Shan-North;Lashio;MMR;MMR015D001;MMR015;August;2012;0;0
Myanmar;Shan-South;Danu Self-Administered Zone;MMR;NA;NA;August;2012;0;0
Myanmar;Tanintharyi;Myeik;MMR;MMR006D002;MMR006;August;2012;0;0
Myanmar;Ayeyarwady;Myaungmya;MMR;MMR017D003;MMR017;September;2012;0;0
Myanmar;Chin;Matupi;MMR;MMR004D004;MMR004;September;2012;0;0
Myanmar;Magway;Magway;MMR;MMR009D001;MMR009;September;2012;0;0
Myanmar;Magway;Minbu;MMR;MMR009D002;MMR009;September;2012;0;0
Myanmar;Sagaing;Hkamti;MMR;MMR005D008;MMR005;September;2012;0;0
Myanmar;Sagaing;Katha;MMR;MMR005D004;MMR005;September;2012;0;0
Myanmar;Sagaing;Shwebo;MMR;MMR005D002;MMR005;September;2012;0;0
Myanmar;Sagaing;Tamu;MMR;MMR005D006;MMR005;September;2012;0;0
Myanmar;Shan-North;Kyaukme;MMR;NA;NA;September;2012;0;0
Myanmar;Shan-North;Matman;MMR;MMR015D007;MMR015;September;2012;0;0
Myanmar;Shan-North;Pa Laung Self-Administered Zone;MMR;NA;NA;September;2012;0;0
Myanmar;Yangon;Yangon-East;MMR;MMR013D002;MMR013;September;2012;0;0
Myanmar;Ayeyarwady;Pathein;MMR;MMR017D001;MMR017;September;2012;0;0
Myanmar;Ayeyarwady;Pyapon;MMR;MMR017D006;MMR017;September;2012;0;0
Myanmar;Bago-East;Taungoo;MMR;MMR007D002;MMR007;September;2012;0;0
Myanmar;Kayah;Loikaw;MMR;MMR002D001;MMR002;September;2012;0;0
Myanmar;Kayin;Kawkareik;MMR;MMR003D003;MMR003;September;2012;0;0
Myanmar;Magway;Thayet;MMR;MMR009D003;MMR009;September;2012;0;0
Myanmar;Mandalay;Kyaukse;MMR;MMR010D003;MMR010;September;2012;0;0
Myanmar;Rakhine;Kyaukpyu;MMR;MMR012D003;MMR012;September;2012;0;0
Myanmar;Shan-East;Monghsat;MMR;MMR016D002;MMR016;September;2012;0;0
Myanmar;Shan-South;Pa-O Self-Administered Zone;MMR;NA;NA;September;2012;0;0
Myanmar;Shan-South;Taunggyi;MMR;MMR014D001;MMR014;September;2012;0;0
Myanmar;Tanintharyi;Dawei;MMR;MMR006D001;MMR006;September;2012;0;0
Myanmar;Yangon;Yangon-North;MMR;MMR013D001;MMR013;September;2012;0;0
Myanmar;Bago-West;Pyay;MMR;MMR008D001;MMR008;September;2012;0;0
Myanmar;Chin;Mindat;MMR;MMR004D002;MMR004;September;2012;0;0
Myanmar;Kachin;Bhamo;MMR;MMR001D003;MMR001;September;2012;2;1
Myanmar;Kachin;Myitkyina;MMR;MMR001D001;MMR001;September;2012;14;15
Myanmar;Magway;Gangaw;MMR;MMR009D005;MMR009;September;2012;0;0
Myanmar;Nay Pyi Taw;Oke Ta Ra;MMR;MMR018D001;MMR018;September;2012;0;0
Myanmar;Rakhine;Thandwe;MMR;MMR012D004;MMR012;September;2012;0;0
Myanmar;Shan-East;Kengtung;MMR;MMR016D001;MMR016;September;2012;1;0
Myanmar;Shan-North;Mongmit;MMR;MMR015D008;MMR015;September;2012;0;0
Myanmar;Yangon;Yangon-South;MMR;MMR013D003;MMR013;September;2012;0;0
Myanmar;Ayeyarwady;Labutta;MMR;MMR017D004;MMR017;September;2012;0;0
Myanmar;Ayeyarwady;Maubin;MMR;MMR017D005;MMR017;September;2012;0;0
Myanmar;Magway;Pakokku;MMR;MMR009D004;MMR009;September;2012;0;0
Myanmar;Mandalay;Myingyan;MMR;MMR010D004;MMR010;September;2012;0;0
Myanmar;Rakhine;Maungdaw;MMR;MMR012D002;MMR012;September;2012;1;0
Myanmar;Rakhine;Mrauk-U;MMR;MMR012D005;MMR012;September;2012;0;0
Myanmar;Shan-North;Hopang;MMR;MMR015D006;MMR015;September;2012;0;0
Myanmar;Shan-North;Kokang Self-Administered Zone;MMR;MMR015D221;MMR015;September;2012;0;0
Myanmar;Shan-North;Muse;MMR;MMR015D002;MMR015;September;2012;3;2
Myanmar;Sagaing;Kale;MMR;MMR005D005;MMR005;September;2012;0;0
Myanmar;Sagaing;Sagaing;MMR;MMR005D001;MMR005;September;2012;0;0
Myanmar;Bago-East;Bago;MMR;MMR007D001;MMR007;September;2012;0;0
Myanmar;Chin;Hakha;MMR;MMR004D003;MMR004;September;2012;0;0
Myanmar;Kachin;Mohnyin;MMR;MMR001D002;MMR001;September;2012;7;5
Myanmar;Kachin;Puta-O;MMR;MMR001D004;MMR001;September;2012;0;0
Myanmar;Kayin;Hpa-An;MMR;MMR003D001;MMR003;September;2012;0;0
Myanmar;Kayin;Myawaddy;MMR;MMR003D002;MMR003;September;2012;0;0
Myanmar;Mandalay;Mandalay;MMR;MMR010D001;MMR010;September;2012;0;0
Myanmar;Mandalay;Meiktila;MMR;MMR010D007;MMR010;September;2012;0;0
Myanmar;Sagaing;Kawlin;MMR;MMR005D011;MMR005;September;2012;0;0
Myanmar;Sagaing;Naga Self-Administered Zone;MMR;NA;NA;September;2012;0;0
Myanmar;Shan-South;Langkho;MMR;MMR014D003;MMR014;September;2012;1;0
Myanmar;Shan-South;Loilen;MMR;MMR014D002;MMR014;September;2012;1;10
Myanmar;Chin;Falam;MMR;MMR004D001;MMR004;September;2012;0;0
Myanmar;Kayin;Hpapun;MMR;MMR003D004;MMR003;September;2012;0;0
Myanmar;Mandalay;Nyaung-U;MMR;MMR010D005;MMR010;September;2012;0;0
Myanmar;Mon;Thaton;MMR;MMR011D002;MMR011;September;2012;0;0
Myanmar;Rakhine;Sittwe;MMR;MMR012D001;MMR012;September;2012;0;0
Myanmar;Sagaing;Mawlaik;MMR;MMR005D007;MMR005;September;2012;0;0
Myanmar;Sagaing;Monywa;MMR;MMR005D003;MMR005;September;2012;0;0
Myanmar;Sagaing;Yinmarbin;MMR;MMR005D009;MMR005;September;2012;1;0
Myanmar;Shan-East;Tachileik;MMR;MMR016D003;MMR016;September;2012;0;0
Myanmar;Tanintharyi;Kawthoung;MMR;MMR006D003;MMR006;September;2012;0;0
Myanmar;Yangon;Yangon-West;MMR;MMR013D004;MMR013;September;2012;0;0
Myanmar;Ayeyarwady;Hinthada;MMR;MMR017D002;MMR017;September;2012;0;0
Myanmar;Bago-West;Thayarwady;MMR;MMR008D002;MMR008;September;2012;0;0
Myanmar;Kayah;Bawlake;MMR;MMR002D002;MMR002;September;2012;0;0
Myanmar;Mandalay;Pyinoolwin;MMR;MMR010D002;MMR010;September;2012;0;0
Myanmar;Mandalay;Yamethin;MMR;MMR010D006;MMR010;September;2012;0;0
Myanmar;Mon;Mawlamyine;MMR;MMR011D001;MMR011;September;2012;0;0
Myanmar;Nay Pyi Taw;Det Khi Na;MMR;MMR018D002;MMR018;September;2012;0;0
Myanmar;Sagaing;Kanbalu;MMR;MMR005D010;MMR005;September;2012;0;0
Myanmar;Shan-North;Lashio;MMR;MMR015D001;MMR015;September;2012;0;0
Myanmar;Shan-South;Danu Self-Administered Zone;MMR;NA;NA;September;2012;0;0
Myanmar;Tanintharyi;Myeik;MMR;MMR006D002;MMR006;September;2012;0;0
Myanmar;Ayeyarwady;Myaungmya;MMR;MMR017D003;MMR017;October;2012;0;0
Myanmar;Chin;Matupi;MMR;MMR004D004;MMR004;October;2012;0;0
Myanmar;Magway;Magway;MMR;MMR009D001;MMR009;October;2012;0;0
Myanmar;Magway;Minbu;MMR;MMR009D002;MMR009;October;2012;0;0
Myanmar;Sagaing;Hkamti;MMR;MMR005D008;MMR005;October;2012;0;0
Myanmar;Sagaing;Katha;MMR;MMR005D004;MMR005;October;2012;0;0
Myanmar;Sagaing;Shwebo;MMR;MMR005D002;MMR005;October;2012;0;0
Myanmar;Sagaing;Tamu;MMR;MMR005D006;MMR005;October;2012;0;0
Myanmar;Shan-North;Kyaukme;MMR;NA;NA;October;2012;0;0
Myanmar;Shan-North;Matman;MMR;MMR015D007;MMR015;October;2012;0;0
Myanmar;Shan-North;Pa Laung Self-Administered Zone;MMR;NA;NA;October;2012;6;12
Myanmar;Yangon;Yangon-East;MMR;MMR013D002;MMR013;October;2012;0;0
Myanmar;Ayeyarwady;Pathein;MMR;MMR017D001;MMR017;October;2012;0;0
Myanmar;Ayeyarwady;Pyapon;MMR;MMR017D006;MMR017;October;2012;0;0
Myanmar;Bago-East;Taungoo;MMR;MMR007D002;MMR007;October;2012;0;0
Myanmar;Kayah;Loikaw;MMR;MMR002D001;MMR002;October;2012;0;0
Myanmar;Kayin;Kawkareik;MMR;MMR003D003;MMR003;October;2012;0;0
Myanmar;Magway;Thayet;MMR;MMR009D003;MMR009;October;2012;0;0
Myanmar;Mandalay;Kyaukse;MMR;MMR010D003;MMR010;October;2012;0;0
Myanmar;Rakhine;Kyaukpyu;MMR;MMR012D003;MMR012;October;2012;7;11
Myanmar;Shan-East;Monghsat;MMR;MMR016D002;MMR016;October;2012;0;0
Myanmar;Shan-South;Pa-O Self-Administered Zone;MMR;NA;NA;October;2012;0;0
Myanmar;Shan-South;Taunggyi;MMR;MMR014D001;MMR014;October;2012;0;0
Myanmar;Tanintharyi;Dawei;MMR;MMR006D001;MMR006;October;2012;0;0
Myanmar;Yangon;Yangon-North;MMR;MMR013D001;MMR013;October;2012;0;0
Myanmar;Bago-West;Pyay;MMR;MMR008D001;MMR008;October;2012;0;0
Myanmar;Chin;Mindat;MMR;MMR004D002;MMR004;October;2012;0;0
Myanmar;Kachin;Bhamo;MMR;MMR001D003;MMR001;October;2012;3;0
Myanmar;Kachin;Myitkyina;MMR;MMR001D001;MMR001;October;2012;17;4
Myanmar;Magway;Gangaw;MMR;MMR009D005;MMR009;October;2012;0;0
Myanmar;Nay Pyi Taw;Oke Ta Ra;MMR;MMR018D001;MMR018;October;2012;0;0
Myanmar;Rakhine;Thandwe;MMR;MMR012D004;MMR012;October;2012;1;0
Myanmar;Shan-East;Kengtung;MMR;MMR016D001;MMR016;October;2012;0;0
Myanmar;Shan-North;Mongmit;MMR;MMR015D008;MMR015;October;2012;0;0
Myanmar;Yangon;Yangon-South;MMR;MMR013D003;MMR013;October;2012;0;0
Myanmar;Ayeyarwady;Labutta;MMR;MMR017D004;MMR017;October;2012;0;0
Myanmar;Ayeyarwady;Maubin;MMR;MMR017D005;MMR017;October;2012;0;0
Myanmar;Magway;Pakokku;MMR;MMR009D004;MMR009;October;2012;0;0
Myanmar;Mandalay;Myingyan;MMR;MMR010D004;MMR010;October;2012;0;0
Myanmar;Rakhine;Maungdaw;MMR;MMR012D002;MMR012;October;2012;0;0
Myanmar;Rakhine;Mrauk-U;MMR;MMR012D005;MMR012;October;2012;8;87
Myanmar;Shan-North;Hopang;MMR;MMR015D006;MMR015;October;2012;0;0
Myanmar;Shan-North;Kokang Self-Administered Zone;MMR;MMR015D221;MMR015;October;2012;0;0
Myanmar;Shan-North;Muse;MMR;MMR015D002;MMR015;October;2012;7;25
Myanmar;Sagaing;Kale;MMR;MMR005D005;MMR005;October;2012;0;0
Myanmar;Sagaing;Sagaing;MMR;MMR005D001;MMR005;October;2012;0;0
Myanmar;Bago-East;Bago;MMR;MMR007D001;MMR007;October;2012;0;0
Myanmar;Chin;Hakha;MMR;MMR004D003;MMR004;October;2012;0;0
Myanmar;Kachin;Mohnyin;MMR;MMR001D002;MMR001;October;2012;7;10
Myanmar;Kachin;Puta-O;MMR;MMR001D004;MMR001;October;2012;0;0
Myanmar;Kayin;Hpa-An;MMR;MMR003D001;MMR003;October;2012;2;1
Myanmar;Kayin;Myawaddy;MMR;MMR003D002;MMR003;October;2012;0;0
Myanmar;Mandalay;Mandalay;MMR;MMR010D001;MMR010;October;2012;0;0
Myanmar;Mandalay;Meiktila;MMR;MMR010D007;MMR010;October;2012;0;0
Myanmar;Sagaing;Kawlin;MMR;MMR005D011;MMR005;October;2012;0;0
Myanmar;Sagaing;Naga Self-Administered Zone;MMR;NA;NA;October;2012;0;0
Myanmar;Shan-South;Langkho;MMR;MMR014D003;MMR014;October;2012;0;0
Myanmar;Shan-South;Loilen;MMR;MMR014D002;MMR014;October;2012;0;0
Myanmar;Chin;Falam;MMR;MMR004D001;MMR004;October;2012;0;0
Myanmar;Kayin;Hpapun;MMR;MMR003D004;MMR003;October;2012;0;0
Myanmar;Mandalay;Nyaung-U;MMR;MMR010D005;MMR010;October;2012;0;0
Myanmar;Mon;Thaton;MMR;MMR011D002;MMR011;October;2012;0;0
Myanmar;Rakhine;Sittwe;MMR;MMR012D001;MMR012;October;2012;2;0
Myanmar;Sagaing;Mawlaik;MMR;MMR005D007;MMR005;October;2012;0;0
Myanmar;Sagaing;Monywa;MMR;MMR005D003;MMR005;October;2012;0;0
Myanmar;Sagaing;Yinmarbin;MMR;MMR005D009;MMR005;October;2012;0;0
Myanmar;Shan-East;Tachileik;MMR;MMR016D003;MMR016;October;2012;0;0
Myanmar;Tanintharyi;Kawthoung;MMR;MMR006D003;MMR006;October;2012;0;0
Myanmar;Yangon;Yangon-West;MMR;MMR013D004;MMR013;October;2012;0;0
Myanmar;Ayeyarwady;Hinthada;MMR;MMR017D002;MMR017;October;2012;0;0
Myanmar;Bago-West;Thayarwady;MMR;MMR008D002;MMR008;October;2012;0;0
Myanmar;Kayah;Bawlake;MMR;MMR002D002;MMR002;October;2012;0;0
Myanmar;Mandalay;Pyinoolwin;MMR;MMR010D002;MMR010;October;2012;0;0
Myanmar;Mandalay;Yamethin;MMR;MMR010D006;MMR010;October;2012;0;0
Myanmar;Mon;Mawlamyine;MMR;MMR011D001;MMR011;October;2012;0;0
Myanmar;Nay Pyi Taw;Det Khi Na;MMR;MMR018D002;MMR018;October;2012;0;0
Myanmar;Sagaing;Kanbalu;MMR;MMR005D010;MMR005;October;2012;0;0
Myanmar;Shan-North;Lashio;MMR;MMR015D001;MMR015;October;2012;0;0
Myanmar;Shan-South;Danu Self-Administered Zone;MMR;NA;NA;October;2012;0;0
Myanmar;Tanintharyi;Myeik;MMR;MMR006D002;MMR006;October;2012;0;0
Myanmar;Ayeyarwady;Myaungmya;MMR;MMR017D003;MMR017;November;2012;0;0
Myanmar;Chin;Matupi;MMR;MMR004D004;MMR004;November;2012;0;0
Myanmar;Magway;Magway;MMR;MMR009D001;MMR009;November;2012;0;0
Myanmar;Magway;Minbu;MMR;MMR009D002;MMR009;November;2012;0;0
Myanmar;Sagaing;Hkamti;MMR;MMR005D008;MMR005;November;2012;0;0
Myanmar;Sagaing;Katha;MMR;MMR005D004;MMR005;November;2012;0;0
Myanmar;Sagaing;Shwebo;MMR;MMR005D002;MMR005;November;2012;0;0
Myanmar;Sagaing;Tamu;MMR;MMR005D006;MMR005;November;2012;0;0
Myanmar;Shan-North;Kyaukme;MMR;NA;NA;November;2012;0;0
Myanmar;Shan-North;Matman;MMR;MMR015D007;MMR015;November;2012;0;0
Myanmar;Shan-North;Pa Laung Self-Administered Zone;MMR;NA;NA;November;2012;1;1
Myanmar;Yangon;Yangon-East;MMR;MMR013D002;MMR013;November;2012;0;0
Myanmar;Ayeyarwady;Pathein;MMR;MMR017D001;MMR017;November;2012;0;0
Myanmar;Ayeyarwady;Pyapon;MMR;MMR017D006;MMR017;November;2012;0;0
Myanmar;Bago-East;Taungoo;MMR;MMR007D002;MMR007;November;2012;0;0
Myanmar;Kayah;Loikaw;MMR;MMR002D001;MMR002;November;2012;0;0
Myanmar;Kayin;Kawkareik;MMR;MMR003D003;MMR003;November;2012;0;0
Myanmar;Magway;Thayet;MMR;MMR009D003;MMR009;November;2012;0;0
Myanmar;Mandalay;Kyaukse;MMR;MMR010D003;MMR010;November;2012;0;0
Myanmar;Rakhine;Kyaukpyu;MMR;MMR012D003;MMR012;November;2012;0;0
Myanmar;Shan-East;Monghsat;MMR;MMR016D002;MMR016;November;2012;1;2
Myanmar;Shan-South;Pa-O Self-Administered Zone;MMR;NA;NA;November;2012;0;0
Myanmar;Shan-South;Taunggyi;MMR;MMR014D001;MMR014;November;2012;0;0
Myanmar;Tanintharyi;Dawei;MMR;MMR006D001;MMR006;November;2012;0;0
Myanmar;Yangon;Yangon-North;MMR;MMR013D001;MMR013;November;2012;0;0
Myanmar;Bago-West;Pyay;MMR;MMR008D001;MMR008;November;2012;0;0
Myanmar;Chin;Mindat;MMR;MMR004D002;MMR004;November;2012;0;0
Myanmar;Kachin;Bhamo;MMR;MMR001D003;MMR001;November;2012;1;0
Myanmar;Kachin;Myitkyina;MMR;MMR001D001;MMR001;November;2012;11;7
Myanmar;Magway;Gangaw;MMR;MMR009D005;MMR009;November;2012;0;0
Myanmar;Nay Pyi Taw;Oke Ta Ra;MMR;MMR018D001;MMR018;November;2012;0;0
Myanmar;Rakhine;Thandwe;MMR;MMR012D004;MMR012;November;2012;0;0
Myanmar;Shan-East;Kengtung;MMR;MMR016D001;MMR016;November;2012;0;0
Myanmar;Shan-North;Mongmit;MMR;MMR015D008;MMR015;November;2012;5;1
Myanmar;Yangon;Yangon-South;MMR;MMR013D003;MMR013;November;2012;0;0
Myanmar;Ayeyarwady;Labutta;MMR;MMR017D004;MMR017;November;2012;0;0
Myanmar;Ayeyarwady;Maubin;MMR;MMR017D005;MMR017;November;2012;0;0
Myanmar;Magway;Pakokku;MMR;MMR009D004;MMR009;November;2012;0;0
Myanmar;Mandalay;Myingyan;MMR;MMR010D004;MMR010;November;2012;0;0
Myanmar;Rakhine;Maungdaw;MMR;MMR012D002;MMR012;November;2012;2;1
Myanmar;Rakhine;Mrauk-U;MMR;MMR012D005;MMR012;November;2012;0;0
Myanmar;Shan-North;Hopang;MMR;MMR015D006;MMR015;November;2012;0;0
Myanmar;Shan-North;Kokang Self-Administered Zone;MMR;MMR015D221;MMR015;November;2012;0;0
Myanmar;Shan-North;Muse;MMR;MMR015D002;MMR015;November;2012;6;13
Myanmar;Sagaing;Kale;MMR;MMR005D005;MMR005;November;2012;0;0
Myanmar;Sagaing;Sagaing;MMR;MMR005D001;MMR005;November;2012;0;0
Myanmar;Bago-East;Bago;MMR;MMR007D001;MMR007;November;2012;0;0
Myanmar;Chin;Hakha;MMR;MMR004D003;MMR004;November;2012;0;0
Myanmar;Kachin;Mohnyin;MMR;MMR001D002;MMR001;November;2012;6;5
Myanmar;Kachin;Puta-O;MMR;MMR001D004;MMR001;November;2012;2;4
Myanmar;Kayin;Hpa-An;MMR;MMR003D001;MMR003;November;2012;0;0
Myanmar;Kayin;Myawaddy;MMR;MMR003D002;MMR003;November;2012;0;0
Myanmar;Mandalay;Mandalay;MMR;MMR010D001;MMR010;November;2012;0;0
Myanmar;Mandalay;Meiktila;MMR;MMR010D007;MMR010;November;2012;0;0
Myanmar;Sagaing;Kawlin;MMR;MMR005D011;MMR005;November;2012;0;0
Myanmar;Sagaing;Naga Self-Administered Zone;MMR;NA;NA;November;2012;0;0
Myanmar;Shan-South;Langkho;MMR;MMR014D003;MMR014;November;2012;0;0
Myanmar;Shan-South;Loilen;MMR;MMR014D002;MMR014;November;2012;0;0
Myanmar;Chin;Falam;MMR;MMR004D001;MMR004;November;2012;0;0
Myanmar;Kayin;Hpapun;MMR;MMR003D004;MMR003;November;2012;0;0
Myanmar;Mandalay;Nyaung-U;MMR;MMR010D005;MMR010;November;2012;0;0
Myanmar;Mon;Thaton;MMR;MMR011D002;MMR011;November;2012;0;0
Myanmar;Rakhine;Sittwe;MMR;MMR012D001;MMR012;November;2012;0;0
Myanmar;Sagaing;Mawlaik;MMR;MMR005D007;MMR005;November;2012;0;0
Myanmar;Sagaing;Monywa;MMR;MMR005D003;MMR005;November;2012;1;0
Myanmar;Sagaing;Yinmarbin;MMR;MMR005D009;MMR005;November;2012;0;0
Myanmar;Shan-East;Tachileik;MMR;MMR016D003;MMR016;November;2012;0;0
Myanmar;Tanintharyi;Kawthoung;MMR;MMR006D003;MMR006;November;2012;0;0
Myanmar;Yangon;Yangon-West;MMR;MMR013D004;MMR013;November;2012;0;0
Myanmar;Ayeyarwady;Hinthada;MMR;MMR017D002;MMR017;November;2012;0;0
Myanmar;Bago-West;Thayarwady;MMR;MMR008D002;MMR008;November;2012;0;0
Myanmar;Kayah;Bawlake;MMR;MMR002D002;MMR002;November;2012;0;0
Myanmar;Mandalay;Pyinoolwin;MMR;MMR010D002;MMR010;November;2012;0;0
Myanmar;Mandalay;Yamethin;MMR;MMR010D006;MMR010;November;2012;0;0
Myanmar;Mon;Mawlamyine;MMR;MMR011D001;MMR011;November;2012;0;0
Myanmar;Nay Pyi Taw;Det Khi Na;MMR;MMR018D002;MMR018;November;2012;0;0
Myanmar;Sagaing;Kanbalu;MMR;MMR005D010;MMR005;November;2012;0;0
Myanmar;Shan-North;Lashio;MMR;MMR015D001;MMR015;November;2012;0;0
Myanmar;Shan-South;Danu Self-Administered Zone;MMR;NA;NA;November;2012;0;0
Myanmar;Tanintharyi;Myeik;MMR;MMR006D002;MMR006;November;2012;0;0
Myanmar;Ayeyarwady;Myaungmya;MMR;MMR017D003;MMR017;December;2012;0;0
Myanmar;Chin;Matupi;MMR;MMR004D004;MMR004;December;2012;0;0
Myanmar;Magway;Magway;MMR;MMR009D001;MMR009;December;2012;0;0
Myanmar;Magway;Minbu;MMR;MMR009D002;MMR009;December;2012;0;0
Myanmar;Sagaing;Hkamti;MMR;MMR005D008;MMR005;December;2012;0;0
Myanmar;Sagaing;Katha;MMR;MMR005D004;MMR005;December;2012;0;0
Myanmar;Sagaing;Shwebo;MMR;MMR005D002;MMR005;December;2012;0;0
Myanmar;Sagaing;Tamu;MMR;MMR005D006;MMR005;December;2012;0;0
Myanmar;Shan-North;Kyaukme;MMR;NA;NA;December;2012;1;0
Myanmar;Shan-North;Matman;MMR;MMR015D007;MMR015;December;2012;0;0
Myanmar;Shan-North;Pa Laung Self-Administered Zone;MMR;NA;NA;December;2012;0;0
Myanmar;Yangon;Yangon-East;MMR;MMR013D002;MMR013;December;2012;0;0
Myanmar;Ayeyarwady;Pathein;MMR;MMR017D001;MMR017;December;2012;0;0
Myanmar;Ayeyarwady;Pyapon;MMR;MMR017D006;MMR017;December;2012;0;0
Myanmar;Bago-East;Taungoo;MMR;MMR007D002;MMR007;December;2012;0;0
Myanmar;Kayah;Loikaw;MMR;MMR002D001;MMR002;December;2012;0;0
Myanmar;Kayin;Kawkareik;MMR;MMR003D003;MMR003;December;2012;0;0
Myanmar;Magway;Thayet;MMR;MMR009D003;MMR009;December;2012;0;0
Myanmar;Mandalay;Kyaukse;MMR;MMR010D003;MMR010;December;2012;0;0
Myanmar;Rakhine;Kyaukpyu;MMR;MMR012D003;MMR012;December;2012;0;0
Myanmar;Shan-East;Monghsat;MMR;MMR016D002;MMR016;December;2012;0;0
Myanmar;Shan-South;Pa-O Self-Administered Zone;MMR;NA;NA;December;2012;0;0
Myanmar;Shan-South;Taunggyi;MMR;MMR014D001;MMR014;December;2012;0;0
Myanmar;Tanintharyi;Dawei;MMR;MMR006D001;MMR006;December;2012;0;0
Myanmar;Yangon;Yangon-North;MMR;MMR013D001;MMR013;December;2012;1;0
Myanmar;Bago-West;Pyay;MMR;MMR008D001;MMR008;December;2012;0;0
Myanmar;Chin;Mindat;MMR;MMR004D002;MMR004;December;2012;0;0
Myanmar;Kachin;Bhamo;MMR;MMR001D003;MMR001;December;2012;8;53
Myanmar;Kachin;Myitkyina;MMR;MMR001D001;MMR001;December;2012;27;59
Myanmar;Magway;Gangaw;MMR;MMR009D005;MMR009;December;2012;0;0
Myanmar;Nay Pyi Taw;Oke Ta Ra;MMR;MMR018D001;MMR018;December;2012;0;0
Myanmar;Rakhine;Thandwe;MMR;MMR012D004;MMR012;December;2012;0;0
Myanmar;Shan-East;Kengtung;MMR;MMR016D001;MMR016;December;2012;0;0
Myanmar;Shan-North;Mongmit;MMR;MMR015D008;MMR015;December;2012;0;0
Myanmar;Yangon;Yangon-South;MMR;MMR013D003;MMR013;December;2012;0;0
Myanmar;Ayeyarwady;Labutta;MMR;MMR017D004;MMR017;December;2012;0;0
Myanmar;Ayeyarwady;Maubin;MMR;MMR017D005;MMR017;December;2012;0;0
Myanmar;Magway;Pakokku;MMR;MMR009D004;MMR009;December;2012;0;0
Myanmar;Mandalay;Myingyan;MMR;MMR010D004;MMR010;December;2012;0;0
Myanmar;Rakhine;Maungdaw;MMR;MMR012D002;MMR012;December;2012;2;0
Myanmar;Rakhine;Mrauk-U;MMR;MMR012D005;MMR012;December;2012;0;0
Myanmar;Shan-North;Hopang;MMR;MMR015D006;MMR015;December;2012;0;0
Myanmar;Shan-North;Kokang Self-Administered Zone;MMR;MMR015D221;MMR015;December;2012;0;0
Myanmar;Shan-North;Muse;MMR;MMR015D002;MMR015;December;2012;2;0
Myanmar;Sagaing;Kale;MMR;MMR005D005;MMR005;December;2012;0;0
Myanmar;Sagaing;Sagaing;MMR;MMR005D001;MMR005;December;2012;0;0
Myanmar;Bago-East;Bago;MMR;MMR007D001;MMR007;December;2012;0;0
Myanmar;Chin;Hakha;MMR;MMR004D003;MMR004;December;2012;0;0
Myanmar;Kachin;Mohnyin;MMR;MMR001D002;MMR001;December;2012;5;5
Myanmar;Kachin;Puta-O;MMR;MMR001D004;MMR001;December;2012;0;0
Myanmar;Kayin;Hpa-An;MMR;MMR003D001;MMR003;December;2012;0;0
Myanmar;Kayin;Myawaddy;MMR;MMR003D002;MMR003;December;2012;0;0
Myanmar;Mandalay;Mandalay;MMR;MMR010D001;MMR010;December;2012;0;0
Myanmar;Mandalay;Meiktila;MMR;MMR010D007;MMR010;December;2012;0;0
Myanmar;Sagaing;Kawlin;MMR;MMR005D011;MMR005;December;2012;0;0
Myanmar;Sagaing;Naga Self-Administered Zone;MMR;NA;NA;December;2012;0;0
Myanmar;Shan-South;Langkho;MMR;MMR014D003;MMR014;December;2012;0;0
Myanmar;Shan-South;Loilen;MMR;MMR014D002;MMR014;December;2012;0;0
Myanmar;Chin;Falam;MMR;MMR004D001;MMR004;December;2012;0;0
Myanmar;Kayin;Hpapun;MMR;MMR003D004;MMR003;December;2012;0;0
Myanmar;Mandalay;Nyaung-U;MMR;MMR010D005;MMR010;December;2012;0;0
Myanmar;Mon;Thaton;MMR;MMR011D002;MMR011;December;2012;0;0
Myanmar;Rakhine;Sittwe;MMR;MMR012D001;MMR012;December;2012;1;0
Myanmar;Sagaing;Mawlaik;MMR;MMR005D007;MMR005;December;2012;0;0
Myanmar;Sagaing;Monywa;MMR;MMR005D003;MMR005;December;2012;0;0
Myanmar;Sagaing;Yinmarbin;MMR;MMR005D009;MMR005;December;2012;0;0
Myanmar;Shan-East;Tachileik;MMR;MMR016D003;MMR016;December;2012;0;0
Myanmar;Tanintharyi;Kawthoung;MMR;MMR006D003;MMR006;December;2012;0;0
Myanmar;Yangon;Yangon-West;MMR;MMR013D004;MMR013;December;2012;0;0
Myanmar;Ayeyarwady;Hinthada;MMR;MMR017D002;MMR017;December;2012;0;0
Myanmar;Bago-West;Thayarwady;MMR;MMR008D002;MMR008;December;2012;0;0
Myanmar;Kayah;Bawlake;MMR;MMR002D002;MMR002;December;2012;0;0
Myanmar;Mandalay;Pyinoolwin;MMR;MMR010D002;MMR010;December;2012;0;0
Myanmar;Mandalay;Yamethin;MMR;MMR010D006;MMR010;December;2012;0;0
Myanmar;Mon;Mawlamyine;MMR;MMR011D001;MMR011;December;2012;0;0
Myanmar;Nay Pyi Taw;Det Khi Na;MMR;MMR018D002;MMR018;December;2012;0;0
Myanmar;Sagaing;Kanbalu;MMR;MMR005D010;MMR005;December;2012;0;0
Myanmar;Shan-North;Lashio;MMR;MMR015D001;MMR015;December;2012;0;0
Myanmar;Shan-South;Danu Self-Administered Zone;MMR;NA;NA;December;2012;0;0
Myanmar;Tanintharyi;Myeik;MMR;MMR006D002;MMR006;December;2012;0;0
Myanmar;Ayeyarwady;Myaungmya;MMR;MMR017D003;MMR017;January;2013;0;0
Myanmar;Chin;Matupi;MMR;MMR004D004;MMR004;January;2013;0;0
Myanmar;Magway;Magway;MMR;MMR009D001;MMR009;January;2013;0;0
Myanmar;Magway;Minbu;MMR;MMR009D002;MMR009;January;2013;0;0
Myanmar;Sagaing;Hkamti;MMR;MMR005D008;MMR005;January;2013;0;0
Myanmar;Sagaing;Katha;MMR;MMR005D004;MMR005;January;2013;0;0
Myanmar;Sagaing;Shwebo;MMR;MMR005D002;MMR005;January;2013;0;0
Myanmar;Sagaing;Tamu;MMR;MMR005D006;MMR005;January;2013;0;0
Myanmar;Shan-North;Kyaukme;MMR;NA;NA;January;2013;2;3
Myanmar;Shan-North;Matman;MMR;MMR015D007;MMR015;January;2013;0;0
Myanmar;Shan-North;Pa Laung Self-Administered Zone;MMR;NA;NA;January;2013;0;0
Myanmar;Yangon;Yangon-East;MMR;MMR013D002;MMR013;January;2013;0;0
Myanmar;Ayeyarwady;Pathein;MMR;MMR017D001;MMR017;January;2013;0;0
Myanmar;Ayeyarwady;Pyapon;MMR;MMR017D006;MMR017;January;2013;0;0
Myanmar;Bago-East;Taungoo;MMR;MMR007D002;MMR007;January;2013;0;0
Myanmar;Kayah;Loikaw;MMR;MMR002D001;MMR002;January;2013;1;0
Myanmar;Kayin;Kawkareik;MMR;MMR003D003;MMR003;January;2013;0;0
Myanmar;Magway;Thayet;MMR;MMR009D003;MMR009;January;2013;0;0
Myanmar;Mandalay;Kyaukse;MMR;MMR010D003;MMR010;January;2013;0;0
Myanmar;Rakhine;Kyaukpyu;MMR;MMR012D003;MMR012;January;2013;0;0
Myanmar;Shan-East;Monghsat;MMR;MMR016D002;MMR016;January;2013;0;0
Myanmar;Shan-South;Pa-O Self-Administered Zone;MMR;NA;NA;January;2013;0;0
Myanmar;Shan-South;Taunggyi;MMR;MMR014D001;MMR014;January;2013;0;0
Myanmar;Tanintharyi;Dawei;MMR;MMR006D001;MMR006;January;2013;0;0
Myanmar;Yangon;Yangon-North;MMR;MMR013D001;MMR013;January;2013;0;0
Myanmar;Bago-West;Pyay;MMR;MMR008D001;MMR008;January;2013;0;0
Myanmar;Chin;Mindat;MMR;MMR004D002;MMR004;January;2013;0;0
Myanmar;Kachin;Bhamo;MMR;MMR001D003;MMR001;January;2013;37;4
Myanmar;Kachin;Myitkyina;MMR;MMR001D001;MMR001;January;2013;22;12
Myanmar;Magway;Gangaw;MMR;MMR009D005;MMR009;January;2013;0;0
Myanmar;Nay Pyi Taw;Oke Ta Ra;MMR;MMR018D001;MMR018;January;2013;0;0
Myanmar;Rakhine;Thandwe;MMR;MMR012D004;MMR012;January;2013;0;0
Myanmar;Shan-East;Kengtung;MMR;MMR016D001;MMR016;January;2013;0;0
Myanmar;Shan-North;Mongmit;MMR;MMR015D008;MMR015;January;2013;0;0
Myanmar;Yangon;Yangon-South;MMR;MMR013D003;MMR013;January;2013;0;0
Myanmar;Ayeyarwady;Labutta;MMR;MMR017D004;MMR017;January;2013;0;0
Myanmar;Ayeyarwady;Maubin;MMR;MMR017D005;MMR017;January;2013;0;0
Myanmar;Magway;Pakokku;MMR;MMR009D004;MMR009;January;2013;0;0
Myanmar;Mandalay;Myingyan;MMR;MMR010D004;MMR010;January;2013;0;0
Myanmar;Rakhine;Maungdaw;MMR;MMR012D002;MMR012;January;2013;0;0
Myanmar;Rakhine;Mrauk-U;MMR;MMR012D005;MMR012;January;2013;0;0
Myanmar;Shan-North;Hopang;MMR;MMR015D006;MMR015;January;2013;0;0
Myanmar;Shan-North;Kokang Self-Administered Zone;MMR;MMR015D221;MMR015;January;2013;0;0
Myanmar;Shan-North;Muse;MMR;MMR015D002;MMR015;January;2013;3;0
Myanmar;Sagaing;Kale;MMR;MMR005D005;MMR005;January;2013;0;0
Myanmar;Sagaing;Sagaing;MMR;MMR005D001;MMR005;January;2013;0;0
Myanmar;Bago-East;Bago;MMR;MMR007D001;MMR007;January;2013;0;0
Myanmar;Chin;Hakha;MMR;MMR004D003;MMR004;January;2013;0;0
Myanmar;Kachin;Mohnyin;MMR;MMR001D002;MMR001;January;2013;8;32
Myanmar;Kachin;Puta-O;MMR;MMR001D004;MMR001;January;2013;0;0
Myanmar;Kayin;Hpa-An;MMR;MMR003D001;MMR003;January;2013;0;0
Myanmar;Kayin;Myawaddy;MMR;MMR003D002;MMR003;January;2013;0;0
Myanmar;Mandalay;Mandalay;MMR;MMR010D001;MMR010;January;2013;0;0
Myanmar;Mandalay;Meiktila;MMR;MMR010D007;MMR010;January;2013;0;0
Myanmar;Sagaing;Kawlin;MMR;MMR005D011;MMR005;January;2013;0;0
Myanmar;Sagaing;Naga Self-Administered Zone;MMR;NA;NA;January;2013;0;0
Myanmar;Shan-South;Langkho;MMR;MMR014D003;MMR014;January;2013;1;0
Myanmar;Shan-South;Loilen;MMR;MMR014D002;MMR014;January;2013;0;0
Myanmar;Chin;Falam;MMR;MMR004D001;MMR004;January;2013;0;0
Myanmar;Kayin;Hpapun;MMR;MMR003D004;MMR003;January;2013;1;0
Myanmar;Mandalay;Nyaung-U;MMR;MMR010D005;MMR010;January;2013;0;0
Myanmar;Mon;Thaton;MMR;MMR011D002;MMR011;January;2013;0;0
Myanmar;Rakhine;Sittwe;MMR;MMR012D001;MMR012;January;2013;1;1
Myanmar;Sagaing;Mawlaik;MMR;MMR005D007;MMR005;January;2013;0;0
Myanmar;Sagaing;Monywa;MMR;MMR005D003;MMR005;January;2013;0;0
Myanmar;Sagaing;Yinmarbin;MMR;MMR005D009;MMR005;January;2013;0;0
Myanmar;Shan-East;Tachileik;MMR;MMR016D003;MMR016;January;2013;0;0
Myanmar;Tanintharyi;Kawthoung;MMR;MMR006D003;MMR006;January;2013;0;0
Myanmar;Yangon;Yangon-West;MMR;MMR013D004;MMR013;January;2013;0;0
Myanmar;Ayeyarwady;Hinthada;MMR;MMR017D002;MMR017;January;2013;0;0
Myanmar;Bago-West;Thayarwady;MMR;MMR008D002;MMR008;January;2013;0;0
Myanmar;Kayah;Bawlake;MMR;MMR002D002;MMR002;January;2013;0;0
Myanmar;Mandalay;Pyinoolwin;MMR;MMR010D002;MMR010;January;2013;0;0
Myanmar;Mandalay;Yamethin;MMR;MMR010D006;MMR010;January;2013;0;0
Myanmar;Mon;Mawlamyine;MMR;MMR011D001;MMR011;January;2013;0;0
Myanmar;Nay Pyi Taw;Det Khi Na;MMR;MMR018D002;MMR018;January;2013;0;0
Myanmar;Sagaing;Kanbalu;MMR;MMR005D010;MMR005;January;2013;0;0
Myanmar;Shan-North;Lashio;MMR;MMR015D001;MMR015;January;2013;1;0
Myanmar;Shan-South;Danu Self-Administered Zone;MMR;NA;NA;January;2013;0;0
Myanmar;Tanintharyi;Myeik;MMR;MMR006D002;MMR006;January;2013;0;0
Myanmar;Ayeyarwady;Myaungmya;MMR;MMR017D003;MMR017;February;2013;0;0
Myanmar;Chin;Matupi;MMR;MMR004D004;MMR004;February;2013;0;0
Myanmar;Magway;Magway;MMR;MMR009D001;MMR009;February;2013;0;0
Myanmar;Magway;Minbu;MMR;MMR009D002;MMR009;February;2013;0;0
Myanmar;Sagaing;Hkamti;MMR;MMR005D008;MMR005;February;2013;0;0
Myanmar;Sagaing;Katha;MMR;MMR005D004;MMR005;February;2013;0;0
Myanmar;Sagaing;Shwebo;MMR;MMR005D002;MMR005;February;2013;0;0
Myanmar;Sagaing;Tamu;MMR;MMR005D006;MMR005;February;2013;0;0
Myanmar;Shan-North;Kyaukme;MMR;NA;NA;February;2013;0;0
Myanmar;Shan-North;Matman;MMR;MMR015D007;MMR015;February;2013;0;0
Myanmar;Shan-North;Pa Laung Self-Administered Zone;MMR;NA;NA;February;2013;0;0
Myanmar;Yangon;Yangon-East;MMR;MMR013D002;MMR013;February;2013;1;0
Myanmar;Ayeyarwady;Pathein;MMR;MMR017D001;MMR017;February;2013;0;0
Myanmar;Ayeyarwady;Pyapon;MMR;MMR017D006;MMR017;February;2013;0;0
Myanmar;Bago-East;Taungoo;MMR;MMR007D002;MMR007;February;2013;1;2
Myanmar;Kayah;Loikaw;MMR;MMR002D001;MMR002;February;2013;0;0
Myanmar;Kayin;Kawkareik;MMR;MMR003D003;MMR003;February;2013;0;0
Myanmar;Magway;Thayet;MMR;MMR009D003;MMR009;February;2013;0;0
Myanmar;Mandalay;Kyaukse;MMR;MMR010D003;MMR010;February;2013;0;0
Myanmar;Rakhine;Kyaukpyu;MMR;MMR012D003;MMR012;February;2013;0;0
Myanmar;Shan-East;Monghsat;MMR;MMR016D002;MMR016;February;2013;0;0
Myanmar;Shan-South;Pa-O Self-Administered Zone;MMR;NA;NA;February;2013;0;0
Myanmar;Shan-South;Taunggyi;MMR;MMR014D001;MMR014;February;2013;0;0
Myanmar;Tanintharyi;Dawei;MMR;MMR006D001;MMR006;February;2013;0;0
Myanmar;Yangon;Yangon-North;MMR;MMR013D001;MMR013;February;2013;0;0
Myanmar;Bago-West;Pyay;MMR;MMR008D001;MMR008;February;2013;0;0
Myanmar;Chin;Mindat;MMR;MMR004D002;MMR004;February;2013;0;0
Myanmar;Kachin;Bhamo;MMR;MMR001D003;MMR001;February;2013;8;0
Myanmar;Kachin;Myitkyina;MMR;MMR001D001;MMR001;February;2013;9;0
Myanmar;Magway;Gangaw;MMR;MMR009D005;MMR009;February;2013;0;0
Myanmar;Nay Pyi Taw;Oke Ta Ra;MMR;MMR018D001;MMR018;February;2013;0;0
Myanmar;Rakhine;Thandwe;MMR;MMR012D004;MMR012;February;2013;0;0
Myanmar;Shan-East;Kengtung;MMR;MMR016D001;MMR016;February;2013;0;0
Myanmar;Shan-North;Mongmit;MMR;MMR015D008;MMR015;February;2013;0;0
Myanmar;Yangon;Yangon-South;MMR;MMR013D003;MMR013;February;2013;0;0
Myanmar;Ayeyarwady;Labutta;MMR;MMR017D004;MMR017;February;2013;0;0
Myanmar;Ayeyarwady;Maubin;MMR;MMR017D005;MMR017;February;2013;0;0
Myanmar;Magway;Pakokku;MMR;MMR009D004;MMR009;February;2013;0;0
Myanmar;Mandalay;Myingyan;MMR;MMR010D004;MMR010;February;2013;0;0
Myanmar;Rakhine;Maungdaw;MMR;MMR012D002;MMR012;February;2013;2;1
Myanmar;Rakhine;Mrauk-U;MMR;MMR012D005;MMR012;February;2013;0;0
Myanmar;Shan-North;Hopang;MMR;MMR015D006;MMR015;February;2013;0;0
Myanmar;Shan-North;Kokang Self-Administered Zone;MMR;MMR015D221;MMR015;February;2013;0;0
Myanmar;Shan-North;Muse;MMR;MMR015D002;MMR015;February;2013;4;0
Myanmar;Sagaing;Kale;MMR;MMR005D005;MMR005;February;2013;0;0
Myanmar;Sagaing;Sagaing;MMR;MMR005D001;MMR005;February;2013;0;0
Myanmar;Bago-East;Bago;MMR;MMR007D001;MMR007;February;2013;0;0
Myanmar;Chin;Hakha;MMR;MMR004D003;MMR004;February;2013;0;0
Myanmar;Kachin;Mohnyin;MMR;MMR001D002;MMR001;February;2013;2;4
Myanmar;Kachin;Puta-O;MMR;MMR001D004;MMR001;February;2013;0;0
Myanmar;Kayin;Hpa-An;MMR;MMR003D001;MMR003;February;2013;0;0
Myanmar;Kayin;Myawaddy;MMR;MMR003D002;MMR003;February;2013;0;0
Myanmar;Mandalay;Mandalay;MMR;MMR010D001;MMR010;February;2013;0;0
Myanmar;Mandalay;Meiktila;MMR;MMR010D007;MMR010;February;2013;0;0
Myanmar;Sagaing;Kawlin;MMR;MMR005D011;MMR005;February;2013;0;0
Myanmar;Sagaing;Naga Self-Administered Zone;MMR;NA;NA;February;2013;0;0
Myanmar;Shan-South;Langkho;MMR;MMR014D003;MMR014;February;2013;0;0
Myanmar;Shan-South;Loilen;MMR;MMR014D002;MMR014;February;2013;1;5
Myanmar;Chin;Falam;MMR;MMR004D001;MMR004;February;2013;0;0
Myanmar;Kayin;Hpapun;MMR;MMR003D004;MMR003;February;2013;0;0
Myanmar;Mandalay;Nyaung-U;MMR;MMR010D005;MMR010;February;2013;0;0
Myanmar;Mon;Thaton;MMR;MMR011D002;MMR011;February;2013;0;0
Myanmar;Rakhine;Sittwe;MMR;MMR012D001;MMR012;February;2013;0;0
Myanmar;Sagaing;Mawlaik;MMR;MMR005D007;MMR005;February;2013;0;0
Myanmar;Sagaing;Monywa;MMR;MMR005D003;MMR005;February;2013;0;0
Myanmar;Sagaing;Yinmarbin;MMR;MMR005D009;MMR005;February;2013;0;0
Myanmar;Shan-East;Tachileik;MMR;MMR016D003;MMR016;February;2013;0;0
Myanmar;Tanintharyi;Kawthoung;MMR;MMR006D003;MMR006;February;2013;0;0
Myanmar;Yangon;Yangon-West;MMR;MMR013D004;MMR013;February;2013;0;0
Myanmar;Ayeyarwady;Hinthada;MMR;MMR017D002;MMR017;February;2013;0;0
Myanmar;Bago-West;Thayarwady;MMR;MMR008D002;MMR008;February;2013;0;0
Myanmar;Kayah;Bawlake;MMR;MMR002D002;MMR002;February;2013;0;0
Myanmar;Mandalay;Pyinoolwin;MMR;MMR010D002;MMR010;February;2013;0;0
Myanmar;Mandalay;Yamethin;MMR;MMR010D006;MMR010;February;2013;0;0
Myanmar;Mon;Mawlamyine;MMR;MMR011D001;MMR011;February;2013;0;0
Myanmar;Nay Pyi Taw;Det Khi Na;MMR;MMR018D002;MMR018;February;2013;0;0
Myanmar;Sagaing;Kanbalu;MMR;MMR005D010;MMR005;February;2013;0;0
Myanmar;Shan-North;Lashio;MMR;MMR015D001;MMR015;February;2013;7;32
Myanmar;Shan-South;Danu Self-Administered Zone;MMR;NA;NA;February;2013;0;0
Myanmar;Tanintharyi;Myeik;MMR;MMR006D002;MMR006;February;2013;0;0
Myanmar;Ayeyarwady;Myaungmya;MMR;MMR017D003;MMR017;March;2013;0;0
Myanmar;Chin;Matupi;MMR;MMR004D004;MMR004;March;2013;0;0
Myanmar;Magway;Magway;MMR;MMR009D001;MMR009;March;2013;0;0
Myanmar;Magway;Minbu;MMR;MMR009D002;MMR009;March;2013;0;0
Myanmar;Sagaing;Hkamti;MMR;MMR005D008;MMR005;March;2013;0;0
Myanmar;Sagaing;Katha;MMR;MMR005D004;MMR005;March;2013;0;0
Myanmar;Sagaing;Shwebo;MMR;MMR005D002;MMR005;March;2013;0;0
Myanmar;Sagaing;Tamu;MMR;MMR005D006;MMR005;March;2013;0;0
Myanmar;Shan-North;Kyaukme;MMR;NA;NA;March;2013;2;2
Myanmar;Shan-North;Matman;MMR;MMR015D007;MMR015;March;2013;0;0
Myanmar;Shan-North;Pa Laung Self-Administered Zone;MMR;NA;NA;March;2013;4;0
Myanmar;Yangon;Yangon-East;MMR;MMR013D002;MMR013;March;2013;0;0
Myanmar;Ayeyarwady;Pathein;MMR;MMR017D001;MMR017;March;2013;0;0
Myanmar;Ayeyarwady;Pyapon;MMR;MMR017D006;MMR017;March;2013;0;0
Myanmar;Bago-East;Taungoo;MMR;MMR007D002;MMR007;March;2013;0;0
Myanmar;Kayah;Loikaw;MMR;MMR002D001;MMR002;March;2013;0;0
Myanmar;Kayin;Kawkareik;MMR;MMR003D003;MMR003;March;2013;0;0
Myanmar;Magway;Thayet;MMR;MMR009D003;MMR009;March;2013;0;0
Myanmar;Mandalay;Kyaukse;MMR;MMR010D003;MMR010;March;2013;0;0
Myanmar;Rakhine;Kyaukpyu;MMR;MMR012D003;MMR012;March;2013;0;0
Myanmar;Shan-East;Monghsat;MMR;MMR016D002;MMR016;March;2013;0;0
Myanmar;Shan-South;Pa-O Self-Administered Zone;MMR;NA;NA;March;2013;0;0
Myanmar;Shan-South;Taunggyi;MMR;MMR014D001;MMR014;March;2013;0;0
Myanmar;Tanintharyi;Dawei;MMR;MMR006D001;MMR006;March;2013;0;0
Myanmar;Yangon;Yangon-North;MMR;MMR013D001;MMR013;March;2013;0;0
Myanmar;Bago-West;Pyay;MMR;MMR008D001;MMR008;March;2013;2;0
Myanmar;Chin;Mindat;MMR;MMR004D002;MMR004;March;2013;0;0
Myanmar;Kachin;Bhamo;MMR;MMR001D003;MMR001;March;2013;6;0
Myanmar;Kachin;Myitkyina;MMR;MMR001D001;MMR001;March;2013;6;0
Myanmar;Magway;Gangaw;MMR;MMR009D005;MMR009;March;2013;0;0
Myanmar;Nay Pyi Taw;Oke Ta Ra;MMR;MMR018D001;MMR018;March;2013;1;0
Myanmar;Rakhine;Thandwe;MMR;MMR012D004;MMR012;March;2013;0;0
Myanmar;Shan-East;Kengtung;MMR;MMR016D001;MMR016;March;2013;0;0
Myanmar;Shan-North;Mongmit;MMR;MMR015D008;MMR015;March;2013;2;0
Myanmar;Yangon;Yangon-South;MMR;MMR013D003;MMR013;March;2013;0;0
Myanmar;Ayeyarwady;Labutta;MMR;MMR017D004;MMR017;March;2013;0;0
Myanmar;Ayeyarwady;Maubin;MMR;MMR017D005;MMR017;March;2013;0;0
Myanmar;Magway;Pakokku;MMR;MMR009D004;MMR009;March;2013;0;0
Myanmar;Mandalay;Myingyan;MMR;MMR010D004;MMR010;March;2013;0;0
Myanmar;Rakhine;Maungdaw;MMR;MMR012D002;MMR012;March;2013;0;0
Myanmar;Rakhine;Mrauk-U;MMR;MMR012D005;MMR012;March;2013;0;0
Myanmar;Shan-North;Hopang;MMR;MMR015D006;MMR015;March;2013;0;0
Myanmar;Shan-North;Kokang Self-Administered Zone;MMR;MMR015D221;MMR015;March;2013;0;0
Myanmar;Shan-North;Muse;MMR;MMR015D002;MMR015;March;2013;4;14
Myanmar;Sagaing;Kale;MMR;MMR005D005;MMR005;March;2013;0;0
Myanmar;Sagaing;Sagaing;MMR;MMR005D001;MMR005;March;2013;0;0
Myanmar;Bago-East;Bago;MMR;MMR007D001;MMR007;March;2013;0;0
Myanmar;Chin;Hakha;MMR;MMR004D003;MMR004;March;2013;0;0
Myanmar;Kachin;Mohnyin;MMR;MMR001D002;MMR001;March;2013;1;0
Myanmar;Kachin;Puta-O;MMR;MMR001D004;MMR001;March;2013;0;0
Myanmar;Kayin;Hpa-An;MMR;MMR003D001;MMR003;March;2013;0;0
Myanmar;Kayin;Myawaddy;MMR;MMR003D002;MMR003;March;2013;0;0
Myanmar;Mandalay;Mandalay;MMR;MMR010D001;MMR010;March;2013;0;0
Myanmar;Mandalay;Meiktila;MMR;MMR010D007;MMR010;March;2013;4;76
Myanmar;Sagaing;Kawlin;MMR;MMR005D011;MMR005;March;2013;0;0
Myanmar;Sagaing;Naga Self-Administered Zone;MMR;NA;NA;March;2013;0;0
Myanmar;Shan-South;Langkho;MMR;MMR014D003;MMR014;March;2013;1;0
Myanmar;Shan-South;Loilen;MMR;MMR014D002;MMR014;March;2013;2;2
Myanmar;Chin;Falam;MMR;MMR004D001;MMR004;March;2013;0;0
Myanmar;Kayin;Hpapun;MMR;MMR003D004;MMR003;March;2013;0;0
Myanmar;Mandalay;Nyaung-U;MMR;MMR010D005;MMR010;March;2013;0;0
Myanmar;Mon;Thaton;MMR;MMR011D002;MMR011;March;2013;0;0
Myanmar;Rakhine;Sittwe;MMR;MMR012D001;MMR012;March;2013;0;0
Myanmar;Sagaing;Mawlaik;MMR;MMR005D007;MMR005;March;2013;0;0
Myanmar;Sagaing;Monywa;MMR;MMR005D003;MMR005;March;2013;0;0
Myanmar;Sagaing;Yinmarbin;MMR;MMR005D009;MMR005;March;2013;0;0
Myanmar;Shan-East;Tachileik;MMR;MMR016D003;MMR016;March;2013;0;0
Myanmar;Tanintharyi;Kawthoung;MMR;MMR006D003;MMR006;March;2013;0;0
Myanmar;Yangon;Yangon-West;MMR;MMR013D004;MMR013;March;2013;0;0
Myanmar;Ayeyarwady;Hinthada;MMR;MMR017D002;MMR017;March;2013;0;0
Myanmar;Bago-West;Thayarwady;MMR;MMR008D002;MMR008;March;2013;9;0
Myanmar;Kayah;Bawlake;MMR;MMR002D002;MMR002;March;2013;0;0
Myanmar;Mandalay;Pyinoolwin;MMR;MMR010D002;MMR010;March;2013;0;0
Myanmar;Mandalay;Yamethin;MMR;MMR010D006;MMR010;March;2013;1;0
Myanmar;Mon;Mawlamyine;MMR;MMR011D001;MMR011;March;2013;0;0
Myanmar;Nay Pyi Taw;Det Khi Na;MMR;MMR018D002;MMR018;March;2013;1;0
Myanmar;Sagaing;Kanbalu;MMR;MMR005D010;MMR005;March;2013;0;0
Myanmar;Shan-North;Lashio;MMR;MMR015D001;MMR015;March;2013;6;12
Myanmar;Shan-South;Danu Self-Administered Zone;MMR;NA;NA;March;2013;0;0
Myanmar;Tanintharyi;Myeik;MMR;MMR006D002;MMR006;March;2013;0;0
Myanmar;Ayeyarwady;Myaungmya;MMR;MMR017D003;MMR017;April;2013;0;0
Myanmar;Chin;Matupi;MMR;MMR004D004;MMR004;April;2013;0;0
Myanmar;Magway;Magway;MMR;MMR009D001;MMR009;April;2013;0;0
Myanmar;Magway;Minbu;MMR;MMR009D002;MMR009;April;2013;0;0
Myanmar;Sagaing;Hkamti;MMR;MMR005D008;MMR005;April;2013;0;0
Myanmar;Sagaing;Katha;MMR;MMR005D004;MMR005;April;2013;0;0
Myanmar;Sagaing;Shwebo;MMR;MMR005D002;MMR005;April;2013;0;0
Myanmar;Sagaing;Tamu;MMR;MMR005D006;MMR005;April;2013;0;0
Myanmar;Shan-North;Kyaukme;MMR;NA;NA;April;2013;1;0
Myanmar;Shan-North;Matman;MMR;MMR015D007;MMR015;April;2013;0;0
Myanmar;Shan-North;Pa Laung Self-Administered Zone;MMR;NA;NA;April;2013;2;0
Myanmar;Yangon;Yangon-East;MMR;MMR013D002;MMR013;April;2013;0;0
Myanmar;Ayeyarwady;Pathein;MMR;MMR017D001;MMR017;April;2013;0;0
Myanmar;Ayeyarwady;Pyapon;MMR;MMR017D006;MMR017;April;2013;0;0
Myanmar;Bago-East;Taungoo;MMR;MMR007D002;MMR007;April;2013;0;0
Myanmar;Kayah;Loikaw;MMR;MMR002D001;MMR002;April;2013;0;0
Myanmar;Kayin;Kawkareik;MMR;MMR003D003;MMR003;April;2013;0;0
Myanmar;Magway;Thayet;MMR;MMR009D003;MMR009;April;2013;0;0
Myanmar;Mandalay;Kyaukse;MMR;MMR010D003;MMR010;April;2013;0;0
Myanmar;Rakhine;Kyaukpyu;MMR;MMR012D003;MMR012;April;2013;0;0
Myanmar;Shan-East;Monghsat;MMR;MMR016D002;MMR016;April;2013;1;9
Myanmar;Shan-South;Pa-O Self-Administered Zone;MMR;NA;NA;April;2013;0;0
Myanmar;Shan-South;Taunggyi;MMR;MMR014D001;MMR014;April;2013;0;0
Myanmar;Tanintharyi;Dawei;MMR;MMR006D001;MMR006;April;2013;0;0
Myanmar;Yangon;Yangon-North;MMR;MMR013D001;MMR013;April;2013;1;2
Myanmar;Bago-West;Pyay;MMR;MMR008D001;MMR008;April;2013;0;0
Myanmar;Chin;Mindat;MMR;MMR004D002;MMR004;April;2013;0;0
Myanmar;Kachin;Bhamo;MMR;MMR001D003;MMR001;April;2013;1;0
Myanmar;Kachin;Myitkyina;MMR;MMR001D001;MMR001;April;2013;6;0
Myanmar;Magway;Gangaw;MMR;MMR009D005;MMR009;April;2013;0;0
Myanmar;Nay Pyi Taw;Oke Ta Ra;MMR;MMR018D001;MMR018;April;2013;0;0
Myanmar;Rakhine;Thandwe;MMR;MMR012D004;MMR012;April;2013;0;0
Myanmar;Shan-East;Kengtung;MMR;MMR016D001;MMR016;April;2013;0;0
Myanmar;Shan-North;Mongmit;MMR;MMR015D008;MMR015;April;2013;0;0
Myanmar;Yangon;Yangon-South;MMR;MMR013D003;MMR013;April;2013;0;0
Myanmar;Ayeyarwady;Labutta;MMR;MMR017D004;MMR017;April;2013;0;0
Myanmar;Ayeyarwady;Maubin;MMR;MMR017D005;MMR017;April;2013;0;0
Myanmar;Magway;Pakokku;MMR;MMR009D004;MMR009;April;2013;0;0
Myanmar;Mandalay;Myingyan;MMR;MMR010D004;MMR010;April;2013;0;0
Myanmar;Rakhine;Maungdaw;MMR;MMR012D002;MMR012;April;2013;0;0
Myanmar;Rakhine;Mrauk-U;MMR;MMR012D005;MMR012;April;2013;0;0
Myanmar;Shan-North;Hopang;MMR;MMR015D006;MMR015;April;2013;0;0
Myanmar;Shan-North;Kokang Self-Administered Zone;MMR;MMR015D221;MMR015;April;2013;0;0
Myanmar;Shan-North;Muse;MMR;MMR015D002;MMR015;April;2013;8;0
Myanmar;Sagaing;Kale;MMR;MMR005D005;MMR005;April;2013;0;0
Myanmar;Sagaing;Sagaing;MMR;MMR005D001;MMR005;April;2013;0;0
Myanmar;Bago-East;Bago;MMR;MMR007D001;MMR007;April;2013;0;0
Myanmar;Chin;Hakha;MMR;MMR004D003;MMR004;April;2013;0;0
Myanmar;Kachin;Mohnyin;MMR;MMR001D002;MMR001;April;2013;1;0
Myanmar;Kachin;Puta-O;MMR;MMR001D004;MMR001;April;2013;0;0
Myanmar;Kayin;Hpa-An;MMR;MMR003D001;MMR003;April;2013;4;4
Myanmar;Kayin;Myawaddy;MMR;MMR003D002;MMR003;April;2013;0;0
Myanmar;Mandalay;Mandalay;MMR;MMR010D001;MMR010;April;2013;0;0
Myanmar;Mandalay;Meiktila;MMR;MMR010D007;MMR010;April;2013;0;0
Myanmar;Sagaing;Kawlin;MMR;MMR005D011;MMR005;April;2013;0;0
Myanmar;Sagaing;Naga Self-Administered Zone;MMR;NA;NA;April;2013;0;0
Myanmar;Shan-South;Langkho;MMR;MMR014D003;MMR014;April;2013;0;0
Myanmar;Shan-South;Loilen;MMR;MMR014D002;MMR014;April;2013;1;0
Myanmar;Chin;Falam;MMR;MMR004D001;MMR004;April;2013;0;0
Myanmar;Kayin;Hpapun;MMR;MMR003D004;MMR003;April;2013;0;0
Myanmar;Mandalay;Nyaung-U;MMR;MMR010D005;MMR010;April;2013;0;0
Myanmar;Mon;Thaton;MMR;MMR011D002;MMR011;April;2013;0;0
Myanmar;Rakhine;Sittwe;MMR;MMR012D001;MMR012;April;2013;0;0
Myanmar;Sagaing;Mawlaik;MMR;MMR005D007;MMR005;April;2013;0;0
Myanmar;Sagaing;Monywa;MMR;MMR005D003;MMR005;April;2013;0;0
Myanmar;Sagaing;Yinmarbin;MMR;MMR005D009;MMR005;April;2013;1;0
Myanmar;Shan-East;Tachileik;MMR;MMR016D003;MMR016;April;2013;0;0
Myanmar;Tanintharyi;Kawthoung;MMR;MMR006D003;MMR006;April;2013;0;0
Myanmar;Yangon;Yangon-West;MMR;MMR013D004;MMR013;April;2013;0;0
Myanmar;Ayeyarwady;Hinthada;MMR;MMR017D002;MMR017;April;2013;0;0
Myanmar;Bago-West;Thayarwady;MMR;MMR008D002;MMR008;April;2013;0;0
Myanmar;Kayah;Bawlake;MMR;MMR002D002;MMR002;April;2013;0;0
Myanmar;Mandalay;Pyinoolwin;MMR;MMR010D002;MMR010;April;2013;0;0
Myanmar;Mandalay;Yamethin;MMR;MMR010D006;MMR010;April;2013;0;0
Myanmar;Mon;Mawlamyine;MMR;MMR011D001;MMR011;April;2013;0;0
Myanmar;Nay Pyi Taw;Det Khi Na;MMR;MMR018D002;MMR018;April;2013;0;0
Myanmar;Sagaing;Kanbalu;MMR;MMR005D010;MMR005;April;2013;0;0
Myanmar;Shan-North;Lashio;MMR;MMR015D001;MMR015;April;2013;6;4
Myanmar;Shan-South;Danu Self-Administered Zone;MMR;NA;NA;April;2013;0;0
Myanmar;Tanintharyi;Myeik;MMR;MMR006D002;MMR006;April;2013;0;0
Myanmar;Ayeyarwady;Myaungmya;MMR;MMR017D003;MMR017;May;2013;0;0
Myanmar;Chin;Matupi;MMR;MMR004D004;MMR004;May;2013;0;0
Myanmar;Magway;Magway;MMR;MMR009D001;MMR009;May;2013;0;0
Myanmar;Magway;Minbu;MMR;MMR009D002;MMR009;May;2013;0;0
Myanmar;Sagaing;Hkamti;MMR;MMR005D008;MMR005;May;2013;0;0
Myanmar;Sagaing;Katha;MMR;MMR005D004;MMR005;May;2013;0;0
Myanmar;Sagaing;Shwebo;MMR;MMR005D002;MMR005;May;2013;0;0
Myanmar;Sagaing;Tamu;MMR;MMR005D006;MMR005;May;2013;0;0
Myanmar;Shan-North;Kyaukme;MMR;NA;NA;May;2013;0;0
Myanmar;Shan-North;Matman;MMR;MMR015D007;MMR015;May;2013;0;0
Myanmar;Shan-North;Pa Laung Self-Administered Zone;MMR;NA;NA;May;2013;1;4
Myanmar;Yangon;Yangon-East;MMR;MMR013D002;MMR013;May;2013;0;0
Myanmar;Ayeyarwady;Pathein;MMR;MMR017D001;MMR017;May;2013;0;0
Myanmar;Ayeyarwady;Pyapon;MMR;MMR017D006;MMR017;May;2013;0;0
Myanmar;Bago-East;Taungoo;MMR;MMR007D002;MMR007;May;2013;1;0
Myanmar;Kayah;Loikaw;MMR;MMR002D001;MMR002;May;2013;0;0
Myanmar;Kayin;Kawkareik;MMR;MMR003D003;MMR003;May;2013;0;0
Myanmar;Magway;Thayet;MMR;MMR009D003;MMR009;May;2013;0;0
Myanmar;Mandalay;Kyaukse;MMR;MMR010D003;MMR010;May;2013;0;0
Myanmar;Rakhine;Kyaukpyu;MMR;MMR012D003;MMR012;May;2013;0;0
Myanmar;Shan-East;Monghsat;MMR;MMR016D002;MMR016;May;2013;0;0
Myanmar;Shan-South;Pa-O Self-Administered Zone;MMR;NA;NA;May;2013;1;10
Myanmar;Shan-South;Taunggyi;MMR;MMR014D001;MMR014;May;2013;0;0
Myanmar;Tanintharyi;Dawei;MMR;MMR006D001;MMR006;May;2013;0;0
Myanmar;Yangon;Yangon-North;MMR;MMR013D001;MMR013;May;2013;1;0
Myanmar;Bago-West;Pyay;MMR;MMR008D001;MMR008;May;2013;1;0
Myanmar;Chin;Mindat;MMR;MMR004D002;MMR004;May;2013;0;0
Myanmar;Kachin;Bhamo;MMR;MMR001D003;MMR001;May;2013;0;0
Myanmar;Kachin;Myitkyina;MMR;MMR001D001;MMR001;May;2013;0;0
Myanmar;Magway;Gangaw;MMR;MMR009D005;MMR009;May;2013;0;0
Myanmar;Nay Pyi Taw;Oke Ta Ra;MMR;MMR018D001;MMR018;May;2013;0;0
Myanmar;Rakhine;Thandwe;MMR;MMR012D004;MMR012;May;2013;0;0
Myanmar;Shan-East;Kengtung;MMR;MMR016D001;MMR016;May;2013;1;0
Myanmar;Shan-North;Mongmit;MMR;MMR015D008;MMR015;May;2013;0;0
Myanmar;Yangon;Yangon-South;MMR;MMR013D003;MMR013;May;2013;0;0
Myanmar;Ayeyarwady;Labutta;MMR;MMR017D004;MMR017;May;2013;0;0
Myanmar;Ayeyarwady;Maubin;MMR;MMR017D005;MMR017;May;2013;0;0
Myanmar;Magway;Pakokku;MMR;MMR009D004;MMR009;May;2013;0;0
Myanmar;Mandalay;Myingyan;MMR;MMR010D004;MMR010;May;2013;0;0
Myanmar;Rakhine;Maungdaw;MMR;MMR012D002;MMR012;May;2013;0;0
Myanmar;Rakhine;Mrauk-U;MMR;MMR012D005;MMR012;May;2013;0;0
Myanmar;Shan-North;Hopang;MMR;MMR015D006;MMR015;May;2013;0;0
Myanmar;Shan-North;Kokang Self-Administered Zone;MMR;MMR015D221;MMR015;May;2013;0;0
Myanmar;Shan-North;Muse;MMR;MMR015D002;MMR015;May;2013;17;20
Myanmar;Sagaing;Kale;MMR;MMR005D005;MMR005;May;2013;0;0
Myanmar;Sagaing;Sagaing;MMR;MMR005D001;MMR005;May;2013;0;0
Myanmar;Bago-East;Bago;MMR;MMR007D001;MMR007;May;2013;0;0
Myanmar;Chin;Hakha;MMR;MMR004D003;MMR004;May;2013;0;0
Myanmar;Kachin;Mohnyin;MMR;MMR001D002;MMR001;May;2013;6;0
Myanmar;Kachin;Puta-O;MMR;MMR001D004;MMR001;May;2013;0;0
Myanmar;Kayin;Hpa-An;MMR;MMR003D001;MMR003;May;2013;0;0
Myanmar;Kayin;Myawaddy;MMR;MMR003D002;MMR003;May;2013;0;0
Myanmar;Mandalay;Mandalay;MMR;MMR010D001;MMR010;May;2013;0;0
Myanmar;Mandalay;Meiktila;MMR;MMR010D007;MMR010;May;2013;0;0
Myanmar;Sagaing;Kawlin;MMR;MMR005D011;MMR005;May;2013;0;0
Myanmar;Sagaing;Naga Self-Administered Zone;MMR;NA;NA;May;2013;0;0
Myanmar;Shan-South;Langkho;MMR;MMR014D003;MMR014;May;2013;0;0
Myanmar;Shan-South;Loilen;MMR;MMR014D002;MMR014;May;2013;0;0
Myanmar;Chin;Falam;MMR;MMR004D001;MMR004;May;2013;0;0
Myanmar;Kayin;Hpapun;MMR;MMR003D004;MMR003;May;2013;0;0
Myanmar;Mandalay;Nyaung-U;MMR;MMR010D005;MMR010;May;2013;0;0
Myanmar;Mon;Thaton;MMR;MMR011D002;MMR011;May;2013;0;0
Myanmar;Rakhine;Sittwe;MMR;MMR012D001;MMR012;May;2013;0;0
Myanmar;Sagaing;Mawlaik;MMR;MMR005D007;MMR005;May;2013;0;0
Myanmar;Sagaing;Monywa;MMR;MMR005D003;MMR005;May;2013;0;0
Myanmar;Sagaing;Yinmarbin;MMR;MMR005D009;MMR005;May;2013;0;0
Myanmar;Shan-East;Tachileik;MMR;MMR016D003;MMR016;May;2013;0;0
Myanmar;Tanintharyi;Kawthoung;MMR;MMR006D003;MMR006;May;2013;0;0
Myanmar;Yangon;Yangon-West;MMR;MMR013D004;MMR013;May;2013;0;0
Myanmar;Ayeyarwady;Hinthada;MMR;MMR017D002;MMR017;May;2013;0;0
Myanmar;Bago-West;Thayarwady;MMR;MMR008D002;MMR008;May;2013;0;0
Myanmar;Kayah;Bawlake;MMR;MMR002D002;MMR002;May;2013;0;0
Myanmar;Mandalay;Pyinoolwin;MMR;MMR010D002;MMR010;May;2013;0;0
Myanmar;Mandalay;Yamethin;MMR;MMR010D006;MMR010;May;2013;0;0
Myanmar;Mon;Mawlamyine;MMR;MMR011D001;MMR011;May;2013;0;0
Myanmar;Nay Pyi Taw;Det Khi Na;MMR;MMR018D002;MMR018;May;2013;0;0
Myanmar;Sagaing;Kanbalu;MMR;MMR005D010;MMR005;May;2013;0;0
Myanmar;Shan-North;Lashio;MMR;MMR015D001;MMR015;May;2013;5;1
Myanmar;Shan-South;Danu Self-Administered Zone;MMR;NA;NA;May;2013;0;0
Myanmar;Tanintharyi;Myeik;MMR;MMR006D002;MMR006;May;2013;0;0
Myanmar;Ayeyarwady;Myaungmya;MMR;MMR017D003;MMR017;June;2013;0;0
Myanmar;Chin;Matupi;MMR;MMR004D004;MMR004;June;2013;0;0
Myanmar;Magway;Magway;MMR;MMR009D001;MMR009;June;2013;0;0
Myanmar;Magway;Minbu;MMR;MMR009D002;MMR009;June;2013;0;0
Myanmar;Sagaing;Hkamti;MMR;MMR005D008;MMR005;June;2013;0;0
Myanmar;Sagaing;Katha;MMR;MMR005D004;MMR005;June;2013;0;0
Myanmar;Sagaing;Shwebo;MMR;MMR005D002;MMR005;June;2013;0;0
Myanmar;Sagaing;Tamu;MMR;MMR005D006;MMR005;June;2013;0;0
Myanmar;Shan-North;Kyaukme;MMR;NA;NA;June;2013;3;1
Myanmar;Shan-North;Matman;MMR;MMR015D007;MMR015;June;2013;0;0
Myanmar;Shan-North;Pa Laung Self-Administered Zone;MMR;NA;NA;June;2013;2;0
Myanmar;Yangon;Yangon-East;MMR;MMR013D002;MMR013;June;2013;0;0
Myanmar;Ayeyarwady;Pathein;MMR;MMR017D001;MMR017;June;2013;0;0
Myanmar;Ayeyarwady;Pyapon;MMR;MMR017D006;MMR017;June;2013;0;0
Myanmar;Bago-East;Taungoo;MMR;MMR007D002;MMR007;June;2013;0;0
Myanmar;Kayah;Loikaw;MMR;MMR002D001;MMR002;June;2013;0;0
Myanmar;Kayin;Kawkareik;MMR;MMR003D003;MMR003;June;2013;0;0
Myanmar;Magway;Thayet;MMR;MMR009D003;MMR009;June;2013;0;0
Myanmar;Mandalay;Kyaukse;MMR;MMR010D003;MMR010;June;2013;0;0
Myanmar;Rakhine;Kyaukpyu;MMR;MMR012D003;MMR012;June;2013;0;0
Myanmar;Shan-East;Monghsat;MMR;MMR016D002;MMR016;June;2013;0;0
Myanmar;Shan-South;Pa-O Self-Administered Zone;MMR;NA;NA;June;2013;0;0
Myanmar;Shan-South;Taunggyi;MMR;MMR014D001;MMR014;June;2013;0;0
Myanmar;Tanintharyi;Dawei;MMR;MMR006D001;MMR006;June;2013;0;0
Myanmar;Yangon;Yangon-North;MMR;MMR013D001;MMR013;June;2013;0;0
Myanmar;Bago-West;Pyay;MMR;MMR008D001;MMR008;June;2013;0;0
Myanmar;Chin;Mindat;MMR;MMR004D002;MMR004;June;2013;0;0
Myanmar;Kachin;Bhamo;MMR;MMR001D003;MMR001;June;2013;2;0
Myanmar;Kachin;Myitkyina;MMR;MMR001D001;MMR001;June;2013;0;0
Myanmar;Magway;Gangaw;MMR;MMR009D005;MMR009;June;2013;0;0
Myanmar;Nay Pyi Taw;Oke Ta Ra;MMR;MMR018D001;MMR018;June;2013;0;0
Myanmar;Rakhine;Thandwe;MMR;MMR012D004;MMR012;June;2013;1;0
Myanmar;Shan-East;Kengtung;MMR;MMR016D001;MMR016;June;2013;0;0
Myanmar;Shan-North;Mongmit;MMR;MMR015D008;MMR015;June;2013;0;0
Myanmar;Yangon;Yangon-South;MMR;MMR013D003;MMR013;June;2013;0;0
Myanmar;Ayeyarwady;Labutta;MMR;MMR017D004;MMR017;June;2013;0;0
Myanmar;Ayeyarwady;Maubin;MMR;MMR017D005;MMR017;June;2013;0;0
Myanmar;Magway;Pakokku;MMR;MMR009D004;MMR009;June;2013;0;0
Myanmar;Mandalay;Myingyan;MMR;MMR010D004;MMR010;June;2013;0;0
Myanmar;Rakhine;Maungdaw;MMR;MMR012D002;MMR012;June;2013;0;0
Myanmar;Rakhine;Mrauk-U;MMR;MMR012D005;MMR012;June;2013;1;3
Myanmar;Shan-North;Hopang;MMR;MMR015D006;MMR015;June;2013;0;0
Myanmar;Shan-North;Kokang Self-Administered Zone;MMR;MMR015D221;MMR015;June;2013;0;0
Myanmar;Shan-North;Muse;MMR;MMR015D002;MMR015;June;2013;26;9
Myanmar;Sagaing;Kale;MMR;MMR005D005;MMR005;June;2013;0;0
Myanmar;Sagaing;Sagaing;MMR;MMR005D001;MMR005;June;2013;0;0
Myanmar;Bago-East;Bago;MMR;MMR007D001;MMR007;June;2013;0;0
Myanmar;Chin;Hakha;MMR;MMR004D003;MMR004;June;2013;0;0
Myanmar;Kachin;Mohnyin;MMR;MMR001D002;MMR001;June;2013;0;0
Myanmar;Kachin;Puta-O;MMR;MMR001D004;MMR001;June;2013;0;0
Myanmar;Kayin;Hpa-An;MMR;MMR003D001;MMR003;June;2013;1;0
Myanmar;Kayin;Myawaddy;MMR;MMR003D002;MMR003;June;2013;0;0
Myanmar;Mandalay;Mandalay;MMR;MMR010D001;MMR010;June;2013;0;0
Myanmar;Mandalay;Meiktila;MMR;MMR010D007;MMR010;June;2013;0;0
Myanmar;Sagaing;Kawlin;MMR;MMR005D011;MMR005;June;2013;0;0
Myanmar;Sagaing;Naga Self-Administered Zone;MMR;NA;NA;June;2013;0;0
Myanmar;Shan-South;Langkho;MMR;MMR014D003;MMR014;June;2013;0;0
Myanmar;Shan-South;Loilen;MMR;MMR014D002;MMR014;June;2013;5;0
Myanmar;Chin;Falam;MMR;MMR004D001;MMR004;June;2013;0;0
Myanmar;Kayin;Hpapun;MMR;MMR003D004;MMR003;June;2013;0;0
Myanmar;Mandalay;Nyaung-U;MMR;MMR010D005;MMR010;June;2013;0;0
Myanmar;Mon;Thaton;MMR;MMR011D002;MMR011;June;2013;0;0
Myanmar;Rakhine;Sittwe;MMR;MMR012D001;MMR012;June;2013;1;2
Myanmar;Sagaing;Mawlaik;MMR;MMR005D007;MMR005;June;2013;0;0
Myanmar;Sagaing;Monywa;MMR;MMR005D003;MMR005;June;2013;0;0
Myanmar;Sagaing;Yinmarbin;MMR;MMR005D009;MMR005;June;2013;0;0
Myanmar;Shan-East;Tachileik;MMR;MMR016D003;MMR016;June;2013;0;0
Myanmar;Tanintharyi;Kawthoung;MMR;MMR006D003;MMR006;June;2013;0;0
Myanmar;Yangon;Yangon-West;MMR;MMR013D004;MMR013;June;2013;0;0
Myanmar;Ayeyarwady;Hinthada;MMR;MMR017D002;MMR017;June;2013;0;0
Myanmar;Bago-West;Thayarwady;MMR;MMR008D002;MMR008;June;2013;0;0
Myanmar;Kayah;Bawlake;MMR;MMR002D002;MMR002;June;2013;0;0
Myanmar;Mandalay;Pyinoolwin;MMR;MMR010D002;MMR010;June;2013;0;0
Myanmar;Mandalay;Yamethin;MMR;MMR010D006;MMR010;June;2013;0;0
Myanmar;Mon;Mawlamyine;MMR;MMR011D001;MMR011;June;2013;0;0
Myanmar;Nay Pyi Taw;Det Khi Na;MMR;MMR018D002;MMR018;June;2013;0;0
Myanmar;Sagaing;Kanbalu;MMR;MMR005D010;MMR005;June;2013;0;0
Myanmar;Shan-North;Lashio;MMR;MMR015D001;MMR015;June;2013;1;0
Myanmar;Shan-South;Danu Self-Administered Zone;MMR;NA;NA;June;2013;0;0
Myanmar;Tanintharyi;Myeik;MMR;MMR006D002;MMR006;June;2013;0;0
Myanmar;Ayeyarwady;Myaungmya;MMR;MMR017D003;MMR017;July;2013;0;0
Myanmar;Chin;Matupi;MMR;MMR004D004;MMR004;July;2013;0;0
Myanmar;Magway;Magway;MMR;MMR009D001;MMR009;July;2013;0;0
Myanmar;Magway;Minbu;MMR;MMR009D002;MMR009;July;2013;0;0
Myanmar;Sagaing;Hkamti;MMR;MMR005D008;MMR005;July;2013;0;0
Myanmar;Sagaing;Katha;MMR;MMR005D004;MMR005;July;2013;0;0
Myanmar;Sagaing;Shwebo;MMR;MMR005D002;MMR005;July;2013;0;0
Myanmar;Sagaing;Tamu;MMR;MMR005D006;MMR005;July;2013;0;0
Myanmar;Shan-North;Kyaukme;MMR;NA;NA;July;2013;3;13
Myanmar;Shan-North;Matman;MMR;MMR015D007;MMR015;July;2013;0;0
Myanmar;Shan-North;Pa Laung Self-Administered Zone;MMR;NA;NA;July;2013;1;0
Myanmar;Yangon;Yangon-East;MMR;MMR013D002;MMR013;July;2013;0;0
Myanmar;Ayeyarwady;Pathein;MMR;MMR017D001;MMR017;July;2013;0;0
Myanmar;Ayeyarwady;Pyapon;MMR;MMR017D006;MMR017;July;2013;0;0
Myanmar;Bago-East;Taungoo;MMR;MMR007D002;MMR007;July;2013;0;0
Myanmar;Kayah;Loikaw;MMR;MMR002D001;MMR002;July;2013;0;0
Myanmar;Kayin;Kawkareik;MMR;MMR003D003;MMR003;July;2013;0;0
Myanmar;Magway;Thayet;MMR;MMR009D003;MMR009;July;2013;0;0
Myanmar;Mandalay;Kyaukse;MMR;MMR010D003;MMR010;July;2013;0;0
Myanmar;Rakhine;Kyaukpyu;MMR;MMR012D003;MMR012;July;2013;0;0
Myanmar;Shan-East;Monghsat;MMR;MMR016D002;MMR016;July;2013;0;0
Myanmar;Shan-South;Pa-O Self-Administered Zone;MMR;NA;NA;July;2013;0;0
Myanmar;Shan-South;Taunggyi;MMR;MMR014D001;MMR014;July;2013;0;0
Myanmar;Tanintharyi;Dawei;MMR;MMR006D001;MMR006;July;2013;0;0
Myanmar;Yangon;Yangon-North;MMR;MMR013D001;MMR013;July;2013;0;0
Myanmar;Bago-West;Pyay;MMR;MMR008D001;MMR008;July;2013;0;0
Myanmar;Chin;Mindat;MMR;MMR004D002;MMR004;July;2013;0;0
Myanmar;Kachin;Bhamo;MMR;MMR001D003;MMR001;July;2013;1;2
Myanmar;Kachin;Myitkyina;MMR;MMR001D001;MMR001;July;2013;0;0
Myanmar;Magway;Gangaw;MMR;MMR009D005;MMR009;July;2013;0;0
Myanmar;Nay Pyi Taw;Oke Ta Ra;MMR;MMR018D001;MMR018;July;2013;0;0
Myanmar;Rakhine;Thandwe;MMR;MMR012D004;MMR012;July;2013;1;0
Myanmar;Shan-East;Kengtung;MMR;MMR016D001;MMR016;July;2013;0;0
Myanmar;Shan-North;Mongmit;MMR;MMR015D008;MMR015;July;2013;0;0
Myanmar;Yangon;Yangon-South;MMR;MMR013D003;MMR013;July;2013;0;0
Myanmar;Ayeyarwady;Labutta;MMR;MMR017D004;MMR017;July;2013;0;0
Myanmar;Ayeyarwady;Maubin;MMR;MMR017D005;MMR017;July;2013;0;0
Myanmar;Magway;Pakokku;MMR;MMR009D004;MMR009;July;2013;0;0
Myanmar;Mandalay;Myingyan;MMR;MMR010D004;MMR010;July;2013;0;0
Myanmar;Rakhine;Maungdaw;MMR;MMR012D002;MMR012;July;2013;0;0
Myanmar;Rakhine;Mrauk-U;MMR;MMR012D005;MMR012;July;2013;0;0
Myanmar;Shan-North;Hopang;MMR;MMR015D006;MMR015;July;2013;0;0
Myanmar;Shan-North;Kokang Self-Administered Zone;MMR;MMR015D221;MMR015;July;2013;0;0
Myanmar;Shan-North;Muse;MMR;MMR015D002;MMR015;July;2013;14;5
Myanmar;Sagaing;Kale;MMR;MMR005D005;MMR005;July;2013;0;0
Myanmar;Sagaing;Sagaing;MMR;MMR005D001;MMR005;July;2013;0;0
Myanmar;Bago-East;Bago;MMR;MMR007D001;MMR007;July;2013;0;0
Myanmar;Chin;Hakha;MMR;MMR004D003;MMR004;July;2013;0;0
Myanmar;Kachin;Mohnyin;MMR;MMR001D002;MMR001;July;2013;0;0
Myanmar;Kachin;Puta-O;MMR;MMR001D004;MMR001;July;2013;0;0
Myanmar;Kayin;Hpa-An;MMR;MMR003D001;MMR003;July;2013;0;0
Myanmar;Kayin;Myawaddy;MMR;MMR003D002;MMR003;July;2013;0;0
Myanmar;Mandalay;Mandalay;MMR;MMR010D001;MMR010;July;2013;2;0
Myanmar;Mandalay;Meiktila;MMR;MMR010D007;MMR010;July;2013;0;0
Myanmar;Sagaing;Kawlin;MMR;MMR005D011;MMR005;July;2013;0;0
Myanmar;Sagaing;Naga Self-Administered Zone;MMR;NA;NA;July;2013;0;0
Myanmar;Shan-South;Langkho;MMR;MMR014D003;MMR014;July;2013;0;0
Myanmar;Shan-South;Loilen;MMR;MMR014D002;MMR014;July;2013;2;0
Myanmar;Chin;Falam;MMR;MMR004D001;MMR004;July;2013;0;0
Myanmar;Kayin;Hpapun;MMR;MMR003D004;MMR003;July;2013;0;0
Myanmar;Mandalay;Nyaung-U;MMR;MMR010D005;MMR010;July;2013;0;0
Myanmar;Mon;Thaton;MMR;MMR011D002;MMR011;July;2013;0;0
Myanmar;Rakhine;Sittwe;MMR;MMR012D001;MMR012;July;2013;1;0
Myanmar;Sagaing;Mawlaik;MMR;MMR005D007;MMR005;July;2013;0;0
Myanmar;Sagaing;Monywa;MMR;MMR005D003;MMR005;July;2013;0;0
Myanmar;Sagaing;Yinmarbin;MMR;MMR005D009;MMR005;July;2013;0;0
Myanmar;Shan-East;Tachileik;MMR;MMR016D003;MMR016;July;2013;0;0
Myanmar;Tanintharyi;Kawthoung;MMR;MMR006D003;MMR006;July;2013;1;3
Myanmar;Yangon;Yangon-West;MMR;MMR013D004;MMR013;July;2013;0;0
Myanmar;Ayeyarwady;Hinthada;MMR;MMR017D002;MMR017;July;2013;0;0
Myanmar;Bago-West;Thayarwady;MMR;MMR008D002;MMR008;July;2013;0;0
Myanmar;Kayah;Bawlake;MMR;MMR002D002;MMR002;July;2013;0;0
Myanmar;Mandalay;Pyinoolwin;MMR;MMR010D002;MMR010;July;2013;0;0
Myanmar;Mandalay;Yamethin;MMR;MMR010D006;MMR010;July;2013;0;0
Myanmar;Mon;Mawlamyine;MMR;MMR011D001;MMR011;July;2013;0;0
Myanmar;Nay Pyi Taw;Det Khi Na;MMR;MMR018D002;MMR018;July;2013;0;0
Myanmar;Sagaing;Kanbalu;MMR;MMR005D010;MMR005;July;2013;0;0
Myanmar;Shan-North;Lashio;MMR;MMR015D001;MMR015;July;2013;0;0
Myanmar;Shan-South;Danu Self-Administered Zone;MMR;NA;NA;July;2013;0;0
Myanmar;Tanintharyi;Myeik;MMR;MMR006D002;MMR006;July;2013;1;3
Myanmar;Ayeyarwady;Myaungmya;MMR;MMR017D003;MMR017;August;2013;0;0
Myanmar;Chin;Matupi;MMR;MMR004D004;MMR004;August;2013;0;0
Myanmar;Magway;Magway;MMR;MMR009D001;MMR009;August;2013;0;0
Myanmar;Magway;Minbu;MMR;MMR009D002;MMR009;August;2013;0;0
Myanmar;Sagaing;Hkamti;MMR;MMR005D008;MMR005;August;2013;0;0
Myanmar;Sagaing;Katha;MMR;MMR005D004;MMR005;August;2013;0;0
Myanmar;Sagaing;Shwebo;MMR;MMR005D002;MMR005;August;2013;0;0
Myanmar;Sagaing;Tamu;MMR;MMR005D006;MMR005;August;2013;0;0
Myanmar;Shan-North;Kyaukme;MMR;NA;NA;August;2013;5;2
Myanmar;Shan-North;Matman;MMR;MMR015D007;MMR015;August;2013;0;0
Myanmar;Shan-North;Pa Laung Self-Administered Zone;MMR;NA;NA;August;2013;1;0
Myanmar;Yangon;Yangon-East;MMR;MMR013D002;MMR013;August;2013;0;0
Myanmar;Ayeyarwady;Pathein;MMR;MMR017D001;MMR017;August;2013;0;0
Myanmar;Ayeyarwady;Pyapon;MMR;MMR017D006;MMR017;August;2013;0;0
Myanmar;Bago-East;Taungoo;MMR;MMR007D002;MMR007;August;2013;0;0
Myanmar;Kayah;Loikaw;MMR;MMR002D001;MMR002;August;2013;0;0
Myanmar;Kayin;Kawkareik;MMR;MMR003D003;MMR003;August;2013;0;0
Myanmar;Magway;Thayet;MMR;MMR009D003;MMR009;August;2013;0;0
Myanmar;Mandalay;Kyaukse;MMR;MMR010D003;MMR010;August;2013;0;0
Myanmar;Rakhine;Kyaukpyu;MMR;MMR012D003;MMR012;August;2013;0;0
Myanmar;Shan-East;Monghsat;MMR;MMR016D002;MMR016;August;2013;0;0
Myanmar;Shan-South;Pa-O Self-Administered Zone;MMR;NA;NA;August;2013;0;0
Myanmar;Shan-South;Taunggyi;MMR;MMR014D001;MMR014;August;2013;0;0
Myanmar;Tanintharyi;Dawei;MMR;MMR006D001;MMR006;August;2013;0;0
Myanmar;Yangon;Yangon-North;MMR;MMR013D001;MMR013;August;2013;0;0
Myanmar;Bago-West;Pyay;MMR;MMR008D001;MMR008;August;2013;0;0
Myanmar;Chin;Mindat;MMR;MMR004D002;MMR004;August;2013;0;0
Myanmar;Kachin;Bhamo;MMR;MMR001D003;MMR001;August;2013;0;0
Myanmar;Kachin;Myitkyina;MMR;MMR001D001;MMR001;August;2013;4;5
Myanmar;Magway;Gangaw;MMR;MMR009D005;MMR009;August;2013;0;0
Myanmar;Nay Pyi Taw;Oke Ta Ra;MMR;MMR018D001;MMR018;August;2013;0;0
Myanmar;Rakhine;Thandwe;MMR;MMR012D004;MMR012;August;2013;0;0
Myanmar;Shan-East;Kengtung;MMR;MMR016D001;MMR016;August;2013;0;0
Myanmar;Shan-North;Mongmit;MMR;MMR015D008;MMR015;August;2013;0;0
Myanmar;Yangon;Yangon-South;MMR;MMR013D003;MMR013;August;2013;0;0
Myanmar;Ayeyarwady;Labutta;MMR;MMR017D004;MMR017;August;2013;0;0
Myanmar;Ayeyarwady;Maubin;MMR;MMR017D005;MMR017;August;2013;0;0
Myanmar;Magway;Pakokku;MMR;MMR009D004;MMR009;August;2013;0;0
Myanmar;Mandalay;Myingyan;MMR;MMR010D004;MMR010;August;2013;0;0
Myanmar;Rakhine;Maungdaw;MMR;MMR012D002;MMR012;August;2013;0;0
Myanmar;Rakhine;Mrauk-U;MMR;MMR012D005;MMR012;August;2013;0;0
Myanmar;Shan-North;Hopang;MMR;MMR015D006;MMR015;August;2013;0;0
Myanmar;Shan-North;Kokang Self-Administered Zone;MMR;MMR015D221;MMR015;August;2013;1;1
Myanmar;Shan-North;Muse;MMR;MMR015D002;MMR015;August;2013;16;19
Myanmar;Sagaing;Kale;MMR;MMR005D005;MMR005;August;2013;0;0
Myanmar;Sagaing;Sagaing;MMR;MMR005D001;MMR005;August;2013;0;0
Myanmar;Bago-East;Bago;MMR;MMR007D001;MMR007;August;2013;0;0
Myanmar;Chin;Hakha;MMR;MMR004D003;MMR004;August;2013;0;0
Myanmar;Kachin;Mohnyin;MMR;MMR001D002;MMR001;August;2013;0;0
Myanmar;Kachin;Puta-O;MMR;MMR001D004;MMR001;August;2013;7;11
Myanmar;Kayin;Hpa-An;MMR;MMR003D001;MMR003;August;2013;1;3
Myanmar;Kayin;Myawaddy;MMR;MMR003D002;MMR003;August;2013;0;0
Myanmar;Mandalay;Mandalay;MMR;MMR010D001;MMR010;August;2013;0;0
Myanmar;Mandalay;Meiktila;MMR;MMR010D007;MMR010;August;2013;1;0
Myanmar;Sagaing;Kawlin;MMR;MMR005D011;MMR005;August;2013;0;0
Myanmar;Sagaing;Naga Self-Administered Zone;MMR;NA;NA;August;2013;0;0
Myanmar;Shan-South;Langkho;MMR;MMR014D003;MMR014;August;2013;1;5
Myanmar;Shan-South;Loilen;MMR;MMR014D002;MMR014;August;2013;0;0
Myanmar;Chin;Falam;MMR;MMR004D001;MMR004;August;2013;0;0
Myanmar;Kayin;Hpapun;MMR;MMR003D004;MMR003;August;2013;2;1
Myanmar;Mandalay;Nyaung-U;MMR;MMR010D005;MMR010;August;2013;0;0
Myanmar;Mon;Thaton;MMR;MMR011D002;MMR011;August;2013;0;0
Myanmar;Rakhine;Sittwe;MMR;MMR012D001;MMR012;August;2013;1;2
Myanmar;Sagaing;Mawlaik;MMR;MMR005D007;MMR005;August;2013;0;0
Myanmar;Sagaing;Monywa;MMR;MMR005D003;MMR005;August;2013;0;0
Myanmar;Sagaing;Yinmarbin;MMR;MMR005D009;MMR005;August;2013;0;0
Myanmar;Shan-East;Tachileik;MMR;MMR016D003;MMR016;August;2013;0;0
Myanmar;Tanintharyi;Kawthoung;MMR;MMR006D003;MMR006;August;2013;0;0
Myanmar;Yangon;Yangon-West;MMR;MMR013D004;MMR013;August;2013;0;0
Myanmar;Ayeyarwady;Hinthada;MMR;MMR017D002;MMR017;August;2013;0;0
Myanmar;Bago-West;Thayarwady;MMR;MMR008D002;MMR008;August;2013;0;0
Myanmar;Kayah;Bawlake;MMR;MMR002D002;MMR002;August;2013;0;0
Myanmar;Mandalay;Pyinoolwin;MMR;MMR010D002;MMR010;August;2013;0;0
Myanmar;Mandalay;Yamethin;MMR;MMR010D006;MMR010;August;2013;0;0
Myanmar;Mon;Mawlamyine;MMR;MMR011D001;MMR011;August;2013;0;0
Myanmar;Nay Pyi Taw;Det Khi Na;MMR;MMR018D002;MMR018;August;2013;0;0
Myanmar;Sagaing;Kanbalu;MMR;MMR005D010;MMR005;August;2013;1;0
Myanmar;Shan-North;Lashio;MMR;MMR015D001;MMR015;August;2013;0;0
Myanmar;Shan-South;Danu Self-Administered Zone;MMR;NA;NA;August;2013;0;0
Myanmar;Tanintharyi;Myeik;MMR;MMR006D002;MMR006;August;2013;0;0
Myanmar;Ayeyarwady;Myaungmya;MMR;MMR017D003;MMR017;September;2013;0;0
Myanmar;Chin;Matupi;MMR;MMR004D004;MMR004;September;2013;0;0
Myanmar;Magway;Magway;MMR;MMR009D001;MMR009;September;2013;0;0
Myanmar;Magway;Minbu;MMR;MMR009D002;MMR009;September;2013;0;0
Myanmar;Sagaing;Hkamti;MMR;MMR005D008;MMR005;September;2013;0;0
Myanmar;Sagaing;Katha;MMR;MMR005D004;MMR005;September;2013;0;0
Myanmar;Sagaing;Shwebo;MMR;MMR005D002;MMR005;September;2013;0;0
Myanmar;Sagaing;Tamu;MMR;MMR005D006;MMR005;September;2013;0;0
Myanmar;Shan-North;Kyaukme;MMR;NA;NA;September;2013;6;5
Myanmar;Shan-North;Matman;MMR;MMR015D007;MMR015;September;2013;0;0
Myanmar;Shan-North;Pa Laung Self-Administered Zone;MMR;NA;NA;September;2013;1;3
Myanmar;Yangon;Yangon-East;MMR;MMR013D002;MMR013;September;2013;0;0
Myanmar;Ayeyarwady;Pathein;MMR;MMR017D001;MMR017;September;2013;0;0
Myanmar;Ayeyarwady;Pyapon;MMR;MMR017D006;MMR017;September;2013;0;0
Myanmar;Bago-East;Taungoo;MMR;MMR007D002;MMR007;September;2013;0;0
Myanmar;Kayah;Loikaw;MMR;MMR002D001;MMR002;September;2013;0;0
Myanmar;Kayin;Kawkareik;MMR;MMR003D003;MMR003;September;2013;0;0
Myanmar;Magway;Thayet;MMR;MMR009D003;MMR009;September;2013;0;0
Myanmar;Mandalay;Kyaukse;MMR;MMR010D003;MMR010;September;2013;0;0
Myanmar;Rakhine;Kyaukpyu;MMR;MMR012D003;MMR012;September;2013;0;0
Myanmar;Shan-East;Monghsat;MMR;MMR016D002;MMR016;September;2013;0;0
Myanmar;Shan-South;Pa-O Self-Administered Zone;MMR;NA;NA;September;2013;0;0
Myanmar;Shan-South;Taunggyi;MMR;MMR014D001;MMR014;September;2013;0;0
Myanmar;Tanintharyi;Dawei;MMR;MMR006D001;MMR006;September;2013;0;0
Myanmar;Yangon;Yangon-North;MMR;MMR013D001;MMR013;September;2013;0;0
Myanmar;Bago-West;Pyay;MMR;MMR008D001;MMR008;September;2013;0;0
Myanmar;Chin;Mindat;MMR;MMR004D002;MMR004;September;2013;0;0
Myanmar;Kachin;Bhamo;MMR;MMR001D003;MMR001;September;2013;15;8
Myanmar;Kachin;Myitkyina;MMR;MMR001D001;MMR001;September;2013;3;1
Myanmar;Magway;Gangaw;MMR;MMR009D005;MMR009;September;2013;0;0
Myanmar;Nay Pyi Taw;Oke Ta Ra;MMR;MMR018D001;MMR018;September;2013;2;0
Myanmar;Rakhine;Thandwe;MMR;MMR012D004;MMR012;September;2013;2;2
Myanmar;Shan-East;Kengtung;MMR;MMR016D001;MMR016;September;2013;1;0
Myanmar;Shan-North;Mongmit;MMR;MMR015D008;MMR015;September;2013;0;0
Myanmar;Yangon;Yangon-South;MMR;MMR013D003;MMR013;September;2013;0;0
Myanmar;Ayeyarwady;Labutta;MMR;MMR017D004;MMR017;September;2013;0;0
Myanmar;Ayeyarwady;Maubin;MMR;MMR017D005;MMR017;September;2013;0;0
Myanmar;Magway;Pakokku;MMR;MMR009D004;MMR009;September;2013;0;0
Myanmar;Mandalay;Myingyan;MMR;MMR010D004;MMR010;September;2013;0;0
Myanmar;Rakhine;Maungdaw;MMR;MMR012D002;MMR012;September;2013;3;2
Myanmar;Rakhine;Mrauk-U;MMR;MMR012D005;MMR012;September;2013;0;0
Myanmar;Shan-North;Hopang;MMR;MMR015D006;MMR015;September;2013;0;0
Myanmar;Shan-North;Kokang Self-Administered Zone;MMR;MMR015D221;MMR015;September;2013;0;0
Myanmar;Shan-North;Muse;MMR;MMR015D002;MMR015;September;2013;18;26
Myanmar;Sagaing;Kale;MMR;MMR005D005;MMR005;September;2013;0;0
Myanmar;Sagaing;Sagaing;MMR;MMR005D001;MMR005;September;2013;0;0
Myanmar;Bago-East;Bago;MMR;MMR007D001;MMR007;September;2013;0;0
Myanmar;Chin;Hakha;MMR;MMR004D003;MMR004;September;2013;0;0
Myanmar;Kachin;Mohnyin;MMR;MMR001D002;MMR001;September;2013;0;0
Myanmar;Kachin;Puta-O;MMR;MMR001D004;MMR001;September;2013;2;0
Myanmar;Kayin;Hpa-An;MMR;MMR003D001;MMR003;September;2013;1;1
Myanmar;Kayin;Myawaddy;MMR;MMR003D002;MMR003;September;2013;0;0
Myanmar;Mandalay;Mandalay;MMR;MMR010D001;MMR010;September;2013;0;0
Myanmar;Mandalay;Meiktila;MMR;MMR010D007;MMR010;September;2013;0;0
Myanmar;Sagaing;Kawlin;MMR;MMR005D011;MMR005;September;2013;0;0
Myanmar;Sagaing;Naga Self-Administered Zone;MMR;NA;NA;September;2013;0;0
Myanmar;Shan-South;Langkho;MMR;MMR014D003;MMR014;September;2013;2;0
Myanmar;Shan-South;Loilen;MMR;MMR014D002;MMR014;September;2013;2;10
Myanmar;Chin;Falam;MMR;MMR004D001;MMR004;September;2013;0;0
Myanmar;Kayin;Hpapun;MMR;MMR003D004;MMR003;September;2013;0;0
Myanmar;Mandalay;Nyaung-U;MMR;MMR010D005;MMR010;September;2013;0;0
Myanmar;Mon;Thaton;MMR;MMR011D002;MMR011;September;2013;0;0
Myanmar;Rakhine;Sittwe;MMR;MMR012D001;MMR012;September;2013;0;0
Myanmar;Sagaing;Mawlaik;MMR;MMR005D007;MMR005;September;2013;0;0
Myanmar;Sagaing;Monywa;MMR;MMR005D003;MMR005;September;2013;0;0
Myanmar;Sagaing;Yinmarbin;MMR;MMR005D009;MMR005;September;2013;0;0
Myanmar;Shan-East;Tachileik;MMR;MMR016D003;MMR016;September;2013;0;0
Myanmar;Tanintharyi;Kawthoung;MMR;MMR006D003;MMR006;September;2013;0;0
Myanmar;Yangon;Yangon-West;MMR;MMR013D004;MMR013;September;2013;0;0
Myanmar;Ayeyarwady;Hinthada;MMR;MMR017D002;MMR017;September;2013;0;0
Myanmar;Bago-West;Thayarwady;MMR;MMR008D002;MMR008;September;2013;0;0
Myanmar;Kayah;Bawlake;MMR;MMR002D002;MMR002;September;2013;0;0
Myanmar;Mandalay;Pyinoolwin;MMR;MMR010D002;MMR010;September;2013;0;0
Myanmar;Mandalay;Yamethin;MMR;MMR010D006;MMR010;September;2013;0;0
Myanmar;Mon;Mawlamyine;MMR;MMR011D001;MMR011;September;2013;0;0
Myanmar;Nay Pyi Taw;Det Khi Na;MMR;MMR018D002;MMR018;September;2013;0;0
Myanmar;Sagaing;Kanbalu;MMR;MMR005D010;MMR005;September;2013;0;0
Myanmar;Shan-North;Lashio;MMR;MMR015D001;MMR015;September;2013;0;0
Myanmar;Shan-South;Danu Self-Administered Zone;MMR;NA;NA;September;2013;0;0
Myanmar;Tanintharyi;Myeik;MMR;MMR006D002;MMR006;September;2013;0;0
Myanmar;Ayeyarwady;Myaungmya;MMR;MMR017D003;MMR017;October;2013;0;0
Myanmar;Chin;Matupi;MMR;MMR004D004;MMR004;October;2013;0;0
Myanmar;Magway;Magway;MMR;MMR009D001;MMR009;October;2013;0;0
Myanmar;Magway;Minbu;MMR;MMR009D002;MMR009;October;2013;0;0
Myanmar;Sagaing;Hkamti;MMR;MMR005D008;MMR005;October;2013;0;0
Myanmar;Sagaing;Katha;MMR;MMR005D004;MMR005;October;2013;0;0
Myanmar;Sagaing;Shwebo;MMR;MMR005D002;MMR005;October;2013;0;0
Myanmar;Sagaing;Tamu;MMR;MMR005D006;MMR005;October;2013;0;0
Myanmar;Shan-North;Kyaukme;MMR;NA;NA;October;2013;1;10
Myanmar;Shan-North;Matman;MMR;MMR015D007;MMR015;October;2013;0;0
Myanmar;Shan-North;Pa Laung Self-Administered Zone;MMR;NA;NA;October;2013;2;2
Myanmar;Yangon;Yangon-East;MMR;MMR013D002;MMR013;October;2013;1;0
Myanmar;Ayeyarwady;Pathein;MMR;MMR017D001;MMR017;October;2013;1;0
Myanmar;Ayeyarwady;Pyapon;MMR;MMR017D006;MMR017;October;2013;0;0
Myanmar;Bago-East;Taungoo;MMR;MMR007D002;MMR007;October;2013;1;2
Myanmar;Kayah;Loikaw;MMR;MMR002D001;MMR002;October;2013;0;0
Myanmar;Kayin;Kawkareik;MMR;MMR003D003;MMR003;October;2013;0;0
Myanmar;Magway;Thayet;MMR;MMR009D003;MMR009;October;2013;0;0
Myanmar;Mandalay;Kyaukse;MMR;MMR010D003;MMR010;October;2013;0;0
Myanmar;Rakhine;Kyaukpyu;MMR;MMR012D003;MMR012;October;2013;0;0
Myanmar;Shan-East;Monghsat;MMR;MMR016D002;MMR016;October;2013;0;0
Myanmar;Shan-South;Pa-O Self-Administered Zone;MMR;NA;NA;October;2013;0;0
Myanmar;Shan-South;Taunggyi;MMR;MMR014D001;MMR014;October;2013;0;0
Myanmar;Tanintharyi;Dawei;MMR;MMR006D001;MMR006;October;2013;0;0
Myanmar;Yangon;Yangon-North;MMR;MMR013D001;MMR013;October;2013;1;0
Myanmar;Bago-West;Pyay;MMR;MMR008D001;MMR008;October;2013;0;0
Myanmar;Chin;Mindat;MMR;MMR004D002;MMR004;October;2013;0;0
Myanmar;Kachin;Bhamo;MMR;MMR001D003;MMR001;October;2013;18;4
Myanmar;Kachin;Myitkyina;MMR;MMR001D001;MMR001;October;2013;2;1
Myanmar;Magway;Gangaw;MMR;MMR009D005;MMR009;October;2013;0;0
Myanmar;Nay Pyi Taw;Oke Ta Ra;MMR;MMR018D001;MMR018;October;2013;0;0
Myanmar;Rakhine;Thandwe;MMR;MMR012D004;MMR012;October;2013;3;9
Myanmar;Shan-East;Kengtung;MMR;MMR016D001;MMR016;October;2013;0;0
Myanmar;Shan-North;Mongmit;MMR;MMR015D008;MMR015;October;2013;4;0
Myanmar;Yangon;Yangon-South;MMR;MMR013D003;MMR013;October;2013;0;0
Myanmar;Ayeyarwady;Labutta;MMR;MMR017D004;MMR017;October;2013;0;0
Myanmar;Ayeyarwady;Maubin;MMR;MMR017D005;MMR017;October;2013;0;0
Myanmar;Magway;Pakokku;MMR;MMR009D004;MMR009;October;2013;0;0
Myanmar;Mandalay;Myingyan;MMR;MMR010D004;MMR010;October;2013;0;0
Myanmar;Rakhine;Maungdaw;MMR;MMR012D002;MMR012;October;2013;0;0
Myanmar;Rakhine;Mrauk-U;MMR;MMR012D005;MMR012;October;2013;0;0
Myanmar;Shan-North;Hopang;MMR;MMR015D006;MMR015;October;2013;0;0
Myanmar;Shan-North;Kokang Self-Administered Zone;MMR;MMR015D221;MMR015;October;2013;0;0
Myanmar;Shan-North;Muse;MMR;MMR015D002;MMR015;October;2013;6;1
Myanmar;Sagaing;Kale;MMR;MMR005D005;MMR005;October;2013;0;0
Myanmar;Sagaing;Sagaing;MMR;MMR005D001;MMR005;October;2013;1;0
Myanmar;Bago-East;Bago;MMR;MMR007D001;MMR007;October;2013;0;0
Myanmar;Chin;Hakha;MMR;MMR004D003;MMR004;October;2013;0;0
Myanmar;Kachin;Mohnyin;MMR;MMR001D002;MMR001;October;2013;0;0
Myanmar;Kachin;Puta-O;MMR;MMR001D004;MMR001;October;2013;0;0
Myanmar;Kayin;Hpa-An;MMR;MMR003D001;MMR003;October;2013;0;0
Myanmar;Kayin;Myawaddy;MMR;MMR003D002;MMR003;October;2013;0;0
Myanmar;Mandalay;Mandalay;MMR;MMR010D001;MMR010;October;2013;0;0
Myanmar;Mandalay;Meiktila;MMR;MMR010D007;MMR010;October;2013;0;0
Myanmar;Sagaing;Kawlin;MMR;MMR005D011;MMR005;October;2013;0;0
Myanmar;Sagaing;Naga Self-Administered Zone;MMR;NA;NA;October;2013;0;0
Myanmar;Shan-South;Langkho;MMR;MMR014D003;MMR014;October;2013;2;0
Myanmar;Shan-South;Loilen;MMR;MMR014D002;MMR014;October;2013;5;2
Myanmar;Chin;Falam;MMR;MMR004D001;MMR004;October;2013;0;0
Myanmar;Kayin;Hpapun;MMR;MMR003D004;MMR003;October;2013;0;0
Myanmar;Mandalay;Nyaung-U;MMR;MMR010D005;MMR010;October;2013;0;0
Myanmar;Mon;Thaton;MMR;MMR011D002;MMR011;October;2013;0;0
Myanmar;Rakhine;Sittwe;MMR;MMR012D001;MMR012;October;2013;0;0
Myanmar;Sagaing;Mawlaik;MMR;MMR005D007;MMR005;October;2013;0;0
Myanmar;Sagaing;Monywa;MMR;MMR005D003;MMR005;October;2013;0;0
Myanmar;Sagaing;Yinmarbin;MMR;MMR005D009;MMR005;October;2013;1;0
Myanmar;Shan-East;Tachileik;MMR;MMR016D003;MMR016;October;2013;0;0
Myanmar;Tanintharyi;Kawthoung;MMR;MMR006D003;MMR006;October;2013;0;0
Myanmar;Yangon;Yangon-West;MMR;MMR013D004;MMR013;October;2013;1;0
Myanmar;Ayeyarwady;Hinthada;MMR;MMR017D002;MMR017;October;2013;0;0
Myanmar;Bago-West;Thayarwady;MMR;MMR008D002;MMR008;October;2013;0;0
Myanmar;Kayah;Bawlake;MMR;MMR002D002;MMR002;October;2013;0;0
Myanmar;Mandalay;Pyinoolwin;MMR;MMR010D002;MMR010;October;2013;0;0
Myanmar;Mandalay;Yamethin;MMR;MMR010D006;MMR010;October;2013;0;0
Myanmar;Mon;Mawlamyine;MMR;MMR011D001;MMR011;October;2013;0;0
Myanmar;Nay Pyi Taw;Det Khi Na;MMR;MMR018D002;MMR018;October;2013;0;0
Myanmar;Sagaing;Kanbalu;MMR;MMR005D010;MMR005;October;2013;0;0
Myanmar;Shan-North;Lashio;MMR;MMR015D001;MMR015;October;2013;0;0
Myanmar;Shan-South;Danu Self-Administered Zone;MMR;NA;NA;October;2013;0;0
Myanmar;Tanintharyi;Myeik;MMR;MMR006D002;MMR006;October;2013;0;0
Myanmar;Ayeyarwady;Myaungmya;MMR;MMR017D003;MMR017;November;2013;0;0
Myanmar;Chin;Matupi;MMR;MMR004D004;MMR004;November;2013;0;0
Myanmar;Magway;Magway;MMR;MMR009D001;MMR009;November;2013;0;0
Myanmar;Magway;Minbu;MMR;MMR009D002;MMR009;November;2013;0;0
Myanmar;Sagaing;Hkamti;MMR;MMR005D008;MMR005;November;2013;0;0
Myanmar;Sagaing;Katha;MMR;MMR005D004;MMR005;November;2013;0;0
Myanmar;Sagaing;Shwebo;MMR;MMR005D002;MMR005;November;2013;0;0
Myanmar;Sagaing;Tamu;MMR;MMR005D006;MMR005;November;2013;1;0
Myanmar;Shan-North;Kyaukme;MMR;NA;NA;November;2013;0;0
Myanmar;Shan-North;Matman;MMR;MMR015D007;MMR015;November;2013;0;0
Myanmar;Shan-North;Pa Laung Self-Administered Zone;MMR;NA;NA;November;2013;3;0
Myanmar;Yangon;Yangon-East;MMR;MMR013D002;MMR013;November;2013;0;0
Myanmar;Ayeyarwady;Pathein;MMR;MMR017D001;MMR017;November;2013;0;0
Myanmar;Ayeyarwady;Pyapon;MMR;MMR017D006;MMR017;November;2013;0;0
Myanmar;Bago-East;Taungoo;MMR;MMR007D002;MMR007;November;2013;0;0
Myanmar;Kayah;Loikaw;MMR;MMR002D001;MMR002;November;2013;0;0
Myanmar;Kayin;Kawkareik;MMR;MMR003D003;MMR003;November;2013;0;0
Myanmar;Magway;Thayet;MMR;MMR009D003;MMR009;November;2013;0;0
Myanmar;Mandalay;Kyaukse;MMR;MMR010D003;MMR010;November;2013;0;0
Myanmar;Rakhine;Kyaukpyu;MMR;MMR012D003;MMR012;November;2013;1;0
Myanmar;Shan-East;Monghsat;MMR;MMR016D002;MMR016;November;2013;0;0
Myanmar;Shan-South;Pa-O Self-Administered Zone;MMR;NA;NA;November;2013;0;0
Myanmar;Shan-South;Taunggyi;MMR;MMR014D001;MMR014;November;2013;0;0
Myanmar;Tanintharyi;Dawei;MMR;MMR006D001;MMR006;November;2013;0;0
Myanmar;Yangon;Yangon-North;MMR;MMR013D001;MMR013;November;2013;0;0
Myanmar;Bago-West;Pyay;MMR;MMR008D001;MMR008;November;2013;0;0
Myanmar;Chin;Mindat;MMR;MMR004D002;MMR004;November;2013;0;0
Myanmar;Kachin;Bhamo;MMR;MMR001D003;MMR001;November;2013;26;5
Myanmar;Kachin;Myitkyina;MMR;MMR001D001;MMR001;November;2013;0;0
Myanmar;Magway;Gangaw;MMR;MMR009D005;MMR009;November;2013;0;0
Myanmar;Nay Pyi Taw;Oke Ta Ra;MMR;MMR018D001;MMR018;November;2013;0;0
Myanmar;Rakhine;Thandwe;MMR;MMR012D004;MMR012;November;2013;0;0
Myanmar;Shan-East;Kengtung;MMR;MMR016D001;MMR016;November;2013;0;0
Myanmar;Shan-North;Mongmit;MMR;MMR015D008;MMR015;November;2013;0;0
Myanmar;Yangon;Yangon-South;MMR;MMR013D003;MMR013;November;2013;0;0
Myanmar;Ayeyarwady;Labutta;MMR;MMR017D004;MMR017;November;2013;0;0
Myanmar;Ayeyarwady;Maubin;MMR;MMR017D005;MMR017;November;2013;0;0
Myanmar;Magway;Pakokku;MMR;MMR009D004;MMR009;November;2013;0;0
Myanmar;Mandalay;Myingyan;MMR;MMR010D004;MMR010;November;2013;0;0
Myanmar;Rakhine;Maungdaw;MMR;MMR012D002;MMR012;November;2013;0;0
Myanmar;Rakhine;Mrauk-U;MMR;MMR012D005;MMR012;November;2013;0;0
Myanmar;Shan-North;Hopang;MMR;MMR015D006;MMR015;November;2013;0;0
Myanmar;Shan-North;Kokang Self-Administered Zone;MMR;MMR015D221;MMR015;November;2013;0;0
Myanmar;Shan-North;Muse;MMR;MMR015D002;MMR015;November;2013;8;0
Myanmar;Sagaing;Kale;MMR;MMR005D005;MMR005;November;2013;0;0
Myanmar;Sagaing;Sagaing;MMR;MMR005D001;MMR005;November;2013;0;0
Myanmar;Bago-East;Bago;MMR;MMR007D001;MMR007;November;2013;0;0
Myanmar;Chin;Hakha;MMR;MMR004D003;MMR004;November;2013;0;0
Myanmar;Kachin;Mohnyin;MMR;MMR001D002;MMR001;November;2013;1;0
Myanmar;Kachin;Puta-O;MMR;MMR001D004;MMR001;November;2013;0;0
Myanmar;Kayin;Hpa-An;MMR;MMR003D001;MMR003;November;2013;0;0
Myanmar;Kayin;Myawaddy;MMR;MMR003D002;MMR003;November;2013;0;0
Myanmar;Mandalay;Mandalay;MMR;MMR010D001;MMR010;November;2013;0;0
Myanmar;Mandalay;Meiktila;MMR;MMR010D007;MMR010;November;2013;0;0
Myanmar;Sagaing;Kawlin;MMR;MMR005D011;MMR005;November;2013;0;0
Myanmar;Sagaing;Naga Self-Administered Zone;MMR;NA;NA;November;2013;0;0
Myanmar;Shan-South;Langkho;MMR;MMR014D003;MMR014;November;2013;0;0
Myanmar;Shan-South;Loilen;MMR;MMR014D002;MMR014;November;2013;2;0
Myanmar;Chin;Falam;MMR;MMR004D001;MMR004;November;2013;0;0
Myanmar;Kayin;Hpapun;MMR;MMR003D004;MMR003;November;2013;0;0
Myanmar;Mandalay;Nyaung-U;MMR;MMR010D005;MMR010;November;2013;0;0
Myanmar;Mon;Thaton;MMR;MMR011D002;MMR011;November;2013;0;0
Myanmar;Rakhine;Sittwe;MMR;MMR012D001;MMR012;November;2013;3;4
Myanmar;Sagaing;Mawlaik;MMR;MMR005D007;MMR005;November;2013;0;0
Myanmar;Sagaing;Monywa;MMR;MMR005D003;MMR005;November;2013;0;0
Myanmar;Sagaing;Yinmarbin;MMR;MMR005D009;MMR005;November;2013;1;0
Myanmar;Shan-East;Tachileik;MMR;MMR016D003;MMR016;November;2013;0;0
Myanmar;Tanintharyi;Kawthoung;MMR;MMR006D003;MMR006;November;2013;0;0
Myanmar;Yangon;Yangon-West;MMR;MMR013D004;MMR013;November;2013;0;0
Myanmar;Ayeyarwady;Hinthada;MMR;MMR017D002;MMR017;November;2013;0;0
Myanmar;Bago-West;Thayarwady;MMR;MMR008D002;MMR008;November;2013;0;0
Myanmar;Kayah;Bawlake;MMR;MMR002D002;MMR002;November;2013;0;0
Myanmar;Mandalay;Pyinoolwin;MMR;MMR010D002;MMR010;November;2013;0;0
Myanmar;Mandalay;Yamethin;MMR;MMR010D006;MMR010;November;2013;0;0
Myanmar;Mon;Mawlamyine;MMR;MMR011D001;MMR011;November;2013;0;0
Myanmar;Nay Pyi Taw;Det Khi Na;MMR;MMR018D002;MMR018;November;2013;0;0
Myanmar;Sagaing;Kanbalu;MMR;MMR005D010;MMR005;November;2013;0;0
Myanmar;Shan-North;Lashio;MMR;MMR015D001;MMR015;November;2013;0;0
Myanmar;Shan-South;Danu Self-Administered Zone;MMR;NA;NA;November;2013;0;0
Myanmar;Tanintharyi;Myeik;MMR;MMR006D002;MMR006;November;2013;0;0
Myanmar;Ayeyarwady;Myaungmya;MMR;MMR017D003;MMR017;December;2013;0;0
Myanmar;Chin;Matupi;MMR;MMR004D004;MMR004;December;2013;0;0
Myanmar;Magway;Magway;MMR;MMR009D001;MMR009;December;2013;0;0
Myanmar;Magway;Minbu;MMR;MMR009D002;MMR009;December;2013;0;0
Myanmar;Sagaing;Hkamti;MMR;MMR005D008;MMR005;December;2013;0;0
Myanmar;Sagaing;Katha;MMR;MMR005D004;MMR005;December;2013;0;0
Myanmar;Sagaing;Shwebo;MMR;MMR005D002;MMR005;December;2013;0;0
Myanmar;Sagaing;Tamu;MMR;MMR005D006;MMR005;December;2013;0;0
Myanmar;Shan-North;Kyaukme;MMR;NA;NA;December;2013;4;3
Myanmar;Shan-North;Matman;MMR;MMR015D007;MMR015;December;2013;0;0
Myanmar;Shan-North;Pa Laung Self-Administered Zone;MMR;NA;NA;December;2013;1;0
Myanmar;Yangon;Yangon-East;MMR;MMR013D002;MMR013;December;2013;0;0
Myanmar;Ayeyarwady;Pathein;MMR;MMR017D001;MMR017;December;2013;0;0
Myanmar;Ayeyarwady;Pyapon;MMR;MMR017D006;MMR017;December;2013;0;0
Myanmar;Bago-East;Taungoo;MMR;MMR007D002;MMR007;December;2013;0;0
Myanmar;Kayah;Loikaw;MMR;MMR002D001;MMR002;December;2013;0;0
Myanmar;Kayin;Kawkareik;MMR;MMR003D003;MMR003;December;2013;0;0
Myanmar;Magway;Thayet;MMR;MMR009D003;MMR009;December;2013;0;0
Myanmar;Mandalay;Kyaukse;MMR;MMR010D003;MMR010;December;2013;0;0
Myanmar;Rakhine;Kyaukpyu;MMR;MMR012D003;MMR012;December;2013;0;0
Myanmar;Shan-East;Monghsat;MMR;MMR016D002;MMR016;December;2013;0;0
Myanmar;Shan-South;Pa-O Self-Administered Zone;MMR;NA;NA;December;2013;0;0
Myanmar;Shan-South;Taunggyi;MMR;MMR014D001;MMR014;December;2013;0;0
Myanmar;Tanintharyi;Dawei;MMR;MMR006D001;MMR006;December;2013;0;0
Myanmar;Yangon;Yangon-North;MMR;MMR013D001;MMR013;December;2013;0;0
Myanmar;Bago-West;Pyay;MMR;MMR008D001;MMR008;December;2013;0;0
Myanmar;Chin;Mindat;MMR;MMR004D002;MMR004;December;2013;0;0
Myanmar;Kachin;Bhamo;MMR;MMR001D003;MMR001;December;2013;5;2
Myanmar;Kachin;Myitkyina;MMR;MMR001D001;MMR001;December;2013;0;0
Myanmar;Magway;Gangaw;MMR;MMR009D005;MMR009;December;2013;0;0
Myanmar;Nay Pyi Taw;Oke Ta Ra;MMR;MMR018D001;MMR018;December;2013;0;0
Myanmar;Rakhine;Thandwe;MMR;MMR012D004;MMR012;December;2013;0;0
Myanmar;Shan-East;Kengtung;MMR;MMR016D001;MMR016;December;2013;0;0
Myanmar;Shan-North;Mongmit;MMR;MMR015D008;MMR015;December;2013;0;0
Myanmar;Yangon;Yangon-South;MMR;MMR013D003;MMR013;December;2013;0;0
Myanmar;Ayeyarwady;Labutta;MMR;MMR017D004;MMR017;December;2013;0;0
Myanmar;Ayeyarwady;Maubin;MMR;MMR017D005;MMR017;December;2013;0;0
Myanmar;Magway;Pakokku;MMR;MMR009D004;MMR009;December;2013;0;0
Myanmar;Mandalay;Myingyan;MMR;MMR010D004;MMR010;December;2013;0;0
Myanmar;Rakhine;Maungdaw;MMR;MMR012D002;MMR012;December;2013;0;0
Myanmar;Rakhine;Mrauk-U;MMR;MMR012D005;MMR012;December;2013;0;0
Myanmar;Shan-North;Hopang;MMR;MMR015D006;MMR015;December;2013;0;0
Myanmar;Shan-North;Kokang Self-Administered Zone;MMR;MMR015D221;MMR015;December;2013;0;0
Myanmar;Shan-North;Muse;MMR;MMR015D002;MMR015;December;2013;8;16
Myanmar;Sagaing;Kale;MMR;MMR005D005;MMR005;December;2013;0;0
Myanmar;Sagaing;Sagaing;MMR;MMR005D001;MMR005;December;2013;0;0
Myanmar;Bago-East;Bago;MMR;MMR007D001;MMR007;December;2013;0;0
Myanmar;Chin;Hakha;MMR;MMR004D003;MMR004;December;2013;0;0
Myanmar;Kachin;Mohnyin;MMR;MMR001D002;MMR001;December;2013;0;0
Myanmar;Kachin;Puta-O;MMR;MMR001D004;MMR001;December;2013;0;0
Myanmar;Kayin;Hpa-An;MMR;MMR003D001;MMR003;December;2013;0;0
Myanmar;Kayin;Myawaddy;MMR;MMR003D002;MMR003;December;2013;0;0
Myanmar;Mandalay;Mandalay;MMR;MMR010D001;MMR010;December;2013;0;0
Myanmar;Mandalay;Meiktila;MMR;MMR010D007;MMR010;December;2013;0;0
Myanmar;Sagaing;Kawlin;MMR;MMR005D011;MMR005;December;2013;0;0
Myanmar;Sagaing;Naga Self-Administered Zone;MMR;NA;NA;December;2013;0;0
Myanmar;Shan-South;Langkho;MMR;MMR014D003;MMR014;December;2013;0;0
Myanmar;Shan-South;Loilen;MMR;MMR014D002;MMR014;December;2013;2;0
Myanmar;Chin;Falam;MMR;MMR004D001;MMR004;December;2013;0;0
Myanmar;Kayin;Hpapun;MMR;MMR003D004;MMR003;December;2013;0;0
Myanmar;Mandalay;Nyaung-U;MMR;MMR010D005;MMR010;December;2013;0;0
Myanmar;Mon;Thaton;MMR;MMR011D002;MMR011;December;2013;0;0
Myanmar;Rakhine;Sittwe;MMR;MMR012D001;MMR012;December;2013;0;0
Myanmar;Sagaing;Mawlaik;MMR;MMR005D007;MMR005;December;2013;0;0
Myanmar;Sagaing;Monywa;MMR;MMR005D003;MMR005;December;2013;0;0
Myanmar;Sagaing;Yinmarbin;MMR;MMR005D009;MMR005;December;2013;0;0
Myanmar;Shan-East;Tachileik;MMR;MMR016D003;MMR016;December;2013;0;0
Myanmar;Tanintharyi;Kawthoung;MMR;MMR006D003;MMR006;December;2013;0;0
Myanmar;Yangon;Yangon-West;MMR;MMR013D004;MMR013;December;2013;0;0
Myanmar;Ayeyarwady;Hinthada;MMR;MMR017D002;MMR017;December;2013;0;0
Myanmar;Bago-West;Thayarwady;MMR;MMR008D002;MMR008;December;2013;0;0
Myanmar;Kayah;Bawlake;MMR;MMR002D002;MMR002;December;2013;0;0
Myanmar;Mandalay;Pyinoolwin;MMR;MMR010D002;MMR010;December;2013;0;0
Myanmar;Mandalay;Yamethin;MMR;MMR010D006;MMR010;December;2013;0;0
Myanmar;Mon;Mawlamyine;MMR;MMR011D001;MMR011;December;2013;1;0
Myanmar;Nay Pyi Taw;Det Khi Na;MMR;MMR018D002;MMR018;December;2013;0;0
Myanmar;Sagaing;Kanbalu;MMR;MMR005D010;MMR005;December;2013;0;0
Myanmar;Shan-North;Lashio;MMR;MMR015D001;MMR015;December;2013;1;5
Myanmar;Shan-South;Danu Self-Administered Zone;MMR;NA;NA;December;2013;0;0
Myanmar;Tanintharyi;Myeik;MMR;MMR006D002;MMR006;December;2013;0;0
Myanmar;Ayeyarwady;Myaungmya;MMR;MMR017D003;MMR017;January;2014;0;0
Myanmar;Chin;Matupi;MMR;MMR004D004;MMR004;January;2014;0;0
Myanmar;Magway;Magway;MMR;MMR009D001;MMR009;January;2014;0;0
Myanmar;Magway;Minbu;MMR;MMR009D002;MMR009;January;2014;0;0
Myanmar;Sagaing;Hkamti;MMR;MMR005D008;MMR005;January;2014;0;0
Myanmar;Sagaing;Katha;MMR;MMR005D004;MMR005;January;2014;0;0
Myanmar;Sagaing;Shwebo;MMR;MMR005D002;MMR005;January;2014;0;0
Myanmar;Sagaing;Tamu;MMR;MMR005D006;MMR005;January;2014;0;0
Myanmar;Shan-North;Kyaukme;MMR;NA;NA;January;2014;6;7
Myanmar;Shan-North;Matman;MMR;MMR015D007;MMR015;January;2014;0;0
Myanmar;Shan-North;Pa Laung Self-Administered Zone;MMR;NA;NA;January;2014;3;5
Myanmar;Yangon;Yangon-East;MMR;MMR013D002;MMR013;January;2014;0;0
Myanmar;Ayeyarwady;Pathein;MMR;MMR017D001;MMR017;January;2014;0;0
Myanmar;Ayeyarwady;Pyapon;MMR;MMR017D006;MMR017;January;2014;0;0
Myanmar;Bago-East;Taungoo;MMR;MMR007D002;MMR007;January;2014;0;0
Myanmar;Kayah;Loikaw;MMR;MMR002D001;MMR002;January;2014;1;0
Myanmar;Kayin;Kawkareik;MMR;MMR003D003;MMR003;January;2014;0;0
Myanmar;Magway;Thayet;MMR;MMR009D003;MMR009;January;2014;0;0
Myanmar;Mandalay;Kyaukse;MMR;MMR010D003;MMR010;January;2014;0;0
Myanmar;Rakhine;Kyaukpyu;MMR;MMR012D003;MMR012;January;2014;0;0
Myanmar;Shan-East;Monghsat;MMR;MMR016D002;MMR016;January;2014;0;0
Myanmar;Shan-South;Pa-O Self-Administered Zone;MMR;NA;NA;January;2014;0;0
Myanmar;Shan-South;Taunggyi;MMR;MMR014D001;MMR014;January;2014;0;0
Myanmar;Tanintharyi;Dawei;MMR;MMR006D001;MMR006;January;2014;0;0
Myanmar;Yangon;Yangon-North;MMR;MMR013D001;MMR013;January;2014;1;0
Myanmar;Bago-West;Pyay;MMR;MMR008D001;MMR008;January;2014;0;0
Myanmar;Chin;Mindat;MMR;MMR004D002;MMR004;January;2014;0;0
Myanmar;Kachin;Bhamo;MMR;MMR001D003;MMR001;January;2014;6;5
Myanmar;Kachin;Myitkyina;MMR;MMR001D001;MMR001;January;2014;2;0
Myanmar;Magway;Gangaw;MMR;MMR009D005;MMR009;January;2014;0;0
Myanmar;Nay Pyi Taw;Oke Ta Ra;MMR;MMR018D001;MMR018;January;2014;0;0
Myanmar;Rakhine;Thandwe;MMR;MMR012D004;MMR012;January;2014;0;0
Myanmar;Shan-East;Kengtung;MMR;MMR016D001;MMR016;January;2014;0;0
Myanmar;Shan-North;Mongmit;MMR;MMR015D008;MMR015;January;2014;0;0
Myanmar;Yangon;Yangon-South;MMR;MMR013D003;MMR013;January;2014;0;0
Myanmar;Ayeyarwady;Labutta;MMR;MMR017D004;MMR017;January;2014;0;0
Myanmar;Ayeyarwady;Maubin;MMR;MMR017D005;MMR017;January;2014;0;0
Myanmar;Magway;Pakokku;MMR;MMR009D004;MMR009;January;2014;0;0
Myanmar;Mandalay;Myingyan;MMR;MMR010D004;MMR010;January;2014;0;0
Myanmar;Rakhine;Maungdaw;MMR;MMR012D002;MMR012;January;2014;3;49
Myanmar;Rakhine;Mrauk-U;MMR;MMR012D005;MMR012;January;2014;0;0
Myanmar;Shan-North;Hopang;MMR;MMR015D006;MMR015;January;2014;0;0
Myanmar;Shan-North;Kokang Self-Administered Zone;MMR;MMR015D221;MMR015;January;2014;0;0
Myanmar;Shan-North;Muse;MMR;MMR015D002;MMR015;January;2014;1;2
Myanmar;Sagaing;Kale;MMR;MMR005D005;MMR005;January;2014;0;0
Myanmar;Sagaing;Sagaing;MMR;MMR005D001;MMR005;January;2014;0;0
Myanmar;Bago-East;Bago;MMR;MMR007D001;MMR007;January;2014;0;0
Myanmar;Chin;Hakha;MMR;MMR004D003;MMR004;January;2014;0;0
Myanmar;Kachin;Mohnyin;MMR;MMR001D002;MMR001;January;2014;3;13
Myanmar;Kachin;Puta-O;MMR;MMR001D004;MMR001;January;2014;0;0
Myanmar;Kayin;Hpa-An;MMR;MMR003D001;MMR003;January;2014;0;0
Myanmar;Kayin;Myawaddy;MMR;MMR003D002;MMR003;January;2014;0;0
Myanmar;Mandalay;Mandalay;MMR;MMR010D001;MMR010;January;2014;0;0
Myanmar;Mandalay;Meiktila;MMR;MMR010D007;MMR010;January;2014;0;0
Myanmar;Sagaing;Kawlin;MMR;MMR005D011;MMR005;January;2014;0;0
Myanmar;Sagaing;Naga Self-Administered Zone;MMR;NA;NA;January;2014;0;0
Myanmar;Shan-South;Langkho;MMR;MMR014D003;MMR014;January;2014;0;0
Myanmar;Shan-South;Loilen;MMR;MMR014D002;MMR014;January;2014;0;0
Myanmar;Chin;Falam;MMR;MMR004D001;MMR004;January;2014;0;0
Myanmar;Kayin;Hpapun;MMR;MMR003D004;MMR003;January;2014;3;0
Myanmar;Mandalay;Nyaung-U;MMR;MMR010D005;MMR010;January;2014;0;0
Myanmar;Mon;Thaton;MMR;MMR011D002;MMR011;January;2014;0;0
Myanmar;Rakhine;Sittwe;MMR;MMR012D001;MMR012;January;2014;0;0
Myanmar;Sagaing;Mawlaik;MMR;MMR005D007;MMR005;January;2014;0;0
Myanmar;Sagaing;Monywa;MMR;MMR005D003;MMR005;January;2014;0;0
Myanmar;Sagaing;Yinmarbin;MMR;MMR005D009;MMR005;January;2014;0;0
Myanmar;Shan-East;Tachileik;MMR;MMR016D003;MMR016;January;2014;0;0
Myanmar;Tanintharyi;Kawthoung;MMR;MMR006D003;MMR006;January;2014;0;0
Myanmar;Yangon;Yangon-West;MMR;MMR013D004;MMR013;January;2014;0;0
Myanmar;Ayeyarwady;Hinthada;MMR;MMR017D002;MMR017;January;2014;0;0
Myanmar;Bago-West;Thayarwady;MMR;MMR008D002;MMR008;January;2014;0;0
Myanmar;Kayah;Bawlake;MMR;MMR002D002;MMR002;January;2014;0;0
Myanmar;Mandalay;Pyinoolwin;MMR;MMR010D002;MMR010;January;2014;0;0
Myanmar;Mandalay;Yamethin;MMR;MMR010D006;MMR010;January;2014;0;0
Myanmar;Mon;Mawlamyine;MMR;MMR011D001;MMR011;January;2014;2;0
Myanmar;Nay Pyi Taw;Det Khi Na;MMR;MMR018D002;MMR018;January;2014;0;0
Myanmar;Sagaing;Kanbalu;MMR;MMR005D010;MMR005;January;2014;0;0
Myanmar;Shan-North;Lashio;MMR;MMR015D001;MMR015;January;2014;0;0
Myanmar;Shan-South;Danu Self-Administered Zone;MMR;NA;NA;January;2014;0;0
Myanmar;Tanintharyi;Myeik;MMR;MMR006D002;MMR006;January;2014;0;0
Myanmar;Ayeyarwady;Myaungmya;MMR;MMR017D003;MMR017;February;2014;0;0
Myanmar;Chin;Matupi;MMR;MMR004D004;MMR004;February;2014;0;0
Myanmar;Magway;Magway;MMR;MMR009D001;MMR009;February;2014;0;0
Myanmar;Magway;Minbu;MMR;MMR009D002;MMR009;February;2014;0;0
Myanmar;Sagaing;Hkamti;MMR;MMR005D008;MMR005;February;2014;0;0
Myanmar;Sagaing;Katha;MMR;MMR005D004;MMR005;February;2014;0;0
Myanmar;Sagaing;Shwebo;MMR;MMR005D002;MMR005;February;2014;0;0
Myanmar;Sagaing;Tamu;MMR;MMR005D006;MMR005;February;2014;0;0
Myanmar;Shan-North;Kyaukme;MMR;NA;NA;February;2014;5;14
Myanmar;Shan-North;Matman;MMR;MMR015D007;MMR015;February;2014;0;0
Myanmar;Shan-North;Pa Laung Self-Administered Zone;MMR;NA;NA;February;2014;6;16
Myanmar;Yangon;Yangon-East;MMR;MMR013D002;MMR013;February;2014;0;0
Myanmar;Ayeyarwady;Pathein;MMR;MMR017D001;MMR017;February;2014;0;0
Myanmar;Ayeyarwady;Pyapon;MMR;MMR017D006;MMR017;February;2014;0;0
Myanmar;Bago-East;Taungoo;MMR;MMR007D002;MMR007;February;2014;0;0
Myanmar;Kayah;Loikaw;MMR;MMR002D001;MMR002;February;2014;0;0
Myanmar;Kayin;Kawkareik;MMR;MMR003D003;MMR003;February;2014;0;0
Myanmar;Magway;Thayet;MMR;MMR009D003;MMR009;February;2014;0;0
Myanmar;Mandalay;Kyaukse;MMR;MMR010D003;MMR010;February;2014;0;0
Myanmar;Rakhine;Kyaukpyu;MMR;MMR012D003;MMR012;February;2014;0;0
Myanmar;Shan-East;Monghsat;MMR;MMR016D002;MMR016;February;2014;1;0
Myanmar;Shan-South;Pa-O Self-Administered Zone;MMR;NA;NA;February;2014;0;0
Myanmar;Shan-South;Taunggyi;MMR;MMR014D001;MMR014;February;2014;0;0
Myanmar;Tanintharyi;Dawei;MMR;MMR006D001;MMR006;February;2014;0;0
Myanmar;Yangon;Yangon-North;MMR;MMR013D001;MMR013;February;2014;0;0
Myanmar;Bago-West;Pyay;MMR;MMR008D001;MMR008;February;2014;0;0
Myanmar;Chin;Mindat;MMR;MMR004D002;MMR004;February;2014;0;0
Myanmar;Kachin;Bhamo;MMR;MMR001D003;MMR001;February;2014;9;4
Myanmar;Kachin;Myitkyina;MMR;MMR001D001;MMR001;February;2014;0;0
Myanmar;Magway;Gangaw;MMR;MMR009D005;MMR009;February;2014;0;0
Myanmar;Nay Pyi Taw;Oke Ta Ra;MMR;MMR018D001;MMR018;February;2014;0;0
Myanmar;Rakhine;Thandwe;MMR;MMR012D004;MMR012;February;2014;0;0
Myanmar;Shan-East;Kengtung;MMR;MMR016D001;MMR016;February;2014;0;0
Myanmar;Shan-North;Mongmit;MMR;MMR015D008;MMR015;February;2014;2;10
Myanmar;Yangon;Yangon-South;MMR;MMR013D003;MMR013;February;2014;0;0
Myanmar;Ayeyarwady;Labutta;MMR;MMR017D004;MMR017;February;2014;0;0
Myanmar;Ayeyarwady;Maubin;MMR;MMR017D005;MMR017;February;2014;0;0
Myanmar;Magway;Pakokku;MMR;MMR009D004;MMR009;February;2014;0;0
Myanmar;Mandalay;Myingyan;MMR;MMR010D004;MMR010;February;2014;0;0
Myanmar;Rakhine;Maungdaw;MMR;MMR012D002;MMR012;February;2014;1;0
Myanmar;Rakhine;Mrauk-U;MMR;MMR012D005;MMR012;February;2014;0;0
Myanmar;Shan-North;Hopang;MMR;MMR015D006;MMR015;February;2014;0;0
Myanmar;Shan-North;Kokang Self-Administered Zone;MMR;MMR015D221;MMR015;February;2014;0;0
Myanmar;Shan-North;Muse;MMR;MMR015D002;MMR015;February;2014;3;0
Myanmar;Sagaing;Kale;MMR;MMR005D005;MMR005;February;2014;0;0
Myanmar;Sagaing;Sagaing;MMR;MMR005D001;MMR005;February;2014;0;0
Myanmar;Bago-East;Bago;MMR;MMR007D001;MMR007;February;2014;0;0
Myanmar;Chin;Hakha;MMR;MMR004D003;MMR004;February;2014;0;0
Myanmar;Kachin;Mohnyin;MMR;MMR001D002;MMR001;February;2014;1;1
Myanmar;Kachin;Puta-O;MMR;MMR001D004;MMR001;February;2014;0;0
Myanmar;Kayin;Hpa-An;MMR;MMR003D001;MMR003;February;2014;0;0
Myanmar;Kayin;Myawaddy;MMR;MMR003D002;MMR003;February;2014;0;0
Myanmar;Mandalay;Mandalay;MMR;MMR010D001;MMR010;February;2014;0;0
Myanmar;Mandalay;Meiktila;MMR;MMR010D007;MMR010;February;2014;0;0
Myanmar;Sagaing;Kawlin;MMR;MMR005D011;MMR005;February;2014;0;0
Myanmar;Sagaing;Naga Self-Administered Zone;MMR;NA;NA;February;2014;0;0
Myanmar;Shan-South;Langkho;MMR;MMR014D003;MMR014;February;2014;0;0
Myanmar;Shan-South;Loilen;MMR;MMR014D002;MMR014;February;2014;3;0
Myanmar;Chin;Falam;MMR;MMR004D001;MMR004;February;2014;0;0
Myanmar;Kayin;Hpapun;MMR;MMR003D004;MMR003;February;2014;0;0
Myanmar;Mandalay;Nyaung-U;MMR;MMR010D005;MMR010;February;2014;0;0
Myanmar;Mon;Thaton;MMR;MMR011D002;MMR011;February;2014;0;0
Myanmar;Rakhine;Sittwe;MMR;MMR012D001;MMR012;February;2014;0;0
Myanmar;Sagaing;Mawlaik;MMR;MMR005D007;MMR005;February;2014;0;0
Myanmar;Sagaing;Monywa;MMR;MMR005D003;MMR005;February;2014;0;0
Myanmar;Sagaing;Yinmarbin;MMR;MMR005D009;MMR005;February;2014;0;0
Myanmar;Shan-East;Tachileik;MMR;MMR016D003;MMR016;February;2014;0;0
Myanmar;Tanintharyi;Kawthoung;MMR;MMR006D003;MMR006;February;2014;0;0
Myanmar;Yangon;Yangon-West;MMR;MMR013D004;MMR013;February;2014;0;0
Myanmar;Ayeyarwady;Hinthada;MMR;MMR017D002;MMR017;February;2014;0;0
Myanmar;Bago-West;Thayarwady;MMR;MMR008D002;MMR008;February;2014;0;0
Myanmar;Kayah;Bawlake;MMR;MMR002D002;MMR002;February;2014;0;0
Myanmar;Mandalay;Pyinoolwin;MMR;MMR010D002;MMR010;February;2014;0;0
Myanmar;Mandalay;Yamethin;MMR;MMR010D006;MMR010;February;2014;0;0
Myanmar;Mon;Mawlamyine;MMR;MMR011D001;MMR011;February;2014;0;0
Myanmar;Nay Pyi Taw;Det Khi Na;MMR;MMR018D002;MMR018;February;2014;0;0
Myanmar;Sagaing;Kanbalu;MMR;MMR005D010;MMR005;February;2014;0;0
Myanmar;Shan-North;Lashio;MMR;MMR015D001;MMR015;February;2014;0;0
Myanmar;Shan-South;Danu Self-Administered Zone;MMR;NA;NA;February;2014;0;0
Myanmar;Tanintharyi;Myeik;MMR;MMR006D002;MMR006;February;2014;0;0
Myanmar;Ayeyarwady;Myaungmya;MMR;MMR017D003;MMR017;March;2014;0;0
Myanmar;Chin;Matupi;MMR;MMR004D004;MMR004;March;2014;0;0
Myanmar;Magway;Magway;MMR;MMR009D001;MMR009;March;2014;0;0
Myanmar;Magway;Minbu;MMR;MMR009D002;MMR009;March;2014;0;0
Myanmar;Sagaing;Hkamti;MMR;MMR005D008;MMR005;March;2014;0;0
Myanmar;Sagaing;Katha;MMR;MMR005D004;MMR005;March;2014;0;0
Myanmar;Sagaing;Shwebo;MMR;MMR005D002;MMR005;March;2014;0;0
Myanmar;Sagaing;Tamu;MMR;MMR005D006;MMR005;March;2014;0;0
Myanmar;Shan-North;Kyaukme;MMR;NA;NA;March;2014;9;3
Myanmar;Shan-North;Matman;MMR;MMR015D007;MMR015;March;2014;0;0
Myanmar;Shan-North;Pa Laung Self-Administered Zone;MMR;NA;NA;March;2014;0;0
Myanmar;Yangon;Yangon-East;MMR;MMR013D002;MMR013;March;2014;0;0
Myanmar;Ayeyarwady;Pathein;MMR;MMR017D001;MMR017;March;2014;0;0
Myanmar;Ayeyarwady;Pyapon;MMR;MMR017D006;MMR017;March;2014;0;0
Myanmar;Bago-East;Taungoo;MMR;MMR007D002;MMR007;March;2014;2;1
Myanmar;Kayah;Loikaw;MMR;MMR002D001;MMR002;March;2014;0;0
Myanmar;Kayin;Kawkareik;MMR;MMR003D003;MMR003;March;2014;0;0
Myanmar;Magway;Thayet;MMR;MMR009D003;MMR009;March;2014;0;0
Myanmar;Mandalay;Kyaukse;MMR;MMR010D003;MMR010;March;2014;0;0
Myanmar;Rakhine;Kyaukpyu;MMR;MMR012D003;MMR012;March;2014;0;0
Myanmar;Shan-East;Monghsat;MMR;MMR016D002;MMR016;March;2014;1;0
Myanmar;Shan-South;Pa-O Self-Administered Zone;MMR;NA;NA;March;2014;0;0
Myanmar;Shan-South;Taunggyi;MMR;MMR014D001;MMR014;March;2014;0;0
Myanmar;Tanintharyi;Dawei;MMR;MMR006D001;MMR006;March;2014;0;0
Myanmar;Yangon;Yangon-North;MMR;MMR013D001;MMR013;March;2014;0;0
Myanmar;Bago-West;Pyay;MMR;MMR008D001;MMR008;March;2014;0;0
Myanmar;Chin;Mindat;MMR;MMR004D002;MMR004;March;2014;0;0
Myanmar;Kachin;Bhamo;MMR;MMR001D003;MMR001;March;2014;2;2
Myanmar;Kachin;Myitkyina;MMR;MMR001D001;MMR001;March;2014;1;5
Myanmar;Magway;Gangaw;MMR;MMR009D005;MMR009;March;2014;0;0
Myanmar;Nay Pyi Taw;Oke Ta Ra;MMR;MMR018D001;MMR018;March;2014;0;0
Myanmar;Rakhine;Thandwe;MMR;MMR012D004;MMR012;March;2014;0;0
Myanmar;Shan-East;Kengtung;MMR;MMR016D001;MMR016;March;2014;0;0
Myanmar;Shan-North;Mongmit;MMR;MMR015D008;MMR015;March;2014;1;0
Myanmar;Yangon;Yangon-South;MMR;MMR013D003;MMR013;March;2014;0;0
Myanmar;Ayeyarwady;Labutta;MMR;MMR017D004;MMR017;March;2014;0;0
Myanmar;Ayeyarwady;Maubin;MMR;MMR017D005;MMR017;March;2014;0;0
Myanmar;Magway;Pakokku;MMR;MMR009D004;MMR009;March;2014;0;0
Myanmar;Mandalay;Myingyan;MMR;MMR010D004;MMR010;March;2014;0;0
Myanmar;Rakhine;Maungdaw;MMR;MMR012D002;MMR012;March;2014;0;0
Myanmar;Rakhine;Mrauk-U;MMR;MMR012D005;MMR012;March;2014;0;0
Myanmar;Shan-North;Hopang;MMR;MMR015D006;MMR015;March;2014;0;0
Myanmar;Shan-North;Kokang Self-Administered Zone;MMR;MMR015D221;MMR015;March;2014;0;0
Myanmar;Shan-North;Muse;MMR;MMR015D002;MMR015;March;2014;3;0
Myanmar;Sagaing;Kale;MMR;MMR005D005;MMR005;March;2014;0;0
Myanmar;Sagaing;Sagaing;MMR;MMR005D001;MMR005;March;2014;0;0
Myanmar;Bago-East;Bago;MMR;MMR007D001;MMR007;March;2014;0;0
Myanmar;Chin;Hakha;MMR;MMR004D003;MMR004;March;2014;0;0
Myanmar;Kachin;Mohnyin;MMR;MMR001D002;MMR001;March;2014;0;0
Myanmar;Kachin;Puta-O;MMR;MMR001D004;MMR001;March;2014;0;0
Myanmar;Kayin;Hpa-An;MMR;MMR003D001;MMR003;March;2014;0;0
Myanmar;Kayin;Myawaddy;MMR;MMR003D002;MMR003;March;2014;0;0
Myanmar;Mandalay;Mandalay;MMR;MMR010D001;MMR010;March;2014;0;0
Myanmar;Mandalay;Meiktila;MMR;MMR010D007;MMR010;March;2014;0;0
Myanmar;Sagaing;Kawlin;MMR;MMR005D011;MMR005;March;2014;0;0
Myanmar;Sagaing;Naga Self-Administered Zone;MMR;NA;NA;March;2014;0;0
Myanmar;Shan-South;Langkho;MMR;MMR014D003;MMR014;March;2014;0;0
Myanmar;Shan-South;Loilen;MMR;MMR014D002;MMR014;March;2014;4;0
Myanmar;Chin;Falam;MMR;MMR004D001;MMR004;March;2014;1;0
Myanmar;Kayin;Hpapun;MMR;MMR003D004;MMR003;March;2014;0;0
Myanmar;Mandalay;Nyaung-U;MMR;MMR010D005;MMR010;March;2014;0;0
Myanmar;Mon;Thaton;MMR;MMR011D002;MMR011;March;2014;0;0
Myanmar;Rakhine;Sittwe;MMR;MMR012D001;MMR012;March;2014;0;0
Myanmar;Sagaing;Mawlaik;MMR;MMR005D007;MMR005;March;2014;0;0
Myanmar;Sagaing;Monywa;MMR;MMR005D003;MMR005;March;2014;0;0
Myanmar;Sagaing;Yinmarbin;MMR;MMR005D009;MMR005;March;2014;1;0
Myanmar;Shan-East;Tachileik;MMR;MMR016D003;MMR016;March;2014;0;0
Myanmar;Tanintharyi;Kawthoung;MMR;MMR006D003;MMR006;March;2014;0;0
Myanmar;Yangon;Yangon-West;MMR;MMR013D004;MMR013;March;2014;0;0
Myanmar;Ayeyarwady;Hinthada;MMR;MMR017D002;MMR017;March;2014;0;0
Myanmar;Bago-West;Thayarwady;MMR;MMR008D002;MMR008;March;2014;0;0
Myanmar;Kayah;Bawlake;MMR;MMR002D002;MMR002;March;2014;0;0
Myanmar;Mandalay;Pyinoolwin;MMR;MMR010D002;MMR010;March;2014;0;0
Myanmar;Mandalay;Yamethin;MMR;MMR010D006;MMR010;March;2014;0;0
Myanmar;Mon;Mawlamyine;MMR;MMR011D001;MMR011;March;2014;0;0
Myanmar;Nay Pyi Taw;Det Khi Na;MMR;MMR018D002;MMR018;March;2014;0;0
Myanmar;Sagaing;Kanbalu;MMR;MMR005D010;MMR005;March;2014;0;0
Myanmar;Shan-North;Lashio;MMR;MMR015D001;MMR015;March;2014;0;0
Myanmar;Shan-South;Danu Self-Administered Zone;MMR;NA;NA;March;2014;0;0
Myanmar;Tanintharyi;Myeik;MMR;MMR006D002;MMR006;March;2014;0;0
Myanmar;Ayeyarwady;Myaungmya;MMR;MMR017D003;MMR017;April;2014;0;0
Myanmar;Chin;Matupi;MMR;MMR004D004;MMR004;April;2014;0;0
Myanmar;Magway;Magway;MMR;MMR009D001;MMR009;April;2014;0;0
Myanmar;Magway;Minbu;MMR;MMR009D002;MMR009;April;2014;0;0
Myanmar;Sagaing;Hkamti;MMR;MMR005D008;MMR005;April;2014;0;0
Myanmar;Sagaing;Katha;MMR;MMR005D004;MMR005;April;2014;0;0
Myanmar;Sagaing;Shwebo;MMR;MMR005D002;MMR005;April;2014;0;0
Myanmar;Sagaing;Tamu;MMR;MMR005D006;MMR005;April;2014;0;0
Myanmar;Shan-North;Kyaukme;MMR;NA;NA;April;2014;1;1
Myanmar;Shan-North;Matman;MMR;MMR015D007;MMR015;April;2014;0;0
Myanmar;Shan-North;Pa Laung Self-Administered Zone;MMR;NA;NA;April;2014;2;6
Myanmar;Yangon;Yangon-East;MMR;MMR013D002;MMR013;April;2014;0;0
Myanmar;Ayeyarwady;Pathein;MMR;MMR017D001;MMR017;April;2014;0;0
Myanmar;Ayeyarwady;Pyapon;MMR;MMR017D006;MMR017;April;2014;0;0
Myanmar;Bago-East;Taungoo;MMR;MMR007D002;MMR007;April;2014;0;0
Myanmar;Kayah;Loikaw;MMR;MMR002D001;MMR002;April;2014;0;0
Myanmar;Kayin;Kawkareik;MMR;MMR003D003;MMR003;April;2014;0;0
Myanmar;Magway;Thayet;MMR;MMR009D003;MMR009;April;2014;0;0
Myanmar;Mandalay;Kyaukse;MMR;MMR010D003;MMR010;April;2014;0;0
Myanmar;Rakhine;Kyaukpyu;MMR;MMR012D003;MMR012;April;2014;0;0
Myanmar;Shan-East;Monghsat;MMR;MMR016D002;MMR016;April;2014;0;0
Myanmar;Shan-South;Pa-O Self-Administered Zone;MMR;NA;NA;April;2014;0;0
Myanmar;Shan-South;Taunggyi;MMR;MMR014D001;MMR014;April;2014;0;0
Myanmar;Tanintharyi;Dawei;MMR;MMR006D001;MMR006;April;2014;0;0
Myanmar;Yangon;Yangon-North;MMR;MMR013D001;MMR013;April;2014;1;0
Myanmar;Bago-West;Pyay;MMR;MMR008D001;MMR008;April;2014;0;0
Myanmar;Chin;Mindat;MMR;MMR004D002;MMR004;April;2014;0;0
Myanmar;Kachin;Bhamo;MMR;MMR001D003;MMR001;April;2014;24;66
Myanmar;Kachin;Myitkyina;MMR;MMR001D001;MMR001;April;2014;0;0
Myanmar;Magway;Gangaw;MMR;MMR009D005;MMR009;April;2014;0;0
Myanmar;Nay Pyi Taw;Oke Ta Ra;MMR;MMR018D001;MMR018;April;2014;0;0
Myanmar;Rakhine;Thandwe;MMR;MMR012D004;MMR012;April;2014;0;0
Myanmar;Shan-East;Kengtung;MMR;MMR016D001;MMR016;April;2014;0;0
Myanmar;Shan-North;Mongmit;MMR;MMR015D008;MMR015;April;2014;0;0
Myanmar;Yangon;Yangon-South;MMR;MMR013D003;MMR013;April;2014;0;0
Myanmar;Ayeyarwady;Labutta;MMR;MMR017D004;MMR017;April;2014;0;0
Myanmar;Ayeyarwady;Maubin;MMR;MMR017D005;MMR017;April;2014;0;0
Myanmar;Magway;Pakokku;MMR;MMR009D004;MMR009;April;2014;0;0
Myanmar;Mandalay;Myingyan;MMR;MMR010D004;MMR010;April;2014;0;0
Myanmar;Rakhine;Maungdaw;MMR;MMR012D002;MMR012;April;2014;1;0
Myanmar;Rakhine;Mrauk-U;MMR;MMR012D005;MMR012;April;2014;0;0
Myanmar;Shan-North;Hopang;MMR;MMR015D006;MMR015;April;2014;0;0
Myanmar;Shan-North;Kokang Self-Administered Zone;MMR;MMR015D221;MMR015;April;2014;0;0
Myanmar;Shan-North;Muse;MMR;MMR015D002;MMR015;April;2014;20;10
Myanmar;Sagaing;Kale;MMR;MMR005D005;MMR005;April;2014;0;0
Myanmar;Sagaing;Sagaing;MMR;MMR005D001;MMR005;April;2014;0;0
Myanmar;Bago-East;Bago;MMR;MMR007D001;MMR007;April;2014;0;0
Myanmar;Chin;Hakha;MMR;MMR004D003;MMR004;April;2014;0;0
Myanmar;Kachin;Mohnyin;MMR;MMR001D002;MMR001;April;2014;0;0
Myanmar;Kachin;Puta-O;MMR;MMR001D004;MMR001;April;2014;0;0
Myanmar;Kayin;Hpa-An;MMR;MMR003D001;MMR003;April;2014;0;0
Myanmar;Kayin;Myawaddy;MMR;MMR003D002;MMR003;April;2014;0;0
Myanmar;Mandalay;Mandalay;MMR;MMR010D001;MMR010;April;2014;0;0
Myanmar;Mandalay;Meiktila;MMR;MMR010D007;MMR010;April;2014;0;0
Myanmar;Sagaing;Kawlin;MMR;MMR005D011;MMR005;April;2014;0;0
Myanmar;Sagaing;Naga Self-Administered Zone;MMR;NA;NA;April;2014;0;0
Myanmar;Shan-South;Langkho;MMR;MMR014D003;MMR014;April;2014;1;0
Myanmar;Shan-South;Loilen;MMR;MMR014D002;MMR014;April;2014;0;0
Myanmar;Chin;Falam;MMR;MMR004D001;MMR004;April;2014;0;0
Myanmar;Kayin;Hpapun;MMR;MMR003D004;MMR003;April;2014;0;0
Myanmar;Mandalay;Nyaung-U;MMR;MMR010D005;MMR010;April;2014;0;0
Myanmar;Mon;Thaton;MMR;MMR011D002;MMR011;April;2014;0;0
Myanmar;Rakhine;Sittwe;MMR;MMR012D001;MMR012;April;2014;0;0
Myanmar;Sagaing;Mawlaik;MMR;MMR005D007;MMR005;April;2014;0;0
Myanmar;Sagaing;Monywa;MMR;MMR005D003;MMR005;April;2014;0;0
Myanmar;Sagaing;Yinmarbin;MMR;MMR005D009;MMR005;April;2014;0;0
Myanmar;Shan-East;Tachileik;MMR;MMR016D003;MMR016;April;2014;0;0
Myanmar;Tanintharyi;Kawthoung;MMR;MMR006D003;MMR006;April;2014;0;0
Myanmar;Yangon;Yangon-West;MMR;MMR013D004;MMR013;April;2014;0;0
Myanmar;Ayeyarwady;Hinthada;MMR;MMR017D002;MMR017;April;2014;0;0
Myanmar;Bago-West;Thayarwady;MMR;MMR008D002;MMR008;April;2014;2;0
Myanmar;Kayah;Bawlake;MMR;MMR002D002;MMR002;April;2014;0;0
Myanmar;Mandalay;Pyinoolwin;MMR;MMR010D002;MMR010;April;2014;0;0
Myanmar;Mandalay;Yamethin;MMR;MMR010D006;MMR010;April;2014;0;0
Myanmar;Mon;Mawlamyine;MMR;MMR011D001;MMR011;April;2014;0;0
Myanmar;Nay Pyi Taw;Det Khi Na;MMR;MMR018D002;MMR018;April;2014;0;0
Myanmar;Sagaing;Kanbalu;MMR;MMR005D010;MMR005;April;2014;0;0
Myanmar;Shan-North;Lashio;MMR;MMR015D001;MMR015;April;2014;0;0
Myanmar;Shan-South;Danu Self-Administered Zone;MMR;NA;NA;April;2014;0;0
Myanmar;Tanintharyi;Myeik;MMR;MMR006D002;MMR006;April;2014;0;0
Myanmar;Ayeyarwady;Myaungmya;MMR;MMR017D003;MMR017;May;2014;0;0
Myanmar;Chin;Matupi;MMR;MMR004D004;MMR004;May;2014;0;0
Myanmar;Magway;Magway;MMR;MMR009D001;MMR009;May;2014;0;0
Myanmar;Magway;Minbu;MMR;MMR009D002;MMR009;May;2014;0;0
Myanmar;Sagaing;Hkamti;MMR;MMR005D008;MMR005;May;2014;0;0
Myanmar;Sagaing;Katha;MMR;MMR005D004;MMR005;May;2014;0;0
Myanmar;Sagaing;Shwebo;MMR;MMR005D002;MMR005;May;2014;0;0
Myanmar;Sagaing;Tamu;MMR;MMR005D006;MMR005;May;2014;0;0
Myanmar;Shan-North;Kyaukme;MMR;NA;NA;May;2014;1;0
Myanmar;Shan-North;Matman;MMR;MMR015D007;MMR015;May;2014;0;0
Myanmar;Shan-North;Pa Laung Self-Administered Zone;MMR;NA;NA;May;2014;3;0
Myanmar;Yangon;Yangon-East;MMR;MMR013D002;MMR013;May;2014;0;0
Myanmar;Ayeyarwady;Pathein;MMR;MMR017D001;MMR017;May;2014;0;0
Myanmar;Ayeyarwady;Pyapon;MMR;MMR017D006;MMR017;May;2014;0;0
Myanmar;Bago-East;Taungoo;MMR;MMR007D002;MMR007;May;2014;0;0
Myanmar;Kayah;Loikaw;MMR;MMR002D001;MMR002;May;2014;0;0
Myanmar;Kayin;Kawkareik;MMR;MMR003D003;MMR003;May;2014;0;0
Myanmar;Magway;Thayet;MMR;MMR009D003;MMR009;May;2014;0;0
Myanmar;Mandalay;Kyaukse;MMR;MMR010D003;MMR010;May;2014;0;0
Myanmar;Rakhine;Kyaukpyu;MMR;MMR012D003;MMR012;May;2014;0;0
Myanmar;Shan-East;Monghsat;MMR;MMR016D002;MMR016;May;2014;0;0
Myanmar;Shan-South;Pa-O Self-Administered Zone;MMR;NA;NA;May;2014;0;0
Myanmar;Shan-South;Taunggyi;MMR;MMR014D001;MMR014;May;2014;0;0
Myanmar;Tanintharyi;Dawei;MMR;MMR006D001;MMR006;May;2014;0;0
Myanmar;Yangon;Yangon-North;MMR;MMR013D001;MMR013;May;2014;1;0
Myanmar;Bago-West;Pyay;MMR;MMR008D001;MMR008;May;2014;1;0
Myanmar;Chin;Mindat;MMR;MMR004D002;MMR004;May;2014;0;0
Myanmar;Kachin;Bhamo;MMR;MMR001D003;MMR001;May;2014;10;0
Myanmar;Kachin;Myitkyina;MMR;MMR001D001;MMR001;May;2014;0;0
Myanmar;Magway;Gangaw;MMR;MMR009D005;MMR009;May;2014;0;0
Myanmar;Nay Pyi Taw;Oke Ta Ra;MMR;MMR018D001;MMR018;May;2014;0;0
Myanmar;Rakhine;Thandwe;MMR;MMR012D004;MMR012;May;2014;0;0
Myanmar;Shan-East;Kengtung;MMR;MMR016D001;MMR016;May;2014;1;0
Myanmar;Shan-North;Mongmit;MMR;MMR015D008;MMR015;May;2014;0;0
Myanmar;Yangon;Yangon-South;MMR;MMR013D003;MMR013;May;2014;0;0
Myanmar;Ayeyarwady;Labutta;MMR;MMR017D004;MMR017;May;2014;0;0
Myanmar;Ayeyarwady;Maubin;MMR;MMR017D005;MMR017;May;2014;0;0
Myanmar;Magway;Pakokku;MMR;MMR009D004;MMR009;May;2014;0;0
Myanmar;Mandalay;Myingyan;MMR;MMR010D004;MMR010;May;2014;0;0
Myanmar;Rakhine;Maungdaw;MMR;MMR012D002;MMR012;May;2014;4;10
Myanmar;Rakhine;Mrauk-U;MMR;MMR012D005;MMR012;May;2014;0;0
Myanmar;Shan-North;Hopang;MMR;MMR015D006;MMR015;May;2014;0;0
Myanmar;Shan-North;Kokang Self-Administered Zone;MMR;MMR015D221;MMR015;May;2014;0;0
Myanmar;Shan-North;Muse;MMR;MMR015D002;MMR015;May;2014;20;25
Myanmar;Sagaing;Kale;MMR;MMR005D005;MMR005;May;2014;0;0
Myanmar;Sagaing;Sagaing;MMR;MMR005D001;MMR005;May;2014;0;0
Myanmar;Bago-East;Bago;MMR;MMR007D001;MMR007;May;2014;0;0
Myanmar;Chin;Hakha;MMR;MMR004D003;MMR004;May;2014;0;0
Myanmar;Kachin;Mohnyin;MMR;MMR001D002;MMR001;May;2014;0;0
Myanmar;Kachin;Puta-O;MMR;MMR001D004;MMR001;May;2014;0;0
Myanmar;Kayin;Hpa-An;MMR;MMR003D001;MMR003;May;2014;1;1
Myanmar;Kayin;Myawaddy;MMR;MMR003D002;MMR003;May;2014;0;0
Myanmar;Mandalay;Mandalay;MMR;MMR010D001;MMR010;May;2014;0;0
Myanmar;Mandalay;Meiktila;MMR;MMR010D007;MMR010;May;2014;0;0
Myanmar;Sagaing;Kawlin;MMR;MMR005D011;MMR005;May;2014;0;0
Myanmar;Sagaing;Naga Self-Administered Zone;MMR;NA;NA;May;2014;0;0
Myanmar;Shan-South;Langkho;MMR;MMR014D003;MMR014;May;2014;0;0
Myanmar;Shan-South;Loilen;MMR;MMR014D002;MMR014;May;2014;1;0
Myanmar;Chin;Falam;MMR;MMR004D001;MMR004;May;2014;0;0
Myanmar;Kayin;Hpapun;MMR;MMR003D004;MMR003;May;2014;0;0
Myanmar;Mandalay;Nyaung-U;MMR;MMR010D005;MMR010;May;2014;0;0
Myanmar;Mon;Thaton;MMR;MMR011D002;MMR011;May;2014;0;0
Myanmar;Rakhine;Sittwe;MMR;MMR012D001;MMR012;May;2014;0;0
Myanmar;Sagaing;Mawlaik;MMR;MMR005D007;MMR005;May;2014;0;0
Myanmar;Sagaing;Monywa;MMR;MMR005D003;MMR005;May;2014;0;0
Myanmar;Sagaing;Yinmarbin;MMR;MMR005D009;MMR005;May;2014;0;0
Myanmar;Shan-East;Tachileik;MMR;MMR016D003;MMR016;May;2014;0;0
Myanmar;Tanintharyi;Kawthoung;MMR;MMR006D003;MMR006;May;2014;0;0
Myanmar;Yangon;Yangon-West;MMR;MMR013D004;MMR013;May;2014;0;0
Myanmar;Ayeyarwady;Hinthada;MMR;MMR017D002;MMR017;May;2014;0;0
Myanmar;Bago-West;Thayarwady;MMR;MMR008D002;MMR008;May;2014;0;0
Myanmar;Kayah;Bawlake;MMR;MMR002D002;MMR002;May;2014;0;0
Myanmar;Mandalay;Pyinoolwin;MMR;MMR010D002;MMR010;May;2014;1;0
Myanmar;Mandalay;Yamethin;MMR;MMR010D006;MMR010;May;2014;0;0
Myanmar;Mon;Mawlamyine;MMR;MMR011D001;MMR011;May;2014;0;0
Myanmar;Nay Pyi Taw;Det Khi Na;MMR;MMR018D002;MMR018;May;2014;0;0
Myanmar;Sagaing;Kanbalu;MMR;MMR005D010;MMR005;May;2014;0;0
Myanmar;Shan-North;Lashio;MMR;MMR015D001;MMR015;May;2014;3;3
Myanmar;Shan-South;Danu Self-Administered Zone;MMR;NA;NA;May;2014;0;0
Myanmar;Tanintharyi;Myeik;MMR;MMR006D002;MMR006;May;2014;0;0
Myanmar;Ayeyarwady;Myaungmya;MMR;MMR017D003;MMR017;June;2014;0;0
Myanmar;Chin;Matupi;MMR;MMR004D004;MMR004;June;2014;1;0
Myanmar;Magway;Magway;MMR;MMR009D001;MMR009;June;2014;0;0
Myanmar;Magway;Minbu;MMR;MMR009D002;MMR009;June;2014;0;0
Myanmar;Sagaing;Hkamti;MMR;MMR005D008;MMR005;June;2014;0;0
Myanmar;Sagaing;Katha;MMR;MMR005D004;MMR005;June;2014;0;0
Myanmar;Sagaing;Shwebo;MMR;MMR005D002;MMR005;June;2014;0;0
Myanmar;Sagaing;Tamu;MMR;MMR005D006;MMR005;June;2014;0;0
Myanmar;Shan-North;Kyaukme;MMR;NA;NA;June;2014;5;0
Myanmar;Shan-North;Matman;MMR;MMR015D007;MMR015;June;2014;0;0
Myanmar;Shan-North;Pa Laung Self-Administered Zone;MMR;NA;NA;June;2014;3;0
Myanmar;Yangon;Yangon-East;MMR;MMR013D002;MMR013;June;2014;0;0
Myanmar;Ayeyarwady;Pathein;MMR;MMR017D001;MMR017;June;2014;0;0
Myanmar;Ayeyarwady;Pyapon;MMR;MMR017D006;MMR017;June;2014;0;0
Myanmar;Bago-East;Taungoo;MMR;MMR007D002;MMR007;June;2014;0;0
Myanmar;Kayah;Loikaw;MMR;MMR002D001;MMR002;June;2014;0;0
Myanmar;Kayin;Kawkareik;MMR;MMR003D003;MMR003;June;2014;0;0
Myanmar;Magway;Thayet;MMR;MMR009D003;MMR009;June;2014;0;0
Myanmar;Mandalay;Kyaukse;MMR;MMR010D003;MMR010;June;2014;0;0
Myanmar;Rakhine;Kyaukpyu;MMR;MMR012D003;MMR012;June;2014;0;0
Myanmar;Shan-East;Monghsat;MMR;MMR016D002;MMR016;June;2014;0;0
Myanmar;Shan-South;Pa-O Self-Administered Zone;MMR;NA;NA;June;2014;1;1
Myanmar;Shan-South;Taunggyi;MMR;MMR014D001;MMR014;June;2014;0;0
Myanmar;Tanintharyi;Dawei;MMR;MMR006D001;MMR006;June;2014;2;2
Myanmar;Yangon;Yangon-North;MMR;MMR013D001;MMR013;June;2014;0;0
Myanmar;Bago-West;Pyay;MMR;MMR008D001;MMR008;June;2014;0;0
Myanmar;Chin;Mindat;MMR;MMR004D002;MMR004;June;2014;0;0
Myanmar;Kachin;Bhamo;MMR;MMR001D003;MMR001;June;2014;7;1
Myanmar;Kachin;Myitkyina;MMR;MMR001D001;MMR001;June;2014;0;0
Myanmar;Magway;Gangaw;MMR;MMR009D005;MMR009;June;2014;0;0
Myanmar;Nay Pyi Taw;Oke Ta Ra;MMR;MMR018D001;MMR018;June;2014;0;0
Myanmar;Rakhine;Thandwe;MMR;MMR012D004;MMR012;June;2014;0;0
Myanmar;Shan-East;Kengtung;MMR;MMR016D001;MMR016;June;2014;0;0
Myanmar;Shan-North;Mongmit;MMR;MMR015D008;MMR015;June;2014;2;5
Myanmar;Yangon;Yangon-South;MMR;MMR013D003;MMR013;June;2014;0;0
Myanmar;Ayeyarwady;Labutta;MMR;MMR017D004;MMR017;June;2014;0;0
Myanmar;Ayeyarwady;Maubin;MMR;MMR017D005;MMR017;June;2014;0;0
Myanmar;Magway;Pakokku;MMR;MMR009D004;MMR009;June;2014;0;0
Myanmar;Mandalay;Myingyan;MMR;MMR010D004;MMR010;June;2014;0;0
Myanmar;Rakhine;Maungdaw;MMR;MMR012D002;MMR012;June;2014;1;0
Myanmar;Rakhine;Mrauk-U;MMR;MMR012D005;MMR012;June;2014;0;0
Myanmar;Shan-North;Hopang;MMR;MMR015D006;MMR015;June;2014;0;0
Myanmar;Shan-North;Kokang Self-Administered Zone;MMR;MMR015D221;MMR015;June;2014;0;0
Myanmar;Shan-North;Muse;MMR;MMR015D002;MMR015;June;2014;19;15
Myanmar;Sagaing;Kale;MMR;MMR005D005;MMR005;June;2014;0;0
Myanmar;Sagaing;Sagaing;MMR;MMR005D001;MMR005;June;2014;0;0
Myanmar;Bago-East;Bago;MMR;MMR007D001;MMR007;June;2014;0;0
Myanmar;Chin;Hakha;MMR;MMR004D003;MMR004;June;2014;0;0
Myanmar;Kachin;Mohnyin;MMR;MMR001D002;MMR001;June;2014;0;0
Myanmar;Kachin;Puta-O;MMR;MMR001D004;MMR001;June;2014;0;0
Myanmar;Kayin;Hpa-An;MMR;MMR003D001;MMR003;June;2014;0;0
Myanmar;Kayin;Myawaddy;MMR;MMR003D002;MMR003;June;2014;0;0
Myanmar;Mandalay;Mandalay;MMR;MMR010D001;MMR010;June;2014;0;0
Myanmar;Mandalay;Meiktila;MMR;MMR010D007;MMR010;June;2014;0;0
Myanmar;Sagaing;Kawlin;MMR;MMR005D011;MMR005;June;2014;0;0
Myanmar;Sagaing;Naga Self-Administered Zone;MMR;NA;NA;June;2014;0;0
Myanmar;Shan-South;Langkho;MMR;MMR014D003;MMR014;June;2014;0;0
Myanmar;Shan-South;Loilen;MMR;MMR014D002;MMR014;June;2014;4;0
Myanmar;Chin;Falam;MMR;MMR004D001;MMR004;June;2014;0;0
Myanmar;Kayin;Hpapun;MMR;MMR003D004;MMR003;June;2014;0;0
Myanmar;Mandalay;Nyaung-U;MMR;MMR010D005;MMR010;June;2014;0;0
Myanmar;Mon;Thaton;MMR;MMR011D002;MMR011;June;2014;0;0
Myanmar;Rakhine;Sittwe;MMR;MMR012D001;MMR012;June;2014;0;0
Myanmar;Sagaing;Mawlaik;MMR;MMR005D007;MMR005;June;2014;0;0
Myanmar;Sagaing;Monywa;MMR;MMR005D003;MMR005;June;2014;0;0
Myanmar;Sagaing;Yinmarbin;MMR;MMR005D009;MMR005;June;2014;0;0
Myanmar;Shan-East;Tachileik;MMR;MMR016D003;MMR016;June;2014;0;0
Myanmar;Tanintharyi;Kawthoung;MMR;MMR006D003;MMR006;June;2014;0;0
Myanmar;Yangon;Yangon-West;MMR;MMR013D004;MMR013;June;2014;0;0
Myanmar;Ayeyarwady;Hinthada;MMR;MMR017D002;MMR017;June;2014;0;0
Myanmar;Bago-West;Thayarwady;MMR;MMR008D002;MMR008;June;2014;0;0
Myanmar;Kayah;Bawlake;MMR;MMR002D002;MMR002;June;2014;0;0
Myanmar;Mandalay;Pyinoolwin;MMR;MMR010D002;MMR010;June;2014;0;0
Myanmar;Mandalay;Yamethin;MMR;MMR010D006;MMR010;June;2014;0;0
Myanmar;Mon;Mawlamyine;MMR;MMR011D001;MMR011;June;2014;0;0
Myanmar;Nay Pyi Taw;Det Khi Na;MMR;MMR018D002;MMR018;June;2014;0;0
Myanmar;Sagaing;Kanbalu;MMR;MMR005D010;MMR005;June;2014;0;0
Myanmar;Shan-North;Lashio;MMR;MMR015D001;MMR015;June;2014;0;0
Myanmar;Shan-South;Danu Self-Administered Zone;MMR;NA;NA;June;2014;0;0
Myanmar;Tanintharyi;Myeik;MMR;MMR006D002;MMR006;June;2014;0;0
Myanmar;Ayeyarwady;Myaungmya;MMR;MMR017D003;MMR017;July;2014;0;0
Myanmar;Chin;Matupi;MMR;MMR004D004;MMR004;July;2014;0;0
Myanmar;Magway;Magway;MMR;MMR009D001;MMR009;July;2014;0;0
Myanmar;Magway;Minbu;MMR;MMR009D002;MMR009;July;2014;0;0
Myanmar;Sagaing;Hkamti;MMR;MMR005D008;MMR005;July;2014;0;0
Myanmar;Sagaing;Katha;MMR;MMR005D004;MMR005;July;2014;0;0
Myanmar;Sagaing;Shwebo;MMR;MMR005D002;MMR005;July;2014;1;0
Myanmar;Sagaing;Tamu;MMR;MMR005D006;MMR005;July;2014;0;0
Myanmar;Shan-North;Kyaukme;MMR;NA;NA;July;2014;2;3
Myanmar;Shan-North;Matman;MMR;MMR015D007;MMR015;July;2014;0;0
Myanmar;Shan-North;Pa Laung Self-Administered Zone;MMR;NA;NA;July;2014;0;0
Myanmar;Yangon;Yangon-East;MMR;MMR013D002;MMR013;July;2014;0;0
Myanmar;Ayeyarwady;Pathein;MMR;MMR017D001;MMR017;July;2014;0;0
Myanmar;Ayeyarwady;Pyapon;MMR;MMR017D006;MMR017;July;2014;0;0
Myanmar;Bago-East;Taungoo;MMR;MMR007D002;MMR007;July;2014;0;0
Myanmar;Kayah;Loikaw;MMR;MMR002D001;MMR002;July;2014;0;0
Myanmar;Kayin;Kawkareik;MMR;MMR003D003;MMR003;July;2014;0;0
Myanmar;Magway;Thayet;MMR;MMR009D003;MMR009;July;2014;0;0
Myanmar;Mandalay;Kyaukse;MMR;MMR010D003;MMR010;July;2014;0;0
Myanmar;Rakhine;Kyaukpyu;MMR;MMR012D003;MMR012;July;2014;0;0
Myanmar;Shan-East;Monghsat;MMR;MMR016D002;MMR016;July;2014;0;0
Myanmar;Shan-South;Pa-O Self-Administered Zone;MMR;NA;NA;July;2014;0;0
Myanmar;Shan-South;Taunggyi;MMR;MMR014D001;MMR014;July;2014;1;0
Myanmar;Tanintharyi;Dawei;MMR;MMR006D001;MMR006;July;2014;1;0
Myanmar;Yangon;Yangon-North;MMR;MMR013D001;MMR013;July;2014;0;0
Myanmar;Bago-West;Pyay;MMR;MMR008D001;MMR008;July;2014;0;0
Myanmar;Chin;Mindat;MMR;MMR004D002;MMR004;July;2014;0;0
Myanmar;Kachin;Bhamo;MMR;MMR001D003;MMR001;July;2014;1;0
Myanmar;Kachin;Myitkyina;MMR;MMR001D001;MMR001;July;2014;1;0
Myanmar;Magway;Gangaw;MMR;MMR009D005;MMR009;July;2014;0;0
Myanmar;Nay Pyi Taw;Oke Ta Ra;MMR;MMR018D001;MMR018;July;2014;0;0
Myanmar;Rakhine;Thandwe;MMR;MMR012D004;MMR012;July;2014;0;0
Myanmar;Shan-East;Kengtung;MMR;MMR016D001;MMR016;July;2014;0;0
Myanmar;Shan-North;Mongmit;MMR;MMR015D008;MMR015;July;2014;1;3
Myanmar;Yangon;Yangon-South;MMR;MMR013D003;MMR013;July;2014;0;0
Myanmar;Ayeyarwady;Labutta;MMR;MMR017D004;MMR017;July;2014;0;0
Myanmar;Ayeyarwady;Maubin;MMR;MMR017D005;MMR017;July;2014;0;0
Myanmar;Magway;Pakokku;MMR;MMR009D004;MMR009;July;2014;0;0
Myanmar;Mandalay;Myingyan;MMR;MMR010D004;MMR010;July;2014;0;0
Myanmar;Rakhine;Maungdaw;MMR;MMR012D002;MMR012;July;2014;1;0
Myanmar;Rakhine;Mrauk-U;MMR;MMR012D005;MMR012;July;2014;0;0
Myanmar;Shan-North;Hopang;MMR;MMR015D006;MMR015;July;2014;0;0
Myanmar;Shan-North;Kokang Self-Administered Zone;MMR;MMR015D221;MMR015;July;2014;0;0
Myanmar;Shan-North;Muse;MMR;MMR015D002;MMR015;July;2014;17;11
Myanmar;Sagaing;Kale;MMR;MMR005D005;MMR005;July;2014;0;0
Myanmar;Sagaing;Sagaing;MMR;MMR005D001;MMR005;July;2014;0;0
Myanmar;Bago-East;Bago;MMR;MMR007D001;MMR007;July;2014;0;0
Myanmar;Chin;Hakha;MMR;MMR004D003;MMR004;July;2014;0;0
Myanmar;Kachin;Mohnyin;MMR;MMR001D002;MMR001;July;2014;0;0
Myanmar;Kachin;Puta-O;MMR;MMR001D004;MMR001;July;2014;0;0
Myanmar;Kayin;Hpa-An;MMR;MMR003D001;MMR003;July;2014;0;0
Myanmar;Kayin;Myawaddy;MMR;MMR003D002;MMR003;July;2014;0;0
Myanmar;Mandalay;Mandalay;MMR;MMR010D001;MMR010;July;2014;4;2
Myanmar;Mandalay;Meiktila;MMR;MMR010D007;MMR010;July;2014;0;0
Myanmar;Sagaing;Kawlin;MMR;MMR005D011;MMR005;July;2014;0;0
Myanmar;Sagaing;Naga Self-Administered Zone;MMR;NA;NA;July;2014;0;0
Myanmar;Shan-South;Langkho;MMR;MMR014D003;MMR014;July;2014;0;0
Myanmar;Shan-South;Loilen;MMR;MMR014D002;MMR014;July;2014;2;0
Myanmar;Chin;Falam;MMR;MMR004D001;MMR004;July;2014;0;0
Myanmar;Kayin;Hpapun;MMR;MMR003D004;MMR003;July;2014;0;0
Myanmar;Mandalay;Nyaung-U;MMR;MMR010D005;MMR010;July;2014;0;0
Myanmar;Mon;Thaton;MMR;MMR011D002;MMR011;July;2014;0;0
Myanmar;Rakhine;Sittwe;MMR;MMR012D001;MMR012;July;2014;0;0
Myanmar;Sagaing;Mawlaik;MMR;MMR005D007;MMR005;July;2014;0;0
Myanmar;Sagaing;Monywa;MMR;MMR005D003;MMR005;July;2014;0;0
Myanmar;Sagaing;Yinmarbin;MMR;MMR005D009;MMR005;July;2014;0;0
Myanmar;Shan-East;Tachileik;MMR;MMR016D003;MMR016;July;2014;0;0
Myanmar;Tanintharyi;Kawthoung;MMR;MMR006D003;MMR006;July;2014;0;0
Myanmar;Yangon;Yangon-West;MMR;MMR013D004;MMR013;July;2014;0;0
Myanmar;Ayeyarwady;Hinthada;MMR;MMR017D002;MMR017;July;2014;0;0
Myanmar;Bago-West;Thayarwady;MMR;MMR008D002;MMR008;July;2014;0;0
Myanmar;Kayah;Bawlake;MMR;MMR002D002;MMR002;July;2014;0;0
Myanmar;Mandalay;Pyinoolwin;MMR;MMR010D002;MMR010;July;2014;0;0
Myanmar;Mandalay;Yamethin;MMR;MMR010D006;MMR010;July;2014;0;0
Myanmar;Mon;Mawlamyine;MMR;MMR011D001;MMR011;July;2014;0;0
Myanmar;Nay Pyi Taw;Det Khi Na;MMR;MMR018D002;MMR018;July;2014;0;0
Myanmar;Sagaing;Kanbalu;MMR;MMR005D010;MMR005;July;2014;0;0
Myanmar;Shan-North;Lashio;MMR;MMR015D001;MMR015;July;2014;0;0
Myanmar;Shan-South;Danu Self-Administered Zone;MMR;NA;NA;July;2014;0;0
Myanmar;Tanintharyi;Myeik;MMR;MMR006D002;MMR006;July;2014;0;0
Myanmar;Ayeyarwady;Myaungmya;MMR;MMR017D003;MMR017;August;2014;0;0
Myanmar;Chin;Matupi;MMR;MMR004D004;MMR004;August;2014;1;0
Myanmar;Magway;Magway;MMR;MMR009D001;MMR009;August;2014;0;0
Myanmar;Magway;Minbu;MMR;MMR009D002;MMR009;August;2014;0;0
Myanmar;Sagaing;Hkamti;MMR;MMR005D008;MMR005;August;2014;0;0
Myanmar;Sagaing;Katha;MMR;MMR005D004;MMR005;August;2014;0;0
Myanmar;Sagaing;Shwebo;MMR;MMR005D002;MMR005;August;2014;0;0
Myanmar;Sagaing;Tamu;MMR;MMR005D006;MMR005;August;2014;0;0
Myanmar;Shan-North;Kyaukme;MMR;NA;NA;August;2014;5;2
Myanmar;Shan-North;Matman;MMR;MMR015D007;MMR015;August;2014;0;0
Myanmar;Shan-North;Pa Laung Self-Administered Zone;MMR;NA;NA;August;2014;0;0
Myanmar;Yangon;Yangon-East;MMR;MMR013D002;MMR013;August;2014;0;0
Myanmar;Ayeyarwady;Pathein;MMR;MMR017D001;MMR017;August;2014;0;0
Myanmar;Ayeyarwady;Pyapon;MMR;MMR017D006;MMR017;August;2014;0;0
Myanmar;Bago-East;Taungoo;MMR;MMR007D002;MMR007;August;2014;0;0
Myanmar;Kayah;Loikaw;MMR;MMR002D001;MMR002;August;2014;0;0
Myanmar;Kayin;Kawkareik;MMR;MMR003D003;MMR003;August;2014;0;0
Myanmar;Magway;Thayet;MMR;MMR009D003;MMR009;August;2014;0;0
Myanmar;Mandalay;Kyaukse;MMR;MMR010D003;MMR010;August;2014;0;0
Myanmar;Rakhine;Kyaukpyu;MMR;MMR012D003;MMR012;August;2014;0;0
Myanmar;Shan-East;Monghsat;MMR;MMR016D002;MMR016;August;2014;0;0
Myanmar;Shan-South;Pa-O Self-Administered Zone;MMR;NA;NA;August;2014;0;0
Myanmar;Shan-South;Taunggyi;MMR;MMR014D001;MMR014;August;2014;0;0
Myanmar;Tanintharyi;Dawei;MMR;MMR006D001;MMR006;August;2014;0;0
Myanmar;Yangon;Yangon-North;MMR;MMR013D001;MMR013;August;2014;0;0
Myanmar;Bago-West;Pyay;MMR;MMR008D001;MMR008;August;2014;0;0
Myanmar;Chin;Mindat;MMR;MMR004D002;MMR004;August;2014;0;0
Myanmar;Kachin;Bhamo;MMR;MMR001D003;MMR001;August;2014;1;1
Myanmar;Kachin;Myitkyina;MMR;MMR001D001;MMR001;August;2014;0;0
Myanmar;Magway;Gangaw;MMR;MMR009D005;MMR009;August;2014;0;0
Myanmar;Nay Pyi Taw;Oke Ta Ra;MMR;MMR018D001;MMR018;August;2014;0;0
Myanmar;Rakhine;Thandwe;MMR;MMR012D004;MMR012;August;2014;0;0
Myanmar;Shan-East;Kengtung;MMR;MMR016D001;MMR016;August;2014;0;0
Myanmar;Shan-North;Mongmit;MMR;MMR015D008;MMR015;August;2014;1;0
Myanmar;Yangon;Yangon-South;MMR;MMR013D003;MMR013;August;2014;0;0
Myanmar;Ayeyarwady;Labutta;MMR;MMR017D004;MMR017;August;2014;0;0
Myanmar;Ayeyarwady;Maubin;MMR;MMR017D005;MMR017;August;2014;0;0
Myanmar;Magway;Pakokku;MMR;MMR009D004;MMR009;August;2014;0;0
Myanmar;Mandalay;Myingyan;MMR;MMR010D004;MMR010;August;2014;0;0
Myanmar;Rakhine;Maungdaw;MMR;MMR012D002;MMR012;August;2014;3;1
Myanmar;Rakhine;Mrauk-U;MMR;MMR012D005;MMR012;August;2014;0;0
Myanmar;Shan-North;Hopang;MMR;MMR015D006;MMR015;August;2014;0;0
Myanmar;Shan-North;Kokang Self-Administered Zone;MMR;MMR015D221;MMR015;August;2014;0;0
Myanmar;Shan-North;Muse;MMR;MMR015D002;MMR015;August;2014;6;12
Myanmar;Sagaing;Kale;MMR;MMR005D005;MMR005;August;2014;0;0
Myanmar;Sagaing;Sagaing;MMR;MMR005D001;MMR005;August;2014;0;0
Myanmar;Bago-East;Bago;MMR;MMR007D001;MMR007;August;2014;0;0
Myanmar;Chin;Hakha;MMR;MMR004D003;MMR004;August;2014;0;0
Myanmar;Kachin;Mohnyin;MMR;MMR001D002;MMR001;August;2014;4;4
Myanmar;Kachin;Puta-O;MMR;MMR001D004;MMR001;August;2014;0;0
Myanmar;Kayin;Hpa-An;MMR;MMR003D001;MMR003;August;2014;0;0
Myanmar;Kayin;Myawaddy;MMR;MMR003D002;MMR003;August;2014;0;0
Myanmar;Mandalay;Mandalay;MMR;MMR010D001;MMR010;August;2014;0;0
Myanmar;Mandalay;Meiktila;MMR;MMR010D007;MMR010;August;2014;0;0
Myanmar;Sagaing;Kawlin;MMR;MMR005D011;MMR005;August;2014;0;0
Myanmar;Sagaing;Naga Self-Administered Zone;MMR;NA;NA;August;2014;0;0
Myanmar;Shan-South;Langkho;MMR;MMR014D003;MMR014;August;2014;0;0
Myanmar;Shan-South;Loilen;MMR;MMR014D002;MMR014;August;2014;3;0
Myanmar;Chin;Falam;MMR;MMR004D001;MMR004;August;2014;0;0
Myanmar;Kayin;Hpapun;MMR;MMR003D004;MMR003;August;2014;0;0
Myanmar;Mandalay;Nyaung-U;MMR;MMR010D005;MMR010;August;2014;0;0
Myanmar;Mon;Thaton;MMR;MMR011D002;MMR011;August;2014;0;0
Myanmar;Rakhine;Sittwe;MMR;MMR012D001;MMR012;August;2014;1;1
Myanmar;Sagaing;Mawlaik;MMR;MMR005D007;MMR005;August;2014;0;0
Myanmar;Sagaing;Monywa;MMR;MMR005D003;MMR005;August;2014;0;0
Myanmar;Sagaing;Yinmarbin;MMR;MMR005D009;MMR005;August;2014;0;0
Myanmar;Shan-East;Tachileik;MMR;MMR016D003;MMR016;August;2014;0;0
Myanmar;Tanintharyi;Kawthoung;MMR;MMR006D003;MMR006;August;2014;0;0
Myanmar;Yangon;Yangon-West;MMR;MMR013D004;MMR013;August;2014;0;0
Myanmar;Ayeyarwady;Hinthada;MMR;MMR017D002;MMR017;August;2014;0;0
Myanmar;Bago-West;Thayarwady;MMR;MMR008D002;MMR008;August;2014;0;0
Myanmar;Kayah;Bawlake;MMR;MMR002D002;MMR002;August;2014;0;0
Myanmar;Mandalay;Pyinoolwin;MMR;MMR010D002;MMR010;August;2014;1;0
Myanmar;Mandalay;Yamethin;MMR;MMR010D006;MMR010;August;2014;0;0
Myanmar;Mon;Mawlamyine;MMR;MMR011D001;MMR011;August;2014;0;0
Myanmar;Nay Pyi Taw;Det Khi Na;MMR;MMR018D002;MMR018;August;2014;0;0
Myanmar;Sagaing;Kanbalu;MMR;MMR005D010;MMR005;August;2014;0;0
Myanmar;Shan-North;Lashio;MMR;MMR015D001;MMR015;August;2014;0;0
Myanmar;Shan-South;Danu Self-Administered Zone;MMR;NA;NA;August;2014;0;0
Myanmar;Tanintharyi;Myeik;MMR;MMR006D002;MMR006;August;2014;0;0
Myanmar;Ayeyarwady;Myaungmya;MMR;MMR017D003;MMR017;September;2014;0;0
Myanmar;Chin;Matupi;MMR;MMR004D004;MMR004;September;2014;0;0
Myanmar;Magway;Magway;MMR;MMR009D001;MMR009;September;2014;0;0
Myanmar;Magway;Minbu;MMR;MMR009D002;MMR009;September;2014;0;0
Myanmar;Sagaing;Hkamti;MMR;MMR005D008;MMR005;September;2014;0;0
Myanmar;Sagaing;Katha;MMR;MMR005D004;MMR005;September;2014;0;0
Myanmar;Sagaing;Shwebo;MMR;MMR005D002;MMR005;September;2014;0;0
Myanmar;Sagaing;Tamu;MMR;MMR005D006;MMR005;September;2014;0;0
Myanmar;Shan-North;Kyaukme;MMR;NA;NA;September;2014;3;0
Myanmar;Shan-North;Matman;MMR;MMR015D007;MMR015;September;2014;0;0
Myanmar;Shan-North;Pa Laung Self-Administered Zone;MMR;NA;NA;September;2014;1;0
Myanmar;Yangon;Yangon-East;MMR;MMR013D002;MMR013;September;2014;0;0
Myanmar;Ayeyarwady;Pathein;MMR;MMR017D001;MMR017;September;2014;0;0
Myanmar;Ayeyarwady;Pyapon;MMR;MMR017D006;MMR017;September;2014;0;0
Myanmar;Bago-East;Taungoo;MMR;MMR007D002;MMR007;September;2014;1;1
Myanmar;Kayah;Loikaw;MMR;MMR002D001;MMR002;September;2014;0;0
Myanmar;Kayin;Kawkareik;MMR;MMR003D003;MMR003;September;2014;2;0
Myanmar;Magway;Thayet;MMR;MMR009D003;MMR009;September;2014;0;0
Myanmar;Mandalay;Kyaukse;MMR;MMR010D003;MMR010;September;2014;0;0
Myanmar;Rakhine;Kyaukpyu;MMR;MMR012D003;MMR012;September;2014;0;0
Myanmar;Shan-East;Monghsat;MMR;MMR016D002;MMR016;September;2014;1;0
Myanmar;Shan-South;Pa-O Self-Administered Zone;MMR;NA;NA;September;2014;0;0
Myanmar;Shan-South;Taunggyi;MMR;MMR014D001;MMR014;September;2014;0;0
Myanmar;Tanintharyi;Dawei;MMR;MMR006D001;MMR006;September;2014;0;0
Myanmar;Yangon;Yangon-North;MMR;MMR013D001;MMR013;September;2014;0;0
Myanmar;Bago-West;Pyay;MMR;MMR008D001;MMR008;September;2014;0;0
Myanmar;Chin;Mindat;MMR;MMR004D002;MMR004;September;2014;0;0
Myanmar;Kachin;Bhamo;MMR;MMR001D003;MMR001;September;2014;1;0
Myanmar;Kachin;Myitkyina;MMR;MMR001D001;MMR001;September;2014;0;0
Myanmar;Magway;Gangaw;MMR;MMR009D005;MMR009;September;2014;0;0
Myanmar;Nay Pyi Taw;Oke Ta Ra;MMR;MMR018D001;MMR018;September;2014;0;0
Myanmar;Rakhine;Thandwe;MMR;MMR012D004;MMR012;September;2014;0;0
Myanmar;Shan-East;Kengtung;MMR;MMR016D001;MMR016;September;2014;0;0
Myanmar;Shan-North;Mongmit;MMR;MMR015D008;MMR015;September;2014;1;0
Myanmar;Yangon;Yangon-South;MMR;MMR013D003;MMR013;September;2014;0;0
Myanmar;Ayeyarwady;Labutta;MMR;MMR017D004;MMR017;September;2014;0;0
Myanmar;Ayeyarwady;Maubin;MMR;MMR017D005;MMR017;September;2014;0;0
Myanmar;Magway;Pakokku;MMR;MMR009D004;MMR009;September;2014;1;0
Myanmar;Mandalay;Myingyan;MMR;MMR010D004;MMR010;September;2014;0;0
Myanmar;Rakhine;Maungdaw;MMR;MMR012D002;MMR012;September;2014;0;0
Myanmar;Rakhine;Mrauk-U;MMR;MMR012D005;MMR012;September;2014;0;0
Myanmar;Shan-North;Hopang;MMR;MMR015D006;MMR015;September;2014;0;0
Myanmar;Shan-North;Kokang Self-Administered Zone;MMR;MMR015D221;MMR015;September;2014;0;0
Myanmar;Shan-North;Muse;MMR;MMR015D002;MMR015;September;2014;5;0
Myanmar;Sagaing;Kale;MMR;MMR005D005;MMR005;September;2014;0;0
Myanmar;Sagaing;Sagaing;MMR;MMR005D001;MMR005;September;2014;0;0
Myanmar;Bago-East;Bago;MMR;MMR007D001;MMR007;September;2014;1;1
Myanmar;Chin;Hakha;MMR;MMR004D003;MMR004;September;2014;0;0
Myanmar;Kachin;Mohnyin;MMR;MMR001D002;MMR001;September;2014;0;0
Myanmar;Kachin;Puta-O;MMR;MMR001D004;MMR001;September;2014;0;0
Myanmar;Kayin;Hpa-An;MMR;MMR003D001;MMR003;September;2014;0;0
Myanmar;Kayin;Myawaddy;MMR;MMR003D002;MMR003;September;2014;6;2
Myanmar;Mandalay;Mandalay;MMR;MMR010D001;MMR010;September;2014;0;0
Myanmar;Mandalay;Meiktila;MMR;MMR010D007;MMR010;September;2014;0;0
Myanmar;Sagaing;Kawlin;MMR;MMR005D011;MMR005;September;2014;0;0
Myanmar;Sagaing;Naga Self-Administered Zone;MMR;NA;NA;September;2014;0;0
Myanmar;Shan-South;Langkho;MMR;MMR014D003;MMR014;September;2014;2;0
Myanmar;Shan-South;Loilen;MMR;MMR014D002;MMR014;September;2014;1;2
Myanmar;Chin;Falam;MMR;MMR004D001;MMR004;September;2014;0;0
Myanmar;Kayin;Hpapun;MMR;MMR003D004;MMR003;September;2014;1;0
Myanmar;Mandalay;Nyaung-U;MMR;MMR010D005;MMR010;September;2014;0;0
Myanmar;Mon;Thaton;MMR;MMR011D002;MMR011;September;2014;0;0
Myanmar;Rakhine;Sittwe;MMR;MMR012D001;MMR012;September;2014;1;3
Myanmar;Sagaing;Mawlaik;MMR;MMR005D007;MMR005;September;2014;0;0
Myanmar;Sagaing;Monywa;MMR;MMR005D003;MMR005;September;2014;0;0
Myanmar;Sagaing;Yinmarbin;MMR;MMR005D009;MMR005;September;2014;0;0
Myanmar;Shan-East;Tachileik;MMR;MMR016D003;MMR016;September;2014;0;0
Myanmar;Tanintharyi;Kawthoung;MMR;MMR006D003;MMR006;September;2014;0;0
Myanmar;Yangon;Yangon-West;MMR;MMR013D004;MMR013;September;2014;0;0
Myanmar;Ayeyarwady;Hinthada;MMR;MMR017D002;MMR017;September;2014;0;0
Myanmar;Bago-West;Thayarwady;MMR;MMR008D002;MMR008;September;2014;0;0
Myanmar;Kayah;Bawlake;MMR;MMR002D002;MMR002;September;2014;0;0
Myanmar;Mandalay;Pyinoolwin;MMR;MMR010D002;MMR010;September;2014;0;0
Myanmar;Mandalay;Yamethin;MMR;MMR010D006;MMR010;September;2014;0;0
Myanmar;Mon;Mawlamyine;MMR;MMR011D001;MMR011;September;2014;3;4
Myanmar;Nay Pyi Taw;Det Khi Na;MMR;MMR018D002;MMR018;September;2014;0;0
Myanmar;Sagaing;Kanbalu;MMR;MMR005D010;MMR005;September;2014;0;0
Myanmar;Shan-North;Lashio;MMR;MMR015D001;MMR015;September;2014;0;0
Myanmar;Shan-South;Danu Self-Administered Zone;MMR;NA;NA;September;2014;0;0
Myanmar;Tanintharyi;Myeik;MMR;MMR006D002;MMR006;September;2014;0;0
Myanmar;Ayeyarwady;Myaungmya;MMR;MMR017D003;MMR017;October;2014;0;0
Myanmar;Chin;Matupi;MMR;MMR004D004;MMR004;October;2014;0;0
Myanmar;Magway;Magway;MMR;MMR009D001;MMR009;October;2014;0;0
Myanmar;Magway;Minbu;MMR;MMR009D002;MMR009;October;2014;0;0
Myanmar;Sagaing;Hkamti;MMR;MMR005D008;MMR005;October;2014;0;0
Myanmar;Sagaing;Katha;MMR;MMR005D004;MMR005;October;2014;0;0
Myanmar;Sagaing;Shwebo;MMR;MMR005D002;MMR005;October;2014;0;0
Myanmar;Sagaing;Tamu;MMR;MMR005D006;MMR005;October;2014;0;0
Myanmar;Shan-North;Kyaukme;MMR;NA;NA;October;2014;1;0
Myanmar;Shan-North;Matman;MMR;MMR015D007;MMR015;October;2014;0;0
Myanmar;Shan-North;Pa Laung Self-Administered Zone;MMR;NA;NA;October;2014;0;0
Myanmar;Yangon;Yangon-East;MMR;MMR013D002;MMR013;October;2014;0;0
Myanmar;Ayeyarwady;Pathein;MMR;MMR017D001;MMR017;October;2014;0;0
Myanmar;Ayeyarwady;Pyapon;MMR;MMR017D006;MMR017;October;2014;0;0
Myanmar;Bago-East;Taungoo;MMR;MMR007D002;MMR007;October;2014;1;0
Myanmar;Kayah;Loikaw;MMR;MMR002D001;MMR002;October;2014;0;0
Myanmar;Kayin;Kawkareik;MMR;MMR003D003;MMR003;October;2014;3;4
Myanmar;Magway;Thayet;MMR;MMR009D003;MMR009;October;2014;0;0
Myanmar;Mandalay;Kyaukse;MMR;MMR010D003;MMR010;October;2014;0;0
Myanmar;Rakhine;Kyaukpyu;MMR;MMR012D003;MMR012;October;2014;0;0
Myanmar;Shan-East;Monghsat;MMR;MMR016D002;MMR016;October;2014;0;0
Myanmar;Shan-South;Pa-O Self-Administered Zone;MMR;NA;NA;October;2014;1;0
Myanmar;Shan-South;Taunggyi;MMR;MMR014D001;MMR014;October;2014;2;0
Myanmar;Tanintharyi;Dawei;MMR;MMR006D001;MMR006;October;2014;0;0
Myanmar;Yangon;Yangon-North;MMR;MMR013D001;MMR013;October;2014;0;0
Myanmar;Bago-West;Pyay;MMR;MMR008D001;MMR008;October;2014;0;0
Myanmar;Chin;Mindat;MMR;MMR004D002;MMR004;October;2014;0;0
Myanmar;Kachin;Bhamo;MMR;MMR001D003;MMR001;October;2014;1;1
Myanmar;Kachin;Myitkyina;MMR;MMR001D001;MMR001;October;2014;1;1
Myanmar;Magway;Gangaw;MMR;MMR009D005;MMR009;October;2014;0;0
Myanmar;Nay Pyi Taw;Oke Ta Ra;MMR;MMR018D001;MMR018;October;2014;0;0
Myanmar;Rakhine;Thandwe;MMR;MMR012D004;MMR012;October;2014;0;0
Myanmar;Shan-East;Kengtung;MMR;MMR016D001;MMR016;October;2014;1;3
Myanmar;Shan-North;Mongmit;MMR;MMR015D008;MMR015;October;2014;0;0
Myanmar;Yangon;Yangon-South;MMR;MMR013D003;MMR013;October;2014;0;0
Myanmar;Ayeyarwady;Labutta;MMR;MMR017D004;MMR017;October;2014;0;0
Myanmar;Ayeyarwady;Maubin;MMR;MMR017D005;MMR017;October;2014;0;0
Myanmar;Magway;Pakokku;MMR;MMR009D004;MMR009;October;2014;0;0
Myanmar;Mandalay;Myingyan;MMR;MMR010D004;MMR010;October;2014;0;0
Myanmar;Rakhine;Maungdaw;MMR;MMR012D002;MMR012;October;2014;4;0
Myanmar;Rakhine;Mrauk-U;MMR;MMR012D005;MMR012;October;2014;0;0
Myanmar;Shan-North;Hopang;MMR;MMR015D006;MMR015;October;2014;0;0
Myanmar;Shan-North;Kokang Self-Administered Zone;MMR;MMR015D221;MMR015;October;2014;0;0
Myanmar;Shan-North;Muse;MMR;MMR015D002;MMR015;October;2014;16;28
Myanmar;Sagaing;Kale;MMR;MMR005D005;MMR005;October;2014;0;0
Myanmar;Sagaing;Sagaing;MMR;MMR005D001;MMR005;October;2014;0;0
Myanmar;Bago-East;Bago;MMR;MMR007D001;MMR007;October;2014;0;0
Myanmar;Chin;Hakha;MMR;MMR004D003;MMR004;October;2014;0;0
Myanmar;Kachin;Mohnyin;MMR;MMR001D002;MMR001;October;2014;1;0
Myanmar;Kachin;Puta-O;MMR;MMR001D004;MMR001;October;2014;0;0
Myanmar;Kayin;Hpa-An;MMR;MMR003D001;MMR003;October;2014;2;0
Myanmar;Kayin;Myawaddy;MMR;MMR003D002;MMR003;October;2014;1;0
Myanmar;Mandalay;Mandalay;MMR;MMR010D001;MMR010;October;2014;0;0
Myanmar;Mandalay;Meiktila;MMR;MMR010D007;MMR010;October;2014;0;0
Myanmar;Sagaing;Kawlin;MMR;MMR005D011;MMR005;October;2014;0;0
Myanmar;Sagaing;Naga Self-Administered Zone;MMR;NA;NA;October;2014;0;0
Myanmar;Shan-South;Langkho;MMR;MMR014D003;MMR014;October;2014;0;0
Myanmar;Shan-South;Loilen;MMR;MMR014D002;MMR014;October;2014;10;11
Myanmar;Chin;Falam;MMR;MMR004D001;MMR004;October;2014;0;0
Myanmar;Kayin;Hpapun;MMR;MMR003D004;MMR003;October;2014;0;0
Myanmar;Mandalay;Nyaung-U;MMR;MMR010D005;MMR010;October;2014;0;0
Myanmar;Mon;Thaton;MMR;MMR011D002;MMR011;October;2014;0;0
Myanmar;Rakhine;Sittwe;MMR;MMR012D001;MMR012;October;2014;0;0
Myanmar;Sagaing;Mawlaik;MMR;MMR005D007;MMR005;October;2014;0;0
Myanmar;Sagaing;Monywa;MMR;MMR005D003;MMR005;October;2014;0;0
Myanmar;Sagaing;Yinmarbin;MMR;MMR005D009;MMR005;October;2014;0;0
Myanmar;Shan-East;Tachileik;MMR;MMR016D003;MMR016;October;2014;0;0
Myanmar;Tanintharyi;Kawthoung;MMR;MMR006D003;MMR006;October;2014;0;0
Myanmar;Yangon;Yangon-West;MMR;MMR013D004;MMR013;October;2014;0;0
Myanmar;Ayeyarwady;Hinthada;MMR;MMR017D002;MMR017;October;2014;0;0
Myanmar;Bago-West;Thayarwady;MMR;MMR008D002;MMR008;October;2014;0;0
Myanmar;Kayah;Bawlake;MMR;MMR002D002;MMR002;October;2014;0;0
Myanmar;Mandalay;Pyinoolwin;MMR;MMR010D002;MMR010;October;2014;0;0
Myanmar;Mandalay;Yamethin;MMR;MMR010D006;MMR010;October;2014;0;0
Myanmar;Mon;Mawlamyine;MMR;MMR011D001;MMR011;October;2014;1;1
Myanmar;Nay Pyi Taw;Det Khi Na;MMR;MMR018D002;MMR018;October;2014;0;0
Myanmar;Sagaing;Kanbalu;MMR;MMR005D010;MMR005;October;2014;0;0
Myanmar;Shan-North;Lashio;MMR;MMR015D001;MMR015;October;2014;3;2
Myanmar;Shan-South;Danu Self-Administered Zone;MMR;NA;NA;October;2014;0;0
Myanmar;Tanintharyi;Myeik;MMR;MMR006D002;MMR006;October;2014;0;0
Myanmar;Ayeyarwady;Myaungmya;MMR;MMR017D003;MMR017;November;2014;0;0
Myanmar;Chin;Matupi;MMR;MMR004D004;MMR004;November;2014;0;0
Myanmar;Magway;Magway;MMR;MMR009D001;MMR009;November;2014;0;0
Myanmar;Magway;Minbu;MMR;MMR009D002;MMR009;November;2014;0;0
Myanmar;Sagaing;Hkamti;MMR;MMR005D008;MMR005;November;2014;0;0
Myanmar;Sagaing;Katha;MMR;MMR005D004;MMR005;November;2014;0;0
Myanmar;Sagaing;Shwebo;MMR;MMR005D002;MMR005;November;2014;0;0
Myanmar;Sagaing;Tamu;MMR;MMR005D006;MMR005;November;2014;0;0
Myanmar;Shan-North;Kyaukme;MMR;NA;NA;November;2014;3;0
Myanmar;Shan-North;Matman;MMR;MMR015D007;MMR015;November;2014;0;0
Myanmar;Shan-North;Pa Laung Self-Administered Zone;MMR;NA;NA;November;2014;5;5
Myanmar;Yangon;Yangon-East;MMR;MMR013D002;MMR013;November;2014;0;0
Myanmar;Ayeyarwady;Pathein;MMR;MMR017D001;MMR017;November;2014;0;0
Myanmar;Ayeyarwady;Pyapon;MMR;MMR017D006;MMR017;November;2014;0;0
Myanmar;Bago-East;Taungoo;MMR;MMR007D002;MMR007;November;2014;0;0
Myanmar;Kayah;Loikaw;MMR;MMR002D001;MMR002;November;2014;0;0
Myanmar;Kayin;Kawkareik;MMR;MMR003D003;MMR003;November;2014;0;0
Myanmar;Magway;Thayet;MMR;MMR009D003;MMR009;November;2014;0;0
Myanmar;Mandalay;Kyaukse;MMR;MMR010D003;MMR010;November;2014;0;0
Myanmar;Rakhine;Kyaukpyu;MMR;MMR012D003;MMR012;November;2014;0;0
Myanmar;Shan-East;Monghsat;MMR;MMR016D002;MMR016;November;2014;0;0
Myanmar;Shan-South;Pa-O Self-Administered Zone;MMR;NA;NA;November;2014;0;0
Myanmar;Shan-South;Taunggyi;MMR;MMR014D001;MMR014;November;2014;0;0
Myanmar;Tanintharyi;Dawei;MMR;MMR006D001;MMR006;November;2014;0;0
Myanmar;Yangon;Yangon-North;MMR;MMR013D001;MMR013;November;2014;0;0
Myanmar;Bago-West;Pyay;MMR;MMR008D001;MMR008;November;2014;0;0
Myanmar;Chin;Mindat;MMR;MMR004D002;MMR004;November;2014;0;0
Myanmar;Kachin;Bhamo;MMR;MMR001D003;MMR001;November;2014;5;1
Myanmar;Kachin;Myitkyina;MMR;MMR001D001;MMR001;November;2014;8;24
Myanmar;Magway;Gangaw;MMR;MMR009D005;MMR009;November;2014;0;0
Myanmar;Nay Pyi Taw;Oke Ta Ra;MMR;MMR018D001;MMR018;November;2014;0;0
Myanmar;Rakhine;Thandwe;MMR;MMR012D004;MMR012;November;2014;0;0
Myanmar;Shan-East;Kengtung;MMR;MMR016D001;MMR016;November;2014;0;0
Myanmar;Shan-North;Mongmit;MMR;MMR015D008;MMR015;November;2014;0;0
Myanmar;Yangon;Yangon-South;MMR;MMR013D003;MMR013;November;2014;0;0
Myanmar;Ayeyarwady;Labutta;MMR;MMR017D004;MMR017;November;2014;0;0
Myanmar;Ayeyarwady;Maubin;MMR;MMR017D005;MMR017;November;2014;0;0
Myanmar;Magway;Pakokku;MMR;MMR009D004;MMR009;November;2014;0;0
Myanmar;Mandalay;Myingyan;MMR;MMR010D004;MMR010;November;2014;0;0
Myanmar;Rakhine;Maungdaw;MMR;MMR012D002;MMR012;November;2014;1;1
Myanmar;Rakhine;Mrauk-U;MMR;MMR012D005;MMR012;November;2014;0;0
Myanmar;Shan-North;Hopang;MMR;MMR015D006;MMR015;November;2014;0;0
Myanmar;Shan-North;Kokang Self-Administered Zone;MMR;MMR015D221;MMR015;November;2014;0;0
Myanmar;Shan-North;Muse;MMR;MMR015D002;MMR015;November;2014;7;3
Myanmar;Sagaing;Kale;MMR;MMR005D005;MMR005;November;2014;0;0
Myanmar;Sagaing;Sagaing;MMR;MMR005D001;MMR005;November;2014;0;0
Myanmar;Bago-East;Bago;MMR;MMR007D001;MMR007;November;2014;0;0
Myanmar;Chin;Hakha;MMR;MMR004D003;MMR004;November;2014;0;0
Myanmar;Kachin;Mohnyin;MMR;MMR001D002;MMR001;November;2014;8;6
Myanmar;Kachin;Puta-O;MMR;MMR001D004;MMR001;November;2014;0;0
Myanmar;Kayin;Hpa-An;MMR;MMR003D001;MMR003;November;2014;0;0
Myanmar;Kayin;Myawaddy;MMR;MMR003D002;MMR003;November;2014;0;0
Myanmar;Mandalay;Mandalay;MMR;MMR010D001;MMR010;November;2014;0;0
Myanmar;Mandalay;Meiktila;MMR;MMR010D007;MMR010;November;2014;0;0
Myanmar;Sagaing;Kawlin;MMR;MMR005D011;MMR005;November;2014;0;0
Myanmar;Sagaing;Naga Self-Administered Zone;MMR;NA;NA;November;2014;0;0
Myanmar;Shan-South;Langkho;MMR;MMR014D003;MMR014;November;2014;0;0
Myanmar;Shan-South;Loilen;MMR;MMR014D002;MMR014;November;2014;1;1
Myanmar;Chin;Falam;MMR;MMR004D001;MMR004;November;2014;0;0
Myanmar;Kayin;Hpapun;MMR;MMR003D004;MMR003;November;2014;0;0
Myanmar;Mandalay;Nyaung-U;MMR;MMR010D005;MMR010;November;2014;0;0
Myanmar;Mon;Thaton;MMR;MMR011D002;MMR011;November;2014;0;0
Myanmar;Rakhine;Sittwe;MMR;MMR012D001;MMR012;November;2014;0;0
Myanmar;Sagaing;Mawlaik;MMR;MMR005D007;MMR005;November;2014;0;0
Myanmar;Sagaing;Monywa;MMR;MMR005D003;MMR005;November;2014;0;0
Myanmar;Sagaing;Yinmarbin;MMR;MMR005D009;MMR005;November;2014;0;0
Myanmar;Shan-East;Tachileik;MMR;MMR016D003;MMR016;November;2014;0;0
Myanmar;Tanintharyi;Kawthoung;MMR;MMR006D003;MMR006;November;2014;0;0
Myanmar;Yangon;Yangon-West;MMR;MMR013D004;MMR013;November;2014;0;0
Myanmar;Ayeyarwady;Hinthada;MMR;MMR017D002;MMR017;November;2014;0;0
Myanmar;Bago-West;Thayarwady;MMR;MMR008D002;MMR008;November;2014;0;0
Myanmar;Kayah;Bawlake;MMR;MMR002D002;MMR002;November;2014;0;0
Myanmar;Mandalay;Pyinoolwin;MMR;MMR010D002;MMR010;November;2014;0;0
Myanmar;Mandalay;Yamethin;MMR;MMR010D006;MMR010;November;2014;0;0
Myanmar;Mon;Mawlamyine;MMR;MMR011D001;MMR011;November;2014;0;0
Myanmar;Nay Pyi Taw;Det Khi Na;MMR;MMR018D002;MMR018;November;2014;0;0
Myanmar;Sagaing;Kanbalu;MMR;MMR005D010;MMR005;November;2014;0;0
Myanmar;Shan-North;Lashio;MMR;MMR015D001;MMR015;November;2014;0;0
Myanmar;Shan-South;Danu Self-Administered Zone;MMR;NA;NA;November;2014;0;0
Myanmar;Tanintharyi;Myeik;MMR;MMR006D002;MMR006;November;2014;0;0
Myanmar;Ayeyarwady;Myaungmya;MMR;MMR017D003;MMR017;December;2014;0;0
Myanmar;Chin;Matupi;MMR;MMR004D004;MMR004;December;2014;0;0
Myanmar;Magway;Magway;MMR;MMR009D001;MMR009;December;2014;0;0
Myanmar;Magway;Minbu;MMR;MMR009D002;MMR009;December;2014;0;0
Myanmar;Sagaing;Hkamti;MMR;MMR005D008;MMR005;December;2014;0;0
Myanmar;Sagaing;Katha;MMR;MMR005D004;MMR005;December;2014;0;0
Myanmar;Sagaing;Shwebo;MMR;MMR005D002;MMR005;December;2014;0;0
Myanmar;Sagaing;Tamu;MMR;MMR005D006;MMR005;December;2014;0;0
Myanmar;Shan-North;Kyaukme;MMR;NA;NA;December;2014;4;12
Myanmar;Shan-North;Matman;MMR;MMR015D007;MMR015;December;2014;0;0
Myanmar;Shan-North;Pa Laung Self-Administered Zone;MMR;NA;NA;December;2014;4;9
Myanmar;Yangon;Yangon-East;MMR;MMR013D002;MMR013;December;2014;0;0
Myanmar;Ayeyarwady;Pathein;MMR;MMR017D001;MMR017;December;2014;0;0
Myanmar;Ayeyarwady;Pyapon;MMR;MMR017D006;MMR017;December;2014;0;0
Myanmar;Bago-East;Taungoo;MMR;MMR007D002;MMR007;December;2014;0;0
Myanmar;Kayah;Loikaw;MMR;MMR002D001;MMR002;December;2014;0;0
Myanmar;Kayin;Kawkareik;MMR;MMR003D003;MMR003;December;2014;0;0
Myanmar;Magway;Thayet;MMR;MMR009D003;MMR009;December;2014;0;0
Myanmar;Mandalay;Kyaukse;MMR;MMR010D003;MMR010;December;2014;0;0
Myanmar;Rakhine;Kyaukpyu;MMR;MMR012D003;MMR012;December;2014;0;0
Myanmar;Shan-East;Monghsat;MMR;MMR016D002;MMR016;December;2014;0;0
Myanmar;Shan-South;Pa-O Self-Administered Zone;MMR;NA;NA;December;2014;0;0
Myanmar;Shan-South;Taunggyi;MMR;MMR014D001;MMR014;December;2014;0;0
Myanmar;Tanintharyi;Dawei;MMR;MMR006D001;MMR006;December;2014;0;0
Myanmar;Yangon;Yangon-North;MMR;MMR013D001;MMR013;December;2014;0;0
Myanmar;Bago-West;Pyay;MMR;MMR008D001;MMR008;December;2014;0;0
Myanmar;Chin;Mindat;MMR;MMR004D002;MMR004;December;2014;0;0
Myanmar;Kachin;Bhamo;MMR;MMR001D003;MMR001;December;2014;2;2
Myanmar;Kachin;Myitkyina;MMR;MMR001D001;MMR001;December;2014;1;2
Myanmar;Magway;Gangaw;MMR;MMR009D005;MMR009;December;2014;0;0
Myanmar;Nay Pyi Taw;Oke Ta Ra;MMR;MMR018D001;MMR018;December;2014;0;0
Myanmar;Rakhine;Thandwe;MMR;MMR012D004;MMR012;December;2014;0;0
Myanmar;Shan-East;Kengtung;MMR;MMR016D001;MMR016;December;2014;0;0
Myanmar;Shan-North;Mongmit;MMR;MMR015D008;MMR015;December;2014;0;0
Myanmar;Yangon;Yangon-South;MMR;MMR013D003;MMR013;December;2014;0;0
Myanmar;Ayeyarwady;Labutta;MMR;MMR017D004;MMR017;December;2014;0;0
Myanmar;Ayeyarwady;Maubin;MMR;MMR017D005;MMR017;December;2014;0;0
Myanmar;Magway;Pakokku;MMR;MMR009D004;MMR009;December;2014;0;0
Myanmar;Mandalay;Myingyan;MMR;MMR010D004;MMR010;December;2014;0;0
Myanmar;Rakhine;Maungdaw;MMR;MMR012D002;MMR012;December;2014;1;0
Myanmar;Rakhine;Mrauk-U;MMR;MMR012D005;MMR012;December;2014;0;0
Myanmar;Shan-North;Hopang;MMR;MMR015D006;MMR015;December;2014;0;0
Myanmar;Shan-North;Kokang Self-Administered Zone;MMR;MMR015D221;MMR015;December;2014;0;0
Myanmar;Shan-North;Muse;MMR;MMR015D002;MMR015;December;2014;5;34
Myanmar;Sagaing;Kale;MMR;MMR005D005;MMR005;December;2014;0;0
Myanmar;Sagaing;Sagaing;MMR;MMR005D001;MMR005;December;2014;0;0
Myanmar;Bago-East;Bago;MMR;MMR007D001;MMR007;December;2014;0;0
Myanmar;Chin;Hakha;MMR;MMR004D003;MMR004;December;2014;0;0
Myanmar;Kachin;Mohnyin;MMR;MMR001D002;MMR001;December;2014;2;0
Myanmar;Kachin;Puta-O;MMR;MMR001D004;MMR001;December;2014;0;0
Myanmar;Kayin;Hpa-An;MMR;MMR003D001;MMR003;December;2014;0;0
Myanmar;Kayin;Myawaddy;MMR;MMR003D002;MMR003;December;2014;0;0
Myanmar;Mandalay;Mandalay;MMR;MMR010D001;MMR010;December;2014;0;0
Myanmar;Mandalay;Meiktila;MMR;MMR010D007;MMR010;December;2014;0;0
Myanmar;Sagaing;Kawlin;MMR;MMR005D011;MMR005;December;2014;0;0
Myanmar;Sagaing;Naga Self-Administered Zone;MMR;NA;NA;December;2014;0;0
Myanmar;Shan-South;Langkho;MMR;MMR014D003;MMR014;December;2014;3;5
Myanmar;Shan-South;Loilen;MMR;MMR014D002;MMR014;December;2014;0;0
Myanmar;Chin;Falam;MMR;MMR004D001;MMR004;December;2014;0;0
Myanmar;Kayin;Hpapun;MMR;MMR003D004;MMR003;December;2014;0;0
Myanmar;Mandalay;Nyaung-U;MMR;MMR010D005;MMR010;December;2014;0;0
Myanmar;Mon;Thaton;MMR;MMR011D002;MMR011;December;2014;0;0
Myanmar;Rakhine;Sittwe;MMR;MMR012D001;MMR012;December;2014;0;0
Myanmar;Sagaing;Mawlaik;MMR;MMR005D007;MMR005;December;2014;0;0
Myanmar;Sagaing;Monywa;MMR;MMR005D003;MMR005;December;2014;0;0
Myanmar;Sagaing;Yinmarbin;MMR;MMR005D009;MMR005;December;2014;1;1
Myanmar;Shan-East;Tachileik;MMR;MMR016D003;MMR016;December;2014;0;0
Myanmar;Tanintharyi;Kawthoung;MMR;MMR006D003;MMR006;December;2014;0;0
Myanmar;Yangon;Yangon-West;MMR;MMR013D004;MMR013;December;2014;0;0
Myanmar;Ayeyarwady;Hinthada;MMR;MMR017D002;MMR017;December;2014;0;0
Myanmar;Bago-West;Thayarwady;MMR;MMR008D002;MMR008;December;2014;0;0
Myanmar;Kayah;Bawlake;MMR;MMR002D002;MMR002;December;2014;0;0
Myanmar;Mandalay;Pyinoolwin;MMR;MMR010D002;MMR010;December;2014;0;0
Myanmar;Mandalay;Yamethin;MMR;MMR010D006;MMR010;December;2014;0;0
Myanmar;Mon;Mawlamyine;MMR;MMR011D001;MMR011;December;2014;0;0
Myanmar;Nay Pyi Taw;Det Khi Na;MMR;MMR018D002;MMR018;December;2014;0;0
Myanmar;Sagaing;Kanbalu;MMR;MMR005D010;MMR005;December;2014;0;0
Myanmar;Shan-North;Lashio;MMR;MMR015D001;MMR015;December;2014;5;7
Myanmar;Shan-South;Danu Self-Administered Zone;MMR;NA;NA;December;2014;0;0
Myanmar;Tanintharyi;Myeik;MMR;MMR006D002;MMR006;December;2014;0;0
Myanmar;Ayeyarwady;Myaungmya;MMR;MMR017D003;MMR017;January;2015;0;0
Myanmar;Chin;Matupi;MMR;MMR004D004;MMR004;January;2015;0;0
Myanmar;Magway;Magway;MMR;MMR009D001;MMR009;January;2015;0;0
Myanmar;Magway;Minbu;MMR;MMR009D002;MMR009;January;2015;0;0
Myanmar;Sagaing;Hkamti;MMR;MMR005D008;MMR005;January;2015;0;0
Myanmar;Sagaing;Katha;MMR;MMR005D004;MMR005;January;2015;0;0
Myanmar;Sagaing;Shwebo;MMR;MMR005D002;MMR005;January;2015;0;0
Myanmar;Sagaing;Tamu;MMR;MMR005D006;MMR005;January;2015;0;0
Myanmar;Shan-North;Kyaukme;MMR;NA;NA;January;2015;2;0
Myanmar;Shan-North;Matman;MMR;MMR015D007;MMR015;January;2015;0;0
Myanmar;Shan-North;Pa Laung Self-Administered Zone;MMR;NA;NA;January;2015;0;0
Myanmar;Yangon;Yangon-East;MMR;MMR013D002;MMR013;January;2015;0;0
Myanmar;Ayeyarwady;Pathein;MMR;MMR017D001;MMR017;January;2015;0;0
Myanmar;Ayeyarwady;Pyapon;MMR;MMR017D006;MMR017;January;2015;0;0
Myanmar;Bago-East;Taungoo;MMR;MMR007D002;MMR007;January;2015;0;0
Myanmar;Kayah;Loikaw;MMR;MMR002D001;MMR002;January;2015;0;0
Myanmar;Kayin;Kawkareik;MMR;MMR003D003;MMR003;January;2015;0;0
Myanmar;Magway;Thayet;MMR;MMR009D003;MMR009;January;2015;0;0
Myanmar;Mandalay;Kyaukse;MMR;MMR010D003;MMR010;January;2015;0;0
Myanmar;Rakhine;Kyaukpyu;MMR;MMR012D003;MMR012;January;2015;0;0
Myanmar;Shan-East;Monghsat;MMR;MMR016D002;MMR016;January;2015;0;0
Myanmar;Shan-South;Pa-O Self-Administered Zone;MMR;NA;NA;January;2015;0;0
Myanmar;Shan-South;Taunggyi;MMR;MMR014D001;MMR014;January;2015;0;0
Myanmar;Tanintharyi;Dawei;MMR;MMR006D001;MMR006;January;2015;0;0
Myanmar;Yangon;Yangon-North;MMR;MMR013D001;MMR013;January;2015;0;0
Myanmar;Bago-West;Pyay;MMR;MMR008D001;MMR008;January;2015;0;0
Myanmar;Chin;Mindat;MMR;MMR004D002;MMR004;January;2015;0;0
Myanmar;Kachin;Bhamo;MMR;MMR001D003;MMR001;January;2015;0;0
Myanmar;Kachin;Myitkyina;MMR;MMR001D001;MMR001;January;2015;1;0
Myanmar;Magway;Gangaw;MMR;MMR009D005;MMR009;January;2015;0;0
Myanmar;Nay Pyi Taw;Oke Ta Ra;MMR;MMR018D001;MMR018;January;2015;0;0
Myanmar;Rakhine;Thandwe;MMR;MMR012D004;MMR012;January;2015;0;0
Myanmar;Shan-East;Kengtung;MMR;MMR016D001;MMR016;January;2015;0;0
Myanmar;Shan-North;Mongmit;MMR;MMR015D008;MMR015;January;2015;0;0
Myanmar;Yangon;Yangon-South;MMR;MMR013D003;MMR013;January;2015;0;0
Myanmar;Ayeyarwady;Labutta;MMR;MMR017D004;MMR017;January;2015;0;0
Myanmar;Ayeyarwady;Maubin;MMR;MMR017D005;MMR017;January;2015;0;0
Myanmar;Magway;Pakokku;MMR;MMR009D004;MMR009;January;2015;0;0
Myanmar;Mandalay;Myingyan;MMR;MMR010D004;MMR010;January;2015;0;0
Myanmar;Rakhine;Maungdaw;MMR;MMR012D002;MMR012;January;2015;0;0
Myanmar;Rakhine;Mrauk-U;MMR;MMR012D005;MMR012;January;2015;0;0
Myanmar;Shan-North;Hopang;MMR;MMR015D006;MMR015;January;2015;0;0
Myanmar;Shan-North;Kokang Self-Administered Zone;MMR;MMR015D221;MMR015;January;2015;1;7
Myanmar;Shan-North;Muse;MMR;MMR015D002;MMR015;January;2015;27;11
Myanmar;Sagaing;Kale;MMR;MMR005D005;MMR005;January;2015;0;0
Myanmar;Sagaing;Sagaing;MMR;MMR005D001;MMR005;January;2015;0;0
Myanmar;Bago-East;Bago;MMR;MMR007D001;MMR007;January;2015;0;0
Myanmar;Chin;Hakha;MMR;MMR004D003;MMR004;January;2015;0;0
Myanmar;Kachin;Mohnyin;MMR;MMR001D002;MMR001;January;2015;15;5
Myanmar;Kachin;Puta-O;MMR;MMR001D004;MMR001;January;2015;2;0
Myanmar;Kayin;Hpa-An;MMR;MMR003D001;MMR003;January;2015;0;0
Myanmar;Kayin;Myawaddy;MMR;MMR003D002;MMR003;January;2015;0;0
Myanmar;Mandalay;Mandalay;MMR;MMR010D001;MMR010;January;2015;0;0
Myanmar;Mandalay;Meiktila;MMR;MMR010D007;MMR010;January;2015;0;0
Myanmar;Sagaing;Kawlin;MMR;MMR005D011;MMR005;January;2015;0;0
Myanmar;Sagaing;Naga Self-Administered Zone;MMR;NA;NA;January;2015;0;0
Myanmar;Shan-South;Langkho;MMR;MMR014D003;MMR014;January;2015;1;1
Myanmar;Shan-South;Loilen;MMR;MMR014D002;MMR014;January;2015;1;6
Myanmar;Chin;Falam;MMR;MMR004D001;MMR004;January;2015;0;0
Myanmar;Kayin;Hpapun;MMR;MMR003D004;MMR003;January;2015;0;0
Myanmar;Mandalay;Nyaung-U;MMR;MMR010D005;MMR010;January;2015;0;0
Myanmar;Mon;Thaton;MMR;MMR011D002;MMR011;January;2015;0;0
Myanmar;Rakhine;Sittwe;MMR;MMR012D001;MMR012;January;2015;0;0
Myanmar;Sagaing;Mawlaik;MMR;MMR005D007;MMR005;January;2015;0;0
Myanmar;Sagaing;Monywa;MMR;MMR005D003;MMR005;January;2015;0;0
Myanmar;Sagaing;Yinmarbin;MMR;MMR005D009;MMR005;January;2015;0;0
Myanmar;Shan-East;Tachileik;MMR;MMR016D003;MMR016;January;2015;0;0
Myanmar;Tanintharyi;Kawthoung;MMR;MMR006D003;MMR006;January;2015;0;0
Myanmar;Yangon;Yangon-West;MMR;MMR013D004;MMR013;January;2015;0;0
Myanmar;Ayeyarwady;Hinthada;MMR;MMR017D002;MMR017;January;2015;0;0
Myanmar;Bago-West;Thayarwady;MMR;MMR008D002;MMR008;January;2015;0;0
Myanmar;Kayah;Bawlake;MMR;MMR002D002;MMR002;January;2015;0;0
Myanmar;Mandalay;Pyinoolwin;MMR;MMR010D002;MMR010;January;2015;2;0
Myanmar;Mandalay;Yamethin;MMR;MMR010D006;MMR010;January;2015;0;0
Myanmar;Mon;Mawlamyine;MMR;MMR011D001;MMR011;January;2015;0;0
Myanmar;Nay Pyi Taw;Det Khi Na;MMR;MMR018D002;MMR018;January;2015;0;0
Myanmar;Sagaing;Kanbalu;MMR;MMR005D010;MMR005;January;2015;0;0
Myanmar;Shan-North;Lashio;MMR;MMR015D001;MMR015;January;2015;1;0
Myanmar;Shan-South;Danu Self-Administered Zone;MMR;NA;NA;January;2015;0;0
Myanmar;Tanintharyi;Myeik;MMR;MMR006D002;MMR006;January;2015;0;0
Myanmar;Ayeyarwady;Myaungmya;MMR;MMR017D003;MMR017;February;2015;0;0
Myanmar;Chin;Matupi;MMR;MMR004D004;MMR004;February;2015;0;0
Myanmar;Magway;Magway;MMR;MMR009D001;MMR009;February;2015;0;0
Myanmar;Magway;Minbu;MMR;MMR009D002;MMR009;February;2015;0;0
Myanmar;Sagaing;Hkamti;MMR;MMR005D008;MMR005;February;2015;0;0
Myanmar;Sagaing;Katha;MMR;MMR005D004;MMR005;February;2015;0;0
Myanmar;Sagaing;Shwebo;MMR;MMR005D002;MMR005;February;2015;0;0
Myanmar;Sagaing;Tamu;MMR;MMR005D006;MMR005;February;2015;0;0
Myanmar;Shan-North;Kyaukme;MMR;NA;NA;February;2015;6;1
Myanmar;Shan-North;Matman;MMR;MMR015D007;MMR015;February;2015;0;0
Myanmar;Shan-North;Pa Laung Self-Administered Zone;MMR;NA;NA;February;2015;0;0
Myanmar;Yangon;Yangon-East;MMR;MMR013D002;MMR013;February;2015;0;0
Myanmar;Ayeyarwady;Pathein;MMR;MMR017D001;MMR017;February;2015;0;0
Myanmar;Ayeyarwady;Pyapon;MMR;MMR017D006;MMR017;February;2015;0;0
Myanmar;Bago-East;Taungoo;MMR;MMR007D002;MMR007;February;2015;0;0
Myanmar;Kayah;Loikaw;MMR;MMR002D001;MMR002;February;2015;0;0
Myanmar;Kayin;Kawkareik;MMR;MMR003D003;MMR003;February;2015;0;0
Myanmar;Magway;Thayet;MMR;MMR009D003;MMR009;February;2015;0;0
Myanmar;Mandalay;Kyaukse;MMR;MMR010D003;MMR010;February;2015;0;0
Myanmar;Rakhine;Kyaukpyu;MMR;MMR012D003;MMR012;February;2015;0;0
Myanmar;Shan-East;Monghsat;MMR;MMR016D002;MMR016;February;2015;0;0
Myanmar;Shan-South;Pa-O Self-Administered Zone;MMR;NA;NA;February;2015;0;0
Myanmar;Shan-South;Taunggyi;MMR;MMR014D001;MMR014;February;2015;0;0
Myanmar;Tanintharyi;Dawei;MMR;MMR006D001;MMR006;February;2015;0;0
Myanmar;Yangon;Yangon-North;MMR;MMR013D001;MMR013;February;2015;0;0
Myanmar;Bago-West;Pyay;MMR;MMR008D001;MMR008;February;2015;0;0
Myanmar;Chin;Mindat;MMR;MMR004D002;MMR004;February;2015;0;0
Myanmar;Kachin;Bhamo;MMR;MMR001D003;MMR001;February;2015;0;0
Myanmar;Kachin;Myitkyina;MMR;MMR001D001;MMR001;February;2015;4;0
Myanmar;Magway;Gangaw;MMR;MMR009D005;MMR009;February;2015;0;0
Myanmar;Nay Pyi Taw;Oke Ta Ra;MMR;MMR018D001;MMR018;February;2015;0;0
Myanmar;Rakhine;Thandwe;MMR;MMR012D004;MMR012;February;2015;0;0
Myanmar;Shan-East;Kengtung;MMR;MMR016D001;MMR016;February;2015;0;0
Myanmar;Shan-North;Mongmit;MMR;MMR015D008;MMR015;February;2015;4;19
Myanmar;Yangon;Yangon-South;MMR;MMR013D003;MMR013;February;2015;0;0
Myanmar;Ayeyarwady;Labutta;MMR;MMR017D004;MMR017;February;2015;0;0
Myanmar;Ayeyarwady;Maubin;MMR;MMR017D005;MMR017;February;2015;0;0
Myanmar;Magway;Pakokku;MMR;MMR009D004;MMR009;February;2015;0;0
Myanmar;Mandalay;Myingyan;MMR;MMR010D004;MMR010;February;2015;0;0
Myanmar;Rakhine;Maungdaw;MMR;MMR012D002;MMR012;February;2015;0;0
Myanmar;Rakhine;Mrauk-U;MMR;MMR012D005;MMR012;February;2015;0;0
Myanmar;Shan-North;Hopang;MMR;MMR015D006;MMR015;February;2015;0;0
Myanmar;Shan-North;Kokang Self-Administered Zone;MMR;MMR015D221;MMR015;February;2015;45;301
Myanmar;Shan-North;Muse;MMR;MMR015D002;MMR015;February;2015;7;12
Myanmar;Sagaing;Kale;MMR;MMR005D005;MMR005;February;2015;0;0
Myanmar;Sagaing;Sagaing;MMR;MMR005D001;MMR005;February;2015;0;0
Myanmar;Bago-East;Bago;MMR;MMR007D001;MMR007;February;2015;0;0
Myanmar;Chin;Hakha;MMR;MMR004D003;MMR004;February;2015;0;0
Myanmar;Kachin;Mohnyin;MMR;MMR001D002;MMR001;February;2015;2;0
Myanmar;Kachin;Puta-O;MMR;MMR001D004;MMR001;February;2015;0;0
Myanmar;Kayin;Hpa-An;MMR;MMR003D001;MMR003;February;2015;0;0
Myanmar;Kayin;Myawaddy;MMR;MMR003D002;MMR003;February;2015;1;0
Myanmar;Mandalay;Mandalay;MMR;MMR010D001;MMR010;February;2015;0;0
Myanmar;Mandalay;Meiktila;MMR;MMR010D007;MMR010;February;2015;0;0
Myanmar;Sagaing;Kawlin;MMR;MMR005D011;MMR005;February;2015;0;0
Myanmar;Sagaing;Naga Self-Administered Zone;MMR;NA;NA;February;2015;0;0
Myanmar;Shan-South;Langkho;MMR;MMR014D003;MMR014;February;2015;1;0
Myanmar;Shan-South;Loilen;MMR;MMR014D002;MMR014;February;2015;0;0
Myanmar;Chin;Falam;MMR;MMR004D001;MMR004;February;2015;0;0
Myanmar;Kayin;Hpapun;MMR;MMR003D004;MMR003;February;2015;3;1
Myanmar;Mandalay;Nyaung-U;MMR;MMR010D005;MMR010;February;2015;0;0
Myanmar;Mon;Thaton;MMR;MMR011D002;MMR011;February;2015;0;0
Myanmar;Rakhine;Sittwe;MMR;MMR012D001;MMR012;February;2015;0;0
Myanmar;Sagaing;Mawlaik;MMR;MMR005D007;MMR005;February;2015;0;0
Myanmar;Sagaing;Monywa;MMR;MMR005D003;MMR005;February;2015;0;0
Myanmar;Sagaing;Yinmarbin;MMR;MMR005D009;MMR005;February;2015;0;0
Myanmar;Shan-East;Tachileik;MMR;MMR016D003;MMR016;February;2015;0;0
Myanmar;Tanintharyi;Kawthoung;MMR;MMR006D003;MMR006;February;2015;0;0
Myanmar;Yangon;Yangon-West;MMR;MMR013D004;MMR013;February;2015;0;0
Myanmar;Ayeyarwady;Hinthada;MMR;MMR017D002;MMR017;February;2015;0;0
Myanmar;Bago-West;Thayarwady;MMR;MMR008D002;MMR008;February;2015;0;0
Myanmar;Kayah;Bawlake;MMR;MMR002D002;MMR002;February;2015;0;0
Myanmar;Mandalay;Pyinoolwin;MMR;MMR010D002;MMR010;February;2015;0;0
Myanmar;Mandalay;Yamethin;MMR;MMR010D006;MMR010;February;2015;0;0
Myanmar;Mon;Mawlamyine;MMR;MMR011D001;MMR011;February;2015;0;0
Myanmar;Nay Pyi Taw;Det Khi Na;MMR;MMR018D002;MMR018;February;2015;0;0
Myanmar;Sagaing;Kanbalu;MMR;MMR005D010;MMR005;February;2015;0;0
Myanmar;Shan-North;Lashio;MMR;MMR015D001;MMR015;February;2015;10;6
Myanmar;Shan-South;Danu Self-Administered Zone;MMR;NA;NA;February;2015;0;0
Myanmar;Tanintharyi;Myeik;MMR;MMR006D002;MMR006;February;2015;0;0
Myanmar;Ayeyarwady;Myaungmya;MMR;MMR017D003;MMR017;March;2015;0;0
Myanmar;Chin;Matupi;MMR;MMR004D004;MMR004;March;2015;6;1
Myanmar;Magway;Magway;MMR;MMR009D001;MMR009;March;2015;0;0
Myanmar;Magway;Minbu;MMR;MMR009D002;MMR009;March;2015;0;0
Myanmar;Sagaing;Hkamti;MMR;MMR005D008;MMR005;March;2015;0;0
Myanmar;Sagaing;Katha;MMR;MMR005D004;MMR005;March;2015;0;0
Myanmar;Sagaing;Shwebo;MMR;MMR005D002;MMR005;March;2015;0;0
Myanmar;Sagaing;Tamu;MMR;MMR005D006;MMR005;March;2015;0;0
Myanmar;Shan-North;Kyaukme;MMR;NA;NA;March;2015;3;0
Myanmar;Shan-North;Matman;MMR;MMR015D007;MMR015;March;2015;0;0
Myanmar;Shan-North;Pa Laung Self-Administered Zone;MMR;NA;NA;March;2015;3;0
Myanmar;Yangon;Yangon-East;MMR;MMR013D002;MMR013;March;2015;0;0
Myanmar;Ayeyarwady;Pathein;MMR;MMR017D001;MMR017;March;2015;0;0
Myanmar;Ayeyarwady;Pyapon;MMR;MMR017D006;MMR017;March;2015;0;0
Myanmar;Bago-East;Taungoo;MMR;MMR007D002;MMR007;March;2015;0;0
Myanmar;Kayah;Loikaw;MMR;MMR002D001;MMR002;March;2015;0;0
Myanmar;Kayin;Kawkareik;MMR;MMR003D003;MMR003;March;2015;1;0
Myanmar;Magway;Thayet;MMR;MMR009D003;MMR009;March;2015;0;0
Myanmar;Mandalay;Kyaukse;MMR;MMR010D003;MMR010;March;2015;0;0
Myanmar;Rakhine;Kyaukpyu;MMR;MMR012D003;MMR012;March;2015;0;0
Myanmar;Shan-East;Monghsat;MMR;MMR016D002;MMR016;March;2015;0;0
Myanmar;Shan-South;Pa-O Self-Administered Zone;MMR;NA;NA;March;2015;0;0
Myanmar;Shan-South;Taunggyi;MMR;MMR014D001;MMR014;March;2015;0;0
Myanmar;Tanintharyi;Dawei;MMR;MMR006D001;MMR006;March;2015;0;0
Myanmar;Yangon;Yangon-North;MMR;MMR013D001;MMR013;March;2015;0;0
Myanmar;Bago-West;Pyay;MMR;MMR008D001;MMR008;March;2015;0;0
Myanmar;Chin;Mindat;MMR;MMR004D002;MMR004;March;2015;0;0
Myanmar;Kachin;Bhamo;MMR;MMR001D003;MMR001;March;2015;10;5
Myanmar;Kachin;Myitkyina;MMR;MMR001D001;MMR001;March;2015;5;0
Myanmar;Magway;Gangaw;MMR;MMR009D005;MMR009;March;2015;0;0
Myanmar;Nay Pyi Taw;Oke Ta Ra;MMR;MMR018D001;MMR018;March;2015;0;0
Myanmar;Rakhine;Thandwe;MMR;MMR012D004;MMR012;March;2015;0;0
Myanmar;Shan-East;Kengtung;MMR;MMR016D001;MMR016;March;2015;1;0
Myanmar;Shan-North;Mongmit;MMR;MMR015D008;MMR015;March;2015;2;0
Myanmar;Yangon;Yangon-South;MMR;MMR013D003;MMR013;March;2015;0;0
Myanmar;Ayeyarwady;Labutta;MMR;MMR017D004;MMR017;March;2015;0;0
Myanmar;Ayeyarwady;Maubin;MMR;MMR017D005;MMR017;March;2015;0;0
Myanmar;Magway;Pakokku;MMR;MMR009D004;MMR009;March;2015;0;0
Myanmar;Mandalay;Myingyan;MMR;MMR010D004;MMR010;March;2015;0;0
Myanmar;Rakhine;Maungdaw;MMR;MMR012D002;MMR012;March;2015;0;0
Myanmar;Rakhine;Mrauk-U;MMR;MMR012D005;MMR012;March;2015;0;0
Myanmar;Shan-North;Hopang;MMR;MMR015D006;MMR015;March;2015;0;0
Myanmar;Shan-North;Kokang Self-Administered Zone;MMR;MMR015D221;MMR015;March;2015;28;217
Myanmar;Shan-North;Muse;MMR;MMR015D002;MMR015;March;2015;20;10
Myanmar;Sagaing;Kale;MMR;MMR005D005;MMR005;March;2015;0;0
Myanmar;Sagaing;Sagaing;MMR;MMR005D001;MMR005;March;2015;0;0
Myanmar;Bago-East;Bago;MMR;MMR007D001;MMR007;March;2015;0;0
Myanmar;Chin;Hakha;MMR;MMR004D003;MMR004;March;2015;0;0
Myanmar;Kachin;Mohnyin;MMR;MMR001D002;MMR001;March;2015;0;0
Myanmar;Kachin;Puta-O;MMR;MMR001D004;MMR001;March;2015;0;0
Myanmar;Kayin;Hpa-An;MMR;MMR003D001;MMR003;March;2015;0;0
Myanmar;Kayin;Myawaddy;MMR;MMR003D002;MMR003;March;2015;0;0
Myanmar;Mandalay;Mandalay;MMR;MMR010D001;MMR010;March;2015;0;0
Myanmar;Mandalay;Meiktila;MMR;MMR010D007;MMR010;March;2015;0;0
Myanmar;Sagaing;Kawlin;MMR;MMR005D011;MMR005;March;2015;0;0
Myanmar;Sagaing;Naga Self-Administered Zone;MMR;NA;NA;March;2015;0;0
Myanmar;Shan-South;Langkho;MMR;MMR014D003;MMR014;March;2015;0;0
Myanmar;Shan-South;Loilen;MMR;MMR014D002;MMR014;March;2015;0;0
Myanmar;Chin;Falam;MMR;MMR004D001;MMR004;March;2015;0;0
Myanmar;Kayin;Hpapun;MMR;MMR003D004;MMR003;March;2015;0;0
Myanmar;Mandalay;Nyaung-U;MMR;MMR010D005;MMR010;March;2015;0;0
Myanmar;Mon;Thaton;MMR;MMR011D002;MMR011;March;2015;0;0
Myanmar;Rakhine;Sittwe;MMR;MMR012D001;MMR012;March;2015;0;0
Myanmar;Sagaing;Mawlaik;MMR;MMR005D007;MMR005;March;2015;0;0
Myanmar;Sagaing;Monywa;MMR;MMR005D003;MMR005;March;2015;0;0
Myanmar;Sagaing;Yinmarbin;MMR;MMR005D009;MMR005;March;2015;0;0
Myanmar;Shan-East;Tachileik;MMR;MMR016D003;MMR016;March;2015;0;0
Myanmar;Tanintharyi;Kawthoung;MMR;MMR006D003;MMR006;March;2015;0;0
Myanmar;Yangon;Yangon-West;MMR;MMR013D004;MMR013;March;2015;0;0
Myanmar;Ayeyarwady;Hinthada;MMR;MMR017D002;MMR017;March;2015;0;0
Myanmar;Bago-West;Thayarwady;MMR;MMR008D002;MMR008;March;2015;0;0
Myanmar;Kayah;Bawlake;MMR;MMR002D002;MMR002;March;2015;0;0
Myanmar;Mandalay;Pyinoolwin;MMR;MMR010D002;MMR010;March;2015;0;0
Myanmar;Mandalay;Yamethin;MMR;MMR010D006;MMR010;March;2015;0;0
Myanmar;Mon;Mawlamyine;MMR;MMR011D001;MMR011;March;2015;0;0
Myanmar;Nay Pyi Taw;Det Khi Na;MMR;MMR018D002;MMR018;March;2015;0;0
Myanmar;Sagaing;Kanbalu;MMR;MMR005D010;MMR005;March;2015;0;0
Myanmar;Shan-North;Lashio;MMR;MMR015D001;MMR015;March;2015;1;0
Myanmar;Shan-South;Danu Self-Administered Zone;MMR;NA;NA;March;2015;0;0
Myanmar;Tanintharyi;Myeik;MMR;MMR006D002;MMR006;March;2015;0;0
Myanmar;Ayeyarwady;Myaungmya;MMR;MMR017D003;MMR017;April;2015;0;0
Myanmar;Chin;Matupi;MMR;MMR004D004;MMR004;April;2015;3;0
Myanmar;Magway;Magway;MMR;MMR009D001;MMR009;April;2015;0;0
Myanmar;Magway;Minbu;MMR;MMR009D002;MMR009;April;2015;0;0
Myanmar;Sagaing;Hkamti;MMR;MMR005D008;MMR005;April;2015;0;0
Myanmar;Sagaing;Katha;MMR;MMR005D004;MMR005;April;2015;0;0
Myanmar;Sagaing;Shwebo;MMR;MMR005D002;MMR005;April;2015;0;0
Myanmar;Sagaing;Tamu;MMR;MMR005D006;MMR005;April;2015;0;0
Myanmar;Shan-North;Kyaukme;MMR;NA;NA;April;2015;2;0
Myanmar;Shan-North;Matman;MMR;MMR015D007;MMR015;April;2015;0;0
Myanmar;Shan-North;Pa Laung Self-Administered Zone;MMR;NA;NA;April;2015;1;0
Myanmar;Yangon;Yangon-East;MMR;MMR013D002;MMR013;April;2015;0;0
Myanmar;Ayeyarwady;Pathein;MMR;MMR017D001;MMR017;April;2015;0;0
Myanmar;Ayeyarwady;Pyapon;MMR;MMR017D006;MMR017;April;2015;0;0
Myanmar;Bago-East;Taungoo;MMR;MMR007D002;MMR007;April;2015;0;0
Myanmar;Kayah;Loikaw;MMR;MMR002D001;MMR002;April;2015;0;0
Myanmar;Kayin;Kawkareik;MMR;MMR003D003;MMR003;April;2015;0;0
Myanmar;Magway;Thayet;MMR;MMR009D003;MMR009;April;2015;0;0
Myanmar;Mandalay;Kyaukse;MMR;MMR010D003;MMR010;April;2015;0;0
Myanmar;Rakhine;Kyaukpyu;MMR;MMR012D003;MMR012;April;2015;0;0
Myanmar;Shan-East;Monghsat;MMR;MMR016D002;MMR016;April;2015;0;0
Myanmar;Shan-South;Pa-O Self-Administered Zone;MMR;NA;NA;April;2015;0;0
Myanmar;Shan-South;Taunggyi;MMR;MMR014D001;MMR014;April;2015;1;0
Myanmar;Tanintharyi;Dawei;MMR;MMR006D001;MMR006;April;2015;0;0
Myanmar;Yangon;Yangon-North;MMR;MMR013D001;MMR013;April;2015;0;0
Myanmar;Bago-West;Pyay;MMR;MMR008D001;MMR008;April;2015;0;0
Myanmar;Chin;Mindat;MMR;MMR004D002;MMR004;April;2015;0;0
Myanmar;Kachin;Bhamo;MMR;MMR001D003;MMR001;April;2015;2;0
Myanmar;Kachin;Myitkyina;MMR;MMR001D001;MMR001;April;2015;6;47
Myanmar;Magway;Gangaw;MMR;MMR009D005;MMR009;April;2015;0;0
Myanmar;Nay Pyi Taw;Oke Ta Ra;MMR;MMR018D001;MMR018;April;2015;0;0
Myanmar;Rakhine;Thandwe;MMR;MMR012D004;MMR012;April;2015;0;0
Myanmar;Shan-East;Kengtung;MMR;MMR016D001;MMR016;April;2015;0;0
Myanmar;Shan-North;Mongmit;MMR;MMR015D008;MMR015;April;2015;1;0
Myanmar;Yangon;Yangon-South;MMR;MMR013D003;MMR013;April;2015;0;0
Myanmar;Ayeyarwady;Labutta;MMR;MMR017D004;MMR017;April;2015;0;0
Myanmar;Ayeyarwady;Maubin;MMR;MMR017D005;MMR017;April;2015;0;0
Myanmar;Magway;Pakokku;MMR;MMR009D004;MMR009;April;2015;0;0
Myanmar;Mandalay;Myingyan;MMR;MMR010D004;MMR010;April;2015;0;0
Myanmar;Rakhine;Maungdaw;MMR;MMR012D002;MMR012;April;2015;0;0
Myanmar;Rakhine;Mrauk-U;MMR;MMR012D005;MMR012;April;2015;6;0
Myanmar;Shan-North;Hopang;MMR;MMR015D006;MMR015;April;2015;0;0
Myanmar;Shan-North;Kokang Self-Administered Zone;MMR;MMR015D221;MMR015;April;2015;21;149
Myanmar;Shan-North;Muse;MMR;MMR015D002;MMR015;April;2015;11;7
Myanmar;Sagaing;Kale;MMR;MMR005D005;MMR005;April;2015;0;0
Myanmar;Sagaing;Sagaing;MMR;MMR005D001;MMR005;April;2015;0;0
Myanmar;Bago-East;Bago;MMR;MMR007D001;MMR007;April;2015;0;0
Myanmar;Chin;Hakha;MMR;MMR004D003;MMR004;April;2015;0;0
Myanmar;Kachin;Mohnyin;MMR;MMR001D002;MMR001;April;2015;9;9
Myanmar;Kachin;Puta-O;MMR;MMR001D004;MMR001;April;2015;0;0
Myanmar;Kayin;Hpa-An;MMR;MMR003D001;MMR003;April;2015;1;0
Myanmar;Kayin;Myawaddy;MMR;MMR003D002;MMR003;April;2015;0;0
Myanmar;Mandalay;Mandalay;MMR;MMR010D001;MMR010;April;2015;0;0
Myanmar;Mandalay;Meiktila;MMR;MMR010D007;MMR010;April;2015;0;0
Myanmar;Sagaing;Kawlin;MMR;MMR005D011;MMR005;April;2015;0;0
Myanmar;Sagaing;Naga Self-Administered Zone;MMR;NA;NA;April;2015;0;0
Myanmar;Shan-South;Langkho;MMR;MMR014D003;MMR014;April;2015;0;0
Myanmar;Shan-South;Loilen;MMR;MMR014D002;MMR014;April;2015;2;0
Myanmar;Chin;Falam;MMR;MMR004D001;MMR004;April;2015;0;0
Myanmar;Kayin;Hpapun;MMR;MMR003D004;MMR003;April;2015;1;0
Myanmar;Mandalay;Nyaung-U;MMR;MMR010D005;MMR010;April;2015;0;0
Myanmar;Mon;Thaton;MMR;MMR011D002;MMR011;April;2015;0;0
Myanmar;Rakhine;Sittwe;MMR;MMR012D001;MMR012;April;2015;0;0
Myanmar;Sagaing;Mawlaik;MMR;MMR005D007;MMR005;April;2015;0;0
Myanmar;Sagaing;Monywa;MMR;MMR005D003;MMR005;April;2015;0;0
Myanmar;Sagaing;Yinmarbin;MMR;MMR005D009;MMR005;April;2015;0;0
Myanmar;Shan-East;Tachileik;MMR;MMR016D003;MMR016;April;2015;0;0
Myanmar;Tanintharyi;Kawthoung;MMR;MMR006D003;MMR006;April;2015;0;0
Myanmar;Yangon;Yangon-West;MMR;MMR013D004;MMR013;April;2015;0;0
Myanmar;Ayeyarwady;Hinthada;MMR;MMR017D002;MMR017;April;2015;0;0
Myanmar;Bago-West;Thayarwady;MMR;MMR008D002;MMR008;April;2015;0;0
Myanmar;Kayah;Bawlake;MMR;MMR002D002;MMR002;April;2015;0;0
Myanmar;Mandalay;Pyinoolwin;MMR;MMR010D002;MMR010;April;2015;0;0
Myanmar;Mandalay;Yamethin;MMR;MMR010D006;MMR010;April;2015;0;0
Myanmar;Mon;Mawlamyine;MMR;MMR011D001;MMR011;April;2015;0;0
Myanmar;Nay Pyi Taw;Det Khi Na;MMR;MMR018D002;MMR018;April;2015;0;0
Myanmar;Sagaing;Kanbalu;MMR;MMR005D010;MMR005;April;2015;0;0
Myanmar;Shan-North;Lashio;MMR;MMR015D001;MMR015;April;2015;2;7
Myanmar;Shan-South;Danu Self-Administered Zone;MMR;NA;NA;April;2015;0;0
Myanmar;Tanintharyi;Myeik;MMR;MMR006D002;MMR006;April;2015;0;0
Myanmar;Ayeyarwady;Myaungmya;MMR;MMR017D003;MMR017;May;2015;0;0
Myanmar;Chin;Matupi;MMR;MMR004D004;MMR004;May;2015;0;0
Myanmar;Magway;Magway;MMR;MMR009D001;MMR009;May;2015;0;0
Myanmar;Magway;Minbu;MMR;MMR009D002;MMR009;May;2015;0;0
Myanmar;Sagaing;Hkamti;MMR;MMR005D008;MMR005;May;2015;0;0
Myanmar;Sagaing;Katha;MMR;MMR005D004;MMR005;May;2015;0;0
Myanmar;Sagaing;Shwebo;MMR;MMR005D002;MMR005;May;2015;0;0
Myanmar;Sagaing;Tamu;MMR;MMR005D006;MMR005;May;2015;0;0
Myanmar;Shan-North;Kyaukme;MMR;NA;NA;May;2015;7;6
Myanmar;Shan-North;Matman;MMR;MMR015D007;MMR015;May;2015;0;0
Myanmar;Shan-North;Pa Laung Self-Administered Zone;MMR;NA;NA;May;2015;0;0
Myanmar;Yangon;Yangon-East;MMR;MMR013D002;MMR013;May;2015;0;0
Myanmar;Ayeyarwady;Pathein;MMR;MMR017D001;MMR017;May;2015;0;0
Myanmar;Ayeyarwady;Pyapon;MMR;MMR017D006;MMR017;May;2015;0;0
Myanmar;Bago-East;Taungoo;MMR;MMR007D002;MMR007;May;2015;0;0
Myanmar;Kayah;Loikaw;MMR;MMR002D001;MMR002;May;2015;0;0
Myanmar;Kayin;Kawkareik;MMR;MMR003D003;MMR003;May;2015;0;0
Myanmar;Magway;Thayet;MMR;MMR009D003;MMR009;May;2015;0;0
Myanmar;Mandalay;Kyaukse;MMR;MMR010D003;MMR010;May;2015;0;0
Myanmar;Rakhine;Kyaukpyu;MMR;MMR012D003;MMR012;May;2015;0;0
Myanmar;Shan-East;Monghsat;MMR;MMR016D002;MMR016;May;2015;0;0
Myanmar;Shan-South;Pa-O Self-Administered Zone;MMR;NA;NA;May;2015;0;0
Myanmar;Shan-South;Taunggyi;MMR;MMR014D001;MMR014;May;2015;0;0
Myanmar;Tanintharyi;Dawei;MMR;MMR006D001;MMR006;May;2015;0;0
Myanmar;Yangon;Yangon-North;MMR;MMR013D001;MMR013;May;2015;0;0
Myanmar;Bago-West;Pyay;MMR;MMR008D001;MMR008;May;2015;0;0
Myanmar;Chin;Mindat;MMR;MMR004D002;MMR004;May;2015;0;0
Myanmar;Kachin;Bhamo;MMR;MMR001D003;MMR001;May;2015;15;5
Myanmar;Kachin;Myitkyina;MMR;MMR001D001;MMR001;May;2015;1;0
Myanmar;Magway;Gangaw;MMR;MMR009D005;MMR009;May;2015;0;0
Myanmar;Nay Pyi Taw;Oke Ta Ra;MMR;MMR018D001;MMR018;May;2015;0;0
Myanmar;Rakhine;Thandwe;MMR;MMR012D004;MMR012;May;2015;0;0
Myanmar;Shan-East;Kengtung;MMR;MMR016D001;MMR016;May;2015;0;0
Myanmar;Shan-North;Mongmit;MMR;MMR015D008;MMR015;May;2015;0;0
Myanmar;Yangon;Yangon-South;MMR;MMR013D003;MMR013;May;2015;0;0
Myanmar;Ayeyarwady;Labutta;MMR;MMR017D004;MMR017;May;2015;0;0
Myanmar;Ayeyarwady;Maubin;MMR;MMR017D005;MMR017;May;2015;0;0
Myanmar;Magway;Pakokku;MMR;MMR009D004;MMR009;May;2015;0;0
Myanmar;Mandalay;Myingyan;MMR;MMR010D004;MMR010;May;2015;0;0
Myanmar;Rakhine;Maungdaw;MMR;MMR012D002;MMR012;May;2015;0;0
Myanmar;Rakhine;Mrauk-U;MMR;MMR012D005;MMR012;May;2015;0;0
Myanmar;Shan-North;Hopang;MMR;MMR015D006;MMR015;May;2015;0;0
Myanmar;Shan-North;Kokang Self-Administered Zone;MMR;MMR015D221;MMR015;May;2015;13;77
Myanmar;Shan-North;Muse;MMR;MMR015D002;MMR015;May;2015;8;7
Myanmar;Sagaing;Kale;MMR;MMR005D005;MMR005;May;2015;0;0
Myanmar;Sagaing;Sagaing;MMR;MMR005D001;MMR005;May;2015;0;0
Myanmar;Bago-East;Bago;MMR;MMR007D001;MMR007;May;2015;0;0
Myanmar;Chin;Hakha;MMR;MMR004D003;MMR004;May;2015;0;0
Myanmar;Kachin;Mohnyin;MMR;MMR001D002;MMR001;May;2015;2;0
Myanmar;Kachin;Puta-O;MMR;MMR001D004;MMR001;May;2015;1;1
Myanmar;Kayin;Hpa-An;MMR;MMR003D001;MMR003;May;2015;0;0
Myanmar;Kayin;Myawaddy;MMR;MMR003D002;MMR003;May;2015;0;0
Myanmar;Mandalay;Mandalay;MMR;MMR010D001;MMR010;May;2015;0;0
Myanmar;Mandalay;Meiktila;MMR;MMR010D007;MMR010;May;2015;0;0
Myanmar;Sagaing;Kawlin;MMR;MMR005D011;MMR005;May;2015;0;0
Myanmar;Sagaing;Naga Self-Administered Zone;MMR;NA;NA;May;2015;0;0
Myanmar;Shan-South;Langkho;MMR;MMR014D003;MMR014;May;2015;1;0
Myanmar;Shan-South;Loilen;MMR;MMR014D002;MMR014;May;2015;0;0
Myanmar;Chin;Falam;MMR;MMR004D001;MMR004;May;2015;0;0
Myanmar;Kayin;Hpapun;MMR;MMR003D004;MMR003;May;2015;1;0
Myanmar;Mandalay;Nyaung-U;MMR;MMR010D005;MMR010;May;2015;0;0
Myanmar;Mon;Thaton;MMR;MMR011D002;MMR011;May;2015;0;0
Myanmar;Rakhine;Sittwe;MMR;MMR012D001;MMR012;May;2015;0;0
Myanmar;Sagaing;Mawlaik;MMR;MMR005D007;MMR005;May;2015;0;0
Myanmar;Sagaing;Monywa;MMR;MMR005D003;MMR005;May;2015;0;0
Myanmar;Sagaing;Yinmarbin;MMR;MMR005D009;MMR005;May;2015;0;0
Myanmar;Shan-East;Tachileik;MMR;MMR016D003;MMR016;May;2015;0;0
Myanmar;Tanintharyi;Kawthoung;MMR;MMR006D003;MMR006;May;2015;0;0
Myanmar;Yangon;Yangon-West;MMR;MMR013D004;MMR013;May;2015;0;0
Myanmar;Ayeyarwady;Hinthada;MMR;MMR017D002;MMR017;May;2015;0;0
Myanmar;Bago-West;Thayarwady;MMR;MMR008D002;MMR008;May;2015;0;0
Myanmar;Kayah;Bawlake;MMR;MMR002D002;MMR002;May;2015;0;0
Myanmar;Mandalay;Pyinoolwin;MMR;MMR010D002;MMR010;May;2015;1;0
Myanmar;Mandalay;Yamethin;MMR;MMR010D006;MMR010;May;2015;0;0
Myanmar;Mon;Mawlamyine;MMR;MMR011D001;MMR011;May;2015;0;0
Myanmar;Nay Pyi Taw;Det Khi Na;MMR;MMR018D002;MMR018;May;2015;0;0
Myanmar;Sagaing;Kanbalu;MMR;MMR005D010;MMR005;May;2015;0;0
Myanmar;Shan-North;Lashio;MMR;MMR015D001;MMR015;May;2015;6;21
Myanmar;Shan-South;Danu Self-Administered Zone;MMR;NA;NA;May;2015;0;0
Myanmar;Tanintharyi;Myeik;MMR;MMR006D002;MMR006;May;2015;0;0
Myanmar;Ayeyarwady;Myaungmya;MMR;MMR017D003;MMR017;June;2015;0;0
Myanmar;Chin;Matupi;MMR;MMR004D004;MMR004;June;2015;0;0
Myanmar;Magway;Magway;MMR;MMR009D001;MMR009;June;2015;0;0
Myanmar;Magway;Minbu;MMR;MMR009D002;MMR009;June;2015;0;0
Myanmar;Sagaing;Hkamti;MMR;MMR005D008;MMR005;June;2015;1;115
Myanmar;Sagaing;Katha;MMR;MMR005D004;MMR005;June;2015;0;0
Myanmar;Sagaing;Shwebo;MMR;MMR005D002;MMR005;June;2015;0;0
Myanmar;Sagaing;Tamu;MMR;MMR005D006;MMR005;June;2015;0;0
Myanmar;Shan-North;Kyaukme;MMR;NA;NA;June;2015;3;0
Myanmar;Shan-North;Matman;MMR;MMR015D007;MMR015;June;2015;0;0
Myanmar;Shan-North;Pa Laung Self-Administered Zone;MMR;NA;NA;June;2015;6;8
Myanmar;Yangon;Yangon-East;MMR;MMR013D002;MMR013;June;2015;0;0
Myanmar;Ayeyarwady;Pathein;MMR;MMR017D001;MMR017;June;2015;0;0
Myanmar;Ayeyarwady;Pyapon;MMR;MMR017D006;MMR017;June;2015;0;0
Myanmar;Bago-East;Taungoo;MMR;MMR007D002;MMR007;June;2015;0;0
Myanmar;Kayah;Loikaw;MMR;MMR002D001;MMR002;June;2015;0;0
Myanmar;Kayin;Kawkareik;MMR;MMR003D003;MMR003;June;2015;1;0
Myanmar;Magway;Thayet;MMR;MMR009D003;MMR009;June;2015;0;0
Myanmar;Mandalay;Kyaukse;MMR;MMR010D003;MMR010;June;2015;0;0
Myanmar;Rakhine;Kyaukpyu;MMR;MMR012D003;MMR012;June;2015;0;0
Myanmar;Shan-East;Monghsat;MMR;MMR016D002;MMR016;June;2015;0;0
Myanmar;Shan-South;Pa-O Self-Administered Zone;MMR;NA;NA;June;2015;1;1
Myanmar;Shan-South;Taunggyi;MMR;MMR014D001;MMR014;June;2015;0;0
Myanmar;Tanintharyi;Dawei;MMR;MMR006D001;MMR006;June;2015;0;0
Myanmar;Yangon;Yangon-North;MMR;MMR013D001;MMR013;June;2015;0;0
Myanmar;Bago-West;Pyay;MMR;MMR008D001;MMR008;June;2015;0;0
Myanmar;Chin;Mindat;MMR;MMR004D002;MMR004;June;2015;0;0
Myanmar;Kachin;Bhamo;MMR;MMR001D003;MMR001;June;2015;0;0
Myanmar;Kachin;Myitkyina;MMR;MMR001D001;MMR001;June;2015;3;1
Myanmar;Magway;Gangaw;MMR;MMR009D005;MMR009;June;2015;0;0
Myanmar;Nay Pyi Taw;Oke Ta Ra;MMR;MMR018D001;MMR018;June;2015;0;0
Myanmar;Rakhine;Thandwe;MMR;MMR012D004;MMR012;June;2015;0;0
Myanmar;Shan-East;Kengtung;MMR;MMR016D001;MMR016;June;2015;0;0
Myanmar;Shan-North;Mongmit;MMR;MMR015D008;MMR015;June;2015;0;0
Myanmar;Yangon;Yangon-South;MMR;MMR013D003;MMR013;June;2015;0;0
Myanmar;Ayeyarwady;Labutta;MMR;MMR017D004;MMR017;June;2015;0;0
Myanmar;Ayeyarwady;Maubin;MMR;MMR017D005;MMR017;June;2015;0;0
Myanmar;Magway;Pakokku;MMR;MMR009D004;MMR009;June;2015;0;0
Myanmar;Mandalay;Myingyan;MMR;MMR010D004;MMR010;June;2015;0;0
Myanmar;Rakhine;Maungdaw;MMR;MMR012D002;MMR012;June;2015;1;0
Myanmar;Rakhine;Mrauk-U;MMR;MMR012D005;MMR012;June;2015;0;0
Myanmar;Shan-North;Hopang;MMR;MMR015D006;MMR015;June;2015;0;0
Myanmar;Shan-North;Kokang Self-Administered Zone;MMR;MMR015D221;MMR015;June;2015;5;20
Myanmar;Shan-North;Muse;MMR;MMR015D002;MMR015;June;2015;13;0
Myanmar;Sagaing;Kale;MMR;MMR005D005;MMR005;June;2015;0;0
Myanmar;Sagaing;Sagaing;MMR;MMR005D001;MMR005;June;2015;0;0
Myanmar;Bago-East;Bago;MMR;MMR007D001;MMR007;June;2015;0;0
Myanmar;Chin;Hakha;MMR;MMR004D003;MMR004;June;2015;0;0
Myanmar;Kachin;Mohnyin;MMR;MMR001D002;MMR001;June;2015;12;2
Myanmar;Kachin;Puta-O;MMR;MMR001D004;MMR001;June;2015;3;0
Myanmar;Kayin;Hpa-An;MMR;MMR003D001;MMR003;June;2015;0;0
Myanmar;Kayin;Myawaddy;MMR;MMR003D002;MMR003;June;2015;0;0
Myanmar;Mandalay;Mandalay;MMR;MMR010D001;MMR010;June;2015;0;0
Myanmar;Mandalay;Meiktila;MMR;MMR010D007;MMR010;June;2015;0;0
Myanmar;Sagaing;Kawlin;MMR;MMR005D011;MMR005;June;2015;0;0
Myanmar;Sagaing;Naga Self-Administered Zone;MMR;NA;NA;June;2015;0;0
Myanmar;Shan-South;Langkho;MMR;MMR014D003;MMR014;June;2015;0;0
Myanmar;Shan-South;Loilen;MMR;MMR014D002;MMR014;June;2015;2;0
Myanmar;Chin;Falam;MMR;MMR004D001;MMR004;June;2015;0;0
Myanmar;Kayin;Hpapun;MMR;MMR003D004;MMR003;June;2015;0;0
Myanmar;Mandalay;Nyaung-U;MMR;MMR010D005;MMR010;June;2015;0;0
Myanmar;Mon;Thaton;MMR;MMR011D002;MMR011;June;2015;0;0
Myanmar;Rakhine;Sittwe;MMR;MMR012D001;MMR012;June;2015;0;0
Myanmar;Sagaing;Mawlaik;MMR;MMR005D007;MMR005;June;2015;0;0
Myanmar;Sagaing;Monywa;MMR;MMR005D003;MMR005;June;2015;0;0
Myanmar;Sagaing;Yinmarbin;MMR;MMR005D009;MMR005;June;2015;0;0
Myanmar;Shan-East;Tachileik;MMR;MMR016D003;MMR016;June;2015;0;0
Myanmar;Tanintharyi;Kawthoung;MMR;MMR006D003;MMR006;June;2015;0;0
Myanmar;Yangon;Yangon-West;MMR;MMR013D004;MMR013;June;2015;0;0
Myanmar;Ayeyarwady;Hinthada;MMR;MMR017D002;MMR017;June;2015;0;0
Myanmar;Bago-West;Thayarwady;MMR;MMR008D002;MMR008;June;2015;0;0
Myanmar;Kayah;Bawlake;MMR;MMR002D002;MMR002;June;2015;0;0
Myanmar;Mandalay;Pyinoolwin;MMR;MMR010D002;MMR010;June;2015;0;0
Myanmar;Mandalay;Yamethin;MMR;MMR010D006;MMR010;June;2015;0;0
Myanmar;Mon;Mawlamyine;MMR;MMR011D001;MMR011;June;2015;0;0
Myanmar;Nay Pyi Taw;Det Khi Na;MMR;MMR018D002;MMR018;June;2015;0;0
Myanmar;Sagaing;Kanbalu;MMR;MMR005D010;MMR005;June;2015;0;0
Myanmar;Shan-North;Lashio;MMR;MMR015D001;MMR015;June;2015;1;0
Myanmar;Shan-South;Danu Self-Administered Zone;MMR;NA;NA;June;2015;0;0
Myanmar;Tanintharyi;Myeik;MMR;MMR006D002;MMR006;June;2015;0;0
Myanmar;Ayeyarwady;Myaungmya;MMR;MMR017D003;MMR017;July;2015;0;0
Myanmar;Chin;Matupi;MMR;MMR004D004;MMR004;July;2015;0;0
Myanmar;Magway;Magway;MMR;MMR009D001;MMR009;July;2015;0;0
Myanmar;Magway;Minbu;MMR;MMR009D002;MMR009;July;2015;0;0
Myanmar;Sagaing;Hkamti;MMR;MMR005D008;MMR005;July;2015;0;0
Myanmar;Sagaing;Katha;MMR;MMR005D004;MMR005;July;2015;0;0
Myanmar;Sagaing;Shwebo;MMR;MMR005D002;MMR005;July;2015;0;0
Myanmar;Sagaing;Tamu;MMR;MMR005D006;MMR005;July;2015;0;0
Myanmar;Shan-North;Kyaukme;MMR;NA;NA;July;2015;6;2
Myanmar;Shan-North;Matman;MMR;MMR015D007;MMR015;July;2015;0;0
Myanmar;Shan-North;Pa Laung Self-Administered Zone;MMR;NA;NA;July;2015;0;0
Myanmar;Yangon;Yangon-East;MMR;MMR013D002;MMR013;July;2015;0;0
Myanmar;Ayeyarwady;Pathein;MMR;MMR017D001;MMR017;July;2015;0;0
Myanmar;Ayeyarwady;Pyapon;MMR;MMR017D006;MMR017;July;2015;0;0
Myanmar;Bago-East;Taungoo;MMR;MMR007D002;MMR007;July;2015;0;0
Myanmar;Kayah;Loikaw;MMR;MMR002D001;MMR002;July;2015;0;0
Myanmar;Kayin;Kawkareik;MMR;MMR003D003;MMR003;July;2015;18;7
Myanmar;Magway;Thayet;MMR;MMR009D003;MMR009;July;2015;0;0
Myanmar;Mandalay;Kyaukse;MMR;MMR010D003;MMR010;July;2015;0;0
Myanmar;Rakhine;Kyaukpyu;MMR;MMR012D003;MMR012;July;2015;0;0
Myanmar;Shan-East;Monghsat;MMR;MMR016D002;MMR016;July;2015;0;0
Myanmar;Shan-South;Pa-O Self-Administered Zone;MMR;NA;NA;July;2015;0;0
Myanmar;Shan-South;Taunggyi;MMR;MMR014D001;MMR014;July;2015;0;0
Myanmar;Tanintharyi;Dawei;MMR;MMR006D001;MMR006;July;2015;0;0
Myanmar;Yangon;Yangon-North;MMR;MMR013D001;MMR013;July;2015;0;0
Myanmar;Bago-West;Pyay;MMR;MMR008D001;MMR008;July;2015;0;0
Myanmar;Chin;Mindat;MMR;MMR004D002;MMR004;July;2015;0;0
Myanmar;Kachin;Bhamo;MMR;MMR001D003;MMR001;July;2015;0;0
Myanmar;Kachin;Myitkyina;MMR;MMR001D001;MMR001;July;2015;0;0
Myanmar;Magway;Gangaw;MMR;MMR009D005;MMR009;July;2015;0;0
Myanmar;Nay Pyi Taw;Oke Ta Ra;MMR;MMR018D001;MMR018;July;2015;0;0
Myanmar;Rakhine;Thandwe;MMR;MMR012D004;MMR012;July;2015;0;0
Myanmar;Shan-East;Kengtung;MMR;MMR016D001;MMR016;July;2015;0;0
Myanmar;Shan-North;Mongmit;MMR;MMR015D008;MMR015;July;2015;0;0
Myanmar;Yangon;Yangon-South;MMR;MMR013D003;MMR013;July;2015;0;0
Myanmar;Ayeyarwady;Labutta;MMR;MMR017D004;MMR017;July;2015;0;0
Myanmar;Ayeyarwady;Maubin;MMR;MMR017D005;MMR017;July;2015;0;0
Myanmar;Magway;Pakokku;MMR;MMR009D004;MMR009;July;2015;0;0
Myanmar;Mandalay;Myingyan;MMR;MMR010D004;MMR010;July;2015;0;0
Myanmar;Rakhine;Maungdaw;MMR;MMR012D002;MMR012;July;2015;0;0
Myanmar;Rakhine;Mrauk-U;MMR;MMR012D005;MMR012;July;2015;0;0
Myanmar;Shan-North;Hopang;MMR;MMR015D006;MMR015;July;2015;0;0
Myanmar;Shan-North;Kokang Self-Administered Zone;MMR;MMR015D221;MMR015;July;2015;0;0
Myanmar;Shan-North;Muse;MMR;MMR015D002;MMR015;July;2015;8;4
Myanmar;Sagaing;Kale;MMR;MMR005D005;MMR005;July;2015;0;0
Myanmar;Sagaing;Sagaing;MMR;MMR005D001;MMR005;July;2015;0;0
Myanmar;Bago-East;Bago;MMR;MMR007D001;MMR007;July;2015;0;0
Myanmar;Chin;Hakha;MMR;MMR004D003;MMR004;July;2015;0;0
Myanmar;Kachin;Mohnyin;MMR;MMR001D002;MMR001;July;2015;3;3
Myanmar;Kachin;Puta-O;MMR;MMR001D004;MMR001;July;2015;9;1
Myanmar;Kayin;Hpa-An;MMR;MMR003D001;MMR003;July;2015;1;1
Myanmar;Kayin;Myawaddy;MMR;MMR003D002;MMR003;July;2015;0;0
Myanmar;Mandalay;Mandalay;MMR;MMR010D001;MMR010;July;2015;0;0
Myanmar;Mandalay;Meiktila;MMR;MMR010D007;MMR010;July;2015;0;0
Myanmar;Sagaing;Kawlin;MMR;MMR005D011;MMR005;July;2015;0;0
Myanmar;Sagaing;Naga Self-Administered Zone;MMR;NA;NA;July;2015;0;0
Myanmar;Shan-South;Langkho;MMR;MMR014D003;MMR014;July;2015;0;0
Myanmar;Shan-South;Loilen;MMR;MMR014D002;MMR014;July;2015;4;0
Myanmar;Chin;Falam;MMR;MMR004D001;MMR004;July;2015;0;0
Myanmar;Kayin;Hpapun;MMR;MMR003D004;MMR003;July;2015;0;0
Myanmar;Mandalay;Nyaung-U;MMR;MMR010D005;MMR010;July;2015;0;0
Myanmar;Mon;Thaton;MMR;MMR011D002;MMR011;July;2015;0;0
Myanmar;Rakhine;Sittwe;MMR;MMR012D001;MMR012;July;2015;0;0
Myanmar;Sagaing;Mawlaik;MMR;MMR005D007;MMR005;July;2015;0;0
Myanmar;Sagaing;Monywa;MMR;MMR005D003;MMR005;July;2015;0;0
Myanmar;Sagaing;Yinmarbin;MMR;MMR005D009;MMR005;July;2015;0;0
Myanmar;Shan-East;Tachileik;MMR;MMR016D003;MMR016;July;2015;0;0
Myanmar;Tanintharyi;Kawthoung;MMR;MMR006D003;MMR006;July;2015;0;0
Myanmar;Yangon;Yangon-West;MMR;MMR013D004;MMR013;July;2015;0;0
Myanmar;Ayeyarwady;Hinthada;MMR;MMR017D002;MMR017;July;2015;0;0
Myanmar;Bago-West;Thayarwady;MMR;MMR008D002;MMR008;July;2015;0;0
Myanmar;Kayah;Bawlake;MMR;MMR002D002;MMR002;July;2015;0;0
Myanmar;Mandalay;Pyinoolwin;MMR;MMR010D002;MMR010;July;2015;1;0
Myanmar;Mandalay;Yamethin;MMR;MMR010D006;MMR010;July;2015;0;0
Myanmar;Mon;Mawlamyine;MMR;MMR011D001;MMR011;July;2015;0;0
Myanmar;Nay Pyi Taw;Det Khi Na;MMR;MMR018D002;MMR018;July;2015;0;0
Myanmar;Sagaing;Kanbalu;MMR;MMR005D010;MMR005;July;2015;0;0
Myanmar;Shan-North;Lashio;MMR;MMR015D001;MMR015;July;2015;0;0
Myanmar;Shan-South;Danu Self-Administered Zone;MMR;NA;NA;July;2015;0;0
Myanmar;Tanintharyi;Myeik;MMR;MMR006D002;MMR006;July;2015;0;0
Myanmar;Ayeyarwady;Myaungmya;MMR;MMR017D003;MMR017;August;2015;0;0
Myanmar;Chin;Matupi;MMR;MMR004D004;MMR004;August;2015;0;0
Myanmar;Magway;Magway;MMR;MMR009D001;MMR009;August;2015;0;0
Myanmar;Magway;Minbu;MMR;MMR009D002;MMR009;August;2015;0;0
Myanmar;Sagaing;Hkamti;MMR;MMR005D008;MMR005;August;2015;0;0
Myanmar;Sagaing;Katha;MMR;MMR005D004;MMR005;August;2015;0;0
Myanmar;Sagaing;Shwebo;MMR;MMR005D002;MMR005;August;2015;0;0
Myanmar;Sagaing;Tamu;MMR;MMR005D006;MMR005;August;2015;0;0
Myanmar;Shan-North;Kyaukme;MMR;NA;NA;August;2015;1;0
Myanmar;Shan-North;Matman;MMR;MMR015D007;MMR015;August;2015;0;0
Myanmar;Shan-North;Pa Laung Self-Administered Zone;MMR;NA;NA;August;2015;11;2
Myanmar;Yangon;Yangon-East;MMR;MMR013D002;MMR013;August;2015;0;0
Myanmar;Ayeyarwady;Pathein;MMR;MMR017D001;MMR017;August;2015;0;0
Myanmar;Ayeyarwady;Pyapon;MMR;MMR017D006;MMR017;August;2015;0;0
Myanmar;Bago-East;Taungoo;MMR;MMR007D002;MMR007;August;2015;0;0
Myanmar;Kayah;Loikaw;MMR;MMR002D001;MMR002;August;2015;0;0
Myanmar;Kayin;Kawkareik;MMR;MMR003D003;MMR003;August;2015;0;0
Myanmar;Magway;Thayet;MMR;MMR009D003;MMR009;August;2015;0;0
Myanmar;Mandalay;Kyaukse;MMR;MMR010D003;MMR010;August;2015;0;0
Myanmar;Rakhine;Kyaukpyu;MMR;MMR012D003;MMR012;August;2015;0;0
Myanmar;Shan-East;Monghsat;MMR;MMR016D002;MMR016;August;2015;0;0
Myanmar;Shan-South;Pa-O Self-Administered Zone;MMR;NA;NA;August;2015;0;0
Myanmar;Shan-South;Taunggyi;MMR;MMR014D001;MMR014;August;2015;0;0
Myanmar;Tanintharyi;Dawei;MMR;MMR006D001;MMR006;August;2015;0;0
Myanmar;Yangon;Yangon-North;MMR;MMR013D001;MMR013;August;2015;0;0
Myanmar;Bago-West;Pyay;MMR;MMR008D001;MMR008;August;2015;0;0
Myanmar;Chin;Mindat;MMR;MMR004D002;MMR004;August;2015;0;0
Myanmar;Kachin;Bhamo;MMR;MMR001D003;MMR001;August;2015;0;0
Myanmar;Kachin;Myitkyina;MMR;MMR001D001;MMR001;August;2015;1;1
Myanmar;Magway;Gangaw;MMR;MMR009D005;MMR009;August;2015;0;0
Myanmar;Nay Pyi Taw;Oke Ta Ra;MMR;MMR018D001;MMR018;August;2015;0;0
Myanmar;Rakhine;Thandwe;MMR;MMR012D004;MMR012;August;2015;0;0
Myanmar;Shan-East;Kengtung;MMR;MMR016D001;MMR016;August;2015;0;0
Myanmar;Shan-North;Mongmit;MMR;MMR015D008;MMR015;August;2015;0;0
Myanmar;Yangon;Yangon-South;MMR;MMR013D003;MMR013;August;2015;0;0
Myanmar;Ayeyarwady;Labutta;MMR;MMR017D004;MMR017;August;2015;0;0
Myanmar;Ayeyarwady;Maubin;MMR;MMR017D005;MMR017;August;2015;0;0
Myanmar;Magway;Pakokku;MMR;MMR009D004;MMR009;August;2015;0;0
Myanmar;Mandalay;Myingyan;MMR;MMR010D004;MMR010;August;2015;0;0
Myanmar;Rakhine;Maungdaw;MMR;MMR012D002;MMR012;August;2015;0;0
Myanmar;Rakhine;Mrauk-U;MMR;MMR012D005;MMR012;August;2015;0;0
Myanmar;Shan-North;Hopang;MMR;MMR015D006;MMR015;August;2015;0;0
Myanmar;Shan-North;Kokang Self-Administered Zone;MMR;MMR015D221;MMR015;August;2015;1;1
Myanmar;Shan-North;Muse;MMR;MMR015D002;MMR015;August;2015;2;0
Myanmar;Sagaing;Kale;MMR;MMR005D005;MMR005;August;2015;0;0
Myanmar;Sagaing;Sagaing;MMR;MMR005D001;MMR005;August;2015;0;0
Myanmar;Bago-East;Bago;MMR;MMR007D001;MMR007;August;2015;0;0
Myanmar;Chin;Hakha;MMR;MMR004D003;MMR004;August;2015;0;0
Myanmar;Kachin;Mohnyin;MMR;MMR001D002;MMR001;August;2015;0;0
Myanmar;Kachin;Puta-O;MMR;MMR001D004;MMR001;August;2015;7;3
Myanmar;Kayin;Hpa-An;MMR;MMR003D001;MMR003;August;2015;0;0
Myanmar;Kayin;Myawaddy;MMR;MMR003D002;MMR003;August;2015;0;0
Myanmar;Mandalay;Mandalay;MMR;MMR010D001;MMR010;August;2015;0;0
Myanmar;Mandalay;Meiktila;MMR;MMR010D007;MMR010;August;2015;0;0
Myanmar;Sagaing;Kawlin;MMR;MMR005D011;MMR005;August;2015;0;0
Myanmar;Sagaing;Naga Self-Administered Zone;MMR;NA;NA;August;2015;0;0
Myanmar;Shan-South;Langkho;MMR;MMR014D003;MMR014;August;2015;0;0
Myanmar;Shan-South;Loilen;MMR;MMR014D002;MMR014;August;2015;5;0
Myanmar;Chin;Falam;MMR;MMR004D001;MMR004;August;2015;0;0
Myanmar;Kayin;Hpapun;MMR;MMR003D004;MMR003;August;2015;0;0
Myanmar;Mandalay;Nyaung-U;MMR;MMR010D005;MMR010;August;2015;0;0
Myanmar;Mon;Thaton;MMR;MMR011D002;MMR011;August;2015;0;0
Myanmar;Rakhine;Sittwe;MMR;MMR012D001;MMR012;August;2015;0;0
Myanmar;Sagaing;Mawlaik;MMR;MMR005D007;MMR005;August;2015;0;0
Myanmar;Sagaing;Monywa;MMR;MMR005D003;MMR005;August;2015;0;0
Myanmar;Sagaing;Yinmarbin;MMR;MMR005D009;MMR005;August;2015;0;0
Myanmar;Shan-East;Tachileik;MMR;MMR016D003;MMR016;August;2015;1;0
Myanmar;Tanintharyi;Kawthoung;MMR;MMR006D003;MMR006;August;2015;0;0
Myanmar;Yangon;Yangon-West;MMR;MMR013D004;MMR013;August;2015;0;0
Myanmar;Ayeyarwady;Hinthada;MMR;MMR017D002;MMR017;August;2015;0;0
Myanmar;Bago-West;Thayarwady;MMR;MMR008D002;MMR008;August;2015;0;0
Myanmar;Kayah;Bawlake;MMR;MMR002D002;MMR002;August;2015;0;0
Myanmar;Mandalay;Pyinoolwin;MMR;MMR010D002;MMR010;August;2015;0;0
Myanmar;Mandalay;Yamethin;MMR;MMR010D006;MMR010;August;2015;0;0
Myanmar;Mon;Mawlamyine;MMR;MMR011D001;MMR011;August;2015;0;0
Myanmar;Nay Pyi Taw;Det Khi Na;MMR;MMR018D002;MMR018;August;2015;0;0
Myanmar;Sagaing;Kanbalu;MMR;MMR005D010;MMR005;August;2015;0;0
Myanmar;Shan-North;Lashio;MMR;MMR015D001;MMR015;August;2015;3;1
Myanmar;Shan-South;Danu Self-Administered Zone;MMR;NA;NA;August;2015;0;0
Myanmar;Tanintharyi;Myeik;MMR;MMR006D002;MMR006;August;2015;0;0
Myanmar;Ayeyarwady;Myaungmya;MMR;MMR017D003;MMR017;September;2015;2;0
Myanmar;Chin;Matupi;MMR;MMR004D004;MMR004;September;2015;0;0
Myanmar;Magway;Magway;MMR;MMR009D001;MMR009;September;2015;0;0
Myanmar;Magway;Minbu;MMR;MMR009D002;MMR009;September;2015;0;0
Myanmar;Sagaing;Hkamti;MMR;MMR005D008;MMR005;September;2015;0;0
Myanmar;Sagaing;Katha;MMR;MMR005D004;MMR005;September;2015;0;0
Myanmar;Sagaing;Shwebo;MMR;MMR005D002;MMR005;September;2015;0;0
Myanmar;Sagaing;Tamu;MMR;MMR005D006;MMR005;September;2015;0;0
Myanmar;Shan-North;Kyaukme;MMR;NA;NA;September;2015;6;2
Myanmar;Shan-North;Matman;MMR;MMR015D007;MMR015;September;2015;0;0
Myanmar;Shan-North;Pa Laung Self-Administered Zone;MMR;NA;NA;September;2015;7;5
Myanmar;Yangon;Yangon-East;MMR;MMR013D002;MMR013;September;2015;0;0
Myanmar;Ayeyarwady;Pathein;MMR;MMR017D001;MMR017;September;2015;0;0
Myanmar;Ayeyarwady;Pyapon;MMR;MMR017D006;MMR017;September;2015;0;0
Myanmar;Bago-East;Taungoo;MMR;MMR007D002;MMR007;September;2015;0;0
Myanmar;Kayah;Loikaw;MMR;MMR002D001;MMR002;September;2015;0;0
Myanmar;Kayin;Kawkareik;MMR;MMR003D003;MMR003;September;2015;0;0
Myanmar;Magway;Thayet;MMR;MMR009D003;MMR009;September;2015;0;0
Myanmar;Mandalay;Kyaukse;MMR;MMR010D003;MMR010;September;2015;0;0
Myanmar;Rakhine;Kyaukpyu;MMR;MMR012D003;MMR012;September;2015;0;0
Myanmar;Shan-East;Monghsat;MMR;MMR016D002;MMR016;September;2015;1;1
Myanmar;Shan-South;Pa-O Self-Administered Zone;MMR;NA;NA;September;2015;0;0
Myanmar;Shan-South;Taunggyi;MMR;MMR014D001;MMR014;September;2015;1;0
Myanmar;Tanintharyi;Dawei;MMR;MMR006D001;MMR006;September;2015;0;0
Myanmar;Yangon;Yangon-North;MMR;MMR013D001;MMR013;September;2015;0;0
Myanmar;Bago-West;Pyay;MMR;MMR008D001;MMR008;September;2015;0;0
Myanmar;Chin;Mindat;MMR;MMR004D002;MMR004;September;2015;0;0
Myanmar;Kachin;Bhamo;MMR;MMR001D003;MMR001;September;2015;32;9
Myanmar;Kachin;Myitkyina;MMR;MMR001D001;MMR001;September;2015;1;0
Myanmar;Magway;Gangaw;MMR;MMR009D005;MMR009;September;2015;0;0
Myanmar;Nay Pyi Taw;Oke Ta Ra;MMR;MMR018D001;MMR018;September;2015;0;0
Myanmar;Rakhine;Thandwe;MMR;MMR012D004;MMR012;September;2015;0;0
Myanmar;Shan-East;Kengtung;MMR;MMR016D001;MMR016;September;2015;2;0
Myanmar;Shan-North;Mongmit;MMR;MMR015D008;MMR015;September;2015;5;5
Myanmar;Yangon;Yangon-South;MMR;MMR013D003;MMR013;September;2015;0;0
Myanmar;Ayeyarwady;Labutta;MMR;MMR017D004;MMR017;September;2015;0;0
Myanmar;Ayeyarwady;Maubin;MMR;MMR017D005;MMR017;September;2015;0;0
Myanmar;Magway;Pakokku;MMR;MMR009D004;MMR009;September;2015;0;0
Myanmar;Mandalay;Myingyan;MMR;MMR010D004;MMR010;September;2015;0;0
Myanmar;Rakhine;Maungdaw;MMR;MMR012D002;MMR012;September;2015;1;0
Myanmar;Rakhine;Mrauk-U;MMR;MMR012D005;MMR012;September;2015;0;0
Myanmar;Shan-North;Hopang;MMR;MMR015D006;MMR015;September;2015;0;0
Myanmar;Shan-North;Kokang Self-Administered Zone;MMR;MMR015D221;MMR015;September;2015;0;0
Myanmar;Shan-North;Muse;MMR;MMR015D002;MMR015;September;2015;27;23
Myanmar;Sagaing;Kale;MMR;MMR005D005;MMR005;September;2015;0;0
Myanmar;Sagaing;Sagaing;MMR;MMR005D001;MMR005;September;2015;0;0
Myanmar;Bago-East;Bago;MMR;MMR007D001;MMR007;September;2015;0;0
Myanmar;Chin;Hakha;MMR;MMR004D003;MMR004;September;2015;0;0
Myanmar;Kachin;Mohnyin;MMR;MMR001D002;MMR001;September;2015;0;0
Myanmar;Kachin;Puta-O;MMR;MMR001D004;MMR001;September;2015;0;0
Myanmar;Kayin;Hpa-An;MMR;MMR003D001;MMR003;September;2015;0;0
Myanmar;Kayin;Myawaddy;MMR;MMR003D002;MMR003;September;2015;0;0
Myanmar;Mandalay;Mandalay;MMR;MMR010D001;MMR010;September;2015;0;0
Myanmar;Mandalay;Meiktila;MMR;MMR010D007;MMR010;September;2015;0;0
Myanmar;Sagaing;Kawlin;MMR;MMR005D011;MMR005;September;2015;0;0
Myanmar;Sagaing;Naga Self-Administered Zone;MMR;NA;NA;September;2015;0;0
Myanmar;Shan-South;Langkho;MMR;MMR014D003;MMR014;September;2015;3;2
Myanmar;Shan-South;Loilen;MMR;MMR014D002;MMR014;September;2015;9;11
Myanmar;Chin;Falam;MMR;MMR004D001;MMR004;September;2015;0;0
Myanmar;Kayin;Hpapun;MMR;MMR003D004;MMR003;September;2015;0;0
Myanmar;Mandalay;Nyaung-U;MMR;MMR010D005;MMR010;September;2015;0;0
Myanmar;Mon;Thaton;MMR;MMR011D002;MMR011;September;2015;0;0
Myanmar;Rakhine;Sittwe;MMR;MMR012D001;MMR012;September;2015;0;0
Myanmar;Sagaing;Mawlaik;MMR;MMR005D007;MMR005;September;2015;0;0
Myanmar;Sagaing;Monywa;MMR;MMR005D003;MMR005;September;2015;0;0
Myanmar;Sagaing;Yinmarbin;MMR;MMR005D009;MMR005;September;2015;0;0
Myanmar;Shan-East;Tachileik;MMR;MMR016D003;MMR016;September;2015;0;0
Myanmar;Tanintharyi;Kawthoung;MMR;MMR006D003;MMR006;September;2015;0;0
Myanmar;Yangon;Yangon-West;MMR;MMR013D004;MMR013;September;2015;0;0
Myanmar;Ayeyarwady;Hinthada;MMR;MMR017D002;MMR017;September;2015;0;0
Myanmar;Bago-West;Thayarwady;MMR;MMR008D002;MMR008;September;2015;0;0
Myanmar;Kayah;Bawlake;MMR;MMR002D002;MMR002;September;2015;0;0
Myanmar;Mandalay;Pyinoolwin;MMR;MMR010D002;MMR010;September;2015;0;0
Myanmar;Mandalay;Yamethin;MMR;MMR010D006;MMR010;September;2015;0;0
Myanmar;Mon;Mawlamyine;MMR;MMR011D001;MMR011;September;2015;0;0
Myanmar;Nay Pyi Taw;Det Khi Na;MMR;MMR018D002;MMR018;September;2015;0;0
Myanmar;Sagaing;Kanbalu;MMR;MMR005D010;MMR005;September;2015;0;0
Myanmar;Shan-North;Lashio;MMR;MMR015D001;MMR015;September;2015;1;0
Myanmar;Shan-South;Danu Self-Administered Zone;MMR;NA;NA;September;2015;0;0
Myanmar;Tanintharyi;Myeik;MMR;MMR006D002;MMR006;September;2015;0;0
Myanmar;Ayeyarwady;Myaungmya;MMR;MMR017D003;MMR017;October;2015;0;0
Myanmar;Chin;Matupi;MMR;MMR004D004;MMR004;October;2015;1;3
Myanmar;Magway;Magway;MMR;MMR009D001;MMR009;October;2015;0;0
Myanmar;Magway;Minbu;MMR;MMR009D002;MMR009;October;2015;0;0
Myanmar;Sagaing;Hkamti;MMR;MMR005D008;MMR005;October;2015;0;0
Myanmar;Sagaing;Katha;MMR;MMR005D004;MMR005;October;2015;0;0
Myanmar;Sagaing;Shwebo;MMR;MMR005D002;MMR005;October;2015;0;0
Myanmar;Sagaing;Tamu;MMR;MMR005D006;MMR005;October;2015;0;0
Myanmar;Shan-North;Kyaukme;MMR;NA;NA;October;2015;2;0
Myanmar;Shan-North;Matman;MMR;MMR015D007;MMR015;October;2015;0;0
Myanmar;Shan-North;Pa Laung Self-Administered Zone;MMR;NA;NA;October;2015;7;0
Myanmar;Yangon;Yangon-East;MMR;MMR013D002;MMR013;October;2015;1;0
Myanmar;Ayeyarwady;Pathein;MMR;MMR017D001;MMR017;October;2015;0;0
Myanmar;Ayeyarwady;Pyapon;MMR;MMR017D006;MMR017;October;2015;0;0
Myanmar;Bago-East;Taungoo;MMR;MMR007D002;MMR007;October;2015;0;0
Myanmar;Kayah;Loikaw;MMR;MMR002D001;MMR002;October;2015;0;0
Myanmar;Kayin;Kawkareik;MMR;MMR003D003;MMR003;October;2015;2;3
Myanmar;Magway;Thayet;MMR;MMR009D003;MMR009;October;2015;0;0
Myanmar;Mandalay;Kyaukse;MMR;MMR010D003;MMR010;October;2015;0;0
Myanmar;Rakhine;Kyaukpyu;MMR;MMR012D003;MMR012;October;2015;0;0
Myanmar;Shan-East;Monghsat;MMR;MMR016D002;MMR016;October;2015;0;0
Myanmar;Shan-South;Pa-O Self-Administered Zone;MMR;NA;NA;October;2015;0;0
Myanmar;Shan-South;Taunggyi;MMR;MMR014D001;MMR014;October;2015;2;0
Myanmar;Tanintharyi;Dawei;MMR;MMR006D001;MMR006;October;2015;0;0
Myanmar;Yangon;Yangon-North;MMR;MMR013D001;MMR013;October;2015;0;0
Myanmar;Bago-West;Pyay;MMR;MMR008D001;MMR008;October;2015;0;0
Myanmar;Chin;Mindat;MMR;MMR004D002;MMR004;October;2015;0;0
Myanmar;Kachin;Bhamo;MMR;MMR001D003;MMR001;October;2015;10;0
Myanmar;Kachin;Myitkyina;MMR;MMR001D001;MMR001;October;2015;5;1
Myanmar;Magway;Gangaw;MMR;MMR009D005;MMR009;October;2015;0;0
Myanmar;Nay Pyi Taw;Oke Ta Ra;MMR;MMR018D001;MMR018;October;2015;0;0
Myanmar;Rakhine;Thandwe;MMR;MMR012D004;MMR012;October;2015;0;0
Myanmar;Shan-East;Kengtung;MMR;MMR016D001;MMR016;October;2015;0;0
Myanmar;Shan-North;Mongmit;MMR;MMR015D008;MMR015;October;2015;2;3
Myanmar;Yangon;Yangon-South;MMR;MMR013D003;MMR013;October;2015;0;0
Myanmar;Ayeyarwady;Labutta;MMR;MMR017D004;MMR017;October;2015;0;0
Myanmar;Ayeyarwady;Maubin;MMR;MMR017D005;MMR017;October;2015;1;0
Myanmar;Magway;Pakokku;MMR;MMR009D004;MMR009;October;2015;0;0
Myanmar;Mandalay;Myingyan;MMR;MMR010D004;MMR010;October;2015;0;0
Myanmar;Rakhine;Maungdaw;MMR;MMR012D002;MMR012;October;2015;0;0
Myanmar;Rakhine;Mrauk-U;MMR;MMR012D005;MMR012;October;2015;0;0
Myanmar;Shan-North;Hopang;MMR;MMR015D006;MMR015;October;2015;0;0
Myanmar;Shan-North;Kokang Self-Administered Zone;MMR;MMR015D221;MMR015;October;2015;4;0
Myanmar;Shan-North;Muse;MMR;MMR015D002;MMR015;October;2015;31;6
Myanmar;Sagaing;Kale;MMR;MMR005D005;MMR005;October;2015;0;0
Myanmar;Sagaing;Sagaing;MMR;MMR005D001;MMR005;October;2015;0;0
Myanmar;Bago-East;Bago;MMR;MMR007D001;MMR007;October;2015;0;0
Myanmar;Chin;Hakha;MMR;MMR004D003;MMR004;October;2015;0;0
Myanmar;Kachin;Mohnyin;MMR;MMR001D002;MMR001;October;2015;10;2
Myanmar;Kachin;Puta-O;MMR;MMR001D004;MMR001;October;2015;0;0
Myanmar;Kayin;Hpa-An;MMR;MMR003D001;MMR003;October;2015;0;0
Myanmar;Kayin;Myawaddy;MMR;MMR003D002;MMR003;October;2015;0;0
Myanmar;Mandalay;Mandalay;MMR;MMR010D001;MMR010;October;2015;1;0
Myanmar;Mandalay;Meiktila;MMR;MMR010D007;MMR010;October;2015;0;0
Myanmar;Sagaing;Kawlin;MMR;MMR005D011;MMR005;October;2015;0;0
Myanmar;Sagaing;Naga Self-Administered Zone;MMR;NA;NA;October;2015;0;0
Myanmar;Shan-South;Langkho;MMR;MMR014D003;MMR014;October;2015;0;0
Myanmar;Shan-South;Loilen;MMR;MMR014D002;MMR014;October;2015;35;12
Myanmar;Chin;Falam;MMR;MMR004D001;MMR004;October;2015;1;0
Myanmar;Kayin;Hpapun;MMR;MMR003D004;MMR003;October;2015;0;0
Myanmar;Mandalay;Nyaung-U;MMR;MMR010D005;MMR010;October;2015;0;0
Myanmar;Mon;Thaton;MMR;MMR011D002;MMR011;October;2015;0;0
Myanmar;Rakhine;Sittwe;MMR;MMR012D001;MMR012;October;2015;0;0
Myanmar;Sagaing;Mawlaik;MMR;MMR005D007;MMR005;October;2015;0;0
Myanmar;Sagaing;Monywa;MMR;MMR005D003;MMR005;October;2015;0;0
Myanmar;Sagaing;Yinmarbin;MMR;MMR005D009;MMR005;October;2015;0;0
Myanmar;Shan-East;Tachileik;MMR;MMR016D003;MMR016;October;2015;1;1
Myanmar;Tanintharyi;Kawthoung;MMR;MMR006D003;MMR006;October;2015;0;0
Myanmar;Yangon;Yangon-West;MMR;MMR013D004;MMR013;October;2015;0;0
Myanmar;Ayeyarwady;Hinthada;MMR;MMR017D002;MMR017;October;2015;0;0
Myanmar;Bago-West;Thayarwady;MMR;MMR008D002;MMR008;October;2015;0;0
Myanmar;Kayah;Bawlake;MMR;MMR002D002;MMR002;October;2015;0;0
Myanmar;Mandalay;Pyinoolwin;MMR;MMR010D002;MMR010;October;2015;0;0
Myanmar;Mandalay;Yamethin;MMR;MMR010D006;MMR010;October;2015;0;0
Myanmar;Mon;Mawlamyine;MMR;MMR011D001;MMR011;October;2015;0;0
Myanmar;Nay Pyi Taw;Det Khi Na;MMR;MMR018D002;MMR018;October;2015;0;0
Myanmar;Sagaing;Kanbalu;MMR;MMR005D010;MMR005;October;2015;0;0
Myanmar;Shan-North;Lashio;MMR;MMR015D001;MMR015;October;2015;1;0
Myanmar;Shan-South;Danu Self-Administered Zone;MMR;NA;NA;October;2015;0;0
Myanmar;Tanintharyi;Myeik;MMR;MMR006D002;MMR006;October;2015;0;0
Myanmar;Ayeyarwady;Myaungmya;MMR;MMR017D003;MMR017;November;2015;0;0
Myanmar;Chin;Matupi;MMR;MMR004D004;MMR004;November;2015;0;0
Myanmar;Magway;Magway;MMR;MMR009D001;MMR009;November;2015;0;0
Myanmar;Magway;Minbu;MMR;MMR009D002;MMR009;November;2015;0;0
Myanmar;Sagaing;Hkamti;MMR;MMR005D008;MMR005;November;2015;0;0
Myanmar;Sagaing;Katha;MMR;MMR005D004;MMR005;November;2015;0;0
Myanmar;Sagaing;Shwebo;MMR;MMR005D002;MMR005;November;2015;0;0
Myanmar;Sagaing;Tamu;MMR;MMR005D006;MMR005;November;2015;0;0
Myanmar;Shan-North;Kyaukme;MMR;NA;NA;November;2015;7;4
Myanmar;Shan-North;Matman;MMR;MMR015D007;MMR015;November;2015;0;0
Myanmar;Shan-North;Pa Laung Self-Administered Zone;MMR;NA;NA;November;2015;12;7
Myanmar;Yangon;Yangon-East;MMR;MMR013D002;MMR013;November;2015;0;0
Myanmar;Ayeyarwady;Pathein;MMR;MMR017D001;MMR017;November;2015;0;0
Myanmar;Ayeyarwady;Pyapon;MMR;MMR017D006;MMR017;November;2015;0;0
Myanmar;Bago-East;Taungoo;MMR;MMR007D002;MMR007;November;2015;0;0
Myanmar;Kayah;Loikaw;MMR;MMR002D001;MMR002;November;2015;0;0
Myanmar;Kayin;Kawkareik;MMR;MMR003D003;MMR003;November;2015;0;0
Myanmar;Magway;Thayet;MMR;MMR009D003;MMR009;November;2015;0;0
Myanmar;Mandalay;Kyaukse;MMR;MMR010D003;MMR010;November;2015;0;0
Myanmar;Rakhine;Kyaukpyu;MMR;MMR012D003;MMR012;November;2015;0;0
Myanmar;Shan-East;Monghsat;MMR;MMR016D002;MMR016;November;2015;0;0
Myanmar;Shan-South;Pa-O Self-Administered Zone;MMR;NA;NA;November;2015;0;0
Myanmar;Shan-South;Taunggyi;MMR;MMR014D001;MMR014;November;2015;0;0
Myanmar;Tanintharyi;Dawei;MMR;MMR006D001;MMR006;November;2015;0;0
Myanmar;Yangon;Yangon-North;MMR;MMR013D001;MMR013;November;2015;0;0
Myanmar;Bago-West;Pyay;MMR;MMR008D001;MMR008;November;2015;0;0
Myanmar;Chin;Mindat;MMR;MMR004D002;MMR004;November;2015;0;0
Myanmar;Kachin;Bhamo;MMR;MMR001D003;MMR001;November;2015;1;0
Myanmar;Kachin;Myitkyina;MMR;MMR001D001;MMR001;November;2015;2;0
Myanmar;Magway;Gangaw;MMR;MMR009D005;MMR009;November;2015;0;0
Myanmar;Nay Pyi Taw;Oke Ta Ra;MMR;MMR018D001;MMR018;November;2015;0;0
Myanmar;Rakhine;Thandwe;MMR;MMR012D004;MMR012;November;2015;0;0
Myanmar;Shan-East;Kengtung;MMR;MMR016D001;MMR016;November;2015;0;0
Myanmar;Shan-North;Mongmit;MMR;MMR015D008;MMR015;November;2015;1;0
Myanmar;Yangon;Yangon-South;MMR;MMR013D003;MMR013;November;2015;0;0
Myanmar;Ayeyarwady;Labutta;MMR;MMR017D004;MMR017;November;2015;0;0
Myanmar;Ayeyarwady;Maubin;MMR;MMR017D005;MMR017;November;2015;0;0
Myanmar;Magway;Pakokku;MMR;MMR009D004;MMR009;November;2015;0;0
Myanmar;Mandalay;Myingyan;MMR;MMR010D004;MMR010;November;2015;0;0
Myanmar;Rakhine;Maungdaw;MMR;MMR012D002;MMR012;November;2015;0;0
Myanmar;Rakhine;Mrauk-U;MMR;MMR012D005;MMR012;November;2015;0;0
Myanmar;Shan-North;Hopang;MMR;MMR015D006;MMR015;November;2015;0;0
Myanmar;Shan-North;Kokang Self-Administered Zone;MMR;MMR015D221;MMR015;November;2015;2;0
Myanmar;Shan-North;Muse;MMR;MMR015D002;MMR015;November;2015;10;0
Myanmar;Sagaing;Kale;MMR;MMR005D005;MMR005;November;2015;0;0
Myanmar;Sagaing;Sagaing;MMR;MMR005D001;MMR005;November;2015;0;0
Myanmar;Bago-East;Bago;MMR;MMR007D001;MMR007;November;2015;0;0
Myanmar;Chin;Hakha;MMR;MMR004D003;MMR004;November;2015;0;0
Myanmar;Kachin;Mohnyin;MMR;MMR001D002;MMR001;November;2015;14;20
Myanmar;Kachin;Puta-O;MMR;MMR001D004;MMR001;November;2015;0;0
Myanmar;Kayin;Hpa-An;MMR;MMR003D001;MMR003;November;2015;0;0
Myanmar;Kayin;Myawaddy;MMR;MMR003D002;MMR003;November;2015;0;0
Myanmar;Mandalay;Mandalay;MMR;MMR010D001;MMR010;November;2015;0;0
Myanmar;Mandalay;Meiktila;MMR;MMR010D007;MMR010;November;2015;0;0
Myanmar;Sagaing;Kawlin;MMR;MMR005D011;MMR005;November;2015;0;0
Myanmar;Sagaing;Naga Self-Administered Zone;MMR;NA;NA;November;2015;0;0
Myanmar;Shan-South;Langkho;MMR;MMR014D003;MMR014;November;2015;1;0
Myanmar;Shan-South;Loilen;MMR;MMR014D002;MMR014;November;2015;33;31
Myanmar;Chin;Falam;MMR;MMR004D001;MMR004;November;2015;0;0
Myanmar;Kayin;Hpapun;MMR;MMR003D004;MMR003;November;2015;0;0
Myanmar;Mandalay;Nyaung-U;MMR;MMR010D005;MMR010;November;2015;0;0
Myanmar;Mon;Thaton;MMR;MMR011D002;MMR011;November;2015;0;0
Myanmar;Rakhine;Sittwe;MMR;MMR012D001;MMR012;November;2015;0;0
Myanmar;Sagaing;Mawlaik;MMR;MMR005D007;MMR005;November;2015;0;0
Myanmar;Sagaing;Monywa;MMR;MMR005D003;MMR005;November;2015;0;0
Myanmar;Sagaing;Yinmarbin;MMR;MMR005D009;MMR005;November;2015;0;0
Myanmar;Shan-East;Tachileik;MMR;MMR016D003;MMR016;November;2015;0;0
Myanmar;Tanintharyi;Kawthoung;MMR;MMR006D003;MMR006;November;2015;0;0
Myanmar;Yangon;Yangon-West;MMR;MMR013D004;MMR013;November;2015;0;0
Myanmar;Ayeyarwady;Hinthada;MMR;MMR017D002;MMR017;November;2015;0;0
Myanmar;Bago-West;Thayarwady;MMR;MMR008D002;MMR008;November;2015;0;0
Myanmar;Kayah;Bawlake;MMR;MMR002D002;MMR002;November;2015;0;0
Myanmar;Mandalay;Pyinoolwin;MMR;MMR010D002;MMR010;November;2015;0;0
Myanmar;Mandalay;Yamethin;MMR;MMR010D006;MMR010;November;2015;0;0
Myanmar;Mon;Mawlamyine;MMR;MMR011D001;MMR011;November;2015;0;0
Myanmar;Nay Pyi Taw;Det Khi Na;MMR;MMR018D002;MMR018;November;2015;0;0
Myanmar;Sagaing;Kanbalu;MMR;MMR005D010;MMR005;November;2015;0;0
Myanmar;Shan-North;Lashio;MMR;MMR015D001;MMR015;November;2015;1;0
Myanmar;Shan-South;Danu Self-Administered Zone;MMR;NA;NA;November;2015;0;0
Myanmar;Tanintharyi;Myeik;MMR;MMR006D002;MMR006;November;2015;0;0
Myanmar;Ayeyarwady;Myaungmya;MMR;MMR017D003;MMR017;December;2015;0;0
Myanmar;Chin;Matupi;MMR;MMR004D004;MMR004;December;2015;0;0
Myanmar;Magway;Magway;MMR;MMR009D001;MMR009;December;2015;0;0
Myanmar;Magway;Minbu;MMR;MMR009D002;MMR009;December;2015;0;0
Myanmar;Sagaing;Hkamti;MMR;MMR005D008;MMR005;December;2015;0;0
Myanmar;Sagaing;Katha;MMR;MMR005D004;MMR005;December;2015;0;0
Myanmar;Sagaing;Shwebo;MMR;MMR005D002;MMR005;December;2015;0;0
Myanmar;Sagaing;Tamu;MMR;MMR005D006;MMR005;December;2015;0;0
Myanmar;Shan-North;Kyaukme;MMR;NA;NA;December;2015;7;1
Myanmar;Shan-North;Matman;MMR;MMR015D007;MMR015;December;2015;0;0
Myanmar;Shan-North;Pa Laung Self-Administered Zone;MMR;NA;NA;December;2015;12;0
Myanmar;Yangon;Yangon-East;MMR;MMR013D002;MMR013;December;2015;0;0
Myanmar;Ayeyarwady;Pathein;MMR;MMR017D001;MMR017;December;2015;0;0
Myanmar;Ayeyarwady;Pyapon;MMR;MMR017D006;MMR017;December;2015;0;0
Myanmar;Bago-East;Taungoo;MMR;MMR007D002;MMR007;December;2015;0;0
Myanmar;Kayah;Loikaw;MMR;MMR002D001;MMR002;December;2015;0;0
Myanmar;Kayin;Kawkareik;MMR;MMR003D003;MMR003;December;2015;1;0
Myanmar;Magway;Thayet;MMR;MMR009D003;MMR009;December;2015;0;0
Myanmar;Mandalay;Kyaukse;MMR;MMR010D003;MMR010;December;2015;0;0
Myanmar;Rakhine;Kyaukpyu;MMR;MMR012D003;MMR012;December;2015;0;0
Myanmar;Shan-East;Monghsat;MMR;MMR016D002;MMR016;December;2015;0;0
Myanmar;Shan-South;Pa-O Self-Administered Zone;MMR;NA;NA;December;2015;0;0
Myanmar;Shan-South;Taunggyi;MMR;MMR014D001;MMR014;December;2015;0;0
Myanmar;Tanintharyi;Dawei;MMR;MMR006D001;MMR006;December;2015;0;0
Myanmar;Yangon;Yangon-North;MMR;MMR013D001;MMR013;December;2015;0;0
Myanmar;Bago-West;Pyay;MMR;MMR008D001;MMR008;December;2015;0;0
Myanmar;Chin;Mindat;MMR;MMR004D002;MMR004;December;2015;0;0
Myanmar;Kachin;Bhamo;MMR;MMR001D003;MMR001;December;2015;0;0
Myanmar;Kachin;Myitkyina;MMR;MMR001D001;MMR001;December;2015;1;0
Myanmar;Magway;Gangaw;MMR;MMR009D005;MMR009;December;2015;0;0
Myanmar;Nay Pyi Taw;Oke Ta Ra;MMR;MMR018D001;MMR018;December;2015;0;0
Myanmar;Rakhine;Thandwe;MMR;MMR012D004;MMR012;December;2015;0;0
Myanmar;Shan-East;Kengtung;MMR;MMR016D001;MMR016;December;2015;0;0
Myanmar;Shan-North;Mongmit;MMR;MMR015D008;MMR015;December;2015;0;0
Myanmar;Yangon;Yangon-South;MMR;MMR013D003;MMR013;December;2015;0;0
Myanmar;Ayeyarwady;Labutta;MMR;MMR017D004;MMR017;December;2015;0;0
Myanmar;Ayeyarwady;Maubin;MMR;MMR017D005;MMR017;December;2015;0;0
Myanmar;Magway;Pakokku;MMR;MMR009D004;MMR009;December;2015;0;0
Myanmar;Mandalay;Myingyan;MMR;MMR010D004;MMR010;December;2015;0;0
Myanmar;Rakhine;Maungdaw;MMR;MMR012D002;MMR012;December;2015;0;0
Myanmar;Rakhine;Mrauk-U;MMR;MMR012D005;MMR012;December;2015;4;20
Myanmar;Shan-North;Hopang;MMR;MMR015D006;MMR015;December;2015;0;0
Myanmar;Shan-North;Kokang Self-Administered Zone;MMR;MMR015D221;MMR015;December;2015;1;3
Myanmar;Shan-North;Muse;MMR;MMR015D002;MMR015;December;2015;17;0
Myanmar;Sagaing;Kale;MMR;MMR005D005;MMR005;December;2015;0;0
Myanmar;Sagaing;Sagaing;MMR;MMR005D001;MMR005;December;2015;0;0
Myanmar;Bago-East;Bago;MMR;MMR007D001;MMR007;December;2015;0;0
Myanmar;Chin;Hakha;MMR;MMR004D003;MMR004;December;2015;0;0
Myanmar;Kachin;Mohnyin;MMR;MMR001D002;MMR001;December;2015;0;0
Myanmar;Kachin;Puta-O;MMR;MMR001D004;MMR001;December;2015;2;0
Myanmar;Kayin;Hpa-An;MMR;MMR003D001;MMR003;December;2015;0;0
Myanmar;Kayin;Myawaddy;MMR;MMR003D002;MMR003;December;2015;0;0
Myanmar;Mandalay;Mandalay;MMR;MMR010D001;MMR010;December;2015;0;0
Myanmar;Mandalay;Meiktila;MMR;MMR010D007;MMR010;December;2015;0;0
Myanmar;Sagaing;Kawlin;MMR;MMR005D011;MMR005;December;2015;0;0
Myanmar;Sagaing;Naga Self-Administered Zone;MMR;NA;NA;December;2015;0;0
Myanmar;Shan-South;Langkho;MMR;MMR014D003;MMR014;December;2015;0;0
Myanmar;Shan-South;Loilen;MMR;MMR014D002;MMR014;December;2015;1;0
Myanmar;Chin;Falam;MMR;MMR004D001;MMR004;December;2015;0;0
Myanmar;Kayin;Hpapun;MMR;MMR003D004;MMR003;December;2015;0;0
Myanmar;Mandalay;Nyaung-U;MMR;MMR010D005;MMR010;December;2015;0;0
Myanmar;Mon;Thaton;MMR;MMR011D002;MMR011;December;2015;0;0
Myanmar;Rakhine;Sittwe;MMR;MMR012D001;MMR012;December;2015;0;0
Myanmar;Sagaing;Mawlaik;MMR;MMR005D007;MMR005;December;2015;0;0
Myanmar;Sagaing;Monywa;MMR;MMR005D003;MMR005;December;2015;0;0
Myanmar;Sagaing;Yinmarbin;MMR;MMR005D009;MMR005;December;2015;0;0
Myanmar;Shan-East;Tachileik;MMR;MMR016D003;MMR016;December;2015;0;0
Myanmar;Tanintharyi;Kawthoung;MMR;MMR006D003;MMR006;December;2015;0;0
Myanmar;Yangon;Yangon-West;MMR;MMR013D004;MMR013;December;2015;0;0
Myanmar;Ayeyarwady;Hinthada;MMR;MMR017D002;MMR017;December;2015;0;0
Myanmar;Bago-West;Thayarwady;MMR;MMR008D002;MMR008;December;2015;0;0
Myanmar;Kayah;Bawlake;MMR;MMR002D002;MMR002;December;2015;0;0
Myanmar;Mandalay;Pyinoolwin;MMR;MMR010D002;MMR010;December;2015;0;0
Myanmar;Mandalay;Yamethin;MMR;MMR010D006;MMR010;December;2015;0;0
Myanmar;Mon;Mawlamyine;MMR;MMR011D001;MMR011;December;2015;0;0
Myanmar;Nay Pyi Taw;Det Khi Na;MMR;MMR018D002;MMR018;December;2015;0;0
Myanmar;Sagaing;Kanbalu;MMR;MMR005D010;MMR005;December;2015;0;0
Myanmar;Shan-North;Lashio;MMR;MMR015D001;MMR015;December;2015;0;0
Myanmar;Shan-South;Danu Self-Administered Zone;MMR;NA;NA;December;2015;0;0
Myanmar;Tanintharyi;Myeik;MMR;MMR006D002;MMR006;December;2015;0;0
Myanmar;Ayeyarwady;Myaungmya;MMR;MMR017D003;MMR017;January;2016;0;0
Myanmar;Chin;Matupi;MMR;MMR004D004;MMR004;January;2016;2;0
Myanmar;Magway;Magway;MMR;MMR009D001;MMR009;January;2016;0;0
Myanmar;Magway;Minbu;MMR;MMR009D002;MMR009;January;2016;0;0
Myanmar;Sagaing;Hkamti;MMR;MMR005D008;MMR005;January;2016;1;1
Myanmar;Sagaing;Katha;MMR;MMR005D004;MMR005;January;2016;0;0
Myanmar;Sagaing;Shwebo;MMR;MMR005D002;MMR005;January;2016;0;0
Myanmar;Sagaing;Tamu;MMR;MMR005D006;MMR005;January;2016;0;0
Myanmar;Shan-North;Kyaukme;MMR;NA;NA;January;2016;10;4
Myanmar;Shan-North;Matman;MMR;MMR015D007;MMR015;January;2016;0;0
Myanmar;Shan-North;Pa Laung Self-Administered Zone;MMR;NA;NA;January;2016;3;1
Myanmar;Yangon;Yangon-East;MMR;MMR013D002;MMR013;January;2016;0;0
Myanmar;Ayeyarwady;Pathein;MMR;MMR017D001;MMR017;January;2016;0;0
Myanmar;Ayeyarwady;Pyapon;MMR;MMR017D006;MMR017;January;2016;0;0
Myanmar;Bago-East;Taungoo;MMR;MMR007D002;MMR007;January;2016;0;0
Myanmar;Kayah;Loikaw;MMR;MMR002D001;MMR002;January;2016;0;0
Myanmar;Kayin;Kawkareik;MMR;MMR003D003;MMR003;January;2016;3;0
Myanmar;Magway;Thayet;MMR;MMR009D003;MMR009;January;2016;0;0
Myanmar;Mandalay;Kyaukse;MMR;MMR010D003;MMR010;January;2016;0;0
Myanmar;Rakhine;Kyaukpyu;MMR;MMR012D003;MMR012;January;2016;0;0
Myanmar;Shan-East;Monghsat;MMR;MMR016D002;MMR016;January;2016;0;0
Myanmar;Shan-South;Pa-O Self-Administered Zone;MMR;NA;NA;January;2016;0;0
Myanmar;Shan-South;Taunggyi;MMR;MMR014D001;MMR014;January;2016;0;0
Myanmar;Tanintharyi;Dawei;MMR;MMR006D001;MMR006;January;2016;0;0
Myanmar;Yangon;Yangon-North;MMR;MMR013D001;MMR013;January;2016;0;0
Myanmar;Bago-West;Pyay;MMR;MMR008D001;MMR008;January;2016;0;0
Myanmar;Chin;Mindat;MMR;MMR004D002;MMR004;January;2016;0;0
Myanmar;Kachin;Bhamo;MMR;MMR001D003;MMR001;January;2016;0;0
Myanmar;Kachin;Myitkyina;MMR;MMR001D001;MMR001;January;2016;3;1
Myanmar;Magway;Gangaw;MMR;MMR009D005;MMR009;January;2016;0;0
Myanmar;Nay Pyi Taw;Oke Ta Ra;MMR;MMR018D001;MMR018;January;2016;0;0
Myanmar;Rakhine;Thandwe;MMR;MMR012D004;MMR012;January;2016;0;0
Myanmar;Shan-East;Kengtung;MMR;MMR016D001;MMR016;January;2016;0;0
Myanmar;Shan-North;Mongmit;MMR;MMR015D008;MMR015;January;2016;0;0
Myanmar;Yangon;Yangon-South;MMR;MMR013D003;MMR013;January;2016;0;0
Myanmar;Ayeyarwady;Labutta;MMR;MMR017D004;MMR017;January;2016;0;0
Myanmar;Ayeyarwady;Maubin;MMR;MMR017D005;MMR017;January;2016;0;0
Myanmar;Magway;Pakokku;MMR;MMR009D004;MMR009;January;2016;0;0
Myanmar;Mandalay;Myingyan;MMR;MMR010D004;MMR010;January;2016;0;0
Myanmar;Rakhine;Maungdaw;MMR;MMR012D002;MMR012;January;2016;0;0
Myanmar;Rakhine;Mrauk-U;MMR;MMR012D005;MMR012;January;2016;2;13
Myanmar;Shan-North;Hopang;MMR;MMR015D006;MMR015;January;2016;0;0
Myanmar;Shan-North;Kokang Self-Administered Zone;MMR;MMR015D221;MMR015;January;2016;0;0
Myanmar;Shan-North;Muse;MMR;MMR015D002;MMR015;January;2016;8;5
Myanmar;Sagaing;Kale;MMR;MMR005D005;MMR005;January;2016;0;0
Myanmar;Sagaing;Sagaing;MMR;MMR005D001;MMR005;January;2016;0;0
Myanmar;Bago-East;Bago;MMR;MMR007D001;MMR007;January;2016;0;0
Myanmar;Chin;Hakha;MMR;MMR004D003;MMR004;January;2016;0;0
Myanmar;Kachin;Mohnyin;MMR;MMR001D002;MMR001;January;2016;1;1
Myanmar;Kachin;Puta-O;MMR;MMR001D004;MMR001;January;2016;0;0
Myanmar;Kayin;Hpa-An;MMR;MMR003D001;MMR003;January;2016;0;0
Myanmar;Kayin;Myawaddy;MMR;MMR003D002;MMR003;January;2016;1;0
Myanmar;Mandalay;Mandalay;MMR;MMR010D001;MMR010;January;2016;0;0
Myanmar;Mandalay;Meiktila;MMR;MMR010D007;MMR010;January;2016;0;0
Myanmar;Sagaing;Kawlin;MMR;MMR005D011;MMR005;January;2016;0;0
Myanmar;Sagaing;Naga Self-Administered Zone;MMR;NA;NA;January;2016;0;0
Myanmar;Shan-South;Langkho;MMR;MMR014D003;MMR014;January;2016;0;0
Myanmar;Shan-South;Loilen;MMR;MMR014D002;MMR014;January;2016;1;0
Myanmar;Chin;Falam;MMR;MMR004D001;MMR004;January;2016;0;0
Myanmar;Kayin;Hpapun;MMR;MMR003D004;MMR003;January;2016;0;0
Myanmar;Mandalay;Nyaung-U;MMR;MMR010D005;MMR010;January;2016;0;0
Myanmar;Mon;Thaton;MMR;MMR011D002;MMR011;January;2016;0;0
Myanmar;Rakhine;Sittwe;MMR;MMR012D001;MMR012;January;2016;0;0
Myanmar;Sagaing;Mawlaik;MMR;MMR005D007;MMR005;January;2016;0;0
Myanmar;Sagaing;Monywa;MMR;MMR005D003;MMR005;January;2016;0;0
Myanmar;Sagaing;Yinmarbin;MMR;MMR005D009;MMR005;January;2016;0;0
Myanmar;Shan-East;Tachileik;MMR;MMR016D003;MMR016;January;2016;0;0
Myanmar;Tanintharyi;Kawthoung;MMR;MMR006D003;MMR006;January;2016;0;0
Myanmar;Yangon;Yangon-West;MMR;MMR013D004;MMR013;January;2016;0;0
Myanmar;Ayeyarwady;Hinthada;MMR;MMR017D002;MMR017;January;2016;0;0
Myanmar;Bago-West;Thayarwady;MMR;MMR008D002;MMR008;January;2016;0;0
Myanmar;Kayah;Bawlake;MMR;MMR002D002;MMR002;January;2016;0;0
Myanmar;Mandalay;Pyinoolwin;MMR;MMR010D002;MMR010;January;2016;0;0
Myanmar;Mandalay;Yamethin;MMR;MMR010D006;MMR010;January;2016;0;0
Myanmar;Mon;Mawlamyine;MMR;MMR011D001;MMR011;January;2016;0;0
Myanmar;Nay Pyi Taw;Det Khi Na;MMR;MMR018D002;MMR018;January;2016;0;0
Myanmar;Sagaing;Kanbalu;MMR;MMR005D010;MMR005;January;2016;0;0
Myanmar;Shan-North;Lashio;MMR;MMR015D001;MMR015;January;2016;0;0
Myanmar;Shan-South;Danu Self-Administered Zone;MMR;NA;NA;January;2016;0;0
Myanmar;Tanintharyi;Myeik;MMR;MMR006D002;MMR006;January;2016;0;0
Myanmar;Ayeyarwady;Myaungmya;MMR;MMR017D003;MMR017;February;2016;0;0
Myanmar;Chin;Matupi;MMR;MMR004D004;MMR004;February;2016;0;0
Myanmar;Magway;Magway;MMR;MMR009D001;MMR009;February;2016;0;0
Myanmar;Magway;Minbu;MMR;MMR009D002;MMR009;February;2016;0;0
Myanmar;Sagaing;Hkamti;MMR;MMR005D008;MMR005;February;2016;0;0
Myanmar;Sagaing;Katha;MMR;MMR005D004;MMR005;February;2016;0;0
Myanmar;Sagaing;Shwebo;MMR;MMR005D002;MMR005;February;2016;0;0
Myanmar;Sagaing;Tamu;MMR;MMR005D006;MMR005;February;2016;0;0
Myanmar;Shan-North;Kyaukme;MMR;NA;NA;February;2016;11;15
Myanmar;Shan-North;Matman;MMR;MMR015D007;MMR015;February;2016;0;0
Myanmar;Shan-North;Pa Laung Self-Administered Zone;MMR;NA;NA;February;2016;4;10
Myanmar;Yangon;Yangon-East;MMR;MMR013D002;MMR013;February;2016;0;0
Myanmar;Ayeyarwady;Pathein;MMR;MMR017D001;MMR017;February;2016;0;0
Myanmar;Ayeyarwady;Pyapon;MMR;MMR017D006;MMR017;February;2016;0;0
Myanmar;Bago-East;Taungoo;MMR;MMR007D002;MMR007;February;2016;0;0
Myanmar;Kayah;Loikaw;MMR;MMR002D001;MMR002;February;2016;0;0
Myanmar;Kayin;Kawkareik;MMR;MMR003D003;MMR003;February;2016;1;0
Myanmar;Magway;Thayet;MMR;MMR009D003;MMR009;February;2016;0;0
Myanmar;Mandalay;Kyaukse;MMR;MMR010D003;MMR010;February;2016;0;0
Myanmar;Rakhine;Kyaukpyu;MMR;MMR012D003;MMR012;February;2016;0;0
Myanmar;Shan-East;Monghsat;MMR;MMR016D002;MMR016;February;2016;0;0
Myanmar;Shan-South;Pa-O Self-Administered Zone;MMR;NA;NA;February;2016;0;0
Myanmar;Shan-South;Taunggyi;MMR;MMR014D001;MMR014;February;2016;0;0
Myanmar;Tanintharyi;Dawei;MMR;MMR006D001;MMR006;February;2016;0;0
Myanmar;Yangon;Yangon-North;MMR;MMR013D001;MMR013;February;2016;0;0
Myanmar;Bago-West;Pyay;MMR;MMR008D001;MMR008;February;2016;0;0
Myanmar;Chin;Mindat;MMR;MMR004D002;MMR004;February;2016;0;0
Myanmar;Kachin;Bhamo;MMR;MMR001D003;MMR001;February;2016;0;0
Myanmar;Kachin;Myitkyina;MMR;MMR001D001;MMR001;February;2016;2;2
Myanmar;Magway;Gangaw;MMR;MMR009D005;MMR009;February;2016;0;0
Myanmar;Nay Pyi Taw;Oke Ta Ra;MMR;MMR018D001;MMR018;February;2016;0;0
Myanmar;Rakhine;Thandwe;MMR;MMR012D004;MMR012;February;2016;0;0
Myanmar;Shan-East;Kengtung;MMR;MMR016D001;MMR016;February;2016;0;0
Myanmar;Shan-North;Mongmit;MMR;MMR015D008;MMR015;February;2016;0;0
Myanmar;Yangon;Yangon-South;MMR;MMR013D003;MMR013;February;2016;0;0
Myanmar;Ayeyarwady;Labutta;MMR;MMR017D004;MMR017;February;2016;0;0
Myanmar;Ayeyarwady;Maubin;MMR;MMR017D005;MMR017;February;2016;0;0
Myanmar;Magway;Pakokku;MMR;MMR009D004;MMR009;February;2016;0;0
Myanmar;Mandalay;Myingyan;MMR;MMR010D004;MMR010;February;2016;0;0
Myanmar;Rakhine;Maungdaw;MMR;MMR012D002;MMR012;February;2016;4;0
Myanmar;Rakhine;Mrauk-U;MMR;MMR012D005;MMR012;February;2016;0;0
Myanmar;Shan-North;Hopang;MMR;MMR015D006;MMR015;February;2016;0;0
Myanmar;Shan-North;Kokang Self-Administered Zone;MMR;MMR015D221;MMR015;February;2016;0;0
Myanmar;Shan-North;Muse;MMR;MMR015D002;MMR015;February;2016;15;6
Myanmar;Sagaing;Kale;MMR;MMR005D005;MMR005;February;2016;0;0
Myanmar;Sagaing;Sagaing;MMR;MMR005D001;MMR005;February;2016;0;0
Myanmar;Bago-East;Bago;MMR;MMR007D001;MMR007;February;2016;0;0
Myanmar;Chin;Hakha;MMR;MMR004D003;MMR004;February;2016;0;0
Myanmar;Kachin;Mohnyin;MMR;MMR001D002;MMR001;February;2016;0;0
Myanmar;Kachin;Puta-O;MMR;MMR001D004;MMR001;February;2016;0;0
Myanmar;Kayin;Hpa-An;MMR;MMR003D001;MMR003;February;2016;0;0
Myanmar;Kayin;Myawaddy;MMR;MMR003D002;MMR003;February;2016;0;0
Myanmar;Mandalay;Mandalay;MMR;MMR010D001;MMR010;February;2016;0;0
Myanmar;Mandalay;Meiktila;MMR;MMR010D007;MMR010;February;2016;0;0
Myanmar;Sagaing;Kawlin;MMR;MMR005D011;MMR005;February;2016;0;0
Myanmar;Sagaing;Naga Self-Administered Zone;MMR;NA;NA;February;2016;0;0
Myanmar;Shan-South;Langkho;MMR;MMR014D003;MMR014;February;2016;1;0
Myanmar;Shan-South;Loilen;MMR;MMR014D002;MMR014;February;2016;0;0
Myanmar;Chin;Falam;MMR;MMR004D001;MMR004;February;2016;0;0
Myanmar;Kayin;Hpapun;MMR;MMR003D004;MMR003;February;2016;0;0
Myanmar;Mandalay;Nyaung-U;MMR;MMR010D005;MMR010;February;2016;0;0
Myanmar;Mon;Thaton;MMR;MMR011D002;MMR011;February;2016;0;0
Myanmar;Rakhine;Sittwe;MMR;MMR012D001;MMR012;February;2016;0;0
Myanmar;Sagaing;Mawlaik;MMR;MMR005D007;MMR005;February;2016;0;0
Myanmar;Sagaing;Monywa;MMR;MMR005D003;MMR005;February;2016;0;0
Myanmar;Sagaing;Yinmarbin;MMR;MMR005D009;MMR005;February;2016;0;0
Myanmar;Shan-East;Tachileik;MMR;MMR016D003;MMR016;February;2016;0;0
Myanmar;Tanintharyi;Kawthoung;MMR;MMR006D003;MMR006;February;2016;0;0
Myanmar;Yangon;Yangon-West;MMR;MMR013D004;MMR013;February;2016;0;0
Myanmar;Ayeyarwady;Hinthada;MMR;MMR017D002;MMR017;February;2016;0;0
Myanmar;Bago-West;Thayarwady;MMR;MMR008D002;MMR008;February;2016;0;0
Myanmar;Kayah;Bawlake;MMR;MMR002D002;MMR002;February;2016;0;0
Myanmar;Mandalay;Pyinoolwin;MMR;MMR010D002;MMR010;February;2016;0;0
Myanmar;Mandalay;Yamethin;MMR;MMR010D006;MMR010;February;2016;0;0
Myanmar;Mon;Mawlamyine;MMR;MMR011D001;MMR011;February;2016;0;0
Myanmar;Nay Pyi Taw;Det Khi Na;MMR;MMR018D002;MMR018;February;2016;0;0
Myanmar;Sagaing;Kanbalu;MMR;MMR005D010;MMR005;February;2016;0;0
Myanmar;Shan-North;Lashio;MMR;MMR015D001;MMR015;February;2016;0;0
Myanmar;Shan-South;Danu Self-Administered Zone;MMR;NA;NA;February;2016;0;0
Myanmar;Tanintharyi;Myeik;MMR;MMR006D002;MMR006;February;2016;0;0
Myanmar;Ayeyarwady;Myaungmya;MMR;MMR017D003;MMR017;March;2016;0;0
Myanmar;Chin;Matupi;MMR;MMR004D004;MMR004;March;2016;2;0
Myanmar;Magway;Magway;MMR;MMR009D001;MMR009;March;2016;0;0
Myanmar;Magway;Minbu;MMR;MMR009D002;MMR009;March;2016;0;0
Myanmar;Sagaing;Hkamti;MMR;MMR005D008;MMR005;March;2016;0;0
Myanmar;Sagaing;Katha;MMR;MMR005D004;MMR005;March;2016;0;0
Myanmar;Sagaing;Shwebo;MMR;MMR005D002;MMR005;March;2016;0;0
Myanmar;Sagaing;Tamu;MMR;MMR005D006;MMR005;March;2016;0;0
Myanmar;Shan-North;Kyaukme;MMR;NA;NA;March;2016;11;8
Myanmar;Shan-North;Matman;MMR;MMR015D007;MMR015;March;2016;0;0
Myanmar;Shan-North;Pa Laung Self-Administered Zone;MMR;NA;NA;March;2016;8;9
Myanmar;Yangon;Yangon-East;MMR;MMR013D002;MMR013;March;2016;0;0
Myanmar;Ayeyarwady;Pathein;MMR;MMR017D001;MMR017;March;2016;0;0
Myanmar;Ayeyarwady;Pyapon;MMR;MMR017D006;MMR017;March;2016;0;0
Myanmar;Bago-East;Taungoo;MMR;MMR007D002;MMR007;March;2016;0;0
Myanmar;Kayah;Loikaw;MMR;MMR002D001;MMR002;March;2016;0;0
Myanmar;Kayin;Kawkareik;MMR;MMR003D003;MMR003;March;2016;0;0
Myanmar;Magway;Thayet;MMR;MMR009D003;MMR009;March;2016;0;0
Myanmar;Mandalay;Kyaukse;MMR;MMR010D003;MMR010;March;2016;0;0
Myanmar;Rakhine;Kyaukpyu;MMR;MMR012D003;MMR012;March;2016;0;0
Myanmar;Shan-East;Monghsat;MMR;MMR016D002;MMR016;March;2016;0;0
Myanmar;Shan-South;Pa-O Self-Administered Zone;MMR;NA;NA;March;2016;0;0
Myanmar;Shan-South;Taunggyi;MMR;MMR014D001;MMR014;March;2016;1;2
Myanmar;Tanintharyi;Dawei;MMR;MMR006D001;MMR006;March;2016;0;0
Myanmar;Yangon;Yangon-North;MMR;MMR013D001;MMR013;March;2016;0;0
Myanmar;Bago-West;Pyay;MMR;MMR008D001;MMR008;March;2016;0;0
Myanmar;Chin;Mindat;MMR;MMR004D002;MMR004;March;2016;0;0
Myanmar;Kachin;Bhamo;MMR;MMR001D003;MMR001;March;2016;2;0
Myanmar;Kachin;Myitkyina;MMR;MMR001D001;MMR001;March;2016;4;0
Myanmar;Magway;Gangaw;MMR;MMR009D005;MMR009;March;2016;0;0
Myanmar;Nay Pyi Taw;Oke Ta Ra;MMR;MMR018D001;MMR018;March;2016;0;0
Myanmar;Rakhine;Thandwe;MMR;MMR012D004;MMR012;March;2016;0;0
Myanmar;Shan-East;Kengtung;MMR;MMR016D001;MMR016;March;2016;0;0
Myanmar;Shan-North;Mongmit;MMR;MMR015D008;MMR015;March;2016;1;0
Myanmar;Yangon;Yangon-South;MMR;MMR013D003;MMR013;March;2016;0;0
Myanmar;Ayeyarwady;Labutta;MMR;MMR017D004;MMR017;March;2016;0;0
Myanmar;Ayeyarwady;Maubin;MMR;MMR017D005;MMR017;March;2016;0;0
Myanmar;Magway;Pakokku;MMR;MMR009D004;MMR009;March;2016;0;0
Myanmar;Mandalay;Myingyan;MMR;MMR010D004;MMR010;March;2016;0;0
Myanmar;Rakhine;Maungdaw;MMR;MMR012D002;MMR012;March;2016;3;30
Myanmar;Rakhine;Mrauk-U;MMR;MMR012D005;MMR012;March;2016;2;0
Myanmar;Shan-North;Hopang;MMR;MMR015D006;MMR015;March;2016;0;0
Myanmar;Shan-North;Kokang Self-Administered Zone;MMR;MMR015D221;MMR015;March;2016;0;0
Myanmar;Shan-North;Muse;MMR;MMR015D002;MMR015;March;2016;19;14
Myanmar;Sagaing;Kale;MMR;MMR005D005;MMR005;March;2016;0;0
Myanmar;Sagaing;Sagaing;MMR;MMR005D001;MMR005;March;2016;0;0
Myanmar;Bago-East;Bago;MMR;MMR007D001;MMR007;March;2016;0;0
Myanmar;Chin;Hakha;MMR;MMR004D003;MMR004;March;2016;0;0
Myanmar;Kachin;Mohnyin;MMR;MMR001D002;MMR001;March;2016;0;0
Myanmar;Kachin;Puta-O;MMR;MMR001D004;MMR001;March;2016;0;0
Myanmar;Kayin;Hpa-An;MMR;MMR003D001;MMR003;March;2016;0;0
Myanmar;Kayin;Myawaddy;MMR;MMR003D002;MMR003;March;2016;0;0
Myanmar;Mandalay;Mandalay;MMR;MMR010D001;MMR010;March;2016;0;0
Myanmar;Mandalay;Meiktila;MMR;MMR010D007;MMR010;March;2016;0;0
Myanmar;Sagaing;Kawlin;MMR;MMR005D011;MMR005;March;2016;0;0
Myanmar;Sagaing;Naga Self-Administered Zone;MMR;NA;NA;March;2016;0;0
Myanmar;Shan-South;Langkho;MMR;MMR014D003;MMR014;March;2016;0;0
Myanmar;Shan-South;Loilen;MMR;MMR014D002;MMR014;March;2016;2;0
Myanmar;Chin;Falam;MMR;MMR004D001;MMR004;March;2016;0;0
Myanmar;Kayin;Hpapun;MMR;MMR003D004;MMR003;March;2016;1;0
Myanmar;Mandalay;Nyaung-U;MMR;MMR010D005;MMR010;March;2016;0;0
Myanmar;Mon;Thaton;MMR;MMR011D002;MMR011;March;2016;0;0
Myanmar;Rakhine;Sittwe;MMR;MMR012D001;MMR012;March;2016;1;0
Myanmar;Sagaing;Mawlaik;MMR;MMR005D007;MMR005;March;2016;0;0
Myanmar;Sagaing;Monywa;MMR;MMR005D003;MMR005;March;2016;0;0
Myanmar;Sagaing;Yinmarbin;MMR;MMR005D009;MMR005;March;2016;0;0
Myanmar;Shan-East;Tachileik;MMR;MMR016D003;MMR016;March;2016;0;0
Myanmar;Tanintharyi;Kawthoung;MMR;MMR006D003;MMR006;March;2016;0;0
Myanmar;Yangon;Yangon-West;MMR;MMR013D004;MMR013;March;2016;0;0
Myanmar;Ayeyarwady;Hinthada;MMR;MMR017D002;MMR017;March;2016;0;0
Myanmar;Bago-West;Thayarwady;MMR;MMR008D002;MMR008;March;2016;0;0
Myanmar;Kayah;Bawlake;MMR;MMR002D002;MMR002;March;2016;0;0
Myanmar;Mandalay;Pyinoolwin;MMR;MMR010D002;MMR010;March;2016;0;0
Myanmar;Mandalay;Yamethin;MMR;MMR010D006;MMR010;March;2016;0;0
Myanmar;Mon;Mawlamyine;MMR;MMR011D001;MMR011;March;2016;0;0
Myanmar;Nay Pyi Taw;Det Khi Na;MMR;MMR018D002;MMR018;March;2016;0;0
Myanmar;Sagaing;Kanbalu;MMR;MMR005D010;MMR005;March;2016;0;0
Myanmar;Shan-North;Lashio;MMR;MMR015D001;MMR015;March;2016;0;0
Myanmar;Shan-South;Danu Self-Administered Zone;MMR;NA;NA;March;2016;0;0
Myanmar;Tanintharyi;Myeik;MMR;MMR006D002;MMR006;March;2016;0;0
Myanmar;Ayeyarwady;Myaungmya;MMR;MMR017D003;MMR017;April;2016;0;0
Myanmar;Chin;Matupi;MMR;MMR004D004;MMR004;April;2016;0;0
Myanmar;Magway;Magway;MMR;MMR009D001;MMR009;April;2016;0;0
Myanmar;Magway;Minbu;MMR;MMR009D002;MMR009;April;2016;0;0
Myanmar;Sagaing;Hkamti;MMR;MMR005D008;MMR005;April;2016;0;0
Myanmar;Sagaing;Katha;MMR;MMR005D004;MMR005;April;2016;0;0
Myanmar;Sagaing;Shwebo;MMR;MMR005D002;MMR005;April;2016;0;0
Myanmar;Sagaing;Tamu;MMR;MMR005D006;MMR005;April;2016;0;0
Myanmar;Shan-North;Kyaukme;MMR;NA;NA;April;2016;1;0
Myanmar;Shan-North;Matman;MMR;MMR015D007;MMR015;April;2016;0;0
Myanmar;Shan-North;Pa Laung Self-Administered Zone;MMR;NA;NA;April;2016;3;0
Myanmar;Yangon;Yangon-East;MMR;MMR013D002;MMR013;April;2016;0;0
Myanmar;Ayeyarwady;Pathein;MMR;MMR017D001;MMR017;April;2016;0;0
Myanmar;Ayeyarwady;Pyapon;MMR;MMR017D006;MMR017;April;2016;0;0
Myanmar;Bago-East;Taungoo;MMR;MMR007D002;MMR007;April;2016;0;0
Myanmar;Kayah;Loikaw;MMR;MMR002D001;MMR002;April;2016;0;0
Myanmar;Kayin;Kawkareik;MMR;MMR003D003;MMR003;April;2016;0;0
Myanmar;Magway;Thayet;MMR;MMR009D003;MMR009;April;2016;0;0
Myanmar;Mandalay;Kyaukse;MMR;MMR010D003;MMR010;April;2016;0;0
Myanmar;Rakhine;Kyaukpyu;MMR;MMR012D003;MMR012;April;2016;0;0
Myanmar;Shan-East;Monghsat;MMR;MMR016D002;MMR016;April;2016;0;0
Myanmar;Shan-South;Pa-O Self-Administered Zone;MMR;NA;NA;April;2016;0;0
Myanmar;Shan-South;Taunggyi;MMR;MMR014D001;MMR014;April;2016;0;0
Myanmar;Tanintharyi;Dawei;MMR;MMR006D001;MMR006;April;2016;0;0
Myanmar;Yangon;Yangon-North;MMR;MMR013D001;MMR013;April;2016;0;0
Myanmar;Bago-West;Pyay;MMR;MMR008D001;MMR008;April;2016;0;0
Myanmar;Chin;Mindat;MMR;MMR004D002;MMR004;April;2016;0;0
Myanmar;Kachin;Bhamo;MMR;MMR001D003;MMR001;April;2016;5;0
Myanmar;Kachin;Myitkyina;MMR;MMR001D001;MMR001;April;2016;9;2
Myanmar;Magway;Gangaw;MMR;MMR009D005;MMR009;April;2016;0;0
Myanmar;Nay Pyi Taw;Oke Ta Ra;MMR;MMR018D001;MMR018;April;2016;0;0
Myanmar;Rakhine;Thandwe;MMR;MMR012D004;MMR012;April;2016;0;0
Myanmar;Shan-East;Kengtung;MMR;MMR016D001;MMR016;April;2016;0;0
Myanmar;Shan-North;Mongmit;MMR;MMR015D008;MMR015;April;2016;0;0
Myanmar;Yangon;Yangon-South;MMR;MMR013D003;MMR013;April;2016;0;0
Myanmar;Ayeyarwady;Labutta;MMR;MMR017D004;MMR017;April;2016;0;0
Myanmar;Ayeyarwady;Maubin;MMR;MMR017D005;MMR017;April;2016;0;0
Myanmar;Magway;Pakokku;MMR;MMR009D004;MMR009;April;2016;0;0
Myanmar;Mandalay;Myingyan;MMR;MMR010D004;MMR010;April;2016;0;0
Myanmar;Rakhine;Maungdaw;MMR;MMR012D002;MMR012;April;2016;0;0
Myanmar;Rakhine;Mrauk-U;MMR;MMR012D005;MMR012;April;2016;1;0
Myanmar;Shan-North;Hopang;MMR;MMR015D006;MMR015;April;2016;0;0
Myanmar;Shan-North;Kokang Self-Administered Zone;MMR;MMR015D221;MMR015;April;2016;0;0
Myanmar;Shan-North;Muse;MMR;MMR015D002;MMR015;April;2016;5;0
Myanmar;Sagaing;Kale;MMR;MMR005D005;MMR005;April;2016;0;0
Myanmar;Sagaing;Sagaing;MMR;MMR005D001;MMR005;April;2016;0;0
Myanmar;Bago-East;Bago;MMR;MMR007D001;MMR007;April;2016;0;0
Myanmar;Chin;Hakha;MMR;MMR004D003;MMR004;April;2016;0;0
Myanmar;Kachin;Mohnyin;MMR;MMR001D002;MMR001;April;2016;1;0
Myanmar;Kachin;Puta-O;MMR;MMR001D004;MMR001;April;2016;0;0
Myanmar;Kayin;Hpa-An;MMR;MMR003D001;MMR003;April;2016;0;0
Myanmar;Kayin;Myawaddy;MMR;MMR003D002;MMR003;April;2016;0;0
Myanmar;Mandalay;Mandalay;MMR;MMR010D001;MMR010;April;2016;0;0
Myanmar;Mandalay;Meiktila;MMR;MMR010D007;MMR010;April;2016;0;0
Myanmar;Sagaing;Kawlin;MMR;MMR005D011;MMR005;April;2016;0;0
Myanmar;Sagaing;Naga Self-Administered Zone;MMR;NA;NA;April;2016;0;0
Myanmar;Shan-South;Langkho;MMR;MMR014D003;MMR014;April;2016;0;0
Myanmar;Shan-South;Loilen;MMR;MMR014D002;MMR014;April;2016;0;0
Myanmar;Chin;Falam;MMR;MMR004D001;MMR004;April;2016;0;0
Myanmar;Kayin;Hpapun;MMR;MMR003D004;MMR003;April;2016;0;0
Myanmar;Mandalay;Nyaung-U;MMR;MMR010D005;MMR010;April;2016;0;0
Myanmar;Mon;Thaton;MMR;MMR011D002;MMR011;April;2016;0;0
Myanmar;Rakhine;Sittwe;MMR;MMR012D001;MMR012;April;2016;2;0
Myanmar;Sagaing;Mawlaik;MMR;MMR005D007;MMR005;April;2016;0;0
Myanmar;Sagaing;Monywa;MMR;MMR005D003;MMR005;April;2016;0;0
Myanmar;Sagaing;Yinmarbin;MMR;MMR005D009;MMR005;April;2016;0;0
Myanmar;Shan-East;Tachileik;MMR;MMR016D003;MMR016;April;2016;0;0
Myanmar;Tanintharyi;Kawthoung;MMR;MMR006D003;MMR006;April;2016;0;0
Myanmar;Yangon;Yangon-West;MMR;MMR013D004;MMR013;April;2016;0;0
Myanmar;Ayeyarwady;Hinthada;MMR;MMR017D002;MMR017;April;2016;0;0
Myanmar;Bago-West;Thayarwady;MMR;MMR008D002;MMR008;April;2016;0;0
Myanmar;Kayah;Bawlake;MMR;MMR002D002;MMR002;April;2016;0;0
Myanmar;Mandalay;Pyinoolwin;MMR;MMR010D002;MMR010;April;2016;0;0
Myanmar;Mandalay;Yamethin;MMR;MMR010D006;MMR010;April;2016;0;0
Myanmar;Mon;Mawlamyine;MMR;MMR011D001;MMR011;April;2016;0;0
Myanmar;Nay Pyi Taw;Det Khi Na;MMR;MMR018D002;MMR018;April;2016;0;0
Myanmar;Sagaing;Kanbalu;MMR;MMR005D010;MMR005;April;2016;0;0
Myanmar;Shan-North;Lashio;MMR;MMR015D001;MMR015;April;2016;0;0
Myanmar;Shan-South;Danu Self-Administered Zone;MMR;NA;NA;April;2016;0;0
Myanmar;Tanintharyi;Myeik;MMR;MMR006D002;MMR006;April;2016;0;0
Myanmar;Ayeyarwady;Myaungmya;MMR;MMR017D003;MMR017;May;2016;0;0
Myanmar;Chin;Matupi;MMR;MMR004D004;MMR004;May;2016;0;0
Myanmar;Magway;Magway;MMR;MMR009D001;MMR009;May;2016;0;0
Myanmar;Magway;Minbu;MMR;MMR009D002;MMR009;May;2016;0;0
Myanmar;Sagaing;Hkamti;MMR;MMR005D008;MMR005;May;2016;0;0
Myanmar;Sagaing;Katha;MMR;MMR005D004;MMR005;May;2016;0;0
Myanmar;Sagaing;Shwebo;MMR;MMR005D002;MMR005;May;2016;0;0
Myanmar;Sagaing;Tamu;MMR;MMR005D006;MMR005;May;2016;0;0
Myanmar;Shan-North;Kyaukme;MMR;NA;NA;May;2016;24;42
Myanmar;Shan-North;Matman;MMR;MMR015D007;MMR015;May;2016;0;0
Myanmar;Shan-North;Pa Laung Self-Administered Zone;MMR;NA;NA;May;2016;2;0
Myanmar;Yangon;Yangon-East;MMR;MMR013D002;MMR013;May;2016;0;0
Myanmar;Ayeyarwady;Pathein;MMR;MMR017D001;MMR017;May;2016;0;0
Myanmar;Ayeyarwady;Pyapon;MMR;MMR017D006;MMR017;May;2016;0;0
Myanmar;Bago-East;Taungoo;MMR;MMR007D002;MMR007;May;2016;0;0
Myanmar;Kayah;Loikaw;MMR;MMR002D001;MMR002;May;2016;0;0
Myanmar;Kayin;Kawkareik;MMR;MMR003D003;MMR003;May;2016;1;0
Myanmar;Magway;Thayet;MMR;MMR009D003;MMR009;May;2016;0;0
Myanmar;Mandalay;Kyaukse;MMR;MMR010D003;MMR010;May;2016;0;0
Myanmar;Rakhine;Kyaukpyu;MMR;MMR012D003;MMR012;May;2016;0;0
Myanmar;Shan-East;Monghsat;MMR;MMR016D002;MMR016;May;2016;1;0
Myanmar;Shan-South;Pa-O Self-Administered Zone;MMR;NA;NA;May;2016;0;0
Myanmar;Shan-South;Taunggyi;MMR;MMR014D001;MMR014;May;2016;0;0
Myanmar;Tanintharyi;Dawei;MMR;MMR006D001;MMR006;May;2016;0;0
Myanmar;Yangon;Yangon-North;MMR;MMR013D001;MMR013;May;2016;0;0
Myanmar;Bago-West;Pyay;MMR;MMR008D001;MMR008;May;2016;0;0
Myanmar;Chin;Mindat;MMR;MMR004D002;MMR004;May;2016;0;0
Myanmar;Kachin;Bhamo;MMR;MMR001D003;MMR001;May;2016;19;1
Myanmar;Kachin;Myitkyina;MMR;MMR001D001;MMR001;May;2016;4;2
Myanmar;Magway;Gangaw;MMR;MMR009D005;MMR009;May;2016;0;0
Myanmar;Nay Pyi Taw;Oke Ta Ra;MMR;MMR018D001;MMR018;May;2016;0;0
Myanmar;Rakhine;Thandwe;MMR;MMR012D004;MMR012;May;2016;0;0
Myanmar;Shan-East;Kengtung;MMR;MMR016D001;MMR016;May;2016;2;10
Myanmar;Shan-North;Mongmit;MMR;MMR015D008;MMR015;May;2016;0;0
Myanmar;Yangon;Yangon-South;MMR;MMR013D003;MMR013;May;2016;0;0
Myanmar;Ayeyarwady;Labutta;MMR;MMR017D004;MMR017;May;2016;0;0
Myanmar;Ayeyarwady;Maubin;MMR;MMR017D005;MMR017;May;2016;0;0
Myanmar;Magway;Pakokku;MMR;MMR009D004;MMR009;May;2016;0;0
Myanmar;Mandalay;Myingyan;MMR;MMR010D004;MMR010;May;2016;0;0
Myanmar;Rakhine;Maungdaw;MMR;MMR012D002;MMR012;May;2016;1;1
Myanmar;Rakhine;Mrauk-U;MMR;MMR012D005;MMR012;May;2016;0;0
Myanmar;Shan-North;Hopang;MMR;MMR015D006;MMR015;May;2016;0;0
Myanmar;Shan-North;Kokang Self-Administered Zone;MMR;MMR015D221;MMR015;May;2016;0;0
Myanmar;Shan-North;Muse;MMR;MMR015D002;MMR015;May;2016;11;0
Myanmar;Sagaing;Kale;MMR;MMR005D005;MMR005;May;2016;0;0
Myanmar;Sagaing;Sagaing;MMR;MMR005D001;MMR005;May;2016;0;0
Myanmar;Bago-East;Bago;MMR;MMR007D001;MMR007;May;2016;0;0
Myanmar;Chin;Hakha;MMR;MMR004D003;MMR004;May;2016;0;0
Myanmar;Kachin;Mohnyin;MMR;MMR001D002;MMR001;May;2016;17;1
Myanmar;Kachin;Puta-O;MMR;MMR001D004;MMR001;May;2016;0;0
Myanmar;Kayin;Hpa-An;MMR;MMR003D001;MMR003;May;2016;0;0
Myanmar;Kayin;Myawaddy;MMR;MMR003D002;MMR003;May;2016;0;0
Myanmar;Mandalay;Mandalay;MMR;MMR010D001;MMR010;May;2016;0;0
Myanmar;Mandalay;Meiktila;MMR;MMR010D007;MMR010;May;2016;0;0
Myanmar;Sagaing;Kawlin;MMR;MMR005D011;MMR005;May;2016;0;0
Myanmar;Sagaing;Naga Self-Administered Zone;MMR;NA;NA;May;2016;0;0
Myanmar;Shan-South;Langkho;MMR;MMR014D003;MMR014;May;2016;0;0
Myanmar;Shan-South;Loilen;MMR;MMR014D002;MMR014;May;2016;0;0
Myanmar;Chin;Falam;MMR;MMR004D001;MMR004;May;2016;0;0
Myanmar;Kayin;Hpapun;MMR;MMR003D004;MMR003;May;2016;0;0
Myanmar;Mandalay;Nyaung-U;MMR;MMR010D005;MMR010;May;2016;0;0
Myanmar;Mon;Thaton;MMR;MMR011D002;MMR011;May;2016;0;0
Myanmar;Rakhine;Sittwe;MMR;MMR012D001;MMR012;May;2016;1;0
Myanmar;Sagaing;Mawlaik;MMR;MMR005D007;MMR005;May;2016;0;0
Myanmar;Sagaing;Monywa;MMR;MMR005D003;MMR005;May;2016;0;0
Myanmar;Sagaing;Yinmarbin;MMR;MMR005D009;MMR005;May;2016;0;0
Myanmar;Shan-East;Tachileik;MMR;MMR016D003;MMR016;May;2016;0;0
Myanmar;Tanintharyi;Kawthoung;MMR;MMR006D003;MMR006;May;2016;0;0
Myanmar;Yangon;Yangon-West;MMR;MMR013D004;MMR013;May;2016;0;0
Myanmar;Ayeyarwady;Hinthada;MMR;MMR017D002;MMR017;May;2016;0;0
Myanmar;Bago-West;Thayarwady;MMR;MMR008D002;MMR008;May;2016;0;0
Myanmar;Kayah;Bawlake;MMR;MMR002D002;MMR002;May;2016;0;0
Myanmar;Mandalay;Pyinoolwin;MMR;MMR010D002;MMR010;May;2016;0;0
Myanmar;Mandalay;Yamethin;MMR;MMR010D006;MMR010;May;2016;0;0
Myanmar;Mon;Mawlamyine;MMR;MMR011D001;MMR011;May;2016;0;0
Myanmar;Nay Pyi Taw;Det Khi Na;MMR;MMR018D002;MMR018;May;2016;0;0
Myanmar;Sagaing;Kanbalu;MMR;MMR005D010;MMR005;May;2016;0;0
Myanmar;Shan-North;Lashio;MMR;MMR015D001;MMR015;May;2016;1;0
Myanmar;Shan-South;Danu Self-Administered Zone;MMR;NA;NA;May;2016;0;0
Myanmar;Tanintharyi;Myeik;MMR;MMR006D002;MMR006;May;2016;0;0
Myanmar;Ayeyarwady;Myaungmya;MMR;MMR017D003;MMR017;June;2016;0;0
Myanmar;Chin;Matupi;MMR;MMR004D004;MMR004;June;2016;3;0
Myanmar;Magway;Magway;MMR;MMR009D001;MMR009;June;2016;0;0
Myanmar;Magway;Minbu;MMR;MMR009D002;MMR009;June;2016;0;0
Myanmar;Sagaing;Hkamti;MMR;MMR005D008;MMR005;June;2016;0;0
Myanmar;Sagaing;Katha;MMR;MMR005D004;MMR005;June;2016;0;0
Myanmar;Sagaing;Shwebo;MMR;MMR005D002;MMR005;June;2016;0;0
Myanmar;Sagaing;Tamu;MMR;MMR005D006;MMR005;June;2016;0;0
Myanmar;Shan-North;Kyaukme;MMR;NA;NA;June;2016;3;0
Myanmar;Shan-North;Matman;MMR;MMR015D007;MMR015;June;2016;0;0
Myanmar;Shan-North;Pa Laung Self-Administered Zone;MMR;NA;NA;June;2016;0;0
Myanmar;Yangon;Yangon-East;MMR;MMR013D002;MMR013;June;2016;0;0
Myanmar;Ayeyarwady;Pathein;MMR;MMR017D001;MMR017;June;2016;0;0
Myanmar;Ayeyarwady;Pyapon;MMR;MMR017D006;MMR017;June;2016;0;0
Myanmar;Bago-East;Taungoo;MMR;MMR007D002;MMR007;June;2016;0;0
Myanmar;Kayah;Loikaw;MMR;MMR002D001;MMR002;June;2016;0;0
Myanmar;Kayin;Kawkareik;MMR;MMR003D003;MMR003;June;2016;0;0
Myanmar;Magway;Thayet;MMR;MMR009D003;MMR009;June;2016;0;0
Myanmar;Mandalay;Kyaukse;MMR;MMR010D003;MMR010;June;2016;0;0
Myanmar;Rakhine;Kyaukpyu;MMR;MMR012D003;MMR012;June;2016;0;0
Myanmar;Shan-East;Monghsat;MMR;MMR016D002;MMR016;June;2016;0;0
Myanmar;Shan-South;Pa-O Self-Administered Zone;MMR;NA;NA;June;2016;0;0
Myanmar;Shan-South;Taunggyi;MMR;MMR014D001;MMR014;June;2016;2;7
Myanmar;Tanintharyi;Dawei;MMR;MMR006D001;MMR006;June;2016;0;0
Myanmar;Yangon;Yangon-North;MMR;MMR013D001;MMR013;June;2016;0;0
Myanmar;Bago-West;Pyay;MMR;MMR008D001;MMR008;June;2016;0;0
Myanmar;Chin;Mindat;MMR;MMR004D002;MMR004;June;2016;0;0
Myanmar;Kachin;Bhamo;MMR;MMR001D003;MMR001;June;2016;2;0
Myanmar;Kachin;Myitkyina;MMR;MMR001D001;MMR001;June;2016;18;4
Myanmar;Magway;Gangaw;MMR;MMR009D005;MMR009;June;2016;0;0
Myanmar;Nay Pyi Taw;Oke Ta Ra;MMR;MMR018D001;MMR018;June;2016;0;0
Myanmar;Rakhine;Thandwe;MMR;MMR012D004;MMR012;June;2016;0;0
Myanmar;Shan-East;Kengtung;MMR;MMR016D001;MMR016;June;2016;0;0
Myanmar;Shan-North;Mongmit;MMR;MMR015D008;MMR015;June;2016;0;0
Myanmar;Yangon;Yangon-South;MMR;MMR013D003;MMR013;June;2016;0;0
Myanmar;Ayeyarwady;Labutta;MMR;MMR017D004;MMR017;June;2016;0;0
Myanmar;Ayeyarwady;Maubin;MMR;MMR017D005;MMR017;June;2016;0;0
Myanmar;Magway;Pakokku;MMR;MMR009D004;MMR009;June;2016;0;0
Myanmar;Mandalay;Myingyan;MMR;MMR010D004;MMR010;June;2016;0;0
Myanmar;Rakhine;Maungdaw;MMR;MMR012D002;MMR012;June;2016;1;1
Myanmar;Rakhine;Mrauk-U;MMR;MMR012D005;MMR012;June;2016;0;0
Myanmar;Shan-North;Hopang;MMR;MMR015D006;MMR015;June;2016;0;0
Myanmar;Shan-North;Kokang Self-Administered Zone;MMR;MMR015D221;MMR015;June;2016;0;0
Myanmar;Shan-North;Muse;MMR;MMR015D002;MMR015;June;2016;7;3
Myanmar;Sagaing;Kale;MMR;MMR005D005;MMR005;June;2016;0;0
Myanmar;Sagaing;Sagaing;MMR;MMR005D001;MMR005;June;2016;0;0
Myanmar;Bago-East;Bago;MMR;MMR007D001;MMR007;June;2016;1;0
Myanmar;Chin;Hakha;MMR;MMR004D003;MMR004;June;2016;0;0
Myanmar;Kachin;Mohnyin;MMR;MMR001D002;MMR001;June;2016;0;0
Myanmar;Kachin;Puta-O;MMR;MMR001D004;MMR001;June;2016;0;0
Myanmar;Kayin;Hpa-An;MMR;MMR003D001;MMR003;June;2016;0;0
Myanmar;Kayin;Myawaddy;MMR;MMR003D002;MMR003;June;2016;0;0
Myanmar;Mandalay;Mandalay;MMR;MMR010D001;MMR010;June;2016;0;0
Myanmar;Mandalay;Meiktila;MMR;MMR010D007;MMR010;June;2016;0;0
Myanmar;Sagaing;Kawlin;MMR;MMR005D011;MMR005;June;2016;0;0
Myanmar;Sagaing;Naga Self-Administered Zone;MMR;NA;NA;June;2016;0;0
Myanmar;Shan-South;Langkho;MMR;MMR014D003;MMR014;June;2016;0;0
Myanmar;Shan-South;Loilen;MMR;MMR014D002;MMR014;June;2016;0;0
Myanmar;Chin;Falam;MMR;MMR004D001;MMR004;June;2016;0;0
Myanmar;Kayin;Hpapun;MMR;MMR003D004;MMR003;June;2016;0;0
Myanmar;Mandalay;Nyaung-U;MMR;MMR010D005;MMR010;June;2016;0;0
Myanmar;Mon;Thaton;MMR;MMR011D002;MMR011;June;2016;0;0
Myanmar;Rakhine;Sittwe;MMR;MMR012D001;MMR012;June;2016;1;0
Myanmar;Sagaing;Mawlaik;MMR;MMR005D007;MMR005;June;2016;0;0
Myanmar;Sagaing;Monywa;MMR;MMR005D003;MMR005;June;2016;0;0
Myanmar;Sagaing;Yinmarbin;MMR;MMR005D009;MMR005;June;2016;0;0
Myanmar;Shan-East;Tachileik;MMR;MMR016D003;MMR016;June;2016;0;0
Myanmar;Tanintharyi;Kawthoung;MMR;MMR006D003;MMR006;June;2016;0;0
Myanmar;Yangon;Yangon-West;MMR;MMR013D004;MMR013;June;2016;0;0
Myanmar;Ayeyarwady;Hinthada;MMR;MMR017D002;MMR017;June;2016;0;0
Myanmar;Bago-West;Thayarwady;MMR;MMR008D002;MMR008;June;2016;0;0
Myanmar;Kayah;Bawlake;MMR;MMR002D002;MMR002;June;2016;0;0
Myanmar;Mandalay;Pyinoolwin;MMR;MMR010D002;MMR010;June;2016;0;0
Myanmar;Mandalay;Yamethin;MMR;MMR010D006;MMR010;June;2016;0;0
Myanmar;Mon;Mawlamyine;MMR;MMR011D001;MMR011;June;2016;0;0
Myanmar;Nay Pyi Taw;Det Khi Na;MMR;MMR018D002;MMR018;June;2016;0;0
Myanmar;Sagaing;Kanbalu;MMR;MMR005D010;MMR005;June;2016;0;0
Myanmar;Shan-North;Lashio;MMR;MMR015D001;MMR015;June;2016;2;14
Myanmar;Shan-South;Danu Self-Administered Zone;MMR;NA;NA;June;2016;0;0
Myanmar;Tanintharyi;Myeik;MMR;MMR006D002;MMR006;June;2016;0;0
Myanmar;Ayeyarwady;Myaungmya;MMR;MMR017D003;MMR017;July;2016;0;0
Myanmar;Chin;Matupi;MMR;MMR004D004;MMR004;July;2016;0;0
Myanmar;Magway;Magway;MMR;MMR009D001;MMR009;July;2016;0;0
Myanmar;Magway;Minbu;MMR;MMR009D002;MMR009;July;2016;0;0
Myanmar;Sagaing;Hkamti;MMR;MMR005D008;MMR005;July;2016;0;0
Myanmar;Sagaing;Katha;MMR;MMR005D004;MMR005;July;2016;0;0
Myanmar;Sagaing;Shwebo;MMR;MMR005D002;MMR005;July;2016;0;0
Myanmar;Sagaing;Tamu;MMR;MMR005D006;MMR005;July;2016;0;0
Myanmar;Shan-North;Kyaukme;MMR;NA;NA;July;2016;11;14
Myanmar;Shan-North;Matman;MMR;MMR015D007;MMR015;July;2016;0;0
Myanmar;Shan-North;Pa Laung Self-Administered Zone;MMR;NA;NA;July;2016;4;1
Myanmar;Yangon;Yangon-East;MMR;MMR013D002;MMR013;July;2016;0;0
Myanmar;Ayeyarwady;Pathein;MMR;MMR017D001;MMR017;July;2016;0;0
Myanmar;Ayeyarwady;Pyapon;MMR;MMR017D006;MMR017;July;2016;0;0
Myanmar;Bago-East;Taungoo;MMR;MMR007D002;MMR007;July;2016;0;0
Myanmar;Kayah;Loikaw;MMR;MMR002D001;MMR002;July;2016;0;0
Myanmar;Kayin;Kawkareik;MMR;MMR003D003;MMR003;July;2016;0;0
Myanmar;Magway;Thayet;MMR;MMR009D003;MMR009;July;2016;0;0
Myanmar;Mandalay;Kyaukse;MMR;MMR010D003;MMR010;July;2016;0;0
Myanmar;Rakhine;Kyaukpyu;MMR;MMR012D003;MMR012;July;2016;0;0
Myanmar;Shan-East;Monghsat;MMR;MMR016D002;MMR016;July;2016;0;0
Myanmar;Shan-South;Pa-O Self-Administered Zone;MMR;NA;NA;July;2016;0;0
Myanmar;Shan-South;Taunggyi;MMR;MMR014D001;MMR014;July;2016;0;0
Myanmar;Tanintharyi;Dawei;MMR;MMR006D001;MMR006;July;2016;0;0
Myanmar;Yangon;Yangon-North;MMR;MMR013D001;MMR013;July;2016;0;0
Myanmar;Bago-West;Pyay;MMR;MMR008D001;MMR008;July;2016;0;0
Myanmar;Chin;Mindat;MMR;MMR004D002;MMR004;July;2016;0;0
Myanmar;Kachin;Bhamo;MMR;MMR001D003;MMR001;July;2016;2;0
Myanmar;Kachin;Myitkyina;MMR;MMR001D001;MMR001;July;2016;10;0
Myanmar;Magway;Gangaw;MMR;MMR009D005;MMR009;July;2016;0;0
Myanmar;Nay Pyi Taw;Oke Ta Ra;MMR;MMR018D001;MMR018;July;2016;0;0
Myanmar;Rakhine;Thandwe;MMR;MMR012D004;MMR012;July;2016;0;0
Myanmar;Shan-East;Kengtung;MMR;MMR016D001;MMR016;July;2016;0;0
Myanmar;Shan-North;Mongmit;MMR;MMR015D008;MMR015;July;2016;0;0
Myanmar;Yangon;Yangon-South;MMR;MMR013D003;MMR013;July;2016;0;0
Myanmar;Ayeyarwady;Labutta;MMR;MMR017D004;MMR017;July;2016;0;0
Myanmar;Ayeyarwady;Maubin;MMR;MMR017D005;MMR017;July;2016;0;0
Myanmar;Magway;Pakokku;MMR;MMR009D004;MMR009;July;2016;0;0
Myanmar;Mandalay;Myingyan;MMR;MMR010D004;MMR010;July;2016;0;0
Myanmar;Rakhine;Maungdaw;MMR;MMR012D002;MMR012;July;2016;0;0
Myanmar;Rakhine;Mrauk-U;MMR;MMR012D005;MMR012;July;2016;0;0
Myanmar;Shan-North;Hopang;MMR;MMR015D006;MMR015;July;2016;0;0
Myanmar;Shan-North;Kokang Self-Administered Zone;MMR;MMR015D221;MMR015;July;2016;0;0
Myanmar;Shan-North;Muse;MMR;MMR015D002;MMR015;July;2016;8;3
Myanmar;Sagaing;Kale;MMR;MMR005D005;MMR005;July;2016;0;0
Myanmar;Sagaing;Sagaing;MMR;MMR005D001;MMR005;July;2016;0;0
Myanmar;Bago-East;Bago;MMR;MMR007D001;MMR007;July;2016;0;0
Myanmar;Chin;Hakha;MMR;MMR004D003;MMR004;July;2016;0;0
Myanmar;Kachin;Mohnyin;MMR;MMR001D002;MMR001;July;2016;6;1
Myanmar;Kachin;Puta-O;MMR;MMR001D004;MMR001;July;2016;0;0
Myanmar;Kayin;Hpa-An;MMR;MMR003D001;MMR003;July;2016;0;0
Myanmar;Kayin;Myawaddy;MMR;MMR003D002;MMR003;July;2016;0;0
Myanmar;Mandalay;Mandalay;MMR;MMR010D001;MMR010;July;2016;0;0
Myanmar;Mandalay;Meiktila;MMR;MMR010D007;MMR010;July;2016;0;0
Myanmar;Sagaing;Kawlin;MMR;MMR005D011;MMR005;July;2016;0;0
Myanmar;Sagaing;Naga Self-Administered Zone;MMR;NA;NA;July;2016;0;0
Myanmar;Shan-South;Langkho;MMR;MMR014D003;MMR014;July;2016;0;0
Myanmar;Shan-South;Loilen;MMR;MMR014D002;MMR014;July;2016;0;0
Myanmar;Chin;Falam;MMR;MMR004D001;MMR004;July;2016;0;0
Myanmar;Kayin;Hpapun;MMR;MMR003D004;MMR003;July;2016;0;0
Myanmar;Mandalay;Nyaung-U;MMR;MMR010D005;MMR010;July;2016;0;0
Myanmar;Mon;Thaton;MMR;MMR011D002;MMR011;July;2016;0;0
Myanmar;Rakhine;Sittwe;MMR;MMR012D001;MMR012;July;2016;0;0
Myanmar;Sagaing;Mawlaik;MMR;MMR005D007;MMR005;July;2016;0;0
Myanmar;Sagaing;Monywa;MMR;MMR005D003;MMR005;July;2016;0;0
Myanmar;Sagaing;Yinmarbin;MMR;MMR005D009;MMR005;July;2016;0;0
Myanmar;Shan-East;Tachileik;MMR;MMR016D003;MMR016;July;2016;0;0
Myanmar;Tanintharyi;Kawthoung;MMR;MMR006D003;MMR006;July;2016;0;0
Myanmar;Yangon;Yangon-West;MMR;MMR013D004;MMR013;July;2016;0;0
Myanmar;Ayeyarwady;Hinthada;MMR;MMR017D002;MMR017;July;2016;0;0
Myanmar;Bago-West;Thayarwady;MMR;MMR008D002;MMR008;July;2016;0;0
Myanmar;Kayah;Bawlake;MMR;MMR002D002;MMR002;July;2016;0;0
Myanmar;Mandalay;Pyinoolwin;MMR;MMR010D002;MMR010;July;2016;0;0
Myanmar;Mandalay;Yamethin;MMR;MMR010D006;MMR010;July;2016;0;0
Myanmar;Mon;Mawlamyine;MMR;MMR011D001;MMR011;July;2016;0;0
Myanmar;Nay Pyi Taw;Det Khi Na;MMR;MMR018D002;MMR018;July;2016;0;0
Myanmar;Sagaing;Kanbalu;MMR;MMR005D010;MMR005;July;2016;0;0
Myanmar;Shan-North;Lashio;MMR;MMR015D001;MMR015;July;2016;0;0
Myanmar;Shan-South;Danu Self-Administered Zone;MMR;NA;NA;July;2016;0;0
Myanmar;Tanintharyi;Myeik;MMR;MMR006D002;MMR006;July;2016;0;0
Myanmar;Ayeyarwady;Myaungmya;MMR;MMR017D003;MMR017;August;2016;0;0
Myanmar;Chin;Matupi;MMR;MMR004D004;MMR004;August;2016;0;0
Myanmar;Magway;Magway;MMR;MMR009D001;MMR009;August;2016;0;0
Myanmar;Magway;Minbu;MMR;MMR009D002;MMR009;August;2016;0;0
Myanmar;Sagaing;Hkamti;MMR;MMR005D008;MMR005;August;2016;0;0
Myanmar;Sagaing;Katha;MMR;MMR005D004;MMR005;August;2016;0;0
Myanmar;Sagaing;Shwebo;MMR;MMR005D002;MMR005;August;2016;0;0
Myanmar;Sagaing;Tamu;MMR;MMR005D006;MMR005;August;2016;0;0
Myanmar;Shan-North;Kyaukme;MMR;NA;NA;August;2016;2;3
Myanmar;Shan-North;Matman;MMR;MMR015D007;MMR015;August;2016;0;0
Myanmar;Shan-North;Pa Laung Self-Administered Zone;MMR;NA;NA;August;2016;2;0
Myanmar;Yangon;Yangon-East;MMR;MMR013D002;MMR013;August;2016;0;0
Myanmar;Ayeyarwady;Pathein;MMR;MMR017D001;MMR017;August;2016;0;0
Myanmar;Ayeyarwady;Pyapon;MMR;MMR017D006;MMR017;August;2016;0;0
Myanmar;Bago-East;Taungoo;MMR;MMR007D002;MMR007;August;2016;0;0
Myanmar;Kayah;Loikaw;MMR;MMR002D001;MMR002;August;2016;0;0
Myanmar;Kayin;Kawkareik;MMR;MMR003D003;MMR003;August;2016;3;1
Myanmar;Magway;Thayet;MMR;MMR009D003;MMR009;August;2016;0;0
Myanmar;Mandalay;Kyaukse;MMR;MMR010D003;MMR010;August;2016;0;0
Myanmar;Rakhine;Kyaukpyu;MMR;MMR012D003;MMR012;August;2016;0;0
Myanmar;Shan-East;Monghsat;MMR;MMR016D002;MMR016;August;2016;0;0
Myanmar;Shan-South;Pa-O Self-Administered Zone;MMR;NA;NA;August;2016;0;0
Myanmar;Shan-South;Taunggyi;MMR;MMR014D001;MMR014;August;2016;0;0
Myanmar;Tanintharyi;Dawei;MMR;MMR006D001;MMR006;August;2016;0;0
Myanmar;Yangon;Yangon-North;MMR;MMR013D001;MMR013;August;2016;0;0
Myanmar;Bago-West;Pyay;MMR;MMR008D001;MMR008;August;2016;0;0
Myanmar;Chin;Mindat;MMR;MMR004D002;MMR004;August;2016;0;0
Myanmar;Kachin;Bhamo;MMR;MMR001D003;MMR001;August;2016;7;0
Myanmar;Kachin;Myitkyina;MMR;MMR001D001;MMR001;August;2016;30;3
Myanmar;Magway;Gangaw;MMR;MMR009D005;MMR009;August;2016;0;0
Myanmar;Nay Pyi Taw;Oke Ta Ra;MMR;MMR018D001;MMR018;August;2016;0;0
Myanmar;Rakhine;Thandwe;MMR;MMR012D004;MMR012;August;2016;0;0
Myanmar;Shan-East;Kengtung;MMR;MMR016D001;MMR016;August;2016;0;0
Myanmar;Shan-North;Mongmit;MMR;MMR015D008;MMR015;August;2016;0;0
Myanmar;Yangon;Yangon-South;MMR;MMR013D003;MMR013;August;2016;0;0
Myanmar;Ayeyarwady;Labutta;MMR;MMR017D004;MMR017;August;2016;0;0
Myanmar;Ayeyarwady;Maubin;MMR;MMR017D005;MMR017;August;2016;0;0
Myanmar;Magway;Pakokku;MMR;MMR009D004;MMR009;August;2016;0;0
Myanmar;Mandalay;Myingyan;MMR;MMR010D004;MMR010;August;2016;0;0
Myanmar;Rakhine;Maungdaw;MMR;MMR012D002;MMR012;August;2016;0;0
Myanmar;Rakhine;Mrauk-U;MMR;MMR012D005;MMR012;August;2016;0;0
Myanmar;Shan-North;Hopang;MMR;MMR015D006;MMR015;August;2016;0;0
Myanmar;Shan-North;Kokang Self-Administered Zone;MMR;MMR015D221;MMR015;August;2016;0;0
Myanmar;Shan-North;Muse;MMR;MMR015D002;MMR015;August;2016;8;0
Myanmar;Sagaing;Kale;MMR;MMR005D005;MMR005;August;2016;0;0
Myanmar;Sagaing;Sagaing;MMR;MMR005D001;MMR005;August;2016;0;0
Myanmar;Bago-East;Bago;MMR;MMR007D001;MMR007;August;2016;0;0
Myanmar;Chin;Hakha;MMR;MMR004D003;MMR004;August;2016;0;0
Myanmar;Kachin;Mohnyin;MMR;MMR001D002;MMR001;August;2016;21;5
Myanmar;Kachin;Puta-O;MMR;MMR001D004;MMR001;August;2016;0;0
Myanmar;Kayin;Hpa-An;MMR;MMR003D001;MMR003;August;2016;0;0
Myanmar;Kayin;Myawaddy;MMR;MMR003D002;MMR003;August;2016;0;0
Myanmar;Mandalay;Mandalay;MMR;MMR010D001;MMR010;August;2016;0;0
Myanmar;Mandalay;Meiktila;MMR;MMR010D007;MMR010;August;2016;0;0
Myanmar;Sagaing;Kawlin;MMR;MMR005D011;MMR005;August;2016;0;0
Myanmar;Sagaing;Naga Self-Administered Zone;MMR;NA;NA;August;2016;0;0
Myanmar;Shan-South;Langkho;MMR;MMR014D003;MMR014;August;2016;0;0
Myanmar;Shan-South;Loilen;MMR;MMR014D002;MMR014;August;2016;0;0
Myanmar;Chin;Falam;MMR;MMR004D001;MMR004;August;2016;0;0
Myanmar;Kayin;Hpapun;MMR;MMR003D004;MMR003;August;2016;0;0
Myanmar;Mandalay;Nyaung-U;MMR;MMR010D005;MMR010;August;2016;0;0
Myanmar;Mon;Thaton;MMR;MMR011D002;MMR011;August;2016;0;0
Myanmar;Rakhine;Sittwe;MMR;MMR012D001;MMR012;August;2016;0;0
Myanmar;Sagaing;Mawlaik;MMR;MMR005D007;MMR005;August;2016;0;0
Myanmar;Sagaing;Monywa;MMR;MMR005D003;MMR005;August;2016;0;0
Myanmar;Sagaing;Yinmarbin;MMR;MMR005D009;MMR005;August;2016;0;0
Myanmar;Shan-East;Tachileik;MMR;MMR016D003;MMR016;August;2016;0;0
Myanmar;Tanintharyi;Kawthoung;MMR;MMR006D003;MMR006;August;2016;0;0
Myanmar;Yangon;Yangon-West;MMR;MMR013D004;MMR013;August;2016;0;0
Myanmar;Ayeyarwady;Hinthada;MMR;MMR017D002;MMR017;August;2016;0;0
Myanmar;Bago-West;Thayarwady;MMR;MMR008D002;MMR008;August;2016;0;0
Myanmar;Kayah;Bawlake;MMR;MMR002D002;MMR002;August;2016;0;0
Myanmar;Mandalay;Pyinoolwin;MMR;MMR010D002;MMR010;August;2016;0;0
Myanmar;Mandalay;Yamethin;MMR;MMR010D006;MMR010;August;2016;0;0
Myanmar;Mon;Mawlamyine;MMR;MMR011D001;MMR011;August;2016;0;0
Myanmar;Nay Pyi Taw;Det Khi Na;MMR;MMR018D002;MMR018;August;2016;0;0
Myanmar;Sagaing;Kanbalu;MMR;MMR005D010;MMR005;August;2016;0;0
Myanmar;Shan-North;Lashio;MMR;MMR015D001;MMR015;August;2016;2;0
Myanmar;Shan-South;Danu Self-Administered Zone;MMR;NA;NA;August;2016;0;0
Myanmar;Tanintharyi;Myeik;MMR;MMR006D002;MMR006;August;2016;0;0
Myanmar;Ayeyarwady;Myaungmya;MMR;MMR017D003;MMR017;September;2016;0;0
Myanmar;Chin;Matupi;MMR;MMR004D004;MMR004;September;2016;0;0
Myanmar;Magway;Magway;MMR;MMR009D001;MMR009;September;2016;0;0
Myanmar;Magway;Minbu;MMR;MMR009D002;MMR009;September;2016;0;0
Myanmar;Sagaing;Hkamti;MMR;MMR005D008;MMR005;September;2016;0;0
Myanmar;Sagaing;Katha;MMR;MMR005D004;MMR005;September;2016;0;0
Myanmar;Sagaing;Shwebo;MMR;MMR005D002;MMR005;September;2016;0;0
Myanmar;Sagaing;Tamu;MMR;MMR005D006;MMR005;September;2016;0;0
Myanmar;Shan-North;Kyaukme;MMR;NA;NA;September;2016;1;0
Myanmar;Shan-North;Matman;MMR;MMR015D007;MMR015;September;2016;0;0
Myanmar;Shan-North;Pa Laung Self-Administered Zone;MMR;NA;NA;September;2016;1;0
Myanmar;Yangon;Yangon-East;MMR;MMR013D002;MMR013;September;2016;0;0
Myanmar;Ayeyarwady;Pathein;MMR;MMR017D001;MMR017;September;2016;0;0
Myanmar;Ayeyarwady;Pyapon;MMR;MMR017D006;MMR017;September;2016;0;0
Myanmar;Bago-East;Taungoo;MMR;MMR007D002;MMR007;September;2016;0;0
Myanmar;Kayah;Loikaw;MMR;MMR002D001;MMR002;September;2016;0;0
Myanmar;Kayin;Kawkareik;MMR;MMR003D003;MMR003;September;2016;0;0
Myanmar;Magway;Thayet;MMR;MMR009D003;MMR009;September;2016;0;0
Myanmar;Mandalay;Kyaukse;MMR;MMR010D003;MMR010;September;2016;0;0
Myanmar;Rakhine;Kyaukpyu;MMR;MMR012D003;MMR012;September;2016;0;0
Myanmar;Shan-East;Monghsat;MMR;MMR016D002;MMR016;September;2016;0;0
Myanmar;Shan-South;Pa-O Self-Administered Zone;MMR;NA;NA;September;2016;0;0
Myanmar;Shan-South;Taunggyi;MMR;MMR014D001;MMR014;September;2016;0;0
Myanmar;Tanintharyi;Dawei;MMR;MMR006D001;MMR006;September;2016;1;0
Myanmar;Yangon;Yangon-North;MMR;MMR013D001;MMR013;September;2016;0;0
Myanmar;Bago-West;Pyay;MMR;MMR008D001;MMR008;September;2016;0;0
Myanmar;Chin;Mindat;MMR;MMR004D002;MMR004;September;2016;0;0
Myanmar;Kachin;Bhamo;MMR;MMR001D003;MMR001;September;2016;0;0
Myanmar;Kachin;Myitkyina;MMR;MMR001D001;MMR001;September;2016;27;3
Myanmar;Magway;Gangaw;MMR;MMR009D005;MMR009;September;2016;0;0
Myanmar;Nay Pyi Taw;Oke Ta Ra;MMR;MMR018D001;MMR018;September;2016;0;0
Myanmar;Rakhine;Thandwe;MMR;MMR012D004;MMR012;September;2016;0;0
Myanmar;Shan-East;Kengtung;MMR;MMR016D001;MMR016;September;2016;2;0
Myanmar;Shan-North;Mongmit;MMR;MMR015D008;MMR015;September;2016;0;0
Myanmar;Yangon;Yangon-South;MMR;MMR013D003;MMR013;September;2016;0;0
Myanmar;Ayeyarwady;Labutta;MMR;MMR017D004;MMR017;September;2016;0;0
Myanmar;Ayeyarwady;Maubin;MMR;MMR017D005;MMR017;September;2016;0;0
Myanmar;Magway;Pakokku;MMR;MMR009D004;MMR009;September;2016;0;0
Myanmar;Mandalay;Myingyan;MMR;MMR010D004;MMR010;September;2016;0;0
Myanmar;Rakhine;Maungdaw;MMR;MMR012D002;MMR012;September;2016;1;2
Myanmar;Rakhine;Mrauk-U;MMR;MMR012D005;MMR012;September;2016;0;0
Myanmar;Shan-North;Hopang;MMR;MMR015D006;MMR015;September;2016;0;0
Myanmar;Shan-North;Kokang Self-Administered Zone;MMR;MMR015D221;MMR015;September;2016;1;0
Myanmar;Shan-North;Muse;MMR;MMR015D002;MMR015;September;2016;3;0
Myanmar;Sagaing;Kale;MMR;MMR005D005;MMR005;September;2016;0;0
Myanmar;Sagaing;Sagaing;MMR;MMR005D001;MMR005;September;2016;0;0
Myanmar;Bago-East;Bago;MMR;MMR007D001;MMR007;September;2016;0;0
Myanmar;Chin;Hakha;MMR;MMR004D003;MMR004;September;2016;0;0
Myanmar;Kachin;Mohnyin;MMR;MMR001D002;MMR001;September;2016;4;0
Myanmar;Kachin;Puta-O;MMR;MMR001D004;MMR001;September;2016;0;0
Myanmar;Kayin;Hpa-An;MMR;MMR003D001;MMR003;September;2016;7;7
Myanmar;Kayin;Myawaddy;MMR;MMR003D002;MMR003;September;2016;0;0
Myanmar;Mandalay;Mandalay;MMR;MMR010D001;MMR010;September;2016;0;0
Myanmar;Mandalay;Meiktila;MMR;MMR010D007;MMR010;September;2016;0;0
Myanmar;Sagaing;Kawlin;MMR;MMR005D011;MMR005;September;2016;0;0
Myanmar;Sagaing;Naga Self-Administered Zone;MMR;NA;NA;September;2016;0;0
Myanmar;Shan-South;Langkho;MMR;MMR014D003;MMR014;September;2016;0;0
Myanmar;Shan-South;Loilen;MMR;MMR014D002;MMR014;September;2016;2;2
Myanmar;Chin;Falam;MMR;MMR004D001;MMR004;September;2016;0;0
Myanmar;Kayin;Hpapun;MMR;MMR003D004;MMR003;September;2016;1;1
Myanmar;Mandalay;Nyaung-U;MMR;MMR010D005;MMR010;September;2016;0;0
Myanmar;Mon;Thaton;MMR;MMR011D002;MMR011;September;2016;0;0
Myanmar;Rakhine;Sittwe;MMR;MMR012D001;MMR012;September;2016;0;0
Myanmar;Sagaing;Mawlaik;MMR;MMR005D007;MMR005;September;2016;0;0
Myanmar;Sagaing;Monywa;MMR;MMR005D003;MMR005;September;2016;0;0
Myanmar;Sagaing;Yinmarbin;MMR;MMR005D009;MMR005;September;2016;0;0
Myanmar;Shan-East;Tachileik;MMR;MMR016D003;MMR016;September;2016;0;0
Myanmar;Tanintharyi;Kawthoung;MMR;MMR006D003;MMR006;September;2016;0;0
Myanmar;Yangon;Yangon-West;MMR;MMR013D004;MMR013;September;2016;0;0
Myanmar;Ayeyarwady;Hinthada;MMR;MMR017D002;MMR017;September;2016;0;0
Myanmar;Bago-West;Thayarwady;MMR;MMR008D002;MMR008;September;2016;0;0
Myanmar;Kayah;Bawlake;MMR;MMR002D002;MMR002;September;2016;0;0
Myanmar;Mandalay;Pyinoolwin;MMR;MMR010D002;MMR010;September;2016;0;0
Myanmar;Mandalay;Yamethin;MMR;MMR010D006;MMR010;September;2016;0;0
Myanmar;Mon;Mawlamyine;MMR;MMR011D001;MMR011;September;2016;0;0
Myanmar;Nay Pyi Taw;Det Khi Na;MMR;MMR018D002;MMR018;September;2016;0;0
Myanmar;Sagaing;Kanbalu;MMR;MMR005D010;MMR005;September;2016;0;0
Myanmar;Shan-North;Lashio;MMR;MMR015D001;MMR015;September;2016;1;0
Myanmar;Shan-South;Danu Self-Administered Zone;MMR;NA;NA;September;2016;0;0
Myanmar;Tanintharyi;Myeik;MMR;MMR006D002;MMR006;September;2016;0;0
Myanmar;Ayeyarwady;Myaungmya;MMR;MMR017D003;MMR017;October;2016;0;0
Myanmar;Chin;Matupi;MMR;MMR004D004;MMR004;October;2016;0;0
Myanmar;Magway;Magway;MMR;MMR009D001;MMR009;October;2016;0;0
Myanmar;Magway;Minbu;MMR;MMR009D002;MMR009;October;2016;0;0
Myanmar;Sagaing;Hkamti;MMR;MMR005D008;MMR005;October;2016;0;0
Myanmar;Sagaing;Katha;MMR;MMR005D004;MMR005;October;2016;0;0
Myanmar;Sagaing;Shwebo;MMR;MMR005D002;MMR005;October;2016;0;0
Myanmar;Sagaing;Tamu;MMR;MMR005D006;MMR005;October;2016;0;0
Myanmar;Shan-North;Kyaukme;MMR;NA;NA;October;2016;6;0
Myanmar;Shan-North;Matman;MMR;MMR015D007;MMR015;October;2016;0;0
Myanmar;Shan-North;Pa Laung Self-Administered Zone;MMR;NA;NA;October;2016;5;0
Myanmar;Yangon;Yangon-East;MMR;MMR013D002;MMR013;October;2016;0;0
Myanmar;Ayeyarwady;Pathein;MMR;MMR017D001;MMR017;October;2016;0;0
Myanmar;Ayeyarwady;Pyapon;MMR;MMR017D006;MMR017;October;2016;0;0
Myanmar;Bago-East;Taungoo;MMR;MMR007D002;MMR007;October;2016;0;0
Myanmar;Kayah;Loikaw;MMR;MMR002D001;MMR002;October;2016;0;0
Myanmar;Kayin;Kawkareik;MMR;MMR003D003;MMR003;October;2016;1;4
Myanmar;Magway;Thayet;MMR;MMR009D003;MMR009;October;2016;0;0
Myanmar;Mandalay;Kyaukse;MMR;MMR010D003;MMR010;October;2016;0;0
Myanmar;Rakhine;Kyaukpyu;MMR;MMR012D003;MMR012;October;2016;0;0
Myanmar;Shan-East;Monghsat;MMR;MMR016D002;MMR016;October;2016;0;0
Myanmar;Shan-South;Pa-O Self-Administered Zone;MMR;NA;NA;October;2016;0;0
Myanmar;Shan-South;Taunggyi;MMR;MMR014D001;MMR014;October;2016;0;0
Myanmar;Tanintharyi;Dawei;MMR;MMR006D001;MMR006;October;2016;1;0
Myanmar;Yangon;Yangon-North;MMR;MMR013D001;MMR013;October;2016;0;0
Myanmar;Bago-West;Pyay;MMR;MMR008D001;MMR008;October;2016;0;0
Myanmar;Chin;Mindat;MMR;MMR004D002;MMR004;October;2016;0;0
Myanmar;Kachin;Bhamo;MMR;MMR001D003;MMR001;October;2016;0;0
Myanmar;Kachin;Myitkyina;MMR;MMR001D001;MMR001;October;2016;30;0
Myanmar;Magway;Gangaw;MMR;MMR009D005;MMR009;October;2016;0;0
Myanmar;Nay Pyi Taw;Oke Ta Ra;MMR;MMR018D001;MMR018;October;2016;0;0
Myanmar;Rakhine;Thandwe;MMR;MMR012D004;MMR012;October;2016;0;0
Myanmar;Shan-East;Kengtung;MMR;MMR016D001;MMR016;October;2016;0;0
Myanmar;Shan-North;Mongmit;MMR;MMR015D008;MMR015;October;2016;0;0
Myanmar;Yangon;Yangon-South;MMR;MMR013D003;MMR013;October;2016;0;0
Myanmar;Ayeyarwady;Labutta;MMR;MMR017D004;MMR017;October;2016;0;0
Myanmar;Ayeyarwady;Maubin;MMR;MMR017D005;MMR017;October;2016;0;0
Myanmar;Magway;Pakokku;MMR;MMR009D004;MMR009;October;2016;0;0
Myanmar;Mandalay;Myingyan;MMR;MMR010D004;MMR010;October;2016;0;0
Myanmar;Rakhine;Maungdaw;MMR;MMR012D002;MMR012;October;2016;19;88
Myanmar;Rakhine;Mrauk-U;MMR;MMR012D005;MMR012;October;2016;0;0
Myanmar;Shan-North;Hopang;MMR;MMR015D006;MMR015;October;2016;0;0
Myanmar;Shan-North;Kokang Self-Administered Zone;MMR;MMR015D221;MMR015;October;2016;1;0
Myanmar;Shan-North;Muse;MMR;MMR015D002;MMR015;October;2016;10;2
Myanmar;Sagaing;Kale;MMR;MMR005D005;MMR005;October;2016;0;0
Myanmar;Sagaing;Sagaing;MMR;MMR005D001;MMR005;October;2016;0;0
Myanmar;Bago-East;Bago;MMR;MMR007D001;MMR007;October;2016;0;0
Myanmar;Chin;Hakha;MMR;MMR004D003;MMR004;October;2016;0;0
Myanmar;Kachin;Mohnyin;MMR;MMR001D002;MMR001;October;2016;1;1
Myanmar;Kachin;Puta-O;MMR;MMR001D004;MMR001;October;2016;0;0
Myanmar;Kayin;Hpa-An;MMR;MMR003D001;MMR003;October;2016;0;0
Myanmar;Kayin;Myawaddy;MMR;MMR003D002;MMR003;October;2016;0;0
Myanmar;Mandalay;Mandalay;MMR;MMR010D001;MMR010;October;2016;0;0
Myanmar;Mandalay;Meiktila;MMR;MMR010D007;MMR010;October;2016;0;0
Myanmar;Sagaing;Kawlin;MMR;MMR005D011;MMR005;October;2016;0;0
Myanmar;Sagaing;Naga Self-Administered Zone;MMR;NA;NA;October;2016;0;0
Myanmar;Shan-South;Langkho;MMR;MMR014D003;MMR014;October;2016;0;0
Myanmar;Shan-South;Loilen;MMR;MMR014D002;MMR014;October;2016;7;3
Myanmar;Chin;Falam;MMR;MMR004D001;MMR004;October;2016;0;0
Myanmar;Kayin;Hpapun;MMR;MMR003D004;MMR003;October;2016;0;0
Myanmar;Mandalay;Nyaung-U;MMR;MMR010D005;MMR010;October;2016;0;0
Myanmar;Mon;Thaton;MMR;MMR011D002;MMR011;October;2016;0;0
Myanmar;Rakhine;Sittwe;MMR;MMR012D001;MMR012;October;2016;2;3
Myanmar;Sagaing;Mawlaik;MMR;MMR005D007;MMR005;October;2016;0;0
Myanmar;Sagaing;Monywa;MMR;MMR005D003;MMR005;October;2016;0;0
Myanmar;Sagaing;Yinmarbin;MMR;MMR005D009;MMR005;October;2016;0;0
Myanmar;Shan-East;Tachileik;MMR;MMR016D003;MMR016;October;2016;0;0
Myanmar;Tanintharyi;Kawthoung;MMR;MMR006D003;MMR006;October;2016;0;0
Myanmar;Yangon;Yangon-West;MMR;MMR013D004;MMR013;October;2016;0;0
Myanmar;Ayeyarwady;Hinthada;MMR;MMR017D002;MMR017;October;2016;0;0
Myanmar;Bago-West;Thayarwady;MMR;MMR008D002;MMR008;October;2016;0;0
Myanmar;Kayah;Bawlake;MMR;MMR002D002;MMR002;October;2016;0;0
Myanmar;Mandalay;Pyinoolwin;MMR;MMR010D002;MMR010;October;2016;0;0
Myanmar;Mandalay;Yamethin;MMR;MMR010D006;MMR010;October;2016;0;0
Myanmar;Mon;Mawlamyine;MMR;MMR011D001;MMR011;October;2016;0;0
Myanmar;Nay Pyi Taw;Det Khi Na;MMR;MMR018D002;MMR018;October;2016;0;0
Myanmar;Sagaing;Kanbalu;MMR;MMR005D010;MMR005;October;2016;0;0
Myanmar;Shan-North;Lashio;MMR;MMR015D001;MMR015;October;2016;0;0
Myanmar;Shan-South;Danu Self-Administered Zone;MMR;NA;NA;October;2016;0;0
Myanmar;Tanintharyi;Myeik;MMR;MMR006D002;MMR006;October;2016;0;0
Myanmar;Ayeyarwady;Myaungmya;MMR;MMR017D003;MMR017;November;2016;0;0
Myanmar;Chin;Matupi;MMR;MMR004D004;MMR004;November;2016;1;1
Myanmar;Magway;Magway;MMR;MMR009D001;MMR009;November;2016;0;0
Myanmar;Magway;Minbu;MMR;MMR009D002;MMR009;November;2016;0;0
Myanmar;Sagaing;Hkamti;MMR;MMR005D008;MMR005;November;2016;0;0
Myanmar;Sagaing;Katha;MMR;MMR005D004;MMR005;November;2016;0;0
Myanmar;Sagaing;Shwebo;MMR;MMR005D002;MMR005;November;2016;0;0
Myanmar;Sagaing;Tamu;MMR;MMR005D006;MMR005;November;2016;0;0
Myanmar;Shan-North;Kyaukme;MMR;NA;NA;November;2016;4;1
Myanmar;Shan-North;Matman;MMR;MMR015D007;MMR015;November;2016;0;0
Myanmar;Shan-North;Pa Laung Self-Administered Zone;MMR;NA;NA;November;2016;16;6
Myanmar;Yangon;Yangon-East;MMR;MMR013D002;MMR013;November;2016;3;0
Myanmar;Ayeyarwady;Pathein;MMR;MMR017D001;MMR017;November;2016;0;0
Myanmar;Ayeyarwady;Pyapon;MMR;MMR017D006;MMR017;November;2016;0;0
Myanmar;Bago-East;Taungoo;MMR;MMR007D002;MMR007;November;2016;0;0
Myanmar;Kayah;Loikaw;MMR;MMR002D001;MMR002;November;2016;0;0
Myanmar;Kayin;Kawkareik;MMR;MMR003D003;MMR003;November;2016;0;0
Myanmar;Magway;Thayet;MMR;MMR009D003;MMR009;November;2016;0;0
Myanmar;Mandalay;Kyaukse;MMR;MMR010D003;MMR010;November;2016;0;0
Myanmar;Rakhine;Kyaukpyu;MMR;MMR012D003;MMR012;November;2016;0;0
Myanmar;Shan-East;Monghsat;MMR;MMR016D002;MMR016;November;2016;0;0
Myanmar;Shan-South;Pa-O Self-Administered Zone;MMR;NA;NA;November;2016;0;0
Myanmar;Shan-South;Taunggyi;MMR;MMR014D001;MMR014;November;2016;0;0
Myanmar;Tanintharyi;Dawei;MMR;MMR006D001;MMR006;November;2016;1;1
Myanmar;Yangon;Yangon-North;MMR;MMR013D001;MMR013;November;2016;0;0
Myanmar;Bago-West;Pyay;MMR;MMR008D001;MMR008;November;2016;0;0
Myanmar;Chin;Mindat;MMR;MMR004D002;MMR004;November;2016;0;0
Myanmar;Kachin;Bhamo;MMR;MMR001D003;MMR001;November;2016;2;0
Myanmar;Kachin;Myitkyina;MMR;MMR001D001;MMR001;November;2016;2;0
Myanmar;Magway;Gangaw;MMR;MMR009D005;MMR009;November;2016;0;0
Myanmar;Nay Pyi Taw;Oke Ta Ra;MMR;MMR018D001;MMR018;November;2016;0;0
Myanmar;Rakhine;Thandwe;MMR;MMR012D004;MMR012;November;2016;0;0
Myanmar;Shan-East;Kengtung;MMR;MMR016D001;MMR016;November;2016;0;0
Myanmar;Shan-North;Mongmit;MMR;MMR015D008;MMR015;November;2016;0;0
Myanmar;Yangon;Yangon-South;MMR;MMR013D003;MMR013;November;2016;0;0
Myanmar;Ayeyarwady;Labutta;MMR;MMR017D004;MMR017;November;2016;0;0
Myanmar;Ayeyarwady;Maubin;MMR;MMR017D005;MMR017;November;2016;0;0
Myanmar;Magway;Pakokku;MMR;MMR009D004;MMR009;November;2016;0;0
Myanmar;Mandalay;Myingyan;MMR;MMR010D004;MMR010;November;2016;0;0
Myanmar;Rakhine;Maungdaw;MMR;MMR012D002;MMR012;November;2016;32;145
Myanmar;Rakhine;Mrauk-U;MMR;MMR012D005;MMR012;November;2016;0;0
Myanmar;Shan-North;Hopang;MMR;MMR015D006;MMR015;November;2016;0;0
Myanmar;Shan-North;Kokang Self-Administered Zone;MMR;MMR015D221;MMR015;November;2016;0;0
Myanmar;Shan-North;Muse;MMR;MMR015D002;MMR015;November;2016;42;39
Myanmar;Sagaing;Kale;MMR;MMR005D005;MMR005;November;2016;0;0
Myanmar;Sagaing;Sagaing;MMR;MMR005D001;MMR005;November;2016;0;0
Myanmar;Bago-East;Bago;MMR;MMR007D001;MMR007;November;2016;0;0
Myanmar;Chin;Hakha;MMR;MMR004D003;MMR004;November;2016;0;0
Myanmar;Kachin;Mohnyin;MMR;MMR001D002;MMR001;November;2016;5;0
Myanmar;Kachin;Puta-O;MMR;MMR001D004;MMR001;November;2016;0;0
Myanmar;Kayin;Hpa-An;MMR;MMR003D001;MMR003;November;2016;0;0
Myanmar;Kayin;Myawaddy;MMR;MMR003D002;MMR003;November;2016;0;0
Myanmar;Mandalay;Mandalay;MMR;MMR010D001;MMR010;November;2016;0;0
Myanmar;Mandalay;Meiktila;MMR;MMR010D007;MMR010;November;2016;0;0
Myanmar;Sagaing;Kawlin;MMR;MMR005D011;MMR005;November;2016;0;0
Myanmar;Sagaing;Naga Self-Administered Zone;MMR;NA;NA;November;2016;0;0
Myanmar;Shan-South;Langkho;MMR;MMR014D003;MMR014;November;2016;0;0
Myanmar;Shan-South;Loilen;MMR;MMR014D002;MMR014;November;2016;0;0
Myanmar;Chin;Falam;MMR;MMR004D001;MMR004;November;2016;0;0
Myanmar;Kayin;Hpapun;MMR;MMR003D004;MMR003;November;2016;0;0
Myanmar;Mandalay;Nyaung-U;MMR;MMR010D005;MMR010;November;2016;0;0
Myanmar;Mon;Thaton;MMR;MMR011D002;MMR011;November;2016;0;0
Myanmar;Rakhine;Sittwe;MMR;MMR012D001;MMR012;November;2016;1;0
Myanmar;Sagaing;Mawlaik;MMR;MMR005D007;MMR005;November;2016;0;0
Myanmar;Sagaing;Monywa;MMR;MMR005D003;MMR005;November;2016;0;0
Myanmar;Sagaing;Yinmarbin;MMR;MMR005D009;MMR005;November;2016;0;0
Myanmar;Shan-East;Tachileik;MMR;MMR016D003;MMR016;November;2016;0;0
Myanmar;Tanintharyi;Kawthoung;MMR;MMR006D003;MMR006;November;2016;0;0
Myanmar;Yangon;Yangon-West;MMR;MMR013D004;MMR013;November;2016;1;0
Myanmar;Ayeyarwady;Hinthada;MMR;MMR017D002;MMR017;November;2016;0;0
Myanmar;Bago-West;Thayarwady;MMR;MMR008D002;MMR008;November;2016;0;0
Myanmar;Kayah;Bawlake;MMR;MMR002D002;MMR002;November;2016;0;0
Myanmar;Mandalay;Pyinoolwin;MMR;MMR010D002;MMR010;November;2016;0;0
Myanmar;Mandalay;Yamethin;MMR;MMR010D006;MMR010;November;2016;0;0
Myanmar;Mon;Mawlamyine;MMR;MMR011D001;MMR011;November;2016;0;0
Myanmar;Nay Pyi Taw;Det Khi Na;MMR;MMR018D002;MMR018;November;2016;0;0
Myanmar;Sagaing;Kanbalu;MMR;MMR005D010;MMR005;November;2016;0;0
Myanmar;Shan-North;Lashio;MMR;MMR015D001;MMR015;November;2016;2;0
Myanmar;Shan-South;Danu Self-Administered Zone;MMR;NA;NA;November;2016;0;0
Myanmar;Tanintharyi;Myeik;MMR;MMR006D002;MMR006;November;2016;0;0
Myanmar;Ayeyarwady;Myaungmya;MMR;MMR017D003;MMR017;December;2016;0;0
Myanmar;Chin;Matupi;MMR;MMR004D004;MMR004;December;2016;1;0
Myanmar;Magway;Magway;MMR;MMR009D001;MMR009;December;2016;0;0
Myanmar;Magway;Minbu;MMR;MMR009D002;MMR009;December;2016;0;0
Myanmar;Sagaing;Hkamti;MMR;MMR005D008;MMR005;December;2016;0;0
Myanmar;Sagaing;Katha;MMR;MMR005D004;MMR005;December;2016;0;0
Myanmar;Sagaing;Shwebo;MMR;MMR005D002;MMR005;December;2016;0;0
Myanmar;Sagaing;Tamu;MMR;MMR005D006;MMR005;December;2016;0;0
Myanmar;Shan-North;Kyaukme;MMR;NA;NA;December;2016;12;5
Myanmar;Shan-North;Matman;MMR;MMR015D007;MMR015;December;2016;0;0
Myanmar;Shan-North;Pa Laung Self-Administered Zone;MMR;NA;NA;December;2016;7;1
Myanmar;Yangon;Yangon-East;MMR;MMR013D002;MMR013;December;2016;0;0
Myanmar;Ayeyarwady;Pathein;MMR;MMR017D001;MMR017;December;2016;0;0
Myanmar;Ayeyarwady;Pyapon;MMR;MMR017D006;MMR017;December;2016;0;0
Myanmar;Bago-East;Taungoo;MMR;MMR007D002;MMR007;December;2016;0;0
Myanmar;Kayah;Loikaw;MMR;MMR002D001;MMR002;December;2016;0;0
Myanmar;Kayin;Kawkareik;MMR;MMR003D003;MMR003;December;2016;0;0
Myanmar;Magway;Thayet;MMR;MMR009D003;MMR009;December;2016;0;0
Myanmar;Mandalay;Kyaukse;MMR;MMR010D003;MMR010;December;2016;0;0
Myanmar;Rakhine;Kyaukpyu;MMR;MMR012D003;MMR012;December;2016;0;0
Myanmar;Shan-East;Monghsat;MMR;MMR016D002;MMR016;December;2016;0;0
Myanmar;Shan-South;Pa-O Self-Administered Zone;MMR;NA;NA;December;2016;2;0
Myanmar;Shan-South;Taunggyi;MMR;MMR014D001;MMR014;December;2016;1;0
Myanmar;Tanintharyi;Dawei;MMR;MMR006D001;MMR006;December;2016;0;0
Myanmar;Yangon;Yangon-North;MMR;MMR013D001;MMR013;December;2016;0;0
Myanmar;Bago-West;Pyay;MMR;MMR008D001;MMR008;December;2016;0;0
Myanmar;Chin;Mindat;MMR;MMR004D002;MMR004;December;2016;0;0
Myanmar;Kachin;Bhamo;MMR;MMR001D003;MMR001;December;2016;7;2
Myanmar;Kachin;Myitkyina;MMR;MMR001D001;MMR001;December;2016;46;3
Myanmar;Magway;Gangaw;MMR;MMR009D005;MMR009;December;2016;0;0
Myanmar;Nay Pyi Taw;Oke Ta Ra;MMR;MMR018D001;MMR018;December;2016;0;0
Myanmar;Rakhine;Thandwe;MMR;MMR012D004;MMR012;December;2016;0;0
Myanmar;Shan-East;Kengtung;MMR;MMR016D001;MMR016;December;2016;0;0
Myanmar;Shan-North;Mongmit;MMR;MMR015D008;MMR015;December;2016;0;0
Myanmar;Yangon;Yangon-South;MMR;MMR013D003;MMR013;December;2016;0;0
Myanmar;Ayeyarwady;Labutta;MMR;MMR017D004;MMR017;December;2016;0;0
Myanmar;Ayeyarwady;Maubin;MMR;MMR017D005;MMR017;December;2016;0;0
Myanmar;Magway;Pakokku;MMR;MMR009D004;MMR009;December;2016;0;0
Myanmar;Mandalay;Myingyan;MMR;MMR010D004;MMR010;December;2016;0;0
Myanmar;Rakhine;Maungdaw;MMR;MMR012D002;MMR012;December;2016;9;11
Myanmar;Rakhine;Mrauk-U;MMR;MMR012D005;MMR012;December;2016;0;0
Myanmar;Shan-North;Hopang;MMR;MMR015D006;MMR015;December;2016;0;0
Myanmar;Shan-North;Kokang Self-Administered Zone;MMR;MMR015D221;MMR015;December;2016;0;0
Myanmar;Shan-North;Muse;MMR;MMR015D002;MMR015;December;2016;52;37
Myanmar;Sagaing;Kale;MMR;MMR005D005;MMR005;December;2016;0;0
Myanmar;Sagaing;Sagaing;MMR;MMR005D001;MMR005;December;2016;0;0
Myanmar;Bago-East;Bago;MMR;MMR007D001;MMR007;December;2016;0;0
Myanmar;Chin;Hakha;MMR;MMR004D003;MMR004;December;2016;0;0
Myanmar;Kachin;Mohnyin;MMR;MMR001D002;MMR001;December;2016;2;0
Myanmar;Kachin;Puta-O;MMR;MMR001D004;MMR001;December;2016;1;0
Myanmar;Kayin;Hpa-An;MMR;MMR003D001;MMR003;December;2016;0;0
Myanmar;Kayin;Myawaddy;MMR;MMR003D002;MMR003;December;2016;0;0
Myanmar;Mandalay;Mandalay;MMR;MMR010D001;MMR010;December;2016;0;0
Myanmar;Mandalay;Meiktila;MMR;MMR010D007;MMR010;December;2016;0;0
Myanmar;Sagaing;Kawlin;MMR;MMR005D011;MMR005;December;2016;0;0
Myanmar;Sagaing;Naga Self-Administered Zone;MMR;NA;NA;December;2016;0;0
Myanmar;Shan-South;Langkho;MMR;MMR014D003;MMR014;December;2016;0;0
Myanmar;Shan-South;Loilen;MMR;MMR014D002;MMR014;December;2016;0;0
Myanmar;Chin;Falam;MMR;MMR004D001;MMR004;December;2016;0;0
Myanmar;Kayin;Hpapun;MMR;MMR003D004;MMR003;December;2016;0;0
Myanmar;Mandalay;Nyaung-U;MMR;MMR010D005;MMR010;December;2016;0;0
Myanmar;Mon;Thaton;MMR;MMR011D002;MMR011;December;2016;0;0
Myanmar;Rakhine;Sittwe;MMR;MMR012D001;MMR012;December;2016;1;1
Myanmar;Sagaing;Mawlaik;MMR;MMR005D007;MMR005;December;2016;0;0
Myanmar;Sagaing;Monywa;MMR;MMR005D003;MMR005;December;2016;1;1
Myanmar;Sagaing;Yinmarbin;MMR;MMR005D009;MMR005;December;2016;0;0
Myanmar;Shan-East;Tachileik;MMR;MMR016D003;MMR016;December;2016;0;0
Myanmar;Tanintharyi;Kawthoung;MMR;MMR006D003;MMR006;December;2016;0;0
Myanmar;Yangon;Yangon-West;MMR;MMR013D004;MMR013;December;2016;0;0
Myanmar;Ayeyarwady;Hinthada;MMR;MMR017D002;MMR017;December;2016;0;0
Myanmar;Bago-West;Thayarwady;MMR;MMR008D002;MMR008;December;2016;0;0
Myanmar;Kayah;Bawlake;MMR;MMR002D002;MMR002;December;2016;0;0
Myanmar;Mandalay;Pyinoolwin;MMR;MMR010D002;MMR010;December;2016;0;0
Myanmar;Mandalay;Yamethin;MMR;MMR010D006;MMR010;December;2016;0;0
Myanmar;Mon;Mawlamyine;MMR;MMR011D001;MMR011;December;2016;0;0
Myanmar;Nay Pyi Taw;Det Khi Na;MMR;MMR018D002;MMR018;December;2016;0;0
Myanmar;Sagaing;Kanbalu;MMR;MMR005D010;MMR005;December;2016;0;0
Myanmar;Shan-North;Lashio;MMR;MMR015D001;MMR015;December;2016;1;2
Myanmar;Shan-South;Danu Self-Administered Zone;MMR;NA;NA;December;2016;0;0
Myanmar;Tanintharyi;Myeik;MMR;MMR006D002;MMR006;December;2016;0;0
Myanmar;Ayeyarwady;Myaungmya;MMR;MMR017D003;MMR017;January;2017;0;0
Myanmar;Chin;Matupi;MMR;MMR004D004;MMR004;January;2017;1;0
Myanmar;Magway;Magway;MMR;MMR009D001;MMR009;January;2017;0;0
Myanmar;Magway;Minbu;MMR;MMR009D002;MMR009;January;2017;0;0
Myanmar;Sagaing;Hkamti;MMR;MMR005D008;MMR005;January;2017;0;0
Myanmar;Sagaing;Katha;MMR;MMR005D004;MMR005;January;2017;0;0
Myanmar;Sagaing;Shwebo;MMR;MMR005D002;MMR005;January;2017;0;0
Myanmar;Sagaing;Tamu;MMR;MMR005D006;MMR005;January;2017;0;0
Myanmar;Shan-North;Kyaukme;MMR;NA;NA;January;2017;8;4
Myanmar;Shan-North;Matman;MMR;MMR015D007;MMR015;January;2017;0;0
Myanmar;Shan-North;Pa Laung Self-Administered Zone;MMR;NA;NA;January;2017;10;2
Myanmar;Yangon;Yangon-East;MMR;MMR013D002;MMR013;January;2017;0;0
Myanmar;Ayeyarwady;Pathein;MMR;MMR017D001;MMR017;January;2017;0;0
Myanmar;Ayeyarwady;Pyapon;MMR;MMR017D006;MMR017;January;2017;0;0
Myanmar;Bago-East;Taungoo;MMR;MMR007D002;MMR007;January;2017;0;0
Myanmar;Kayah;Loikaw;MMR;MMR002D001;MMR002;January;2017;0;0
Myanmar;Kayin;Kawkareik;MMR;MMR003D003;MMR003;January;2017;0;0
Myanmar;Magway;Thayet;MMR;MMR009D003;MMR009;January;2017;0;0
Myanmar;Mandalay;Kyaukse;MMR;MMR010D003;MMR010;January;2017;0;0
Myanmar;Rakhine;Kyaukpyu;MMR;MMR012D003;MMR012;January;2017;0;0
Myanmar;Shan-East;Monghsat;MMR;MMR016D002;MMR016;January;2017;0;0
Myanmar;Shan-South;Pa-O Self-Administered Zone;MMR;NA;NA;January;2017;0;0
Myanmar;Shan-South;Taunggyi;MMR;MMR014D001;MMR014;January;2017;0;0
Myanmar;Tanintharyi;Dawei;MMR;MMR006D001;MMR006;January;2017;2;0
Myanmar;Yangon;Yangon-North;MMR;MMR013D001;MMR013;January;2017;1;2
Myanmar;Bago-West;Pyay;MMR;MMR008D001;MMR008;January;2017;0;0
Myanmar;Chin;Mindat;MMR;MMR004D002;MMR004;January;2017;0;0
Myanmar;Kachin;Bhamo;MMR;MMR001D003;MMR001;January;2017;17;3
Myanmar;Kachin;Myitkyina;MMR;MMR001D001;MMR001;January;2017;27;21
Myanmar;Magway;Gangaw;MMR;MMR009D005;MMR009;January;2017;0;0
Myanmar;Nay Pyi Taw;Oke Ta Ra;MMR;MMR018D001;MMR018;January;2017;0;0
Myanmar;Rakhine;Thandwe;MMR;MMR012D004;MMR012;January;2017;0;0
Myanmar;Shan-East;Kengtung;MMR;MMR016D001;MMR016;January;2017;0;0
Myanmar;Shan-North;Mongmit;MMR;MMR015D008;MMR015;January;2017;3;0
Myanmar;Yangon;Yangon-South;MMR;MMR013D003;MMR013;January;2017;1;0
Myanmar;Ayeyarwady;Labutta;MMR;MMR017D004;MMR017;January;2017;0;0
Myanmar;Ayeyarwady;Maubin;MMR;MMR017D005;MMR017;January;2017;0;0
Myanmar;Magway;Pakokku;MMR;MMR009D004;MMR009;January;2017;0;0
Myanmar;Mandalay;Myingyan;MMR;MMR010D004;MMR010;January;2017;0;0
Myanmar;Rakhine;Maungdaw;MMR;MMR012D002;MMR012;January;2017;1;1
Myanmar;Rakhine;Mrauk-U;MMR;MMR012D005;MMR012;January;2017;0;0
Myanmar;Shan-North;Hopang;MMR;MMR015D006;MMR015;January;2017;0;0
Myanmar;Shan-North;Kokang Self-Administered Zone;MMR;MMR015D221;MMR015;January;2017;1;0
Myanmar;Shan-North;Muse;MMR;MMR015D002;MMR015;January;2017;34;36
Myanmar;Sagaing;Kale;MMR;MMR005D005;MMR005;January;2017;0;0
Myanmar;Sagaing;Sagaing;MMR;MMR005D001;MMR005;January;2017;0;0
Myanmar;Bago-East;Bago;MMR;MMR007D001;MMR007;January;2017;0;0
Myanmar;Chin;Hakha;MMR;MMR004D003;MMR004;January;2017;0;0
Myanmar;Kachin;Mohnyin;MMR;MMR001D002;MMR001;January;2017;4;2
Myanmar;Kachin;Puta-O;MMR;MMR001D004;MMR001;January;2017;0;0
Myanmar;Kayin;Hpa-An;MMR;MMR003D001;MMR003;January;2017;1;0
Myanmar;Kayin;Myawaddy;MMR;MMR003D002;MMR003;January;2017;0;0
Myanmar;Mandalay;Mandalay;MMR;MMR010D001;MMR010;January;2017;0;0
Myanmar;Mandalay;Meiktila;MMR;MMR010D007;MMR010;January;2017;0;0
Myanmar;Sagaing;Kawlin;MMR;MMR005D011;MMR005;January;2017;0;0
Myanmar;Sagaing;Naga Self-Administered Zone;MMR;NA;NA;January;2017;0;0
Myanmar;Shan-South;Langkho;MMR;MMR014D003;MMR014;January;2017;0;0
Myanmar;Shan-South;Loilen;MMR;MMR014D002;MMR014;January;2017;4;0
Myanmar;Chin;Falam;MMR;MMR004D001;MMR004;January;2017;0;0
Myanmar;Kayin;Hpapun;MMR;MMR003D004;MMR003;January;2017;0;0
Myanmar;Mandalay;Nyaung-U;MMR;MMR010D005;MMR010;January;2017;0;0
Myanmar;Mon;Thaton;MMR;MMR011D002;MMR011;January;2017;0;0
Myanmar;Rakhine;Sittwe;MMR;MMR012D001;MMR012;January;2017;1;0
Myanmar;Sagaing;Mawlaik;MMR;MMR005D007;MMR005;January;2017;0;0
Myanmar;Sagaing;Monywa;MMR;MMR005D003;MMR005;January;2017;0;0
Myanmar;Sagaing;Yinmarbin;MMR;MMR005D009;MMR005;January;2017;0;0
Myanmar;Shan-East;Tachileik;MMR;MMR016D003;MMR016;January;2017;0;0
Myanmar;Tanintharyi;Kawthoung;MMR;MMR006D003;MMR006;January;2017;0;0
Myanmar;Yangon;Yangon-West;MMR;MMR013D004;MMR013;January;2017;1;0
Myanmar;Ayeyarwady;Hinthada;MMR;MMR017D002;MMR017;January;2017;0;0
Myanmar;Bago-West;Thayarwady;MMR;MMR008D002;MMR008;January;2017;0;0
Myanmar;Kayah;Bawlake;MMR;MMR002D002;MMR002;January;2017;0;0
Myanmar;Mandalay;Pyinoolwin;MMR;MMR010D002;MMR010;January;2017;0;0
Myanmar;Mandalay;Yamethin;MMR;MMR010D006;MMR010;January;2017;0;0
Myanmar;Mon;Mawlamyine;MMR;MMR011D001;MMR011;January;2017;0;0
Myanmar;Nay Pyi Taw;Det Khi Na;MMR;MMR018D002;MMR018;January;2017;0;0
Myanmar;Sagaing;Kanbalu;MMR;MMR005D010;MMR005;January;2017;0;0
Myanmar;Shan-North;Lashio;MMR;MMR015D001;MMR015;January;2017;1;0
Myanmar;Shan-South;Danu Self-Administered Zone;MMR;NA;NA;January;2017;0;0
Myanmar;Tanintharyi;Myeik;MMR;MMR006D002;MMR006;January;2017;0;0
Myanmar;Ayeyarwady;Myaungmya;MMR;MMR017D003;MMR017;February;2017;0;0
Myanmar;Chin;Matupi;MMR;MMR004D004;MMR004;February;2017;0;0
Myanmar;Magway;Magway;MMR;MMR009D001;MMR009;February;2017;0;0
Myanmar;Magway;Minbu;MMR;MMR009D002;MMR009;February;2017;0;0
Myanmar;Sagaing;Hkamti;MMR;MMR005D008;MMR005;February;2017;0;0
Myanmar;Sagaing;Katha;MMR;MMR005D004;MMR005;February;2017;0;0
Myanmar;Sagaing;Shwebo;MMR;MMR005D002;MMR005;February;2017;0;0
Myanmar;Sagaing;Tamu;MMR;MMR005D006;MMR005;February;2017;0;0
Myanmar;Shan-North;Kyaukme;MMR;NA;NA;February;2017;3;1
Myanmar;Shan-North;Matman;MMR;MMR015D007;MMR015;February;2017;0;0
Myanmar;Shan-North;Pa Laung Self-Administered Zone;MMR;NA;NA;February;2017;1;0
Myanmar;Yangon;Yangon-East;MMR;MMR013D002;MMR013;February;2017;0;0
Myanmar;Ayeyarwady;Pathein;MMR;MMR017D001;MMR017;February;2017;0;0
Myanmar;Ayeyarwady;Pyapon;MMR;MMR017D006;MMR017;February;2017;0;0
Myanmar;Bago-East;Taungoo;MMR;MMR007D002;MMR007;February;2017;0;0
Myanmar;Kayah;Loikaw;MMR;MMR002D001;MMR002;February;2017;0;0
Myanmar;Kayin;Kawkareik;MMR;MMR003D003;MMR003;February;2017;0;0
Myanmar;Magway;Thayet;MMR;MMR009D003;MMR009;February;2017;0;0
Myanmar;Mandalay;Kyaukse;MMR;MMR010D003;MMR010;February;2017;0;0
Myanmar;Rakhine;Kyaukpyu;MMR;MMR012D003;MMR012;February;2017;0;0
Myanmar;Shan-East;Monghsat;MMR;MMR016D002;MMR016;February;2017;0;0
Myanmar;Shan-South;Pa-O Self-Administered Zone;MMR;NA;NA;February;2017;0;0
Myanmar;Shan-South;Taunggyi;MMR;MMR014D001;MMR014;February;2017;1;1
Myanmar;Tanintharyi;Dawei;MMR;MMR006D001;MMR006;February;2017;0;0
Myanmar;Yangon;Yangon-North;MMR;MMR013D001;MMR013;February;2017;0;0
Myanmar;Bago-West;Pyay;MMR;MMR008D001;MMR008;February;2017;0;0
Myanmar;Chin;Mindat;MMR;MMR004D002;MMR004;February;2017;0;0
Myanmar;Kachin;Bhamo;MMR;MMR001D003;MMR001;February;2017;5;3
Myanmar;Kachin;Myitkyina;MMR;MMR001D001;MMR001;February;2017;3;1
Myanmar;Magway;Gangaw;MMR;MMR009D005;MMR009;February;2017;0;0
Myanmar;Nay Pyi Taw;Oke Ta Ra;MMR;MMR018D001;MMR018;February;2017;0;0
Myanmar;Rakhine;Thandwe;MMR;MMR012D004;MMR012;February;2017;0;0
Myanmar;Shan-East;Kengtung;MMR;MMR016D001;MMR016;February;2017;0;0
Myanmar;Shan-North;Mongmit;MMR;MMR015D008;MMR015;February;2017;0;0
Myanmar;Yangon;Yangon-South;MMR;MMR013D003;MMR013;February;2017;0;0
Myanmar;Ayeyarwady;Labutta;MMR;MMR017D004;MMR017;February;2017;0;0
Myanmar;Ayeyarwady;Maubin;MMR;MMR017D005;MMR017;February;2017;0;0
Myanmar;Magway;Pakokku;MMR;MMR009D004;MMR009;February;2017;0;0
Myanmar;Mandalay;Myingyan;MMR;MMR010D004;MMR010;February;2017;0;0
Myanmar;Rakhine;Maungdaw;MMR;MMR012D002;MMR012;February;2017;4;2
Myanmar;Rakhine;Mrauk-U;MMR;MMR012D005;MMR012;February;2017;0;0
Myanmar;Shan-North;Hopang;MMR;MMR015D006;MMR015;February;2017;0;0
Myanmar;Shan-North;Kokang Self-Administered Zone;MMR;MMR015D221;MMR015;February;2017;2;0
Myanmar;Shan-North;Muse;MMR;MMR015D002;MMR015;February;2017;14;2
Myanmar;Sagaing;Kale;MMR;MMR005D005;MMR005;February;2017;0;0
Myanmar;Sagaing;Sagaing;MMR;MMR005D001;MMR005;February;2017;0;0
Myanmar;Bago-East;Bago;MMR;MMR007D001;MMR007;February;2017;0;0
Myanmar;Chin;Hakha;MMR;MMR004D003;MMR004;February;2017;0;0
Myanmar;Kachin;Mohnyin;MMR;MMR001D002;MMR001;February;2017;0;0
Myanmar;Kachin;Puta-O;MMR;MMR001D004;MMR001;February;2017;0;0
Myanmar;Kayin;Hpa-An;MMR;MMR003D001;MMR003;February;2017;1;7
Myanmar;Kayin;Myawaddy;MMR;MMR003D002;MMR003;February;2017;0;0
Myanmar;Mandalay;Mandalay;MMR;MMR010D001;MMR010;February;2017;0;0
Myanmar;Mandalay;Meiktila;MMR;MMR010D007;MMR010;February;2017;0;0
Myanmar;Sagaing;Kawlin;MMR;MMR005D011;MMR005;February;2017;0;0
Myanmar;Sagaing;Naga Self-Administered Zone;MMR;NA;NA;February;2017;0;0
Myanmar;Shan-South;Langkho;MMR;MMR014D003;MMR014;February;2017;0;0
Myanmar;Shan-South;Loilen;MMR;MMR014D002;MMR014;February;2017;0;0
Myanmar;Chin;Falam;MMR;MMR004D001;MMR004;February;2017;0;0
Myanmar;Kayin;Hpapun;MMR;MMR003D004;MMR003;February;2017;0;0
Myanmar;Mandalay;Nyaung-U;MMR;MMR010D005;MMR010;February;2017;0;0
Myanmar;Mon;Thaton;MMR;MMR011D002;MMR011;February;2017;0;0
Myanmar;Rakhine;Sittwe;MMR;MMR012D001;MMR012;February;2017;1;0
Myanmar;Sagaing;Mawlaik;MMR;MMR005D007;MMR005;February;2017;0;0
Myanmar;Sagaing;Monywa;MMR;MMR005D003;MMR005;February;2017;0;0
Myanmar;Sagaing;Yinmarbin;MMR;MMR005D009;MMR005;February;2017;0;0
Myanmar;Shan-East;Tachileik;MMR;MMR016D003;MMR016;February;2017;0;0
Myanmar;Tanintharyi;Kawthoung;MMR;MMR006D003;MMR006;February;2017;0;0
Myanmar;Yangon;Yangon-West;MMR;MMR013D004;MMR013;February;2017;0;0
Myanmar;Ayeyarwady;Hinthada;MMR;MMR017D002;MMR017;February;2017;0;0
Myanmar;Bago-West;Thayarwady;MMR;MMR008D002;MMR008;February;2017;0;0
Myanmar;Kayah;Bawlake;MMR;MMR002D002;MMR002;February;2017;0;0
Myanmar;Mandalay;Pyinoolwin;MMR;MMR010D002;MMR010;February;2017;0;0
Myanmar;Mandalay;Yamethin;MMR;MMR010D006;MMR010;February;2017;0;0
Myanmar;Mon;Mawlamyine;MMR;MMR011D001;MMR011;February;2017;0;0
Myanmar;Nay Pyi Taw;Det Khi Na;MMR;MMR018D002;MMR018;February;2017;0;0
Myanmar;Sagaing;Kanbalu;MMR;MMR005D010;MMR005;February;2017;0;0
Myanmar;Shan-North;Lashio;MMR;MMR015D001;MMR015;February;2017;3;2
Myanmar;Shan-South;Danu Self-Administered Zone;MMR;NA;NA;February;2017;0;0
Myanmar;Tanintharyi;Myeik;MMR;MMR006D002;MMR006;February;2017;0;0
Myanmar;Ayeyarwady;Myaungmya;MMR;MMR017D003;MMR017;March;2017;0;0
Myanmar;Chin;Matupi;MMR;MMR004D004;MMR004;March;2017;0;0
Myanmar;Magway;Magway;MMR;MMR009D001;MMR009;March;2017;0;0
Myanmar;Magway;Minbu;MMR;MMR009D002;MMR009;March;2017;0;0
Myanmar;Sagaing;Hkamti;MMR;MMR005D008;MMR005;March;2017;0;0
Myanmar;Sagaing;Katha;MMR;MMR005D004;MMR005;March;2017;0;0
Myanmar;Sagaing;Shwebo;MMR;MMR005D002;MMR005;March;2017;0;0
Myanmar;Sagaing;Tamu;MMR;MMR005D006;MMR005;March;2017;0;0
Myanmar;Shan-North;Kyaukme;MMR;NA;NA;March;2017;4;0
Myanmar;Shan-North;Matman;MMR;MMR015D007;MMR015;March;2017;0;0
Myanmar;Shan-North;Pa Laung Self-Administered Zone;MMR;NA;NA;March;2017;0;0
Myanmar;Yangon;Yangon-East;MMR;MMR013D002;MMR013;March;2017;0;0
Myanmar;Ayeyarwady;Pathein;MMR;MMR017D001;MMR017;March;2017;0;0
Myanmar;Ayeyarwady;Pyapon;MMR;MMR017D006;MMR017;March;2017;0;0
Myanmar;Bago-East;Taungoo;MMR;MMR007D002;MMR007;March;2017;0;0
Myanmar;Kayah;Loikaw;MMR;MMR002D001;MMR002;March;2017;0;0
Myanmar;Kayin;Kawkareik;MMR;MMR003D003;MMR003;March;2017;0;0
Myanmar;Magway;Thayet;MMR;MMR009D003;MMR009;March;2017;0;0
Myanmar;Mandalay;Kyaukse;MMR;MMR010D003;MMR010;March;2017;0;0
Myanmar;Rakhine;Kyaukpyu;MMR;MMR012D003;MMR012;March;2017;0;0
Myanmar;Shan-East;Monghsat;MMR;MMR016D002;MMR016;March;2017;0;0
Myanmar;Shan-South;Pa-O Self-Administered Zone;MMR;NA;NA;March;2017;0;0
Myanmar;Shan-South;Taunggyi;MMR;MMR014D001;MMR014;March;2017;1;0
Myanmar;Tanintharyi;Dawei;MMR;MMR006D001;MMR006;March;2017;0;0
Myanmar;Yangon;Yangon-North;MMR;MMR013D001;MMR013;March;2017;0;0
Myanmar;Bago-West;Pyay;MMR;MMR008D001;MMR008;March;2017;0;0
Myanmar;Chin;Mindat;MMR;MMR004D002;MMR004;March;2017;0;0
Myanmar;Kachin;Bhamo;MMR;MMR001D003;MMR001;March;2017;2;0
Myanmar;Kachin;Myitkyina;MMR;MMR001D001;MMR001;March;2017;1;0
Myanmar;Magway;Gangaw;MMR;MMR009D005;MMR009;March;2017;0;0
Myanmar;Nay Pyi Taw;Oke Ta Ra;MMR;MMR018D001;MMR018;March;2017;0;0
Myanmar;Rakhine;Thandwe;MMR;MMR012D004;MMR012;March;2017;0;0
Myanmar;Shan-East;Kengtung;MMR;MMR016D001;MMR016;March;2017;1;0
Myanmar;Shan-North;Mongmit;MMR;MMR015D008;MMR015;March;2017;0;0
Myanmar;Yangon;Yangon-South;MMR;MMR013D003;MMR013;March;2017;0;0
Myanmar;Ayeyarwady;Labutta;MMR;MMR017D004;MMR017;March;2017;0;0
Myanmar;Ayeyarwady;Maubin;MMR;MMR017D005;MMR017;March;2017;0;0
Myanmar;Magway;Pakokku;MMR;MMR009D004;MMR009;March;2017;0;0
Myanmar;Mandalay;Myingyan;MMR;MMR010D004;MMR010;March;2017;0;0
Myanmar;Rakhine;Maungdaw;MMR;MMR012D002;MMR012;March;2017;2;1
Myanmar;Rakhine;Mrauk-U;MMR;MMR012D005;MMR012;March;2017;0;0
Myanmar;Shan-North;Hopang;MMR;MMR015D006;MMR015;March;2017;0;0
Myanmar;Shan-North;Kokang Self-Administered Zone;MMR;MMR015D221;MMR015;March;2017;13;34
Myanmar;Shan-North;Muse;MMR;MMR015D002;MMR015;March;2017;18;9
Myanmar;Sagaing;Kale;MMR;MMR005D005;MMR005;March;2017;0;0
Myanmar;Sagaing;Sagaing;MMR;MMR005D001;MMR005;March;2017;0;0
Myanmar;Bago-East;Bago;MMR;MMR007D001;MMR007;March;2017;0;0
Myanmar;Chin;Hakha;MMR;MMR004D003;MMR004;March;2017;0;0
Myanmar;Kachin;Mohnyin;MMR;MMR001D002;MMR001;March;2017;0;0
Myanmar;Kachin;Puta-O;MMR;MMR001D004;MMR001;March;2017;0;0
Myanmar;Kayin;Hpa-An;MMR;MMR003D001;MMR003;March;2017;0;0
Myanmar;Kayin;Myawaddy;MMR;MMR003D002;MMR003;March;2017;0;0
Myanmar;Mandalay;Mandalay;MMR;MMR010D001;MMR010;March;2017;1;1
Myanmar;Mandalay;Meiktila;MMR;MMR010D007;MMR010;March;2017;0;0
Myanmar;Sagaing;Kawlin;MMR;MMR005D011;MMR005;March;2017;0;0
Myanmar;Sagaing;Naga Self-Administered Zone;MMR;NA;NA;March;2017;0;0
Myanmar;Shan-South;Langkho;MMR;MMR014D003;MMR014;March;2017;0;0
Myanmar;Shan-South;Loilen;MMR;MMR014D002;MMR014;March;2017;0;0
Myanmar;Chin;Falam;MMR;MMR004D001;MMR004;March;2017;0;0
Myanmar;Kayin;Hpapun;MMR;MMR003D004;MMR003;March;2017;0;0
Myanmar;Mandalay;Nyaung-U;MMR;MMR010D005;MMR010;March;2017;0;0
Myanmar;Mon;Thaton;MMR;MMR011D002;MMR011;March;2017;0;0
Myanmar;Rakhine;Sittwe;MMR;MMR012D001;MMR012;March;2017;0;0
Myanmar;Sagaing;Mawlaik;MMR;MMR005D007;MMR005;March;2017;0;0
Myanmar;Sagaing;Monywa;MMR;MMR005D003;MMR005;March;2017;0;0
Myanmar;Sagaing;Yinmarbin;MMR;MMR005D009;MMR005;March;2017;0;0
Myanmar;Shan-East;Tachileik;MMR;MMR016D003;MMR016;March;2017;0;0
Myanmar;Tanintharyi;Kawthoung;MMR;MMR006D003;MMR006;March;2017;0;0
Myanmar;Yangon;Yangon-West;MMR;MMR013D004;MMR013;March;2017;0;0
Myanmar;Ayeyarwady;Hinthada;MMR;MMR017D002;MMR017;March;2017;0;0
Myanmar;Bago-West;Thayarwady;MMR;MMR008D002;MMR008;March;2017;0;0
Myanmar;Kayah;Bawlake;MMR;MMR002D002;MMR002;March;2017;0;0
Myanmar;Mandalay;Pyinoolwin;MMR;MMR010D002;MMR010;March;2017;0;0
Myanmar;Mandalay;Yamethin;MMR;MMR010D006;MMR010;March;2017;0;0
Myanmar;Mon;Mawlamyine;MMR;MMR011D001;MMR011;March;2017;0;0
Myanmar;Nay Pyi Taw;Det Khi Na;MMR;MMR018D002;MMR018;March;2017;0;0
Myanmar;Sagaing;Kanbalu;MMR;MMR005D010;MMR005;March;2017;0;0
Myanmar;Shan-North;Lashio;MMR;MMR015D001;MMR015;March;2017;0;0
Myanmar;Shan-South;Danu Self-Administered Zone;MMR;NA;NA;March;2017;0;0
Myanmar;Tanintharyi;Myeik;MMR;MMR006D002;MMR006;March;2017;0;0
Myanmar;Ayeyarwady;Myaungmya;MMR;MMR017D003;MMR017;April;2017;0;0
Myanmar;Chin;Matupi;MMR;MMR004D004;MMR004;April;2017;0;0
Myanmar;Magway;Magway;MMR;MMR009D001;MMR009;April;2017;0;0
Myanmar;Magway;Minbu;MMR;MMR009D002;MMR009;April;2017;0;0
Myanmar;Sagaing;Hkamti;MMR;MMR005D008;MMR005;April;2017;0;0
Myanmar;Sagaing;Katha;MMR;MMR005D004;MMR005;April;2017;0;0
Myanmar;Sagaing;Shwebo;MMR;MMR005D002;MMR005;April;2017;0;0
Myanmar;Sagaing;Tamu;MMR;MMR005D006;MMR005;April;2017;0;0
Myanmar;Shan-North;Kyaukme;MMR;NA;NA;April;2017;4;9
Myanmar;Shan-North;Matman;MMR;MMR015D007;MMR015;April;2017;0;0
Myanmar;Shan-North;Pa Laung Self-Administered Zone;MMR;NA;NA;April;2017;2;0
Myanmar;Yangon;Yangon-East;MMR;MMR013D002;MMR013;April;2017;0;0
Myanmar;Ayeyarwady;Pathein;MMR;MMR017D001;MMR017;April;2017;0;0
Myanmar;Ayeyarwady;Pyapon;MMR;MMR017D006;MMR017;April;2017;0;0
Myanmar;Bago-East;Taungoo;MMR;MMR007D002;MMR007;April;2017;0;0
Myanmar;Kayah;Loikaw;MMR;MMR002D001;MMR002;April;2017;0;0
Myanmar;Kayin;Kawkareik;MMR;MMR003D003;MMR003;April;2017;0;0
Myanmar;Magway;Thayet;MMR;MMR009D003;MMR009;April;2017;0;0
Myanmar;Mandalay;Kyaukse;MMR;MMR010D003;MMR010;April;2017;0;0
Myanmar;Rakhine;Kyaukpyu;MMR;MMR012D003;MMR012;April;2017;0;0
Myanmar;Shan-East;Monghsat;MMR;MMR016D002;MMR016;April;2017;0;0
Myanmar;Shan-South;Pa-O Self-Administered Zone;MMR;NA;NA;April;2017;0;0
Myanmar;Shan-South;Taunggyi;MMR;MMR014D001;MMR014;April;2017;0;0
Myanmar;Tanintharyi;Dawei;MMR;MMR006D001;MMR006;April;2017;0;0
Myanmar;Yangon;Yangon-North;MMR;MMR013D001;MMR013;April;2017;0;0
Myanmar;Bago-West;Pyay;MMR;MMR008D001;MMR008;April;2017;0;0
Myanmar;Chin;Mindat;MMR;MMR004D002;MMR004;April;2017;0;0
Myanmar;Kachin;Bhamo;MMR;MMR001D003;MMR001;April;2017;4;1
Myanmar;Kachin;Myitkyina;MMR;MMR001D001;MMR001;April;2017;2;0
Myanmar;Magway;Gangaw;MMR;MMR009D005;MMR009;April;2017;0;0
Myanmar;Nay Pyi Taw;Oke Ta Ra;MMR;MMR018D001;MMR018;April;2017;0;0
Myanmar;Rakhine;Thandwe;MMR;MMR012D004;MMR012;April;2017;0;0
Myanmar;Shan-East;Kengtung;MMR;MMR016D001;MMR016;April;2017;0;0
Myanmar;Shan-North;Mongmit;MMR;MMR015D008;MMR015;April;2017;0;0
Myanmar;Yangon;Yangon-South;MMR;MMR013D003;MMR013;April;2017;0;0
Myanmar;Ayeyarwady;Labutta;MMR;MMR017D004;MMR017;April;2017;0;0
Myanmar;Ayeyarwady;Maubin;MMR;MMR017D005;MMR017;April;2017;0;0
Myanmar;Magway;Pakokku;MMR;MMR009D004;MMR009;April;2017;0;0
Myanmar;Mandalay;Myingyan;MMR;MMR010D004;MMR010;April;2017;0;0
Myanmar;Rakhine;Maungdaw;MMR;MMR012D002;MMR012;April;2017;2;3
Myanmar;Rakhine;Mrauk-U;MMR;MMR012D005;MMR012;April;2017;1;0
Myanmar;Shan-North;Hopang;MMR;MMR015D006;MMR015;April;2017;0;0
Myanmar;Shan-North;Kokang Self-Administered Zone;MMR;MMR015D221;MMR015;April;2017;3;10
Myanmar;Shan-North;Muse;MMR;MMR015D002;MMR015;April;2017;7;0
Myanmar;Sagaing;Kale;MMR;MMR005D005;MMR005;April;2017;0;0
Myanmar;Sagaing;Sagaing;MMR;MMR005D001;MMR005;April;2017;0;0
Myanmar;Bago-East;Bago;MMR;MMR007D001;MMR007;April;2017;0;0
Myanmar;Chin;Hakha;MMR;MMR004D003;MMR004;April;2017;0;0
Myanmar;Kachin;Mohnyin;MMR;MMR001D002;MMR001;April;2017;0;0
Myanmar;Kachin;Puta-O;MMR;MMR001D004;MMR001;April;2017;1;0
Myanmar;Kayin;Hpa-An;MMR;MMR003D001;MMR003;April;2017;0;0
Myanmar;Kayin;Myawaddy;MMR;MMR003D002;MMR003;April;2017;0;0
Myanmar;Mandalay;Mandalay;MMR;MMR010D001;MMR010;April;2017;0;0
Myanmar;Mandalay;Meiktila;MMR;MMR010D007;MMR010;April;2017;0;0
Myanmar;Sagaing;Kawlin;MMR;MMR005D011;MMR005;April;2017;0;0
Myanmar;Sagaing;Naga Self-Administered Zone;MMR;NA;NA;April;2017;0;0
Myanmar;Shan-South;Langkho;MMR;MMR014D003;MMR014;April;2017;0;0
Myanmar;Shan-South;Loilen;MMR;MMR014D002;MMR014;April;2017;2;2
Myanmar;Chin;Falam;MMR;MMR004D001;MMR004;April;2017;0;0
Myanmar;Kayin;Hpapun;MMR;MMR003D004;MMR003;April;2017;0;0
Myanmar;Mandalay;Nyaung-U;MMR;MMR010D005;MMR010;April;2017;0;0
Myanmar;Mon;Thaton;MMR;MMR011D002;MMR011;April;2017;0;0
Myanmar;Rakhine;Sittwe;MMR;MMR012D001;MMR012;April;2017;0;0
Myanmar;Sagaing;Mawlaik;MMR;MMR005D007;MMR005;April;2017;0;0
Myanmar;Sagaing;Monywa;MMR;MMR005D003;MMR005;April;2017;0;0
Myanmar;Sagaing;Yinmarbin;MMR;MMR005D009;MMR005;April;2017;0;0
Myanmar;Shan-East;Tachileik;MMR;MMR016D003;MMR016;April;2017;0;0
Myanmar;Tanintharyi;Kawthoung;MMR;MMR006D003;MMR006;April;2017;0;0
Myanmar;Yangon;Yangon-West;MMR;MMR013D004;MMR013;April;2017;0;0
Myanmar;Ayeyarwady;Hinthada;MMR;MMR017D002;MMR017;April;2017;0;0
Myanmar;Bago-West;Thayarwady;MMR;MMR008D002;MMR008;April;2017;0;0
Myanmar;Kayah;Bawlake;MMR;MMR002D002;MMR002;April;2017;0;0
Myanmar;Mandalay;Pyinoolwin;MMR;MMR010D002;MMR010;April;2017;0;0
Myanmar;Mandalay;Yamethin;MMR;MMR010D006;MMR010;April;2017;0;0
Myanmar;Mon;Mawlamyine;MMR;MMR011D001;MMR011;April;2017;0;0
Myanmar;Nay Pyi Taw;Det Khi Na;MMR;MMR018D002;MMR018;April;2017;0;0
Myanmar;Sagaing;Kanbalu;MMR;MMR005D010;MMR005;April;2017;0;0
Myanmar;Shan-North;Lashio;MMR;MMR015D001;MMR015;April;2017;0;0
Myanmar;Shan-South;Danu Self-Administered Zone;MMR;NA;NA;April;2017;0;0
Myanmar;Tanintharyi;Myeik;MMR;MMR006D002;MMR006;April;2017;1;0
Myanmar;Ayeyarwady;Myaungmya;MMR;MMR017D003;MMR017;May;2017;0;0
Myanmar;Chin;Matupi;MMR;MMR004D004;MMR004;May;2017;0;0
Myanmar;Magway;Magway;MMR;MMR009D001;MMR009;May;2017;0;0
Myanmar;Magway;Minbu;MMR;MMR009D002;MMR009;May;2017;0;0
Myanmar;Sagaing;Hkamti;MMR;MMR005D008;MMR005;May;2017;1;4
Myanmar;Sagaing;Katha;MMR;MMR005D004;MMR005;May;2017;0;0
Myanmar;Sagaing;Shwebo;MMR;MMR005D002;MMR005;May;2017;0;0
Myanmar;Sagaing;Tamu;MMR;MMR005D006;MMR005;May;2017;0;0
Myanmar;Shan-North;Kyaukme;MMR;NA;NA;May;2017;15;1
Myanmar;Shan-North;Matman;MMR;MMR015D007;MMR015;May;2017;0;0
Myanmar;Shan-North;Pa Laung Self-Administered Zone;MMR;NA;NA;May;2017;15;0
Myanmar;Yangon;Yangon-East;MMR;MMR013D002;MMR013;May;2017;1;0
Myanmar;Ayeyarwady;Pathein;MMR;MMR017D001;MMR017;May;2017;0;0
Myanmar;Ayeyarwady;Pyapon;MMR;MMR017D006;MMR017;May;2017;0;0
Myanmar;Bago-East;Taungoo;MMR;MMR007D002;MMR007;May;2017;0;0
Myanmar;Kayah;Loikaw;MMR;MMR002D001;MMR002;May;2017;0;0
Myanmar;Kayin;Kawkareik;MMR;MMR003D003;MMR003;May;2017;1;1
Myanmar;Magway;Thayet;MMR;MMR009D003;MMR009;May;2017;0;0
Myanmar;Mandalay;Kyaukse;MMR;MMR010D003;MMR010;May;2017;0;0
Myanmar;Rakhine;Kyaukpyu;MMR;MMR012D003;MMR012;May;2017;0;0
Myanmar;Shan-East;Monghsat;MMR;MMR016D002;MMR016;May;2017;0;0
Myanmar;Shan-South;Pa-O Self-Administered Zone;MMR;NA;NA;May;2017;0;0
Myanmar;Shan-South;Taunggyi;MMR;MMR014D001;MMR014;May;2017;0;0
Myanmar;Tanintharyi;Dawei;MMR;MMR006D001;MMR006;May;2017;0;0
Myanmar;Yangon;Yangon-North;MMR;MMR013D001;MMR013;May;2017;0;0
Myanmar;Bago-West;Pyay;MMR;MMR008D001;MMR008;May;2017;0;0
Myanmar;Chin;Mindat;MMR;MMR004D002;MMR004;May;2017;0;0
Myanmar;Kachin;Bhamo;MMR;MMR001D003;MMR001;May;2017;1;3
Myanmar;Kachin;Myitkyina;MMR;MMR001D001;MMR001;May;2017;5;1
Myanmar;Magway;Gangaw;MMR;MMR009D005;MMR009;May;2017;0;0
Myanmar;Nay Pyi Taw;Oke Ta Ra;MMR;MMR018D001;MMR018;May;2017;0;0
Myanmar;Rakhine;Thandwe;MMR;MMR012D004;MMR012;May;2017;0;0
Myanmar;Shan-East;Kengtung;MMR;MMR016D001;MMR016;May;2017;0;0
Myanmar;Shan-North;Mongmit;MMR;MMR015D008;MMR015;May;2017;1;0
Myanmar;Yangon;Yangon-South;MMR;MMR013D003;MMR013;May;2017;0;0
Myanmar;Ayeyarwady;Labutta;MMR;MMR017D004;MMR017;May;2017;0;0
Myanmar;Ayeyarwady;Maubin;MMR;MMR017D005;MMR017;May;2017;0;0
Myanmar;Magway;Pakokku;MMR;MMR009D004;MMR009;May;2017;0;0
Myanmar;Mandalay;Myingyan;MMR;MMR010D004;MMR010;May;2017;0;0
Myanmar;Rakhine;Maungdaw;MMR;MMR012D002;MMR012;May;2017;1;5
Myanmar;Rakhine;Mrauk-U;MMR;MMR012D005;MMR012;May;2017;0;0
Myanmar;Shan-North;Hopang;MMR;MMR015D006;MMR015;May;2017;0;0
Myanmar;Shan-North;Kokang Self-Administered Zone;MMR;MMR015D221;MMR015;May;2017;3;0
Myanmar;Shan-North;Muse;MMR;MMR015D002;MMR015;May;2017;15;12
Myanmar;Sagaing;Kale;MMR;MMR005D005;MMR005;May;2017;0;0
Myanmar;Sagaing;Sagaing;MMR;MMR005D001;MMR005;May;2017;0;0
Myanmar;Bago-East;Bago;MMR;MMR007D001;MMR007;May;2017;0;0
Myanmar;Chin;Hakha;MMR;MMR004D003;MMR004;May;2017;0;0
Myanmar;Kachin;Mohnyin;MMR;MMR001D002;MMR001;May;2017;3;0
Myanmar;Kachin;Puta-O;MMR;MMR001D004;MMR001;May;2017;0;0
Myanmar;Kayin;Hpa-An;MMR;MMR003D001;MMR003;May;2017;0;0
Myanmar;Kayin;Myawaddy;MMR;MMR003D002;MMR003;May;2017;0;0
Myanmar;Mandalay;Mandalay;MMR;MMR010D001;MMR010;May;2017;0;0
Myanmar;Mandalay;Meiktila;MMR;MMR010D007;MMR010;May;2017;0;0
Myanmar;Sagaing;Kawlin;MMR;MMR005D011;MMR005;May;2017;0;0
Myanmar;Sagaing;Naga Self-Administered Zone;MMR;NA;NA;May;2017;0;0
Myanmar;Shan-South;Langkho;MMR;MMR014D003;MMR014;May;2017;0;0
Myanmar;Shan-South;Loilen;MMR;MMR014D002;MMR014;May;2017;0;0
Myanmar;Chin;Falam;MMR;MMR004D001;MMR004;May;2017;0;0
Myanmar;Kayin;Hpapun;MMR;MMR003D004;MMR003;May;2017;0;0
Myanmar;Mandalay;Nyaung-U;MMR;MMR010D005;MMR010;May;2017;0;0
Myanmar;Mon;Thaton;MMR;MMR011D002;MMR011;May;2017;0;0
Myanmar;Rakhine;Sittwe;MMR;MMR012D001;MMR012;May;2017;1;1
Myanmar;Sagaing;Mawlaik;MMR;MMR005D007;MMR005;May;2017;0;0
Myanmar;Sagaing;Monywa;MMR;MMR005D003;MMR005;May;2017;0;0
Myanmar;Sagaing;Yinmarbin;MMR;MMR005D009;MMR005;May;2017;0;0
Myanmar;Shan-East;Tachileik;MMR;MMR016D003;MMR016;May;2017;0;0
Myanmar;Tanintharyi;Kawthoung;MMR;MMR006D003;MMR006;May;2017;0;0
Myanmar;Yangon;Yangon-West;MMR;MMR013D004;MMR013;May;2017;0;0
Myanmar;Ayeyarwady;Hinthada;MMR;MMR017D002;MMR017;May;2017;0;0
Myanmar;Bago-West;Thayarwady;MMR;MMR008D002;MMR008;May;2017;0;0
Myanmar;Kayah;Bawlake;MMR;MMR002D002;MMR002;May;2017;0;0
Myanmar;Mandalay;Pyinoolwin;MMR;MMR010D002;MMR010;May;2017;0;0
Myanmar;Mandalay;Yamethin;MMR;MMR010D006;MMR010;May;2017;0;0
Myanmar;Mon;Mawlamyine;MMR;MMR011D001;MMR011;May;2017;0;0
Myanmar;Nay Pyi Taw;Det Khi Na;MMR;MMR018D002;MMR018;May;2017;0;0
Myanmar;Sagaing;Kanbalu;MMR;MMR005D010;MMR005;May;2017;0;0
Myanmar;Shan-North;Lashio;MMR;MMR015D001;MMR015;May;2017;0;0
Myanmar;Shan-South;Danu Self-Administered Zone;MMR;NA;NA;May;2017;0;0
Myanmar;Tanintharyi;Myeik;MMR;MMR006D002;MMR006;May;2017;0;0
Myanmar;Ayeyarwady;Myaungmya;MMR;MMR017D003;MMR017;June;2017;0;0
Myanmar;Chin;Matupi;MMR;MMR004D004;MMR004;June;2017;0;0
Myanmar;Magway;Magway;MMR;MMR009D001;MMR009;June;2017;0;0
Myanmar;Magway;Minbu;MMR;MMR009D002;MMR009;June;2017;0;0
Myanmar;Sagaing;Hkamti;MMR;MMR005D008;MMR005;June;2017;0;0
Myanmar;Sagaing;Katha;MMR;MMR005D004;MMR005;June;2017;0;0
Myanmar;Sagaing;Shwebo;MMR;MMR005D002;MMR005;June;2017;0;0
Myanmar;Sagaing;Tamu;MMR;MMR005D006;MMR005;June;2017;0;0
Myanmar;Shan-North;Kyaukme;MMR;NA;NA;June;2017;2;0
Myanmar;Shan-North;Matman;MMR;MMR015D007;MMR015;June;2017;0;0
Myanmar;Shan-North;Pa Laung Self-Administered Zone;MMR;NA;NA;June;2017;9;3
Myanmar;Yangon;Yangon-East;MMR;MMR013D002;MMR013;June;2017;0;0
Myanmar;Ayeyarwady;Pathein;MMR;MMR017D001;MMR017;June;2017;0;0
Myanmar;Ayeyarwady;Pyapon;MMR;MMR017D006;MMR017;June;2017;0;0
Myanmar;Bago-East;Taungoo;MMR;MMR007D002;MMR007;June;2017;0;0
Myanmar;Kayah;Loikaw;MMR;MMR002D001;MMR002;June;2017;0;0
Myanmar;Kayin;Kawkareik;MMR;MMR003D003;MMR003;June;2017;0;0
Myanmar;Magway;Thayet;MMR;MMR009D003;MMR009;June;2017;0;0
Myanmar;Mandalay;Kyaukse;MMR;MMR010D003;MMR010;June;2017;0;0
Myanmar;Rakhine;Kyaukpyu;MMR;MMR012D003;MMR012;June;2017;0;0
Myanmar;Shan-East;Monghsat;MMR;MMR016D002;MMR016;June;2017;0;0
Myanmar;Shan-South;Pa-O Self-Administered Zone;MMR;NA;NA;June;2017;0;0
Myanmar;Shan-South;Taunggyi;MMR;MMR014D001;MMR014;June;2017;0;0
Myanmar;Tanintharyi;Dawei;MMR;MMR006D001;MMR006;June;2017;0;0
Myanmar;Yangon;Yangon-North;MMR;MMR013D001;MMR013;June;2017;0;0
Myanmar;Bago-West;Pyay;MMR;MMR008D001;MMR008;June;2017;0;0
Myanmar;Chin;Mindat;MMR;MMR004D002;MMR004;June;2017;0;0
Myanmar;Kachin;Bhamo;MMR;MMR001D003;MMR001;June;2017;0;0
Myanmar;Kachin;Myitkyina;MMR;MMR001D001;MMR001;June;2017;15;0
Myanmar;Magway;Gangaw;MMR;MMR009D005;MMR009;June;2017;0;0
Myanmar;Nay Pyi Taw;Oke Ta Ra;MMR;MMR018D001;MMR018;June;2017;0;0
Myanmar;Rakhine;Thandwe;MMR;MMR012D004;MMR012;June;2017;0;0
Myanmar;Shan-East;Kengtung;MMR;MMR016D001;MMR016;June;2017;1;0
Myanmar;Shan-North;Mongmit;MMR;MMR015D008;MMR015;June;2017;0;0
Myanmar;Yangon;Yangon-South;MMR;MMR013D003;MMR013;June;2017;0;0
Myanmar;Ayeyarwady;Labutta;MMR;MMR017D004;MMR017;June;2017;0;0
Myanmar;Ayeyarwady;Maubin;MMR;MMR017D005;MMR017;June;2017;0;0
Myanmar;Magway;Pakokku;MMR;MMR009D004;MMR009;June;2017;0;0
Myanmar;Mandalay;Myingyan;MMR;MMR010D004;MMR010;June;2017;0;0
Myanmar;Rakhine;Maungdaw;MMR;MMR012D002;MMR012;June;2017;6;10
Myanmar;Rakhine;Mrauk-U;MMR;MMR012D005;MMR012;June;2017;0;0
Myanmar;Shan-North;Hopang;MMR;MMR015D006;MMR015;June;2017;0;0
Myanmar;Shan-North;Kokang Self-Administered Zone;MMR;MMR015D221;MMR015;June;2017;0;0
Myanmar;Shan-North;Muse;MMR;MMR015D002;MMR015;June;2017;9;4
Myanmar;Sagaing;Kale;MMR;MMR005D005;MMR005;June;2017;0;0
Myanmar;Sagaing;Sagaing;MMR;MMR005D001;MMR005;June;2017;0;0
Myanmar;Bago-East;Bago;MMR;MMR007D001;MMR007;June;2017;0;0
Myanmar;Chin;Hakha;MMR;MMR004D003;MMR004;June;2017;0;0
Myanmar;Kachin;Mohnyin;MMR;MMR001D002;MMR001;June;2017;4;0
Myanmar;Kachin;Puta-O;MMR;MMR001D004;MMR001;June;2017;0;0
Myanmar;Kayin;Hpa-An;MMR;MMR003D001;MMR003;June;2017;0;0
Myanmar;Kayin;Myawaddy;MMR;MMR003D002;MMR003;June;2017;0;0
Myanmar;Mandalay;Mandalay;MMR;MMR010D001;MMR010;June;2017;0;0
Myanmar;Mandalay;Meiktila;MMR;MMR010D007;MMR010;June;2017;0;0
Myanmar;Sagaing;Kawlin;MMR;MMR005D011;MMR005;June;2017;0;0
Myanmar;Sagaing;Naga Self-Administered Zone;MMR;NA;NA;June;2017;0;0
Myanmar;Shan-South;Langkho;MMR;MMR014D003;MMR014;June;2017;0;0
Myanmar;Shan-South;Loilen;MMR;MMR014D002;MMR014;June;2017;0;0
Myanmar;Chin;Falam;MMR;MMR004D001;MMR004;June;2017;0;0
Myanmar;Kayin;Hpapun;MMR;MMR003D004;MMR003;June;2017;0;0
Myanmar;Mandalay;Nyaung-U;MMR;MMR010D005;MMR010;June;2017;0;0
Myanmar;Mon;Thaton;MMR;MMR011D002;MMR011;June;2017;0;0
Myanmar;Rakhine;Sittwe;MMR;MMR012D001;MMR012;June;2017;1;0
Myanmar;Sagaing;Mawlaik;MMR;MMR005D007;MMR005;June;2017;0;0
Myanmar;Sagaing;Monywa;MMR;MMR005D003;MMR005;June;2017;0;0
Myanmar;Sagaing;Yinmarbin;MMR;MMR005D009;MMR005;June;2017;0;0
Myanmar;Shan-East;Tachileik;MMR;MMR016D003;MMR016;June;2017;0;0
Myanmar;Tanintharyi;Kawthoung;MMR;MMR006D003;MMR006;June;2017;0;0
Myanmar;Yangon;Yangon-West;MMR;MMR013D004;MMR013;June;2017;0;0
Myanmar;Ayeyarwady;Hinthada;MMR;MMR017D002;MMR017;June;2017;0;0
Myanmar;Bago-West;Thayarwady;MMR;MMR008D002;MMR008;June;2017;0;0
Myanmar;Kayah;Bawlake;MMR;MMR002D002;MMR002;June;2017;0;0
Myanmar;Mandalay;Pyinoolwin;MMR;MMR010D002;MMR010;June;2017;0;0
Myanmar;Mandalay;Yamethin;MMR;MMR010D006;MMR010;June;2017;0;0
Myanmar;Mon;Mawlamyine;MMR;MMR011D001;MMR011;June;2017;0;0
Myanmar;Nay Pyi Taw;Det Khi Na;MMR;MMR018D002;MMR018;June;2017;0;0
Myanmar;Sagaing;Kanbalu;MMR;MMR005D010;MMR005;June;2017;0;0
Myanmar;Shan-North;Lashio;MMR;MMR015D001;MMR015;June;2017;0;0
Myanmar;Shan-South;Danu Self-Administered Zone;MMR;NA;NA;June;2017;0;0
Myanmar;Tanintharyi;Myeik;MMR;MMR006D002;MMR006;June;2017;0;0
Myanmar;Ayeyarwady;Myaungmya;MMR;MMR017D003;MMR017;July;2017;0;0
Myanmar;Chin;Matupi;MMR;MMR004D004;MMR004;July;2017;0;0
Myanmar;Magway;Magway;MMR;MMR009D001;MMR009;July;2017;0;0
Myanmar;Magway;Minbu;MMR;MMR009D002;MMR009;July;2017;0;0
Myanmar;Sagaing;Hkamti;MMR;MMR005D008;MMR005;July;2017;0;0
Myanmar;Sagaing;Katha;MMR;MMR005D004;MMR005;July;2017;1;0
Myanmar;Sagaing;Shwebo;MMR;MMR005D002;MMR005;July;2017;0;0
Myanmar;Sagaing;Tamu;MMR;MMR005D006;MMR005;July;2017;0;0
Myanmar;Shan-North;Kyaukme;MMR;NA;NA;July;2017;8;0
Myanmar;Shan-North;Matman;MMR;MMR015D007;MMR015;July;2017;0;0
Myanmar;Shan-North;Pa Laung Self-Administered Zone;MMR;NA;NA;July;2017;1;0
Myanmar;Yangon;Yangon-East;MMR;MMR013D002;MMR013;July;2017;0;0
Myanmar;Ayeyarwady;Pathein;MMR;MMR017D001;MMR017;July;2017;0;0
Myanmar;Ayeyarwady;Pyapon;MMR;MMR017D006;MMR017;July;2017;0;0
Myanmar;Bago-East;Taungoo;MMR;MMR007D002;MMR007;July;2017;0;0
Myanmar;Kayah;Loikaw;MMR;MMR002D001;MMR002;July;2017;0;0
Myanmar;Kayin;Kawkareik;MMR;MMR003D003;MMR003;July;2017;0;0
Myanmar;Magway;Thayet;MMR;MMR009D003;MMR009;July;2017;0;0
Myanmar;Mandalay;Kyaukse;MMR;MMR010D003;MMR010;July;2017;0;0
Myanmar;Rakhine;Kyaukpyu;MMR;MMR012D003;MMR012;July;2017;0;0
Myanmar;Shan-East;Monghsat;MMR;MMR016D002;MMR016;July;2017;0;0
Myanmar;Shan-South;Pa-O Self-Administered Zone;MMR;NA;NA;July;2017;2;0
Myanmar;Shan-South;Taunggyi;MMR;MMR014D001;MMR014;July;2017;0;0
Myanmar;Tanintharyi;Dawei;MMR;MMR006D001;MMR006;July;2017;0;0
Myanmar;Yangon;Yangon-North;MMR;MMR013D001;MMR013;July;2017;0;0
Myanmar;Bago-West;Pyay;MMR;MMR008D001;MMR008;July;2017;0;0
Myanmar;Chin;Mindat;MMR;MMR004D002;MMR004;July;2017;0;0
Myanmar;Kachin;Bhamo;MMR;MMR001D003;MMR001;July;2017;2;1
Myanmar;Kachin;Myitkyina;MMR;MMR001D001;MMR001;July;2017;8;2
Myanmar;Magway;Gangaw;MMR;MMR009D005;MMR009;July;2017;0;0
Myanmar;Nay Pyi Taw;Oke Ta Ra;MMR;MMR018D001;MMR018;July;2017;0;0
Myanmar;Rakhine;Thandwe;MMR;MMR012D004;MMR012;July;2017;0;0
Myanmar;Shan-East;Kengtung;MMR;MMR016D001;MMR016;July;2017;1;0
Myanmar;Shan-North;Mongmit;MMR;MMR015D008;MMR015;July;2017;3;0
Myanmar;Yangon;Yangon-South;MMR;MMR013D003;MMR013;July;2017;0;0
Myanmar;Ayeyarwady;Labutta;MMR;MMR017D004;MMR017;July;2017;0;0
Myanmar;Ayeyarwady;Maubin;MMR;MMR017D005;MMR017;July;2017;0;0
Myanmar;Magway;Pakokku;MMR;MMR009D004;MMR009;July;2017;0;0
Myanmar;Mandalay;Myingyan;MMR;MMR010D004;MMR010;July;2017;0;0
Myanmar;Rakhine;Maungdaw;MMR;MMR012D002;MMR012;July;2017;3;6
Myanmar;Rakhine;Mrauk-U;MMR;MMR012D005;MMR012;July;2017;0;0
Myanmar;Shan-North;Hopang;MMR;MMR015D006;MMR015;July;2017;0;0
Myanmar;Shan-North;Kokang Self-Administered Zone;MMR;MMR015D221;MMR015;July;2017;0;0
Myanmar;Shan-North;Muse;MMR;MMR015D002;MMR015;July;2017;12;1
Myanmar;Sagaing;Kale;MMR;MMR005D005;MMR005;July;2017;0;0
Myanmar;Sagaing;Sagaing;MMR;MMR005D001;MMR005;July;2017;0;0
Myanmar;Bago-East;Bago;MMR;MMR007D001;MMR007;July;2017;0;0
Myanmar;Chin;Hakha;MMR;MMR004D003;MMR004;July;2017;0;0
Myanmar;Kachin;Mohnyin;MMR;MMR001D002;MMR001;July;2017;9;1
Myanmar;Kachin;Puta-O;MMR;MMR001D004;MMR001;July;2017;0;0
Myanmar;Kayin;Hpa-An;MMR;MMR003D001;MMR003;July;2017;0;0
Myanmar;Kayin;Myawaddy;MMR;MMR003D002;MMR003;July;2017;0;0
Myanmar;Mandalay;Mandalay;MMR;MMR010D001;MMR010;July;2017;0;0
Myanmar;Mandalay;Meiktila;MMR;MMR010D007;MMR010;July;2017;2;0
Myanmar;Sagaing;Kawlin;MMR;MMR005D011;MMR005;July;2017;0;0
Myanmar;Sagaing;Naga Self-Administered Zone;MMR;NA;NA;July;2017;0;0
Myanmar;Shan-South;Langkho;MMR;MMR014D003;MMR014;July;2017;1;1
Myanmar;Shan-South;Loilen;MMR;MMR014D002;MMR014;July;2017;0;0
Myanmar;Chin;Falam;MMR;MMR004D001;MMR004;July;2017;0;0
Myanmar;Kayin;Hpapun;MMR;MMR003D004;MMR003;July;2017;0;0
Myanmar;Mandalay;Nyaung-U;MMR;MMR010D005;MMR010;July;2017;0;0
Myanmar;Mon;Thaton;MMR;MMR011D002;MMR011;July;2017;0;0
Myanmar;Rakhine;Sittwe;MMR;MMR012D001;MMR012;July;2017;3;4
Myanmar;Sagaing;Mawlaik;MMR;MMR005D007;MMR005;July;2017;0;0
Myanmar;Sagaing;Monywa;MMR;MMR005D003;MMR005;July;2017;0;0
Myanmar;Sagaing;Yinmarbin;MMR;MMR005D009;MMR005;July;2017;0;0
Myanmar;Shan-East;Tachileik;MMR;MMR016D003;MMR016;July;2017;0;0
Myanmar;Tanintharyi;Kawthoung;MMR;MMR006D003;MMR006;July;2017;0;0
Myanmar;Yangon;Yangon-West;MMR;MMR013D004;MMR013;July;2017;0;0
Myanmar;Ayeyarwady;Hinthada;MMR;MMR017D002;MMR017;July;2017;0;0
Myanmar;Bago-West;Thayarwady;MMR;MMR008D002;MMR008;July;2017;0;0
Myanmar;Kayah;Bawlake;MMR;MMR002D002;MMR002;July;2017;0;0
Myanmar;Mandalay;Pyinoolwin;MMR;MMR010D002;MMR010;July;2017;0;0
Myanmar;Mandalay;Yamethin;MMR;MMR010D006;MMR010;July;2017;0;0
Myanmar;Mon;Mawlamyine;MMR;MMR011D001;MMR011;July;2017;0;0
Myanmar;Nay Pyi Taw;Det Khi Na;MMR;MMR018D002;MMR018;July;2017;0;0
Myanmar;Sagaing;Kanbalu;MMR;MMR005D010;MMR005;July;2017;0;0
Myanmar;Shan-North;Lashio;MMR;MMR015D001;MMR015;July;2017;1;0
Myanmar;Shan-South;Danu Self-Administered Zone;MMR;NA;NA;July;2017;0;0
Myanmar;Tanintharyi;Myeik;MMR;MMR006D002;MMR006;July;2017;0;0
Myanmar;Ayeyarwady;Myaungmya;MMR;MMR017D003;MMR017;August;2017;0;0
Myanmar;Chin;Matupi;MMR;MMR004D004;MMR004;August;2017;7;3
Myanmar;Magway;Magway;MMR;MMR009D001;MMR009;August;2017;0;0
Myanmar;Magway;Minbu;MMR;MMR009D002;MMR009;August;2017;0;0
Myanmar;Sagaing;Hkamti;MMR;MMR005D008;MMR005;August;2017;1;0
Myanmar;Sagaing;Katha;MMR;MMR005D004;MMR005;August;2017;0;0
Myanmar;Sagaing;Shwebo;MMR;MMR005D002;MMR005;August;2017;0;0
Myanmar;Sagaing;Tamu;MMR;MMR005D006;MMR005;August;2017;0;0
Myanmar;Shan-North;Kyaukme;MMR;NA;NA;August;2017;1;0
Myanmar;Shan-North;Matman;MMR;MMR015D007;MMR015;August;2017;0;0
Myanmar;Shan-North;Pa Laung Self-Administered Zone;MMR;NA;NA;August;2017;4;0
Myanmar;Yangon;Yangon-East;MMR;MMR013D002;MMR013;August;2017;0;0
Myanmar;Ayeyarwady;Pathein;MMR;MMR017D001;MMR017;August;2017;0;0
Myanmar;Ayeyarwady;Pyapon;MMR;MMR017D006;MMR017;August;2017;0;0
Myanmar;Bago-East;Taungoo;MMR;MMR007D002;MMR007;August;2017;0;0
Myanmar;Kayah;Loikaw;MMR;MMR002D001;MMR002;August;2017;0;0
Myanmar;Kayin;Kawkareik;MMR;MMR003D003;MMR003;August;2017;0;0
Myanmar;Magway;Thayet;MMR;MMR009D003;MMR009;August;2017;0;0
Myanmar;Mandalay;Kyaukse;MMR;MMR010D003;MMR010;August;2017;0;0
Myanmar;Rakhine;Kyaukpyu;MMR;MMR012D003;MMR012;August;2017;0;0
Myanmar;Shan-East;Monghsat;MMR;MMR016D002;MMR016;August;2017;0;0
Myanmar;Shan-South;Pa-O Self-Administered Zone;MMR;NA;NA;August;2017;0;0
Myanmar;Shan-South;Taunggyi;MMR;MMR014D001;MMR014;August;2017;0;0
Myanmar;Tanintharyi;Dawei;MMR;MMR006D001;MMR006;August;2017;0;0
Myanmar;Yangon;Yangon-North;MMR;MMR013D001;MMR013;August;2017;0;0
Myanmar;Bago-West;Pyay;MMR;MMR008D001;MMR008;August;2017;0;0
Myanmar;Chin;Mindat;MMR;MMR004D002;MMR004;August;2017;0;0
Myanmar;Kachin;Bhamo;MMR;MMR001D003;MMR001;August;2017;2;3
Myanmar;Kachin;Myitkyina;MMR;MMR001D001;MMR001;August;2017;2;3
Myanmar;Magway;Gangaw;MMR;MMR009D005;MMR009;August;2017;0;0
Myanmar;Nay Pyi Taw;Oke Ta Ra;MMR;MMR018D001;MMR018;August;2017;0;0
Myanmar;Rakhine;Thandwe;MMR;MMR012D004;MMR012;August;2017;0;0
Myanmar;Shan-East;Kengtung;MMR;MMR016D001;MMR016;August;2017;0;0
Myanmar;Shan-North;Mongmit;MMR;MMR015D008;MMR015;August;2017;0;0
Myanmar;Yangon;Yangon-South;MMR;MMR013D003;MMR013;August;2017;0;0
Myanmar;Ayeyarwady;Labutta;MMR;MMR017D004;MMR017;August;2017;0;0
Myanmar;Ayeyarwady;Maubin;MMR;MMR017D005;MMR017;August;2017;0;0
Myanmar;Magway;Pakokku;MMR;MMR009D004;MMR009;August;2017;0;0
Myanmar;Mandalay;Myingyan;MMR;MMR010D004;MMR010;August;2017;0;0
Myanmar;Rakhine;Maungdaw;MMR;MMR012D002;MMR012;August;2017;86;947
Myanmar;Rakhine;Mrauk-U;MMR;MMR012D005;MMR012;August;2017;0;0
Myanmar;Shan-North;Hopang;MMR;MMR015D006;MMR015;August;2017;0;0
Myanmar;Shan-North;Kokang Self-Administered Zone;MMR;MMR015D221;MMR015;August;2017;0;0
Myanmar;Shan-North;Muse;MMR;MMR015D002;MMR015;August;2017;11;5
Myanmar;Sagaing;Kale;MMR;MMR005D005;MMR005;August;2017;0;0
Myanmar;Sagaing;Sagaing;MMR;MMR005D001;MMR005;August;2017;0;0
Myanmar;Bago-East;Bago;MMR;MMR007D001;MMR007;August;2017;0;0
Myanmar;Chin;Hakha;MMR;MMR004D003;MMR004;August;2017;0;0
Myanmar;Kachin;Mohnyin;MMR;MMR001D002;MMR001;August;2017;12;3
Myanmar;Kachin;Puta-O;MMR;MMR001D004;MMR001;August;2017;0;0
Myanmar;Kayin;Hpa-An;MMR;MMR003D001;MMR003;August;2017;0;0
Myanmar;Kayin;Myawaddy;MMR;MMR003D002;MMR003;August;2017;0;0
Myanmar;Mandalay;Mandalay;MMR;MMR010D001;MMR010;August;2017;0;0
Myanmar;Mandalay;Meiktila;MMR;MMR010D007;MMR010;August;2017;0;0
Myanmar;Sagaing;Kawlin;MMR;MMR005D011;MMR005;August;2017;0;0
Myanmar;Sagaing;Naga Self-Administered Zone;MMR;NA;NA;August;2017;0;0
Myanmar;Shan-South;Langkho;MMR;MMR014D003;MMR014;August;2017;0;0
Myanmar;Shan-South;Loilen;MMR;MMR014D002;MMR014;August;2017;2;0
Myanmar;Chin;Falam;MMR;MMR004D001;MMR004;August;2017;0;0
Myanmar;Kayin;Hpapun;MMR;MMR003D004;MMR003;August;2017;0;0
Myanmar;Mandalay;Nyaung-U;MMR;MMR010D005;MMR010;August;2017;0;0
Myanmar;Mon;Thaton;MMR;MMR011D002;MMR011;August;2017;0;0
Myanmar;Rakhine;Sittwe;MMR;MMR012D001;MMR012;August;2017;15;100
Myanmar;Sagaing;Mawlaik;MMR;MMR005D007;MMR005;August;2017;0;0
Myanmar;Sagaing;Monywa;MMR;MMR005D003;MMR005;August;2017;0;0
Myanmar;Sagaing;Yinmarbin;MMR;MMR005D009;MMR005;August;2017;0;0
Myanmar;Shan-East;Tachileik;MMR;MMR016D003;MMR016;August;2017;0;0
Myanmar;Tanintharyi;Kawthoung;MMR;MMR006D003;MMR006;August;2017;0;0
Myanmar;Yangon;Yangon-West;MMR;MMR013D004;MMR013;August;2017;0;0
Myanmar;Ayeyarwady;Hinthada;MMR;MMR017D002;MMR017;August;2017;0;0
Myanmar;Bago-West;Thayarwady;MMR;MMR008D002;MMR008;August;2017;0;0
Myanmar;Kayah;Bawlake;MMR;MMR002D002;MMR002;August;2017;0;0
Myanmar;Mandalay;Pyinoolwin;MMR;MMR010D002;MMR010;August;2017;0;0
Myanmar;Mandalay;Yamethin;MMR;MMR010D006;MMR010;August;2017;0;0
Myanmar;Mon;Mawlamyine;MMR;MMR011D001;MMR011;August;2017;0;0
Myanmar;Nay Pyi Taw;Det Khi Na;MMR;MMR018D002;MMR018;August;2017;0;0
Myanmar;Sagaing;Kanbalu;MMR;MMR005D010;MMR005;August;2017;0;0
Myanmar;Shan-North;Lashio;MMR;MMR015D001;MMR015;August;2017;0;0
Myanmar;Shan-South;Danu Self-Administered Zone;MMR;NA;NA;August;2017;0;0
Myanmar;Tanintharyi;Myeik;MMR;MMR006D002;MMR006;August;2017;0;0
Myanmar;Ayeyarwady;Myaungmya;MMR;MMR017D003;MMR017;September;2017;0;0
Myanmar;Chin;Matupi;MMR;MMR004D004;MMR004;September;2017;1;1
Myanmar;Magway;Magway;MMR;MMR009D001;MMR009;September;2017;1;0
Myanmar;Magway;Minbu;MMR;MMR009D002;MMR009;September;2017;0;0
Myanmar;Sagaing;Hkamti;MMR;MMR005D008;MMR005;September;2017;0;0
Myanmar;Sagaing;Katha;MMR;MMR005D004;MMR005;September;2017;0;0
Myanmar;Sagaing;Shwebo;MMR;MMR005D002;MMR005;September;2017;0;0
Myanmar;Sagaing;Tamu;MMR;MMR005D006;MMR005;September;2017;0;0
Myanmar;Shan-North;Kyaukme;MMR;NA;NA;September;2017;8;0
Myanmar;Shan-North;Matman;MMR;MMR015D007;MMR015;September;2017;0;0
Myanmar;Shan-North;Pa Laung Self-Administered Zone;MMR;NA;NA;September;2017;3;0
Myanmar;Yangon;Yangon-East;MMR;MMR013D002;MMR013;September;2017;0;0
Myanmar;Ayeyarwady;Pathein;MMR;MMR017D001;MMR017;September;2017;0;0
Myanmar;Ayeyarwady;Pyapon;MMR;MMR017D006;MMR017;September;2017;0;0
Myanmar;Bago-East;Taungoo;MMR;MMR007D002;MMR007;September;2017;0;0
Myanmar;Kayah;Loikaw;MMR;MMR002D001;MMR002;September;2017;0;0
Myanmar;Kayin;Kawkareik;MMR;MMR003D003;MMR003;September;2017;0;0
Myanmar;Magway;Thayet;MMR;MMR009D003;MMR009;September;2017;0;0
Myanmar;Mandalay;Kyaukse;MMR;MMR010D003;MMR010;September;2017;0;0
Myanmar;Rakhine;Kyaukpyu;MMR;MMR012D003;MMR012;September;2017;0;0
Myanmar;Shan-East;Monghsat;MMR;MMR016D002;MMR016;September;2017;0;0
Myanmar;Shan-South;Pa-O Self-Administered Zone;MMR;NA;NA;September;2017;0;0
Myanmar;Shan-South;Taunggyi;MMR;MMR014D001;MMR014;September;2017;0;0
Myanmar;Tanintharyi;Dawei;MMR;MMR006D001;MMR006;September;2017;0;0
Myanmar;Yangon;Yangon-North;MMR;MMR013D001;MMR013;September;2017;0;0
Myanmar;Bago-West;Pyay;MMR;MMR008D001;MMR008;September;2017;0;0
Myanmar;Chin;Mindat;MMR;MMR004D002;MMR004;September;2017;0;0
Myanmar;Kachin;Bhamo;MMR;MMR001D003;MMR001;September;2017;2;0
Myanmar;Kachin;Myitkyina;MMR;MMR001D001;MMR001;September;2017;4;1
Myanmar;Magway;Gangaw;MMR;MMR009D005;MMR009;September;2017;0;0
Myanmar;Nay Pyi Taw;Oke Ta Ra;MMR;MMR018D001;MMR018;September;2017;0;0
Myanmar;Rakhine;Thandwe;MMR;MMR012D004;MMR012;September;2017;0;0
Myanmar;Shan-East;Kengtung;MMR;MMR016D001;MMR016;September;2017;0;0
Myanmar;Shan-North;Mongmit;MMR;MMR015D008;MMR015;September;2017;0;0
Myanmar;Yangon;Yangon-South;MMR;MMR013D003;MMR013;September;2017;0;0
Myanmar;Ayeyarwady;Labutta;MMR;MMR017D004;MMR017;September;2017;0;0
Myanmar;Ayeyarwady;Maubin;MMR;MMR017D005;MMR017;September;2017;0;0
Myanmar;Magway;Pakokku;MMR;MMR009D004;MMR009;September;2017;0;0
Myanmar;Mandalay;Myingyan;MMR;MMR010D004;MMR010;September;2017;0;0
Myanmar;Rakhine;Maungdaw;MMR;MMR012D002;MMR012;September;2017;9;44
Myanmar;Rakhine;Mrauk-U;MMR;MMR012D005;MMR012;September;2017;2;0
Myanmar;Shan-North;Hopang;MMR;MMR015D006;MMR015;September;2017;0;0
Myanmar;Shan-North;Kokang Self-Administered Zone;MMR;MMR015D221;MMR015;September;2017;0;0
Myanmar;Shan-North;Muse;MMR;MMR015D002;MMR015;September;2017;5;0
Myanmar;Sagaing;Kale;MMR;MMR005D005;MMR005;September;2017;0;0
Myanmar;Sagaing;Sagaing;MMR;MMR005D001;MMR005;September;2017;0;0
Myanmar;Bago-East;Bago;MMR;MMR007D001;MMR007;September;2017;0;0
Myanmar;Chin;Hakha;MMR;MMR004D003;MMR004;September;2017;0;0
Myanmar;Kachin;Mohnyin;MMR;MMR001D002;MMR001;September;2017;4;0
Myanmar;Kachin;Puta-O;MMR;MMR001D004;MMR001;September;2017;0;0
Myanmar;Kayin;Hpa-An;MMR;MMR003D001;MMR003;September;2017;2;0
Myanmar;Kayin;Myawaddy;MMR;MMR003D002;MMR003;September;2017;0;0
Myanmar;Mandalay;Mandalay;MMR;MMR010D001;MMR010;September;2017;1;0
Myanmar;Mandalay;Meiktila;MMR;MMR010D007;MMR010;September;2017;0;0
Myanmar;Sagaing;Kawlin;MMR;MMR005D011;MMR005;September;2017;0;0
Myanmar;Sagaing;Naga Self-Administered Zone;MMR;NA;NA;September;2017;0;0
Myanmar;Shan-South;Langkho;MMR;MMR014D003;MMR014;September;2017;0;0
Myanmar;Shan-South;Loilen;MMR;MMR014D002;MMR014;September;2017;0;0
Myanmar;Chin;Falam;MMR;MMR004D001;MMR004;September;2017;0;0
Myanmar;Kayin;Hpapun;MMR;MMR003D004;MMR003;September;2017;0;0
Myanmar;Mandalay;Nyaung-U;MMR;MMR010D005;MMR010;September;2017;0;0
Myanmar;Mon;Thaton;MMR;MMR011D002;MMR011;September;2017;0;0
Myanmar;Rakhine;Sittwe;MMR;MMR012D001;MMR012;September;2017;0;0
Myanmar;Sagaing;Mawlaik;MMR;MMR005D007;MMR005;September;2017;0;0
Myanmar;Sagaing;Monywa;MMR;MMR005D003;MMR005;September;2017;0;0
Myanmar;Sagaing;Yinmarbin;MMR;MMR005D009;MMR005;September;2017;0;0
Myanmar;Shan-East;Tachileik;MMR;MMR016D003;MMR016;September;2017;0;0
Myanmar;Tanintharyi;Kawthoung;MMR;MMR006D003;MMR006;September;2017;0;0
Myanmar;Yangon;Yangon-West;MMR;MMR013D004;MMR013;September;2017;0;0
Myanmar;Ayeyarwady;Hinthada;MMR;MMR017D002;MMR017;September;2017;0;0
Myanmar;Bago-West;Thayarwady;MMR;MMR008D002;MMR008;September;2017;0;0
Myanmar;Kayah;Bawlake;MMR;MMR002D002;MMR002;September;2017;0;0
Myanmar;Mandalay;Pyinoolwin;MMR;MMR010D002;MMR010;September;2017;0;0
Myanmar;Mandalay;Yamethin;MMR;MMR010D006;MMR010;September;2017;0;0
Myanmar;Mon;Mawlamyine;MMR;MMR011D001;MMR011;September;2017;0;0
Myanmar;Nay Pyi Taw;Det Khi Na;MMR;MMR018D002;MMR018;September;2017;0;0
Myanmar;Sagaing;Kanbalu;MMR;MMR005D010;MMR005;September;2017;0;0
Myanmar;Shan-North;Lashio;MMR;MMR015D001;MMR015;September;2017;2;0
Myanmar;Shan-South;Danu Self-Administered Zone;MMR;NA;NA;September;2017;0;0
Myanmar;Tanintharyi;Myeik;MMR;MMR006D002;MMR006;September;2017;0;0
Myanmar;Ayeyarwady;Myaungmya;MMR;MMR017D003;MMR017;October;2017;0;0
Myanmar;Chin;Matupi;MMR;MMR004D004;MMR004;October;2017;0;0
Myanmar;Magway;Magway;MMR;MMR009D001;MMR009;October;2017;0;0
Myanmar;Magway;Minbu;MMR;MMR009D002;MMR009;October;2017;0;0
Myanmar;Sagaing;Hkamti;MMR;MMR005D008;MMR005;October;2017;0;0
Myanmar;Sagaing;Katha;MMR;MMR005D004;MMR005;October;2017;0;0
Myanmar;Sagaing;Shwebo;MMR;MMR005D002;MMR005;October;2017;0;0
Myanmar;Sagaing;Tamu;MMR;MMR005D006;MMR005;October;2017;0;0
Myanmar;Shan-North;Kyaukme;MMR;NA;NA;October;2017;3;0
Myanmar;Shan-North;Matman;MMR;MMR015D007;MMR015;October;2017;0;0
Myanmar;Shan-North;Pa Laung Self-Administered Zone;MMR;NA;NA;October;2017;2;0
Myanmar;Yangon;Yangon-East;MMR;MMR013D002;MMR013;October;2017;0;0
Myanmar;Ayeyarwady;Pathein;MMR;MMR017D001;MMR017;October;2017;0;0
Myanmar;Ayeyarwady;Pyapon;MMR;MMR017D006;MMR017;October;2017;0;0
Myanmar;Bago-East;Taungoo;MMR;MMR007D002;MMR007;October;2017;0;0
Myanmar;Kayah;Loikaw;MMR;MMR002D001;MMR002;October;2017;0;0
Myanmar;Kayin;Kawkareik;MMR;MMR003D003;MMR003;October;2017;0;0
Myanmar;Magway;Thayet;MMR;MMR009D003;MMR009;October;2017;0;0
Myanmar;Mandalay;Kyaukse;MMR;MMR010D003;MMR010;October;2017;0;0
Myanmar;Rakhine;Kyaukpyu;MMR;MMR012D003;MMR012;October;2017;0;0
Myanmar;Shan-East;Monghsat;MMR;MMR016D002;MMR016;October;2017;0;0
Myanmar;Shan-South;Pa-O Self-Administered Zone;MMR;NA;NA;October;2017;0;0
Myanmar;Shan-South;Taunggyi;MMR;MMR014D001;MMR014;October;2017;0;0
Myanmar;Tanintharyi;Dawei;MMR;MMR006D001;MMR006;October;2017;0;0
Myanmar;Yangon;Yangon-North;MMR;MMR013D001;MMR013;October;2017;0;0
Myanmar;Bago-West;Pyay;MMR;MMR008D001;MMR008;October;2017;0;0
Myanmar;Chin;Mindat;MMR;MMR004D002;MMR004;October;2017;0;0
Myanmar;Kachin;Bhamo;MMR;MMR001D003;MMR001;October;2017;10;0
Myanmar;Kachin;Myitkyina;MMR;MMR001D001;MMR001;October;2017;4;0
Myanmar;Magway;Gangaw;MMR;MMR009D005;MMR009;October;2017;0;0
Myanmar;Nay Pyi Taw;Oke Ta Ra;MMR;MMR018D001;MMR018;October;2017;0;0
Myanmar;Rakhine;Thandwe;MMR;MMR012D004;MMR012;October;2017;0;0
Myanmar;Shan-East;Kengtung;MMR;MMR016D001;MMR016;October;2017;0;0
Myanmar;Shan-North;Mongmit;MMR;MMR015D008;MMR015;October;2017;0;0
Myanmar;Yangon;Yangon-South;MMR;MMR013D003;MMR013;October;2017;0;0
Myanmar;Ayeyarwady;Labutta;MMR;MMR017D004;MMR017;October;2017;0;0
Myanmar;Ayeyarwady;Maubin;MMR;MMR017D005;MMR017;October;2017;0;0
Myanmar;Magway;Pakokku;MMR;MMR009D004;MMR009;October;2017;0;0
Myanmar;Mandalay;Myingyan;MMR;MMR010D004;MMR010;October;2017;0;0
Myanmar;Rakhine;Maungdaw;MMR;MMR012D002;MMR012;October;2017;0;0
Myanmar;Rakhine;Mrauk-U;MMR;MMR012D005;MMR012;October;2017;0;0
Myanmar;Shan-North;Hopang;MMR;MMR015D006;MMR015;October;2017;0;0
Myanmar;Shan-North;Kokang Self-Administered Zone;MMR;MMR015D221;MMR015;October;2017;0;0
Myanmar;Shan-North;Muse;MMR;MMR015D002;MMR015;October;2017;10;1
Myanmar;Sagaing;Kale;MMR;MMR005D005;MMR005;October;2017;0;0
Myanmar;Sagaing;Sagaing;MMR;MMR005D001;MMR005;October;2017;0;0
Myanmar;Bago-East;Bago;MMR;MMR007D001;MMR007;October;2017;0;0
Myanmar;Chin;Hakha;MMR;MMR004D003;MMR004;October;2017;0;0
Myanmar;Kachin;Mohnyin;MMR;MMR001D002;MMR001;October;2017;11;5
Myanmar;Kachin;Puta-O;MMR;MMR001D004;MMR001;October;2017;0;0
Myanmar;Kayin;Hpa-An;MMR;MMR003D001;MMR003;October;2017;0;0
Myanmar;Kayin;Myawaddy;MMR;MMR003D002;MMR003;October;2017;0;0
Myanmar;Mandalay;Mandalay;MMR;MMR010D001;MMR010;October;2017;1;2
Myanmar;Mandalay;Meiktila;MMR;MMR010D007;MMR010;October;2017;0;0
Myanmar;Sagaing;Kawlin;MMR;MMR005D011;MMR005;October;2017;0;0
Myanmar;Sagaing;Naga Self-Administered Zone;MMR;NA;NA;October;2017;0;0
Myanmar;Shan-South;Langkho;MMR;MMR014D003;MMR014;October;2017;0;0
Myanmar;Shan-South;Loilen;MMR;MMR014D002;MMR014;October;2017;0;0
Myanmar;Chin;Falam;MMR;MMR004D001;MMR004;October;2017;0;0
Myanmar;Kayin;Hpapun;MMR;MMR003D004;MMR003;October;2017;0;0
Myanmar;Mandalay;Nyaung-U;MMR;MMR010D005;MMR010;October;2017;0;0
Myanmar;Mon;Thaton;MMR;MMR011D002;MMR011;October;2017;0;0
Myanmar;Rakhine;Sittwe;MMR;MMR012D001;MMR012;October;2017;0;0
Myanmar;Sagaing;Mawlaik;MMR;MMR005D007;MMR005;October;2017;0;0
Myanmar;Sagaing;Monywa;MMR;MMR005D003;MMR005;October;2017;0;0
Myanmar;Sagaing;Yinmarbin;MMR;MMR005D009;MMR005;October;2017;0;0
Myanmar;Shan-East;Tachileik;MMR;MMR016D003;MMR016;October;2017;0;0
Myanmar;Tanintharyi;Kawthoung;MMR;MMR006D003;MMR006;October;2017;0;0
Myanmar;Yangon;Yangon-West;MMR;MMR013D004;MMR013;October;2017;0;0
Myanmar;Ayeyarwady;Hinthada;MMR;MMR017D002;MMR017;October;2017;0;0
Myanmar;Bago-West;Thayarwady;MMR;MMR008D002;MMR008;October;2017;0;0
Myanmar;Kayah;Bawlake;MMR;MMR002D002;MMR002;October;2017;0;0
Myanmar;Mandalay;Pyinoolwin;MMR;MMR010D002;MMR010;October;2017;0;0
Myanmar;Mandalay;Yamethin;MMR;MMR010D006;MMR010;October;2017;0;0
Myanmar;Mon;Mawlamyine;MMR;MMR011D001;MMR011;October;2017;0;0
Myanmar;Nay Pyi Taw;Det Khi Na;MMR;MMR018D002;MMR018;October;2017;0;0
Myanmar;Sagaing;Kanbalu;MMR;MMR005D010;MMR005;October;2017;0;0
Myanmar;Shan-North;Lashio;MMR;MMR015D001;MMR015;October;2017;0;0
Myanmar;Shan-South;Danu Self-Administered Zone;MMR;NA;NA;October;2017;0;0
Myanmar;Tanintharyi;Myeik;MMR;MMR006D002;MMR006;October;2017;0;0
Myanmar;Ayeyarwady;Myaungmya;MMR;MMR017D003;MMR017;November;2017;0;0
Myanmar;Chin;Matupi;MMR;MMR004D004;MMR004;November;2017;16;25
Myanmar;Magway;Magway;MMR;MMR009D001;MMR009;November;2017;0;0
Myanmar;Magway;Minbu;MMR;MMR009D002;MMR009;November;2017;0;0
Myanmar;Sagaing;Hkamti;MMR;MMR005D008;MMR005;November;2017;0;0
Myanmar;Sagaing;Katha;MMR;MMR005D004;MMR005;November;2017;0;0
Myanmar;Sagaing;Shwebo;MMR;MMR005D002;MMR005;November;2017;0;0
Myanmar;Sagaing;Tamu;MMR;MMR005D006;MMR005;November;2017;0;0
Myanmar;Shan-North;Kyaukme;MMR;NA;NA;November;2017;5;2
Myanmar;Shan-North;Matman;MMR;MMR015D007;MMR015;November;2017;0;0
Myanmar;Shan-North;Pa Laung Self-Administered Zone;MMR;NA;NA;November;2017;3;0
Myanmar;Yangon;Yangon-East;MMR;MMR013D002;MMR013;November;2017;0;0
Myanmar;Ayeyarwady;Pathein;MMR;MMR017D001;MMR017;November;2017;0;0
Myanmar;Ayeyarwady;Pyapon;MMR;MMR017D006;MMR017;November;2017;0;0
Myanmar;Bago-East;Taungoo;MMR;MMR007D002;MMR007;November;2017;0;0
Myanmar;Kayah;Loikaw;MMR;MMR002D001;MMR002;November;2017;0;0
Myanmar;Kayin;Kawkareik;MMR;MMR003D003;MMR003;November;2017;0;0
Myanmar;Magway;Thayet;MMR;MMR009D003;MMR009;November;2017;0;0
Myanmar;Mandalay;Kyaukse;MMR;MMR010D003;MMR010;November;2017;0;0
Myanmar;Rakhine;Kyaukpyu;MMR;MMR012D003;MMR012;November;2017;1;0
Myanmar;Shan-East;Monghsat;MMR;MMR016D002;MMR016;November;2017;0;0
Myanmar;Shan-South;Pa-O Self-Administered Zone;MMR;NA;NA;November;2017;0;0
Myanmar;Shan-South;Taunggyi;MMR;MMR014D001;MMR014;November;2017;0;0
Myanmar;Tanintharyi;Dawei;MMR;MMR006D001;MMR006;November;2017;0;0
Myanmar;Yangon;Yangon-North;MMR;MMR013D001;MMR013;November;2017;0;0
Myanmar;Bago-West;Pyay;MMR;MMR008D001;MMR008;November;2017;0;0
Myanmar;Chin;Mindat;MMR;MMR004D002;MMR004;November;2017;0;0
Myanmar;Kachin;Bhamo;MMR;MMR001D003;MMR001;November;2017;22;10
Myanmar;Kachin;Myitkyina;MMR;MMR001D001;MMR001;November;2017;13;2
Myanmar;Magway;Gangaw;MMR;MMR009D005;MMR009;November;2017;0;0
Myanmar;Nay Pyi Taw;Oke Ta Ra;MMR;MMR018D001;MMR018;November;2017;0;0
Myanmar;Rakhine;Thandwe;MMR;MMR012D004;MMR012;November;2017;0;0
Myanmar;Shan-East;Kengtung;MMR;MMR016D001;MMR016;November;2017;1;0
Myanmar;Shan-North;Mongmit;MMR;MMR015D008;MMR015;November;2017;0;0
Myanmar;Yangon;Yangon-South;MMR;MMR013D003;MMR013;November;2017;0;0
Myanmar;Ayeyarwady;Labutta;MMR;MMR017D004;MMR017;November;2017;0;0
Myanmar;Ayeyarwady;Maubin;MMR;MMR017D005;MMR017;November;2017;0;0
Myanmar;Magway;Pakokku;MMR;MMR009D004;MMR009;November;2017;0;0
Myanmar;Mandalay;Myingyan;MMR;MMR010D004;MMR010;November;2017;0;0
Myanmar;Rakhine;Maungdaw;MMR;MMR012D002;MMR012;November;2017;7;15
Myanmar;Rakhine;Mrauk-U;MMR;MMR012D005;MMR012;November;2017;1;0
Myanmar;Shan-North;Hopang;MMR;MMR015D006;MMR015;November;2017;0;0
Myanmar;Shan-North;Kokang Self-Administered Zone;MMR;MMR015D221;MMR015;November;2017;0;0
Myanmar;Shan-North;Muse;MMR;MMR015D002;MMR015;November;2017;8;0
Myanmar;Sagaing;Kale;MMR;MMR005D005;MMR005;November;2017;0;0
Myanmar;Sagaing;Sagaing;MMR;MMR005D001;MMR005;November;2017;0;0
Myanmar;Bago-East;Bago;MMR;MMR007D001;MMR007;November;2017;0;0
Myanmar;Chin;Hakha;MMR;MMR004D003;MMR004;November;2017;0;0
Myanmar;Kachin;Mohnyin;MMR;MMR001D002;MMR001;November;2017;8;2
Myanmar;Kachin;Puta-O;MMR;MMR001D004;MMR001;November;2017;0;0
Myanmar;Kayin;Hpa-An;MMR;MMR003D001;MMR003;November;2017;1;0
Myanmar;Kayin;Myawaddy;MMR;MMR003D002;MMR003;November;2017;0;0
Myanmar;Mandalay;Mandalay;MMR;MMR010D001;MMR010;November;2017;0;0
Myanmar;Mandalay;Meiktila;MMR;MMR010D007;MMR010;November;2017;0;0
Myanmar;Sagaing;Kawlin;MMR;MMR005D011;MMR005;November;2017;0;0
Myanmar;Sagaing;Naga Self-Administered Zone;MMR;NA;NA;November;2017;0;0
Myanmar;Shan-South;Langkho;MMR;MMR014D003;MMR014;November;2017;0;0
Myanmar;Shan-South;Loilen;MMR;MMR014D002;MMR014;November;2017;2;0
Myanmar;Chin;Falam;MMR;MMR004D001;MMR004;November;2017;0;0
Myanmar;Kayin;Hpapun;MMR;MMR003D004;MMR003;November;2017;0;0
Myanmar;Mandalay;Nyaung-U;MMR;MMR010D005;MMR010;November;2017;0;0
Myanmar;Mon;Thaton;MMR;MMR011D002;MMR011;November;2017;0;0
Myanmar;Rakhine;Sittwe;MMR;MMR012D001;MMR012;November;2017;0;0
Myanmar;Sagaing;Mawlaik;MMR;MMR005D007;MMR005;November;2017;0;0
Myanmar;Sagaing;Monywa;MMR;MMR005D003;MMR005;November;2017;0;0
Myanmar;Sagaing;Yinmarbin;MMR;MMR005D009;MMR005;November;2017;0;0
Myanmar;Shan-East;Tachileik;MMR;MMR016D003;MMR016;November;2017;0;0
Myanmar;Tanintharyi;Kawthoung;MMR;MMR006D003;MMR006;November;2017;0;0
Myanmar;Yangon;Yangon-West;MMR;MMR013D004;MMR013;November;2017;0;0
Myanmar;Ayeyarwady;Hinthada;MMR;MMR017D002;MMR017;November;2017;0;0
Myanmar;Bago-West;Thayarwady;MMR;MMR008D002;MMR008;November;2017;0;0
Myanmar;Kayah;Bawlake;MMR;MMR002D002;MMR002;November;2017;0;0
Myanmar;Mandalay;Pyinoolwin;MMR;MMR010D002;MMR010;November;2017;0;0
Myanmar;Mandalay;Yamethin;MMR;MMR010D006;MMR010;November;2017;0;0
Myanmar;Mon;Mawlamyine;MMR;MMR011D001;MMR011;November;2017;0;0
Myanmar;Nay Pyi Taw;Det Khi Na;MMR;MMR018D002;MMR018;November;2017;0;0
Myanmar;Sagaing;Kanbalu;MMR;MMR005D010;MMR005;November;2017;0;0
Myanmar;Shan-North;Lashio;MMR;MMR015D001;MMR015;November;2017;0;0
Myanmar;Shan-South;Danu Self-Administered Zone;MMR;NA;NA;November;2017;0;0
Myanmar;Tanintharyi;Myeik;MMR;MMR006D002;MMR006;November;2017;0;0
Myanmar;Ayeyarwady;Myaungmya;MMR;MMR017D003;MMR017;December;2017;0;0
Myanmar;Chin;Matupi;MMR;MMR004D004;MMR004;December;2017;10;0
Myanmar;Magway;Magway;MMR;MMR009D001;MMR009;December;2017;0;0
Myanmar;Magway;Minbu;MMR;MMR009D002;MMR009;December;2017;0;0
Myanmar;Sagaing;Hkamti;MMR;MMR005D008;MMR005;December;2017;0;0
Myanmar;Sagaing;Katha;MMR;MMR005D004;MMR005;December;2017;0;0
Myanmar;Sagaing;Shwebo;MMR;MMR005D002;MMR005;December;2017;0;0
Myanmar;Sagaing;Tamu;MMR;MMR005D006;MMR005;December;2017;0;0
Myanmar;Shan-North;Kyaukme;MMR;NA;NA;December;2017;4;0
Myanmar;Shan-North;Matman;MMR;MMR015D007;MMR015;December;2017;0;0
Myanmar;Shan-North;Pa Laung Self-Administered Zone;MMR;NA;NA;December;2017;4;0
Myanmar;Yangon;Yangon-East;MMR;MMR013D002;MMR013;December;2017;0;0
Myanmar;Ayeyarwady;Pathein;MMR;MMR017D001;MMR017;December;2017;0;0
Myanmar;Ayeyarwady;Pyapon;MMR;MMR017D006;MMR017;December;2017;0;0
Myanmar;Bago-East;Taungoo;MMR;MMR007D002;MMR007;December;2017;0;0
Myanmar;Kayah;Loikaw;MMR;MMR002D001;MMR002;December;2017;1;4
Myanmar;Kayin;Kawkareik;MMR;MMR003D003;MMR003;December;2017;0;0
Myanmar;Magway;Thayet;MMR;MMR009D003;MMR009;December;2017;0;0
Myanmar;Mandalay;Kyaukse;MMR;MMR010D003;MMR010;December;2017;0;0
Myanmar;Rakhine;Kyaukpyu;MMR;MMR012D003;MMR012;December;2017;0;0
Myanmar;Shan-East;Monghsat;MMR;MMR016D002;MMR016;December;2017;0;0
Myanmar;Shan-South;Pa-O Self-Administered Zone;MMR;NA;NA;December;2017;0;0
Myanmar;Shan-South;Taunggyi;MMR;MMR014D001;MMR014;December;2017;0;0
Myanmar;Tanintharyi;Dawei;MMR;MMR006D001;MMR006;December;2017;0;0
Myanmar;Yangon;Yangon-North;MMR;MMR013D001;MMR013;December;2017;0;0
Myanmar;Bago-West;Pyay;MMR;MMR008D001;MMR008;December;2017;0;0
Myanmar;Chin;Mindat;MMR;MMR004D002;MMR004;December;2017;0;0
Myanmar;Kachin;Bhamo;MMR;MMR001D003;MMR001;December;2017;21;1
Myanmar;Kachin;Myitkyina;MMR;MMR001D001;MMR001;December;2017;22;3
Myanmar;Magway;Gangaw;MMR;MMR009D005;MMR009;December;2017;0;0
Myanmar;Nay Pyi Taw;Oke Ta Ra;MMR;MMR018D001;MMR018;December;2017;0;0
Myanmar;Rakhine;Thandwe;MMR;MMR012D004;MMR012;December;2017;0;0
Myanmar;Shan-East;Kengtung;MMR;MMR016D001;MMR016;December;2017;0;0
Myanmar;Shan-North;Mongmit;MMR;MMR015D008;MMR015;December;2017;0;0
Myanmar;Yangon;Yangon-South;MMR;MMR013D003;MMR013;December;2017;0;0
Myanmar;Ayeyarwady;Labutta;MMR;MMR017D004;MMR017;December;2017;0;0
Myanmar;Ayeyarwady;Maubin;MMR;MMR017D005;MMR017;December;2017;0;0
Myanmar;Magway;Pakokku;MMR;MMR009D004;MMR009;December;2017;0;0
Myanmar;Mandalay;Myingyan;MMR;MMR010D004;MMR010;December;2017;0;0
Myanmar;Rakhine;Maungdaw;MMR;MMR012D002;MMR012;December;2017;4;1
Myanmar;Rakhine;Mrauk-U;MMR;MMR012D005;MMR012;December;2017;1;0
Myanmar;Shan-North;Hopang;MMR;MMR015D006;MMR015;December;2017;0;0
Myanmar;Shan-North;Kokang Self-Administered Zone;MMR;MMR015D221;MMR015;December;2017;0;0
Myanmar;Shan-North;Muse;MMR;MMR015D002;MMR015;December;2017;7;2
Myanmar;Sagaing;Kale;MMR;MMR005D005;MMR005;December;2017;0;0
Myanmar;Sagaing;Sagaing;MMR;MMR005D001;MMR005;December;2017;0;0
Myanmar;Bago-East;Bago;MMR;MMR007D001;MMR007;December;2017;0;0
Myanmar;Chin;Hakha;MMR;MMR004D003;MMR004;December;2017;0;0
Myanmar;Kachin;Mohnyin;MMR;MMR001D002;MMR001;December;2017;16;1
Myanmar;Kachin;Puta-O;MMR;MMR001D004;MMR001;December;2017;2;0
Myanmar;Kayin;Hpa-An;MMR;MMR003D001;MMR003;December;2017;0;0
Myanmar;Kayin;Myawaddy;MMR;MMR003D002;MMR003;December;2017;0;0
Myanmar;Mandalay;Mandalay;MMR;MMR010D001;MMR010;December;2017;0;0
Myanmar;Mandalay;Meiktila;MMR;MMR010D007;MMR010;December;2017;0;0
Myanmar;Sagaing;Kawlin;MMR;MMR005D011;MMR005;December;2017;0;0
Myanmar;Sagaing;Naga Self-Administered Zone;MMR;NA;NA;December;2017;0;0
Myanmar;Shan-South;Langkho;MMR;MMR014D003;MMR014;December;2017;0;0
Myanmar;Shan-South;Loilen;MMR;MMR014D002;MMR014;December;2017;1;0
Myanmar;Chin;Falam;MMR;MMR004D001;MMR004;December;2017;0;0
Myanmar;Kayin;Hpapun;MMR;MMR003D004;MMR003;December;2017;0;0
Myanmar;Mandalay;Nyaung-U;MMR;MMR010D005;MMR010;December;2017;0;0
Myanmar;Mon;Thaton;MMR;MMR011D002;MMR011;December;2017;0;0
Myanmar;Rakhine;Sittwe;MMR;MMR012D001;MMR012;December;2017;1;0
Myanmar;Sagaing;Mawlaik;MMR;MMR005D007;MMR005;December;2017;0;0
Myanmar;Sagaing;Monywa;MMR;MMR005D003;MMR005;December;2017;0;0
Myanmar;Sagaing;Yinmarbin;MMR;MMR005D009;MMR005;December;2017;0;0
Myanmar;Shan-East;Tachileik;MMR;MMR016D003;MMR016;December;2017;0;0
Myanmar;Tanintharyi;Kawthoung;MMR;MMR006D003;MMR006;December;2017;0;0
Myanmar;Yangon;Yangon-West;MMR;MMR013D004;MMR013;December;2017;0;0
Myanmar;Ayeyarwady;Hinthada;MMR;MMR017D002;MMR017;December;2017;0;0
Myanmar;Bago-West;Thayarwady;MMR;MMR008D002;MMR008;December;2017;0;0
Myanmar;Kayah;Bawlake;MMR;MMR002D002;MMR002;December;2017;0;0
Myanmar;Mandalay;Pyinoolwin;MMR;MMR010D002;MMR010;December;2017;0;0
Myanmar;Mandalay;Yamethin;MMR;MMR010D006;MMR010;December;2017;0;0
Myanmar;Mon;Mawlamyine;MMR;MMR011D001;MMR011;December;2017;0;0
Myanmar;Nay Pyi Taw;Det Khi Na;MMR;MMR018D002;MMR018;December;2017;0;0
Myanmar;Sagaing;Kanbalu;MMR;MMR005D010;MMR005;December;2017;0;0
Myanmar;Shan-North;Lashio;MMR;MMR015D001;MMR015;December;2017;0;0
Myanmar;Shan-South;Danu Self-Administered Zone;MMR;NA;NA;December;2017;0;0
Myanmar;Tanintharyi;Myeik;MMR;MMR006D002;MMR006;December;2017;0;0
Myanmar;Ayeyarwady;Myaungmya;MMR;MMR017D003;MMR017;January;2018;0;0
Myanmar;Chin;Matupi;MMR;MMR004D004;MMR004;January;2018;0;0
Myanmar;Magway;Magway;MMR;MMR009D001;MMR009;January;2018;0;0
Myanmar;Magway;Minbu;MMR;MMR009D002;MMR009;January;2018;0;0
Myanmar;Sagaing;Hkamti;MMR;MMR005D008;MMR005;January;2018;0;0
Myanmar;Sagaing;Katha;MMR;MMR005D004;MMR005;January;2018;0;0
Myanmar;Sagaing;Shwebo;MMR;MMR005D002;MMR005;January;2018;0;0
Myanmar;Sagaing;Tamu;MMR;MMR005D006;MMR005;January;2018;0;0
Myanmar;Shan-North;Kyaukme;MMR;NA;NA;January;2018;1;0
Myanmar;Shan-North;Matman;MMR;MMR015D007;MMR015;January;2018;0;0
Myanmar;Shan-North;Pa Laung Self-Administered Zone;MMR;NA;NA;January;2018;5;0
Myanmar;Yangon;Yangon-East;MMR;MMR013D002;MMR013;January;2018;0;0
Myanmar;Ayeyarwady;Pathein;MMR;MMR017D001;MMR017;January;2018;0;0
Myanmar;Ayeyarwady;Pyapon;MMR;MMR017D006;MMR017;January;2018;0;0
Myanmar;Bago-East;Taungoo;MMR;MMR007D002;MMR007;January;2018;0;0
Myanmar;Kayah;Loikaw;MMR;MMR002D001;MMR002;January;2018;0;0
Myanmar;Kayin;Kawkareik;MMR;MMR003D003;MMR003;January;2018;0;0
Myanmar;Magway;Thayet;MMR;MMR009D003;MMR009;January;2018;0;0
Myanmar;Mandalay;Kyaukse;MMR;MMR010D003;MMR010;January;2018;0;0
Myanmar;Rakhine;Kyaukpyu;MMR;MMR012D003;MMR012;January;2018;0;0
Myanmar;Shan-East;Monghsat;MMR;MMR016D002;MMR016;January;2018;0;0
Myanmar;Shan-South;Pa-O Self-Administered Zone;MMR;NA;NA;January;2018;0;0
Myanmar;Shan-South;Taunggyi;MMR;MMR014D001;MMR014;January;2018;0;0
Myanmar;Tanintharyi;Dawei;MMR;MMR006D001;MMR006;January;2018;0;0
Myanmar;Yangon;Yangon-North;MMR;MMR013D001;MMR013;January;2018;0;0
Myanmar;Bago-West;Pyay;MMR;MMR008D001;MMR008;January;2018;0;0
Myanmar;Chin;Mindat;MMR;MMR004D002;MMR004;January;2018;0;0
Myanmar;Kachin;Bhamo;MMR;MMR001D003;MMR001;January;2018;15;2
Myanmar;Kachin;Myitkyina;MMR;MMR001D001;MMR001;January;2018;41;18
Myanmar;Magway;Gangaw;MMR;MMR009D005;MMR009;January;2018;0;0
Myanmar;Nay Pyi Taw;Oke Ta Ra;MMR;MMR018D001;MMR018;January;2018;0;0
Myanmar;Rakhine;Thandwe;MMR;MMR012D004;MMR012;January;2018;0;0
Myanmar;Shan-East;Kengtung;MMR;MMR016D001;MMR016;January;2018;1;0
Myanmar;Shan-North;Mongmit;MMR;MMR015D008;MMR015;January;2018;0;0
Myanmar;Yangon;Yangon-South;MMR;MMR013D003;MMR013;January;2018;0;0
Myanmar;Ayeyarwady;Labutta;MMR;MMR017D004;MMR017;January;2018;0;0
Myanmar;Ayeyarwady;Maubin;MMR;MMR017D005;MMR017;January;2018;0;0
Myanmar;Magway;Pakokku;MMR;MMR009D004;MMR009;January;2018;0;0
Myanmar;Mandalay;Myingyan;MMR;MMR010D004;MMR010;January;2018;0;0
Myanmar;Rakhine;Maungdaw;MMR;MMR012D002;MMR012;January;2018;2;0
Myanmar;Rakhine;Mrauk-U;MMR;MMR012D005;MMR012;January;2018;0;0
Myanmar;Shan-North;Hopang;MMR;MMR015D006;MMR015;January;2018;0;0
Myanmar;Shan-North;Kokang Self-Administered Zone;MMR;MMR015D221;MMR015;January;2018;1;1
Myanmar;Shan-North;Muse;MMR;MMR015D002;MMR015;January;2018;6;0
Myanmar;Sagaing;Kale;MMR;MMR005D005;MMR005;January;2018;0;0
Myanmar;Sagaing;Sagaing;MMR;MMR005D001;MMR005;January;2018;0;0
Myanmar;Bago-East;Bago;MMR;MMR007D001;MMR007;January;2018;0;0
Myanmar;Chin;Hakha;MMR;MMR004D003;MMR004;January;2018;0;0
Myanmar;Kachin;Mohnyin;MMR;MMR001D002;MMR001;January;2018;4;2
Myanmar;Kachin;Puta-O;MMR;MMR001D004;MMR001;January;2018;8;0
Myanmar;Kayin;Hpa-An;MMR;MMR003D001;MMR003;January;2018;4;0
Myanmar;Kayin;Myawaddy;MMR;MMR003D002;MMR003;January;2018;0;0
Myanmar;Mandalay;Mandalay;MMR;MMR010D001;MMR010;January;2018;0;0
Myanmar;Mandalay;Meiktila;MMR;MMR010D007;MMR010;January;2018;0;0
Myanmar;Sagaing;Kawlin;MMR;MMR005D011;MMR005;January;2018;0;0
Myanmar;Sagaing;Naga Self-Administered Zone;MMR;NA;NA;January;2018;0;0
Myanmar;Shan-South;Langkho;MMR;MMR014D003;MMR014;January;2018;0;0
Myanmar;Shan-South;Loilen;MMR;MMR014D002;MMR014;January;2018;4;1
Myanmar;Chin;Falam;MMR;MMR004D001;MMR004;January;2018;0;0
Myanmar;Kayin;Hpapun;MMR;MMR003D004;MMR003;January;2018;0;0
Myanmar;Mandalay;Nyaung-U;MMR;MMR010D005;MMR010;January;2018;0;0
Myanmar;Mon;Thaton;MMR;MMR011D002;MMR011;January;2018;0;0
Myanmar;Rakhine;Sittwe;MMR;MMR012D001;MMR012;January;2018;1;1
Myanmar;Sagaing;Mawlaik;MMR;MMR005D007;MMR005;January;2018;0;0
Myanmar;Sagaing;Monywa;MMR;MMR005D003;MMR005;January;2018;0;0
Myanmar;Sagaing;Yinmarbin;MMR;MMR005D009;MMR005;January;2018;0;0
Myanmar;Shan-East;Tachileik;MMR;MMR016D003;MMR016;January;2018;0;0
Myanmar;Tanintharyi;Kawthoung;MMR;MMR006D003;MMR006;January;2018;0;0
Myanmar;Yangon;Yangon-West;MMR;MMR013D004;MMR013;January;2018;0;0
Myanmar;Ayeyarwady;Hinthada;MMR;MMR017D002;MMR017;January;2018;0;0
Myanmar;Bago-West;Thayarwady;MMR;MMR008D002;MMR008;January;2018;0;0
Myanmar;Kayah;Bawlake;MMR;MMR002D002;MMR002;January;2018;0;0
Myanmar;Mandalay;Pyinoolwin;MMR;MMR010D002;MMR010;January;2018;0;0
Myanmar;Mandalay;Yamethin;MMR;MMR010D006;MMR010;January;2018;0;0
Myanmar;Mon;Mawlamyine;MMR;MMR011D001;MMR011;January;2018;0;0
Myanmar;Nay Pyi Taw;Det Khi Na;MMR;MMR018D002;MMR018;January;2018;0;0
Myanmar;Sagaing;Kanbalu;MMR;MMR005D010;MMR005;January;2018;0;0
Myanmar;Shan-North;Lashio;MMR;MMR015D001;MMR015;January;2018;1;2
Myanmar;Shan-South;Danu Self-Administered Zone;MMR;NA;NA;January;2018;0;0
Myanmar;Tanintharyi;Myeik;MMR;MMR006D002;MMR006;January;2018;0;0
Myanmar;Ayeyarwady;Myaungmya;MMR;MMR017D003;MMR017;February;2018;0;0
Myanmar;Chin;Matupi;MMR;MMR004D004;MMR004;February;2018;0;0
Myanmar;Magway;Magway;MMR;MMR009D001;MMR009;February;2018;0;0
Myanmar;Magway;Minbu;MMR;MMR009D002;MMR009;February;2018;0;0
Myanmar;Sagaing;Hkamti;MMR;MMR005D008;MMR005;February;2018;0;0
Myanmar;Sagaing;Katha;MMR;MMR005D004;MMR005;February;2018;0;0
Myanmar;Sagaing;Shwebo;MMR;MMR005D002;MMR005;February;2018;0;0
Myanmar;Sagaing;Tamu;MMR;MMR005D006;MMR005;February;2018;0;0
Myanmar;Shan-North;Kyaukme;MMR;NA;NA;February;2018;2;0
Myanmar;Shan-North;Matman;MMR;MMR015D007;MMR015;February;2018;0;0
Myanmar;Shan-North;Pa Laung Self-Administered Zone;MMR;NA;NA;February;2018;3;0
Myanmar;Yangon;Yangon-East;MMR;MMR013D002;MMR013;February;2018;0;0
Myanmar;Ayeyarwady;Pathein;MMR;MMR017D001;MMR017;February;2018;0;0
Myanmar;Ayeyarwady;Pyapon;MMR;MMR017D006;MMR017;February;2018;0;0
Myanmar;Bago-East;Taungoo;MMR;MMR007D002;MMR007;February;2018;0;0
Myanmar;Kayah;Loikaw;MMR;MMR002D001;MMR002;February;2018;0;0
Myanmar;Kayin;Kawkareik;MMR;MMR003D003;MMR003;February;2018;0;0
Myanmar;Magway;Thayet;MMR;MMR009D003;MMR009;February;2018;0;0
Myanmar;Mandalay;Kyaukse;MMR;MMR010D003;MMR010;February;2018;0;0
Myanmar;Rakhine;Kyaukpyu;MMR;MMR012D003;MMR012;February;2018;0;0
Myanmar;Shan-East;Monghsat;MMR;MMR016D002;MMR016;February;2018;0;0
Myanmar;Shan-South;Pa-O Self-Administered Zone;MMR;NA;NA;February;2018;0;0
Myanmar;Shan-South;Taunggyi;MMR;MMR014D001;MMR014;February;2018;0;0
Myanmar;Tanintharyi;Dawei;MMR;MMR006D001;MMR006;February;2018;0;0
Myanmar;Yangon;Yangon-North;MMR;MMR013D001;MMR013;February;2018;0;0
Myanmar;Bago-West;Pyay;MMR;MMR008D001;MMR008;February;2018;0;0
Myanmar;Chin;Mindat;MMR;MMR004D002;MMR004;February;2018;0;0
Myanmar;Kachin;Bhamo;MMR;MMR001D003;MMR001;February;2018;11;0
Myanmar;Kachin;Myitkyina;MMR;MMR001D001;MMR001;February;2018;14;1
Myanmar;Magway;Gangaw;MMR;MMR009D005;MMR009;February;2018;0;0
Myanmar;Nay Pyi Taw;Oke Ta Ra;MMR;MMR018D001;MMR018;February;2018;0;0
Myanmar;Rakhine;Thandwe;MMR;MMR012D004;MMR012;February;2018;0;0
Myanmar;Shan-East;Kengtung;MMR;MMR016D001;MMR016;February;2018;0;0
Myanmar;Shan-North;Mongmit;MMR;MMR015D008;MMR015;February;2018;0;0
Myanmar;Yangon;Yangon-South;MMR;MMR013D003;MMR013;February;2018;0;0
Myanmar;Ayeyarwady;Labutta;MMR;MMR017D004;MMR017;February;2018;0;0
Myanmar;Ayeyarwady;Maubin;MMR;MMR017D005;MMR017;February;2018;0;0
Myanmar;Magway;Pakokku;MMR;MMR009D004;MMR009;February;2018;0;0
Myanmar;Mandalay;Myingyan;MMR;MMR010D004;MMR010;February;2018;0;0
Myanmar;Rakhine;Maungdaw;MMR;MMR012D002;MMR012;February;2018;0;0
Myanmar;Rakhine;Mrauk-U;MMR;MMR012D005;MMR012;February;2018;0;0
Myanmar;Shan-North;Hopang;MMR;MMR015D006;MMR015;February;2018;0;0
Myanmar;Shan-North;Kokang Self-Administered Zone;MMR;MMR015D221;MMR015;February;2018;0;0
Myanmar;Shan-North;Muse;MMR;MMR015D002;MMR015;February;2018;12;0
Myanmar;Sagaing;Kale;MMR;MMR005D005;MMR005;February;2018;0;0
Myanmar;Sagaing;Sagaing;MMR;MMR005D001;MMR005;February;2018;0;0
Myanmar;Bago-East;Bago;MMR;MMR007D001;MMR007;February;2018;0;0
Myanmar;Chin;Hakha;MMR;MMR004D003;MMR004;February;2018;0;0
Myanmar;Kachin;Mohnyin;MMR;MMR001D002;MMR001;February;2018;5;0
Myanmar;Kachin;Puta-O;MMR;MMR001D004;MMR001;February;2018;7;0
Myanmar;Kayin;Hpa-An;MMR;MMR003D001;MMR003;February;2018;0;0
Myanmar;Kayin;Myawaddy;MMR;MMR003D002;MMR003;February;2018;0;0
Myanmar;Mandalay;Mandalay;MMR;MMR010D001;MMR010;February;2018;0;0
Myanmar;Mandalay;Meiktila;MMR;MMR010D007;MMR010;February;2018;0;0
Myanmar;Sagaing;Kawlin;MMR;MMR005D011;MMR005;February;2018;0;0
Myanmar;Sagaing;Naga Self-Administered Zone;MMR;NA;NA;February;2018;0;0
Myanmar;Shan-South;Langkho;MMR;MMR014D003;MMR014;February;2018;0;0
Myanmar;Shan-South;Loilen;MMR;MMR014D002;MMR014;February;2018;0;0
Myanmar;Chin;Falam;MMR;MMR004D001;MMR004;February;2018;0;0
Myanmar;Kayin;Hpapun;MMR;MMR003D004;MMR003;February;2018;0;0
Myanmar;Mandalay;Nyaung-U;MMR;MMR010D005;MMR010;February;2018;0;0
Myanmar;Mon;Thaton;MMR;MMR011D002;MMR011;February;2018;0;0
Myanmar;Rakhine;Sittwe;MMR;MMR012D001;MMR012;February;2018;1;0
Myanmar;Sagaing;Mawlaik;MMR;MMR005D007;MMR005;February;2018;0;0
Myanmar;Sagaing;Monywa;MMR;MMR005D003;MMR005;February;2018;0;0
Myanmar;Sagaing;Yinmarbin;MMR;MMR005D009;MMR005;February;2018;0;0
Myanmar;Shan-East;Tachileik;MMR;MMR016D003;MMR016;February;2018;0;0
Myanmar;Tanintharyi;Kawthoung;MMR;MMR006D003;MMR006;February;2018;0;0
Myanmar;Yangon;Yangon-West;MMR;MMR013D004;MMR013;February;2018;1;0
Myanmar;Ayeyarwady;Hinthada;MMR;MMR017D002;MMR017;February;2018;0;0
Myanmar;Bago-West;Thayarwady;MMR;MMR008D002;MMR008;February;2018;0;0
Myanmar;Kayah;Bawlake;MMR;MMR002D002;MMR002;February;2018;0;0
Myanmar;Mandalay;Pyinoolwin;MMR;MMR010D002;MMR010;February;2018;0;0
Myanmar;Mandalay;Yamethin;MMR;MMR010D006;MMR010;February;2018;0;0
Myanmar;Mon;Mawlamyine;MMR;MMR011D001;MMR011;February;2018;1;0
Myanmar;Nay Pyi Taw;Det Khi Na;MMR;MMR018D002;MMR018;February;2018;0;0
Myanmar;Sagaing;Kanbalu;MMR;MMR005D010;MMR005;February;2018;0;0
Myanmar;Shan-North;Lashio;MMR;MMR015D001;MMR015;February;2018;3;2
Myanmar;Shan-South;Danu Self-Administered Zone;MMR;NA;NA;February;2018;0;0
Myanmar;Tanintharyi;Myeik;MMR;MMR006D002;MMR006;February;2018;0;0
Myanmar;Ayeyarwady;Myaungmya;MMR;MMR017D003;MMR017;March;2018;0;0
Myanmar;Chin;Matupi;MMR;MMR004D004;MMR004;March;2018;0;0
Myanmar;Magway;Magway;MMR;MMR009D001;MMR009;March;2018;0;0
Myanmar;Magway;Minbu;MMR;MMR009D002;MMR009;March;2018;0;0
Myanmar;Sagaing;Hkamti;MMR;MMR005D008;MMR005;March;2018;1;0
Myanmar;Sagaing;Katha;MMR;MMR005D004;MMR005;March;2018;0;0
Myanmar;Sagaing;Shwebo;MMR;MMR005D002;MMR005;March;2018;0;0
Myanmar;Sagaing;Tamu;MMR;MMR005D006;MMR005;March;2018;0;0
Myanmar;Shan-North;Kyaukme;MMR;NA;NA;March;2018;12;5
Myanmar;Shan-North;Matman;MMR;MMR015D007;MMR015;March;2018;0;0
Myanmar;Shan-North;Pa Laung Self-Administered Zone;MMR;NA;NA;March;2018;1;1
Myanmar;Yangon;Yangon-East;MMR;MMR013D002;MMR013;March;2018;0;0
Myanmar;Ayeyarwady;Pathein;MMR;MMR017D001;MMR017;March;2018;0;0
Myanmar;Ayeyarwady;Pyapon;MMR;MMR017D006;MMR017;March;2018;0;0
Myanmar;Bago-East;Taungoo;MMR;MMR007D002;MMR007;March;2018;0;0
Myanmar;Kayah;Loikaw;MMR;MMR002D001;MMR002;March;2018;0;0
Myanmar;Kayin;Kawkareik;MMR;MMR003D003;MMR003;March;2018;0;0
Myanmar;Magway;Thayet;MMR;MMR009D003;MMR009;March;2018;0;0
Myanmar;Mandalay;Kyaukse;MMR;MMR010D003;MMR010;March;2018;0;0
Myanmar;Rakhine;Kyaukpyu;MMR;MMR012D003;MMR012;March;2018;0;0
Myanmar;Shan-East;Monghsat;MMR;MMR016D002;MMR016;March;2018;0;0
Myanmar;Shan-South;Pa-O Self-Administered Zone;MMR;NA;NA;March;2018;0;0
Myanmar;Shan-South;Taunggyi;MMR;MMR014D001;MMR014;March;2018;0;0
Myanmar;Tanintharyi;Dawei;MMR;MMR006D001;MMR006;March;2018;1;0
Myanmar;Yangon;Yangon-North;MMR;MMR013D001;MMR013;March;2018;0;0
Myanmar;Bago-West;Pyay;MMR;MMR008D001;MMR008;March;2018;0;0
Myanmar;Chin;Mindat;MMR;MMR004D002;MMR004;March;2018;0;0
Myanmar;Kachin;Bhamo;MMR;MMR001D003;MMR001;March;2018;10;1
Myanmar;Kachin;Myitkyina;MMR;MMR001D001;MMR001;March;2018;26;0
Myanmar;Magway;Gangaw;MMR;MMR009D005;MMR009;March;2018;0;0
Myanmar;Nay Pyi Taw;Oke Ta Ra;MMR;MMR018D001;MMR018;March;2018;0;0
Myanmar;Rakhine;Thandwe;MMR;MMR012D004;MMR012;March;2018;0;0
Myanmar;Shan-East;Kengtung;MMR;MMR016D001;MMR016;March;2018;0;0
Myanmar;Shan-North;Mongmit;MMR;MMR015D008;MMR015;March;2018;0;0
Myanmar;Yangon;Yangon-South;MMR;MMR013D003;MMR013;March;2018;0;0
Myanmar;Ayeyarwady;Labutta;MMR;MMR017D004;MMR017;March;2018;1;0
Myanmar;Ayeyarwady;Maubin;MMR;MMR017D005;MMR017;March;2018;0;0
Myanmar;Magway;Pakokku;MMR;MMR009D004;MMR009;March;2018;0;0
Myanmar;Mandalay;Myingyan;MMR;MMR010D004;MMR010;March;2018;0;0
Myanmar;Rakhine;Maungdaw;MMR;MMR012D002;MMR012;March;2018;0;0
Myanmar;Rakhine;Mrauk-U;MMR;MMR012D005;MMR012;March;2018;0;0
Myanmar;Shan-North;Hopang;MMR;MMR015D006;MMR015;March;2018;0;0
Myanmar;Shan-North;Kokang Self-Administered Zone;MMR;MMR015D221;MMR015;March;2018;0;0
Myanmar;Shan-North;Muse;MMR;MMR015D002;MMR015;March;2018;6;0
Myanmar;Sagaing;Kale;MMR;MMR005D005;MMR005;March;2018;0;0
Myanmar;Sagaing;Sagaing;MMR;MMR005D001;MMR005;March;2018;0;0
Myanmar;Bago-East;Bago;MMR;MMR007D001;MMR007;March;2018;0;0
Myanmar;Chin;Hakha;MMR;MMR004D003;MMR004;March;2018;0;0
Myanmar;Kachin;Mohnyin;MMR;MMR001D002;MMR001;March;2018;0;0
Myanmar;Kachin;Puta-O;MMR;MMR001D004;MMR001;March;2018;4;0
Myanmar;Kayin;Hpa-An;MMR;MMR003D001;MMR003;March;2018;0;0
Myanmar;Kayin;Myawaddy;MMR;MMR003D002;MMR003;March;2018;0;0
Myanmar;Mandalay;Mandalay;MMR;MMR010D001;MMR010;March;2018;1;0
Myanmar;Mandalay;Meiktila;MMR;MMR010D007;MMR010;March;2018;0;0
Myanmar;Sagaing;Kawlin;MMR;MMR005D011;MMR005;March;2018;0;0
Myanmar;Sagaing;Naga Self-Administered Zone;MMR;NA;NA;March;2018;0;0
Myanmar;Shan-South;Langkho;MMR;MMR014D003;MMR014;March;2018;0;0
Myanmar;Shan-South;Loilen;MMR;MMR014D002;MMR014;March;2018;0;0
Myanmar;Chin;Falam;MMR;MMR004D001;MMR004;March;2018;0;0
Myanmar;Kayin;Hpapun;MMR;MMR003D004;MMR003;March;2018;8;0
Myanmar;Mandalay;Nyaung-U;MMR;MMR010D005;MMR010;March;2018;0;0
Myanmar;Mon;Thaton;MMR;MMR011D002;MMR011;March;2018;0;0
Myanmar;Rakhine;Sittwe;MMR;MMR012D001;MMR012;March;2018;0;0
Myanmar;Sagaing;Mawlaik;MMR;MMR005D007;MMR005;March;2018;0;0
Myanmar;Sagaing;Monywa;MMR;MMR005D003;MMR005;March;2018;0;0
Myanmar;Sagaing;Yinmarbin;MMR;MMR005D009;MMR005;March;2018;1;0
Myanmar;Shan-East;Tachileik;MMR;MMR016D003;MMR016;March;2018;0;0
Myanmar;Tanintharyi;Kawthoung;MMR;MMR006D003;MMR006;March;2018;0;0
Myanmar;Yangon;Yangon-West;MMR;MMR013D004;MMR013;March;2018;0;0
Myanmar;Ayeyarwady;Hinthada;MMR;MMR017D002;MMR017;March;2018;1;0
Myanmar;Bago-West;Thayarwady;MMR;MMR008D002;MMR008;March;2018;0;0
Myanmar;Kayah;Bawlake;MMR;MMR002D002;MMR002;March;2018;0;0
Myanmar;Mandalay;Pyinoolwin;MMR;MMR010D002;MMR010;March;2018;0;0
Myanmar;Mandalay;Yamethin;MMR;MMR010D006;MMR010;March;2018;0;0
Myanmar;Mon;Mawlamyine;MMR;MMR011D001;MMR011;March;2018;1;0
Myanmar;Nay Pyi Taw;Det Khi Na;MMR;MMR018D002;MMR018;March;2018;0;0
Myanmar;Sagaing;Kanbalu;MMR;MMR005D010;MMR005;March;2018;0;0
Myanmar;Shan-North;Lashio;MMR;MMR015D001;MMR015;March;2018;0;0
Myanmar;Shan-South;Danu Self-Administered Zone;MMR;NA;NA;March;2018;0;0
Myanmar;Tanintharyi;Myeik;MMR;MMR006D002;MMR006;March;2018;0;0
Myanmar;Ayeyarwady;Myaungmya;MMR;MMR017D003;MMR017;April;2018;0;0
Myanmar;Chin;Matupi;MMR;MMR004D004;MMR004;April;2018;0;0
Myanmar;Magway;Magway;MMR;MMR009D001;MMR009;April;2018;0;0
Myanmar;Magway;Minbu;MMR;MMR009D002;MMR009;April;2018;0;0
Myanmar;Sagaing;Hkamti;MMR;MMR005D008;MMR005;April;2018;0;0
Myanmar;Sagaing;Katha;MMR;MMR005D004;MMR005;April;2018;0;0
Myanmar;Sagaing;Shwebo;MMR;MMR005D002;MMR005;April;2018;0;0
Myanmar;Sagaing;Tamu;MMR;MMR005D006;MMR005;April;2018;0;0
Myanmar;Shan-North;Kyaukme;MMR;NA;NA;April;2018;6;2
Myanmar;Shan-North;Matman;MMR;MMR015D007;MMR015;April;2018;0;0
Myanmar;Shan-North;Pa Laung Self-Administered Zone;MMR;NA;NA;April;2018;1;0
Myanmar;Yangon;Yangon-East;MMR;MMR013D002;MMR013;April;2018;0;0
Myanmar;Ayeyarwady;Pathein;MMR;MMR017D001;MMR017;April;2018;0;0
Myanmar;Ayeyarwady;Pyapon;MMR;MMR017D006;MMR017;April;2018;0;0
Myanmar;Bago-East;Taungoo;MMR;MMR007D002;MMR007;April;2018;0;0
Myanmar;Kayah;Loikaw;MMR;MMR002D001;MMR002;April;2018;0;0
Myanmar;Kayin;Kawkareik;MMR;MMR003D003;MMR003;April;2018;0;0
Myanmar;Magway;Thayet;MMR;MMR009D003;MMR009;April;2018;0;0
Myanmar;Mandalay;Kyaukse;MMR;MMR010D003;MMR010;April;2018;0;0
Myanmar;Rakhine;Kyaukpyu;MMR;MMR012D003;MMR012;April;2018;0;0
Myanmar;Shan-East;Monghsat;MMR;MMR016D002;MMR016;April;2018;0;0
Myanmar;Shan-South;Pa-O Self-Administered Zone;MMR;NA;NA;April;2018;0;0
Myanmar;Shan-South;Taunggyi;MMR;MMR014D001;MMR014;April;2018;1;0
Myanmar;Tanintharyi;Dawei;MMR;MMR006D001;MMR006;April;2018;0;0
Myanmar;Yangon;Yangon-North;MMR;MMR013D001;MMR013;April;2018;0;0
Myanmar;Bago-West;Pyay;MMR;MMR008D001;MMR008;April;2018;0;0
Myanmar;Chin;Mindat;MMR;MMR004D002;MMR004;April;2018;0;0
Myanmar;Kachin;Bhamo;MMR;MMR001D003;MMR001;April;2018;18;0
Myanmar;Kachin;Myitkyina;MMR;MMR001D001;MMR001;April;2018;33;5
Myanmar;Magway;Gangaw;MMR;MMR009D005;MMR009;April;2018;0;0
Myanmar;Nay Pyi Taw;Oke Ta Ra;MMR;MMR018D001;MMR018;April;2018;0;0
Myanmar;Rakhine;Thandwe;MMR;MMR012D004;MMR012;April;2018;0;0
Myanmar;Shan-East;Kengtung;MMR;MMR016D001;MMR016;April;2018;0;0
Myanmar;Shan-North;Mongmit;MMR;MMR015D008;MMR015;April;2018;0;0
Myanmar;Yangon;Yangon-South;MMR;MMR013D003;MMR013;April;2018;0;0
Myanmar;Ayeyarwady;Labutta;MMR;MMR017D004;MMR017;April;2018;0;0
Myanmar;Ayeyarwady;Maubin;MMR;MMR017D005;MMR017;April;2018;0;0
Myanmar;Magway;Pakokku;MMR;MMR009D004;MMR009;April;2018;0;0
Myanmar;Mandalay;Myingyan;MMR;MMR010D004;MMR010;April;2018;0;0
Myanmar;Rakhine;Maungdaw;MMR;MMR012D002;MMR012;April;2018;2;1
Myanmar;Rakhine;Mrauk-U;MMR;MMR012D005;MMR012;April;2018;0;0
Myanmar;Shan-North;Hopang;MMR;MMR015D006;MMR015;April;2018;0;0
Myanmar;Shan-North;Kokang Self-Administered Zone;MMR;MMR015D221;MMR015;April;2018;0;0
Myanmar;Shan-North;Muse;MMR;MMR015D002;MMR015;April;2018;6;0
Myanmar;Sagaing;Kale;MMR;MMR005D005;MMR005;April;2018;0;0
Myanmar;Sagaing;Sagaing;MMR;MMR005D001;MMR005;April;2018;0;0
Myanmar;Bago-East;Bago;MMR;MMR007D001;MMR007;April;2018;0;0
Myanmar;Chin;Hakha;MMR;MMR004D003;MMR004;April;2018;0;0
Myanmar;Kachin;Mohnyin;MMR;MMR001D002;MMR001;April;2018;23;15
Myanmar;Kachin;Puta-O;MMR;MMR001D004;MMR001;April;2018;5;0
Myanmar;Kayin;Hpa-An;MMR;MMR003D001;MMR003;April;2018;1;0
Myanmar;Kayin;Myawaddy;MMR;MMR003D002;MMR003;April;2018;0;0
Myanmar;Mandalay;Mandalay;MMR;MMR010D001;MMR010;April;2018;0;0
Myanmar;Mandalay;Meiktila;MMR;MMR010D007;MMR010;April;2018;0;0
Myanmar;Sagaing;Kawlin;MMR;MMR005D011;MMR005;April;2018;0;0
Myanmar;Sagaing;Naga Self-Administered Zone;MMR;NA;NA;April;2018;0;0
Myanmar;Shan-South;Langkho;MMR;MMR014D003;MMR014;April;2018;0;0
Myanmar;Shan-South;Loilen;MMR;MMR014D002;MMR014;April;2018;0;0
Myanmar;Chin;Falam;MMR;MMR004D001;MMR004;April;2018;0;0
Myanmar;Kayin;Hpapun;MMR;MMR003D004;MMR003;April;2018;1;1
Myanmar;Mandalay;Nyaung-U;MMR;MMR010D005;MMR010;April;2018;0;0
Myanmar;Mon;Thaton;MMR;MMR011D002;MMR011;April;2018;0;0
Myanmar;Rakhine;Sittwe;MMR;MMR012D001;MMR012;April;2018;0;0
Myanmar;Sagaing;Mawlaik;MMR;MMR005D007;MMR005;April;2018;0;0
Myanmar;Sagaing;Monywa;MMR;MMR005D003;MMR005;April;2018;0;0
Myanmar;Sagaing;Yinmarbin;MMR;MMR005D009;MMR005;April;2018;0;0
Myanmar;Shan-East;Tachileik;MMR;MMR016D003;MMR016;April;2018;1;0
Myanmar;Tanintharyi;Kawthoung;MMR;MMR006D003;MMR006;April;2018;0;0
Myanmar;Yangon;Yangon-West;MMR;MMR013D004;MMR013;April;2018;0;0
Myanmar;Ayeyarwady;Hinthada;MMR;MMR017D002;MMR017;April;2018;0;0
Myanmar;Bago-West;Thayarwady;MMR;MMR008D002;MMR008;April;2018;0;0
Myanmar;Kayah;Bawlake;MMR;MMR002D002;MMR002;April;2018;0;0
Myanmar;Mandalay;Pyinoolwin;MMR;MMR010D002;MMR010;April;2018;0;0
Myanmar;Mandalay;Yamethin;MMR;MMR010D006;MMR010;April;2018;0;0
Myanmar;Mon;Mawlamyine;MMR;MMR011D001;MMR011;April;2018;0;0
Myanmar;Nay Pyi Taw;Det Khi Na;MMR;MMR018D002;MMR018;April;2018;0;0
Myanmar;Sagaing;Kanbalu;MMR;MMR005D010;MMR005;April;2018;0;0
Myanmar;Shan-North;Lashio;MMR;MMR015D001;MMR015;April;2018;0;0
Myanmar;Shan-South;Danu Self-Administered Zone;MMR;NA;NA;April;2018;0;0
Myanmar;Tanintharyi;Myeik;MMR;MMR006D002;MMR006;April;2018;0;0
Myanmar;Ayeyarwady;Myaungmya;MMR;MMR017D003;MMR017;May;2018;0;0
Myanmar;Chin;Matupi;MMR;MMR004D004;MMR004;May;2018;8;4
Myanmar;Magway;Magway;MMR;MMR009D001;MMR009;May;2018;0;0
Myanmar;Magway;Minbu;MMR;MMR009D002;MMR009;May;2018;0;0
Myanmar;Sagaing;Hkamti;MMR;MMR005D008;MMR005;May;2018;0;0
Myanmar;Sagaing;Katha;MMR;MMR005D004;MMR005;May;2018;0;0
Myanmar;Sagaing;Shwebo;MMR;MMR005D002;MMR005;May;2018;0;0
Myanmar;Sagaing;Tamu;MMR;MMR005D006;MMR005;May;2018;0;0
Myanmar;Shan-North;Kyaukme;MMR;NA;NA;May;2018;8;8
Myanmar;Shan-North;Matman;MMR;MMR015D007;MMR015;May;2018;0;0
Myanmar;Shan-North;Pa Laung Self-Administered Zone;MMR;NA;NA;May;2018;1;0
Myanmar;Yangon;Yangon-East;MMR;MMR013D002;MMR013;May;2018;0;0
Myanmar;Ayeyarwady;Pathein;MMR;MMR017D001;MMR017;May;2018;0;0
Myanmar;Ayeyarwady;Pyapon;MMR;MMR017D006;MMR017;May;2018;0;0
Myanmar;Bago-East;Taungoo;MMR;MMR007D002;MMR007;May;2018;0;0
Myanmar;Kayah;Loikaw;MMR;MMR002D001;MMR002;May;2018;0;0
Myanmar;Kayin;Kawkareik;MMR;MMR003D003;MMR003;May;2018;0;0
Myanmar;Magway;Thayet;MMR;MMR009D003;MMR009;May;2018;0;0
Myanmar;Mandalay;Kyaukse;MMR;MMR010D003;MMR010;May;2018;0;0
Myanmar;Rakhine;Kyaukpyu;MMR;MMR012D003;MMR012;May;2018;0;0
Myanmar;Shan-East;Monghsat;MMR;MMR016D002;MMR016;May;2018;0;0
Myanmar;Shan-South;Pa-O Self-Administered Zone;MMR;NA;NA;May;2018;0;0
Myanmar;Shan-South;Taunggyi;MMR;MMR014D001;MMR014;May;2018;0;0
Myanmar;Tanintharyi;Dawei;MMR;MMR006D001;MMR006;May;2018;0;0
Myanmar;Yangon;Yangon-North;MMR;MMR013D001;MMR013;May;2018;0;0
Myanmar;Bago-West;Pyay;MMR;MMR008D001;MMR008;May;2018;0;0
Myanmar;Chin;Mindat;MMR;MMR004D002;MMR004;May;2018;0;0
Myanmar;Kachin;Bhamo;MMR;MMR001D003;MMR001;May;2018;0;0
Myanmar;Kachin;Myitkyina;MMR;MMR001D001;MMR001;May;2018;31;0
Myanmar;Magway;Gangaw;MMR;MMR009D005;MMR009;May;2018;0;0
Myanmar;Nay Pyi Taw;Oke Ta Ra;MMR;MMR018D001;MMR018;May;2018;0;0
Myanmar;Rakhine;Thandwe;MMR;MMR012D004;MMR012;May;2018;0;0
Myanmar;Shan-East;Kengtung;MMR;MMR016D001;MMR016;May;2018;0;0
Myanmar;Shan-North;Mongmit;MMR;MMR015D008;MMR015;May;2018;0;0
Myanmar;Yangon;Yangon-South;MMR;MMR013D003;MMR013;May;2018;0;0
Myanmar;Ayeyarwady;Labutta;MMR;MMR017D004;MMR017;May;2018;0;0
Myanmar;Ayeyarwady;Maubin;MMR;MMR017D005;MMR017;May;2018;0;0
Myanmar;Magway;Pakokku;MMR;MMR009D004;MMR009;May;2018;0;0
Myanmar;Mandalay;Myingyan;MMR;MMR010D004;MMR010;May;2018;0;0
Myanmar;Rakhine;Maungdaw;MMR;MMR012D002;MMR012;May;2018;1;10
Myanmar;Rakhine;Mrauk-U;MMR;MMR012D005;MMR012;May;2018;0;0
Myanmar;Shan-North;Hopang;MMR;MMR015D006;MMR015;May;2018;0;0
Myanmar;Shan-North;Kokang Self-Administered Zone;MMR;MMR015D221;MMR015;May;2018;0;0
Myanmar;Shan-North;Muse;MMR;MMR015D002;MMR015;May;2018;15;19
Myanmar;Sagaing;Kale;MMR;MMR005D005;MMR005;May;2018;0;0
Myanmar;Sagaing;Sagaing;MMR;MMR005D001;MMR005;May;2018;0;0
Myanmar;Bago-East;Bago;MMR;MMR007D001;MMR007;May;2018;0;0
Myanmar;Chin;Hakha;MMR;MMR004D003;MMR004;May;2018;0;0
Myanmar;Kachin;Mohnyin;MMR;MMR001D002;MMR001;May;2018;18;0
Myanmar;Kachin;Puta-O;MMR;MMR001D004;MMR001;May;2018;10;0
Myanmar;Kayin;Hpa-An;MMR;MMR003D001;MMR003;May;2018;0;0
Myanmar;Kayin;Myawaddy;MMR;MMR003D002;MMR003;May;2018;1;1
Myanmar;Mandalay;Mandalay;MMR;MMR010D001;MMR010;May;2018;0;0
Myanmar;Mandalay;Meiktila;MMR;MMR010D007;MMR010;May;2018;0;0
Myanmar;Sagaing;Kawlin;MMR;MMR005D011;MMR005;May;2018;0;0
Myanmar;Sagaing;Naga Self-Administered Zone;MMR;NA;NA;May;2018;1;1
Myanmar;Shan-South;Langkho;MMR;MMR014D003;MMR014;May;2018;1;0
Myanmar;Shan-South;Loilen;MMR;MMR014D002;MMR014;May;2018;2;0
Myanmar;Chin;Falam;MMR;MMR004D001;MMR004;May;2018;0;0
Myanmar;Kayin;Hpapun;MMR;MMR003D004;MMR003;May;2018;0;0
Myanmar;Mandalay;Nyaung-U;MMR;MMR010D005;MMR010;May;2018;0;0
Myanmar;Mon;Thaton;MMR;MMR011D002;MMR011;May;2018;0;0
Myanmar;Rakhine;Sittwe;MMR;MMR012D001;MMR012;May;2018;1;0
Myanmar;Sagaing;Mawlaik;MMR;MMR005D007;MMR005;May;2018;0;0
Myanmar;Sagaing;Monywa;MMR;MMR005D003;MMR005;May;2018;0;0
Myanmar;Sagaing;Yinmarbin;MMR;MMR005D009;MMR005;May;2018;0;0
Myanmar;Shan-East;Tachileik;MMR;MMR016D003;MMR016;May;2018;0;0
Myanmar;Tanintharyi;Kawthoung;MMR;MMR006D003;MMR006;May;2018;0;0
Myanmar;Yangon;Yangon-West;MMR;MMR013D004;MMR013;May;2018;0;0
Myanmar;Ayeyarwady;Hinthada;MMR;MMR017D002;MMR017;May;2018;0;0
Myanmar;Bago-West;Thayarwady;MMR;MMR008D002;MMR008;May;2018;0;0
Myanmar;Kayah;Bawlake;MMR;MMR002D002;MMR002;May;2018;0;0
Myanmar;Mandalay;Pyinoolwin;MMR;MMR010D002;MMR010;May;2018;2;4
Myanmar;Mandalay;Yamethin;MMR;MMR010D006;MMR010;May;2018;0;0
Myanmar;Mon;Mawlamyine;MMR;MMR011D001;MMR011;May;2018;1;1
Myanmar;Nay Pyi Taw;Det Khi Na;MMR;MMR018D002;MMR018;May;2018;0;0
Myanmar;Sagaing;Kanbalu;MMR;MMR005D010;MMR005;May;2018;0;0
Myanmar;Shan-North;Lashio;MMR;MMR015D001;MMR015;May;2018;0;0
Myanmar;Shan-South;Danu Self-Administered Zone;MMR;NA;NA;May;2018;0;0
Myanmar;Tanintharyi;Myeik;MMR;MMR006D002;MMR006;May;2018;0;0
Myanmar;Ayeyarwady;Myaungmya;MMR;MMR017D003;MMR017;June;2018;0;0
Myanmar;Chin;Matupi;MMR;MMR004D004;MMR004;June;2018;0;0
Myanmar;Magway;Magway;MMR;MMR009D001;MMR009;June;2018;0;0
Myanmar;Magway;Minbu;MMR;MMR009D002;MMR009;June;2018;0;0
Myanmar;Sagaing;Hkamti;MMR;MMR005D008;MMR005;June;2018;0;0
Myanmar;Sagaing;Katha;MMR;MMR005D004;MMR005;June;2018;0;0
Myanmar;Sagaing;Shwebo;MMR;MMR005D002;MMR005;June;2018;0;0
Myanmar;Sagaing;Tamu;MMR;MMR005D006;MMR005;June;2018;0;0
Myanmar;Shan-North;Kyaukme;MMR;NA;NA;June;2018;3;5
Myanmar;Shan-North;Matman;MMR;MMR015D007;MMR015;June;2018;0;0
Myanmar;Shan-North;Pa Laung Self-Administered Zone;MMR;NA;NA;June;2018;0;0
Myanmar;Yangon;Yangon-East;MMR;MMR013D002;MMR013;June;2018;0;0
Myanmar;Ayeyarwady;Pathein;MMR;MMR017D001;MMR017;June;2018;0;0
Myanmar;Ayeyarwady;Pyapon;MMR;MMR017D006;MMR017;June;2018;0;0
Myanmar;Bago-East;Taungoo;MMR;MMR007D002;MMR007;June;2018;0;0
Myanmar;Kayah;Loikaw;MMR;MMR002D001;MMR002;June;2018;0;0
Myanmar;Kayin;Kawkareik;MMR;MMR003D003;MMR003;June;2018;0;0
Myanmar;Magway;Thayet;MMR;MMR009D003;MMR009;June;2018;0;0
Myanmar;Mandalay;Kyaukse;MMR;MMR010D003;MMR010;June;2018;0;0
Myanmar;Rakhine;Kyaukpyu;MMR;MMR012D003;MMR012;June;2018;0;0
Myanmar;Shan-East;Monghsat;MMR;MMR016D002;MMR016;June;2018;0;0
Myanmar;Shan-South;Pa-O Self-Administered Zone;MMR;NA;NA;June;2018;0;0
Myanmar;Shan-South;Taunggyi;MMR;MMR014D001;MMR014;June;2018;0;0
Myanmar;Tanintharyi;Dawei;MMR;MMR006D001;MMR006;June;2018;0;0
Myanmar;Yangon;Yangon-North;MMR;MMR013D001;MMR013;June;2018;0;0
Myanmar;Bago-West;Pyay;MMR;MMR008D001;MMR008;June;2018;0;0
Myanmar;Chin;Mindat;MMR;MMR004D002;MMR004;June;2018;0;0
Myanmar;Kachin;Bhamo;MMR;MMR001D003;MMR001;June;2018;0;0
Myanmar;Kachin;Myitkyina;MMR;MMR001D001;MMR001;June;2018;4;0
Myanmar;Magway;Gangaw;MMR;MMR009D005;MMR009;June;2018;0;0
Myanmar;Nay Pyi Taw;Oke Ta Ra;MMR;MMR018D001;MMR018;June;2018;0;0
Myanmar;Rakhine;Thandwe;MMR;MMR012D004;MMR012;June;2018;0;0
Myanmar;Shan-East;Kengtung;MMR;MMR016D001;MMR016;June;2018;0;0
Myanmar;Shan-North;Mongmit;MMR;MMR015D008;MMR015;June;2018;0;0
Myanmar;Yangon;Yangon-South;MMR;MMR013D003;MMR013;June;2018;0;0
Myanmar;Ayeyarwady;Labutta;MMR;MMR017D004;MMR017;June;2018;0;0
Myanmar;Ayeyarwady;Maubin;MMR;MMR017D005;MMR017;June;2018;0;0
Myanmar;Magway;Pakokku;MMR;MMR009D004;MMR009;June;2018;0;0
Myanmar;Mandalay;Myingyan;MMR;MMR010D004;MMR010;June;2018;0;0
Myanmar;Rakhine;Maungdaw;MMR;MMR012D002;MMR012;June;2018;3;0
Myanmar;Rakhine;Mrauk-U;MMR;MMR012D005;MMR012;June;2018;0;0
Myanmar;Shan-North;Hopang;MMR;MMR015D006;MMR015;June;2018;0;0
Myanmar;Shan-North;Kokang Self-Administered Zone;MMR;MMR015D221;MMR015;June;2018;0;0
Myanmar;Shan-North;Muse;MMR;MMR015D002;MMR015;June;2018;5;5
Myanmar;Sagaing;Kale;MMR;MMR005D005;MMR005;June;2018;0;0
Myanmar;Sagaing;Sagaing;MMR;MMR005D001;MMR005;June;2018;0;0
Myanmar;Bago-East;Bago;MMR;MMR007D001;MMR007;June;2018;0;0
Myanmar;Chin;Hakha;MMR;MMR004D003;MMR004;June;2018;0;0
Myanmar;Kachin;Mohnyin;MMR;MMR001D002;MMR001;June;2018;3;0
Myanmar;Kachin;Puta-O;MMR;MMR001D004;MMR001;June;2018;0;0
Myanmar;Kayin;Hpa-An;MMR;MMR003D001;MMR003;June;2018;0;0
Myanmar;Kayin;Myawaddy;MMR;MMR003D002;MMR003;June;2018;0;0
Myanmar;Mandalay;Mandalay;MMR;MMR010D001;MMR010;June;2018;0;0
Myanmar;Mandalay;Meiktila;MMR;MMR010D007;MMR010;June;2018;0;0
Myanmar;Sagaing;Kawlin;MMR;MMR005D011;MMR005;June;2018;0;0
Myanmar;Sagaing;Naga Self-Administered Zone;MMR;NA;NA;June;2018;1;0
Myanmar;Shan-South;Langkho;MMR;MMR014D003;MMR014;June;2018;0;0
Myanmar;Shan-South;Loilen;MMR;MMR014D002;MMR014;June;2018;1;0
Myanmar;Chin;Falam;MMR;MMR004D001;MMR004;June;2018;0;0
Myanmar;Kayin;Hpapun;MMR;MMR003D004;MMR003;June;2018;0;0
Myanmar;Mandalay;Nyaung-U;MMR;MMR010D005;MMR010;June;2018;0;0
Myanmar;Mon;Thaton;MMR;MMR011D002;MMR011;June;2018;0;0
Myanmar;Rakhine;Sittwe;MMR;MMR012D001;MMR012;June;2018;0;0
Myanmar;Sagaing;Mawlaik;MMR;MMR005D007;MMR005;June;2018;0;0
Myanmar;Sagaing;Monywa;MMR;MMR005D003;MMR005;June;2018;0;0
Myanmar;Sagaing;Yinmarbin;MMR;MMR005D009;MMR005;June;2018;0;0
Myanmar;Shan-East;Tachileik;MMR;MMR016D003;MMR016;June;2018;0;0
Myanmar;Tanintharyi;Kawthoung;MMR;MMR006D003;MMR006;June;2018;0;0
Myanmar;Yangon;Yangon-West;MMR;MMR013D004;MMR013;June;2018;0;0
Myanmar;Ayeyarwady;Hinthada;MMR;MMR017D002;MMR017;June;2018;0;0
Myanmar;Bago-West;Thayarwady;MMR;MMR008D002;MMR008;June;2018;0;0
Myanmar;Kayah;Bawlake;MMR;MMR002D002;MMR002;June;2018;0;0
Myanmar;Mandalay;Pyinoolwin;MMR;MMR010D002;MMR010;June;2018;0;0
Myanmar;Mandalay;Yamethin;MMR;MMR010D006;MMR010;June;2018;0;0
Myanmar;Mon;Mawlamyine;MMR;MMR011D001;MMR011;June;2018;0;0
Myanmar;Nay Pyi Taw;Det Khi Na;MMR;MMR018D002;MMR018;June;2018;0;0
Myanmar;Sagaing;Kanbalu;MMR;MMR005D010;MMR005;June;2018;0;0
Myanmar;Shan-North;Lashio;MMR;MMR015D001;MMR015;June;2018;0;0
Myanmar;Shan-South;Danu Self-Administered Zone;MMR;NA;NA;June;2018;0;0
Myanmar;Tanintharyi;Myeik;MMR;MMR006D002;MMR006;June;2018;0;0
Myanmar;Ayeyarwady;Myaungmya;MMR;MMR017D003;MMR017;July;2018;0;0
Myanmar;Chin;Matupi;MMR;MMR004D004;MMR004;July;2018;0;0
Myanmar;Magway;Magway;MMR;MMR009D001;MMR009;July;2018;0;0
Myanmar;Magway;Minbu;MMR;MMR009D002;MMR009;July;2018;0;0
Myanmar;Sagaing;Hkamti;MMR;MMR005D008;MMR005;July;2018;0;0
Myanmar;Sagaing;Katha;MMR;MMR005D004;MMR005;July;2018;0;0
Myanmar;Sagaing;Shwebo;MMR;MMR005D002;MMR005;July;2018;0;0
Myanmar;Sagaing;Tamu;MMR;MMR005D006;MMR005;July;2018;0;0
Myanmar;Shan-North;Kyaukme;MMR;NA;NA;July;2018;8;1
Myanmar;Shan-North;Matman;MMR;MMR015D007;MMR015;July;2018;0;0
Myanmar;Shan-North;Pa Laung Self-Administered Zone;MMR;NA;NA;July;2018;0;0
Myanmar;Yangon;Yangon-East;MMR;MMR013D002;MMR013;July;2018;0;0
Myanmar;Ayeyarwady;Pathein;MMR;MMR017D001;MMR017;July;2018;0;0
Myanmar;Ayeyarwady;Pyapon;MMR;MMR017D006;MMR017;July;2018;1;1
Myanmar;Bago-East;Taungoo;MMR;MMR007D002;MMR007;July;2018;0;0
Myanmar;Kayah;Loikaw;MMR;MMR002D001;MMR002;July;2018;0;0
Myanmar;Kayin;Kawkareik;MMR;MMR003D003;MMR003;July;2018;0;0
Myanmar;Magway;Thayet;MMR;MMR009D003;MMR009;July;2018;0;0
Myanmar;Mandalay;Kyaukse;MMR;MMR010D003;MMR010;July;2018;0;0
Myanmar;Rakhine;Kyaukpyu;MMR;MMR012D003;MMR012;July;2018;1;0
Myanmar;Shan-East;Monghsat;MMR;MMR016D002;MMR016;July;2018;0;0
Myanmar;Shan-South;Pa-O Self-Administered Zone;MMR;NA;NA;July;2018;0;0
Myanmar;Shan-South;Taunggyi;MMR;MMR014D001;MMR014;July;2018;0;0
Myanmar;Tanintharyi;Dawei;MMR;MMR006D001;MMR006;July;2018;0;0
Myanmar;Yangon;Yangon-North;MMR;MMR013D001;MMR013;July;2018;0;0
Myanmar;Bago-West;Pyay;MMR;MMR008D001;MMR008;July;2018;0;0
Myanmar;Chin;Mindat;MMR;MMR004D002;MMR004;July;2018;0;0
Myanmar;Kachin;Bhamo;MMR;MMR001D003;MMR001;July;2018;2;0
Myanmar;Kachin;Myitkyina;MMR;MMR001D001;MMR001;July;2018;8;0
Myanmar;Magway;Gangaw;MMR;MMR009D005;MMR009;July;2018;0;0
Myanmar;Nay Pyi Taw;Oke Ta Ra;MMR;MMR018D001;MMR018;July;2018;0;0
Myanmar;Rakhine;Thandwe;MMR;MMR012D004;MMR012;July;2018;0;0
Myanmar;Shan-East;Kengtung;MMR;MMR016D001;MMR016;July;2018;0;0
Myanmar;Shan-North;Mongmit;MMR;MMR015D008;MMR015;July;2018;0;0
Myanmar;Yangon;Yangon-South;MMR;MMR013D003;MMR013;July;2018;0;0
Myanmar;Ayeyarwady;Labutta;MMR;MMR017D004;MMR017;July;2018;0;0
Myanmar;Ayeyarwady;Maubin;MMR;MMR017D005;MMR017;July;2018;0;0
Myanmar;Magway;Pakokku;MMR;MMR009D004;MMR009;July;2018;0;0
Myanmar;Mandalay;Myingyan;MMR;MMR010D004;MMR010;July;2018;0;0
Myanmar;Rakhine;Maungdaw;MMR;MMR012D002;MMR012;July;2018;0;0
Myanmar;Rakhine;Mrauk-U;MMR;MMR012D005;MMR012;July;2018;0;0
Myanmar;Shan-North;Hopang;MMR;MMR015D006;MMR015;July;2018;0;0
Myanmar;Shan-North;Kokang Self-Administered Zone;MMR;MMR015D221;MMR015;July;2018;0;0
Myanmar;Shan-North;Muse;MMR;MMR015D002;MMR015;July;2018;6;8
Myanmar;Sagaing;Kale;MMR;MMR005D005;MMR005;July;2018;0;0
Myanmar;Sagaing;Sagaing;MMR;MMR005D001;MMR005;July;2018;0;0
Myanmar;Bago-East;Bago;MMR;MMR007D001;MMR007;July;2018;0;0
Myanmar;Chin;Hakha;MMR;MMR004D003;MMR004;July;2018;0;0
Myanmar;Kachin;Mohnyin;MMR;MMR001D002;MMR001;July;2018;12;0
Myanmar;Kachin;Puta-O;MMR;MMR001D004;MMR001;July;2018;0;0
Myanmar;Kayin;Hpa-An;MMR;MMR003D001;MMR003;July;2018;0;0
Myanmar;Kayin;Myawaddy;MMR;MMR003D002;MMR003;July;2018;0;0
Myanmar;Mandalay;Mandalay;MMR;MMR010D001;MMR010;July;2018;0;0
Myanmar;Mandalay;Meiktila;MMR;MMR010D007;MMR010;July;2018;0;0
Myanmar;Sagaing;Kawlin;MMR;MMR005D011;MMR005;July;2018;0;0
Myanmar;Sagaing;Naga Self-Administered Zone;MMR;NA;NA;July;2018;1;0
Myanmar;Shan-South;Langkho;MMR;MMR014D003;MMR014;July;2018;1;0
Myanmar;Shan-South;Loilen;MMR;MMR014D002;MMR014;July;2018;7;13
Myanmar;Chin;Falam;MMR;MMR004D001;MMR004;July;2018;0;0
Myanmar;Kayin;Hpapun;MMR;MMR003D004;MMR003;July;2018;2;1
Myanmar;Mandalay;Nyaung-U;MMR;MMR010D005;MMR010;July;2018;0;0
Myanmar;Mon;Thaton;MMR;MMR011D002;MMR011;July;2018;0;0
Myanmar;Rakhine;Sittwe;MMR;MMR012D001;MMR012;July;2018;0;0
Myanmar;Sagaing;Mawlaik;MMR;MMR005D007;MMR005;July;2018;0;0
Myanmar;Sagaing;Monywa;MMR;MMR005D003;MMR005;July;2018;0;0
Myanmar;Sagaing;Yinmarbin;MMR;MMR005D009;MMR005;July;2018;0;0
Myanmar;Shan-East;Tachileik;MMR;MMR016D003;MMR016;July;2018;0;0
Myanmar;Tanintharyi;Kawthoung;MMR;MMR006D003;MMR006;July;2018;0;0
Myanmar;Yangon;Yangon-West;MMR;MMR013D004;MMR013;July;2018;0;0
Myanmar;Ayeyarwady;Hinthada;MMR;MMR017D002;MMR017;July;2018;0;0
Myanmar;Bago-West;Thayarwady;MMR;MMR008D002;MMR008;July;2018;0;0
Myanmar;Kayah;Bawlake;MMR;MMR002D002;MMR002;July;2018;0;0
Myanmar;Mandalay;Pyinoolwin;MMR;MMR010D002;MMR010;July;2018;0;0
Myanmar;Mandalay;Yamethin;MMR;MMR010D006;MMR010;July;2018;0;0
Myanmar;Mon;Mawlamyine;MMR;MMR011D001;MMR011;July;2018;0;0
Myanmar;Nay Pyi Taw;Det Khi Na;MMR;MMR018D002;MMR018;July;2018;0;0
Myanmar;Sagaing;Kanbalu;MMR;MMR005D010;MMR005;July;2018;0;0
Myanmar;Shan-North;Lashio;MMR;MMR015D001;MMR015;July;2018;3;0
Myanmar;Shan-South;Danu Self-Administered Zone;MMR;NA;NA;July;2018;0;0
Myanmar;Tanintharyi;Myeik;MMR;MMR006D002;MMR006;July;2018;0;0
Myanmar;Ayeyarwady;Myaungmya;MMR;MMR017D003;MMR017;August;2018;0;0
Myanmar;Chin;Matupi;MMR;MMR004D004;MMR004;August;2018;0;0
Myanmar;Magway;Magway;MMR;MMR009D001;MMR009;August;2018;0;0
Myanmar;Magway;Minbu;MMR;MMR009D002;MMR009;August;2018;0;0
Myanmar;Sagaing;Hkamti;MMR;MMR005D008;MMR005;August;2018;0;0
Myanmar;Sagaing;Katha;MMR;MMR005D004;MMR005;August;2018;0;0
Myanmar;Sagaing;Shwebo;MMR;MMR005D002;MMR005;August;2018;0;0
Myanmar;Sagaing;Tamu;MMR;MMR005D006;MMR005;August;2018;0;0
Myanmar;Shan-North;Kyaukme;MMR;NA;NA;August;2018;14;3
Myanmar;Shan-North;Matman;MMR;MMR015D007;MMR015;August;2018;0;0
Myanmar;Shan-North;Pa Laung Self-Administered Zone;MMR;NA;NA;August;2018;0;0
Myanmar;Yangon;Yangon-East;MMR;MMR013D002;MMR013;August;2018;0;0
Myanmar;Ayeyarwady;Pathein;MMR;MMR017D001;MMR017;August;2018;0;0
Myanmar;Ayeyarwady;Pyapon;MMR;MMR017D006;MMR017;August;2018;0;0
Myanmar;Bago-East;Taungoo;MMR;MMR007D002;MMR007;August;2018;0;0
Myanmar;Kayah;Loikaw;MMR;MMR002D001;MMR002;August;2018;0;0
Myanmar;Kayin;Kawkareik;MMR;MMR003D003;MMR003;August;2018;0;0
Myanmar;Magway;Thayet;MMR;MMR009D003;MMR009;August;2018;0;0
Myanmar;Mandalay;Kyaukse;MMR;MMR010D003;MMR010;August;2018;0;0
Myanmar;Rakhine;Kyaukpyu;MMR;MMR012D003;MMR012;August;2018;1;0
Myanmar;Shan-East;Monghsat;MMR;MMR016D002;MMR016;August;2018;0;0
Myanmar;Shan-South;Pa-O Self-Administered Zone;MMR;NA;NA;August;2018;0;0
Myanmar;Shan-South;Taunggyi;MMR;MMR014D001;MMR014;August;2018;1;4
Myanmar;Tanintharyi;Dawei;MMR;MMR006D001;MMR006;August;2018;0;0
Myanmar;Yangon;Yangon-North;MMR;MMR013D001;MMR013;August;2018;0;0
Myanmar;Bago-West;Pyay;MMR;MMR008D001;MMR008;August;2018;0;0
Myanmar;Chin;Mindat;MMR;MMR004D002;MMR004;August;2018;0;0
Myanmar;Kachin;Bhamo;MMR;MMR001D003;MMR001;August;2018;0;0
Myanmar;Kachin;Myitkyina;MMR;MMR001D001;MMR001;August;2018;1;0
Myanmar;Magway;Gangaw;MMR;MMR009D005;MMR009;August;2018;0;0
Myanmar;Nay Pyi Taw;Oke Ta Ra;MMR;MMR018D001;MMR018;August;2018;0;0
Myanmar;Rakhine;Thandwe;MMR;MMR012D004;MMR012;August;2018;0;0
Myanmar;Shan-East;Kengtung;MMR;MMR016D001;MMR016;August;2018;0;0
Myanmar;Shan-North;Mongmit;MMR;MMR015D008;MMR015;August;2018;0;0
Myanmar;Yangon;Yangon-South;MMR;MMR013D003;MMR013;August;2018;0;0
Myanmar;Ayeyarwady;Labutta;MMR;MMR017D004;MMR017;August;2018;0;0
Myanmar;Ayeyarwady;Maubin;MMR;MMR017D005;MMR017;August;2018;0;0
Myanmar;Magway;Pakokku;MMR;MMR009D004;MMR009;August;2018;0;0
Myanmar;Mandalay;Myingyan;MMR;MMR010D004;MMR010;August;2018;0;0
Myanmar;Rakhine;Maungdaw;MMR;MMR012D002;MMR012;August;2018;0;0
Myanmar;Rakhine;Mrauk-U;MMR;MMR012D005;MMR012;August;2018;0;0
Myanmar;Shan-North;Hopang;MMR;MMR015D006;MMR015;August;2018;0;0
Myanmar;Shan-North;Kokang Self-Administered Zone;MMR;MMR015D221;MMR015;August;2018;0;0
Myanmar;Shan-North;Muse;MMR;MMR015D002;MMR015;August;2018;17;0
Myanmar;Sagaing;Kale;MMR;MMR005D005;MMR005;August;2018;0;0
Myanmar;Sagaing;Sagaing;MMR;MMR005D001;MMR005;August;2018;0;0
Myanmar;Bago-East;Bago;MMR;MMR007D001;MMR007;August;2018;1;0
Myanmar;Chin;Hakha;MMR;MMR004D003;MMR004;August;2018;0;0
Myanmar;Kachin;Mohnyin;MMR;MMR001D002;MMR001;August;2018;4;0
Myanmar;Kachin;Puta-O;MMR;MMR001D004;MMR001;August;2018;0;0
Myanmar;Kayin;Hpa-An;MMR;MMR003D001;MMR003;August;2018;0;0
Myanmar;Kayin;Myawaddy;MMR;MMR003D002;MMR003;August;2018;0;0
Myanmar;Mandalay;Mandalay;MMR;MMR010D001;MMR010;August;2018;1;1
Myanmar;Mandalay;Meiktila;MMR;MMR010D007;MMR010;August;2018;0;0
Myanmar;Sagaing;Kawlin;MMR;MMR005D011;MMR005;August;2018;0;0
Myanmar;Sagaing;Naga Self-Administered Zone;MMR;NA;NA;August;2018;0;0
Myanmar;Shan-South;Langkho;MMR;MMR014D003;MMR014;August;2018;1;0
Myanmar;Shan-South;Loilen;MMR;MMR014D002;MMR014;August;2018;0;0
Myanmar;Chin;Falam;MMR;MMR004D001;MMR004;August;2018;0;0
Myanmar;Kayin;Hpapun;MMR;MMR003D004;MMR003;August;2018;5;0
Myanmar;Mandalay;Nyaung-U;MMR;MMR010D005;MMR010;August;2018;0;0
Myanmar;Mon;Thaton;MMR;MMR011D002;MMR011;August;2018;0;0
Myanmar;Rakhine;Sittwe;MMR;MMR012D001;MMR012;August;2018;0;0
Myanmar;Sagaing;Mawlaik;MMR;MMR005D007;MMR005;August;2018;0;0
Myanmar;Sagaing;Monywa;MMR;MMR005D003;MMR005;August;2018;0;0
Myanmar;Sagaing;Yinmarbin;MMR;MMR005D009;MMR005;August;2018;0;0
Myanmar;Shan-East;Tachileik;MMR;MMR016D003;MMR016;August;2018;0;0
Myanmar;Tanintharyi;Kawthoung;MMR;MMR006D003;MMR006;August;2018;0;0
Myanmar;Yangon;Yangon-West;MMR;MMR013D004;MMR013;August;2018;0;0
Myanmar;Ayeyarwady;Hinthada;MMR;MMR017D002;MMR017;August;2018;0;0
Myanmar;Bago-West;Thayarwady;MMR;MMR008D002;MMR008;August;2018;0;0
Myanmar;Kayah;Bawlake;MMR;MMR002D002;MMR002;August;2018;0;0
Myanmar;Mandalay;Pyinoolwin;MMR;MMR010D002;MMR010;August;2018;0;0
Myanmar;Mandalay;Yamethin;MMR;MMR010D006;MMR010;August;2018;0;0
Myanmar;Mon;Mawlamyine;MMR;MMR011D001;MMR011;August;2018;0;0
Myanmar;Nay Pyi Taw;Det Khi Na;MMR;MMR018D002;MMR018;August;2018;0;0
Myanmar;Sagaing;Kanbalu;MMR;MMR005D010;MMR005;August;2018;0;0
Myanmar;Shan-North;Lashio;MMR;MMR015D001;MMR015;August;2018;4;0
Myanmar;Shan-South;Danu Self-Administered Zone;MMR;NA;NA;August;2018;0;0
Myanmar;Tanintharyi;Myeik;MMR;MMR006D002;MMR006;August;2018;0;0
Myanmar;Ayeyarwady;Myaungmya;MMR;MMR017D003;MMR017;September;2018;0;0
Myanmar;Chin;Matupi;MMR;MMR004D004;MMR004;September;2018;5;13
Myanmar;Magway;Magway;MMR;MMR009D001;MMR009;September;2018;0;0
Myanmar;Magway;Minbu;MMR;MMR009D002;MMR009;September;2018;0;0
Myanmar;Sagaing;Hkamti;MMR;MMR005D008;MMR005;September;2018;0;0
Myanmar;Sagaing;Katha;MMR;MMR005D004;MMR005;September;2018;0;0
Myanmar;Sagaing;Shwebo;MMR;MMR005D002;MMR005;September;2018;0;0
Myanmar;Sagaing;Tamu;MMR;MMR005D006;MMR005;September;2018;0;0
Myanmar;Shan-North;Kyaukme;MMR;NA;NA;September;2018;9;5
Myanmar;Shan-North;Matman;MMR;MMR015D007;MMR015;September;2018;1;0
Myanmar;Shan-North;Pa Laung Self-Administered Zone;MMR;NA;NA;September;2018;0;0
Myanmar;Yangon;Yangon-East;MMR;MMR013D002;MMR013;September;2018;0;0
Myanmar;Ayeyarwady;Pathein;MMR;MMR017D001;MMR017;September;2018;1;1
Myanmar;Ayeyarwady;Pyapon;MMR;MMR017D006;MMR017;September;2018;0;0
Myanmar;Bago-East;Taungoo;MMR;MMR007D002;MMR007;September;2018;0;0
Myanmar;Kayah;Loikaw;MMR;MMR002D001;MMR002;September;2018;0;0
Myanmar;Kayin;Kawkareik;MMR;MMR003D003;MMR003;September;2018;0;0
Myanmar;Magway;Thayet;MMR;MMR009D003;MMR009;September;2018;0;0
Myanmar;Mandalay;Kyaukse;MMR;MMR010D003;MMR010;September;2018;0;0
Myanmar;Rakhine;Kyaukpyu;MMR;MMR012D003;MMR012;September;2018;0;0
Myanmar;Shan-East;Monghsat;MMR;MMR016D002;MMR016;September;2018;0;0
Myanmar;Shan-South;Pa-O Self-Administered Zone;MMR;NA;NA;September;2018;0;0
Myanmar;Shan-South;Taunggyi;MMR;MMR014D001;MMR014;September;2018;0;0
Myanmar;Tanintharyi;Dawei;MMR;MMR006D001;MMR006;September;2018;0;0
Myanmar;Yangon;Yangon-North;MMR;MMR013D001;MMR013;September;2018;1;0
Myanmar;Bago-West;Pyay;MMR;MMR008D001;MMR008;September;2018;0;0
Myanmar;Chin;Mindat;MMR;MMR004D002;MMR004;September;2018;0;0
Myanmar;Kachin;Bhamo;MMR;MMR001D003;MMR001;September;2018;1;2
Myanmar;Kachin;Myitkyina;MMR;MMR001D001;MMR001;September;2018;0;0
Myanmar;Magway;Gangaw;MMR;MMR009D005;MMR009;September;2018;0;0
Myanmar;Nay Pyi Taw;Oke Ta Ra;MMR;MMR018D001;MMR018;September;2018;0;0
Myanmar;Rakhine;Thandwe;MMR;MMR012D004;MMR012;September;2018;0;0
Myanmar;Shan-East;Kengtung;MMR;MMR016D001;MMR016;September;2018;0;0
Myanmar;Shan-North;Mongmit;MMR;MMR015D008;MMR015;September;2018;0;0
Myanmar;Yangon;Yangon-South;MMR;MMR013D003;MMR013;September;2018;1;1
Myanmar;Ayeyarwady;Labutta;MMR;MMR017D004;MMR017;September;2018;0;0
Myanmar;Ayeyarwady;Maubin;MMR;MMR017D005;MMR017;September;2018;0;0
Myanmar;Magway;Pakokku;MMR;MMR009D004;MMR009;September;2018;0;0
Myanmar;Mandalay;Myingyan;MMR;MMR010D004;MMR010;September;2018;0;0
Myanmar;Rakhine;Maungdaw;MMR;MMR012D002;MMR012;September;2018;2;1
Myanmar;Rakhine;Mrauk-U;MMR;MMR012D005;MMR012;September;2018;0;0
Myanmar;Shan-North;Hopang;MMR;MMR015D006;MMR015;September;2018;0;0
Myanmar;Shan-North;Kokang Self-Administered Zone;MMR;MMR015D221;MMR015;September;2018;0;0
Myanmar;Shan-North;Muse;MMR;MMR015D002;MMR015;September;2018;9;4
Myanmar;Sagaing;Kale;MMR;MMR005D005;MMR005;September;2018;0;0
Myanmar;Sagaing;Sagaing;MMR;MMR005D001;MMR005;September;2018;0;0
Myanmar;Bago-East;Bago;MMR;MMR007D001;MMR007;September;2018;0;0
Myanmar;Chin;Hakha;MMR;MMR004D003;MMR004;September;2018;0;0
Myanmar;Kachin;Mohnyin;MMR;MMR001D002;MMR001;September;2018;5;0
Myanmar;Kachin;Puta-O;MMR;MMR001D004;MMR001;September;2018;0;0
Myanmar;Kayin;Hpa-An;MMR;MMR003D001;MMR003;September;2018;1;1
Myanmar;Kayin;Myawaddy;MMR;MMR003D002;MMR003;September;2018;0;0
Myanmar;Mandalay;Mandalay;MMR;MMR010D001;MMR010;September;2018;0;0
Myanmar;Mandalay;Meiktila;MMR;MMR010D007;MMR010;September;2018;0;0
Myanmar;Sagaing;Kawlin;MMR;MMR005D011;MMR005;September;2018;0;0
Myanmar;Sagaing;Naga Self-Administered Zone;MMR;NA;NA;September;2018;0;0
Myanmar;Shan-South;Langkho;MMR;MMR014D003;MMR014;September;2018;0;0
Myanmar;Shan-South;Loilen;MMR;MMR014D002;MMR014;September;2018;0;0
Myanmar;Chin;Falam;MMR;MMR004D001;MMR004;September;2018;0;0
Myanmar;Kayin;Hpapun;MMR;MMR003D004;MMR003;September;2018;3;0
Myanmar;Mandalay;Nyaung-U;MMR;MMR010D005;MMR010;September;2018;0;0
Myanmar;Mon;Thaton;MMR;MMR011D002;MMR011;September;2018;1;0
Myanmar;Rakhine;Sittwe;MMR;MMR012D001;MMR012;September;2018;1;1
Myanmar;Sagaing;Mawlaik;MMR;MMR005D007;MMR005;September;2018;0;0
Myanmar;Sagaing;Monywa;MMR;MMR005D003;MMR005;September;2018;0;0
Myanmar;Sagaing;Yinmarbin;MMR;MMR005D009;MMR005;September;2018;0;0
Myanmar;Shan-East;Tachileik;MMR;MMR016D003;MMR016;September;2018;0;0
Myanmar;Tanintharyi;Kawthoung;MMR;MMR006D003;MMR006;September;2018;0;0
Myanmar;Yangon;Yangon-West;MMR;MMR013D004;MMR013;September;2018;1;0
Myanmar;Ayeyarwady;Hinthada;MMR;MMR017D002;MMR017;September;2018;0;0
Myanmar;Bago-West;Thayarwady;MMR;MMR008D002;MMR008;September;2018;0;0
Myanmar;Kayah;Bawlake;MMR;MMR002D002;MMR002;September;2018;0;0
Myanmar;Mandalay;Pyinoolwin;MMR;MMR010D002;MMR010;September;2018;0;0
Myanmar;Mandalay;Yamethin;MMR;MMR010D006;MMR010;September;2018;0;0
Myanmar;Mon;Mawlamyine;MMR;MMR011D001;MMR011;September;2018;0;0
Myanmar;Nay Pyi Taw;Det Khi Na;MMR;MMR018D002;MMR018;September;2018;0;0
Myanmar;Sagaing;Kanbalu;MMR;MMR005D010;MMR005;September;2018;0;0
Myanmar;Shan-North;Lashio;MMR;MMR015D001;MMR015;September;2018;2;0
Myanmar;Shan-South;Danu Self-Administered Zone;MMR;NA;NA;September;2018;0;0
Myanmar;Tanintharyi;Myeik;MMR;MMR006D002;MMR006;September;2018;0;0
Myanmar;Ayeyarwady;Myaungmya;MMR;MMR017D003;MMR017;October;2018;0;0
Myanmar;Chin;Matupi;MMR;MMR004D004;MMR004;October;2018;8;1
Myanmar;Magway;Magway;MMR;MMR009D001;MMR009;October;2018;0;0
Myanmar;Magway;Minbu;MMR;MMR009D002;MMR009;October;2018;1;0
Myanmar;Sagaing;Hkamti;MMR;MMR005D008;MMR005;October;2018;0;0
Myanmar;Sagaing;Katha;MMR;MMR005D004;MMR005;October;2018;0;0
Myanmar;Sagaing;Shwebo;MMR;MMR005D002;MMR005;October;2018;0;0
Myanmar;Sagaing;Tamu;MMR;MMR005D006;MMR005;October;2018;0;0
Myanmar;Shan-North;Kyaukme;MMR;NA;NA;October;2018;10;2
Myanmar;Shan-North;Matman;MMR;MMR015D007;MMR015;October;2018;0;0
Myanmar;Shan-North;Pa Laung Self-Administered Zone;MMR;NA;NA;October;2018;4;0
Myanmar;Yangon;Yangon-East;MMR;MMR013D002;MMR013;October;2018;1;0
Myanmar;Ayeyarwady;Pathein;MMR;MMR017D001;MMR017;October;2018;0;0
Myanmar;Ayeyarwady;Pyapon;MMR;MMR017D006;MMR017;October;2018;1;1
Myanmar;Bago-East;Taungoo;MMR;MMR007D002;MMR007;October;2018;0;0
Myanmar;Kayah;Loikaw;MMR;MMR002D001;MMR002;October;2018;0;0
Myanmar;Kayin;Kawkareik;MMR;MMR003D003;MMR003;October;2018;0;0
Myanmar;Magway;Thayet;MMR;MMR009D003;MMR009;October;2018;0;0
Myanmar;Mandalay;Kyaukse;MMR;MMR010D003;MMR010;October;2018;0;0
Myanmar;Rakhine;Kyaukpyu;MMR;MMR012D003;MMR012;October;2018;0;0
Myanmar;Shan-East;Monghsat;MMR;MMR016D002;MMR016;October;2018;0;0
Myanmar;Shan-South;Pa-O Self-Administered Zone;MMR;NA;NA;October;2018;0;0
Myanmar;Shan-South;Taunggyi;MMR;MMR014D001;MMR014;October;2018;0;0
Myanmar;Tanintharyi;Dawei;MMR;MMR006D001;MMR006;October;2018;3;0
Myanmar;Yangon;Yangon-North;MMR;MMR013D001;MMR013;October;2018;0;0
Myanmar;Bago-West;Pyay;MMR;MMR008D001;MMR008;October;2018;0;0
Myanmar;Chin;Mindat;MMR;MMR004D002;MMR004;October;2018;0;0
Myanmar;Kachin;Bhamo;MMR;MMR001D003;MMR001;October;2018;3;0
Myanmar;Kachin;Myitkyina;MMR;MMR001D001;MMR001;October;2018;2;0
Myanmar;Magway;Gangaw;MMR;MMR009D005;MMR009;October;2018;0;0
Myanmar;Nay Pyi Taw;Oke Ta Ra;MMR;MMR018D001;MMR018;October;2018;1;1
Myanmar;Rakhine;Thandwe;MMR;MMR012D004;MMR012;October;2018;0;0
Myanmar;Shan-East;Kengtung;MMR;MMR016D001;MMR016;October;2018;0;0
Myanmar;Shan-North;Mongmit;MMR;MMR015D008;MMR015;October;2018;0;0
Myanmar;Yangon;Yangon-South;MMR;MMR013D003;MMR013;October;2018;0;0
Myanmar;Ayeyarwady;Labutta;MMR;MMR017D004;MMR017;October;2018;0;0
Myanmar;Ayeyarwady;Maubin;MMR;MMR017D005;MMR017;October;2018;0;0
Myanmar;Magway;Pakokku;MMR;MMR009D004;MMR009;October;2018;0;0
Myanmar;Mandalay;Myingyan;MMR;MMR010D004;MMR010;October;2018;0;0
Myanmar;Rakhine;Maungdaw;MMR;MMR012D002;MMR012;October;2018;1;1
Myanmar;Rakhine;Mrauk-U;MMR;MMR012D005;MMR012;October;2018;0;0
Myanmar;Shan-North;Hopang;MMR;MMR015D006;MMR015;October;2018;0;0
Myanmar;Shan-North;Kokang Self-Administered Zone;MMR;MMR015D221;MMR015;October;2018;0;0
Myanmar;Shan-North;Muse;MMR;MMR015D002;MMR015;October;2018;13;0
Myanmar;Sagaing;Kale;MMR;MMR005D005;MMR005;October;2018;0;0
Myanmar;Sagaing;Sagaing;MMR;MMR005D001;MMR005;October;2018;0;0
Myanmar;Bago-East;Bago;MMR;MMR007D001;MMR007;October;2018;0;0
Myanmar;Chin;Hakha;MMR;MMR004D003;MMR004;October;2018;0;0
Myanmar;Kachin;Mohnyin;MMR;MMR001D002;MMR001;October;2018;1;0
Myanmar;Kachin;Puta-O;MMR;MMR001D004;MMR001;October;2018;0;0
Myanmar;Kayin;Hpa-An;MMR;MMR003D001;MMR003;October;2018;0;0
Myanmar;Kayin;Myawaddy;MMR;MMR003D002;MMR003;October;2018;0;0
Myanmar;Mandalay;Mandalay;MMR;MMR010D001;MMR010;October;2018;0;0
Myanmar;Mandalay;Meiktila;MMR;MMR010D007;MMR010;October;2018;0;0
Myanmar;Sagaing;Kawlin;MMR;MMR005D011;MMR005;October;2018;0;0
Myanmar;Sagaing;Naga Self-Administered Zone;MMR;NA;NA;October;2018;0;0
Myanmar;Shan-South;Langkho;MMR;MMR014D003;MMR014;October;2018;2;0
Myanmar;Shan-South;Loilen;MMR;MMR014D002;MMR014;October;2018;4;4
Myanmar;Chin;Falam;MMR;MMR004D001;MMR004;October;2018;0;0
Myanmar;Kayin;Hpapun;MMR;MMR003D004;MMR003;October;2018;0;0
Myanmar;Mandalay;Nyaung-U;MMR;MMR010D005;MMR010;October;2018;0;0
Myanmar;Mon;Thaton;MMR;MMR011D002;MMR011;October;2018;0;0
Myanmar;Rakhine;Sittwe;MMR;MMR012D001;MMR012;October;2018;1;0
Myanmar;Sagaing;Mawlaik;MMR;MMR005D007;MMR005;October;2018;0;0
Myanmar;Sagaing;Monywa;MMR;MMR005D003;MMR005;October;2018;0;0
Myanmar;Sagaing;Yinmarbin;MMR;MMR005D009;MMR005;October;2018;0;0
Myanmar;Shan-East;Tachileik;MMR;MMR016D003;MMR016;October;2018;1;0
Myanmar;Tanintharyi;Kawthoung;MMR;MMR006D003;MMR006;October;2018;0;0
Myanmar;Yangon;Yangon-West;MMR;MMR013D004;MMR013;October;2018;0;0
Myanmar;Ayeyarwady;Hinthada;MMR;MMR017D002;MMR017;October;2018;0;0
Myanmar;Bago-West;Thayarwady;MMR;MMR008D002;MMR008;October;2018;0;0
Myanmar;Kayah;Bawlake;MMR;MMR002D002;MMR002;October;2018;1;0
Myanmar;Mandalay;Pyinoolwin;MMR;MMR010D002;MMR010;October;2018;0;0
Myanmar;Mandalay;Yamethin;MMR;MMR010D006;MMR010;October;2018;0;0
Myanmar;Mon;Mawlamyine;MMR;MMR011D001;MMR011;October;2018;1;0
Myanmar;Nay Pyi Taw;Det Khi Na;MMR;MMR018D002;MMR018;October;2018;0;0
Myanmar;Sagaing;Kanbalu;MMR;MMR005D010;MMR005;October;2018;0;0
Myanmar;Shan-North;Lashio;MMR;MMR015D001;MMR015;October;2018;5;1
Myanmar;Shan-South;Danu Self-Administered Zone;MMR;NA;NA;October;2018;0;0
Myanmar;Tanintharyi;Myeik;MMR;MMR006D002;MMR006;October;2018;0;0
Myanmar;Ayeyarwady;Myaungmya;MMR;MMR017D003;MMR017;November;2018;0;0
Myanmar;Chin;Matupi;MMR;MMR004D004;MMR004;November;2018;4;7
Myanmar;Magway;Magway;MMR;MMR009D001;MMR009;November;2018;0;0
Myanmar;Magway;Minbu;MMR;MMR009D002;MMR009;November;2018;0;0
Myanmar;Sagaing;Hkamti;MMR;MMR005D008;MMR005;November;2018;0;0
Myanmar;Sagaing;Katha;MMR;MMR005D004;MMR005;November;2018;0;0
Myanmar;Sagaing;Shwebo;MMR;MMR005D002;MMR005;November;2018;0;0
Myanmar;Sagaing;Tamu;MMR;MMR005D006;MMR005;November;2018;0;0
Myanmar;Shan-North;Kyaukme;MMR;NA;NA;November;2018;17;4
Myanmar;Shan-North;Matman;MMR;MMR015D007;MMR015;November;2018;0;0
Myanmar;Shan-North;Pa Laung Self-Administered Zone;MMR;NA;NA;November;2018;0;0
Myanmar;Yangon;Yangon-East;MMR;MMR013D002;MMR013;November;2018;0;0
Myanmar;Ayeyarwady;Pathein;MMR;MMR017D001;MMR017;November;2018;0;0
Myanmar;Ayeyarwady;Pyapon;MMR;MMR017D006;MMR017;November;2018;0;0
Myanmar;Bago-East;Taungoo;MMR;MMR007D002;MMR007;November;2018;0;0
Myanmar;Kayah;Loikaw;MMR;MMR002D001;MMR002;November;2018;0;0
Myanmar;Kayin;Kawkareik;MMR;MMR003D003;MMR003;November;2018;0;0
Myanmar;Magway;Thayet;MMR;MMR009D003;MMR009;November;2018;0;0
Myanmar;Mandalay;Kyaukse;MMR;MMR010D003;MMR010;November;2018;0;0
Myanmar;Rakhine;Kyaukpyu;MMR;MMR012D003;MMR012;November;2018;0;0
Myanmar;Shan-East;Monghsat;MMR;MMR016D002;MMR016;November;2018;0;0
Myanmar;Shan-South;Pa-O Self-Administered Zone;MMR;NA;NA;November;2018;0;0
Myanmar;Shan-South;Taunggyi;MMR;MMR014D001;MMR014;November;2018;0;0
Myanmar;Tanintharyi;Dawei;MMR;MMR006D001;MMR006;November;2018;2;0
Myanmar;Yangon;Yangon-North;MMR;MMR013D001;MMR013;November;2018;0;0
Myanmar;Bago-West;Pyay;MMR;MMR008D001;MMR008;November;2018;0;0
Myanmar;Chin;Mindat;MMR;MMR004D002;MMR004;November;2018;0;0
Myanmar;Kachin;Bhamo;MMR;MMR001D003;MMR001;November;2018;1;0
Myanmar;Kachin;Myitkyina;MMR;MMR001D001;MMR001;November;2018;2;0
Myanmar;Magway;Gangaw;MMR;MMR009D005;MMR009;November;2018;0;0
Myanmar;Nay Pyi Taw;Oke Ta Ra;MMR;MMR018D001;MMR018;November;2018;0;0
Myanmar;Rakhine;Thandwe;MMR;MMR012D004;MMR012;November;2018;0;0
Myanmar;Shan-East;Kengtung;MMR;MMR016D001;MMR016;November;2018;0;0
Myanmar;Shan-North;Mongmit;MMR;MMR015D008;MMR015;November;2018;0;0
Myanmar;Yangon;Yangon-South;MMR;MMR013D003;MMR013;November;2018;0;0
Myanmar;Ayeyarwady;Labutta;MMR;MMR017D004;MMR017;November;2018;0;0
Myanmar;Ayeyarwady;Maubin;MMR;MMR017D005;MMR017;November;2018;0;0
Myanmar;Magway;Pakokku;MMR;MMR009D004;MMR009;November;2018;0;0
Myanmar;Mandalay;Myingyan;MMR;MMR010D004;MMR010;November;2018;0;0
Myanmar;Rakhine;Maungdaw;MMR;MMR012D002;MMR012;November;2018;4;1
Myanmar;Rakhine;Mrauk-U;MMR;MMR012D005;MMR012;November;2018;0;0
Myanmar;Shan-North;Hopang;MMR;MMR015D006;MMR015;November;2018;0;0
Myanmar;Shan-North;Kokang Self-Administered Zone;MMR;MMR015D221;MMR015;November;2018;0;0
Myanmar;Shan-North;Muse;MMR;MMR015D002;MMR015;November;2018;7;4
Myanmar;Sagaing;Kale;MMR;MMR005D005;MMR005;November;2018;0;0
Myanmar;Sagaing;Sagaing;MMR;MMR005D001;MMR005;November;2018;0;0
Myanmar;Bago-East;Bago;MMR;MMR007D001;MMR007;November;2018;0;0
Myanmar;Chin;Hakha;MMR;MMR004D003;MMR004;November;2018;0;0
Myanmar;Kachin;Mohnyin;MMR;MMR001D002;MMR001;November;2018;2;3
Myanmar;Kachin;Puta-O;MMR;MMR001D004;MMR001;November;2018;0;0
Myanmar;Kayin;Hpa-An;MMR;MMR003D001;MMR003;November;2018;0;0
Myanmar;Kayin;Myawaddy;MMR;MMR003D002;MMR003;November;2018;0;0
Myanmar;Mandalay;Mandalay;MMR;MMR010D001;MMR010;November;2018;0;0
Myanmar;Mandalay;Meiktila;MMR;MMR010D007;MMR010;November;2018;0;0
Myanmar;Sagaing;Kawlin;MMR;MMR005D011;MMR005;November;2018;0;0
Myanmar;Sagaing;Naga Self-Administered Zone;MMR;NA;NA;November;2018;0;0
Myanmar;Shan-South;Langkho;MMR;MMR014D003;MMR014;November;2018;0;0
Myanmar;Shan-South;Loilen;MMR;MMR014D002;MMR014;November;2018;2;0
Myanmar;Chin;Falam;MMR;MMR004D001;MMR004;November;2018;0;0
Myanmar;Kayin;Hpapun;MMR;MMR003D004;MMR003;November;2018;0;0
Myanmar;Mandalay;Nyaung-U;MMR;MMR010D005;MMR010;November;2018;0;0
Myanmar;Mon;Thaton;MMR;MMR011D002;MMR011;November;2018;0;0
Myanmar;Rakhine;Sittwe;MMR;MMR012D001;MMR012;November;2018;2;0
Myanmar;Sagaing;Mawlaik;MMR;MMR005D007;MMR005;November;2018;0;0
Myanmar;Sagaing;Monywa;MMR;MMR005D003;MMR005;November;2018;0;0
Myanmar;Sagaing;Yinmarbin;MMR;MMR005D009;MMR005;November;2018;0;0
Myanmar;Shan-East;Tachileik;MMR;MMR016D003;MMR016;November;2018;0;0
Myanmar;Tanintharyi;Kawthoung;MMR;MMR006D003;MMR006;November;2018;0;0
Myanmar;Yangon;Yangon-West;MMR;MMR013D004;MMR013;November;2018;1;0
Myanmar;Ayeyarwady;Hinthada;MMR;MMR017D002;MMR017;November;2018;0;0
Myanmar;Bago-West;Thayarwady;MMR;MMR008D002;MMR008;November;2018;0;0
Myanmar;Kayah;Bawlake;MMR;MMR002D002;MMR002;November;2018;0;0
Myanmar;Mandalay;Pyinoolwin;MMR;MMR010D002;MMR010;November;2018;0;0
Myanmar;Mandalay;Yamethin;MMR;MMR010D006;MMR010;November;2018;0;0
Myanmar;Mon;Mawlamyine;MMR;MMR011D001;MMR011;November;2018;0;0
Myanmar;Nay Pyi Taw;Det Khi Na;MMR;MMR018D002;MMR018;November;2018;0;0
Myanmar;Sagaing;Kanbalu;MMR;MMR005D010;MMR005;November;2018;0;0
Myanmar;Shan-North;Lashio;MMR;MMR015D001;MMR015;November;2018;7;2
Myanmar;Shan-South;Danu Self-Administered Zone;MMR;NA;NA;November;2018;0;0
Myanmar;Tanintharyi;Myeik;MMR;MMR006D002;MMR006;November;2018;0;0
Myanmar;Ayeyarwady;Myaungmya;MMR;MMR017D003;MMR017;December;2018;0;0
Myanmar;Chin;Matupi;MMR;MMR004D004;MMR004;December;2018;6;0
Myanmar;Magway;Magway;MMR;MMR009D001;MMR009;December;2018;0;0
Myanmar;Magway;Minbu;MMR;MMR009D002;MMR009;December;2018;0;0
Myanmar;Sagaing;Hkamti;MMR;MMR005D008;MMR005;December;2018;0;0
Myanmar;Sagaing;Katha;MMR;MMR005D004;MMR005;December;2018;0;0
Myanmar;Sagaing;Shwebo;MMR;MMR005D002;MMR005;December;2018;0;0
Myanmar;Sagaing;Tamu;MMR;MMR005D006;MMR005;December;2018;0;0
Myanmar;Shan-North;Kyaukme;MMR;NA;NA;December;2018;6;0
Myanmar;Shan-North;Matman;MMR;MMR015D007;MMR015;December;2018;0;0
Myanmar;Shan-North;Pa Laung Self-Administered Zone;MMR;NA;NA;December;2018;0;0
Myanmar;Yangon;Yangon-East;MMR;MMR013D002;MMR013;December;2018;0;0
Myanmar;Ayeyarwady;Pathein;MMR;MMR017D001;MMR017;December;2018;0;0
Myanmar;Ayeyarwady;Pyapon;MMR;MMR017D006;MMR017;December;2018;0;0
Myanmar;Bago-East;Taungoo;MMR;MMR007D002;MMR007;December;2018;0;0
Myanmar;Kayah;Loikaw;MMR;MMR002D001;MMR002;December;2018;0;0
Myanmar;Kayin;Kawkareik;MMR;MMR003D003;MMR003;December;2018;0;0
Myanmar;Magway;Thayet;MMR;MMR009D003;MMR009;December;2018;0;0
Myanmar;Mandalay;Kyaukse;MMR;MMR010D003;MMR010;December;2018;0;0
Myanmar;Rakhine;Kyaukpyu;MMR;MMR012D003;MMR012;December;2018;1;0
Myanmar;Shan-East;Monghsat;MMR;MMR016D002;MMR016;December;2018;0;0
Myanmar;Shan-South;Pa-O Self-Administered Zone;MMR;NA;NA;December;2018;0;0
Myanmar;Shan-South;Taunggyi;MMR;MMR014D001;MMR014;December;2018;1;0
Myanmar;Tanintharyi;Dawei;MMR;MMR006D001;MMR006;December;2018;0;0
Myanmar;Yangon;Yangon-North;MMR;MMR013D001;MMR013;December;2018;0;0
Myanmar;Bago-West;Pyay;MMR;MMR008D001;MMR008;December;2018;1;0
Myanmar;Chin;Mindat;MMR;MMR004D002;MMR004;December;2018;0;0
Myanmar;Kachin;Bhamo;MMR;MMR001D003;MMR001;December;2018;0;0
Myanmar;Kachin;Myitkyina;MMR;MMR001D001;MMR001;December;2018;0;0
Myanmar;Magway;Gangaw;MMR;MMR009D005;MMR009;December;2018;1;0
Myanmar;Nay Pyi Taw;Oke Ta Ra;MMR;MMR018D001;MMR018;December;2018;0;0
Myanmar;Rakhine;Thandwe;MMR;MMR012D004;MMR012;December;2018;0;0
Myanmar;Shan-East;Kengtung;MMR;MMR016D001;MMR016;December;2018;0;0
Myanmar;Shan-North;Mongmit;MMR;MMR015D008;MMR015;December;2018;0;0
Myanmar;Yangon;Yangon-South;MMR;MMR013D003;MMR013;December;2018;0;0
Myanmar;Ayeyarwady;Labutta;MMR;MMR017D004;MMR017;December;2018;0;0
Myanmar;Ayeyarwady;Maubin;MMR;MMR017D005;MMR017;December;2018;0;0
Myanmar;Magway;Pakokku;MMR;MMR009D004;MMR009;December;2018;0;0
Myanmar;Mandalay;Myingyan;MMR;MMR010D004;MMR010;December;2018;0;0
Myanmar;Rakhine;Maungdaw;MMR;MMR012D002;MMR012;December;2018;21;12
Myanmar;Rakhine;Mrauk-U;MMR;MMR012D005;MMR012;December;2018;13;1
Myanmar;Shan-North;Hopang;MMR;MMR015D006;MMR015;December;2018;0;0
Myanmar;Shan-North;Kokang Self-Administered Zone;MMR;MMR015D221;MMR015;December;2018;0;0
Myanmar;Shan-North;Muse;MMR;MMR015D002;MMR015;December;2018;6;3
Myanmar;Sagaing;Kale;MMR;MMR005D005;MMR005;December;2018;0;0
Myanmar;Sagaing;Sagaing;MMR;MMR005D001;MMR005;December;2018;0;0
Myanmar;Bago-East;Bago;MMR;MMR007D001;MMR007;December;2018;0;0
Myanmar;Chin;Hakha;MMR;MMR004D003;MMR004;December;2018;0;0
Myanmar;Kachin;Mohnyin;MMR;MMR001D002;MMR001;December;2018;1;0
Myanmar;Kachin;Puta-O;MMR;MMR001D004;MMR001;December;2018;0;0
Myanmar;Kayin;Hpa-An;MMR;MMR003D001;MMR003;December;2018;0;0
Myanmar;Kayin;Myawaddy;MMR;MMR003D002;MMR003;December;2018;0;0
Myanmar;Mandalay;Mandalay;MMR;MMR010D001;MMR010;December;2018;0;0
Myanmar;Mandalay;Meiktila;MMR;MMR010D007;MMR010;December;2018;0;0
Myanmar;Sagaing;Kawlin;MMR;MMR005D011;MMR005;December;2018;0;0
Myanmar;Sagaing;Naga Self-Administered Zone;MMR;NA;NA;December;2018;0;0
Myanmar;Shan-South;Langkho;MMR;MMR014D003;MMR014;December;2018;5;3
Myanmar;Shan-South;Loilen;MMR;MMR014D002;MMR014;December;2018;1;5
Myanmar;Chin;Falam;MMR;MMR004D001;MMR004;December;2018;0;0
Myanmar;Kayin;Hpapun;MMR;MMR003D004;MMR003;December;2018;0;0
Myanmar;Mandalay;Nyaung-U;MMR;MMR010D005;MMR010;December;2018;0;0
Myanmar;Mon;Thaton;MMR;MMR011D002;MMR011;December;2018;0;0
Myanmar;Rakhine;Sittwe;MMR;MMR012D001;MMR012;December;2018;26;17
Myanmar;Sagaing;Mawlaik;MMR;MMR005D007;MMR005;December;2018;0;0
Myanmar;Sagaing;Monywa;MMR;MMR005D003;MMR005;December;2018;0;0
Myanmar;Sagaing;Yinmarbin;MMR;MMR005D009;MMR005;December;2018;0;0
Myanmar;Shan-East;Tachileik;MMR;MMR016D003;MMR016;December;2018;0;0
Myanmar;Tanintharyi;Kawthoung;MMR;MMR006D003;MMR006;December;2018;1;0
Myanmar;Yangon;Yangon-West;MMR;MMR013D004;MMR013;December;2018;0;0
Myanmar;Ayeyarwady;Hinthada;MMR;MMR017D002;MMR017;December;2018;0;0
Myanmar;Bago-West;Thayarwady;MMR;MMR008D002;MMR008;December;2018;0;0
Myanmar;Kayah;Bawlake;MMR;MMR002D002;MMR002;December;2018;0;0
Myanmar;Mandalay;Pyinoolwin;MMR;MMR010D002;MMR010;December;2018;0;0
Myanmar;Mandalay;Yamethin;MMR;MMR010D006;MMR010;December;2018;0;0
Myanmar;Mon;Mawlamyine;MMR;MMR011D001;MMR011;December;2018;0;0
Myanmar;Nay Pyi Taw;Det Khi Na;MMR;MMR018D002;MMR018;December;2018;0;0
Myanmar;Sagaing;Kanbalu;MMR;MMR005D010;MMR005;December;2018;0;0
Myanmar;Shan-North;Lashio;MMR;MMR015D001;MMR015;December;2018;0;0
Myanmar;Shan-South;Danu Self-Administered Zone;MMR;NA;NA;December;2018;0;0
Myanmar;Tanintharyi;Myeik;MMR;MMR006D002;MMR006;December;2018;0;0
Myanmar;Ayeyarwady;Myaungmya;MMR;MMR017D003;MMR017;January;2019;0;0
Myanmar;Chin;Matupi;MMR;MMR004D004;MMR004;January;2019;3;3
Myanmar;Magway;Magway;MMR;MMR009D001;MMR009;January;2019;0;0
Myanmar;Magway;Minbu;MMR;MMR009D002;MMR009;January;2019;0;0
Myanmar;Sagaing;Hkamti;MMR;MMR005D008;MMR005;January;2019;0;0
Myanmar;Sagaing;Katha;MMR;MMR005D004;MMR005;January;2019;0;0
Myanmar;Sagaing;Shwebo;MMR;MMR005D002;MMR005;January;2019;0;0
Myanmar;Sagaing;Tamu;MMR;MMR005D006;MMR005;January;2019;0;0
Myanmar;Shan-North;Kyaukme;MMR;NA;NA;January;2019;8;1
Myanmar;Shan-North;Matman;MMR;MMR015D007;MMR015;January;2019;0;0
Myanmar;Shan-North;Pa Laung Self-Administered Zone;MMR;NA;NA;January;2019;0;0
Myanmar;Yangon;Yangon-East;MMR;MMR013D002;MMR013;January;2019;0;0
Myanmar;Ayeyarwady;Pathein;MMR;MMR017D001;MMR017;January;2019;0;0
Myanmar;Ayeyarwady;Pyapon;MMR;MMR017D006;MMR017;January;2019;0;0
Myanmar;Bago-East;Taungoo;MMR;MMR007D002;MMR007;January;2019;0;0
Myanmar;Kayah;Loikaw;MMR;MMR002D001;MMR002;January;2019;1;2
Myanmar;Kayin;Kawkareik;MMR;MMR003D003;MMR003;January;2019;0;0
Myanmar;Magway;Thayet;MMR;MMR009D003;MMR009;January;2019;0;0
Myanmar;Mandalay;Kyaukse;MMR;MMR010D003;MMR010;January;2019;0;0
Myanmar;Rakhine;Kyaukpyu;MMR;MMR012D003;MMR012;January;2019;0;0
Myanmar;Shan-East;Monghsat;MMR;MMR016D002;MMR016;January;2019;0;0
Myanmar;Shan-South;Pa-O Self-Administered Zone;MMR;NA;NA;January;2019;0;0
Myanmar;Shan-South;Taunggyi;MMR;MMR014D001;MMR014;January;2019;0;0
Myanmar;Tanintharyi;Dawei;MMR;MMR006D001;MMR006;January;2019;1;0
Myanmar;Yangon;Yangon-North;MMR;MMR013D001;MMR013;January;2019;0;0
Myanmar;Bago-West;Pyay;MMR;MMR008D001;MMR008;January;2019;0;0
Myanmar;Chin;Mindat;MMR;MMR004D002;MMR004;January;2019;0;0
Myanmar;Kachin;Bhamo;MMR;MMR001D003;MMR001;January;2019;0;0
Myanmar;Kachin;Myitkyina;MMR;MMR001D001;MMR001;January;2019;1;0
Myanmar;Magway;Gangaw;MMR;MMR009D005;MMR009;January;2019;0;0
Myanmar;Nay Pyi Taw;Oke Ta Ra;MMR;MMR018D001;MMR018;January;2019;0;0
Myanmar;Rakhine;Thandwe;MMR;MMR012D004;MMR012;January;2019;0;0
Myanmar;Shan-East;Kengtung;MMR;MMR016D001;MMR016;January;2019;0;0
Myanmar;Shan-North;Mongmit;MMR;MMR015D008;MMR015;January;2019;0;0
Myanmar;Yangon;Yangon-South;MMR;MMR013D003;MMR013;January;2019;0;0
Myanmar;Ayeyarwady;Labutta;MMR;MMR017D004;MMR017;January;2019;0;0
Myanmar;Ayeyarwady;Maubin;MMR;MMR017D005;MMR017;January;2019;0;0
Myanmar;Magway;Pakokku;MMR;MMR009D004;MMR009;January;2019;0;0
Myanmar;Mandalay;Myingyan;MMR;MMR010D004;MMR010;January;2019;0;0
Myanmar;Rakhine;Maungdaw;MMR;MMR012D002;MMR012;January;2019;20;23
Myanmar;Rakhine;Mrauk-U;MMR;MMR012D005;MMR012;January;2019;5;0
Myanmar;Shan-North;Hopang;MMR;MMR015D006;MMR015;January;2019;0;0
Myanmar;Shan-North;Kokang Self-Administered Zone;MMR;MMR015D221;MMR015;January;2019;0;0
Myanmar;Shan-North;Muse;MMR;MMR015D002;MMR015;January;2019;2;0
Myanmar;Sagaing;Kale;MMR;MMR005D005;MMR005;January;2019;0;0
Myanmar;Sagaing;Sagaing;MMR;MMR005D001;MMR005;January;2019;0;0
Myanmar;Bago-East;Bago;MMR;MMR007D001;MMR007;January;2019;0;0
Myanmar;Chin;Hakha;MMR;MMR004D003;MMR004;January;2019;0;0
Myanmar;Kachin;Mohnyin;MMR;MMR001D002;MMR001;January;2019;0;0
Myanmar;Kachin;Puta-O;MMR;MMR001D004;MMR001;January;2019;0;0
Myanmar;Kayin;Hpa-An;MMR;MMR003D001;MMR003;January;2019;0;0
Myanmar;Kayin;Myawaddy;MMR;MMR003D002;MMR003;January;2019;1;3
Myanmar;Mandalay;Mandalay;MMR;MMR010D001;MMR010;January;2019;1;0
Myanmar;Mandalay;Meiktila;MMR;MMR010D007;MMR010;January;2019;0;0
Myanmar;Sagaing;Kawlin;MMR;MMR005D011;MMR005;January;2019;0;0
Myanmar;Sagaing;Naga Self-Administered Zone;MMR;NA;NA;January;2019;0;0
Myanmar;Shan-South;Langkho;MMR;MMR014D003;MMR014;January;2019;0;0
Myanmar;Shan-South;Loilen;MMR;MMR014D002;MMR014;January;2019;0;0
Myanmar;Chin;Falam;MMR;MMR004D001;MMR004;January;2019;0;0
Myanmar;Kayin;Hpapun;MMR;MMR003D004;MMR003;January;2019;4;1
Myanmar;Mandalay;Nyaung-U;MMR;MMR010D005;MMR010;January;2019;0;0
Myanmar;Mon;Thaton;MMR;MMR011D002;MMR011;January;2019;0;0
Myanmar;Rakhine;Sittwe;MMR;MMR012D001;MMR012;January;2019;8;22
Myanmar;Sagaing;Mawlaik;MMR;MMR005D007;MMR005;January;2019;0;0
Myanmar;Sagaing;Monywa;MMR;MMR005D003;MMR005;January;2019;0;0
Myanmar;Sagaing;Yinmarbin;MMR;MMR005D009;MMR005;January;2019;0;0
Myanmar;Shan-East;Tachileik;MMR;MMR016D003;MMR016;January;2019;1;1
Myanmar;Tanintharyi;Kawthoung;MMR;MMR006D003;MMR006;January;2019;0;0
Myanmar;Yangon;Yangon-West;MMR;MMR013D004;MMR013;January;2019;0;0
Myanmar;Ayeyarwady;Hinthada;MMR;MMR017D002;MMR017;January;2019;0;0
Myanmar;Bago-West;Thayarwady;MMR;MMR008D002;MMR008;January;2019;0;0
Myanmar;Kayah;Bawlake;MMR;MMR002D002;MMR002;January;2019;0;0
Myanmar;Mandalay;Pyinoolwin;MMR;MMR010D002;MMR010;January;2019;0;0
Myanmar;Mandalay;Yamethin;MMR;MMR010D006;MMR010;January;2019;0;0
Myanmar;Mon;Mawlamyine;MMR;MMR011D001;MMR011;January;2019;1;0
Myanmar;Nay Pyi Taw;Det Khi Na;MMR;MMR018D002;MMR018;January;2019;0;0
Myanmar;Sagaing;Kanbalu;MMR;MMR005D010;MMR005;January;2019;0;0
Myanmar;Shan-North;Lashio;MMR;MMR015D001;MMR015;January;2019;4;1
Myanmar;Shan-South;Danu Self-Administered Zone;MMR;NA;NA;January;2019;0;0
Myanmar;Tanintharyi;Myeik;MMR;MMR006D002;MMR006;January;2019;0;0
Myanmar;Ayeyarwady;Myaungmya;MMR;MMR017D003;MMR017;February;2019;0;0
Myanmar;Chin;Matupi;MMR;MMR004D004;MMR004;February;2019;6;16
Myanmar;Magway;Magway;MMR;MMR009D001;MMR009;February;2019;0;0
Myanmar;Magway;Minbu;MMR;MMR009D002;MMR009;February;2019;0;0
Myanmar;Sagaing;Hkamti;MMR;MMR005D008;MMR005;February;2019;0;0
Myanmar;Sagaing;Katha;MMR;MMR005D004;MMR005;February;2019;0;0
Myanmar;Sagaing;Shwebo;MMR;MMR005D002;MMR005;February;2019;0;0
Myanmar;Sagaing;Tamu;MMR;MMR005D006;MMR005;February;2019;0;0
Myanmar;Shan-North;Kyaukme;MMR;NA;NA;February;2019;13;5
Myanmar;Shan-North;Matman;MMR;MMR015D007;MMR015;February;2019;0;0
Myanmar;Shan-North;Pa Laung Self-Administered Zone;MMR;NA;NA;February;2019;0;0
Myanmar;Yangon;Yangon-East;MMR;MMR013D002;MMR013;February;2019;0;0
Myanmar;Ayeyarwady;Pathein;MMR;MMR017D001;MMR017;February;2019;0;0
Myanmar;Ayeyarwady;Pyapon;MMR;MMR017D006;MMR017;February;2019;0;0
Myanmar;Bago-East;Taungoo;MMR;MMR007D002;MMR007;February;2019;0;0
Myanmar;Kayah;Loikaw;MMR;MMR002D001;MMR002;February;2019;0;0
Myanmar;Kayin;Kawkareik;MMR;MMR003D003;MMR003;February;2019;0;0
Myanmar;Magway;Thayet;MMR;MMR009D003;MMR009;February;2019;0;0
Myanmar;Mandalay;Kyaukse;MMR;MMR010D003;MMR010;February;2019;0;0
Myanmar;Rakhine;Kyaukpyu;MMR;MMR012D003;MMR012;February;2019;3;1
Myanmar;Shan-East;Monghsat;MMR;MMR016D002;MMR016;February;2019;2;0
Myanmar;Shan-South;Pa-O Self-Administered Zone;MMR;NA;NA;February;2019;0;0
Myanmar;Shan-South;Taunggyi;MMR;MMR014D001;MMR014;February;2019;0;0
Myanmar;Tanintharyi;Dawei;MMR;MMR006D001;MMR006;February;2019;0;0
Myanmar;Yangon;Yangon-North;MMR;MMR013D001;MMR013;February;2019;0;0
Myanmar;Bago-West;Pyay;MMR;MMR008D001;MMR008;February;2019;0;0
Myanmar;Chin;Mindat;MMR;MMR004D002;MMR004;February;2019;0;0
Myanmar;Kachin;Bhamo;MMR;MMR001D003;MMR001;February;2019;0;0
Myanmar;Kachin;Myitkyina;MMR;MMR001D001;MMR001;February;2019;1;0
Myanmar;Magway;Gangaw;MMR;MMR009D005;MMR009;February;2019;0;0
Myanmar;Nay Pyi Taw;Oke Ta Ra;MMR;MMR018D001;MMR018;February;2019;0;0
Myanmar;Rakhine;Thandwe;MMR;MMR012D004;MMR012;February;2019;0;0
Myanmar;Shan-East;Kengtung;MMR;MMR016D001;MMR016;February;2019;0;0
Myanmar;Shan-North;Mongmit;MMR;MMR015D008;MMR015;February;2019;0;0
Myanmar;Yangon;Yangon-South;MMR;MMR013D003;MMR013;February;2019;0;0
Myanmar;Ayeyarwady;Labutta;MMR;MMR017D004;MMR017;February;2019;0;0
Myanmar;Ayeyarwady;Maubin;MMR;MMR017D005;MMR017;February;2019;0;0
Myanmar;Magway;Pakokku;MMR;MMR009D004;MMR009;February;2019;0;0
Myanmar;Mandalay;Myingyan;MMR;MMR010D004;MMR010;February;2019;0;0
Myanmar;Rakhine;Maungdaw;MMR;MMR012D002;MMR012;February;2019;6;9
Myanmar;Rakhine;Mrauk-U;MMR;MMR012D005;MMR012;February;2019;25;13
Myanmar;Shan-North;Hopang;MMR;MMR015D006;MMR015;February;2019;0;0
Myanmar;Shan-North;Kokang Self-Administered Zone;MMR;MMR015D221;MMR015;February;2019;0;0
Myanmar;Shan-North;Muse;MMR;MMR015D002;MMR015;February;2019;1;1
Myanmar;Sagaing;Kale;MMR;MMR005D005;MMR005;February;2019;0;0
Myanmar;Sagaing;Sagaing;MMR;MMR005D001;MMR005;February;2019;0;0
Myanmar;Bago-East;Bago;MMR;MMR007D001;MMR007;February;2019;0;0
Myanmar;Chin;Hakha;MMR;MMR004D003;MMR004;February;2019;0;0
Myanmar;Kachin;Mohnyin;MMR;MMR001D002;MMR001;February;2019;1;1
Myanmar;Kachin;Puta-O;MMR;MMR001D004;MMR001;February;2019;0;0
Myanmar;Kayin;Hpa-An;MMR;MMR003D001;MMR003;February;2019;0;0
Myanmar;Kayin;Myawaddy;MMR;MMR003D002;MMR003;February;2019;0;0
Myanmar;Mandalay;Mandalay;MMR;MMR010D001;MMR010;February;2019;0;0
Myanmar;Mandalay;Meiktila;MMR;MMR010D007;MMR010;February;2019;0;0
Myanmar;Sagaing;Kawlin;MMR;MMR005D011;MMR005;February;2019;0;0
Myanmar;Sagaing;Naga Self-Administered Zone;MMR;NA;NA;February;2019;1;1
Myanmar;Shan-South;Langkho;MMR;MMR014D003;MMR014;February;2019;0;0
Myanmar;Shan-South;Loilen;MMR;MMR014D002;MMR014;February;2019;2;0
Myanmar;Chin;Falam;MMR;MMR004D001;MMR004;February;2019;0;0
Myanmar;Kayin;Hpapun;MMR;MMR003D004;MMR003;February;2019;0;0
Myanmar;Mandalay;Nyaung-U;MMR;MMR010D005;MMR010;February;2019;0;0
Myanmar;Mon;Thaton;MMR;MMR011D002;MMR011;February;2019;0;0
Myanmar;Rakhine;Sittwe;MMR;MMR012D001;MMR012;February;2019;7;9
Myanmar;Sagaing;Mawlaik;MMR;MMR005D007;MMR005;February;2019;0;0
Myanmar;Sagaing;Monywa;MMR;MMR005D003;MMR005;February;2019;0;0
Myanmar;Sagaing;Yinmarbin;MMR;MMR005D009;MMR005;February;2019;0;0
Myanmar;Shan-East;Tachileik;MMR;MMR016D003;MMR016;February;2019;0;0
Myanmar;Tanintharyi;Kawthoung;MMR;MMR006D003;MMR006;February;2019;0;0
Myanmar;Yangon;Yangon-West;MMR;MMR013D004;MMR013;February;2019;0;0
Myanmar;Ayeyarwady;Hinthada;MMR;MMR017D002;MMR017;February;2019;0;0
Myanmar;Bago-West;Thayarwady;MMR;MMR008D002;MMR008;February;2019;0;0
Myanmar;Kayah;Bawlake;MMR;MMR002D002;MMR002;February;2019;0;0
Myanmar;Mandalay;Pyinoolwin;MMR;MMR010D002;MMR010;February;2019;0;0
Myanmar;Mandalay;Yamethin;MMR;MMR010D006;MMR010;February;2019;0;0
Myanmar;Mon;Mawlamyine;MMR;MMR011D001;MMR011;February;2019;0;0
Myanmar;Nay Pyi Taw;Det Khi Na;MMR;MMR018D002;MMR018;February;2019;0;0
Myanmar;Sagaing;Kanbalu;MMR;MMR005D010;MMR005;February;2019;0;0
Myanmar;Shan-North;Lashio;MMR;MMR015D001;MMR015;February;2019;2;0
Myanmar;Shan-South;Danu Self-Administered Zone;MMR;NA;NA;February;2019;0;0
Myanmar;Tanintharyi;Myeik;MMR;MMR006D002;MMR006;February;2019;0;0
Myanmar;Ayeyarwady;Myaungmya;MMR;MMR017D003;MMR017;March;2019;0;0
Myanmar;Chin;Matupi;MMR;MMR004D004;MMR004;March;2019;9;15
Myanmar;Magway;Magway;MMR;MMR009D001;MMR009;March;2019;0;0
Myanmar;Magway;Minbu;MMR;MMR009D002;MMR009;March;2019;0;0
Myanmar;Sagaing;Hkamti;MMR;MMR005D008;MMR005;March;2019;0;0
Myanmar;Sagaing;Katha;MMR;MMR005D004;MMR005;March;2019;0;0
Myanmar;Sagaing;Shwebo;MMR;MMR005D002;MMR005;March;2019;0;0
Myanmar;Sagaing;Tamu;MMR;MMR005D006;MMR005;March;2019;0;0
Myanmar;Shan-North;Kyaukme;MMR;NA;NA;March;2019;25;6
Myanmar;Shan-North;Matman;MMR;MMR015D007;MMR015;March;2019;0;0
Myanmar;Shan-North;Pa Laung Self-Administered Zone;MMR;NA;NA;March;2019;0;0
Myanmar;Yangon;Yangon-East;MMR;MMR013D002;MMR013;March;2019;0;0
Myanmar;Ayeyarwady;Pathein;MMR;MMR017D001;MMR017;March;2019;0;0
Myanmar;Ayeyarwady;Pyapon;MMR;MMR017D006;MMR017;March;2019;0;0
Myanmar;Bago-East;Taungoo;MMR;MMR007D002;MMR007;March;2019;0;0
Myanmar;Kayah;Loikaw;MMR;MMR002D001;MMR002;March;2019;0;0
Myanmar;Kayin;Kawkareik;MMR;MMR003D003;MMR003;March;2019;0;0
Myanmar;Magway;Thayet;MMR;MMR009D003;MMR009;March;2019;0;0
Myanmar;Mandalay;Kyaukse;MMR;MMR010D003;MMR010;March;2019;0;0
Myanmar;Rakhine;Kyaukpyu;MMR;MMR012D003;MMR012;March;2019;0;0
Myanmar;Shan-East;Monghsat;MMR;MMR016D002;MMR016;March;2019;0;0
Myanmar;Shan-South;Pa-O Self-Administered Zone;MMR;NA;NA;March;2019;1;2
Myanmar;Shan-South;Taunggyi;MMR;MMR014D001;MMR014;March;2019;0;0
Myanmar;Tanintharyi;Dawei;MMR;MMR006D001;MMR006;March;2019;0;0
Myanmar;Yangon;Yangon-North;MMR;MMR013D001;MMR013;March;2019;0;0
Myanmar;Bago-West;Pyay;MMR;MMR008D001;MMR008;March;2019;0;0
Myanmar;Chin;Mindat;MMR;MMR004D002;MMR004;March;2019;0;0
Myanmar;Kachin;Bhamo;MMR;MMR001D003;MMR001;March;2019;1;0
Myanmar;Kachin;Myitkyina;MMR;MMR001D001;MMR001;March;2019;0;0
Myanmar;Magway;Gangaw;MMR;MMR009D005;MMR009;March;2019;0;0
Myanmar;Nay Pyi Taw;Oke Ta Ra;MMR;MMR018D001;MMR018;March;2019;0;0
Myanmar;Rakhine;Thandwe;MMR;MMR012D004;MMR012;March;2019;0;0
Myanmar;Shan-East;Kengtung;MMR;MMR016D001;MMR016;March;2019;0;0
Myanmar;Shan-North;Mongmit;MMR;MMR015D008;MMR015;March;2019;0;0
Myanmar;Yangon;Yangon-South;MMR;MMR013D003;MMR013;March;2019;0;0
Myanmar;Ayeyarwady;Labutta;MMR;MMR017D004;MMR017;March;2019;0;0
Myanmar;Ayeyarwady;Maubin;MMR;MMR017D005;MMR017;March;2019;0;0
Myanmar;Magway;Pakokku;MMR;MMR009D004;MMR009;March;2019;0;0
Myanmar;Mandalay;Myingyan;MMR;MMR010D004;MMR010;March;2019;0;0
Myanmar;Rakhine;Maungdaw;MMR;MMR012D002;MMR012;March;2019;17;10
Myanmar;Rakhine;Mrauk-U;MMR;MMR012D005;MMR012;March;2019;43;74
Myanmar;Shan-North;Hopang;MMR;MMR015D006;MMR015;March;2019;0;0
Myanmar;Shan-North;Kokang Self-Administered Zone;MMR;MMR015D221;MMR015;March;2019;0;0
Myanmar;Shan-North;Muse;MMR;MMR015D002;MMR015;March;2019;11;0
Myanmar;Sagaing;Kale;MMR;MMR005D005;MMR005;March;2019;0;0
Myanmar;Sagaing;Sagaing;MMR;MMR005D001;MMR005;March;2019;0;0
Myanmar;Bago-East;Bago;MMR;MMR007D001;MMR007;March;2019;0;0
Myanmar;Chin;Hakha;MMR;MMR004D003;MMR004;March;2019;0;0
Myanmar;Kachin;Mohnyin;MMR;MMR001D002;MMR001;March;2019;3;0
Myanmar;Kachin;Puta-O;MMR;MMR001D004;MMR001;March;2019;0;0
Myanmar;Kayin;Hpa-An;MMR;MMR003D001;MMR003;March;2019;0;0
Myanmar;Kayin;Myawaddy;MMR;MMR003D002;MMR003;March;2019;0;0
Myanmar;Mandalay;Mandalay;MMR;MMR010D001;MMR010;March;2019;0;0
Myanmar;Mandalay;Meiktila;MMR;MMR010D007;MMR010;March;2019;0;0
Myanmar;Sagaing;Kawlin;MMR;MMR005D011;MMR005;March;2019;0;0
Myanmar;Sagaing;Naga Self-Administered Zone;MMR;NA;NA;March;2019;1;20
Myanmar;Shan-South;Langkho;MMR;MMR014D003;MMR014;March;2019;0;0
Myanmar;Shan-South;Loilen;MMR;MMR014D002;MMR014;March;2019;0;0
Myanmar;Chin;Falam;MMR;MMR004D001;MMR004;March;2019;0;0
Myanmar;Kayin;Hpapun;MMR;MMR003D004;MMR003;March;2019;0;0
Myanmar;Mandalay;Nyaung-U;MMR;MMR010D005;MMR010;March;2019;0;0
Myanmar;Mon;Thaton;MMR;MMR011D002;MMR011;March;2019;0;0
Myanmar;Rakhine;Sittwe;MMR;MMR012D001;MMR012;March;2019;17;14
Myanmar;Sagaing;Mawlaik;MMR;MMR005D007;MMR005;March;2019;0;0
Myanmar;Sagaing;Monywa;MMR;MMR005D003;MMR005;March;2019;0;0
Myanmar;Sagaing;Yinmarbin;MMR;MMR005D009;MMR005;March;2019;0;0
Myanmar;Shan-East;Tachileik;MMR;MMR016D003;MMR016;March;2019;0;0
Myanmar;Tanintharyi;Kawthoung;MMR;MMR006D003;MMR006;March;2019;0;0
Myanmar;Yangon;Yangon-West;MMR;MMR013D004;MMR013;March;2019;0;0
Myanmar;Ayeyarwady;Hinthada;MMR;MMR017D002;MMR017;March;2019;0;0
Myanmar;Bago-West;Thayarwady;MMR;MMR008D002;MMR008;March;2019;0;0
Myanmar;Kayah;Bawlake;MMR;MMR002D002;MMR002;March;2019;0;0
Myanmar;Mandalay;Pyinoolwin;MMR;MMR010D002;MMR010;March;2019;1;0
Myanmar;Mandalay;Yamethin;MMR;MMR010D006;MMR010;March;2019;0;0
Myanmar;Mon;Mawlamyine;MMR;MMR011D001;MMR011;March;2019;0;0
Myanmar;Nay Pyi Taw;Det Khi Na;MMR;MMR018D002;MMR018;March;2019;0;0
Myanmar;Sagaing;Kanbalu;MMR;MMR005D010;MMR005;March;2019;0;0
Myanmar;Shan-North;Lashio;MMR;MMR015D001;MMR015;March;2019;1;0
Myanmar;Shan-South;Danu Self-Administered Zone;MMR;NA;NA;March;2019;0;0
Myanmar;Tanintharyi;Myeik;MMR;MMR006D002;MMR006;March;2019;0;0
Myanmar;Ayeyarwady;Myaungmya;MMR;MMR017D003;MMR017;April;2019;0;0
Myanmar;Chin;Matupi;MMR;MMR004D004;MMR004;April;2019;2;0
Myanmar;Magway;Magway;MMR;MMR009D001;MMR009;April;2019;0;0
Myanmar;Magway;Minbu;MMR;MMR009D002;MMR009;April;2019;0;0
Myanmar;Sagaing;Hkamti;MMR;MMR005D008;MMR005;April;2019;0;0
Myanmar;Sagaing;Katha;MMR;MMR005D004;MMR005;April;2019;0;0
Myanmar;Sagaing;Shwebo;MMR;MMR005D002;MMR005;April;2019;0;0
Myanmar;Sagaing;Tamu;MMR;MMR005D006;MMR005;April;2019;0;0
Myanmar;Shan-North;Kyaukme;MMR;NA;NA;April;2019;2;0
Myanmar;Shan-North;Matman;MMR;MMR015D007;MMR015;April;2019;0;0
Myanmar;Shan-North;Pa Laung Self-Administered Zone;MMR;NA;NA;April;2019;0;0
Myanmar;Yangon;Yangon-East;MMR;MMR013D002;MMR013;April;2019;0;0
Myanmar;Ayeyarwady;Pathein;MMR;MMR017D001;MMR017;April;2019;0;0
Myanmar;Ayeyarwady;Pyapon;MMR;MMR017D006;MMR017;April;2019;0;0
Myanmar;Bago-East;Taungoo;MMR;MMR007D002;MMR007;April;2019;0;0
Myanmar;Kayah;Loikaw;MMR;MMR002D001;MMR002;April;2019;0;0
Myanmar;Kayin;Kawkareik;MMR;MMR003D003;MMR003;April;2019;2;7
Myanmar;Magway;Thayet;MMR;MMR009D003;MMR009;April;2019;0;0
Myanmar;Mandalay;Kyaukse;MMR;MMR010D003;MMR010;April;2019;0;0
Myanmar;Rakhine;Kyaukpyu;MMR;MMR012D003;MMR012;April;2019;1;1
Myanmar;Shan-East;Monghsat;MMR;MMR016D002;MMR016;April;2019;0;0
Myanmar;Shan-South;Pa-O Self-Administered Zone;MMR;NA;NA;April;2019;0;0
Myanmar;Shan-South;Taunggyi;MMR;MMR014D001;MMR014;April;2019;0;0
Myanmar;Tanintharyi;Dawei;MMR;MMR006D001;MMR006;April;2019;1;0
Myanmar;Yangon;Yangon-North;MMR;MMR013D001;MMR013;April;2019;0;0
Myanmar;Bago-West;Pyay;MMR;MMR008D001;MMR008;April;2019;0;0
Myanmar;Chin;Mindat;MMR;MMR004D002;MMR004;April;2019;0;0
Myanmar;Kachin;Bhamo;MMR;MMR001D003;MMR001;April;2019;1;0
Myanmar;Kachin;Myitkyina;MMR;MMR001D001;MMR001;April;2019;0;0
Myanmar;Magway;Gangaw;MMR;MMR009D005;MMR009;April;2019;0;0
Myanmar;Nay Pyi Taw;Oke Ta Ra;MMR;MMR018D001;MMR018;April;2019;0;0
Myanmar;Rakhine;Thandwe;MMR;MMR012D004;MMR012;April;2019;0;0
Myanmar;Shan-East;Kengtung;MMR;MMR016D001;MMR016;April;2019;0;0
Myanmar;Shan-North;Mongmit;MMR;MMR015D008;MMR015;April;2019;0;0
Myanmar;Yangon;Yangon-South;MMR;MMR013D003;MMR013;April;2019;0;0
Myanmar;Ayeyarwady;Labutta;MMR;MMR017D004;MMR017;April;2019;0;0
Myanmar;Ayeyarwady;Maubin;MMR;MMR017D005;MMR017;April;2019;0;0
Myanmar;Magway;Pakokku;MMR;MMR009D004;MMR009;April;2019;0;0
Myanmar;Mandalay;Myingyan;MMR;MMR010D004;MMR010;April;2019;1;0
Myanmar;Rakhine;Maungdaw;MMR;MMR012D002;MMR012;April;2019;11;40
Myanmar;Rakhine;Mrauk-U;MMR;MMR012D005;MMR012;April;2019;20;44
Myanmar;Shan-North;Hopang;MMR;MMR015D006;MMR015;April;2019;0;0
Myanmar;Shan-North;Kokang Self-Administered Zone;MMR;MMR015D221;MMR015;April;2019;0;0
Myanmar;Shan-North;Muse;MMR;MMR015D002;MMR015;April;2019;21;5
Myanmar;Sagaing;Kale;MMR;MMR005D005;MMR005;April;2019;0;0
Myanmar;Sagaing;Sagaing;MMR;MMR005D001;MMR005;April;2019;0;0
Myanmar;Bago-East;Bago;MMR;MMR007D001;MMR007;April;2019;0;0
Myanmar;Chin;Hakha;MMR;MMR004D003;MMR004;April;2019;0;0
Myanmar;Kachin;Mohnyin;MMR;MMR001D002;MMR001;April;2019;1;0
Myanmar;Kachin;Puta-O;MMR;MMR001D004;MMR001;April;2019;0;0
Myanmar;Kayin;Hpa-An;MMR;MMR003D001;MMR003;April;2019;0;0
Myanmar;Kayin;Myawaddy;MMR;MMR003D002;MMR003;April;2019;0;0
Myanmar;Mandalay;Mandalay;MMR;MMR010D001;MMR010;April;2019;0;0
Myanmar;Mandalay;Meiktila;MMR;MMR010D007;MMR010;April;2019;0;0
Myanmar;Sagaing;Kawlin;MMR;MMR005D011;MMR005;April;2019;0;0
Myanmar;Sagaing;Naga Self-Administered Zone;MMR;NA;NA;April;2019;1;3
Myanmar;Shan-South;Langkho;MMR;MMR014D003;MMR014;April;2019;0;0
Myanmar;Shan-South;Loilen;MMR;MMR014D002;MMR014;April;2019;0;0
Myanmar;Chin;Falam;MMR;MMR004D001;MMR004;April;2019;0;0
Myanmar;Kayin;Hpapun;MMR;MMR003D004;MMR003;April;2019;0;0
Myanmar;Mandalay;Nyaung-U;MMR;MMR010D005;MMR010;April;2019;0;0
Myanmar;Mon;Thaton;MMR;MMR011D002;MMR011;April;2019;0;0
Myanmar;Rakhine;Sittwe;MMR;MMR012D001;MMR012;April;2019;6;4
Myanmar;Sagaing;Mawlaik;MMR;MMR005D007;MMR005;April;2019;0;0
Myanmar;Sagaing;Monywa;MMR;MMR005D003;MMR005;April;2019;0;0
Myanmar;Sagaing;Yinmarbin;MMR;MMR005D009;MMR005;April;2019;0;0
Myanmar;Shan-East;Tachileik;MMR;MMR016D003;MMR016;April;2019;0;0
Myanmar;Tanintharyi;Kawthoung;MMR;MMR006D003;MMR006;April;2019;0;0
Myanmar;Yangon;Yangon-West;MMR;MMR013D004;MMR013;April;2019;0;0
Myanmar;Ayeyarwady;Hinthada;MMR;MMR017D002;MMR017;April;2019;0;0
Myanmar;Bago-West;Thayarwady;MMR;MMR008D002;MMR008;April;2019;0;0
Myanmar;Kayah;Bawlake;MMR;MMR002D002;MMR002;April;2019;0;0
Myanmar;Mandalay;Pyinoolwin;MMR;MMR010D002;MMR010;April;2019;0;0
Myanmar;Mandalay;Yamethin;MMR;MMR010D006;MMR010;April;2019;0;0
Myanmar;Mon;Mawlamyine;MMR;MMR011D001;MMR011;April;2019;0;0
Myanmar;Nay Pyi Taw;Det Khi Na;MMR;MMR018D002;MMR018;April;2019;0;0
Myanmar;Sagaing;Kanbalu;MMR;MMR005D010;MMR005;April;2019;0;0
Myanmar;Shan-North;Lashio;MMR;MMR015D001;MMR015;April;2019;0;0
Myanmar;Shan-South;Danu Self-Administered Zone;MMR;NA;NA;April;2019;0;0
Myanmar;Tanintharyi;Myeik;MMR;MMR006D002;MMR006;April;2019;0;0
Myanmar;Ayeyarwady;Myaungmya;MMR;MMR017D003;MMR017;May;2019;0;0
Myanmar;Chin;Matupi;MMR;MMR004D004;MMR004;May;2019;6;54
Myanmar;Magway;Magway;MMR;MMR009D001;MMR009;May;2019;0;0
Myanmar;Magway;Minbu;MMR;MMR009D002;MMR009;May;2019;0;0
Myanmar;Sagaing;Hkamti;MMR;MMR005D008;MMR005;May;2019;0;0
Myanmar;Sagaing;Katha;MMR;MMR005D004;MMR005;May;2019;0;0
Myanmar;Sagaing;Shwebo;MMR;MMR005D002;MMR005;May;2019;1;4
Myanmar;Sagaing;Tamu;MMR;MMR005D006;MMR005;May;2019;0;0
Myanmar;Shan-North;Kyaukme;MMR;NA;NA;May;2019;6;4
Myanmar;Shan-North;Matman;MMR;MMR015D007;MMR015;May;2019;0;0
Myanmar;Shan-North;Pa Laung Self-Administered Zone;MMR;NA;NA;May;2019;1;0
Myanmar;Yangon;Yangon-East;MMR;MMR013D002;MMR013;May;2019;1;0
Myanmar;Ayeyarwady;Pathein;MMR;MMR017D001;MMR017;May;2019;0;0
Myanmar;Ayeyarwady;Pyapon;MMR;MMR017D006;MMR017;May;2019;0;0
Myanmar;Bago-East;Taungoo;MMR;MMR007D002;MMR007;May;2019;0;0
Myanmar;Kayah;Loikaw;MMR;MMR002D001;MMR002;May;2019;0;0
Myanmar;Kayin;Kawkareik;MMR;MMR003D003;MMR003;May;2019;0;0
Myanmar;Magway;Thayet;MMR;MMR009D003;MMR009;May;2019;0;0
Myanmar;Mandalay;Kyaukse;MMR;MMR010D003;MMR010;May;2019;0;0
Myanmar;Rakhine;Kyaukpyu;MMR;MMR012D003;MMR012;May;2019;1;3
Myanmar;Shan-East;Monghsat;MMR;MMR016D002;MMR016;May;2019;0;0
Myanmar;Shan-South;Pa-O Self-Administered Zone;MMR;NA;NA;May;2019;0;0
Myanmar;Shan-South;Taunggyi;MMR;MMR014D001;MMR014;May;2019;0;0
Myanmar;Tanintharyi;Dawei;MMR;MMR006D001;MMR006;May;2019;0;0
Myanmar;Yangon;Yangon-North;MMR;MMR013D001;MMR013;May;2019;0;0
Myanmar;Bago-West;Pyay;MMR;MMR008D001;MMR008;May;2019;0;0
Myanmar;Chin;Mindat;MMR;MMR004D002;MMR004;May;2019;0;0
Myanmar;Kachin;Bhamo;MMR;MMR001D003;MMR001;May;2019;0;0
Myanmar;Kachin;Myitkyina;MMR;MMR001D001;MMR001;May;2019;0;0
Myanmar;Magway;Gangaw;MMR;MMR009D005;MMR009;May;2019;0;0
Myanmar;Nay Pyi Taw;Oke Ta Ra;MMR;MMR018D001;MMR018;May;2019;0;0
Myanmar;Rakhine;Thandwe;MMR;MMR012D004;MMR012;May;2019;0;0
Myanmar;Shan-East;Kengtung;MMR;MMR016D001;MMR016;May;2019;0;0
Myanmar;Shan-North;Mongmit;MMR;MMR015D008;MMR015;May;2019;1;0
Myanmar;Yangon;Yangon-South;MMR;MMR013D003;MMR013;May;2019;0;0
Myanmar;Ayeyarwady;Labutta;MMR;MMR017D004;MMR017;May;2019;0;0
Myanmar;Ayeyarwady;Maubin;MMR;MMR017D005;MMR017;May;2019;0;0
Myanmar;Magway;Pakokku;MMR;MMR009D004;MMR009;May;2019;0;0
Myanmar;Mandalay;Myingyan;MMR;MMR010D004;MMR010;May;2019;0;0
Myanmar;Rakhine;Maungdaw;MMR;MMR012D002;MMR012;May;2019;8;25
Myanmar;Rakhine;Mrauk-U;MMR;MMR012D005;MMR012;May;2019;30;102
Myanmar;Shan-North;Hopang;MMR;MMR015D006;MMR015;May;2019;0;0
Myanmar;Shan-North;Kokang Self-Administered Zone;MMR;MMR015D221;MMR015;May;2019;0;0
Myanmar;Shan-North;Muse;MMR;MMR015D002;MMR015;May;2019;3;0
Myanmar;Sagaing;Kale;MMR;MMR005D005;MMR005;May;2019;0;0
Myanmar;Sagaing;Sagaing;MMR;MMR005D001;MMR005;May;2019;0;0
Myanmar;Bago-East;Bago;MMR;MMR007D001;MMR007;May;2019;0;0
Myanmar;Chin;Hakha;MMR;MMR004D003;MMR004;May;2019;0;0
Myanmar;Kachin;Mohnyin;MMR;MMR001D002;MMR001;May;2019;0;0
Myanmar;Kachin;Puta-O;MMR;MMR001D004;MMR001;May;2019;0;0
Myanmar;Kayin;Hpa-An;MMR;MMR003D001;MMR003;May;2019;0;0
Myanmar;Kayin;Myawaddy;MMR;MMR003D002;MMR003;May;2019;0;0
Myanmar;Mandalay;Mandalay;MMR;MMR010D001;MMR010;May;2019;1;0
Myanmar;Mandalay;Meiktila;MMR;MMR010D007;MMR010;May;2019;0;0
Myanmar;Sagaing;Kawlin;MMR;MMR005D011;MMR005;May;2019;0;0
Myanmar;Sagaing;Naga Self-Administered Zone;MMR;NA;NA;May;2019;3;1
Myanmar;Shan-South;Langkho;MMR;MMR014D003;MMR014;May;2019;1;1
Myanmar;Shan-South;Loilen;MMR;MMR014D002;MMR014;May;2019;0;0
Myanmar;Chin;Falam;MMR;MMR004D001;MMR004;May;2019;0;0
Myanmar;Kayin;Hpapun;MMR;MMR003D004;MMR003;May;2019;0;0
Myanmar;Mandalay;Nyaung-U;MMR;MMR010D005;MMR010;May;2019;0;0
Myanmar;Mon;Thaton;MMR;MMR011D002;MMR011;May;2019;0;0
Myanmar;Rakhine;Sittwe;MMR;MMR012D001;MMR012;May;2019;7;34
Myanmar;Sagaing;Mawlaik;MMR;MMR005D007;MMR005;May;2019;0;0
Myanmar;Sagaing;Monywa;MMR;MMR005D003;MMR005;May;2019;0;0
Myanmar;Sagaing;Yinmarbin;MMR;MMR005D009;MMR005;May;2019;0;0
Myanmar;Shan-East;Tachileik;MMR;MMR016D003;MMR016;May;2019;1;0
Myanmar;Tanintharyi;Kawthoung;MMR;MMR006D003;MMR006;May;2019;0;0
Myanmar;Yangon;Yangon-West;MMR;MMR013D004;MMR013;May;2019;1;0
Myanmar;Ayeyarwady;Hinthada;MMR;MMR017D002;MMR017;May;2019;0;0
Myanmar;Bago-West;Thayarwady;MMR;MMR008D002;MMR008;May;2019;0;0
Myanmar;Kayah;Bawlake;MMR;MMR002D002;MMR002;May;2019;0;0
Myanmar;Mandalay;Pyinoolwin;MMR;MMR010D002;MMR010;May;2019;0;0
Myanmar;Mandalay;Yamethin;MMR;MMR010D006;MMR010;May;2019;0;0
Myanmar;Mon;Mawlamyine;MMR;MMR011D001;MMR011;May;2019;3;1
Myanmar;Nay Pyi Taw;Det Khi Na;MMR;MMR018D002;MMR018;May;2019;0;0
Myanmar;Sagaing;Kanbalu;MMR;MMR005D010;MMR005;May;2019;0;0
Myanmar;Shan-North;Lashio;MMR;MMR015D001;MMR015;May;2019;0;0
Myanmar;Shan-South;Danu Self-Administered Zone;MMR;NA;NA;May;2019;0;0
Myanmar;Tanintharyi;Myeik;MMR;MMR006D002;MMR006;May;2019;0;0
Myanmar;Ayeyarwady;Myaungmya;MMR;MMR017D003;MMR017;June;2019;0;0
Myanmar;Chin;Matupi;MMR;MMR004D004;MMR004;June;2019;7;0
Myanmar;Magway;Magway;MMR;MMR009D001;MMR009;June;2019;0;0
Myanmar;Magway;Minbu;MMR;MMR009D002;MMR009;June;2019;0;0
Myanmar;Sagaing;Hkamti;MMR;MMR005D008;MMR005;June;2019;0;0
Myanmar;Sagaing;Katha;MMR;MMR005D004;MMR005;June;2019;0;0
Myanmar;Sagaing;Shwebo;MMR;MMR005D002;MMR005;June;2019;0;0
Myanmar;Sagaing;Tamu;MMR;MMR005D006;MMR005;June;2019;1;0
Myanmar;Shan-North;Kyaukme;MMR;NA;NA;June;2019;3;2
Myanmar;Shan-North;Matman;MMR;MMR015D007;MMR015;June;2019;0;0
Myanmar;Shan-North;Pa Laung Self-Administered Zone;MMR;NA;NA;June;2019;2;0
Myanmar;Yangon;Yangon-East;MMR;MMR013D002;MMR013;June;2019;0;0
Myanmar;Ayeyarwady;Pathein;MMR;MMR017D001;MMR017;June;2019;1;0
Myanmar;Ayeyarwady;Pyapon;MMR;MMR017D006;MMR017;June;2019;0;0
Myanmar;Bago-East;Taungoo;MMR;MMR007D002;MMR007;June;2019;0;0
Myanmar;Kayah;Loikaw;MMR;MMR002D001;MMR002;June;2019;0;0
Myanmar;Kayin;Kawkareik;MMR;MMR003D003;MMR003;June;2019;0;0
Myanmar;Magway;Thayet;MMR;MMR009D003;MMR009;June;2019;0;0
Myanmar;Mandalay;Kyaukse;MMR;MMR010D003;MMR010;June;2019;0;0
Myanmar;Rakhine;Kyaukpyu;MMR;MMR012D003;MMR012;June;2019;1;0
Myanmar;Shan-East;Monghsat;MMR;MMR016D002;MMR016;June;2019;0;0
Myanmar;Shan-South;Pa-O Self-Administered Zone;MMR;NA;NA;June;2019;0;0
Myanmar;Shan-South;Taunggyi;MMR;MMR014D001;MMR014;June;2019;0;0
Myanmar;Tanintharyi;Dawei;MMR;MMR006D001;MMR006;June;2019;0;0
Myanmar;Yangon;Yangon-North;MMR;MMR013D001;MMR013;June;2019;1;0
Myanmar;Bago-West;Pyay;MMR;MMR008D001;MMR008;June;2019;0;0
Myanmar;Chin;Mindat;MMR;MMR004D002;MMR004;June;2019;0;0
Myanmar;Kachin;Bhamo;MMR;MMR001D003;MMR001;June;2019;0;0
Myanmar;Kachin;Myitkyina;MMR;MMR001D001;MMR001;June;2019;0;0
Myanmar;Magway;Gangaw;MMR;MMR009D005;MMR009;June;2019;0;0
Myanmar;Nay Pyi Taw;Oke Ta Ra;MMR;MMR018D001;MMR018;June;2019;0;0
Myanmar;Rakhine;Thandwe;MMR;MMR012D004;MMR012;June;2019;0;0
Myanmar;Shan-East;Kengtung;MMR;MMR016D001;MMR016;June;2019;1;0
Myanmar;Shan-North;Mongmit;MMR;MMR015D008;MMR015;June;2019;0;0
Myanmar;Yangon;Yangon-South;MMR;MMR013D003;MMR013;June;2019;0;0
Myanmar;Ayeyarwady;Labutta;MMR;MMR017D004;MMR017;June;2019;0;0
Myanmar;Ayeyarwady;Maubin;MMR;MMR017D005;MMR017;June;2019;0;0
Myanmar;Magway;Pakokku;MMR;MMR009D004;MMR009;June;2019;0;0
Myanmar;Mandalay;Myingyan;MMR;MMR010D004;MMR010;June;2019;0;0
Myanmar;Rakhine;Maungdaw;MMR;MMR012D002;MMR012;June;2019;6;36
Myanmar;Rakhine;Mrauk-U;MMR;MMR012D005;MMR012;June;2019;27;168
Myanmar;Shan-North;Hopang;MMR;MMR015D006;MMR015;June;2019;0;0
Myanmar;Shan-North;Kokang Self-Administered Zone;MMR;MMR015D221;MMR015;June;2019;0;0
Myanmar;Shan-North;Muse;MMR;MMR015D002;MMR015;June;2019;6;0
Myanmar;Sagaing;Kale;MMR;MMR005D005;MMR005;June;2019;0;0
Myanmar;Sagaing;Sagaing;MMR;MMR005D001;MMR005;June;2019;0;0
Myanmar;Bago-East;Bago;MMR;MMR007D001;MMR007;June;2019;0;0
Myanmar;Chin;Hakha;MMR;MMR004D003;MMR004;June;2019;0;0
Myanmar;Kachin;Mohnyin;MMR;MMR001D002;MMR001;June;2019;2;0
Myanmar;Kachin;Puta-O;MMR;MMR001D004;MMR001;June;2019;0;0
Myanmar;Kayin;Hpa-An;MMR;MMR003D001;MMR003;June;2019;5;0
Myanmar;Kayin;Myawaddy;MMR;MMR003D002;MMR003;June;2019;0;0
Myanmar;Mandalay;Mandalay;MMR;MMR010D001;MMR010;June;2019;1;1
Myanmar;Mandalay;Meiktila;MMR;MMR010D007;MMR010;June;2019;0;0
Myanmar;Sagaing;Kawlin;MMR;MMR005D011;MMR005;June;2019;0;0
Myanmar;Sagaing;Naga Self-Administered Zone;MMR;NA;NA;June;2019;0;0
Myanmar;Shan-South;Langkho;MMR;MMR014D003;MMR014;June;2019;0;0
Myanmar;Shan-South;Loilen;MMR;MMR014D002;MMR014;June;2019;1;0
Myanmar;Chin;Falam;MMR;MMR004D001;MMR004;June;2019;1;0
Myanmar;Kayin;Hpapun;MMR;MMR003D004;MMR003;June;2019;0;0
Myanmar;Mandalay;Nyaung-U;MMR;MMR010D005;MMR010;June;2019;0;0
Myanmar;Mon;Thaton;MMR;MMR011D002;MMR011;June;2019;0;0
Myanmar;Rakhine;Sittwe;MMR;MMR012D001;MMR012;June;2019;13;34
Myanmar;Sagaing;Mawlaik;MMR;MMR005D007;MMR005;June;2019;0;0
Myanmar;Sagaing;Monywa;MMR;MMR005D003;MMR005;June;2019;0;0
Myanmar;Sagaing;Yinmarbin;MMR;MMR005D009;MMR005;June;2019;0;0
Myanmar;Shan-East;Tachileik;MMR;MMR016D003;MMR016;June;2019;0;0
Myanmar;Tanintharyi;Kawthoung;MMR;MMR006D003;MMR006;June;2019;0;0
Myanmar;Yangon;Yangon-West;MMR;MMR013D004;MMR013;June;2019;0;0
Myanmar;Ayeyarwady;Hinthada;MMR;MMR017D002;MMR017;June;2019;0;0
Myanmar;Bago-West;Thayarwady;MMR;MMR008D002;MMR008;June;2019;0;0
Myanmar;Kayah;Bawlake;MMR;MMR002D002;MMR002;June;2019;0;0
Myanmar;Mandalay;Pyinoolwin;MMR;MMR010D002;MMR010;June;2019;0;0
Myanmar;Mandalay;Yamethin;MMR;MMR010D006;MMR010;June;2019;0;0
Myanmar;Mon;Mawlamyine;MMR;MMR011D001;MMR011;June;2019;0;0
Myanmar;Nay Pyi Taw;Det Khi Na;MMR;MMR018D002;MMR018;June;2019;0;0
Myanmar;Sagaing;Kanbalu;MMR;MMR005D010;MMR005;June;2019;0;0
Myanmar;Shan-North;Lashio;MMR;MMR015D001;MMR015;June;2019;0;0
Myanmar;Shan-South;Danu Self-Administered Zone;MMR;NA;NA;June;2019;0;0
Myanmar;Tanintharyi;Myeik;MMR;MMR006D002;MMR006;June;2019;0;0
Myanmar;Ayeyarwady;Myaungmya;MMR;MMR017D003;MMR017;July;2019;0;0
Myanmar;Chin;Matupi;MMR;MMR004D004;MMR004;July;2019;5;3
Myanmar;Magway;Magway;MMR;MMR009D001;MMR009;July;2019;1;25
Myanmar;Magway;Minbu;MMR;MMR009D002;MMR009;July;2019;0;0
Myanmar;Sagaing;Hkamti;MMR;MMR005D008;MMR005;July;2019;0;0
Myanmar;Sagaing;Katha;MMR;MMR005D004;MMR005;July;2019;0;0
Myanmar;Sagaing;Shwebo;MMR;MMR005D002;MMR005;July;2019;0;0
Myanmar;Sagaing;Tamu;MMR;MMR005D006;MMR005;July;2019;0;0
Myanmar;Shan-North;Kyaukme;MMR;NA;NA;July;2019;6;1
Myanmar;Shan-North;Matman;MMR;MMR015D007;MMR015;July;2019;0;0
Myanmar;Shan-North;Pa Laung Self-Administered Zone;MMR;NA;NA;July;2019;0;0
Myanmar;Yangon;Yangon-East;MMR;MMR013D002;MMR013;July;2019;0;0
Myanmar;Ayeyarwady;Pathein;MMR;MMR017D001;MMR017;July;2019;0;0
Myanmar;Ayeyarwady;Pyapon;MMR;MMR017D006;MMR017;July;2019;0;0
Myanmar;Bago-East;Taungoo;MMR;MMR007D002;MMR007;July;2019;0;0
Myanmar;Kayah;Loikaw;MMR;MMR002D001;MMR002;July;2019;0;0
Myanmar;Kayin;Kawkareik;MMR;MMR003D003;MMR003;July;2019;0;0
Myanmar;Magway;Thayet;MMR;MMR009D003;MMR009;July;2019;0;0
Myanmar;Mandalay;Kyaukse;MMR;MMR010D003;MMR010;July;2019;0;0
Myanmar;Rakhine;Kyaukpyu;MMR;MMR012D003;MMR012;July;2019;1;20
Myanmar;Shan-East;Monghsat;MMR;MMR016D002;MMR016;July;2019;0;0
Myanmar;Shan-South;Pa-O Self-Administered Zone;MMR;NA;NA;July;2019;0;0
Myanmar;Shan-South;Taunggyi;MMR;MMR014D001;MMR014;July;2019;0;0
Myanmar;Tanintharyi;Dawei;MMR;MMR006D001;MMR006;July;2019;0;0
Myanmar;Yangon;Yangon-North;MMR;MMR013D001;MMR013;July;2019;0;0
Myanmar;Bago-West;Pyay;MMR;MMR008D001;MMR008;July;2019;0;0
Myanmar;Chin;Mindat;MMR;MMR004D002;MMR004;July;2019;0;0
Myanmar;Kachin;Bhamo;MMR;MMR001D003;MMR001;July;2019;0;0
Myanmar;Kachin;Myitkyina;MMR;MMR001D001;MMR001;July;2019;0;0
Myanmar;Magway;Gangaw;MMR;MMR009D005;MMR009;July;2019;0;0
Myanmar;Nay Pyi Taw;Oke Ta Ra;MMR;MMR018D001;MMR018;July;2019;0;0
Myanmar;Rakhine;Thandwe;MMR;MMR012D004;MMR012;July;2019;1;1
Myanmar;Shan-East;Kengtung;MMR;MMR016D001;MMR016;July;2019;2;0
Myanmar;Shan-North;Mongmit;MMR;MMR015D008;MMR015;July;2019;0;0
Myanmar;Yangon;Yangon-South;MMR;MMR013D003;MMR013;July;2019;0;0
Myanmar;Ayeyarwady;Labutta;MMR;MMR017D004;MMR017;July;2019;0;0
Myanmar;Ayeyarwady;Maubin;MMR;MMR017D005;MMR017;July;2019;0;0
Myanmar;Magway;Pakokku;MMR;MMR009D004;MMR009;July;2019;0;0
Myanmar;Mandalay;Myingyan;MMR;MMR010D004;MMR010;July;2019;0;0
Myanmar;Rakhine;Maungdaw;MMR;MMR012D002;MMR012;July;2019;17;7
Myanmar;Rakhine;Mrauk-U;MMR;MMR012D005;MMR012;July;2019;28;124
Myanmar;Shan-North;Hopang;MMR;MMR015D006;MMR015;July;2019;0;0
Myanmar;Shan-North;Kokang Self-Administered Zone;MMR;MMR015D221;MMR015;July;2019;2;0
Myanmar;Shan-North;Muse;MMR;MMR015D002;MMR015;July;2019;11;10
Myanmar;Sagaing;Kale;MMR;MMR005D005;MMR005;July;2019;0;0
Myanmar;Sagaing;Sagaing;MMR;MMR005D001;MMR005;July;2019;0;0
Myanmar;Bago-East;Bago;MMR;MMR007D001;MMR007;July;2019;0;0
Myanmar;Chin;Hakha;MMR;MMR004D003;MMR004;July;2019;0;0
Myanmar;Kachin;Mohnyin;MMR;MMR001D002;MMR001;July;2019;0;0
Myanmar;Kachin;Puta-O;MMR;MMR001D004;MMR001;July;2019;0;0
Myanmar;Kayin;Hpa-An;MMR;MMR003D001;MMR003;July;2019;0;0
Myanmar;Kayin;Myawaddy;MMR;MMR003D002;MMR003;July;2019;0;0
Myanmar;Mandalay;Mandalay;MMR;MMR010D001;MMR010;July;2019;1;0
Myanmar;Mandalay;Meiktila;MMR;MMR010D007;MMR010;July;2019;0;0
Myanmar;Sagaing;Kawlin;MMR;MMR005D011;MMR005;July;2019;0;0
Myanmar;Sagaing;Naga Self-Administered Zone;MMR;NA;NA;July;2019;0;0
Myanmar;Shan-South;Langkho;MMR;MMR014D003;MMR014;July;2019;0;0
Myanmar;Shan-South;Loilen;MMR;MMR014D002;MMR014;July;2019;0;0
Myanmar;Chin;Falam;MMR;MMR004D001;MMR004;July;2019;0;0
Myanmar;Kayin;Hpapun;MMR;MMR003D004;MMR003;July;2019;0;0
Myanmar;Mandalay;Nyaung-U;MMR;MMR010D005;MMR010;July;2019;0;0
Myanmar;Mon;Thaton;MMR;MMR011D002;MMR011;July;2019;0;0
Myanmar;Rakhine;Sittwe;MMR;MMR012D001;MMR012;July;2019;12;16
Myanmar;Sagaing;Mawlaik;MMR;MMR005D007;MMR005;July;2019;0;0
Myanmar;Sagaing;Monywa;MMR;MMR005D003;MMR005;July;2019;0;0
Myanmar;Sagaing;Yinmarbin;MMR;MMR005D009;MMR005;July;2019;1;0
Myanmar;Shan-East;Tachileik;MMR;MMR016D003;MMR016;July;2019;0;0
Myanmar;Tanintharyi;Kawthoung;MMR;MMR006D003;MMR006;July;2019;0;0
Myanmar;Yangon;Yangon-West;MMR;MMR013D004;MMR013;July;2019;0;0
Myanmar;Ayeyarwady;Hinthada;MMR;MMR017D002;MMR017;July;2019;0;0
Myanmar;Bago-West;Thayarwady;MMR;MMR008D002;MMR008;July;2019;0;0
Myanmar;Kayah;Bawlake;MMR;MMR002D002;MMR002;July;2019;0;0
Myanmar;Mandalay;Pyinoolwin;MMR;MMR010D002;MMR010;July;2019;0;0
Myanmar;Mandalay;Yamethin;MMR;MMR010D006;MMR010;July;2019;0;0
Myanmar;Mon;Mawlamyine;MMR;MMR011D001;MMR011;July;2019;0;0
Myanmar;Nay Pyi Taw;Det Khi Na;MMR;MMR018D002;MMR018;July;2019;0;0
Myanmar;Sagaing;Kanbalu;MMR;MMR005D010;MMR005;July;2019;0;0
Myanmar;Shan-North;Lashio;MMR;MMR015D001;MMR015;July;2019;1;0
Myanmar;Shan-South;Danu Self-Administered Zone;MMR;NA;NA;July;2019;0;0
Myanmar;Tanintharyi;Myeik;MMR;MMR006D002;MMR006;July;2019;0;0
Myanmar;Ayeyarwady;Myaungmya;MMR;MMR017D003;MMR017;August;2019;0;0
Myanmar;Chin;Matupi;MMR;MMR004D004;MMR004;August;2019;13;1
Myanmar;Magway;Magway;MMR;MMR009D001;MMR009;August;2019;0;0
Myanmar;Magway;Minbu;MMR;MMR009D002;MMR009;August;2019;0;0
Myanmar;Sagaing;Hkamti;MMR;MMR005D008;MMR005;August;2019;0;0
Myanmar;Sagaing;Katha;MMR;MMR005D004;MMR005;August;2019;0;0
Myanmar;Sagaing;Shwebo;MMR;MMR005D002;MMR005;August;2019;0;0
Myanmar;Sagaing;Tamu;MMR;MMR005D006;MMR005;August;2019;0;0
Myanmar;Shan-North;Kyaukme;MMR;NA;NA;August;2019;10;12
Myanmar;Shan-North;Matman;MMR;MMR015D007;MMR015;August;2019;0;0
Myanmar;Shan-North;Pa Laung Self-Administered Zone;MMR;NA;NA;August;2019;0;0
Myanmar;Yangon;Yangon-East;MMR;MMR013D002;MMR013;August;2019;0;0
Myanmar;Ayeyarwady;Pathein;MMR;MMR017D001;MMR017;August;2019;0;0
Myanmar;Ayeyarwady;Pyapon;MMR;MMR017D006;MMR017;August;2019;0;0
Myanmar;Bago-East;Taungoo;MMR;MMR007D002;MMR007;August;2019;0;0
Myanmar;Kayah;Loikaw;MMR;MMR002D001;MMR002;August;2019;0;0
Myanmar;Kayin;Kawkareik;MMR;MMR003D003;MMR003;August;2019;0;0
Myanmar;Magway;Thayet;MMR;MMR009D003;MMR009;August;2019;0;0
Myanmar;Mandalay;Kyaukse;MMR;MMR010D003;MMR010;August;2019;0;0
Myanmar;Rakhine;Kyaukpyu;MMR;MMR012D003;MMR012;August;2019;1;0
Myanmar;Shan-East;Monghsat;MMR;MMR016D002;MMR016;August;2019;1;0
Myanmar;Shan-South;Pa-O Self-Administered Zone;MMR;NA;NA;August;2019;0;0
Myanmar;Shan-South;Taunggyi;MMR;MMR014D001;MMR014;August;2019;0;0
Myanmar;Tanintharyi;Dawei;MMR;MMR006D001;MMR006;August;2019;0;0
Myanmar;Yangon;Yangon-North;MMR;MMR013D001;MMR013;August;2019;0;0
Myanmar;Bago-West;Pyay;MMR;MMR008D001;MMR008;August;2019;0;0
Myanmar;Chin;Mindat;MMR;MMR004D002;MMR004;August;2019;0;0
Myanmar;Kachin;Bhamo;MMR;MMR001D003;MMR001;August;2019;0;0
Myanmar;Kachin;Myitkyina;MMR;MMR001D001;MMR001;August;2019;0;0
Myanmar;Magway;Gangaw;MMR;MMR009D005;MMR009;August;2019;0;0
Myanmar;Nay Pyi Taw;Oke Ta Ra;MMR;MMR018D001;MMR018;August;2019;0;0
Myanmar;Rakhine;Thandwe;MMR;MMR012D004;MMR012;August;2019;0;0
Myanmar;Shan-East;Kengtung;MMR;MMR016D001;MMR016;August;2019;0;0
Myanmar;Shan-North;Mongmit;MMR;MMR015D008;MMR015;August;2019;0;0
Myanmar;Yangon;Yangon-South;MMR;MMR013D003;MMR013;August;2019;0;0
Myanmar;Ayeyarwady;Labutta;MMR;MMR017D004;MMR017;August;2019;0;0
Myanmar;Ayeyarwady;Maubin;MMR;MMR017D005;MMR017;August;2019;0;0
Myanmar;Magway;Pakokku;MMR;MMR009D004;MMR009;August;2019;0;0
Myanmar;Mandalay;Myingyan;MMR;MMR010D004;MMR010;August;2019;0;0
Myanmar;Rakhine;Maungdaw;MMR;MMR012D002;MMR012;August;2019;14;11
Myanmar;Rakhine;Mrauk-U;MMR;MMR012D005;MMR012;August;2019;50;135
Myanmar;Shan-North;Hopang;MMR;MMR015D006;MMR015;August;2019;0;0
Myanmar;Shan-North;Kokang Self-Administered Zone;MMR;MMR015D221;MMR015;August;2019;1;3
Myanmar;Shan-North;Muse;MMR;MMR015D002;MMR015;August;2019;33;69
Myanmar;Sagaing;Kale;MMR;MMR005D005;MMR005;August;2019;0;0
Myanmar;Sagaing;Sagaing;MMR;MMR005D001;MMR005;August;2019;0;0
Myanmar;Bago-East;Bago;MMR;MMR007D001;MMR007;August;2019;0;0
Myanmar;Chin;Hakha;MMR;MMR004D003;MMR004;August;2019;0;0
Myanmar;Kachin;Mohnyin;MMR;MMR001D002;MMR001;August;2019;0;0
Myanmar;Kachin;Puta-O;MMR;MMR001D004;MMR001;August;2019;0;0
Myanmar;Kayin;Hpa-An;MMR;MMR003D001;MMR003;August;2019;0;0
Myanmar;Kayin;Myawaddy;MMR;MMR003D002;MMR003;August;2019;0;0
Myanmar;Mandalay;Mandalay;MMR;MMR010D001;MMR010;August;2019;2;0
Myanmar;Mandalay;Meiktila;MMR;MMR010D007;MMR010;August;2019;0;0
Myanmar;Sagaing;Kawlin;MMR;MMR005D011;MMR005;August;2019;0;0
Myanmar;Sagaing;Naga Self-Administered Zone;MMR;NA;NA;August;2019;0;0
Myanmar;Shan-South;Langkho;MMR;MMR014D003;MMR014;August;2019;0;0
Myanmar;Shan-South;Loilen;MMR;MMR014D002;MMR014;August;2019;0;0
Myanmar;Chin;Falam;MMR;MMR004D001;MMR004;August;2019;0;0
Myanmar;Kayin;Hpapun;MMR;MMR003D004;MMR003;August;2019;0;0
Myanmar;Mandalay;Nyaung-U;MMR;MMR010D005;MMR010;August;2019;0;0
Myanmar;Mon;Thaton;MMR;MMR011D002;MMR011;August;2019;0;0
Myanmar;Rakhine;Sittwe;MMR;MMR012D001;MMR012;August;2019;11;18
Myanmar;Sagaing;Mawlaik;MMR;MMR005D007;MMR005;August;2019;0;0
Myanmar;Sagaing;Monywa;MMR;MMR005D003;MMR005;August;2019;0;0
Myanmar;Sagaing;Yinmarbin;MMR;MMR005D009;MMR005;August;2019;0;0
Myanmar;Shan-East;Tachileik;MMR;MMR016D003;MMR016;August;2019;0;0
Myanmar;Tanintharyi;Kawthoung;MMR;MMR006D003;MMR006;August;2019;0;0
Myanmar;Yangon;Yangon-West;MMR;MMR013D004;MMR013;August;2019;0;0
Myanmar;Ayeyarwady;Hinthada;MMR;MMR017D002;MMR017;August;2019;0;0
Myanmar;Bago-West;Thayarwady;MMR;MMR008D002;MMR008;August;2019;0;0
Myanmar;Kayah;Bawlake;MMR;MMR002D002;MMR002;August;2019;0;0
Myanmar;Mandalay;Pyinoolwin;MMR;MMR010D002;MMR010;August;2019;1;4
Myanmar;Mandalay;Yamethin;MMR;MMR010D006;MMR010;August;2019;0;0
Myanmar;Mon;Mawlamyine;MMR;MMR011D001;MMR011;August;2019;0;0
Myanmar;Nay Pyi Taw;Det Khi Na;MMR;MMR018D002;MMR018;August;2019;0;0
Myanmar;Sagaing;Kanbalu;MMR;MMR005D010;MMR005;August;2019;0;0
Myanmar;Shan-North;Lashio;MMR;MMR015D001;MMR015;August;2019;22;17
Myanmar;Shan-South;Danu Self-Administered Zone;MMR;NA;NA;August;2019;0;0
Myanmar;Tanintharyi;Myeik;MMR;MMR006D002;MMR006;August;2019;0;0
Myanmar;Ayeyarwady;Myaungmya;MMR;MMR017D003;MMR017;September;2019;0;0
Myanmar;Chin;Matupi;MMR;MMR004D004;MMR004;September;2019;2;0
Myanmar;Magway;Magway;MMR;MMR009D001;MMR009;September;2019;0;0
Myanmar;Magway;Minbu;MMR;MMR009D002;MMR009;September;2019;0;0
Myanmar;Sagaing;Hkamti;MMR;MMR005D008;MMR005;September;2019;0;0
Myanmar;Sagaing;Katha;MMR;MMR005D004;MMR005;September;2019;0;0
Myanmar;Sagaing;Shwebo;MMR;MMR005D002;MMR005;September;2019;0;0
Myanmar;Sagaing;Tamu;MMR;MMR005D006;MMR005;September;2019;0;0
Myanmar;Shan-North;Kyaukme;MMR;NA;NA;September;2019;11;0
Myanmar;Shan-North;Matman;MMR;MMR015D007;MMR015;September;2019;0;0
Myanmar;Shan-North;Pa Laung Self-Administered Zone;MMR;NA;NA;September;2019;8;4
Myanmar;Yangon;Yangon-East;MMR;MMR013D002;MMR013;September;2019;0;0
Myanmar;Ayeyarwady;Pathein;MMR;MMR017D001;MMR017;September;2019;0;0
Myanmar;Ayeyarwady;Pyapon;MMR;MMR017D006;MMR017;September;2019;0;0
Myanmar;Bago-East;Taungoo;MMR;MMR007D002;MMR007;September;2019;0;0
Myanmar;Kayah;Loikaw;MMR;MMR002D001;MMR002;September;2019;1;0
Myanmar;Kayin;Kawkareik;MMR;MMR003D003;MMR003;September;2019;2;0
Myanmar;Magway;Thayet;MMR;MMR009D003;MMR009;September;2019;0;0
Myanmar;Mandalay;Kyaukse;MMR;MMR010D003;MMR010;September;2019;0;0
Myanmar;Rakhine;Kyaukpyu;MMR;MMR012D003;MMR012;September;2019;5;12
Myanmar;Shan-East;Monghsat;MMR;MMR016D002;MMR016;September;2019;0;0
Myanmar;Shan-South;Pa-O Self-Administered Zone;MMR;NA;NA;September;2019;0;0
Myanmar;Shan-South;Taunggyi;MMR;MMR014D001;MMR014;September;2019;0;0
Myanmar;Tanintharyi;Dawei;MMR;MMR006D001;MMR006;September;2019;0;0
Myanmar;Yangon;Yangon-North;MMR;MMR013D001;MMR013;September;2019;0;0
Myanmar;Bago-West;Pyay;MMR;MMR008D001;MMR008;September;2019;0;0
Myanmar;Chin;Mindat;MMR;MMR004D002;MMR004;September;2019;0;0
Myanmar;Kachin;Bhamo;MMR;MMR001D003;MMR001;September;2019;0;0
Myanmar;Kachin;Myitkyina;MMR;MMR001D001;MMR001;September;2019;0;0
Myanmar;Magway;Gangaw;MMR;MMR009D005;MMR009;September;2019;0;0
Myanmar;Nay Pyi Taw;Oke Ta Ra;MMR;MMR018D001;MMR018;September;2019;0;0
Myanmar;Rakhine;Thandwe;MMR;MMR012D004;MMR012;September;2019;0;0
Myanmar;Shan-East;Kengtung;MMR;MMR016D001;MMR016;September;2019;1;0
Myanmar;Shan-North;Mongmit;MMR;MMR015D008;MMR015;September;2019;2;0
Myanmar;Yangon;Yangon-South;MMR;MMR013D003;MMR013;September;2019;0;0
Myanmar;Ayeyarwady;Labutta;MMR;MMR017D004;MMR017;September;2019;0;0
Myanmar;Ayeyarwady;Maubin;MMR;MMR017D005;MMR017;September;2019;0;0
Myanmar;Magway;Pakokku;MMR;MMR009D004;MMR009;September;2019;0;0
Myanmar;Mandalay;Myingyan;MMR;MMR010D004;MMR010;September;2019;0;0
Myanmar;Rakhine;Maungdaw;MMR;MMR012D002;MMR012;September;2019;19;3
Myanmar;Rakhine;Mrauk-U;MMR;MMR012D005;MMR012;September;2019;33;28
Myanmar;Shan-North;Hopang;MMR;MMR015D006;MMR015;September;2019;0;0
Myanmar;Shan-North;Kokang Self-Administered Zone;MMR;MMR015D221;MMR015;September;2019;0;0
Myanmar;Shan-North;Muse;MMR;MMR015D002;MMR015;September;2019;13;1
Myanmar;Sagaing;Kale;MMR;MMR005D005;MMR005;September;2019;0;0
Myanmar;Sagaing;Sagaing;MMR;MMR005D001;MMR005;September;2019;0;0
Myanmar;Bago-East;Bago;MMR;MMR007D001;MMR007;September;2019;0;0
Myanmar;Chin;Hakha;MMR;MMR004D003;MMR004;September;2019;0;0
Myanmar;Kachin;Mohnyin;MMR;MMR001D002;MMR001;September;2019;0;0
Myanmar;Kachin;Puta-O;MMR;MMR001D004;MMR001;September;2019;0;0
Myanmar;Kayin;Hpa-An;MMR;MMR003D001;MMR003;September;2019;0;0
Myanmar;Kayin;Myawaddy;MMR;MMR003D002;MMR003;September;2019;0;0
Myanmar;Mandalay;Mandalay;MMR;MMR010D001;MMR010;September;2019;0;0
Myanmar;Mandalay;Meiktila;MMR;MMR010D007;MMR010;September;2019;0;0
Myanmar;Sagaing;Kawlin;MMR;MMR005D011;MMR005;September;2019;0;0
Myanmar;Sagaing;Naga Self-Administered Zone;MMR;NA;NA;September;2019;0;0
Myanmar;Shan-South;Langkho;MMR;MMR014D003;MMR014;September;2019;0;0
Myanmar;Shan-South;Loilen;MMR;MMR014D002;MMR014;September;2019;1;0
Myanmar;Chin;Falam;MMR;MMR004D001;MMR004;September;2019;0;0
Myanmar;Kayin;Hpapun;MMR;MMR003D004;MMR003;September;2019;0;0
Myanmar;Mandalay;Nyaung-U;MMR;MMR010D005;MMR010;September;2019;0;0
Myanmar;Mon;Thaton;MMR;MMR011D002;MMR011;September;2019;0;0
Myanmar;Rakhine;Sittwe;MMR;MMR012D001;MMR012;September;2019;9;3
Myanmar;Sagaing;Mawlaik;MMR;MMR005D007;MMR005;September;2019;0;0
Myanmar;Sagaing;Monywa;MMR;MMR005D003;MMR005;September;2019;0;0
Myanmar;Sagaing;Yinmarbin;MMR;MMR005D009;MMR005;September;2019;0;0
Myanmar;Shan-East;Tachileik;MMR;MMR016D003;MMR016;September;2019;0;0
Myanmar;Tanintharyi;Kawthoung;MMR;MMR006D003;MMR006;September;2019;0;0
Myanmar;Yangon;Yangon-West;MMR;MMR013D004;MMR013;September;2019;0;0
Myanmar;Ayeyarwady;Hinthada;MMR;MMR017D002;MMR017;September;2019;0;0
Myanmar;Bago-West;Thayarwady;MMR;MMR008D002;MMR008;September;2019;0;0
Myanmar;Kayah;Bawlake;MMR;MMR002D002;MMR002;September;2019;0;0
Myanmar;Mandalay;Pyinoolwin;MMR;MMR010D002;MMR010;September;2019;0;0
Myanmar;Mandalay;Yamethin;MMR;MMR010D006;MMR010;September;2019;0;0
Myanmar;Mon;Mawlamyine;MMR;MMR011D001;MMR011;September;2019;0;0
Myanmar;Nay Pyi Taw;Det Khi Na;MMR;MMR018D002;MMR018;September;2019;0;0
Myanmar;Sagaing;Kanbalu;MMR;MMR005D010;MMR005;September;2019;0;0
Myanmar;Shan-North;Lashio;MMR;MMR015D001;MMR015;September;2019;1;0
Myanmar;Shan-South;Danu Self-Administered Zone;MMR;NA;NA;September;2019;0;0
Myanmar;Tanintharyi;Myeik;MMR;MMR006D002;MMR006;September;2019;0;0
Myanmar;Ayeyarwady;Myaungmya;MMR;MMR017D003;MMR017;October;2019;0;0
Myanmar;Chin;Matupi;MMR;MMR004D004;MMR004;October;2019;13;4
Myanmar;Magway;Magway;MMR;MMR009D001;MMR009;October;2019;0;0
Myanmar;Magway;Minbu;MMR;MMR009D002;MMR009;October;2019;0;0
Myanmar;Sagaing;Hkamti;MMR;MMR005D008;MMR005;October;2019;0;0
Myanmar;Sagaing;Katha;MMR;MMR005D004;MMR005;October;2019;0;0
Myanmar;Sagaing;Shwebo;MMR;MMR005D002;MMR005;October;2019;0;0
Myanmar;Sagaing;Tamu;MMR;MMR005D006;MMR005;October;2019;0;0
Myanmar;Shan-North;Kyaukme;MMR;NA;NA;October;2019;7;3
Myanmar;Shan-North;Matman;MMR;MMR015D007;MMR015;October;2019;0;0
Myanmar;Shan-North;Pa Laung Self-Administered Zone;MMR;NA;NA;October;2019;2;1
Myanmar;Yangon;Yangon-East;MMR;MMR013D002;MMR013;October;2019;0;0
Myanmar;Ayeyarwady;Pathein;MMR;MMR017D001;MMR017;October;2019;0;0
Myanmar;Ayeyarwady;Pyapon;MMR;MMR017D006;MMR017;October;2019;0;0
Myanmar;Bago-East;Taungoo;MMR;MMR007D002;MMR007;October;2019;0;0
Myanmar;Kayah;Loikaw;MMR;MMR002D001;MMR002;October;2019;0;0
Myanmar;Kayin;Kawkareik;MMR;MMR003D003;MMR003;October;2019;3;1
Myanmar;Magway;Thayet;MMR;MMR009D003;MMR009;October;2019;0;0
Myanmar;Mandalay;Kyaukse;MMR;MMR010D003;MMR010;October;2019;0;0
Myanmar;Rakhine;Kyaukpyu;MMR;MMR012D003;MMR012;October;2019;0;0
Myanmar;Shan-East;Monghsat;MMR;MMR016D002;MMR016;October;2019;2;8
Myanmar;Shan-South;Pa-O Self-Administered Zone;MMR;NA;NA;October;2019;0;0
Myanmar;Shan-South;Taunggyi;MMR;MMR014D001;MMR014;October;2019;0;0
Myanmar;Tanintharyi;Dawei;MMR;MMR006D001;MMR006;October;2019;1;0
Myanmar;Yangon;Yangon-North;MMR;MMR013D001;MMR013;October;2019;1;0
Myanmar;Bago-West;Pyay;MMR;MMR008D001;MMR008;October;2019;0;0
Myanmar;Chin;Mindat;MMR;MMR004D002;MMR004;October;2019;0;0
Myanmar;Kachin;Bhamo;MMR;MMR001D003;MMR001;October;2019;0;0
Myanmar;Kachin;Myitkyina;MMR;MMR001D001;MMR001;October;2019;1;0
Myanmar;Magway;Gangaw;MMR;MMR009D005;MMR009;October;2019;0;0
Myanmar;Nay Pyi Taw;Oke Ta Ra;MMR;MMR018D001;MMR018;October;2019;0;0
Myanmar;Rakhine;Thandwe;MMR;MMR012D004;MMR012;October;2019;0;0
Myanmar;Shan-East;Kengtung;MMR;MMR016D001;MMR016;October;2019;0;0
Myanmar;Shan-North;Mongmit;MMR;MMR015D008;MMR015;October;2019;0;0
Myanmar;Yangon;Yangon-South;MMR;MMR013D003;MMR013;October;2019;0;0
Myanmar;Ayeyarwady;Labutta;MMR;MMR017D004;MMR017;October;2019;0;0
Myanmar;Ayeyarwady;Maubin;MMR;MMR017D005;MMR017;October;2019;0;0
Myanmar;Magway;Pakokku;MMR;MMR009D004;MMR009;October;2019;0;0
Myanmar;Mandalay;Myingyan;MMR;MMR010D004;MMR010;October;2019;0;0
Myanmar;Rakhine;Maungdaw;MMR;MMR012D002;MMR012;October;2019;20;11
Myanmar;Rakhine;Mrauk-U;MMR;MMR012D005;MMR012;October;2019;52;42
Myanmar;Shan-North;Hopang;MMR;MMR015D006;MMR015;October;2019;0;0
Myanmar;Shan-North;Kokang Self-Administered Zone;MMR;MMR015D221;MMR015;October;2019;0;0
Myanmar;Shan-North;Muse;MMR;MMR015D002;MMR015;October;2019;8;4
Myanmar;Sagaing;Kale;MMR;MMR005D005;MMR005;October;2019;0;0
Myanmar;Sagaing;Sagaing;MMR;MMR005D001;MMR005;October;2019;0;0
Myanmar;Bago-East;Bago;MMR;MMR007D001;MMR007;October;2019;0;0
Myanmar;Chin;Hakha;MMR;MMR004D003;MMR004;October;2019;0;0
Myanmar;Kachin;Mohnyin;MMR;MMR001D002;MMR001;October;2019;1;1
Myanmar;Kachin;Puta-O;MMR;MMR001D004;MMR001;October;2019;0;0
Myanmar;Kayin;Hpa-An;MMR;MMR003D001;MMR003;October;2019;0;0
Myanmar;Kayin;Myawaddy;MMR;MMR003D002;MMR003;October;2019;0;0
Myanmar;Mandalay;Mandalay;MMR;MMR010D001;MMR010;October;2019;0;0
Myanmar;Mandalay;Meiktila;MMR;MMR010D007;MMR010;October;2019;0;0
Myanmar;Sagaing;Kawlin;MMR;MMR005D011;MMR005;October;2019;0;0
Myanmar;Sagaing;Naga Self-Administered Zone;MMR;NA;NA;October;2019;0;0
Myanmar;Shan-South;Langkho;MMR;MMR014D003;MMR014;October;2019;1;0
Myanmar;Shan-South;Loilen;MMR;MMR014D002;MMR014;October;2019;0;0
Myanmar;Chin;Falam;MMR;MMR004D001;MMR004;October;2019;0;0
Myanmar;Kayin;Hpapun;MMR;MMR003D004;MMR003;October;2019;0;0
Myanmar;Mandalay;Nyaung-U;MMR;MMR010D005;MMR010;October;2019;0;0
Myanmar;Mon;Thaton;MMR;MMR011D002;MMR011;October;2019;0;0
Myanmar;Rakhine;Sittwe;MMR;MMR012D001;MMR012;October;2019;36;15
Myanmar;Sagaing;Mawlaik;MMR;MMR005D007;MMR005;October;2019;0;0
Myanmar;Sagaing;Monywa;MMR;MMR005D003;MMR005;October;2019;0;0
Myanmar;Sagaing;Yinmarbin;MMR;MMR005D009;MMR005;October;2019;0;0
Myanmar;Shan-East;Tachileik;MMR;MMR016D003;MMR016;October;2019;0;0
Myanmar;Tanintharyi;Kawthoung;MMR;MMR006D003;MMR006;October;2019;0;0
Myanmar;Yangon;Yangon-West;MMR;MMR013D004;MMR013;October;2019;0;0
Myanmar;Ayeyarwady;Hinthada;MMR;MMR017D002;MMR017;October;2019;0;0
Myanmar;Bago-West;Thayarwady;MMR;MMR008D002;MMR008;October;2019;0;0
Myanmar;Kayah;Bawlake;MMR;MMR002D002;MMR002;October;2019;0;0
Myanmar;Mandalay;Pyinoolwin;MMR;MMR010D002;MMR010;October;2019;0;0
Myanmar;Mandalay;Yamethin;MMR;MMR010D006;MMR010;October;2019;0;0
Myanmar;Mon;Mawlamyine;MMR;MMR011D001;MMR011;October;2019;3;2
Myanmar;Nay Pyi Taw;Det Khi Na;MMR;MMR018D002;MMR018;October;2019;0;0
Myanmar;Sagaing;Kanbalu;MMR;MMR005D010;MMR005;October;2019;0;0
Myanmar;Shan-North;Lashio;MMR;MMR015D001;MMR015;October;2019;5;5
Myanmar;Shan-South;Danu Self-Administered Zone;MMR;NA;NA;October;2019;0;0
Myanmar;Tanintharyi;Myeik;MMR;MMR006D002;MMR006;October;2019;0;0
Myanmar;Ayeyarwady;Myaungmya;MMR;MMR017D003;MMR017;November;2019;0;0
Myanmar;Chin;Matupi;MMR;MMR004D004;MMR004;November;2019;6;14
Myanmar;Magway;Magway;MMR;MMR009D001;MMR009;November;2019;0;0
Myanmar;Magway;Minbu;MMR;MMR009D002;MMR009;November;2019;0;0
Myanmar;Sagaing;Hkamti;MMR;MMR005D008;MMR005;November;2019;0;0
Myanmar;Sagaing;Katha;MMR;MMR005D004;MMR005;November;2019;0;0
Myanmar;Sagaing;Shwebo;MMR;MMR005D002;MMR005;November;2019;0;0
Myanmar;Sagaing;Tamu;MMR;MMR005D006;MMR005;November;2019;0;0
Myanmar;Shan-North;Kyaukme;MMR;NA;NA;November;2019;17;7
Myanmar;Shan-North;Matman;MMR;MMR015D007;MMR015;November;2019;0;0
Myanmar;Shan-North;Pa Laung Self-Administered Zone;MMR;NA;NA;November;2019;8;0
Myanmar;Yangon;Yangon-East;MMR;MMR013D002;MMR013;November;2019;0;0
Myanmar;Ayeyarwady;Pathein;MMR;MMR017D001;MMR017;November;2019;0;0
Myanmar;Ayeyarwady;Pyapon;MMR;MMR017D006;MMR017;November;2019;0;0
Myanmar;Bago-East;Taungoo;MMR;MMR007D002;MMR007;November;2019;0;0
Myanmar;Kayah;Loikaw;MMR;MMR002D001;MMR002;November;2019;0;0
Myanmar;Kayin;Kawkareik;MMR;MMR003D003;MMR003;November;2019;2;4
Myanmar;Magway;Thayet;MMR;MMR009D003;MMR009;November;2019;0;0
Myanmar;Mandalay;Kyaukse;MMR;MMR010D003;MMR010;November;2019;0;0
Myanmar;Rakhine;Kyaukpyu;MMR;MMR012D003;MMR012;November;2019;2;0
Myanmar;Shan-East;Monghsat;MMR;MMR016D002;MMR016;November;2019;0;0
Myanmar;Shan-South;Pa-O Self-Administered Zone;MMR;NA;NA;November;2019;0;0
Myanmar;Shan-South;Taunggyi;MMR;MMR014D001;MMR014;November;2019;1;1
Myanmar;Tanintharyi;Dawei;MMR;MMR006D001;MMR006;November;2019;0;0
Myanmar;Yangon;Yangon-North;MMR;MMR013D001;MMR013;November;2019;0;0
Myanmar;Bago-West;Pyay;MMR;MMR008D001;MMR008;November;2019;0;0
Myanmar;Chin;Mindat;MMR;MMR004D002;MMR004;November;2019;0;0
Myanmar;Kachin;Bhamo;MMR;MMR001D003;MMR001;November;2019;1;0
Myanmar;Kachin;Myitkyina;MMR;MMR001D001;MMR001;November;2019;2;1
Myanmar;Magway;Gangaw;MMR;MMR009D005;MMR009;November;2019;0;0
Myanmar;Nay Pyi Taw;Oke Ta Ra;MMR;MMR018D001;MMR018;November;2019;0;0
Myanmar;Rakhine;Thandwe;MMR;MMR012D004;MMR012;November;2019;0;0
Myanmar;Shan-East;Kengtung;MMR;MMR016D001;MMR016;November;2019;1;0
Myanmar;Shan-North;Mongmit;MMR;MMR015D008;MMR015;November;2019;0;0
Myanmar;Yangon;Yangon-South;MMR;MMR013D003;MMR013;November;2019;0;0
Myanmar;Ayeyarwady;Labutta;MMR;MMR017D004;MMR017;November;2019;0;0
Myanmar;Ayeyarwady;Maubin;MMR;MMR017D005;MMR017;November;2019;0;0
Myanmar;Magway;Pakokku;MMR;MMR009D004;MMR009;November;2019;0;0
Myanmar;Mandalay;Myingyan;MMR;MMR010D004;MMR010;November;2019;0;0
Myanmar;Rakhine;Maungdaw;MMR;MMR012D002;MMR012;November;2019;10;3
Myanmar;Rakhine;Mrauk-U;MMR;MMR012D005;MMR012;November;2019;44;34
Myanmar;Shan-North;Hopang;MMR;MMR015D006;MMR015;November;2019;0;0
Myanmar;Shan-North;Kokang Self-Administered Zone;MMR;MMR015D221;MMR015;November;2019;0;0
Myanmar;Shan-North;Muse;MMR;MMR015D002;MMR015;November;2019;9;0
Myanmar;Sagaing;Kale;MMR;MMR005D005;MMR005;November;2019;0;0
Myanmar;Sagaing;Sagaing;MMR;MMR005D001;MMR005;November;2019;0;0
Myanmar;Bago-East;Bago;MMR;MMR007D001;MMR007;November;2019;0;0
Myanmar;Chin;Hakha;MMR;MMR004D003;MMR004;November;2019;0;0
Myanmar;Kachin;Mohnyin;MMR;MMR001D002;MMR001;November;2019;0;0
Myanmar;Kachin;Puta-O;MMR;MMR001D004;MMR001;November;2019;0;0
Myanmar;Kayin;Hpa-An;MMR;MMR003D001;MMR003;November;2019;0;0
Myanmar;Kayin;Myawaddy;MMR;MMR003D002;MMR003;November;2019;0;0
Myanmar;Mandalay;Mandalay;MMR;MMR010D001;MMR010;November;2019;0;0
Myanmar;Mandalay;Meiktila;MMR;MMR010D007;MMR010;November;2019;0;0
Myanmar;Sagaing;Kawlin;MMR;MMR005D011;MMR005;November;2019;0;0
Myanmar;Sagaing;Naga Self-Administered Zone;MMR;NA;NA;November;2019;0;0
Myanmar;Shan-South;Langkho;MMR;MMR014D003;MMR014;November;2019;0;0
Myanmar;Shan-South;Loilen;MMR;MMR014D002;MMR014;November;2019;1;0
Myanmar;Chin;Falam;MMR;MMR004D001;MMR004;November;2019;0;0
Myanmar;Kayin;Hpapun;MMR;MMR003D004;MMR003;November;2019;0;0
Myanmar;Mandalay;Nyaung-U;MMR;MMR010D005;MMR010;November;2019;0;0
Myanmar;Mon;Thaton;MMR;MMR011D002;MMR011;November;2019;1;0
Myanmar;Rakhine;Sittwe;MMR;MMR012D001;MMR012;November;2019;25;3
Myanmar;Sagaing;Mawlaik;MMR;MMR005D007;MMR005;November;2019;0;0
Myanmar;Sagaing;Monywa;MMR;MMR005D003;MMR005;November;2019;0;0
Myanmar;Sagaing;Yinmarbin;MMR;MMR005D009;MMR005;November;2019;0;0
Myanmar;Shan-East;Tachileik;MMR;MMR016D003;MMR016;November;2019;0;0
Myanmar;Tanintharyi;Kawthoung;MMR;MMR006D003;MMR006;November;2019;0;0
Myanmar;Yangon;Yangon-West;MMR;MMR013D004;MMR013;November;2019;0;0
Myanmar;Ayeyarwady;Hinthada;MMR;MMR017D002;MMR017;November;2019;0;0
Myanmar;Bago-West;Thayarwady;MMR;MMR008D002;MMR008;November;2019;0;0
Myanmar;Kayah;Bawlake;MMR;MMR002D002;MMR002;November;2019;0;0
Myanmar;Mandalay;Pyinoolwin;MMR;MMR010D002;MMR010;November;2019;0;0
Myanmar;Mandalay;Yamethin;MMR;MMR010D006;MMR010;November;2019;0;0
Myanmar;Mon;Mawlamyine;MMR;MMR011D001;MMR011;November;2019;0;0
Myanmar;Nay Pyi Taw;Det Khi Na;MMR;MMR018D002;MMR018;November;2019;0;0
Myanmar;Sagaing;Kanbalu;MMR;MMR005D010;MMR005;November;2019;0;0
Myanmar;Shan-North;Lashio;MMR;MMR015D001;MMR015;November;2019;2;0
Myanmar;Shan-South;Danu Self-Administered Zone;MMR;NA;NA;November;2019;0;0
Myanmar;Tanintharyi;Myeik;MMR;MMR006D002;MMR006;November;2019;0;0
Myanmar;Ayeyarwady;Myaungmya;MMR;MMR017D003;MMR017;December;2019;0;0
Myanmar;Chin;Matupi;MMR;MMR004D004;MMR004;December;2019;14;21
Myanmar;Magway;Magway;MMR;MMR009D001;MMR009;December;2019;0;0
Myanmar;Magway;Minbu;MMR;MMR009D002;MMR009;December;2019;0;0
Myanmar;Sagaing;Hkamti;MMR;MMR005D008;MMR005;December;2019;0;0
Myanmar;Sagaing;Katha;MMR;MMR005D004;MMR005;December;2019;0;0
Myanmar;Sagaing;Shwebo;MMR;MMR005D002;MMR005;December;2019;0;0
Myanmar;Sagaing;Tamu;MMR;MMR005D006;MMR005;December;2019;0;0
Myanmar;Shan-North;Kyaukme;MMR;NA;NA;December;2019;3;4
Myanmar;Shan-North;Matman;MMR;MMR015D007;MMR015;December;2019;0;0
Myanmar;Shan-North;Pa Laung Self-Administered Zone;MMR;NA;NA;December;2019;11;3
Myanmar;Yangon;Yangon-East;MMR;MMR013D002;MMR013;December;2019;0;0
Myanmar;Ayeyarwady;Pathein;MMR;MMR017D001;MMR017;December;2019;0;0
Myanmar;Ayeyarwady;Pyapon;MMR;MMR017D006;MMR017;December;2019;0;0
Myanmar;Bago-East;Taungoo;MMR;MMR007D002;MMR007;December;2019;0;0
Myanmar;Kayah;Loikaw;MMR;MMR002D001;MMR002;December;2019;0;0
Myanmar;Kayin;Kawkareik;MMR;MMR003D003;MMR003;December;2019;2;1
Myanmar;Magway;Thayet;MMR;MMR009D003;MMR009;December;2019;0;0
Myanmar;Mandalay;Kyaukse;MMR;MMR010D003;MMR010;December;2019;0;0
Myanmar;Rakhine;Kyaukpyu;MMR;MMR012D003;MMR012;December;2019;8;2
Myanmar;Shan-East;Monghsat;MMR;MMR016D002;MMR016;December;2019;0;0
Myanmar;Shan-South;Pa-O Self-Administered Zone;MMR;NA;NA;December;2019;0;0
Myanmar;Shan-South;Taunggyi;MMR;MMR014D001;MMR014;December;2019;0;0
Myanmar;Tanintharyi;Dawei;MMR;MMR006D001;MMR006;December;2019;0;0
Myanmar;Yangon;Yangon-North;MMR;MMR013D001;MMR013;December;2019;0;0
Myanmar;Bago-West;Pyay;MMR;MMR008D001;MMR008;December;2019;0;0
Myanmar;Chin;Mindat;MMR;MMR004D002;MMR004;December;2019;0;0
Myanmar;Kachin;Bhamo;MMR;MMR001D003;MMR001;December;2019;0;0
Myanmar;Kachin;Myitkyina;MMR;MMR001D001;MMR001;December;2019;0;0
Myanmar;Magway;Gangaw;MMR;MMR009D005;MMR009;December;2019;0;0
Myanmar;Nay Pyi Taw;Oke Ta Ra;MMR;MMR018D001;MMR018;December;2019;0;0
Myanmar;Rakhine;Thandwe;MMR;MMR012D004;MMR012;December;2019;2;0
Myanmar;Shan-East;Kengtung;MMR;MMR016D001;MMR016;December;2019;1;3
Myanmar;Shan-North;Mongmit;MMR;MMR015D008;MMR015;December;2019;0;0
Myanmar;Yangon;Yangon-South;MMR;MMR013D003;MMR013;December;2019;0;0
Myanmar;Ayeyarwady;Labutta;MMR;MMR017D004;MMR017;December;2019;0;0
Myanmar;Ayeyarwady;Maubin;MMR;MMR017D005;MMR017;December;2019;0;0
Myanmar;Magway;Pakokku;MMR;MMR009D004;MMR009;December;2019;0;0
Myanmar;Mandalay;Myingyan;MMR;MMR010D004;MMR010;December;2019;0;0
Myanmar;Rakhine;Maungdaw;MMR;MMR012D002;MMR012;December;2019;13;9
Myanmar;Rakhine;Mrauk-U;MMR;MMR012D005;MMR012;December;2019;48;55
Myanmar;Shan-North;Hopang;MMR;MMR015D006;MMR015;December;2019;0;0
Myanmar;Shan-North;Kokang Self-Administered Zone;MMR;MMR015D221;MMR015;December;2019;0;0
Myanmar;Shan-North;Muse;MMR;MMR015D002;MMR015;December;2019;4;1
Myanmar;Sagaing;Kale;MMR;MMR005D005;MMR005;December;2019;0;0
Myanmar;Sagaing;Sagaing;MMR;MMR005D001;MMR005;December;2019;0;0
Myanmar;Bago-East;Bago;MMR;MMR007D001;MMR007;December;2019;0;0
Myanmar;Chin;Hakha;MMR;MMR004D003;MMR004;December;2019;0;0
Myanmar;Kachin;Mohnyin;MMR;MMR001D002;MMR001;December;2019;0;0
Myanmar;Kachin;Puta-O;MMR;MMR001D004;MMR001;December;2019;0;0
Myanmar;Kayin;Hpa-An;MMR;MMR003D001;MMR003;December;2019;0;0
Myanmar;Kayin;Myawaddy;MMR;MMR003D002;MMR003;December;2019;0;0
Myanmar;Mandalay;Mandalay;MMR;MMR010D001;MMR010;December;2019;0;0
Myanmar;Mandalay;Meiktila;MMR;MMR010D007;MMR010;December;2019;0;0
Myanmar;Sagaing;Kawlin;MMR;MMR005D011;MMR005;December;2019;0;0
Myanmar;Sagaing;Naga Self-Administered Zone;MMR;NA;NA;December;2019;0;0
Myanmar;Shan-South;Langkho;MMR;MMR014D003;MMR014;December;2019;0;0
Myanmar;Shan-South;Loilen;MMR;MMR014D002;MMR014;December;2019;0;0
Myanmar;Chin;Falam;MMR;MMR004D001;MMR004;December;2019;1;0
Myanmar;Kayin;Hpapun;MMR;MMR003D004;MMR003;December;2019;0;0
Myanmar;Mandalay;Nyaung-U;MMR;MMR010D005;MMR010;December;2019;0;0
Myanmar;Mon;Thaton;MMR;MMR011D002;MMR011;December;2019;0;0
Myanmar;Rakhine;Sittwe;MMR;MMR012D001;MMR012;December;2019;19;26
Myanmar;Sagaing;Mawlaik;MMR;MMR005D007;MMR005;December;2019;0;0
Myanmar;Sagaing;Monywa;MMR;MMR005D003;MMR005;December;2019;0;0
Myanmar;Sagaing;Yinmarbin;MMR;MMR005D009;MMR005;December;2019;0;0
Myanmar;Shan-East;Tachileik;MMR;MMR016D003;MMR016;December;2019;1;0
Myanmar;Tanintharyi;Kawthoung;MMR;MMR006D003;MMR006;December;2019;0;0
Myanmar;Yangon;Yangon-West;MMR;MMR013D004;MMR013;December;2019;0;0
Myanmar;Ayeyarwady;Hinthada;MMR;MMR017D002;MMR017;December;2019;0;0
Myanmar;Bago-West;Thayarwady;MMR;MMR008D002;MMR008;December;2019;0;0
Myanmar;Kayah;Bawlake;MMR;MMR002D002;MMR002;December;2019;0;0
Myanmar;Mandalay;Pyinoolwin;MMR;MMR010D002;MMR010;December;2019;0;0
Myanmar;Mandalay;Yamethin;MMR;MMR010D006;MMR010;December;2019;0;0
Myanmar;Mon;Mawlamyine;MMR;MMR011D001;MMR011;December;2019;1;0
Myanmar;Nay Pyi Taw;Det Khi Na;MMR;MMR018D002;MMR018;December;2019;0;0
Myanmar;Sagaing;Kanbalu;MMR;MMR005D010;MMR005;December;2019;0;0
Myanmar;Shan-North;Lashio;MMR;MMR015D001;MMR015;December;2019;8;1
Myanmar;Shan-South;Danu Self-Administered Zone;MMR;NA;NA;December;2019;0;0
Myanmar;Tanintharyi;Myeik;MMR;MMR006D002;MMR006;December;2019;0;0
Myanmar;Ayeyarwady;Myaungmya;MMR;MMR017D003;MMR017;January;2020;0;0
Myanmar;Chin;Matupi;MMR;MMR004D004;MMR004;January;2020;16;17
Myanmar;Magway;Magway;MMR;MMR009D001;MMR009;January;2020;0;0
Myanmar;Magway;Minbu;MMR;MMR009D002;MMR009;January;2020;0;0
Myanmar;Sagaing;Hkamti;MMR;MMR005D008;MMR005;January;2020;0;0
Myanmar;Sagaing;Katha;MMR;MMR005D004;MMR005;January;2020;0;0
Myanmar;Sagaing;Shwebo;MMR;MMR005D002;MMR005;January;2020;0;0
Myanmar;Sagaing;Tamu;MMR;MMR005D006;MMR005;January;2020;0;0
Myanmar;Shan-North;Kyaukme;MMR;NA;NA;January;2020;13;8
Myanmar;Shan-North;Matman;MMR;MMR015D007;MMR015;January;2020;0;0
Myanmar;Shan-North;Pa Laung Self-Administered Zone;MMR;NA;NA;January;2020;7;1
Myanmar;Yangon;Yangon-East;MMR;MMR013D002;MMR013;January;2020;0;0
Myanmar;Ayeyarwady;Pathein;MMR;MMR017D001;MMR017;January;2020;0;0
Myanmar;Ayeyarwady;Pyapon;MMR;MMR017D006;MMR017;January;2020;0;0
Myanmar;Bago-East;Taungoo;MMR;MMR007D002;MMR007;January;2020;1;0
Myanmar;Kayah;Loikaw;MMR;MMR002D001;MMR002;January;2020;0;0
Myanmar;Kayin;Kawkareik;MMR;MMR003D003;MMR003;January;2020;0;0
Myanmar;Magway;Thayet;MMR;MMR009D003;MMR009;January;2020;0;0
Myanmar;Mandalay;Kyaukse;MMR;MMR010D003;MMR010;January;2020;0;0
Myanmar;Rakhine;Kyaukpyu;MMR;MMR012D003;MMR012;January;2020;12;0
Myanmar;Shan-East;Monghsat;MMR;MMR016D002;MMR016;January;2020;0;0
Myanmar;Shan-South;Pa-O Self-Administered Zone;MMR;NA;NA;January;2020;0;0
Myanmar;Shan-South;Taunggyi;MMR;MMR014D001;MMR014;January;2020;0;0
Myanmar;Tanintharyi;Dawei;MMR;MMR006D001;MMR006;January;2020;0;0
Myanmar;Yangon;Yangon-North;MMR;MMR013D001;MMR013;January;2020;0;0
Myanmar;Bago-West;Pyay;MMR;MMR008D001;MMR008;January;2020;0;0
Myanmar;Chin;Mindat;MMR;MMR004D002;MMR004;January;2020;0;0
Myanmar;Kachin;Bhamo;MMR;MMR001D003;MMR001;January;2020;0;0
Myanmar;Kachin;Myitkyina;MMR;MMR001D001;MMR001;January;2020;0;0
Myanmar;Magway;Gangaw;MMR;MMR009D005;MMR009;January;2020;0;0
Myanmar;Nay Pyi Taw;Oke Ta Ra;MMR;MMR018D001;MMR018;January;2020;0;0
Myanmar;Rakhine;Thandwe;MMR;MMR012D004;MMR012;January;2020;0;0
Myanmar;Shan-East;Kengtung;MMR;MMR016D001;MMR016;January;2020;0;0
Myanmar;Shan-North;Mongmit;MMR;MMR015D008;MMR015;January;2020;0;0
Myanmar;Yangon;Yangon-South;MMR;MMR013D003;MMR013;January;2020;0;0
Myanmar;Ayeyarwady;Labutta;MMR;MMR017D004;MMR017;January;2020;0;0
Myanmar;Ayeyarwady;Maubin;MMR;MMR017D005;MMR017;January;2020;0;0
Myanmar;Magway;Pakokku;MMR;MMR009D004;MMR009;January;2020;0;0
Myanmar;Mandalay;Myingyan;MMR;MMR010D004;MMR010;January;2020;0;0
Myanmar;Rakhine;Maungdaw;MMR;MMR012D002;MMR012;January;2020;10;6
Myanmar;Rakhine;Mrauk-U;MMR;MMR012D005;MMR012;January;2020;34;48
Myanmar;Shan-North;Hopang;MMR;MMR015D006;MMR015;January;2020;0;0
Myanmar;Shan-North;Kokang Self-Administered Zone;MMR;MMR015D221;MMR015;January;2020;0;0
Myanmar;Shan-North;Muse;MMR;MMR015D002;MMR015;January;2020;8;1
Myanmar;Sagaing;Kale;MMR;MMR005D005;MMR005;January;2020;0;0
Myanmar;Sagaing;Sagaing;MMR;MMR005D001;MMR005;January;2020;0;0
Myanmar;Bago-East;Bago;MMR;MMR007D001;MMR007;January;2020;0;0
Myanmar;Chin;Hakha;MMR;MMR004D003;MMR004;January;2020;0;0
Myanmar;Kachin;Mohnyin;MMR;MMR001D002;MMR001;January;2020;0;0
Myanmar;Kachin;Puta-O;MMR;MMR001D004;MMR001;January;2020;0;0
Myanmar;Kayin;Hpa-An;MMR;MMR003D001;MMR003;January;2020;0;0
Myanmar;Kayin;Myawaddy;MMR;MMR003D002;MMR003;January;2020;1;0
Myanmar;Mandalay;Mandalay;MMR;MMR010D001;MMR010;January;2020;0;0
Myanmar;Mandalay;Meiktila;MMR;MMR010D007;MMR010;January;2020;0;0
Myanmar;Sagaing;Kawlin;MMR;MMR005D011;MMR005;January;2020;0;0
Myanmar;Sagaing;Naga Self-Administered Zone;MMR;NA;NA;January;2020;0;0
Myanmar;Shan-South;Langkho;MMR;MMR014D003;MMR014;January;2020;0;0
Myanmar;Shan-South;Loilen;MMR;MMR014D002;MMR014;January;2020;0;0
Myanmar;Chin;Falam;MMR;MMR004D001;MMR004;January;2020;0;0
Myanmar;Kayin;Hpapun;MMR;MMR003D004;MMR003;January;2020;13;2
Myanmar;Mandalay;Nyaung-U;MMR;MMR010D005;MMR010;January;2020;0;0
Myanmar;Mon;Thaton;MMR;MMR011D002;MMR011;January;2020;0;0
Myanmar;Rakhine;Sittwe;MMR;MMR012D001;MMR012;January;2020;15;6
Myanmar;Sagaing;Mawlaik;MMR;MMR005D007;MMR005;January;2020;0;0
Myanmar;Sagaing;Monywa;MMR;MMR005D003;MMR005;January;2020;0;0
Myanmar;Sagaing;Yinmarbin;MMR;MMR005D009;MMR005;January;2020;0;0
Myanmar;Shan-East;Tachileik;MMR;MMR016D003;MMR016;January;2020;0;0
Myanmar;Tanintharyi;Kawthoung;MMR;MMR006D003;MMR006;January;2020;0;0
Myanmar;Yangon;Yangon-West;MMR;MMR013D004;MMR013;January;2020;0;0
Myanmar;Ayeyarwady;Hinthada;MMR;MMR017D002;MMR017;January;2020;0;0
Myanmar;Bago-West;Thayarwady;MMR;MMR008D002;MMR008;January;2020;0;0
Myanmar;Kayah;Bawlake;MMR;MMR002D002;MMR002;January;2020;0;0
Myanmar;Mandalay;Pyinoolwin;MMR;MMR010D002;MMR010;January;2020;0;0
Myanmar;Mandalay;Yamethin;MMR;MMR010D006;MMR010;January;2020;0;0
Myanmar;Mon;Mawlamyine;MMR;MMR011D001;MMR011;January;2020;1;0
Myanmar;Nay Pyi Taw;Det Khi Na;MMR;MMR018D002;MMR018;January;2020;0;0
Myanmar;Sagaing;Kanbalu;MMR;MMR005D010;MMR005;January;2020;0;0
Myanmar;Shan-North;Lashio;MMR;MMR015D001;MMR015;January;2020;2;2
Myanmar;Shan-South;Danu Self-Administered Zone;MMR;NA;NA;January;2020;0;0
Myanmar;Tanintharyi;Myeik;MMR;MMR006D002;MMR006;January;2020;0;0
Myanmar;Ayeyarwady;Myaungmya;MMR;MMR017D003;MMR017;February;2020;0;0
Myanmar;Chin;Matupi;MMR;MMR004D004;MMR004;February;2020;24;0
Myanmar;Magway;Magway;MMR;MMR009D001;MMR009;February;2020;0;0
Myanmar;Magway;Minbu;MMR;MMR009D002;MMR009;February;2020;0;0
Myanmar;Sagaing;Hkamti;MMR;MMR005D008;MMR005;February;2020;0;0
Myanmar;Sagaing;Katha;MMR;MMR005D004;MMR005;February;2020;0;0
Myanmar;Sagaing;Shwebo;MMR;MMR005D002;MMR005;February;2020;0;0
Myanmar;Sagaing;Tamu;MMR;MMR005D006;MMR005;February;2020;0;0
Myanmar;Shan-North;Kyaukme;MMR;NA;NA;February;2020;3;3
Myanmar;Shan-North;Matman;MMR;MMR015D007;MMR015;February;2020;0;0
Myanmar;Shan-North;Pa Laung Self-Administered Zone;MMR;NA;NA;February;2020;0;0
Myanmar;Yangon;Yangon-East;MMR;MMR013D002;MMR013;February;2020;0;0
Myanmar;Ayeyarwady;Pathein;MMR;MMR017D001;MMR017;February;2020;0;0
Myanmar;Ayeyarwady;Pyapon;MMR;MMR017D006;MMR017;February;2020;0;0
Myanmar;Bago-East;Taungoo;MMR;MMR007D002;MMR007;February;2020;0;0
Myanmar;Kayah;Loikaw;MMR;MMR002D001;MMR002;February;2020;1;0
Myanmar;Kayin;Kawkareik;MMR;MMR003D003;MMR003;February;2020;0;0
Myanmar;Magway;Thayet;MMR;MMR009D003;MMR009;February;2020;1;0
Myanmar;Mandalay;Kyaukse;MMR;MMR010D003;MMR010;February;2020;0;0
Myanmar;Rakhine;Kyaukpyu;MMR;MMR012D003;MMR012;February;2020;7;8
Myanmar;Shan-East;Monghsat;MMR;MMR016D002;MMR016;February;2020;0;0
Myanmar;Shan-South;Pa-O Self-Administered Zone;MMR;NA;NA;February;2020;0;0
Myanmar;Shan-South;Taunggyi;MMR;MMR014D001;MMR014;February;2020;0;0
Myanmar;Tanintharyi;Dawei;MMR;MMR006D001;MMR006;February;2020;1;0
Myanmar;Yangon;Yangon-North;MMR;MMR013D001;MMR013;February;2020;0;0
Myanmar;Bago-West;Pyay;MMR;MMR008D001;MMR008;February;2020;0;0
Myanmar;Chin;Mindat;MMR;MMR004D002;MMR004;February;2020;0;0
Myanmar;Kachin;Bhamo;MMR;MMR001D003;MMR001;February;2020;0;0
Myanmar;Kachin;Myitkyina;MMR;MMR001D001;MMR001;February;2020;1;0
Myanmar;Magway;Gangaw;MMR;MMR009D005;MMR009;February;2020;0;0
Myanmar;Nay Pyi Taw;Oke Ta Ra;MMR;MMR018D001;MMR018;February;2020;0;0
Myanmar;Rakhine;Thandwe;MMR;MMR012D004;MMR012;February;2020;2;0
Myanmar;Shan-East;Kengtung;MMR;MMR016D001;MMR016;February;2020;0;0
Myanmar;Shan-North;Mongmit;MMR;MMR015D008;MMR015;February;2020;0;0
Myanmar;Yangon;Yangon-South;MMR;MMR013D003;MMR013;February;2020;0;0
Myanmar;Ayeyarwady;Labutta;MMR;MMR017D004;MMR017;February;2020;0;0
Myanmar;Ayeyarwady;Maubin;MMR;MMR017D005;MMR017;February;2020;0;0
Myanmar;Magway;Pakokku;MMR;MMR009D004;MMR009;February;2020;0;0
Myanmar;Mandalay;Myingyan;MMR;MMR010D004;MMR010;February;2020;0;0
Myanmar;Rakhine;Maungdaw;MMR;MMR012D002;MMR012;February;2020;19;9
Myanmar;Rakhine;Mrauk-U;MMR;MMR012D005;MMR012;February;2020;67;29
Myanmar;Shan-North;Hopang;MMR;MMR015D006;MMR015;February;2020;0;0
Myanmar;Shan-North;Kokang Self-Administered Zone;MMR;MMR015D221;MMR015;February;2020;0;0
Myanmar;Shan-North;Muse;MMR;MMR015D002;MMR015;February;2020;2;0
Myanmar;Sagaing;Kale;MMR;MMR005D005;MMR005;February;2020;0;0
Myanmar;Sagaing;Sagaing;MMR;MMR005D001;MMR005;February;2020;0;0
Myanmar;Bago-East;Bago;MMR;MMR007D001;MMR007;February;2020;0;0
Myanmar;Chin;Hakha;MMR;MMR004D003;MMR004;February;2020;0;0
Myanmar;Kachin;Mohnyin;MMR;MMR001D002;MMR001;February;2020;0;0
Myanmar;Kachin;Puta-O;MMR;MMR001D004;MMR001;February;2020;0;0
Myanmar;Kayin;Hpa-An;MMR;MMR003D001;MMR003;February;2020;0;0
Myanmar;Kayin;Myawaddy;MMR;MMR003D002;MMR003;February;2020;1;0
Myanmar;Mandalay;Mandalay;MMR;MMR010D001;MMR010;February;2020;0;0
Myanmar;Mandalay;Meiktila;MMR;MMR010D007;MMR010;February;2020;0;0
Myanmar;Sagaing;Kawlin;MMR;MMR005D011;MMR005;February;2020;0;0
Myanmar;Sagaing;Naga Self-Administered Zone;MMR;NA;NA;February;2020;0;0
Myanmar;Shan-South;Langkho;MMR;MMR014D003;MMR014;February;2020;0;0
Myanmar;Shan-South;Loilen;MMR;MMR014D002;MMR014;February;2020;4;3
Myanmar;Chin;Falam;MMR;MMR004D001;MMR004;February;2020;0;0
Myanmar;Kayin;Hpapun;MMR;MMR003D004;MMR003;February;2020;11;0
Myanmar;Mandalay;Nyaung-U;MMR;MMR010D005;MMR010;February;2020;0;0
Myanmar;Mon;Thaton;MMR;MMR011D002;MMR011;February;2020;0;0
Myanmar;Rakhine;Sittwe;MMR;MMR012D001;MMR012;February;2020;23;25
Myanmar;Sagaing;Mawlaik;MMR;MMR005D007;MMR005;February;2020;0;0
Myanmar;Sagaing;Monywa;MMR;MMR005D003;MMR005;February;2020;0;0
Myanmar;Sagaing;Yinmarbin;MMR;MMR005D009;MMR005;February;2020;0;0
Myanmar;Shan-East;Tachileik;MMR;MMR016D003;MMR016;February;2020;2;0
Myanmar;Tanintharyi;Kawthoung;MMR;MMR006D003;MMR006;February;2020;0;0
Myanmar;Yangon;Yangon-West;MMR;MMR013D004;MMR013;February;2020;0;0
Myanmar;Ayeyarwady;Hinthada;MMR;MMR017D002;MMR017;February;2020;0;0
Myanmar;Bago-West;Thayarwady;MMR;MMR008D002;MMR008;February;2020;0;0
Myanmar;Kayah;Bawlake;MMR;MMR002D002;MMR002;February;2020;0;0
Myanmar;Mandalay;Pyinoolwin;MMR;MMR010D002;MMR010;February;2020;0;0
Myanmar;Mandalay;Yamethin;MMR;MMR010D006;MMR010;February;2020;0;0
Myanmar;Mon;Mawlamyine;MMR;MMR011D001;MMR011;February;2020;0;0
Myanmar;Nay Pyi Taw;Det Khi Na;MMR;MMR018D002;MMR018;February;2020;0;0
Myanmar;Sagaing;Kanbalu;MMR;MMR005D010;MMR005;February;2020;0;0
Myanmar;Shan-North;Lashio;MMR;MMR015D001;MMR015;February;2020;0;0
Myanmar;Shan-South;Danu Self-Administered Zone;MMR;NA;NA;February;2020;0;0
Myanmar;Tanintharyi;Myeik;MMR;MMR006D002;MMR006;February;2020;0;0
Myanmar;Ayeyarwady;Myaungmya;MMR;MMR017D003;MMR017;March;2020;0;0
Myanmar;Chin;Matupi;MMR;MMR004D004;MMR004;March;2020;20;48
Myanmar;Magway;Magway;MMR;MMR009D001;MMR009;March;2020;0;0
Myanmar;Magway;Minbu;MMR;MMR009D002;MMR009;March;2020;0;0
Myanmar;Sagaing;Hkamti;MMR;MMR005D008;MMR005;March;2020;0;0
Myanmar;Sagaing;Katha;MMR;MMR005D004;MMR005;March;2020;0;0
Myanmar;Sagaing;Shwebo;MMR;MMR005D002;MMR005;March;2020;0;0
Myanmar;Sagaing;Tamu;MMR;MMR005D006;MMR005;March;2020;0;0
Myanmar;Shan-North;Kyaukme;MMR;NA;NA;March;2020;1;2
Myanmar;Shan-North;Matman;MMR;MMR015D007;MMR015;March;2020;0;0
Myanmar;Shan-North;Pa Laung Self-Administered Zone;MMR;NA;NA;March;2020;2;1
Myanmar;Yangon;Yangon-East;MMR;MMR013D002;MMR013;March;2020;0;0
Myanmar;Ayeyarwady;Pathein;MMR;MMR017D001;MMR017;March;2020;1;1
Myanmar;Ayeyarwady;Pyapon;MMR;MMR017D006;MMR017;March;2020;0;0
Myanmar;Bago-East;Taungoo;MMR;MMR007D002;MMR007;March;2020;0;0
Myanmar;Kayah;Loikaw;MMR;MMR002D001;MMR002;March;2020;0;0
Myanmar;Kayin;Kawkareik;MMR;MMR003D003;MMR003;March;2020;0;0
Myanmar;Magway;Thayet;MMR;MMR009D003;MMR009;March;2020;0;0
Myanmar;Mandalay;Kyaukse;MMR;MMR010D003;MMR010;March;2020;0;0
Myanmar;Rakhine;Kyaukpyu;MMR;MMR012D003;MMR012;March;2020;5;0
Myanmar;Shan-East;Monghsat;MMR;MMR016D002;MMR016;March;2020;1;0
Myanmar;Shan-South;Pa-O Self-Administered Zone;MMR;NA;NA;March;2020;0;0
Myanmar;Shan-South;Taunggyi;MMR;MMR014D001;MMR014;March;2020;0;0
Myanmar;Tanintharyi;Dawei;MMR;MMR006D001;MMR006;March;2020;2;0
Myanmar;Yangon;Yangon-North;MMR;MMR013D001;MMR013;March;2020;0;0
Myanmar;Bago-West;Pyay;MMR;MMR008D001;MMR008;March;2020;0;0
Myanmar;Chin;Mindat;MMR;MMR004D002;MMR004;March;2020;0;0
Myanmar;Kachin;Bhamo;MMR;MMR001D003;MMR001;March;2020;0;0
Myanmar;Kachin;Myitkyina;MMR;MMR001D001;MMR001;March;2020;0;0
Myanmar;Magway;Gangaw;MMR;MMR009D005;MMR009;March;2020;0;0
Myanmar;Nay Pyi Taw;Oke Ta Ra;MMR;MMR018D001;MMR018;March;2020;0;0
Myanmar;Rakhine;Thandwe;MMR;MMR012D004;MMR012;March;2020;0;0
Myanmar;Shan-East;Kengtung;MMR;MMR016D001;MMR016;March;2020;1;7
Myanmar;Shan-North;Mongmit;MMR;MMR015D008;MMR015;March;2020;2;0
Myanmar;Yangon;Yangon-South;MMR;MMR013D003;MMR013;March;2020;0;0
Myanmar;Ayeyarwady;Labutta;MMR;MMR017D004;MMR017;March;2020;0;0
Myanmar;Ayeyarwady;Maubin;MMR;MMR017D005;MMR017;March;2020;0;0
Myanmar;Magway;Pakokku;MMR;MMR009D004;MMR009;March;2020;0;0
Myanmar;Mandalay;Myingyan;MMR;MMR010D004;MMR010;March;2020;0;0
Myanmar;Rakhine;Maungdaw;MMR;MMR012D002;MMR012;March;2020;14;7
Myanmar;Rakhine;Mrauk-U;MMR;MMR012D005;MMR012;March;2020;72;67
Myanmar;Shan-North;Hopang;MMR;MMR015D006;MMR015;March;2020;0;0
Myanmar;Shan-North;Kokang Self-Administered Zone;MMR;MMR015D221;MMR015;March;2020;0;0
Myanmar;Shan-North;Muse;MMR;MMR015D002;MMR015;March;2020;6;4
Myanmar;Sagaing;Kale;MMR;MMR005D005;MMR005;March;2020;0;0
Myanmar;Sagaing;Sagaing;MMR;MMR005D001;MMR005;March;2020;0;0
Myanmar;Bago-East;Bago;MMR;MMR007D001;MMR007;March;2020;0;0
Myanmar;Chin;Hakha;MMR;MMR004D003;MMR004;March;2020;0;0
Myanmar;Kachin;Mohnyin;MMR;MMR001D002;MMR001;March;2020;1;0
Myanmar;Kachin;Puta-O;MMR;MMR001D004;MMR001;March;2020;0;0
Myanmar;Kayin;Hpa-An;MMR;MMR003D001;MMR003;March;2020;0;0
Myanmar;Kayin;Myawaddy;MMR;MMR003D002;MMR003;March;2020;1;0
Myanmar;Mandalay;Mandalay;MMR;MMR010D001;MMR010;March;2020;1;0
Myanmar;Mandalay;Meiktila;MMR;MMR010D007;MMR010;March;2020;0;0
Myanmar;Sagaing;Kawlin;MMR;MMR005D011;MMR005;March;2020;0;0
Myanmar;Sagaing;Naga Self-Administered Zone;MMR;NA;NA;March;2020;0;0
Myanmar;Shan-South;Langkho;MMR;MMR014D003;MMR014;March;2020;0;0
Myanmar;Shan-South;Loilen;MMR;MMR014D002;MMR014;March;2020;5;4
Myanmar;Chin;Falam;MMR;MMR004D001;MMR004;March;2020;0;0
Myanmar;Kayin;Hpapun;MMR;MMR003D004;MMR003;March;2020;13;2
Myanmar;Mandalay;Nyaung-U;MMR;MMR010D005;MMR010;March;2020;0;0
Myanmar;Mon;Thaton;MMR;MMR011D002;MMR011;March;2020;0;0
Myanmar;Rakhine;Sittwe;MMR;MMR012D001;MMR012;March;2020;22;4
Myanmar;Sagaing;Mawlaik;MMR;MMR005D007;MMR005;March;2020;0;0
Myanmar;Sagaing;Monywa;MMR;MMR005D003;MMR005;March;2020;0;0
Myanmar;Sagaing;Yinmarbin;MMR;MMR005D009;MMR005;March;2020;0;0
Myanmar;Shan-East;Tachileik;MMR;MMR016D003;MMR016;March;2020;0;0
Myanmar;Tanintharyi;Kawthoung;MMR;MMR006D003;MMR006;March;2020;0;0
Myanmar;Yangon;Yangon-West;MMR;MMR013D004;MMR013;March;2020;1;0
Myanmar;Ayeyarwady;Hinthada;MMR;MMR017D002;MMR017;March;2020;0;0
Myanmar;Bago-West;Thayarwady;MMR;MMR008D002;MMR008;March;2020;0;0
Myanmar;Kayah;Bawlake;MMR;MMR002D002;MMR002;March;2020;0;0
Myanmar;Mandalay;Pyinoolwin;MMR;MMR010D002;MMR010;March;2020;0;0
Myanmar;Mandalay;Yamethin;MMR;MMR010D006;MMR010;March;2020;0;0
Myanmar;Mon;Mawlamyine;MMR;MMR011D001;MMR011;March;2020;1;1
Myanmar;Nay Pyi Taw;Det Khi Na;MMR;MMR018D002;MMR018;March;2020;0;0
Myanmar;Sagaing;Kanbalu;MMR;MMR005D010;MMR005;March;2020;0;0
Myanmar;Shan-North;Lashio;MMR;MMR015D001;MMR015;March;2020;0;0
Myanmar;Shan-South;Danu Self-Administered Zone;MMR;NA;NA;March;2020;0;0
Myanmar;Tanintharyi;Myeik;MMR;MMR006D002;MMR006;March;2020;0;0
Myanmar;Ayeyarwady;Myaungmya;MMR;MMR017D003;MMR017;April;2020;0;0
Myanmar;Chin;Matupi;MMR;MMR004D004;MMR004;April;2020;15;14
Myanmar;Magway;Magway;MMR;MMR009D001;MMR009;April;2020;0;0
Myanmar;Magway;Minbu;MMR;MMR009D002;MMR009;April;2020;0;0
Myanmar;Sagaing;Hkamti;MMR;MMR005D008;MMR005;April;2020;2;0
Myanmar;Sagaing;Katha;MMR;MMR005D004;MMR005;April;2020;0;0
Myanmar;Sagaing;Shwebo;MMR;MMR005D002;MMR005;April;2020;0;0
Myanmar;Sagaing;Tamu;MMR;MMR005D006;MMR005;April;2020;0;0
Myanmar;Shan-North;Kyaukme;MMR;NA;NA;April;2020;2;5
Myanmar;Shan-North;Matman;MMR;MMR015D007;MMR015;April;2020;0;0
Myanmar;Shan-North;Pa Laung Self-Administered Zone;MMR;NA;NA;April;2020;0;0
Myanmar;Yangon;Yangon-East;MMR;MMR013D002;MMR013;April;2020;0;0
Myanmar;Ayeyarwady;Pathein;MMR;MMR017D001;MMR017;April;2020;0;0
Myanmar;Ayeyarwady;Pyapon;MMR;MMR017D006;MMR017;April;2020;0;0
Myanmar;Bago-East;Taungoo;MMR;MMR007D002;MMR007;April;2020;0;0
Myanmar;Kayah;Loikaw;MMR;MMR002D001;MMR002;April;2020;0;0
Myanmar;Kayin;Kawkareik;MMR;MMR003D003;MMR003;April;2020;0;0
Myanmar;Magway;Thayet;MMR;MMR009D003;MMR009;April;2020;0;0
Myanmar;Mandalay;Kyaukse;MMR;MMR010D003;MMR010;April;2020;0;0
Myanmar;Rakhine;Kyaukpyu;MMR;MMR012D003;MMR012;April;2020;3;1
Myanmar;Shan-East;Monghsat;MMR;MMR016D002;MMR016;April;2020;0;0
Myanmar;Shan-South;Pa-O Self-Administered Zone;MMR;NA;NA;April;2020;0;0
Myanmar;Shan-South;Taunggyi;MMR;MMR014D001;MMR014;April;2020;0;0
Myanmar;Tanintharyi;Dawei;MMR;MMR006D001;MMR006;April;2020;0;0
Myanmar;Yangon;Yangon-North;MMR;MMR013D001;MMR013;April;2020;0;0
Myanmar;Bago-West;Pyay;MMR;MMR008D001;MMR008;April;2020;0;0
Myanmar;Chin;Mindat;MMR;MMR004D002;MMR004;April;2020;0;0
Myanmar;Kachin;Bhamo;MMR;MMR001D003;MMR001;April;2020;0;0
Myanmar;Kachin;Myitkyina;MMR;MMR001D001;MMR001;April;2020;0;0
Myanmar;Magway;Gangaw;MMR;MMR009D005;MMR009;April;2020;0;0
Myanmar;Nay Pyi Taw;Oke Ta Ra;MMR;MMR018D001;MMR018;April;2020;0;0
Myanmar;Rakhine;Thandwe;MMR;MMR012D004;MMR012;April;2020;1;0
Myanmar;Shan-East;Kengtung;MMR;MMR016D001;MMR016;April;2020;0;0
Myanmar;Shan-North;Mongmit;MMR;MMR015D008;MMR015;April;2020;0;0
Myanmar;Yangon;Yangon-South;MMR;MMR013D003;MMR013;April;2020;0;0
Myanmar;Ayeyarwady;Labutta;MMR;MMR017D004;MMR017;April;2020;0;0
Myanmar;Ayeyarwady;Maubin;MMR;MMR017D005;MMR017;April;2020;0;0
Myanmar;Magway;Pakokku;MMR;MMR009D004;MMR009;April;2020;0;0
Myanmar;Mandalay;Myingyan;MMR;MMR010D004;MMR010;April;2020;0;0
Myanmar;Rakhine;Maungdaw;MMR;MMR012D002;MMR012;April;2020;11;6
Myanmar;Rakhine;Mrauk-U;MMR;MMR012D005;MMR012;April;2020;26;28
Myanmar;Shan-North;Hopang;MMR;MMR015D006;MMR015;April;2020;0;0
Myanmar;Shan-North;Kokang Self-Administered Zone;MMR;MMR015D221;MMR015;April;2020;0;0
Myanmar;Shan-North;Muse;MMR;MMR015D002;MMR015;April;2020;3;0
Myanmar;Sagaing;Kale;MMR;MMR005D005;MMR005;April;2020;0;0
Myanmar;Sagaing;Sagaing;MMR;MMR005D001;MMR005;April;2020;0;0
Myanmar;Bago-East;Bago;MMR;MMR007D001;MMR007;April;2020;0;0
Myanmar;Chin;Hakha;MMR;MMR004D003;MMR004;April;2020;0;0
Myanmar;Kachin;Mohnyin;MMR;MMR001D002;MMR001;April;2020;0;0
Myanmar;Kachin;Puta-O;MMR;MMR001D004;MMR001;April;2020;0;0
Myanmar;Kayin;Hpa-An;MMR;MMR003D001;MMR003;April;2020;0;0
Myanmar;Kayin;Myawaddy;MMR;MMR003D002;MMR003;April;2020;0;0
Myanmar;Mandalay;Mandalay;MMR;MMR010D001;MMR010;April;2020;0;0
Myanmar;Mandalay;Meiktila;MMR;MMR010D007;MMR010;April;2020;0;0
Myanmar;Sagaing;Kawlin;MMR;MMR005D011;MMR005;April;2020;0;0
Myanmar;Sagaing;Naga Self-Administered Zone;MMR;NA;NA;April;2020;0;0
Myanmar;Shan-South;Langkho;MMR;MMR014D003;MMR014;April;2020;1;0
Myanmar;Shan-South;Loilen;MMR;MMR014D002;MMR014;April;2020;0;0
Myanmar;Chin;Falam;MMR;MMR004D001;MMR004;April;2020;0;0
Myanmar;Kayin;Hpapun;MMR;MMR003D004;MMR003;April;2020;8;1
Myanmar;Mandalay;Nyaung-U;MMR;MMR010D005;MMR010;April;2020;0;0
Myanmar;Mon;Thaton;MMR;MMR011D002;MMR011;April;2020;0;0
Myanmar;Rakhine;Sittwe;MMR;MMR012D001;MMR012;April;2020;12;9
Myanmar;Sagaing;Mawlaik;MMR;MMR005D007;MMR005;April;2020;0;0
Myanmar;Sagaing;Monywa;MMR;MMR005D003;MMR005;April;2020;0;0
Myanmar;Sagaing;Yinmarbin;MMR;MMR005D009;MMR005;April;2020;0;0
Myanmar;Shan-East;Tachileik;MMR;MMR016D003;MMR016;April;2020;1;1
Myanmar;Tanintharyi;Kawthoung;MMR;MMR006D003;MMR006;April;2020;0;0
Myanmar;Yangon;Yangon-West;MMR;MMR013D004;MMR013;April;2020;0;0
Myanmar;Ayeyarwady;Hinthada;MMR;MMR017D002;MMR017;April;2020;0;0
Myanmar;Bago-West;Thayarwady;MMR;MMR008D002;MMR008;April;2020;1;1
Myanmar;Kayah;Bawlake;MMR;MMR002D002;MMR002;April;2020;0;0
Myanmar;Mandalay;Pyinoolwin;MMR;MMR010D002;MMR010;April;2020;0;0
Myanmar;Mandalay;Yamethin;MMR;MMR010D006;MMR010;April;2020;0;0
Myanmar;Mon;Mawlamyine;MMR;MMR011D001;MMR011;April;2020;0;0
Myanmar;Nay Pyi Taw;Det Khi Na;MMR;MMR018D002;MMR018;April;2020;0;0
Myanmar;Sagaing;Kanbalu;MMR;MMR005D010;MMR005;April;2020;0;0
Myanmar;Shan-North;Lashio;MMR;MMR015D001;MMR015;April;2020;4;1
Myanmar;Shan-South;Danu Self-Administered Zone;MMR;NA;NA;April;2020;0;0
Myanmar;Tanintharyi;Myeik;MMR;MMR006D002;MMR006;April;2020;0;0
Myanmar;Ayeyarwady;Myaungmya;MMR;MMR017D003;MMR017;May;2020;0;0
Myanmar;Chin;Matupi;MMR;MMR004D004;MMR004;May;2020;13;4
Myanmar;Magway;Magway;MMR;MMR009D001;MMR009;May;2020;0;0
Myanmar;Magway;Minbu;MMR;MMR009D002;MMR009;May;2020;0;0
Myanmar;Sagaing;Hkamti;MMR;MMR005D008;MMR005;May;2020;1;1
Myanmar;Sagaing;Katha;MMR;MMR005D004;MMR005;May;2020;0;0
Myanmar;Sagaing;Shwebo;MMR;MMR005D002;MMR005;May;2020;0;0
Myanmar;Sagaing;Tamu;MMR;MMR005D006;MMR005;May;2020;0;0
Myanmar;Shan-North;Kyaukme;MMR;NA;NA;May;2020;1;2
Myanmar;Shan-North;Matman;MMR;MMR015D007;MMR015;May;2020;0;0
Myanmar;Shan-North;Pa Laung Self-Administered Zone;MMR;NA;NA;May;2020;0;0
Myanmar;Yangon;Yangon-East;MMR;MMR013D002;MMR013;May;2020;0;0
Myanmar;Ayeyarwady;Pathein;MMR;MMR017D001;MMR017;May;2020;0;0
Myanmar;Ayeyarwady;Pyapon;MMR;MMR017D006;MMR017;May;2020;0;0
Myanmar;Bago-East;Taungoo;MMR;MMR007D002;MMR007;May;2020;0;0
Myanmar;Kayah;Loikaw;MMR;MMR002D001;MMR002;May;2020;1;1
Myanmar;Kayin;Kawkareik;MMR;MMR003D003;MMR003;May;2020;0;0
Myanmar;Magway;Thayet;MMR;MMR009D003;MMR009;May;2020;0;0
Myanmar;Mandalay;Kyaukse;MMR;MMR010D003;MMR010;May;2020;0;0
Myanmar;Rakhine;Kyaukpyu;MMR;MMR012D003;MMR012;May;2020;1;0
Myanmar;Shan-East;Monghsat;MMR;MMR016D002;MMR016;May;2020;0;0
Myanmar;Shan-South;Pa-O Self-Administered Zone;MMR;NA;NA;May;2020;0;0
Myanmar;Shan-South;Taunggyi;MMR;MMR014D001;MMR014;May;2020;0;0
Myanmar;Tanintharyi;Dawei;MMR;MMR006D001;MMR006;May;2020;2;1
Myanmar;Yangon;Yangon-North;MMR;MMR013D001;MMR013;May;2020;0;0
Myanmar;Bago-West;Pyay;MMR;MMR008D001;MMR008;May;2020;0;0
Myanmar;Chin;Mindat;MMR;MMR004D002;MMR004;May;2020;0;0
Myanmar;Kachin;Bhamo;MMR;MMR001D003;MMR001;May;2020;0;0
Myanmar;Kachin;Myitkyina;MMR;MMR001D001;MMR001;May;2020;0;0
Myanmar;Magway;Gangaw;MMR;MMR009D005;MMR009;May;2020;0;0
Myanmar;Nay Pyi Taw;Oke Ta Ra;MMR;MMR018D001;MMR018;May;2020;0;0
Myanmar;Rakhine;Thandwe;MMR;MMR012D004;MMR012;May;2020;2;0
Myanmar;Shan-East;Kengtung;MMR;MMR016D001;MMR016;May;2020;0;0
Myanmar;Shan-North;Mongmit;MMR;MMR015D008;MMR015;May;2020;0;0
Myanmar;Yangon;Yangon-South;MMR;MMR013D003;MMR013;May;2020;0;0
Myanmar;Ayeyarwady;Labutta;MMR;MMR017D004;MMR017;May;2020;0;0
Myanmar;Ayeyarwady;Maubin;MMR;MMR017D005;MMR017;May;2020;0;0
Myanmar;Magway;Pakokku;MMR;MMR009D004;MMR009;May;2020;0;0
Myanmar;Mandalay;Myingyan;MMR;MMR010D004;MMR010;May;2020;0;0
Myanmar;Rakhine;Maungdaw;MMR;MMR012D002;MMR012;May;2020;3;3
Myanmar;Rakhine;Mrauk-U;MMR;MMR012D005;MMR012;May;2020;21;11
Myanmar;Shan-North;Hopang;MMR;MMR015D006;MMR015;May;2020;0;0
Myanmar;Shan-North;Kokang Self-Administered Zone;MMR;MMR015D221;MMR015;May;2020;0;0
Myanmar;Shan-North;Muse;MMR;MMR015D002;MMR015;May;2020;8;3
Myanmar;Sagaing;Kale;MMR;MMR005D005;MMR005;May;2020;0;0
Myanmar;Sagaing;Sagaing;MMR;MMR005D001;MMR005;May;2020;0;0
Myanmar;Bago-East;Bago;MMR;MMR007D001;MMR007;May;2020;0;0
Myanmar;Chin;Hakha;MMR;MMR004D003;MMR004;May;2020;0;0
Myanmar;Kachin;Mohnyin;MMR;MMR001D002;MMR001;May;2020;0;0
Myanmar;Kachin;Puta-O;MMR;MMR001D004;MMR001;May;2020;0;0
Myanmar;Kayin;Hpa-An;MMR;MMR003D001;MMR003;May;2020;0;0
Myanmar;Kayin;Myawaddy;MMR;MMR003D002;MMR003;May;2020;2;1
Myanmar;Mandalay;Mandalay;MMR;MMR010D001;MMR010;May;2020;0;0
Myanmar;Mandalay;Meiktila;MMR;MMR010D007;MMR010;May;2020;0;0
Myanmar;Sagaing;Kawlin;MMR;MMR005D011;MMR005;May;2020;0;0
Myanmar;Sagaing;Naga Self-Administered Zone;MMR;NA;NA;May;2020;1;1
Myanmar;Shan-South;Langkho;MMR;MMR014D003;MMR014;May;2020;0;0
Myanmar;Shan-South;Loilen;MMR;MMR014D002;MMR014;May;2020;0;0
Myanmar;Chin;Falam;MMR;MMR004D001;MMR004;May;2020;0;0
Myanmar;Kayin;Hpapun;MMR;MMR003D004;MMR003;May;2020;9;1
Myanmar;Mandalay;Nyaung-U;MMR;MMR010D005;MMR010;May;2020;0;0
Myanmar;Mon;Thaton;MMR;MMR011D002;MMR011;May;2020;1;0
Myanmar;Rakhine;Sittwe;MMR;MMR012D001;MMR012;May;2020;12;6
Myanmar;Sagaing;Mawlaik;MMR;MMR005D007;MMR005;May;2020;0;0
Myanmar;Sagaing;Monywa;MMR;MMR005D003;MMR005;May;2020;0;0
Myanmar;Sagaing;Yinmarbin;MMR;MMR005D009;MMR005;May;2020;0;0
Myanmar;Shan-East;Tachileik;MMR;MMR016D003;MMR016;May;2020;0;0
Myanmar;Tanintharyi;Kawthoung;MMR;MMR006D003;MMR006;May;2020;0;0
Myanmar;Yangon;Yangon-West;MMR;MMR013D004;MMR013;May;2020;0;0
Myanmar;Ayeyarwady;Hinthada;MMR;MMR017D002;MMR017;May;2020;0;0
Myanmar;Bago-West;Thayarwady;MMR;MMR008D002;MMR008;May;2020;0;0
Myanmar;Kayah;Bawlake;MMR;MMR002D002;MMR002;May;2020;0;0
Myanmar;Mandalay;Pyinoolwin;MMR;MMR010D002;MMR010;May;2020;1;0
Myanmar;Mandalay;Yamethin;MMR;MMR010D006;MMR010;May;2020;0;0
Myanmar;Mon;Mawlamyine;MMR;MMR011D001;MMR011;May;2020;0;0
Myanmar;Nay Pyi Taw;Det Khi Na;MMR;MMR018D002;MMR018;May;2020;0;0
Myanmar;Sagaing;Kanbalu;MMR;MMR005D010;MMR005;May;2020;0;0
Myanmar;Shan-North;Lashio;MMR;MMR015D001;MMR015;May;2020;0;0
Myanmar;Shan-South;Danu Self-Administered Zone;MMR;NA;NA;May;2020;0;0
Myanmar;Tanintharyi;Myeik;MMR;MMR006D002;MMR006;May;2020;0;0
Myanmar;Ayeyarwady;Myaungmya;MMR;MMR017D003;MMR017;June;2020;0;0
Myanmar;Chin;Matupi;MMR;MMR004D004;MMR004;June;2020;2;1
Myanmar;Magway;Magway;MMR;MMR009D001;MMR009;June;2020;0;0
Myanmar;Magway;Minbu;MMR;MMR009D002;MMR009;June;2020;0;0
Myanmar;Sagaing;Hkamti;MMR;MMR005D008;MMR005;June;2020;0;0
Myanmar;Sagaing;Katha;MMR;MMR005D004;MMR005;June;2020;0;0
Myanmar;Sagaing;Shwebo;MMR;MMR005D002;MMR005;June;2020;0;0
Myanmar;Sagaing;Tamu;MMR;MMR005D006;MMR005;June;2020;1;0
Myanmar;Shan-North;Kyaukme;MMR;NA;NA;June;2020;12;5
Myanmar;Shan-North;Matman;MMR;MMR015D007;MMR015;June;2020;0;0
Myanmar;Shan-North;Pa Laung Self-Administered Zone;MMR;NA;NA;June;2020;0;0
Myanmar;Yangon;Yangon-East;MMR;MMR013D002;MMR013;June;2020;0;0
Myanmar;Ayeyarwady;Pathein;MMR;MMR017D001;MMR017;June;2020;0;0
Myanmar;Ayeyarwady;Pyapon;MMR;MMR017D006;MMR017;June;2020;0;0
Myanmar;Bago-East;Taungoo;MMR;MMR007D002;MMR007;June;2020;0;0
Myanmar;Kayah;Loikaw;MMR;MMR002D001;MMR002;June;2020;0;0
Myanmar;Kayin;Kawkareik;MMR;MMR003D003;MMR003;June;2020;1;0
Myanmar;Magway;Thayet;MMR;MMR009D003;MMR009;June;2020;0;0
Myanmar;Mandalay;Kyaukse;MMR;MMR010D003;MMR010;June;2020;0;0
Myanmar;Rakhine;Kyaukpyu;MMR;MMR012D003;MMR012;June;2020;9;4
Myanmar;Shan-East;Monghsat;MMR;MMR016D002;MMR016;June;2020;1;0
Myanmar;Shan-South;Pa-O Self-Administered Zone;MMR;NA;NA;June;2020;0;0
Myanmar;Shan-South;Taunggyi;MMR;MMR014D001;MMR014;June;2020;0;0
Myanmar;Tanintharyi;Dawei;MMR;MMR006D001;MMR006;June;2020;0;0
Myanmar;Yangon;Yangon-North;MMR;MMR013D001;MMR013;June;2020;1;0
Myanmar;Bago-West;Pyay;MMR;MMR008D001;MMR008;June;2020;0;0
Myanmar;Chin;Mindat;MMR;MMR004D002;MMR004;June;2020;0;0
Myanmar;Kachin;Bhamo;MMR;MMR001D003;MMR001;June;2020;1;0
Myanmar;Kachin;Myitkyina;MMR;MMR001D001;MMR001;June;2020;0;0
Myanmar;Magway;Gangaw;MMR;MMR009D005;MMR009;June;2020;0;0
Myanmar;Nay Pyi Taw;Oke Ta Ra;MMR;MMR018D001;MMR018;June;2020;0;0
Myanmar;Rakhine;Thandwe;MMR;MMR012D004;MMR012;June;2020;2;1
Myanmar;Shan-East;Kengtung;MMR;MMR016D001;MMR016;June;2020;0;0
Myanmar;Shan-North;Mongmit;MMR;MMR015D008;MMR015;June;2020;0;0
Myanmar;Yangon;Yangon-South;MMR;MMR013D003;MMR013;June;2020;0;0
Myanmar;Ayeyarwady;Labutta;MMR;MMR017D004;MMR017;June;2020;0;0
Myanmar;Ayeyarwady;Maubin;MMR;MMR017D005;MMR017;June;2020;0;0
Myanmar;Magway;Pakokku;MMR;MMR009D004;MMR009;June;2020;0;0
Myanmar;Mandalay;Myingyan;MMR;MMR010D004;MMR010;June;2020;0;0
Myanmar;Rakhine;Maungdaw;MMR;MMR012D002;MMR012;June;2020;2;3
Myanmar;Rakhine;Mrauk-U;MMR;MMR012D005;MMR012;June;2020;15;3
Myanmar;Shan-North;Hopang;MMR;MMR015D006;MMR015;June;2020;0;0
Myanmar;Shan-North;Kokang Self-Administered Zone;MMR;MMR015D221;MMR015;June;2020;0;0
Myanmar;Shan-North;Muse;MMR;MMR015D002;MMR015;June;2020;20;0
Myanmar;Sagaing;Kale;MMR;MMR005D005;MMR005;June;2020;0;0
Myanmar;Sagaing;Sagaing;MMR;MMR005D001;MMR005;June;2020;0;0
Myanmar;Bago-East;Bago;MMR;MMR007D001;MMR007;June;2020;0;0
Myanmar;Chin;Hakha;MMR;MMR004D003;MMR004;June;2020;0;0
Myanmar;Kachin;Mohnyin;MMR;MMR001D002;MMR001;June;2020;0;0
Myanmar;Kachin;Puta-O;MMR;MMR001D004;MMR001;June;2020;0;0
Myanmar;Kayin;Hpa-An;MMR;MMR003D001;MMR003;June;2020;1;0
Myanmar;Kayin;Myawaddy;MMR;MMR003D002;MMR003;June;2020;1;0
Myanmar;Mandalay;Mandalay;MMR;MMR010D001;MMR010;June;2020;0;0
Myanmar;Mandalay;Meiktila;MMR;MMR010D007;MMR010;June;2020;0;0
Myanmar;Sagaing;Kawlin;MMR;MMR005D011;MMR005;June;2020;0;0
Myanmar;Sagaing;Naga Self-Administered Zone;MMR;NA;NA;June;2020;0;0
Myanmar;Shan-South;Langkho;MMR;MMR014D003;MMR014;June;2020;0;0
Myanmar;Shan-South;Loilen;MMR;MMR014D002;MMR014;June;2020;0;0
Myanmar;Chin;Falam;MMR;MMR004D001;MMR004;June;2020;0;0
Myanmar;Kayin;Hpapun;MMR;MMR003D004;MMR003;June;2020;2;0
Myanmar;Mandalay;Nyaung-U;MMR;MMR010D005;MMR010;June;2020;0;0
Myanmar;Mon;Thaton;MMR;MMR011D002;MMR011;June;2020;0;0
Myanmar;Rakhine;Sittwe;MMR;MMR012D001;MMR012;June;2020;24;15
Myanmar;Sagaing;Mawlaik;MMR;MMR005D007;MMR005;June;2020;0;0
Myanmar;Sagaing;Monywa;MMR;MMR005D003;MMR005;June;2020;0;0
Myanmar;Sagaing;Yinmarbin;MMR;MMR005D009;MMR005;June;2020;0;0
Myanmar;Shan-East;Tachileik;MMR;MMR016D003;MMR016;June;2020;0;0
Myanmar;Tanintharyi;Kawthoung;MMR;MMR006D003;MMR006;June;2020;0;0
Myanmar;Yangon;Yangon-West;MMR;MMR013D004;MMR013;June;2020;0;0
Myanmar;Ayeyarwady;Hinthada;MMR;MMR017D002;MMR017;June;2020;0;0
Myanmar;Bago-West;Thayarwady;MMR;MMR008D002;MMR008;June;2020;0;0
Myanmar;Kayah;Bawlake;MMR;MMR002D002;MMR002;June;2020;0;0
Myanmar;Mandalay;Pyinoolwin;MMR;MMR010D002;MMR010;June;2020;1;0
Myanmar;Mandalay;Yamethin;MMR;MMR010D006;MMR010;June;2020;0;0
Myanmar;Mon;Mawlamyine;MMR;MMR011D001;MMR011;June;2020;0;0
Myanmar;Nay Pyi Taw;Det Khi Na;MMR;MMR018D002;MMR018;June;2020;0;0
Myanmar;Sagaing;Kanbalu;MMR;MMR005D010;MMR005;June;2020;0;0
Myanmar;Shan-North;Lashio;MMR;MMR015D001;MMR015;June;2020;1;0
Myanmar;Shan-South;Danu Self-Administered Zone;MMR;NA;NA;June;2020;0;0
Myanmar;Tanintharyi;Myeik;MMR;MMR006D002;MMR006;June;2020;0;0
Myanmar;Ayeyarwady;Myaungmya;MMR;MMR017D003;MMR017;July;2020;0;0
Myanmar;Chin;Matupi;MMR;MMR004D004;MMR004;July;2020;2;1
Myanmar;Magway;Magway;MMR;MMR009D001;MMR009;July;2020;0;0
Myanmar;Magway;Minbu;MMR;MMR009D002;MMR009;July;2020;0;0
Myanmar;Sagaing;Hkamti;MMR;MMR005D008;MMR005;July;2020;0;0
Myanmar;Sagaing;Katha;MMR;MMR005D004;MMR005;July;2020;0;0
Myanmar;Sagaing;Shwebo;MMR;MMR005D002;MMR005;July;2020;0;0
Myanmar;Sagaing;Tamu;MMR;MMR005D006;MMR005;July;2020;0;0
Myanmar;Shan-North;Kyaukme;MMR;NA;NA;July;2020;4;1
Myanmar;Shan-North;Matman;MMR;MMR015D007;MMR015;July;2020;0;0
Myanmar;Shan-North;Pa Laung Self-Administered Zone;MMR;NA;NA;July;2020;3;1
Myanmar;Yangon;Yangon-East;MMR;MMR013D002;MMR013;July;2020;0;0
Myanmar;Ayeyarwady;Pathein;MMR;MMR017D001;MMR017;July;2020;0;0
Myanmar;Ayeyarwady;Pyapon;MMR;MMR017D006;MMR017;July;2020;0;0
Myanmar;Bago-East;Taungoo;MMR;MMR007D002;MMR007;July;2020;0;0
Myanmar;Kayah;Loikaw;MMR;MMR002D001;MMR002;July;2020;0;0
Myanmar;Kayin;Kawkareik;MMR;MMR003D003;MMR003;July;2020;0;0
Myanmar;Magway;Thayet;MMR;MMR009D003;MMR009;July;2020;0;0
Myanmar;Mandalay;Kyaukse;MMR;MMR010D003;MMR010;July;2020;0;0
Myanmar;Rakhine;Kyaukpyu;MMR;MMR012D003;MMR012;July;2020;8;2
Myanmar;Shan-East;Monghsat;MMR;MMR016D002;MMR016;July;2020;0;0
Myanmar;Shan-South;Pa-O Self-Administered Zone;MMR;NA;NA;July;2020;0;0
Myanmar;Shan-South;Taunggyi;MMR;MMR014D001;MMR014;July;2020;0;0
Myanmar;Tanintharyi;Dawei;MMR;MMR006D001;MMR006;July;2020;0;0
Myanmar;Yangon;Yangon-North;MMR;MMR013D001;MMR013;July;2020;0;0
Myanmar;Bago-West;Pyay;MMR;MMR008D001;MMR008;July;2020;0;0
Myanmar;Chin;Mindat;MMR;MMR004D002;MMR004;July;2020;0;0
Myanmar;Kachin;Bhamo;MMR;MMR001D003;MMR001;July;2020;0;0
Myanmar;Kachin;Myitkyina;MMR;MMR001D001;MMR001;July;2020;0;0
Myanmar;Magway;Gangaw;MMR;MMR009D005;MMR009;July;2020;0;0
Myanmar;Nay Pyi Taw;Oke Ta Ra;MMR;MMR018D001;MMR018;July;2020;0;0
Myanmar;Rakhine;Thandwe;MMR;MMR012D004;MMR012;July;2020;2;2
Myanmar;Shan-East;Kengtung;MMR;MMR016D001;MMR016;July;2020;0;0
Myanmar;Shan-North;Mongmit;MMR;MMR015D008;MMR015;July;2020;0;0
Myanmar;Yangon;Yangon-South;MMR;MMR013D003;MMR013;July;2020;0;0
Myanmar;Ayeyarwady;Labutta;MMR;MMR017D004;MMR017;July;2020;0;0
Myanmar;Ayeyarwady;Maubin;MMR;MMR017D005;MMR017;July;2020;0;0
Myanmar;Magway;Pakokku;MMR;MMR009D004;MMR009;July;2020;0;0
Myanmar;Mandalay;Myingyan;MMR;MMR010D004;MMR010;July;2020;0;0
Myanmar;Rakhine;Maungdaw;MMR;MMR012D002;MMR012;July;2020;3;0
Myanmar;Rakhine;Mrauk-U;MMR;MMR012D005;MMR012;July;2020;15;11
Myanmar;Shan-North;Hopang;MMR;MMR015D006;MMR015;July;2020;0;0
Myanmar;Shan-North;Kokang Self-Administered Zone;MMR;MMR015D221;MMR015;July;2020;0;0
Myanmar;Shan-North;Muse;MMR;MMR015D002;MMR015;July;2020;10;5
Myanmar;Sagaing;Kale;MMR;MMR005D005;MMR005;July;2020;0;0
Myanmar;Sagaing;Sagaing;MMR;MMR005D001;MMR005;July;2020;0;0
Myanmar;Bago-East;Bago;MMR;MMR007D001;MMR007;July;2020;0;0
Myanmar;Chin;Hakha;MMR;MMR004D003;MMR004;July;2020;0;0
Myanmar;Kachin;Mohnyin;MMR;MMR001D002;MMR001;July;2020;1;2
Myanmar;Kachin;Puta-O;MMR;MMR001D004;MMR001;July;2020;0;0
Myanmar;Kayin;Hpa-An;MMR;MMR003D001;MMR003;July;2020;0;0
Myanmar;Kayin;Myawaddy;MMR;MMR003D002;MMR003;July;2020;1;0
Myanmar;Mandalay;Mandalay;MMR;MMR010D001;MMR010;July;2020;0;0
Myanmar;Mandalay;Meiktila;MMR;MMR010D007;MMR010;July;2020;0;0
Myanmar;Sagaing;Kawlin;MMR;MMR005D011;MMR005;July;2020;0;0
Myanmar;Sagaing;Naga Self-Administered Zone;MMR;NA;NA;July;2020;0;0
Myanmar;Shan-South;Langkho;MMR;MMR014D003;MMR014;July;2020;0;0
Myanmar;Shan-South;Loilen;MMR;MMR014D002;MMR014;July;2020;0;0
Myanmar;Chin;Falam;MMR;MMR004D001;MMR004;July;2020;0;0
Myanmar;Kayin;Hpapun;MMR;MMR003D004;MMR003;July;2020;1;1
Myanmar;Mandalay;Nyaung-U;MMR;MMR010D005;MMR010;July;2020;0;0
Myanmar;Mon;Thaton;MMR;MMR011D002;MMR011;July;2020;0;0
Myanmar;Rakhine;Sittwe;MMR;MMR012D001;MMR012;July;2020;11;4
Myanmar;Sagaing;Mawlaik;MMR;MMR005D007;MMR005;July;2020;0;0
Myanmar;Sagaing;Monywa;MMR;MMR005D003;MMR005;July;2020;0;0
Myanmar;Sagaing;Yinmarbin;MMR;MMR005D009;MMR005;July;2020;0;0
Myanmar;Shan-East;Tachileik;MMR;MMR016D003;MMR016;July;2020;0;0
Myanmar;Tanintharyi;Kawthoung;MMR;MMR006D003;MMR006;July;2020;0;0
Myanmar;Yangon;Yangon-West;MMR;MMR013D004;MMR013;July;2020;0;0
Myanmar;Ayeyarwady;Hinthada;MMR;MMR017D002;MMR017;July;2020;0;0
Myanmar;Bago-West;Thayarwady;MMR;MMR008D002;MMR008;July;2020;0;0
Myanmar;Kayah;Bawlake;MMR;MMR002D002;MMR002;July;2020;0;0
Myanmar;Mandalay;Pyinoolwin;MMR;MMR010D002;MMR010;July;2020;0;0
Myanmar;Mandalay;Yamethin;MMR;MMR010D006;MMR010;July;2020;0;0
Myanmar;Mon;Mawlamyine;MMR;MMR011D001;MMR011;July;2020;0;0
Myanmar;Nay Pyi Taw;Det Khi Na;MMR;MMR018D002;MMR018;July;2020;0;0
Myanmar;Sagaing;Kanbalu;MMR;MMR005D010;MMR005;July;2020;0;0
Myanmar;Shan-North;Lashio;MMR;MMR015D001;MMR015;July;2020;1;0
Myanmar;Shan-South;Danu Self-Administered Zone;MMR;NA;NA;July;2020;0;0
Myanmar;Tanintharyi;Myeik;MMR;MMR006D002;MMR006;July;2020;0;0
Myanmar;Ayeyarwady;Myaungmya;MMR;MMR017D003;MMR017;August;2020;0;0
Myanmar;Chin;Matupi;MMR;MMR004D004;MMR004;August;2020;1;10
Myanmar;Magway;Magway;MMR;MMR009D001;MMR009;August;2020;0;0
Myanmar;Magway;Minbu;MMR;MMR009D002;MMR009;August;2020;0;0
Myanmar;Sagaing;Hkamti;MMR;MMR005D008;MMR005;August;2020;0;0
Myanmar;Sagaing;Katha;MMR;MMR005D004;MMR005;August;2020;0;0
Myanmar;Sagaing;Shwebo;MMR;MMR005D002;MMR005;August;2020;0;0
Myanmar;Sagaing;Tamu;MMR;MMR005D006;MMR005;August;2020;0;0
Myanmar;Shan-North;Kyaukme;MMR;NA;NA;August;2020;3;3
Myanmar;Shan-North;Matman;MMR;MMR015D007;MMR015;August;2020;0;0
Myanmar;Shan-North;Pa Laung Self-Administered Zone;MMR;NA;NA;August;2020;0;0
Myanmar;Yangon;Yangon-East;MMR;MMR013D002;MMR013;August;2020;0;0
Myanmar;Ayeyarwady;Pathein;MMR;MMR017D001;MMR017;August;2020;0;0
Myanmar;Ayeyarwady;Pyapon;MMR;MMR017D006;MMR017;August;2020;1;1
Myanmar;Bago-East;Taungoo;MMR;MMR007D002;MMR007;August;2020;0;0
Myanmar;Kayah;Loikaw;MMR;MMR002D001;MMR002;August;2020;0;0
Myanmar;Kayin;Kawkareik;MMR;MMR003D003;MMR003;August;2020;2;4
Myanmar;Magway;Thayet;MMR;MMR009D003;MMR009;August;2020;0;0
Myanmar;Mandalay;Kyaukse;MMR;MMR010D003;MMR010;August;2020;0;0
Myanmar;Rakhine;Kyaukpyu;MMR;MMR012D003;MMR012;August;2020;3;1
Myanmar;Shan-East;Monghsat;MMR;MMR016D002;MMR016;August;2020;0;0
Myanmar;Shan-South;Pa-O Self-Administered Zone;MMR;NA;NA;August;2020;0;0
Myanmar;Shan-South;Taunggyi;MMR;MMR014D001;MMR014;August;2020;0;0
Myanmar;Tanintharyi;Dawei;MMR;MMR006D001;MMR006;August;2020;0;0
Myanmar;Yangon;Yangon-North;MMR;MMR013D001;MMR013;August;2020;0;0
Myanmar;Bago-West;Pyay;MMR;MMR008D001;MMR008;August;2020;0;0
Myanmar;Chin;Mindat;MMR;MMR004D002;MMR004;August;2020;0;0
Myanmar;Kachin;Bhamo;MMR;MMR001D003;MMR001;August;2020;0;0
Myanmar;Kachin;Myitkyina;MMR;MMR001D001;MMR001;August;2020;0;0
Myanmar;Magway;Gangaw;MMR;MMR009D005;MMR009;August;2020;0;0
Myanmar;Nay Pyi Taw;Oke Ta Ra;MMR;MMR018D001;MMR018;August;2020;0;0
Myanmar;Rakhine;Thandwe;MMR;MMR012D004;MMR012;August;2020;0;0
Myanmar;Shan-East;Kengtung;MMR;MMR016D001;MMR016;August;2020;0;0
Myanmar;Shan-North;Mongmit;MMR;MMR015D008;MMR015;August;2020;0;0
Myanmar;Yangon;Yangon-South;MMR;MMR013D003;MMR013;August;2020;0;0
Myanmar;Ayeyarwady;Labutta;MMR;MMR017D004;MMR017;August;2020;0;0
Myanmar;Ayeyarwady;Maubin;MMR;MMR017D005;MMR017;August;2020;0;0
Myanmar;Magway;Pakokku;MMR;MMR009D004;MMR009;August;2020;0;0
Myanmar;Mandalay;Myingyan;MMR;MMR010D004;MMR010;August;2020;0;0
Myanmar;Rakhine;Maungdaw;MMR;MMR012D002;MMR012;August;2020;5;20
Myanmar;Rakhine;Mrauk-U;MMR;MMR012D005;MMR012;August;2020;15;6
Myanmar;Shan-North;Hopang;MMR;MMR015D006;MMR015;August;2020;0;0
Myanmar;Shan-North;Kokang Self-Administered Zone;MMR;MMR015D221;MMR015;August;2020;0;0
Myanmar;Shan-North;Muse;MMR;MMR015D002;MMR015;August;2020;5;4
Myanmar;Sagaing;Kale;MMR;MMR005D005;MMR005;August;2020;0;0
Myanmar;Sagaing;Sagaing;MMR;MMR005D001;MMR005;August;2020;0;0
Myanmar;Bago-East;Bago;MMR;MMR007D001;MMR007;August;2020;0;0
Myanmar;Chin;Hakha;MMR;MMR004D003;MMR004;August;2020;0;0
Myanmar;Kachin;Mohnyin;MMR;MMR001D002;MMR001;August;2020;1;0
Myanmar;Kachin;Puta-O;MMR;MMR001D004;MMR001;August;2020;0;0
Myanmar;Kayin;Hpa-An;MMR;MMR003D001;MMR003;August;2020;0;0
Myanmar;Kayin;Myawaddy;MMR;MMR003D002;MMR003;August;2020;1;0
Myanmar;Mandalay;Mandalay;MMR;MMR010D001;MMR010;August;2020;0;0
Myanmar;Mandalay;Meiktila;MMR;MMR010D007;MMR010;August;2020;0;0
Myanmar;Sagaing;Kawlin;MMR;MMR005D011;MMR005;August;2020;0;0
Myanmar;Sagaing;Naga Self-Administered Zone;MMR;NA;NA;August;2020;0;0
Myanmar;Shan-South;Langkho;MMR;MMR014D003;MMR014;August;2020;0;0
Myanmar;Shan-South;Loilen;MMR;MMR014D002;MMR014;August;2020;0;0
Myanmar;Chin;Falam;MMR;MMR004D001;MMR004;August;2020;0;0
Myanmar;Kayin;Hpapun;MMR;MMR003D004;MMR003;August;2020;0;0
Myanmar;Mandalay;Nyaung-U;MMR;MMR010D005;MMR010;August;2020;0;0
Myanmar;Mon;Thaton;MMR;MMR011D002;MMR011;August;2020;0;0
Myanmar;Rakhine;Sittwe;MMR;MMR012D001;MMR012;August;2020;16;4
Myanmar;Sagaing;Mawlaik;MMR;MMR005D007;MMR005;August;2020;0;0
Myanmar;Sagaing;Monywa;MMR;MMR005D003;MMR005;August;2020;0;0
Myanmar;Sagaing;Yinmarbin;MMR;MMR005D009;MMR005;August;2020;0;0
Myanmar;Shan-East;Tachileik;MMR;MMR016D003;MMR016;August;2020;1;1
Myanmar;Tanintharyi;Kawthoung;MMR;MMR006D003;MMR006;August;2020;0;0
Myanmar;Yangon;Yangon-West;MMR;MMR013D004;MMR013;August;2020;0;0
Myanmar;Ayeyarwady;Hinthada;MMR;MMR017D002;MMR017;August;2020;0;0
Myanmar;Bago-West;Thayarwady;MMR;MMR008D002;MMR008;August;2020;0;0
Myanmar;Kayah;Bawlake;MMR;MMR002D002;MMR002;August;2020;0;0
Myanmar;Mandalay;Pyinoolwin;MMR;MMR010D002;MMR010;August;2020;1;0
Myanmar;Mandalay;Yamethin;MMR;MMR010D006;MMR010;August;2020;0;0
Myanmar;Mon;Mawlamyine;MMR;MMR011D001;MMR011;August;2020;0;0
Myanmar;Nay Pyi Taw;Det Khi Na;MMR;MMR018D002;MMR018;August;2020;0;0
Myanmar;Sagaing;Kanbalu;MMR;MMR005D010;MMR005;August;2020;0;0
Myanmar;Shan-North;Lashio;MMR;MMR015D001;MMR015;August;2020;3;2
Myanmar;Shan-South;Danu Self-Administered Zone;MMR;NA;NA;August;2020;0;0
Myanmar;Tanintharyi;Myeik;MMR;MMR006D002;MMR006;August;2020;0;0
Myanmar;Ayeyarwady;Myaungmya;MMR;MMR017D003;MMR017;September;2020;0;0
Myanmar;Chin;Matupi;MMR;MMR004D004;MMR004;September;2020;5;1
Myanmar;Magway;Magway;MMR;MMR009D001;MMR009;September;2020;0;0
Myanmar;Magway;Minbu;MMR;MMR009D002;MMR009;September;2020;0;0
Myanmar;Sagaing;Hkamti;MMR;MMR005D008;MMR005;September;2020;0;0
Myanmar;Sagaing;Katha;MMR;MMR005D004;MMR005;September;2020;0;0
Myanmar;Sagaing;Shwebo;MMR;MMR005D002;MMR005;September;2020;0;0
Myanmar;Sagaing;Tamu;MMR;MMR005D006;MMR005;September;2020;0;0
Myanmar;Shan-North;Kyaukme;MMR;NA;NA;September;2020;10;6
Myanmar;Shan-North;Matman;MMR;MMR015D007;MMR015;September;2020;0;0
Myanmar;Shan-North;Pa Laung Self-Administered Zone;MMR;NA;NA;September;2020;1;1
Myanmar;Yangon;Yangon-East;MMR;MMR013D002;MMR013;September;2020;0;0
Myanmar;Ayeyarwady;Pathein;MMR;MMR017D001;MMR017;September;2020;0;0
Myanmar;Ayeyarwady;Pyapon;MMR;MMR017D006;MMR017;September;2020;0;0
Myanmar;Bago-East;Taungoo;MMR;MMR007D002;MMR007;September;2020;0;0
Myanmar;Kayah;Loikaw;MMR;MMR002D001;MMR002;September;2020;0;0
Myanmar;Kayin;Kawkareik;MMR;MMR003D003;MMR003;September;2020;2;0
Myanmar;Magway;Thayet;MMR;MMR009D003;MMR009;September;2020;0;0
Myanmar;Mandalay;Kyaukse;MMR;MMR010D003;MMR010;September;2020;0;0
Myanmar;Rakhine;Kyaukpyu;MMR;MMR012D003;MMR012;September;2020;2;2
Myanmar;Shan-East;Monghsat;MMR;MMR016D002;MMR016;September;2020;0;0
Myanmar;Shan-South;Pa-O Self-Administered Zone;MMR;NA;NA;September;2020;0;0
Myanmar;Shan-South;Taunggyi;MMR;MMR014D001;MMR014;September;2020;0;0
Myanmar;Tanintharyi;Dawei;MMR;MMR006D001;MMR006;September;2020;0;0
Myanmar;Yangon;Yangon-North;MMR;MMR013D001;MMR013;September;2020;0;0
Myanmar;Bago-West;Pyay;MMR;MMR008D001;MMR008;September;2020;0;0
Myanmar;Chin;Mindat;MMR;MMR004D002;MMR004;September;2020;0;0
Myanmar;Kachin;Bhamo;MMR;MMR001D003;MMR001;September;2020;1;0
Myanmar;Kachin;Myitkyina;MMR;MMR001D001;MMR001;September;2020;0;0
Myanmar;Magway;Gangaw;MMR;MMR009D005;MMR009;September;2020;0;0
Myanmar;Nay Pyi Taw;Oke Ta Ra;MMR;MMR018D001;MMR018;September;2020;1;0
Myanmar;Rakhine;Thandwe;MMR;MMR012D004;MMR012;September;2020;0;0
Myanmar;Shan-East;Kengtung;MMR;MMR016D001;MMR016;September;2020;0;0
Myanmar;Shan-North;Mongmit;MMR;MMR015D008;MMR015;September;2020;0;0
Myanmar;Yangon;Yangon-South;MMR;MMR013D003;MMR013;September;2020;0;0
Myanmar;Ayeyarwady;Labutta;MMR;MMR017D004;MMR017;September;2020;0;0
Myanmar;Ayeyarwady;Maubin;MMR;MMR017D005;MMR017;September;2020;0;0
Myanmar;Magway;Pakokku;MMR;MMR009D004;MMR009;September;2020;0;0
Myanmar;Mandalay;Myingyan;MMR;MMR010D004;MMR010;September;2020;0;0
Myanmar;Rakhine;Maungdaw;MMR;MMR012D002;MMR012;September;2020;9;2
Myanmar;Rakhine;Mrauk-U;MMR;MMR012D005;MMR012;September;2020;22;9
Myanmar;Shan-North;Hopang;MMR;MMR015D006;MMR015;September;2020;0;0
Myanmar;Shan-North;Kokang Self-Administered Zone;MMR;MMR015D221;MMR015;September;2020;0;0
Myanmar;Shan-North;Muse;MMR;MMR015D002;MMR015;September;2020;20;6
Myanmar;Sagaing;Kale;MMR;MMR005D005;MMR005;September;2020;0;0
Myanmar;Sagaing;Sagaing;MMR;MMR005D001;MMR005;September;2020;0;0
Myanmar;Bago-East;Bago;MMR;MMR007D001;MMR007;September;2020;0;0
Myanmar;Chin;Hakha;MMR;MMR004D003;MMR004;September;2020;0;0
Myanmar;Kachin;Mohnyin;MMR;MMR001D002;MMR001;September;2020;0;0
Myanmar;Kachin;Puta-O;MMR;MMR001D004;MMR001;September;2020;0;0
Myanmar;Kayin;Hpa-An;MMR;MMR003D001;MMR003;September;2020;1;2
Myanmar;Kayin;Myawaddy;MMR;MMR003D002;MMR003;September;2020;0;0
Myanmar;Mandalay;Mandalay;MMR;MMR010D001;MMR010;September;2020;0;0
Myanmar;Mandalay;Meiktila;MMR;MMR010D007;MMR010;September;2020;1;0
Myanmar;Sagaing;Kawlin;MMR;MMR005D011;MMR005;September;2020;0;0
Myanmar;Sagaing;Naga Self-Administered Zone;MMR;NA;NA;September;2020;0;0
Myanmar;Shan-South;Langkho;MMR;MMR014D003;MMR014;September;2020;0;0
Myanmar;Shan-South;Loilen;MMR;MMR014D002;MMR014;September;2020;2;0
Myanmar;Chin;Falam;MMR;MMR004D001;MMR004;September;2020;0;0
Myanmar;Kayin;Hpapun;MMR;MMR003D004;MMR003;September;2020;0;0
Myanmar;Mandalay;Nyaung-U;MMR;MMR010D005;MMR010;September;2020;0;0
Myanmar;Mon;Thaton;MMR;MMR011D002;MMR011;September;2020;0;0
Myanmar;Rakhine;Sittwe;MMR;MMR012D001;MMR012;September;2020;18;1
Myanmar;Sagaing;Mawlaik;MMR;MMR005D007;MMR005;September;2020;0;0
Myanmar;Sagaing;Monywa;MMR;MMR005D003;MMR005;September;2020;0;0
Myanmar;Sagaing;Yinmarbin;MMR;MMR005D009;MMR005;September;2020;0;0
Myanmar;Shan-East;Tachileik;MMR;MMR016D003;MMR016;September;2020;0;0
Myanmar;Tanintharyi;Kawthoung;MMR;MMR006D003;MMR006;September;2020;0;0
Myanmar;Yangon;Yangon-West;MMR;MMR013D004;MMR013;September;2020;0;0
Myanmar;Ayeyarwady;Hinthada;MMR;MMR017D002;MMR017;September;2020;0;0
Myanmar;Bago-West;Thayarwady;MMR;MMR008D002;MMR008;September;2020;0;0
Myanmar;Kayah;Bawlake;MMR;MMR002D002;MMR002;September;2020;0;0
Myanmar;Mandalay;Pyinoolwin;MMR;MMR010D002;MMR010;September;2020;0;0
Myanmar;Mandalay;Yamethin;MMR;MMR010D006;MMR010;September;2020;0;0
Myanmar;Mon;Mawlamyine;MMR;MMR011D001;MMR011;September;2020;0;0
Myanmar;Nay Pyi Taw;Det Khi Na;MMR;MMR018D002;MMR018;September;2020;0;0
Myanmar;Sagaing;Kanbalu;MMR;MMR005D010;MMR005;September;2020;0;0
Myanmar;Shan-North;Lashio;MMR;MMR015D001;MMR015;September;2020;5;0
Myanmar;Shan-South;Danu Self-Administered Zone;MMR;NA;NA;September;2020;0;0
Myanmar;Tanintharyi;Myeik;MMR;MMR006D002;MMR006;September;2020;0;0
Myanmar;Ayeyarwady;Myaungmya;MMR;MMR017D003;MMR017;October;2020;0;0
Myanmar;Chin;Matupi;MMR;MMR004D004;MMR004;October;2020;4;6
Myanmar;Magway;Magway;MMR;MMR009D001;MMR009;October;2020;0;0
Myanmar;Magway;Minbu;MMR;MMR009D002;MMR009;October;2020;0;0
Myanmar;Sagaing;Hkamti;MMR;MMR005D008;MMR005;October;2020;1;0
Myanmar;Sagaing;Katha;MMR;MMR005D004;MMR005;October;2020;0;0
Myanmar;Sagaing;Shwebo;MMR;MMR005D002;MMR005;October;2020;0;0
Myanmar;Sagaing;Tamu;MMR;MMR005D006;MMR005;October;2020;0;0
Myanmar;Shan-North;Kyaukme;MMR;NA;NA;October;2020;33;9
Myanmar;Shan-North;Matman;MMR;MMR015D007;MMR015;October;2020;0;0
Myanmar;Shan-North;Pa Laung Self-Administered Zone;MMR;NA;NA;October;2020;2;0
Myanmar;Yangon;Yangon-East;MMR;MMR013D002;MMR013;October;2020;0;0
Myanmar;Ayeyarwady;Pathein;MMR;MMR017D001;MMR017;October;2020;0;0
Myanmar;Ayeyarwady;Pyapon;MMR;MMR017D006;MMR017;October;2020;0;0
Myanmar;Bago-East;Taungoo;MMR;MMR007D002;MMR007;October;2020;0;0
Myanmar;Kayah;Loikaw;MMR;MMR002D001;MMR002;October;2020;0;0
Myanmar;Kayin;Kawkareik;MMR;MMR003D003;MMR003;October;2020;1;0
Myanmar;Magway;Thayet;MMR;MMR009D003;MMR009;October;2020;0;0
Myanmar;Mandalay;Kyaukse;MMR;MMR010D003;MMR010;October;2020;0;0
Myanmar;Rakhine;Kyaukpyu;MMR;MMR012D003;MMR012;October;2020;8;4
Myanmar;Shan-East;Monghsat;MMR;MMR016D002;MMR016;October;2020;0;0
Myanmar;Shan-South;Pa-O Self-Administered Zone;MMR;NA;NA;October;2020;0;0
Myanmar;Shan-South;Taunggyi;MMR;MMR014D001;MMR014;October;2020;1;0
Myanmar;Tanintharyi;Dawei;MMR;MMR006D001;MMR006;October;2020;0;0
Myanmar;Yangon;Yangon-North;MMR;MMR013D001;MMR013;October;2020;0;0
Myanmar;Bago-West;Pyay;MMR;MMR008D001;MMR008;October;2020;0;0
Myanmar;Chin;Mindat;MMR;MMR004D002;MMR004;October;2020;0;0
Myanmar;Kachin;Bhamo;MMR;MMR001D003;MMR001;October;2020;0;0
Myanmar;Kachin;Myitkyina;MMR;MMR001D001;MMR001;October;2020;0;0
Myanmar;Magway;Gangaw;MMR;MMR009D005;MMR009;October;2020;0;0
Myanmar;Nay Pyi Taw;Oke Ta Ra;MMR;MMR018D001;MMR018;October;2020;0;0
Myanmar;Rakhine;Thandwe;MMR;MMR012D004;MMR012;October;2020;1;0
Myanmar;Shan-East;Kengtung;MMR;MMR016D001;MMR016;October;2020;0;0
Myanmar;Shan-North;Mongmit;MMR;MMR015D008;MMR015;October;2020;1;0
Myanmar;Yangon;Yangon-South;MMR;MMR013D003;MMR013;October;2020;0;0
Myanmar;Ayeyarwady;Labutta;MMR;MMR017D004;MMR017;October;2020;0;0
Myanmar;Ayeyarwady;Maubin;MMR;MMR017D005;MMR017;October;2020;0;0
Myanmar;Magway;Pakokku;MMR;MMR009D004;MMR009;October;2020;1;0
Myanmar;Mandalay;Myingyan;MMR;MMR010D004;MMR010;October;2020;0;0
Myanmar;Rakhine;Maungdaw;MMR;MMR012D002;MMR012;October;2020;7;6
Myanmar;Rakhine;Mrauk-U;MMR;MMR012D005;MMR012;October;2020;24;6
Myanmar;Shan-North;Hopang;MMR;MMR015D006;MMR015;October;2020;0;0
Myanmar;Shan-North;Kokang Self-Administered Zone;MMR;MMR015D221;MMR015;October;2020;0;0
Myanmar;Shan-North;Muse;MMR;MMR015D002;MMR015;October;2020;8;0
Myanmar;Sagaing;Kale;MMR;MMR005D005;MMR005;October;2020;0;0
Myanmar;Sagaing;Sagaing;MMR;MMR005D001;MMR005;October;2020;0;0
Myanmar;Bago-East;Bago;MMR;MMR007D001;MMR007;October;2020;0;0
Myanmar;Chin;Hakha;MMR;MMR004D003;MMR004;October;2020;0;0
Myanmar;Kachin;Mohnyin;MMR;MMR001D002;MMR001;October;2020;0;0
Myanmar;Kachin;Puta-O;MMR;MMR001D004;MMR001;October;2020;0;0
Myanmar;Kayin;Hpa-An;MMR;MMR003D001;MMR003;October;2020;0;0
Myanmar;Kayin;Myawaddy;MMR;MMR003D002;MMR003;October;2020;0;0
Myanmar;Mandalay;Mandalay;MMR;MMR010D001;MMR010;October;2020;0;0
Myanmar;Mandalay;Meiktila;MMR;MMR010D007;MMR010;October;2020;1;0
Myanmar;Sagaing;Kawlin;MMR;MMR005D011;MMR005;October;2020;0;0
Myanmar;Sagaing;Naga Self-Administered Zone;MMR;NA;NA;October;2020;0;0
Myanmar;Shan-South;Langkho;MMR;MMR014D003;MMR014;October;2020;1;0
Myanmar;Shan-South;Loilen;MMR;MMR014D002;MMR014;October;2020;0;0
Myanmar;Chin;Falam;MMR;MMR004D001;MMR004;October;2020;0;0
Myanmar;Kayin;Hpapun;MMR;MMR003D004;MMR003;October;2020;2;0
Myanmar;Mandalay;Nyaung-U;MMR;MMR010D005;MMR010;October;2020;0;0
Myanmar;Mon;Thaton;MMR;MMR011D002;MMR011;October;2020;0;0
Myanmar;Rakhine;Sittwe;MMR;MMR012D001;MMR012;October;2020;35;74
Myanmar;Sagaing;Mawlaik;MMR;MMR005D007;MMR005;October;2020;0;0
Myanmar;Sagaing;Monywa;MMR;MMR005D003;MMR005;October;2020;0;0
Myanmar;Sagaing;Yinmarbin;MMR;MMR005D009;MMR005;October;2020;0;0
Myanmar;Shan-East;Tachileik;MMR;MMR016D003;MMR016;October;2020;0;0
Myanmar;Tanintharyi;Kawthoung;MMR;MMR006D003;MMR006;October;2020;0;0
Myanmar;Yangon;Yangon-West;MMR;MMR013D004;MMR013;October;2020;0;0
Myanmar;Ayeyarwady;Hinthada;MMR;MMR017D002;MMR017;October;2020;1;0
Myanmar;Bago-West;Thayarwady;MMR;MMR008D002;MMR008;October;2020;0;0
Myanmar;Kayah;Bawlake;MMR;MMR002D002;MMR002;October;2020;0;0
Myanmar;Mandalay;Pyinoolwin;MMR;MMR010D002;MMR010;October;2020;2;0
Myanmar;Mandalay;Yamethin;MMR;MMR010D006;MMR010;October;2020;0;0
Myanmar;Mon;Mawlamyine;MMR;MMR011D001;MMR011;October;2020;1;1
Myanmar;Nay Pyi Taw;Det Khi Na;MMR;MMR018D002;MMR018;October;2020;0;0
Myanmar;Sagaing;Kanbalu;MMR;MMR005D010;MMR005;October;2020;1;1
Myanmar;Shan-North;Lashio;MMR;MMR015D001;MMR015;October;2020;4;2
Myanmar;Shan-South;Danu Self-Administered Zone;MMR;NA;NA;October;2020;0;0
Myanmar;Tanintharyi;Myeik;MMR;MMR006D002;MMR006;October;2020;0;0
Myanmar;Ayeyarwady;Myaungmya;MMR;MMR017D003;MMR017;November;2020;0;0
Myanmar;Chin;Matupi;MMR;MMR004D004;MMR004;November;2020;0;0
Myanmar;Magway;Magway;MMR;MMR009D001;MMR009;November;2020;0;0
Myanmar;Magway;Minbu;MMR;MMR009D002;MMR009;November;2020;0;0
Myanmar;Sagaing;Hkamti;MMR;MMR005D008;MMR005;November;2020;0;0
Myanmar;Sagaing;Katha;MMR;MMR005D004;MMR005;November;2020;0;0
Myanmar;Sagaing;Shwebo;MMR;MMR005D002;MMR005;November;2020;0;0
Myanmar;Sagaing;Tamu;MMR;MMR005D006;MMR005;November;2020;0;0
Myanmar;Shan-North;Kyaukme;MMR;NA;NA;November;2020;3;1
Myanmar;Shan-North;Matman;MMR;MMR015D007;MMR015;November;2020;0;0
Myanmar;Shan-North;Pa Laung Self-Administered Zone;MMR;NA;NA;November;2020;0;0
Myanmar;Yangon;Yangon-East;MMR;MMR013D002;MMR013;November;2020;1;0
Myanmar;Ayeyarwady;Pathein;MMR;MMR017D001;MMR017;November;2020;0;0
Myanmar;Ayeyarwady;Pyapon;MMR;MMR017D006;MMR017;November;2020;0;0
Myanmar;Bago-East;Taungoo;MMR;MMR007D002;MMR007;November;2020;0;0
Myanmar;Kayah;Loikaw;MMR;MMR002D001;MMR002;November;2020;0;0
Myanmar;Kayin;Kawkareik;MMR;MMR003D003;MMR003;November;2020;0;0
Myanmar;Magway;Thayet;MMR;MMR009D003;MMR009;November;2020;0;0
Myanmar;Mandalay;Kyaukse;MMR;MMR010D003;MMR010;November;2020;0;0
Myanmar;Rakhine;Kyaukpyu;MMR;MMR012D003;MMR012;November;2020;10;1
Myanmar;Shan-East;Monghsat;MMR;MMR016D002;MMR016;November;2020;0;0
Myanmar;Shan-South;Pa-O Self-Administered Zone;MMR;NA;NA;November;2020;0;0
Myanmar;Shan-South;Taunggyi;MMR;MMR014D001;MMR014;November;2020;0;0
Myanmar;Tanintharyi;Dawei;MMR;MMR006D001;MMR006;November;2020;0;0
Myanmar;Yangon;Yangon-North;MMR;MMR013D001;MMR013;November;2020;0;0
Myanmar;Bago-West;Pyay;MMR;MMR008D001;MMR008;November;2020;0;0
Myanmar;Chin;Mindat;MMR;MMR004D002;MMR004;November;2020;0;0
Myanmar;Kachin;Bhamo;MMR;MMR001D003;MMR001;November;2020;1;0
Myanmar;Kachin;Myitkyina;MMR;MMR001D001;MMR001;November;2020;0;0
Myanmar;Magway;Gangaw;MMR;MMR009D005;MMR009;November;2020;0;0
Myanmar;Nay Pyi Taw;Oke Ta Ra;MMR;MMR018D001;MMR018;November;2020;0;0
Myanmar;Rakhine;Thandwe;MMR;MMR012D004;MMR012;November;2020;1;0
Myanmar;Shan-East;Kengtung;MMR;MMR016D001;MMR016;November;2020;0;0
Myanmar;Shan-North;Mongmit;MMR;MMR015D008;MMR015;November;2020;1;0
Myanmar;Yangon;Yangon-South;MMR;MMR013D003;MMR013;November;2020;0;0
Myanmar;Ayeyarwady;Labutta;MMR;MMR017D004;MMR017;November;2020;0;0
Myanmar;Ayeyarwady;Maubin;MMR;MMR017D005;MMR017;November;2020;0;0
Myanmar;Magway;Pakokku;MMR;MMR009D004;MMR009;November;2020;0;0
Myanmar;Mandalay;Myingyan;MMR;MMR010D004;MMR010;November;2020;0;0
Myanmar;Rakhine;Maungdaw;MMR;MMR012D002;MMR012;November;2020;2;3
Myanmar;Rakhine;Mrauk-U;MMR;MMR012D005;MMR012;November;2020;6;2
Myanmar;Shan-North;Hopang;MMR;MMR015D006;MMR015;November;2020;0;0
Myanmar;Shan-North;Kokang Self-Administered Zone;MMR;MMR015D221;MMR015;November;2020;0;0
Myanmar;Shan-North;Muse;MMR;MMR015D002;MMR015;November;2020;3;0
Myanmar;Sagaing;Kale;MMR;MMR005D005;MMR005;November;2020;0;0
Myanmar;Sagaing;Sagaing;MMR;MMR005D001;MMR005;November;2020;0;0
Myanmar;Bago-East;Bago;MMR;MMR007D001;MMR007;November;2020;1;0
Myanmar;Chin;Hakha;MMR;MMR004D003;MMR004;November;2020;0;0
Myanmar;Kachin;Mohnyin;MMR;MMR001D002;MMR001;November;2020;0;0
Myanmar;Kachin;Puta-O;MMR;MMR001D004;MMR001;November;2020;0;0
Myanmar;Kayin;Hpa-An;MMR;MMR003D001;MMR003;November;2020;0;0
Myanmar;Kayin;Myawaddy;MMR;MMR003D002;MMR003;November;2020;0;0
Myanmar;Mandalay;Mandalay;MMR;MMR010D001;MMR010;November;2020;0;0
Myanmar;Mandalay;Meiktila;MMR;MMR010D007;MMR010;November;2020;0;0
Myanmar;Sagaing;Kawlin;MMR;MMR005D011;MMR005;November;2020;0;0
Myanmar;Sagaing;Naga Self-Administered Zone;MMR;NA;NA;November;2020;0;0
Myanmar;Shan-South;Langkho;MMR;MMR014D003;MMR014;November;2020;0;0
Myanmar;Shan-South;Loilen;MMR;MMR014D002;MMR014;November;2020;0;0
Myanmar;Chin;Falam;MMR;MMR004D001;MMR004;November;2020;0;0
Myanmar;Kayin;Hpapun;MMR;MMR003D004;MMR003;November;2020;0;0
Myanmar;Mandalay;Nyaung-U;MMR;MMR010D005;MMR010;November;2020;0;0
Myanmar;Mon;Thaton;MMR;MMR011D002;MMR011;November;2020;0;0
Myanmar;Rakhine;Sittwe;MMR;MMR012D001;MMR012;November;2020;1;0
Myanmar;Sagaing;Mawlaik;MMR;MMR005D007;MMR005;November;2020;0;0
Myanmar;Sagaing;Monywa;MMR;MMR005D003;MMR005;November;2020;0;0
Myanmar;Sagaing;Yinmarbin;MMR;MMR005D009;MMR005;November;2020;0;0
Myanmar;Shan-East;Tachileik;MMR;MMR016D003;MMR016;November;2020;0;0
Myanmar;Tanintharyi;Kawthoung;MMR;MMR006D003;MMR006;November;2020;0;0
Myanmar;Yangon;Yangon-West;MMR;MMR013D004;MMR013;November;2020;0;0
Myanmar;Ayeyarwady;Hinthada;MMR;MMR017D002;MMR017;November;2020;0;0
Myanmar;Bago-West;Thayarwady;MMR;MMR008D002;MMR008;November;2020;0;0
Myanmar;Kayah;Bawlake;MMR;MMR002D002;MMR002;November;2020;0;0
Myanmar;Mandalay;Pyinoolwin;MMR;MMR010D002;MMR010;November;2020;6;4
Myanmar;Mandalay;Yamethin;MMR;MMR010D006;MMR010;November;2020;0;0
Myanmar;Mon;Mawlamyine;MMR;MMR011D001;MMR011;November;2020;0;0
Myanmar;Nay Pyi Taw;Det Khi Na;MMR;MMR018D002;MMR018;November;2020;0;0
Myanmar;Sagaing;Kanbalu;MMR;MMR005D010;MMR005;November;2020;0;0
Myanmar;Shan-North;Lashio;MMR;MMR015D001;MMR015;November;2020;0;0
Myanmar;Shan-South;Danu Self-Administered Zone;MMR;NA;NA;November;2020;0;0
Myanmar;Tanintharyi;Myeik;MMR;MMR006D002;MMR006;November;2020;0;0
Myanmar;Ayeyarwady;Myaungmya;MMR;MMR017D003;MMR017;December;2020;0;0
Myanmar;Chin;Matupi;MMR;MMR004D004;MMR004;December;2020;0;0
Myanmar;Magway;Magway;MMR;MMR009D001;MMR009;December;2020;0;0
Myanmar;Magway;Minbu;MMR;MMR009D002;MMR009;December;2020;0;0
Myanmar;Sagaing;Hkamti;MMR;MMR005D008;MMR005;December;2020;0;0
Myanmar;Sagaing;Katha;MMR;MMR005D004;MMR005;December;2020;0;0
Myanmar;Sagaing;Shwebo;MMR;MMR005D002;MMR005;December;2020;0;0
Myanmar;Sagaing;Tamu;MMR;MMR005D006;MMR005;December;2020;0;0
Myanmar;Shan-North;Kyaukme;MMR;NA;NA;December;2020;16;1
Myanmar;Shan-North;Matman;MMR;MMR015D007;MMR015;December;2020;0;0
Myanmar;Shan-North;Pa Laung Self-Administered Zone;MMR;NA;NA;December;2020;3;0
Myanmar;Yangon;Yangon-East;MMR;MMR013D002;MMR013;December;2020;0;0
Myanmar;Ayeyarwady;Pathein;MMR;MMR017D001;MMR017;December;2020;0;0
Myanmar;Ayeyarwady;Pyapon;MMR;MMR017D006;MMR017;December;2020;0;0
Myanmar;Bago-East;Taungoo;MMR;MMR007D002;MMR007;December;2020;1;0
Myanmar;Kayah;Loikaw;MMR;MMR002D001;MMR002;December;2020;0;0
Myanmar;Kayin;Kawkareik;MMR;MMR003D003;MMR003;December;2020;0;0
Myanmar;Magway;Thayet;MMR;MMR009D003;MMR009;December;2020;0;0
Myanmar;Mandalay;Kyaukse;MMR;MMR010D003;MMR010;December;2020;0;0
Myanmar;Rakhine;Kyaukpyu;MMR;MMR012D003;MMR012;December;2020;1;0
Myanmar;Shan-East;Monghsat;MMR;MMR016D002;MMR016;December;2020;0;0
Myanmar;Shan-South;Pa-O Self-Administered Zone;MMR;NA;NA;December;2020;0;0
Myanmar;Shan-South;Taunggyi;MMR;MMR014D001;MMR014;December;2020;0;0
Myanmar;Tanintharyi;Dawei;MMR;MMR006D001;MMR006;December;2020;0;0
Myanmar;Yangon;Yangon-North;MMR;MMR013D001;MMR013;December;2020;0;0
Myanmar;Bago-West;Pyay;MMR;MMR008D001;MMR008;December;2020;0;0
Myanmar;Chin;Mindat;MMR;MMR004D002;MMR004;December;2020;0;0
Myanmar;Kachin;Bhamo;MMR;MMR001D003;MMR001;December;2020;0;0
Myanmar;Kachin;Myitkyina;MMR;MMR001D001;MMR001;December;2020;0;0
Myanmar;Magway;Gangaw;MMR;MMR009D005;MMR009;December;2020;0;0
Myanmar;Nay Pyi Taw;Oke Ta Ra;MMR;MMR018D001;MMR018;December;2020;0;0
Myanmar;Rakhine;Thandwe;MMR;MMR012D004;MMR012;December;2020;0;0
Myanmar;Shan-East;Kengtung;MMR;MMR016D001;MMR016;December;2020;0;0
Myanmar;Shan-North;Mongmit;MMR;MMR015D008;MMR015;December;2020;0;0
Myanmar;Yangon;Yangon-South;MMR;MMR013D003;MMR013;December;2020;0;0
Myanmar;Ayeyarwady;Labutta;MMR;MMR017D004;MMR017;December;2020;0;0
Myanmar;Ayeyarwady;Maubin;MMR;MMR017D005;MMR017;December;2020;0;0
Myanmar;Magway;Pakokku;MMR;MMR009D004;MMR009;December;2020;0;0
Myanmar;Mandalay;Myingyan;MMR;MMR010D004;MMR010;December;2020;0;0
Myanmar;Rakhine;Maungdaw;MMR;MMR012D002;MMR012;December;2020;0;0
Myanmar;Rakhine;Mrauk-U;MMR;MMR012D005;MMR012;December;2020;1;0
Myanmar;Shan-North;Hopang;MMR;MMR015D006;MMR015;December;2020;0;0
Myanmar;Shan-North;Kokang Self-Administered Zone;MMR;MMR015D221;MMR015;December;2020;0;0
Myanmar;Shan-North;Muse;MMR;MMR015D002;MMR015;December;2020;4;1
Myanmar;Sagaing;Kale;MMR;MMR005D005;MMR005;December;2020;0;0
Myanmar;Sagaing;Sagaing;MMR;MMR005D001;MMR005;December;2020;0;0
Myanmar;Bago-East;Bago;MMR;MMR007D001;MMR007;December;2020;0;0
Myanmar;Chin;Hakha;MMR;MMR004D003;MMR004;December;2020;0;0
Myanmar;Kachin;Mohnyin;MMR;MMR001D002;MMR001;December;2020;0;0
Myanmar;Kachin;Puta-O;MMR;MMR001D004;MMR001;December;2020;0;0
Myanmar;Kayin;Hpa-An;MMR;MMR003D001;MMR003;December;2020;0;0
Myanmar;Kayin;Myawaddy;MMR;MMR003D002;MMR003;December;2020;0;0
Myanmar;Mandalay;Mandalay;MMR;MMR010D001;MMR010;December;2020;0;0
Myanmar;Mandalay;Meiktila;MMR;MMR010D007;MMR010;December;2020;0;0
Myanmar;Sagaing;Kawlin;MMR;MMR005D011;MMR005;December;2020;0;0
Myanmar;Sagaing;Naga Self-Administered Zone;MMR;NA;NA;December;2020;0;0
Myanmar;Shan-South;Langkho;MMR;MMR014D003;MMR014;December;2020;0;0
Myanmar;Shan-South;Loilen;MMR;MMR014D002;MMR014;December;2020;0;0
Myanmar;Chin;Falam;MMR;MMR004D001;MMR004;December;2020;0;0
Myanmar;Kayin;Hpapun;MMR;MMR003D004;MMR003;December;2020;4;4
Myanmar;Mandalay;Nyaung-U;MMR;MMR010D005;MMR010;December;2020;0;0
Myanmar;Mon;Thaton;MMR;MMR011D002;MMR011;December;2020;0;0
Myanmar;Rakhine;Sittwe;MMR;MMR012D001;MMR012;December;2020;0;0
Myanmar;Sagaing;Mawlaik;MMR;MMR005D007;MMR005;December;2020;0;0
Myanmar;Sagaing;Monywa;MMR;MMR005D003;MMR005;December;2020;0;0
Myanmar;Sagaing;Yinmarbin;MMR;MMR005D009;MMR005;December;2020;0;0
Myanmar;Shan-East;Tachileik;MMR;MMR016D003;MMR016;December;2020;0;0
Myanmar;Tanintharyi;Kawthoung;MMR;MMR006D003;MMR006;December;2020;0;0
Myanmar;Yangon;Yangon-West;MMR;MMR013D004;MMR013;December;2020;0;0
Myanmar;Ayeyarwady;Hinthada;MMR;MMR017D002;MMR017;December;2020;0;0
Myanmar;Bago-West;Thayarwady;MMR;MMR008D002;MMR008;December;2020;0;0
Myanmar;Kayah;Bawlake;MMR;MMR002D002;MMR002;December;2020;0;0
Myanmar;Mandalay;Pyinoolwin;MMR;MMR010D002;MMR010;December;2020;2;0
Myanmar;Mandalay;Yamethin;MMR;MMR010D006;MMR010;December;2020;0;0
Myanmar;Mon;Mawlamyine;MMR;MMR011D001;MMR011;December;2020;0;0
Myanmar;Nay Pyi Taw;Det Khi Na;MMR;MMR018D002;MMR018;December;2020;0;0
Myanmar;Sagaing;Kanbalu;MMR;MMR005D010;MMR005;December;2020;0;0
Myanmar;Shan-North;Lashio;MMR;MMR015D001;MMR015;December;2020;0;0
Myanmar;Shan-South;Danu Self-Administered Zone;MMR;NA;NA;December;2020;0;0
Myanmar;Tanintharyi;Myeik;MMR;MMR006D002;MMR006;December;2020;0;0
Myanmar;Ayeyarwady;Myaungmya;MMR;MMR017D003;MMR017;January;2021;0;0
Myanmar;Chin;Matupi;MMR;MMR004D004;MMR004;January;2021;1;0
Myanmar;Magway;Magway;MMR;MMR009D001;MMR009;January;2021;0;0
Myanmar;Magway;Minbu;MMR;MMR009D002;MMR009;January;2021;0;0
Myanmar;Sagaing;Hkamti;MMR;MMR005D008;MMR005;January;2021;1;0
Myanmar;Sagaing;Katha;MMR;MMR005D004;MMR005;January;2021;0;0
Myanmar;Sagaing;Shwebo;MMR;MMR005D002;MMR005;January;2021;0;0
Myanmar;Sagaing;Tamu;MMR;MMR005D006;MMR005;January;2021;0;0
Myanmar;Shan-North;Kyaukme;MMR;NA;NA;January;2021;21;3
Myanmar;Shan-North;Matman;MMR;MMR015D007;MMR015;January;2021;0;0
Myanmar;Shan-North;Pa Laung Self-Administered Zone;MMR;NA;NA;January;2021;1;0
Myanmar;Yangon;Yangon-East;MMR;MMR013D002;MMR013;January;2021;0;0
Myanmar;Ayeyarwady;Pathein;MMR;MMR017D001;MMR017;January;2021;0;0
Myanmar;Ayeyarwady;Pyapon;MMR;MMR017D006;MMR017;January;2021;0;0
Myanmar;Bago-East;Taungoo;MMR;MMR007D002;MMR007;January;2021;9;2
Myanmar;Kayah;Loikaw;MMR;MMR002D001;MMR002;January;2021;0;0
Myanmar;Kayin;Kawkareik;MMR;MMR003D003;MMR003;January;2021;0;0
Myanmar;Magway;Thayet;MMR;MMR009D003;MMR009;January;2021;0;0
Myanmar;Mandalay;Kyaukse;MMR;MMR010D003;MMR010;January;2021;0;0
Myanmar;Rakhine;Kyaukpyu;MMR;MMR012D003;MMR012;January;2021;1;0
Myanmar;Shan-East;Monghsat;MMR;MMR016D002;MMR016;January;2021;0;0
Myanmar;Shan-South;Pa-O Self-Administered Zone;MMR;NA;NA;January;2021;0;0
Myanmar;Shan-South;Taunggyi;MMR;MMR014D001;MMR014;January;2021;0;0
Myanmar;Tanintharyi;Dawei;MMR;MMR006D001;MMR006;January;2021;0;0
Myanmar;Yangon;Yangon-North;MMR;MMR013D001;MMR013;January;2021;0;0
Myanmar;Bago-West;Pyay;MMR;MMR008D001;MMR008;January;2021;0;0
Myanmar;Chin;Mindat;MMR;MMR004D002;MMR004;January;2021;0;0
Myanmar;Kachin;Bhamo;MMR;MMR001D003;MMR001;January;2021;0;0
Myanmar;Kachin;Myitkyina;MMR;MMR001D001;MMR001;January;2021;1;0
Myanmar;Magway;Gangaw;MMR;MMR009D005;MMR009;January;2021;0;0
Myanmar;Nay Pyi Taw;Oke Ta Ra;MMR;MMR018D001;MMR018;January;2021;0;0
Myanmar;Rakhine;Thandwe;MMR;MMR012D004;MMR012;January;2021;0;0
Myanmar;Shan-East;Kengtung;MMR;MMR016D001;MMR016;January;2021;0;0
Myanmar;Shan-North;Mongmit;MMR;MMR015D008;MMR015;January;2021;0;0
Myanmar;Yangon;Yangon-South;MMR;MMR013D003;MMR013;January;2021;0;0
Myanmar;Ayeyarwady;Labutta;MMR;MMR017D004;MMR017;January;2021;0;0
Myanmar;Ayeyarwady;Maubin;MMR;MMR017D005;MMR017;January;2021;0;0
Myanmar;Magway;Pakokku;MMR;MMR009D004;MMR009;January;2021;0;0
Myanmar;Mandalay;Myingyan;MMR;MMR010D004;MMR010;January;2021;0;0
Myanmar;Rakhine;Maungdaw;MMR;MMR012D002;MMR012;January;2021;2;1
Myanmar;Rakhine;Mrauk-U;MMR;MMR012D005;MMR012;January;2021;2;2
Myanmar;Shan-North;Hopang;MMR;MMR015D006;MMR015;January;2021;0;0
Myanmar;Shan-North;Kokang Self-Administered Zone;MMR;MMR015D221;MMR015;January;2021;0;0
Myanmar;Shan-North;Muse;MMR;MMR015D002;MMR015;January;2021;7;4
Myanmar;Sagaing;Kale;MMR;MMR005D005;MMR005;January;2021;0;0
Myanmar;Sagaing;Sagaing;MMR;MMR005D001;MMR005;January;2021;0;0
Myanmar;Bago-East;Bago;MMR;MMR007D001;MMR007;January;2021;0;0
Myanmar;Chin;Hakha;MMR;MMR004D003;MMR004;January;2021;0;0
Myanmar;Kachin;Mohnyin;MMR;MMR001D002;MMR001;January;2021;1;1
Myanmar;Kachin;Puta-O;MMR;MMR001D004;MMR001;January;2021;0;0
Myanmar;Kayin;Hpa-An;MMR;MMR003D001;MMR003;January;2021;0;0
Myanmar;Kayin;Myawaddy;MMR;MMR003D002;MMR003;January;2021;0;0
Myanmar;Mandalay;Mandalay;MMR;MMR010D001;MMR010;January;2021;0;0
Myanmar;Mandalay;Meiktila;MMR;MMR010D007;MMR010;January;2021;0;0
Myanmar;Sagaing;Kawlin;MMR;MMR005D011;MMR005;January;2021;0;0
Myanmar;Sagaing;Naga Self-Administered Zone;MMR;NA;NA;January;2021;0;0
Myanmar;Shan-South;Langkho;MMR;MMR014D003;MMR014;January;2021;1;3
Myanmar;Shan-South;Loilen;MMR;MMR014D002;MMR014;January;2021;0;0
Myanmar;Chin;Falam;MMR;MMR004D001;MMR004;January;2021;0;0
Myanmar;Kayin;Hpapun;MMR;MMR003D004;MMR003;January;2021;8;4
Myanmar;Mandalay;Nyaung-U;MMR;MMR010D005;MMR010;January;2021;0;0
Myanmar;Mon;Thaton;MMR;MMR011D002;MMR011;January;2021;2;0
Myanmar;Rakhine;Sittwe;MMR;MMR012D001;MMR012;January;2021;1;1
Myanmar;Sagaing;Mawlaik;MMR;MMR005D007;MMR005;January;2021;0;0
Myanmar;Sagaing;Monywa;MMR;MMR005D003;MMR005;January;2021;0;0
Myanmar;Sagaing;Yinmarbin;MMR;MMR005D009;MMR005;January;2021;0;0
Myanmar;Shan-East;Tachileik;MMR;MMR016D003;MMR016;January;2021;0;0
Myanmar;Tanintharyi;Kawthoung;MMR;MMR006D003;MMR006;January;2021;0;0
Myanmar;Yangon;Yangon-West;MMR;MMR013D004;MMR013;January;2021;0;0
Myanmar;Ayeyarwady;Hinthada;MMR;MMR017D002;MMR017;January;2021;0;0
Myanmar;Bago-West;Thayarwady;MMR;MMR008D002;MMR008;January;2021;0;0
Myanmar;Kayah;Bawlake;MMR;MMR002D002;MMR002;January;2021;0;0
Myanmar;Mandalay;Pyinoolwin;MMR;MMR010D002;MMR010;January;2021;1;0
Myanmar;Mandalay;Yamethin;MMR;MMR010D006;MMR010;January;2021;0;0
Myanmar;Mon;Mawlamyine;MMR;MMR011D001;MMR011;January;2021;1;1
Myanmar;Nay Pyi Taw;Det Khi Na;MMR;MMR018D002;MMR018;January;2021;0;0
Myanmar;Sagaing;Kanbalu;MMR;MMR005D010;MMR005;January;2021;0;0
Myanmar;Shan-North;Lashio;MMR;MMR015D001;MMR015;January;2021;1;0
Myanmar;Shan-South;Danu Self-Administered Zone;MMR;NA;NA;January;2021;0;0
Myanmar;Tanintharyi;Myeik;MMR;MMR006D002;MMR006;January;2021;0;0
Myanmar;Ayeyarwady;Myaungmya;MMR;MMR017D003;MMR017;February;2021;1;0
Myanmar;Chin;Matupi;MMR;MMR004D004;MMR004;February;2021;0;0
Myanmar;Magway;Magway;MMR;MMR009D001;MMR009;February;2021;1;0
Myanmar;Magway;Minbu;MMR;MMR009D002;MMR009;February;2021;0;0
Myanmar;Sagaing;Hkamti;MMR;MMR005D008;MMR005;February;2021;0;0
Myanmar;Sagaing;Katha;MMR;MMR005D004;MMR005;February;2021;0;0
Myanmar;Sagaing;Shwebo;MMR;MMR005D002;MMR005;February;2021;0;0
Myanmar;Sagaing;Tamu;MMR;MMR005D006;MMR005;February;2021;0;0
Myanmar;Shan-North;Kyaukme;MMR;NA;NA;February;2021;21;16
Myanmar;Shan-North;Matman;MMR;MMR015D007;MMR015;February;2021;0;0
Myanmar;Shan-North;Pa Laung Self-Administered Zone;MMR;NA;NA;February;2021;1;5
Myanmar;Yangon;Yangon-East;MMR;MMR013D002;MMR013;February;2021;5;1
Myanmar;Ayeyarwady;Pathein;MMR;MMR017D001;MMR017;February;2021;1;0
Myanmar;Ayeyarwady;Pyapon;MMR;MMR017D006;MMR017;February;2021;0;0
Myanmar;Bago-East;Taungoo;MMR;MMR007D002;MMR007;February;2021;0;0
Myanmar;Kayah;Loikaw;MMR;MMR002D001;MMR002;February;2021;0;0
Myanmar;Kayin;Kawkareik;MMR;MMR003D003;MMR003;February;2021;2;3
Myanmar;Magway;Thayet;MMR;MMR009D003;MMR009;February;2021;0;0
Myanmar;Mandalay;Kyaukse;MMR;MMR010D003;MMR010;February;2021;0;0
Myanmar;Rakhine;Kyaukpyu;MMR;MMR012D003;MMR012;February;2021;1;0
Myanmar;Shan-East;Monghsat;MMR;MMR016D002;MMR016;February;2021;0;0
Myanmar;Shan-South;Pa-O Self-Administered Zone;MMR;NA;NA;February;2021;0;0
Myanmar;Shan-South;Taunggyi;MMR;MMR014D001;MMR014;February;2021;0;0
Myanmar;Tanintharyi;Dawei;MMR;MMR006D001;MMR006;February;2021;3;4
Myanmar;Yangon;Yangon-North;MMR;MMR013D001;MMR013;February;2021;1;1
Myanmar;Bago-West;Pyay;MMR;MMR008D001;MMR008;February;2021;0;0
Myanmar;Chin;Mindat;MMR;MMR004D002;MMR004;February;2021;0;0
Myanmar;Kachin;Bhamo;MMR;MMR001D003;MMR001;February;2021;0;0
Myanmar;Kachin;Myitkyina;MMR;MMR001D001;MMR001;February;2021;4;0
Myanmar;Magway;Gangaw;MMR;MMR009D005;MMR009;February;2021;0;0
Myanmar;Nay Pyi Taw;Oke Ta Ra;MMR;MMR018D001;MMR018;February;2021;0;0
Myanmar;Rakhine;Thandwe;MMR;MMR012D004;MMR012;February;2021;0;0
Myanmar;Shan-East;Kengtung;MMR;MMR016D001;MMR016;February;2021;0;0
Myanmar;Shan-North;Mongmit;MMR;MMR015D008;MMR015;February;2021;0;0
Myanmar;Yangon;Yangon-South;MMR;MMR013D003;MMR013;February;2021;0;0
Myanmar;Ayeyarwady;Labutta;MMR;MMR017D004;MMR017;February;2021;0;0
Myanmar;Ayeyarwady;Maubin;MMR;MMR017D005;MMR017;February;2021;0;0
Myanmar;Magway;Pakokku;MMR;MMR009D004;MMR009;February;2021;1;1
Myanmar;Mandalay;Myingyan;MMR;MMR010D004;MMR010;February;2021;0;0
Myanmar;Rakhine;Maungdaw;MMR;MMR012D002;MMR012;February;2021;3;1
Myanmar;Rakhine;Mrauk-U;MMR;MMR012D005;MMR012;February;2021;0;0
Myanmar;Shan-North;Hopang;MMR;MMR015D006;MMR015;February;2021;0;0
Myanmar;Shan-North;Kokang Self-Administered Zone;MMR;MMR015D221;MMR015;February;2021;0;0
Myanmar;Shan-North;Muse;MMR;MMR015D002;MMR015;February;2021;17;4
Myanmar;Sagaing;Kale;MMR;MMR005D005;MMR005;February;2021;0;0
Myanmar;Sagaing;Sagaing;MMR;MMR005D001;MMR005;February;2021;0;0
Myanmar;Bago-East;Bago;MMR;MMR007D001;MMR007;February;2021;1;3
Myanmar;Chin;Hakha;MMR;MMR004D003;MMR004;February;2021;0;0
Myanmar;Kachin;Mohnyin;MMR;MMR001D002;MMR001;February;2021;1;0
Myanmar;Kachin;Puta-O;MMR;MMR001D004;MMR001;February;2021;0;0
Myanmar;Kayin;Hpa-An;MMR;MMR003D001;MMR003;February;2021;0;0
Myanmar;Kayin;Myawaddy;MMR;MMR003D002;MMR003;February;2021;1;0
Myanmar;Mandalay;Mandalay;MMR;MMR010D001;MMR010;February;2021;9;3
Myanmar;Mandalay;Meiktila;MMR;MMR010D007;MMR010;February;2021;0;0
Myanmar;Sagaing;Kawlin;MMR;MMR005D011;MMR005;February;2021;0;0
Myanmar;Sagaing;Naga Self-Administered Zone;MMR;NA;NA;February;2021;0;0
Myanmar;Shan-South;Langkho;MMR;MMR014D003;MMR014;February;2021;2;1
Myanmar;Shan-South;Loilen;MMR;MMR014D002;MMR014;February;2021;0;0
Myanmar;Chin;Falam;MMR;MMR004D001;MMR004;February;2021;0;0
Myanmar;Kayin;Hpapun;MMR;MMR003D004;MMR003;February;2021;3;0
Myanmar;Mandalay;Nyaung-U;MMR;MMR010D005;MMR010;February;2021;0;0
Myanmar;Mon;Thaton;MMR;MMR011D002;MMR011;February;2021;0;0
Myanmar;Rakhine;Sittwe;MMR;MMR012D001;MMR012;February;2021;1;0
Myanmar;Sagaing;Mawlaik;MMR;MMR005D007;MMR005;February;2021;0;0
Myanmar;Sagaing;Monywa;MMR;MMR005D003;MMR005;February;2021;2;1
Myanmar;Sagaing;Yinmarbin;MMR;MMR005D009;MMR005;February;2021;0;0
Myanmar;Shan-East;Tachileik;MMR;MMR016D003;MMR016;February;2021;0;0
Myanmar;Tanintharyi;Kawthoung;MMR;MMR006D003;MMR006;February;2021;0;0
Myanmar;Yangon;Yangon-West;MMR;MMR013D004;MMR013;February;2021;4;3
Myanmar;Ayeyarwady;Hinthada;MMR;MMR017D002;MMR017;February;2021;0;0
Myanmar;Bago-West;Thayarwady;MMR;MMR008D002;MMR008;February;2021;0;0
Myanmar;Kayah;Bawlake;MMR;MMR002D002;MMR002;February;2021;0;0
Myanmar;Mandalay;Pyinoolwin;MMR;MMR010D002;MMR010;February;2021;1;0
Myanmar;Mandalay;Yamethin;MMR;MMR010D006;MMR010;February;2021;0;0
Myanmar;Mon;Mawlamyine;MMR;MMR011D001;MMR011;February;2021;2;3
Myanmar;Nay Pyi Taw;Det Khi Na;MMR;MMR018D002;MMR018;February;2021;0;0
Myanmar;Sagaing;Kanbalu;MMR;MMR005D010;MMR005;February;2021;0;0
Myanmar;Shan-North;Lashio;MMR;MMR015D001;MMR015;February;2021;2;9
Myanmar;Shan-South;Danu Self-Administered Zone;MMR;NA;NA;February;2021;0;0
Myanmar;Tanintharyi;Myeik;MMR;MMR006D002;MMR006;February;2021;2;6
Myanmar;Ayeyarwady;Myaungmya;MMR;MMR017D003;MMR017;March;2021;3;0
Myanmar;Chin;Matupi;MMR;MMR004D004;MMR004;March;2021;1;0
Myanmar;Magway;Magway;MMR;MMR009D001;MMR009;March;2021;3;2
Myanmar;Magway;Minbu;MMR;MMR009D002;MMR009;March;2021;3;5
Myanmar;Sagaing;Hkamti;MMR;MMR005D008;MMR005;March;2021;0;0
Myanmar;Sagaing;Katha;MMR;MMR005D004;MMR005;March;2021;2;0
Myanmar;Sagaing;Shwebo;MMR;MMR005D002;MMR005;March;2021;4;8
Myanmar;Sagaing;Tamu;MMR;MMR005D006;MMR005;March;2021;4;6
Myanmar;Shan-North;Kyaukme;MMR;NA;NA;March;2021;17;7
Myanmar;Shan-North;Matman;MMR;MMR015D007;MMR015;March;2021;0;0
Myanmar;Shan-North;Pa Laung Self-Administered Zone;MMR;NA;NA;March;2021;3;1
Myanmar;Yangon;Yangon-East;MMR;MMR013D002;MMR013;March;2021;54;95
Myanmar;Ayeyarwady;Pathein;MMR;MMR017D001;MMR017;March;2021;6;10
Myanmar;Ayeyarwady;Pyapon;MMR;MMR017D006;MMR017;March;2021;1;1
Myanmar;Bago-East;Taungoo;MMR;MMR007D002;MMR007;March;2021;7;33
Myanmar;Kayah;Loikaw;MMR;MMR002D001;MMR002;March;2021;1;1
Myanmar;Kayin;Kawkareik;MMR;MMR003D003;MMR003;March;2021;6;0
Myanmar;Magway;Thayet;MMR;MMR009D003;MMR009;March;2021;1;1
Myanmar;Mandalay;Kyaukse;MMR;MMR010D003;MMR010;March;2021;3;1
Myanmar;Rakhine;Kyaukpyu;MMR;MMR012D003;MMR012;March;2021;0;0
Myanmar;Shan-East;Monghsat;MMR;MMR016D002;MMR016;March;2021;0;0
Myanmar;Shan-South;Pa-O Self-Administered Zone;MMR;NA;NA;March;2021;0;0
Myanmar;Shan-South;Taunggyi;MMR;MMR014D001;MMR014;March;2021;10;25
Myanmar;Tanintharyi;Dawei;MMR;MMR006D001;MMR006;March;2021;15;13
Myanmar;Yangon;Yangon-North;MMR;MMR013D001;MMR013;March;2021;18;29
Myanmar;Bago-West;Pyay;MMR;MMR008D001;MMR008;March;2021;4;2
Myanmar;Chin;Mindat;MMR;MMR004D002;MMR004;March;2021;0;0
Myanmar;Kachin;Bhamo;MMR;MMR001D003;MMR001;March;2021;10;9
Myanmar;Kachin;Myitkyina;MMR;MMR001D001;MMR001;March;2021;21;3
Myanmar;Magway;Gangaw;MMR;MMR009D005;MMR009;March;2021;11;11
Myanmar;Nay Pyi Taw;Oke Ta Ra;MMR;MMR018D001;MMR018;March;2021;0;0
Myanmar;Rakhine;Thandwe;MMR;MMR012D004;MMR012;March;2021;0;0
Myanmar;Shan-East;Kengtung;MMR;MMR016D001;MMR016;March;2021;0;0
Myanmar;Shan-North;Mongmit;MMR;MMR015D008;MMR015;March;2021;0;0
Myanmar;Yangon;Yangon-South;MMR;MMR013D003;MMR013;March;2021;6;13
Myanmar;Ayeyarwady;Labutta;MMR;MMR017D004;MMR017;March;2021;0;0
Myanmar;Ayeyarwady;Maubin;MMR;MMR017D005;MMR017;March;2021;2;0
Myanmar;Magway;Pakokku;MMR;MMR009D004;MMR009;March;2021;5;12
Myanmar;Mandalay;Myingyan;MMR;MMR010D004;MMR010;March;2021;8;23
Myanmar;Rakhine;Maungdaw;MMR;MMR012D002;MMR012;March;2021;2;3
Myanmar;Rakhine;Mrauk-U;MMR;MMR012D005;MMR012;March;2021;1;0
Myanmar;Shan-North;Hopang;MMR;MMR015D006;MMR015;March;2021;0;0
Myanmar;Shan-North;Kokang Self-Administered Zone;MMR;MMR015D221;MMR015;March;2021;0;0
Myanmar;Shan-North;Muse;MMR;MMR015D002;MMR015;March;2021;17;5
Myanmar;Sagaing;Kale;MMR;MMR005D005;MMR005;March;2021;7;19
Myanmar;Sagaing;Sagaing;MMR;MMR005D001;MMR005;March;2021;1;2
Myanmar;Bago-East;Bago;MMR;MMR007D001;MMR007;March;2021;18;33
Myanmar;Chin;Hakha;MMR;MMR004D003;MMR004;March;2021;0;0
Myanmar;Kachin;Mohnyin;MMR;MMR001D002;MMR001;March;2021;36;87
Myanmar;Kachin;Puta-O;MMR;MMR001D004;MMR001;March;2021;1;3
Myanmar;Kayin;Hpa-An;MMR;MMR003D001;MMR003;March;2021;6;5
Myanmar;Kayin;Myawaddy;MMR;MMR003D002;MMR003;March;2021;3;3
Myanmar;Mandalay;Mandalay;MMR;MMR010D001;MMR010;March;2021;23;72
Myanmar;Mandalay;Meiktila;MMR;MMR010D007;MMR010;March;2021;6;8
Myanmar;Sagaing;Kawlin;MMR;MMR005D011;MMR005;March;2021;0;0
Myanmar;Sagaing;Naga Self-Administered Zone;MMR;NA;NA;March;2021;0;0
Myanmar;Shan-South;Langkho;MMR;MMR014D003;MMR014;March;2021;0;0
Myanmar;Shan-South;Loilen;MMR;MMR014D002;MMR014;March;2021;1;0
Myanmar;Chin;Falam;MMR;MMR004D001;MMR004;March;2021;0;0
Myanmar;Kayin;Hpapun;MMR;MMR003D004;MMR003;March;2021;11;19
Myanmar;Mandalay;Nyaung-U;MMR;MMR010D005;MMR010;March;2021;10;7
Myanmar;Mon;Thaton;MMR;MMR011D002;MMR011;March;2021;6;3
Myanmar;Rakhine;Sittwe;MMR;MMR012D001;MMR012;March;2021;1;0
Myanmar;Sagaing;Mawlaik;MMR;MMR005D007;MMR005;March;2021;0;0
Myanmar;Sagaing;Monywa;MMR;MMR005D003;MMR005;March;2021;8;22
Myanmar;Sagaing;Yinmarbin;MMR;MMR005D009;MMR005;March;2021;1;1
Myanmar;Shan-East;Tachileik;MMR;MMR016D003;MMR016;March;2021;1;0
Myanmar;Tanintharyi;Kawthoung;MMR;MMR006D003;MMR006;March;2021;3;10
Myanmar;Yangon;Yangon-West;MMR;MMR013D004;MMR013;March;2021;21;9
Myanmar;Ayeyarwady;Hinthada;MMR;MMR017D002;MMR017;March;2021;2;0
Myanmar;Bago-West;Thayarwady;MMR;MMR008D002;MMR008;March;2021;2;2
Myanmar;Kayah;Bawlake;MMR;MMR002D002;MMR002;March;2021;0;0
Myanmar;Mandalay;Pyinoolwin;MMR;MMR010D002;MMR010;March;2021;13;18
Myanmar;Mandalay;Yamethin;MMR;MMR010D006;MMR010;March;2021;0;0
Myanmar;Mon;Mawlamyine;MMR;MMR011D001;MMR011;March;2021;8;5
Myanmar;Nay Pyi Taw;Det Khi Na;MMR;MMR018D002;MMR018;March;2021;1;1
Myanmar;Sagaing;Kanbalu;MMR;MMR005D010;MMR005;March;2021;0;0
Myanmar;Shan-North;Lashio;MMR;MMR015D001;MMR015;March;2021;7;5
Myanmar;Shan-South;Danu Self-Administered Zone;MMR;NA;NA;March;2021;0;0
Myanmar;Tanintharyi;Myeik;MMR;MMR006D002;MMR006;March;2021;5;6
Myanmar;Ayeyarwady;Myaungmya;MMR;MMR017D003;MMR017;April;2021;0;0
Myanmar;Chin;Matupi;MMR;MMR004D004;MMR004;April;2021;1;0
Myanmar;Magway;Magway;MMR;MMR009D001;MMR009;April;2021;4;0
Myanmar;Magway;Minbu;MMR;MMR009D002;MMR009;April;2021;0;0
Myanmar;Sagaing;Hkamti;MMR;MMR005D008;MMR005;April;2021;2;2
Myanmar;Sagaing;Katha;MMR;MMR005D004;MMR005;April;2021;4;2
Myanmar;Sagaing;Shwebo;MMR;MMR005D002;MMR005;April;2021;5;7
Myanmar;Sagaing;Tamu;MMR;MMR005D006;MMR005;April;2021;8;34
Myanmar;Shan-North;Kyaukme;MMR;NA;NA;April;2021;27;5
Myanmar;Shan-North;Matman;MMR;MMR015D007;MMR015;April;2021;0;0
Myanmar;Shan-North;Pa Laung Self-Administered Zone;MMR;NA;NA;April;2021;8;3
Myanmar;Yangon;Yangon-East;MMR;MMR013D002;MMR013;April;2021;14;1
Myanmar;Ayeyarwady;Pathein;MMR;MMR017D001;MMR017;April;2021;3;1
Myanmar;Ayeyarwady;Pyapon;MMR;MMR017D006;MMR017;April;2021;0;0
Myanmar;Bago-East;Taungoo;MMR;MMR007D002;MMR007;April;2021;2;2
Myanmar;Kayah;Loikaw;MMR;MMR002D001;MMR002;April;2021;3;1
Myanmar;Kayin;Kawkareik;MMR;MMR003D003;MMR003;April;2021;6;0
Myanmar;Magway;Thayet;MMR;MMR009D003;MMR009;April;2021;1;0
Myanmar;Mandalay;Kyaukse;MMR;MMR010D003;MMR010;April;2021;1;0
Myanmar;Rakhine;Kyaukpyu;MMR;MMR012D003;MMR012;April;2021;2;0
Myanmar;Shan-East;Monghsat;MMR;MMR016D002;MMR016;April;2021;0;0
Myanmar;Shan-South;Pa-O Self-Administered Zone;MMR;NA;NA;April;2021;0;0
Myanmar;Shan-South;Taunggyi;MMR;MMR014D001;MMR014;April;2021;4;3
Myanmar;Tanintharyi;Dawei;MMR;MMR006D001;MMR006;April;2021;4;6
Myanmar;Yangon;Yangon-North;MMR;MMR013D001;MMR013;April;2021;9;1
Myanmar;Bago-West;Pyay;MMR;MMR008D001;MMR008;April;2021;1;0
Myanmar;Chin;Mindat;MMR;MMR004D002;MMR004;April;2021;6;19
Myanmar;Kachin;Bhamo;MMR;MMR001D003;MMR001;April;2021;73;52
Myanmar;Kachin;Myitkyina;MMR;MMR001D001;MMR001;April;2021;43;5
Myanmar;Magway;Gangaw;MMR;MMR009D005;MMR009;April;2021;1;4
Myanmar;Nay Pyi Taw;Oke Ta Ra;MMR;MMR018D001;MMR018;April;2021;0;0
Myanmar;Rakhine;Thandwe;MMR;MMR012D004;MMR012;April;2021;0;0
Myanmar;Shan-East;Kengtung;MMR;MMR016D001;MMR016;April;2021;3;0
Myanmar;Shan-North;Mongmit;MMR;MMR015D008;MMR015;April;2021;1;0
Myanmar;Yangon;Yangon-South;MMR;MMR013D003;MMR013;April;2021;1;0
Myanmar;Ayeyarwady;Labutta;MMR;MMR017D004;MMR017;April;2021;0;0
Myanmar;Ayeyarwady;Maubin;MMR;MMR017D005;MMR017;April;2021;1;0
Myanmar;Magway;Pakokku;MMR;MMR009D004;MMR009;April;2021;2;0
Myanmar;Mandalay;Myingyan;MMR;MMR010D004;MMR010;April;2021;17;15
Myanmar;Rakhine;Maungdaw;MMR;MMR012D002;MMR012;April;2021;2;0
Myanmar;Rakhine;Mrauk-U;MMR;MMR012D005;MMR012;April;2021;1;3
Myanmar;Shan-North;Hopang;MMR;MMR015D006;MMR015;April;2021;0;0
Myanmar;Shan-North;Kokang Self-Administered Zone;MMR;MMR015D221;MMR015;April;2021;0;0
Myanmar;Shan-North;Muse;MMR;MMR015D002;MMR015;April;2021;17;0
Myanmar;Sagaing;Kale;MMR;MMR005D005;MMR005;April;2021;10;9
Myanmar;Sagaing;Sagaing;MMR;MMR005D001;MMR005;April;2021;2;2
Myanmar;Bago-East;Bago;MMR;MMR007D001;MMR007;April;2021;5;85
Myanmar;Chin;Hakha;MMR;MMR004D003;MMR004;April;2021;2;2
Myanmar;Kachin;Mohnyin;MMR;MMR001D002;MMR001;April;2021;35;10
Myanmar;Kachin;Puta-O;MMR;MMR001D004;MMR001;April;2021;9;18
Myanmar;Kayin;Hpa-An;MMR;MMR003D001;MMR003;April;2021;1;2
Myanmar;Kayin;Myawaddy;MMR;MMR003D002;MMR003;April;2021;4;0
Myanmar;Mandalay;Mandalay;MMR;MMR010D001;MMR010;April;2021;28;11
Myanmar;Mandalay;Meiktila;MMR;MMR010D007;MMR010;April;2021;3;0
Myanmar;Sagaing;Kawlin;MMR;MMR005D011;MMR005;April;2021;3;2
Myanmar;Sagaing;Naga Self-Administered Zone;MMR;NA;NA;April;2021;0;0
Myanmar;Shan-South;Langkho;MMR;MMR014D003;MMR014;April;2021;1;1
Myanmar;Shan-South;Loilen;MMR;MMR014D002;MMR014;April;2021;6;3
Myanmar;Chin;Falam;MMR;MMR004D001;MMR004;April;2021;1;1
Myanmar;Kayin;Hpapun;MMR;MMR003D004;MMR003;April;2021;21;21
Myanmar;Mandalay;Nyaung-U;MMR;MMR010D005;MMR010;April;2021;1;1
Myanmar;Mon;Thaton;MMR;MMR011D002;MMR011;April;2021;16;17
Myanmar;Rakhine;Sittwe;MMR;MMR012D001;MMR012;April;2021;0;0
Myanmar;Sagaing;Mawlaik;MMR;MMR005D007;MMR005;April;2021;0;0
Myanmar;Sagaing;Monywa;MMR;MMR005D003;MMR005;April;2021;7;4
Myanmar;Sagaing;Yinmarbin;MMR;MMR005D009;MMR005;April;2021;15;38
Myanmar;Shan-East;Tachileik;MMR;MMR016D003;MMR016;April;2021;4;0
Myanmar;Tanintharyi;Kawthoung;MMR;MMR006D003;MMR006;April;2021;1;0
Myanmar;Yangon;Yangon-West;MMR;MMR013D004;MMR013;April;2021;13;3
Myanmar;Ayeyarwady;Hinthada;MMR;MMR017D002;MMR017;April;2021;0;0
Myanmar;Bago-West;Thayarwady;MMR;MMR008D002;MMR008;April;2021;0;0
Myanmar;Kayah;Bawlake;MMR;MMR002D002;MMR002;April;2021;0;0
Myanmar;Mandalay;Pyinoolwin;MMR;MMR010D002;MMR010;April;2021;8;17
Myanmar;Mandalay;Yamethin;MMR;MMR010D006;MMR010;April;2021;0;0
Myanmar;Mon;Mawlamyine;MMR;MMR011D001;MMR011;April;2021;7;9
Myanmar;Nay Pyi Taw;Det Khi Na;MMR;MMR018D002;MMR018;April;2021;4;3
Myanmar;Sagaing;Kanbalu;MMR;MMR005D010;MMR005;April;2021;0;0
Myanmar;Shan-North;Lashio;MMR;MMR015D001;MMR015;April;2021;8;15
Myanmar;Shan-South;Danu Self-Administered Zone;MMR;NA;NA;April;2021;0;0
Myanmar;Tanintharyi;Myeik;MMR;MMR006D002;MMR006;April;2021;1;0
Myanmar;Ayeyarwady;Myaungmya;MMR;MMR017D003;MMR017;May;2021;3;0
Myanmar;Chin;Matupi;MMR;MMR004D004;MMR004;May;2021;2;0
Myanmar;Magway;Magway;MMR;MMR009D001;MMR009;May;2021;12;2
Myanmar;Magway;Minbu;MMR;MMR009D002;MMR009;May;2021;10;1
Myanmar;Sagaing;Hkamti;MMR;MMR005D008;MMR005;May;2021;7;9
Myanmar;Sagaing;Katha;MMR;MMR005D004;MMR005;May;2021;6;9
Myanmar;Sagaing;Shwebo;MMR;MMR005D002;MMR005;May;2021;15;13
Myanmar;Sagaing;Tamu;MMR;MMR005D006;MMR005;May;2021;3;22
Myanmar;Shan-North;Kyaukme;MMR;NA;NA;May;2021;20;7
Myanmar;Shan-North;Matman;MMR;MMR015D007;MMR015;May;2021;0;0
Myanmar;Shan-North;Pa Laung Self-Administered Zone;MMR;NA;NA;May;2021;7;4
Myanmar;Yangon;Yangon-East;MMR;MMR013D002;MMR013;May;2021;62;13
Myanmar;Ayeyarwady;Pathein;MMR;MMR017D001;MMR017;May;2021;8;1
Myanmar;Ayeyarwady;Pyapon;MMR;MMR017D006;MMR017;May;2021;2;0
Myanmar;Bago-East;Taungoo;MMR;MMR007D002;MMR007;May;2021;10;2
Myanmar;Kayah;Loikaw;MMR;MMR002D001;MMR002;May;2021;58;152
Myanmar;Kayin;Kawkareik;MMR;MMR003D003;MMR003;May;2021;6;1
Myanmar;Magway;Thayet;MMR;MMR009D003;MMR009;May;2021;1;0
Myanmar;Mandalay;Kyaukse;MMR;MMR010D003;MMR010;May;2021;3;3
Myanmar;Rakhine;Kyaukpyu;MMR;MMR012D003;MMR012;May;2021;2;0
Myanmar;Shan-East;Monghsat;MMR;MMR016D002;MMR016;May;2021;0;0
Myanmar;Shan-South;Pa-O Self-Administered Zone;MMR;NA;NA;May;2021;0;0
Myanmar;Shan-South;Taunggyi;MMR;MMR014D001;MMR014;May;2021;19;28
Myanmar;Tanintharyi;Dawei;MMR;MMR006D001;MMR006;May;2021;10;4
Myanmar;Yangon;Yangon-North;MMR;MMR013D001;MMR013;May;2021;28;3
Myanmar;Bago-West;Pyay;MMR;MMR008D001;MMR008;May;2021;11;8
Myanmar;Chin;Mindat;MMR;MMR004D002;MMR004;May;2021;23;57
Myanmar;Kachin;Bhamo;MMR;MMR001D003;MMR001;May;2021;114;76
Myanmar;Kachin;Myitkyina;MMR;MMR001D001;MMR001;May;2021;34;8
Myanmar;Magway;Gangaw;MMR;MMR009D005;MMR009;May;2021;14;27
Myanmar;Nay Pyi Taw;Oke Ta Ra;MMR;MMR018D001;MMR018;May;2021;0;0
Myanmar;Rakhine;Thandwe;MMR;MMR012D004;MMR012;May;2021;0;0
Myanmar;Shan-East;Kengtung;MMR;MMR016D001;MMR016;May;2021;1;1
Myanmar;Shan-North;Mongmit;MMR;MMR015D008;MMR015;May;2021;0;0
Myanmar;Yangon;Yangon-South;MMR;MMR013D003;MMR013;May;2021;3;1
Myanmar;Ayeyarwady;Labutta;MMR;MMR017D004;MMR017;May;2021;0;0
Myanmar;Ayeyarwady;Maubin;MMR;MMR017D005;MMR017;May;2021;4;0
Myanmar;Magway;Pakokku;MMR;MMR009D004;MMR009;May;2021;12;36
Myanmar;Mandalay;Myingyan;MMR;MMR010D004;MMR010;May;2021;16;13
Myanmar;Rakhine;Maungdaw;MMR;MMR012D002;MMR012;May;2021;3;1
Myanmar;Rakhine;Mrauk-U;MMR;MMR012D005;MMR012;May;2021;0;0
Myanmar;Shan-North;Hopang;MMR;MMR015D006;MMR015;May;2021;0;0
Myanmar;Shan-North;Kokang Self-Administered Zone;MMR;MMR015D221;MMR015;May;2021;0;0
Myanmar;Shan-North;Muse;MMR;MMR015D002;MMR015;May;2021;44;45
Myanmar;Sagaing;Kale;MMR;MMR005D005;MMR005;May;2021;14;8
Myanmar;Sagaing;Sagaing;MMR;MMR005D001;MMR005;May;2021;13;30
Myanmar;Bago-East;Bago;MMR;MMR007D001;MMR007;May;2021;11;5
Myanmar;Chin;Hakha;MMR;MMR004D003;MMR004;May;2021;15;30
Myanmar;Kachin;Mohnyin;MMR;MMR001D002;MMR001;May;2021;28;15
Myanmar;Kachin;Puta-O;MMR;MMR001D004;MMR001;May;2021;9;1
Myanmar;Kayin;Hpa-An;MMR;MMR003D001;MMR003;May;2021;5;1
Myanmar;Kayin;Myawaddy;MMR;MMR003D002;MMR003;May;2021;7;2
Myanmar;Mandalay;Mandalay;MMR;MMR010D001;MMR010;May;2021;28;4
Myanmar;Mandalay;Meiktila;MMR;MMR010D007;MMR010;May;2021;2;2
Myanmar;Sagaing;Kawlin;MMR;MMR005D011;MMR005;May;2021;1;0
Myanmar;Sagaing;Naga Self-Administered Zone;MMR;NA;NA;May;2021;1;4
Myanmar;Shan-South;Langkho;MMR;MMR014D003;MMR014;May;2021;0;0
Myanmar;Shan-South;Loilen;MMR;MMR014D002;MMR014;May;2021;1;0
Myanmar;Chin;Falam;MMR;MMR004D001;MMR004;May;2021;7;13
Myanmar;Kayin;Hpapun;MMR;MMR003D004;MMR003;May;2021;23;60
Myanmar;Mandalay;Nyaung-U;MMR;MMR010D005;MMR010;May;2021;5;2
Myanmar;Mon;Thaton;MMR;MMR011D002;MMR011;May;2021;10;3
Myanmar;Rakhine;Sittwe;MMR;MMR012D001;MMR012;May;2021;1;0
Myanmar;Sagaing;Mawlaik;MMR;MMR005D007;MMR005;May;2021;0;0
Myanmar;Sagaing;Monywa;MMR;MMR005D003;MMR005;May;2021;5;4
Myanmar;Sagaing;Yinmarbin;MMR;MMR005D009;MMR005;May;2021;29;101
Myanmar;Shan-East;Tachileik;MMR;MMR016D003;MMR016;May;2021;2;0
Myanmar;Tanintharyi;Kawthoung;MMR;MMR006D003;MMR006;May;2021;0;0
Myanmar;Yangon;Yangon-West;MMR;MMR013D004;MMR013;May;2021;24;3
Myanmar;Ayeyarwady;Hinthada;MMR;MMR017D002;MMR017;May;2021;0;0
Myanmar;Bago-West;Thayarwady;MMR;MMR008D002;MMR008;May;2021;4;0
Myanmar;Kayah;Bawlake;MMR;MMR002D002;MMR002;May;2021;5;1
Myanmar;Mandalay;Pyinoolwin;MMR;MMR010D002;MMR010;May;2021;14;2
Myanmar;Mandalay;Yamethin;MMR;MMR010D006;MMR010;May;2021;0;0
Myanmar;Mon;Mawlamyine;MMR;MMR011D001;MMR011;May;2021;16;1
Myanmar;Nay Pyi Taw;Det Khi Na;MMR;MMR018D002;MMR018;May;2021;3;0
Myanmar;Sagaing;Kanbalu;MMR;MMR005D010;MMR005;May;2021;1;0
Myanmar;Shan-North;Lashio;MMR;MMR015D001;MMR015;May;2021;11;2
Myanmar;Shan-South;Danu Self-Administered Zone;MMR;NA;NA;May;2021;0;0
Myanmar;Tanintharyi;Myeik;MMR;MMR006D002;MMR006;May;2021;0;0
Myanmar;Ayeyarwady;Myaungmya;MMR;MMR017D003;MMR017;June;2021;0;0
Myanmar;Chin;Matupi;MMR;MMR004D004;MMR004;June;2021;1;0
Myanmar;Magway;Magway;MMR;MMR009D001;MMR009;June;2021;9;2
Myanmar;Magway;Minbu;MMR;MMR009D002;MMR009;June;2021;3;0
Myanmar;Sagaing;Hkamti;MMR;MMR005D008;MMR005;June;2021;0;0
Myanmar;Sagaing;Katha;MMR;MMR005D004;MMR005;June;2021;9;44
Myanmar;Sagaing;Shwebo;MMR;MMR005D002;MMR005;June;2021;30;21
Myanmar;Sagaing;Tamu;MMR;MMR005D006;MMR005;June;2021;0;0
Myanmar;Shan-North;Kyaukme;MMR;NA;NA;June;2021;16;5
Myanmar;Shan-North;Matman;MMR;MMR015D007;MMR015;June;2021;0;0
Myanmar;Shan-North;Pa Laung Self-Administered Zone;MMR;NA;NA;June;2021;4;0
Myanmar;Yangon;Yangon-East;MMR;MMR013D002;MMR013;June;2021;37;11
Myanmar;Ayeyarwady;Pathein;MMR;MMR017D001;MMR017;June;2021;17;6
Myanmar;Ayeyarwady;Pyapon;MMR;MMR017D006;MMR017;June;2021;6;0
Myanmar;Bago-East;Taungoo;MMR;MMR007D002;MMR007;June;2021;4;1
Myanmar;Kayah;Loikaw;MMR;MMR002D001;MMR002;June;2021;35;35
Myanmar;Kayin;Kawkareik;MMR;MMR003D003;MMR003;June;2021;6;2
Myanmar;Magway;Thayet;MMR;MMR009D003;MMR009;June;2021;1;0
Myanmar;Mandalay;Kyaukse;MMR;MMR010D003;MMR010;June;2021;2;4
Myanmar;Rakhine;Kyaukpyu;MMR;MMR012D003;MMR012;June;2021;0;0
Myanmar;Shan-East;Monghsat;MMR;MMR016D002;MMR016;June;2021;0;0
Myanmar;Shan-South;Pa-O Self-Administered Zone;MMR;NA;NA;June;2021;1;0
Myanmar;Shan-South;Taunggyi;MMR;MMR014D001;MMR014;June;2021;18;38
Myanmar;Tanintharyi;Dawei;MMR;MMR006D001;MMR006;June;2021;2;1
Myanmar;Yangon;Yangon-North;MMR;MMR013D001;MMR013;June;2021;19;5
Myanmar;Bago-West;Pyay;MMR;MMR008D001;MMR008;June;2021;7;4
Myanmar;Chin;Mindat;MMR;MMR004D002;MMR004;June;2021;12;58
Myanmar;Kachin;Bhamo;MMR;MMR001D003;MMR001;June;2021;39;30
Myanmar;Kachin;Myitkyina;MMR;MMR001D001;MMR001;June;2021;17;5
Myanmar;Magway;Gangaw;MMR;MMR009D005;MMR009;June;2021;4;9
Myanmar;Nay Pyi Taw;Oke Ta Ra;MMR;MMR018D001;MMR018;June;2021;0;0
Myanmar;Rakhine;Thandwe;MMR;MMR012D004;MMR012;June;2021;0;0
Myanmar;Shan-East;Kengtung;MMR;MMR016D001;MMR016;June;2021;1;1
Myanmar;Shan-North;Mongmit;MMR;MMR015D008;MMR015;June;2021;2;0
Myanmar;Yangon;Yangon-South;MMR;MMR013D003;MMR013;June;2021;7;2
Myanmar;Ayeyarwady;Labutta;MMR;MMR017D004;MMR017;June;2021;0;0
Myanmar;Ayeyarwady;Maubin;MMR;MMR017D005;MMR017;June;2021;3;1
Myanmar;Magway;Pakokku;MMR;MMR009D004;MMR009;June;2021;14;32
Myanmar;Mandalay;Myingyan;MMR;MMR010D004;MMR010;June;2021;17;13
Myanmar;Rakhine;Maungdaw;MMR;MMR012D002;MMR012;June;2021;1;0
Myanmar;Rakhine;Mrauk-U;MMR;MMR012D005;MMR012;June;2021;3;0
Myanmar;Shan-North;Hopang;MMR;MMR015D006;MMR015;June;2021;0;0
Myanmar;Shan-North;Kokang Self-Administered Zone;MMR;MMR015D221;MMR015;June;2021;0;0
Myanmar;Shan-North;Muse;MMR;MMR015D002;MMR015;June;2021;26;18
Myanmar;Sagaing;Kale;MMR;MMR005D005;MMR005;June;2021;25;40
Myanmar;Sagaing;Sagaing;MMR;MMR005D001;MMR005;June;2021;4;4
Myanmar;Bago-East;Bago;MMR;MMR007D001;MMR007;June;2021;7;1
Myanmar;Chin;Hakha;MMR;MMR004D003;MMR004;June;2021;6;46
Myanmar;Kachin;Mohnyin;MMR;MMR001D002;MMR001;June;2021;14;23
Myanmar;Kachin;Puta-O;MMR;MMR001D004;MMR001;June;2021;6;0
Myanmar;Kayin;Hpa-An;MMR;MMR003D001;MMR003;June;2021;6;8
Myanmar;Kayin;Myawaddy;MMR;MMR003D002;MMR003;June;2021;8;58
Myanmar;Mandalay;Mandalay;MMR;MMR010D001;MMR010;June;2021;27;23
Myanmar;Mandalay;Meiktila;MMR;MMR010D007;MMR010;June;2021;3;2
Myanmar;Sagaing;Kawlin;MMR;MMR005D011;MMR005;June;2021;2;0
Myanmar;Sagaing;Naga Self-Administered Zone;MMR;NA;NA;June;2021;0;0
Myanmar;Shan-South;Langkho;MMR;MMR014D003;MMR014;June;2021;0;0
Myanmar;Shan-South;Loilen;MMR;MMR014D002;MMR014;June;2021;14;0
Myanmar;Chin;Falam;MMR;MMR004D001;MMR004;June;2021;3;14
Myanmar;Kayin;Hpapun;MMR;MMR003D004;MMR003;June;2021;2;5
Myanmar;Mandalay;Nyaung-U;MMR;MMR010D005;MMR010;June;2021;3;1
Myanmar;Mon;Thaton;MMR;MMR011D002;MMR011;June;2021;10;12
Myanmar;Rakhine;Sittwe;MMR;MMR012D001;MMR012;June;2021;4;5
Myanmar;Sagaing;Mawlaik;MMR;MMR005D007;MMR005;June;2021;0;0
Myanmar;Sagaing;Monywa;MMR;MMR005D003;MMR005;June;2021;13;5
Myanmar;Sagaing;Yinmarbin;MMR;MMR005D009;MMR005;June;2021;23;88
Myanmar;Shan-East;Tachileik;MMR;MMR016D003;MMR016;June;2021;3;1
Myanmar;Tanintharyi;Kawthoung;MMR;MMR006D003;MMR006;June;2021;0;0
Myanmar;Yangon;Yangon-West;MMR;MMR013D004;MMR013;June;2021;25;3
Myanmar;Ayeyarwady;Hinthada;MMR;MMR017D002;MMR017;June;2021;5;1
Myanmar;Bago-West;Thayarwady;MMR;MMR008D002;MMR008;June;2021;1;3
Myanmar;Kayah;Bawlake;MMR;MMR002D002;MMR002;June;2021;0;0
Myanmar;Mandalay;Pyinoolwin;MMR;MMR010D002;MMR010;June;2021;10;3
Myanmar;Mandalay;Yamethin;MMR;MMR010D006;MMR010;June;2021;0;0
Myanmar;Mon;Mawlamyine;MMR;MMR011D001;MMR011;June;2021;7;5
Myanmar;Nay Pyi Taw;Det Khi Na;MMR;MMR018D002;MMR018;June;2021;0;0
Myanmar;Sagaing;Kanbalu;MMR;MMR005D010;MMR005;June;2021;5;1
Myanmar;Shan-North;Lashio;MMR;MMR015D001;MMR015;June;2021;19;0
Myanmar;Shan-South;Danu Self-Administered Zone;MMR;NA;NA;June;2021;0;0
Myanmar;Tanintharyi;Myeik;MMR;MMR006D002;MMR006;June;2021;1;1
Myanmar;Ayeyarwady;Myaungmya;MMR;MMR017D003;MMR017;July;2021;0;0
Myanmar;Chin;Matupi;MMR;MMR004D004;MMR004;July;2021;1;13
Myanmar;Magway;Magway;MMR;MMR009D001;MMR009;July;2021;5;21
Myanmar;Magway;Minbu;MMR;MMR009D002;MMR009;July;2021;1;0
Myanmar;Sagaing;Hkamti;MMR;MMR005D008;MMR005;July;2021;4;2
Myanmar;Sagaing;Katha;MMR;MMR005D004;MMR005;July;2021;11;119
Myanmar;Sagaing;Shwebo;MMR;MMR005D002;MMR005;July;2021;30;81
Myanmar;Sagaing;Tamu;MMR;MMR005D006;MMR005;July;2021;2;13
Myanmar;Shan-North;Kyaukme;MMR;NA;NA;July;2021;18;2
Myanmar;Shan-North;Matman;MMR;MMR015D007;MMR015;July;2021;0;0
Myanmar;Shan-North;Pa Laung Self-Administered Zone;MMR;NA;NA;July;2021;4;0
Myanmar;Yangon;Yangon-East;MMR;MMR013D002;MMR013;July;2021;19;4
Myanmar;Ayeyarwady;Pathein;MMR;MMR017D001;MMR017;July;2021;2;0
Myanmar;Ayeyarwady;Pyapon;MMR;MMR017D006;MMR017;July;2021;0;0
Myanmar;Bago-East;Taungoo;MMR;MMR007D002;MMR007;July;2021;2;1
Myanmar;Kayah;Loikaw;MMR;MMR002D001;MMR002;July;2021;14;12
Myanmar;Kayin;Kawkareik;MMR;MMR003D003;MMR003;July;2021;1;1
Myanmar;Magway;Thayet;MMR;MMR009D003;MMR009;July;2021;1;1
Myanmar;Mandalay;Kyaukse;MMR;MMR010D003;MMR010;July;2021;4;2
Myanmar;Rakhine;Kyaukpyu;MMR;MMR012D003;MMR012;July;2021;1;0
Myanmar;Shan-East;Monghsat;MMR;MMR016D002;MMR016;July;2021;0;0
Myanmar;Shan-South;Pa-O Self-Administered Zone;MMR;NA;NA;July;2021;0;0
Myanmar;Shan-South;Taunggyi;MMR;MMR014D001;MMR014;July;2021;6;1
Myanmar;Tanintharyi;Dawei;MMR;MMR006D001;MMR006;July;2021;4;7
Myanmar;Yangon;Yangon-North;MMR;MMR013D001;MMR013;July;2021;14;2
Myanmar;Bago-West;Pyay;MMR;MMR008D001;MMR008;July;2021;4;2
Myanmar;Chin;Mindat;MMR;MMR004D002;MMR004;July;2021;12;11
Myanmar;Kachin;Bhamo;MMR;MMR001D003;MMR001;July;2021;16;95
Myanmar;Kachin;Myitkyina;MMR;MMR001D001;MMR001;July;2021;12;5
Myanmar;Magway;Gangaw;MMR;MMR009D005;MMR009;July;2021;4;9
Myanmar;Nay Pyi Taw;Oke Ta Ra;MMR;MMR018D001;MMR018;July;2021;0;0
Myanmar;Rakhine;Thandwe;MMR;MMR012D004;MMR012;July;2021;1;1
Myanmar;Shan-East;Kengtung;MMR;MMR016D001;MMR016;July;2021;0;0
Myanmar;Shan-North;Mongmit;MMR;MMR015D008;MMR015;July;2021;0;0
Myanmar;Yangon;Yangon-South;MMR;MMR013D003;MMR013;July;2021;2;2
Myanmar;Ayeyarwady;Labutta;MMR;MMR017D004;MMR017;July;2021;4;0
Myanmar;Ayeyarwady;Maubin;MMR;MMR017D005;MMR017;July;2021;0;0
Myanmar;Magway;Pakokku;MMR;MMR009D004;MMR009;July;2021;21;92
Myanmar;Mandalay;Myingyan;MMR;MMR010D004;MMR010;July;2021;14;13
Myanmar;Rakhine;Maungdaw;MMR;MMR012D002;MMR012;July;2021;1;0
Myanmar;Rakhine;Mrauk-U;MMR;MMR012D005;MMR012;July;2021;1;0
Myanmar;Shan-North;Hopang;MMR;MMR015D006;MMR015;July;2021;0;0
Myanmar;Shan-North;Kokang Self-Administered Zone;MMR;MMR015D221;MMR015;July;2021;0;0
Myanmar;Shan-North;Muse;MMR;MMR015D002;MMR015;July;2021;43;11
Myanmar;Sagaing;Kale;MMR;MMR005D005;MMR005;July;2021;26;72
Myanmar;Sagaing;Sagaing;MMR;MMR005D001;MMR005;July;2021;3;5
Myanmar;Bago-East;Bago;MMR;MMR007D001;MMR007;July;2021;8;7
Myanmar;Chin;Hakha;MMR;MMR004D003;MMR004;July;2021;2;1
Myanmar;Kachin;Mohnyin;MMR;MMR001D002;MMR001;July;2021;32;43
Myanmar;Kachin;Puta-O;MMR;MMR001D004;MMR001;July;2021;1;0
Myanmar;Kayin;Hpa-An;MMR;MMR003D001;MMR003;July;2021;5;1
Myanmar;Kayin;Myawaddy;MMR;MMR003D002;MMR003;July;2021;1;2
Myanmar;Mandalay;Mandalay;MMR;MMR010D001;MMR010;July;2021;20;11
Myanmar;Mandalay;Meiktila;MMR;MMR010D007;MMR010;July;2021;1;0
Myanmar;Sagaing;Kawlin;MMR;MMR005D011;MMR005;July;2021;7;29
Myanmar;Sagaing;Naga Self-Administered Zone;MMR;NA;NA;July;2021;0;0
Myanmar;Shan-South;Langkho;MMR;MMR014D003;MMR014;July;2021;0;0
Myanmar;Shan-South;Loilen;MMR;MMR014D002;MMR014;July;2021;6;0
Myanmar;Chin;Falam;MMR;MMR004D001;MMR004;July;2021;0;0
Myanmar;Kayin;Hpapun;MMR;MMR003D004;MMR003;July;2021;11;49
Myanmar;Mandalay;Nyaung-U;MMR;MMR010D005;MMR010;July;2021;0;0
Myanmar;Mon;Thaton;MMR;MMR011D002;MMR011;July;2021;13;6
Myanmar;Rakhine;Sittwe;MMR;MMR012D001;MMR012;July;2021;2;0
Myanmar;Sagaing;Mawlaik;MMR;MMR005D007;MMR005;July;2021;0;0
Myanmar;Sagaing;Monywa;MMR;MMR005D003;MMR005;July;2021;6;6
Myanmar;Sagaing;Yinmarbin;MMR;MMR005D009;MMR005;July;2021;43;108
Myanmar;Shan-East;Tachileik;MMR;MMR016D003;MMR016;July;2021;0;0
Myanmar;Tanintharyi;Kawthoung;MMR;MMR006D003;MMR006;July;2021;0;0
Myanmar;Yangon;Yangon-West;MMR;MMR013D004;MMR013;July;2021;11;1
Myanmar;Ayeyarwady;Hinthada;MMR;MMR017D002;MMR017;July;2021;1;0
Myanmar;Bago-West;Thayarwady;MMR;MMR008D002;MMR008;July;2021;0;0
Myanmar;Kayah;Bawlake;MMR;MMR002D002;MMR002;July;2021;7;0
Myanmar;Mandalay;Pyinoolwin;MMR;MMR010D002;MMR010;July;2021;7;3
Myanmar;Mandalay;Yamethin;MMR;MMR010D006;MMR010;July;2021;0;0
Myanmar;Mon;Mawlamyine;MMR;MMR011D001;MMR011;July;2021;8;3
Myanmar;Nay Pyi Taw;Det Khi Na;MMR;MMR018D002;MMR018;July;2021;3;1
Myanmar;Sagaing;Kanbalu;MMR;MMR005D010;MMR005;July;2021;2;2
Myanmar;Shan-North;Lashio;MMR;MMR015D001;MMR015;July;2021;3;0
Myanmar;Shan-South;Danu Self-Administered Zone;MMR;NA;NA;July;2021;0;0
Myanmar;Tanintharyi;Myeik;MMR;MMR006D002;MMR006;July;2021;4;1
Myanmar;Ayeyarwady;Myaungmya;MMR;MMR017D003;MMR017;August;2021;0;0
Myanmar;Chin;Matupi;MMR;MMR004D004;MMR004;August;2021;1;2
Myanmar;Magway;Magway;MMR;MMR009D001;MMR009;August;2021;15;1
Myanmar;Magway;Minbu;MMR;MMR009D002;MMR009;August;2021;5;3
Myanmar;Sagaing;Hkamti;MMR;MMR005D008;MMR005;August;2021;4;7
Myanmar;Sagaing;Katha;MMR;MMR005D004;MMR005;August;2021;3;30
Myanmar;Sagaing;Shwebo;MMR;MMR005D002;MMR005;August;2021;33;32
Myanmar;Sagaing;Tamu;MMR;MMR005D006;MMR005;August;2021;3;27
Myanmar;Shan-North;Kyaukme;MMR;NA;NA;August;2021;27;3
Myanmar;Shan-North;Matman;MMR;MMR015D007;MMR015;August;2021;1;5
Myanmar;Shan-North;Pa Laung Self-Administered Zone;MMR;NA;NA;August;2021;3;4
Myanmar;Yangon;Yangon-East;MMR;MMR013D002;MMR013;August;2021;27;9
Myanmar;Ayeyarwady;Pathein;MMR;MMR017D001;MMR017;August;2021;3;2
Myanmar;Ayeyarwady;Pyapon;MMR;MMR017D006;MMR017;August;2021;1;1
Myanmar;Bago-East;Taungoo;MMR;MMR007D002;MMR007;August;2021;6;10
Myanmar;Kayah;Loikaw;MMR;MMR002D001;MMR002;August;2021;32;57
Myanmar;Kayin;Kawkareik;MMR;MMR003D003;MMR003;August;2021;8;8
Myanmar;Magway;Thayet;MMR;MMR009D003;MMR009;August;2021;1;1
Myanmar;Mandalay;Kyaukse;MMR;MMR010D003;MMR010;August;2021;4;2
Myanmar;Rakhine;Kyaukpyu;MMR;MMR012D003;MMR012;August;2021;0;0
Myanmar;Shan-East;Monghsat;MMR;MMR016D002;MMR016;August;2021;0;0
Myanmar;Shan-South;Pa-O Self-Administered Zone;MMR;NA;NA;August;2021;4;14
Myanmar;Shan-South;Taunggyi;MMR;MMR014D001;MMR014;August;2021;16;19
Myanmar;Tanintharyi;Dawei;MMR;MMR006D001;MMR006;August;2021;7;9
Myanmar;Yangon;Yangon-North;MMR;MMR013D001;MMR013;August;2021;21;7
Myanmar;Bago-West;Pyay;MMR;MMR008D001;MMR008;August;2021;1;0
Myanmar;Chin;Mindat;MMR;MMR004D002;MMR004;August;2021;11;51
Myanmar;Kachin;Bhamo;MMR;MMR001D003;MMR001;August;2021;4;2
Myanmar;Kachin;Myitkyina;MMR;MMR001D001;MMR001;August;2021;22;14
Myanmar;Magway;Gangaw;MMR;MMR009D005;MMR009;August;2021;12;100
Myanmar;Nay Pyi Taw;Oke Ta Ra;MMR;MMR018D001;MMR018;August;2021;0;0
Myanmar;Rakhine;Thandwe;MMR;MMR012D004;MMR012;August;2021;1;0
Myanmar;Shan-East;Kengtung;MMR;MMR016D001;MMR016;August;2021;0;0
Myanmar;Shan-North;Mongmit;MMR;MMR015D008;MMR015;August;2021;0;0
Myanmar;Yangon;Yangon-South;MMR;MMR013D003;MMR013;August;2021;4;3
Myanmar;Ayeyarwady;Labutta;MMR;MMR017D004;MMR017;August;2021;0;0
Myanmar;Ayeyarwady;Maubin;MMR;MMR017D005;MMR017;August;2021;2;0
Myanmar;Magway;Pakokku;MMR;MMR009D004;MMR009;August;2021;24;33
Myanmar;Mandalay;Myingyan;MMR;MMR010D004;MMR010;August;2021;12;11
Myanmar;Rakhine;Maungdaw;MMR;MMR012D002;MMR012;August;2021;3;2
Myanmar;Rakhine;Mrauk-U;MMR;MMR012D005;MMR012;August;2021;1;1
Myanmar;Shan-North;Hopang;MMR;MMR015D006;MMR015;August;2021;0;0
Myanmar;Shan-North;Kokang Self-Administered Zone;MMR;MMR015D221;MMR015;August;2021;0;0
Myanmar;Shan-North;Muse;MMR;MMR015D002;MMR015;August;2021;41;67
Myanmar;Sagaing;Kale;MMR;MMR005D005;MMR005;August;2021;17;19
Myanmar;Sagaing;Sagaing;MMR;MMR005D001;MMR005;August;2021;5;3
Myanmar;Bago-East;Bago;MMR;MMR007D001;MMR007;August;2021;0;0
Myanmar;Chin;Hakha;MMR;MMR004D003;MMR004;August;2021;5;10
Myanmar;Kachin;Mohnyin;MMR;MMR001D002;MMR001;August;2021;11;7
Myanmar;Kachin;Puta-O;MMR;MMR001D004;MMR001;August;2021;3;1
Myanmar;Kayin;Hpa-An;MMR;MMR003D001;MMR003;August;2021;6;14
Myanmar;Kayin;Myawaddy;MMR;MMR003D002;MMR003;August;2021;3;0
Myanmar;Mandalay;Mandalay;MMR;MMR010D001;MMR010;August;2021;20;7
Myanmar;Mandalay;Meiktila;MMR;MMR010D007;MMR010;August;2021;0;0
Myanmar;Sagaing;Kawlin;MMR;MMR005D011;MMR005;August;2021;7;24
Myanmar;Sagaing;Naga Self-Administered Zone;MMR;NA;NA;August;2021;1;6
Myanmar;Shan-South;Langkho;MMR;MMR014D003;MMR014;August;2021;0;0
Myanmar;Shan-South;Loilen;MMR;MMR014D002;MMR014;August;2021;1;0
Myanmar;Chin;Falam;MMR;MMR004D001;MMR004;August;2021;5;4
Myanmar;Kayin;Hpapun;MMR;MMR003D004;MMR003;August;2021;14;69
Myanmar;Mandalay;Nyaung-U;MMR;MMR010D005;MMR010;August;2021;0;0
Myanmar;Mon;Thaton;MMR;MMR011D002;MMR011;August;2021;10;6
Myanmar;Rakhine;Sittwe;MMR;MMR012D001;MMR012;August;2021;0;0
Myanmar;Sagaing;Mawlaik;MMR;MMR005D007;MMR005;August;2021;0;0
Myanmar;Sagaing;Monywa;MMR;MMR005D003;MMR005;August;2021;12;3
Myanmar;Sagaing;Yinmarbin;MMR;MMR005D009;MMR005;August;2021;22;52
Myanmar;Shan-East;Tachileik;MMR;MMR016D003;MMR016;August;2021;0;0
Myanmar;Tanintharyi;Kawthoung;MMR;MMR006D003;MMR006;August;2021;0;0
Myanmar;Yangon;Yangon-West;MMR;MMR013D004;MMR013;August;2021;22;8
Myanmar;Ayeyarwady;Hinthada;MMR;MMR017D002;MMR017;August;2021;1;1
Myanmar;Bago-West;Thayarwady;MMR;MMR008D002;MMR008;August;2021;0;0
Myanmar;Kayah;Bawlake;MMR;MMR002D002;MMR002;August;2021;4;6
Myanmar;Mandalay;Pyinoolwin;MMR;MMR010D002;MMR010;August;2021;12;12
Myanmar;Mandalay;Yamethin;MMR;MMR010D006;MMR010;August;2021;0;0
Myanmar;Mon;Mawlamyine;MMR;MMR011D001;MMR011;August;2021;7;3
Myanmar;Nay Pyi Taw;Det Khi Na;MMR;MMR018D002;MMR018;August;2021;1;11
Myanmar;Sagaing;Kanbalu;MMR;MMR005D010;MMR005;August;2021;0;0
Myanmar;Shan-North;Lashio;MMR;MMR015D001;MMR015;August;2021;3;1
Myanmar;Shan-South;Danu Self-Administered Zone;MMR;NA;NA;August;2021;0;0
Myanmar;Tanintharyi;Myeik;MMR;MMR006D002;MMR006;August;2021;3;1
Myanmar;Ayeyarwady;Myaungmya;MMR;MMR017D003;MMR017;September;2021;0;0
Myanmar;Chin;Matupi;MMR;MMR004D004;MMR004;September;2021;2;1
Myanmar;Magway;Magway;MMR;MMR009D001;MMR009;September;2021;25;7
Myanmar;Magway;Minbu;MMR;MMR009D002;MMR009;September;2021;4;2
Myanmar;Sagaing;Hkamti;MMR;MMR005D008;MMR005;September;2021;5;0
Myanmar;Sagaing;Katha;MMR;MMR005D004;MMR005;September;2021;6;49
Myanmar;Sagaing;Shwebo;MMR;MMR005D002;MMR005;September;2021;66;62
Myanmar;Sagaing;Tamu;MMR;MMR005D006;MMR005;September;2021;1;1
Myanmar;Shan-North;Kyaukme;MMR;NA;NA;September;2021;9;0
Myanmar;Shan-North;Matman;MMR;MMR015D007;MMR015;September;2021;1;0
Myanmar;Shan-North;Pa Laung Self-Administered Zone;MMR;NA;NA;September;2021;0;0
Myanmar;Yangon;Yangon-East;MMR;MMR013D002;MMR013;September;2021;47;10
Myanmar;Ayeyarwady;Pathein;MMR;MMR017D001;MMR017;September;2021;7;1
Myanmar;Ayeyarwady;Pyapon;MMR;MMR017D006;MMR017;September;2021;1;0
Myanmar;Bago-East;Taungoo;MMR;MMR007D002;MMR007;September;2021;4;14
Myanmar;Kayah;Loikaw;MMR;MMR002D001;MMR002;September;2021;46;86
Myanmar;Kayin;Kawkareik;MMR;MMR003D003;MMR003;September;2021;11;1
Myanmar;Magway;Thayet;MMR;MMR009D003;MMR009;September;2021;2;0
Myanmar;Mandalay;Kyaukse;MMR;MMR010D003;MMR010;September;2021;6;1
Myanmar;Rakhine;Kyaukpyu;MMR;MMR012D003;MMR012;September;2021;1;0
Myanmar;Shan-East;Monghsat;MMR;MMR016D002;MMR016;September;2021;0;0
Myanmar;Shan-South;Pa-O Self-Administered Zone;MMR;NA;NA;September;2021;0;0
Myanmar;Shan-South;Taunggyi;MMR;MMR014D001;MMR014;September;2021;25;27
Myanmar;Tanintharyi;Dawei;MMR;MMR006D001;MMR006;September;2021;17;20
Myanmar;Yangon;Yangon-North;MMR;MMR013D001;MMR013;September;2021;34;8
Myanmar;Bago-West;Pyay;MMR;MMR008D001;MMR008;September;2021;5;6
Myanmar;Chin;Mindat;MMR;MMR004D002;MMR004;September;2021;10;37
Myanmar;Kachin;Bhamo;MMR;MMR001D003;MMR001;September;2021;12;2
Myanmar;Kachin;Myitkyina;MMR;MMR001D001;MMR001;September;2021;15;29
Myanmar;Magway;Gangaw;MMR;MMR009D005;MMR009;September;2021;30;172
Myanmar;Nay Pyi Taw;Oke Ta Ra;MMR;MMR018D001;MMR018;September;2021;2;1
Myanmar;Rakhine;Thandwe;MMR;MMR012D004;MMR012;September;2021;0;0
Myanmar;Shan-East;Kengtung;MMR;MMR016D001;MMR016;September;2021;0;0
Myanmar;Shan-North;Mongmit;MMR;MMR015D008;MMR015;September;2021;0;0
Myanmar;Yangon;Yangon-South;MMR;MMR013D003;MMR013;September;2021;20;12
Myanmar;Ayeyarwady;Labutta;MMR;MMR017D004;MMR017;September;2021;0;0
Myanmar;Ayeyarwady;Maubin;MMR;MMR017D005;MMR017;September;2021;6;1
Myanmar;Magway;Pakokku;MMR;MMR009D004;MMR009;September;2021;31;44
Myanmar;Mandalay;Myingyan;MMR;MMR010D004;MMR010;September;2021;10;35
Myanmar;Rakhine;Maungdaw;MMR;MMR012D002;MMR012;September;2021;1;1
Myanmar;Rakhine;Mrauk-U;MMR;MMR012D005;MMR012;September;2021;0;0
Myanmar;Shan-North;Hopang;MMR;MMR015D006;MMR015;September;2021;0;0
Myanmar;Shan-North;Kokang Self-Administered Zone;MMR;MMR015D221;MMR015;September;2021;2;7
Myanmar;Shan-North;Muse;MMR;MMR015D002;MMR015;September;2021;24;15
Myanmar;Sagaing;Kale;MMR;MMR005D005;MMR005;September;2021;34;120
Myanmar;Sagaing;Sagaing;MMR;MMR005D001;MMR005;September;2021;23;41
Myanmar;Bago-East;Bago;MMR;MMR007D001;MMR007;September;2021;8;3
Myanmar;Chin;Hakha;MMR;MMR004D003;MMR004;September;2021;19;69
Myanmar;Kachin;Mohnyin;MMR;MMR001D002;MMR001;September;2021;16;5
Myanmar;Kachin;Puta-O;MMR;MMR001D004;MMR001;September;2021;2;0
Myanmar;Kayin;Hpa-An;MMR;MMR003D001;MMR003;September;2021;4;5
Myanmar;Kayin;Myawaddy;MMR;MMR003D002;MMR003;September;2021;4;0
Myanmar;Mandalay;Mandalay;MMR;MMR010D001;MMR010;September;2021;50;20
Myanmar;Mandalay;Meiktila;MMR;MMR010D007;MMR010;September;2021;1;1
Myanmar;Sagaing;Kawlin;MMR;MMR005D011;MMR005;September;2021;13;37
Myanmar;Sagaing;Naga Self-Administered Zone;MMR;NA;NA;September;2021;0;0
Myanmar;Shan-South;Langkho;MMR;MMR014D003;MMR014;September;2021;0;0
Myanmar;Shan-South;Loilen;MMR;MMR014D002;MMR014;September;2021;5;0
Myanmar;Chin;Falam;MMR;MMR004D001;MMR004;September;2021;11;24
Myanmar;Kayin;Hpapun;MMR;MMR003D004;MMR003;September;2021;15;42
Myanmar;Mandalay;Nyaung-U;MMR;MMR010D005;MMR010;September;2021;4;2
Myanmar;Mon;Thaton;MMR;MMR011D002;MMR011;September;2021;32;59
Myanmar;Rakhine;Sittwe;MMR;MMR012D001;MMR012;September;2021;0;0
Myanmar;Sagaing;Mawlaik;MMR;MMR005D007;MMR005;September;2021;0;0
Myanmar;Sagaing;Monywa;MMR;MMR005D003;MMR005;September;2021;42;45
Myanmar;Sagaing;Yinmarbin;MMR;MMR005D009;MMR005;September;2021;48;74
Myanmar;Shan-East;Tachileik;MMR;MMR016D003;MMR016;September;2021;0;0
Myanmar;Tanintharyi;Kawthoung;MMR;MMR006D003;MMR006;September;2021;0;0
Myanmar;Yangon;Yangon-West;MMR;MMR013D004;MMR013;September;2021;35;12
Myanmar;Ayeyarwady;Hinthada;MMR;MMR017D002;MMR017;September;2021;0;0
Myanmar;Bago-West;Thayarwady;MMR;MMR008D002;MMR008;September;2021;2;1
Myanmar;Kayah;Bawlake;MMR;MMR002D002;MMR002;September;2021;1;1
Myanmar;Mandalay;Pyinoolwin;MMR;MMR010D002;MMR010;September;2021;27;9
Myanmar;Mandalay;Yamethin;MMR;MMR010D006;MMR010;September;2021;0;0
Myanmar;Mon;Mawlamyine;MMR;MMR011D001;MMR011;September;2021;15;5
Myanmar;Nay Pyi Taw;Det Khi Na;MMR;MMR018D002;MMR018;September;2021;3;1
Myanmar;Sagaing;Kanbalu;MMR;MMR005D010;MMR005;September;2021;8;5
Myanmar;Shan-North;Lashio;MMR;MMR015D001;MMR015;September;2021;9;3
Myanmar;Shan-South;Danu Self-Administered Zone;MMR;NA;NA;September;2021;0;0
Myanmar;Tanintharyi;Myeik;MMR;MMR006D002;MMR006;September;2021;6;8
Myanmar;Ayeyarwady;Myaungmya;MMR;MMR017D003;MMR017;October;2021;3;0
Myanmar;Chin;Matupi;MMR;MMR004D004;MMR004;October;2021;9;54
Myanmar;Magway;Magway;MMR;MMR009D001;MMR009;October;2021;13;9
Myanmar;Magway;Minbu;MMR;MMR009D002;MMR009;October;2021;6;6
Myanmar;Sagaing;Hkamti;MMR;MMR005D008;MMR005;October;2021;4;3
Myanmar;Sagaing;Katha;MMR;MMR005D004;MMR005;October;2021;20;107
Myanmar;Sagaing;Shwebo;MMR;MMR005D002;MMR005;October;2021;80;176
Myanmar;Sagaing;Tamu;MMR;MMR005D006;MMR005;October;2021;0;0
Myanmar;Shan-North;Kyaukme;MMR;NA;NA;October;2021;9;2
Myanmar;Shan-North;Matman;MMR;MMR015D007;MMR015;October;2021;0;0
Myanmar;Shan-North;Pa Laung Self-Administered Zone;MMR;NA;NA;October;2021;0;0
Myanmar;Yangon;Yangon-East;MMR;MMR013D002;MMR013;October;2021;33;9
Myanmar;Ayeyarwady;Pathein;MMR;MMR017D001;MMR017;October;2021;21;13
Myanmar;Ayeyarwady;Pyapon;MMR;MMR017D006;MMR017;October;2021;8;1
Myanmar;Bago-East;Taungoo;MMR;MMR007D002;MMR007;October;2021;9;16
Myanmar;Kayah;Loikaw;MMR;MMR002D001;MMR002;October;2021;29;54
Myanmar;Kayin;Kawkareik;MMR;MMR003D003;MMR003;October;2021;16;53
Myanmar;Magway;Thayet;MMR;MMR009D003;MMR009;October;2021;6;6
Myanmar;Mandalay;Kyaukse;MMR;MMR010D003;MMR010;October;2021;13;16
Myanmar;Rakhine;Kyaukpyu;MMR;MMR012D003;MMR012;October;2021;0;0
Myanmar;Shan-East;Monghsat;MMR;MMR016D002;MMR016;October;2021;0;0
Myanmar;Shan-South;Pa-O Self-Administered Zone;MMR;NA;NA;October;2021;0;0
Myanmar;Shan-South;Taunggyi;MMR;MMR014D001;MMR014;October;2021;17;17
Myanmar;Tanintharyi;Dawei;MMR;MMR006D001;MMR006;October;2021;16;28
Myanmar;Yangon;Yangon-North;MMR;MMR013D001;MMR013;October;2021;24;8
Myanmar;Bago-West;Pyay;MMR;MMR008D001;MMR008;October;2021;15;10
Myanmar;Chin;Mindat;MMR;MMR004D002;MMR004;October;2021;3;5
Myanmar;Kachin;Bhamo;MMR;MMR001D003;MMR001;October;2021;7;6
Myanmar;Kachin;Myitkyina;MMR;MMR001D001;MMR001;October;2021;15;10
Myanmar;Magway;Gangaw;MMR;MMR009D005;MMR009;October;2021;22;150
Myanmar;Nay Pyi Taw;Oke Ta Ra;MMR;MMR018D001;MMR018;October;2021;5;2
Myanmar;Rakhine;Thandwe;MMR;MMR012D004;MMR012;October;2021;0;0
Myanmar;Shan-East;Kengtung;MMR;MMR016D001;MMR016;October;2021;0;0
Myanmar;Shan-North;Mongmit;MMR;MMR015D008;MMR015;October;2021;0;0
Myanmar;Yangon;Yangon-South;MMR;MMR013D003;MMR013;October;2021;20;24
Myanmar;Ayeyarwady;Labutta;MMR;MMR017D004;MMR017;October;2021;5;2
Myanmar;Ayeyarwady;Maubin;MMR;MMR017D005;MMR017;October;2021;13;2
Myanmar;Magway;Pakokku;MMR;MMR009D004;MMR009;October;2021;54;19
Myanmar;Mandalay;Myingyan;MMR;MMR010D004;MMR010;October;2021;17;30
Myanmar;Rakhine;Maungdaw;MMR;MMR012D002;MMR012;October;2021;2;1
Myanmar;Rakhine;Mrauk-U;MMR;MMR012D005;MMR012;October;2021;0;0
Myanmar;Shan-North;Hopang;MMR;MMR015D006;MMR015;October;2021;0;0
Myanmar;Shan-North;Kokang Self-Administered Zone;MMR;MMR015D221;MMR015;October;2021;0;0
Myanmar;Shan-North;Muse;MMR;MMR015D002;MMR015;October;2021;44;28
Myanmar;Sagaing;Kale;MMR;MMR005D005;MMR005;October;2021;19;65
Myanmar;Sagaing;Sagaing;MMR;MMR005D001;MMR005;October;2021;31;167
Myanmar;Bago-East;Bago;MMR;MMR007D001;MMR007;October;2021;9;11
Myanmar;Chin;Hakha;MMR;MMR004D003;MMR004;October;2021;13;19
Myanmar;Kachin;Mohnyin;MMR;MMR001D002;MMR001;October;2021;22;3
Myanmar;Kachin;Puta-O;MMR;MMR001D004;MMR001;October;2021;1;0
Myanmar;Kayin;Hpa-An;MMR;MMR003D001;MMR003;October;2021;5;6
Myanmar;Kayin;Myawaddy;MMR;MMR003D002;MMR003;October;2021;0;0
Myanmar;Mandalay;Mandalay;MMR;MMR010D001;MMR010;October;2021;55;16
Myanmar;Mandalay;Meiktila;MMR;MMR010D007;MMR010;October;2021;11;4
Myanmar;Sagaing;Kawlin;MMR;MMR005D011;MMR005;October;2021;6;89
Myanmar;Sagaing;Naga Self-Administered Zone;MMR;NA;NA;October;2021;0;0
Myanmar;Shan-South;Langkho;MMR;MMR014D003;MMR014;October;2021;0;0
Myanmar;Shan-South;Loilen;MMR;MMR014D002;MMR014;October;2021;7;3
Myanmar;Chin;Falam;MMR;MMR004D001;MMR004;October;2021;10;17
Myanmar;Kayin;Hpapun;MMR;MMR003D004;MMR003;October;2021;13;52
Myanmar;Mandalay;Nyaung-U;MMR;MMR010D005;MMR010;October;2021;11;5
Myanmar;Mon;Thaton;MMR;MMR011D002;MMR011;October;2021;32;49
Myanmar;Rakhine;Sittwe;MMR;MMR012D001;MMR012;October;2021;1;0
Myanmar;Sagaing;Mawlaik;MMR;MMR005D007;MMR005;October;2021;0;0
Myanmar;Sagaing;Monywa;MMR;MMR005D003;MMR005;October;2021;62;40
Myanmar;Sagaing;Yinmarbin;MMR;MMR005D009;MMR005;October;2021;44;209
Myanmar;Shan-East;Tachileik;MMR;MMR016D003;MMR016;October;2021;0;0
Myanmar;Tanintharyi;Kawthoung;MMR;MMR006D003;MMR006;October;2021;1;1
Myanmar;Yangon;Yangon-West;MMR;MMR013D004;MMR013;October;2021;28;6
Myanmar;Ayeyarwady;Hinthada;MMR;MMR017D002;MMR017;October;2021;6;1
Myanmar;Bago-West;Thayarwady;MMR;MMR008D002;MMR008;October;2021;6;4
Myanmar;Kayah;Bawlake;MMR;MMR002D002;MMR002;October;2021;2;13
Myanmar;Mandalay;Pyinoolwin;MMR;MMR010D002;MMR010;October;2021;19;16
Myanmar;Mandalay;Yamethin;MMR;MMR010D006;MMR010;October;2021;0;0
Myanmar;Mon;Mawlamyine;MMR;MMR011D001;MMR011;October;2021;16;3
Myanmar;Nay Pyi Taw;Det Khi Na;MMR;MMR018D002;MMR018;October;2021;6;2
Myanmar;Sagaing;Kanbalu;MMR;MMR005D010;MMR005;October;2021;18;11
Myanmar;Shan-North;Lashio;MMR;MMR015D001;MMR015;October;2021;18;41
Myanmar;Shan-South;Danu Self-Administered Zone;MMR;NA;NA;October;2021;0;0
Myanmar;Tanintharyi;Myeik;MMR;MMR006D002;MMR006;October;2021;17;29
Myanmar;Ayeyarwady;Myaungmya;MMR;MMR017D003;MMR017;November;2021;0;0
Myanmar;Chin;Matupi;MMR;MMR004D004;MMR004;November;2021;10;28
Myanmar;Magway;Magway;MMR;MMR009D001;MMR009;November;2021;17;8
Myanmar;Magway;Minbu;MMR;MMR009D002;MMR009;November;2021;4;0
Myanmar;Sagaing;Hkamti;MMR;MMR005D008;MMR005;November;2021;1;1
Myanmar;Sagaing;Katha;MMR;MMR005D004;MMR005;November;2021;18;107
Myanmar;Sagaing;Shwebo;MMR;MMR005D002;MMR005;November;2021;71;218
Myanmar;Sagaing;Tamu;MMR;MMR005D006;MMR005;November;2021;4;3
Myanmar;Shan-North;Kyaukme;MMR;NA;NA;November;2021;8;0
Myanmar;Shan-North;Matman;MMR;MMR015D007;MMR015;November;2021;0;0
Myanmar;Shan-North;Pa Laung Self-Administered Zone;MMR;NA;NA;November;2021;1;0
Myanmar;Yangon;Yangon-East;MMR;MMR013D002;MMR013;November;2021;33;13
Myanmar;Ayeyarwady;Pathein;MMR;MMR017D001;MMR017;November;2021;10;12
Myanmar;Ayeyarwady;Pyapon;MMR;MMR017D006;MMR017;November;2021;2;1
Myanmar;Bago-East;Taungoo;MMR;MMR007D002;MMR007;November;2021;5;10
Myanmar;Kayah;Loikaw;MMR;MMR002D001;MMR002;November;2021;20;56
Myanmar;Kayin;Kawkareik;MMR;MMR003D003;MMR003;November;2021;1;0
Myanmar;Magway;Thayet;MMR;MMR009D003;MMR009;November;2021;2;2
Myanmar;Mandalay;Kyaukse;MMR;MMR010D003;MMR010;November;2021;6;3
Myanmar;Rakhine;Kyaukpyu;MMR;MMR012D003;MMR012;November;2021;0;0
Myanmar;Shan-East;Monghsat;MMR;MMR016D002;MMR016;November;2021;0;0
Myanmar;Shan-South;Pa-O Self-Administered Zone;MMR;NA;NA;November;2021;2;11
Myanmar;Shan-South;Taunggyi;MMR;MMR014D001;MMR014;November;2021;23;35
Myanmar;Tanintharyi;Dawei;MMR;MMR006D001;MMR006;November;2021;27;39
Myanmar;Yangon;Yangon-North;MMR;MMR013D001;MMR013;November;2021;34;23
Myanmar;Bago-West;Pyay;MMR;MMR008D001;MMR008;November;2021;7;4
Myanmar;Chin;Mindat;MMR;MMR004D002;MMR004;November;2021;20;80
Myanmar;Kachin;Bhamo;MMR;MMR001D003;MMR001;November;2021;13;3
Myanmar;Kachin;Myitkyina;MMR;MMR001D001;MMR001;November;2021;7;0
Myanmar;Magway;Gangaw;MMR;MMR009D005;MMR009;November;2021;37;250
Myanmar;Nay Pyi Taw;Oke Ta Ra;MMR;MMR018D001;MMR018;November;2021;5;2
Myanmar;Rakhine;Thandwe;MMR;MMR012D004;MMR012;November;2021;0;0
Myanmar;Shan-East;Kengtung;MMR;MMR016D001;MMR016;November;2021;0;0
Myanmar;Shan-North;Mongmit;MMR;MMR015D008;MMR015;November;2021;1;0
Myanmar;Yangon;Yangon-South;MMR;MMR013D003;MMR013;November;2021;18;23
Myanmar;Ayeyarwady;Labutta;MMR;MMR017D004;MMR017;November;2021;4;2
Myanmar;Ayeyarwady;Maubin;MMR;MMR017D005;MMR017;November;2021;6;3
Myanmar;Magway;Pakokku;MMR;MMR009D004;MMR009;November;2021;60;74
Myanmar;Mandalay;Myingyan;MMR;MMR010D004;MMR010;November;2021;9;18
Myanmar;Rakhine;Maungdaw;MMR;MMR012D002;MMR012;November;2021;3;3
Myanmar;Rakhine;Mrauk-U;MMR;MMR012D005;MMR012;November;2021;0;0
Myanmar;Shan-North;Hopang;MMR;MMR015D006;MMR015;November;2021;0;0
Myanmar;Shan-North;Kokang Self-Administered Zone;MMR;MMR015D221;MMR015;November;2021;1;0
Myanmar;Shan-North;Muse;MMR;MMR015D002;MMR015;November;2021;40;37
Myanmar;Sagaing;Kale;MMR;MMR005D005;MMR005;November;2021;37;180
Myanmar;Sagaing;Sagaing;MMR;MMR005D001;MMR005;November;2021;27;48
Myanmar;Bago-East;Bago;MMR;MMR007D001;MMR007;November;2021;12;1
Myanmar;Chin;Hakha;MMR;MMR004D003;MMR004;November;2021;7;21
Myanmar;Kachin;Mohnyin;MMR;MMR001D002;MMR001;November;2021;18;14
Myanmar;Kachin;Puta-O;MMR;MMR001D004;MMR001;November;2021;0;0
Myanmar;Kayin;Hpa-An;MMR;MMR003D001;MMR003;November;2021;12;18
Myanmar;Kayin;Myawaddy;MMR;MMR003D002;MMR003;November;2021;0;0
Myanmar;Mandalay;Mandalay;MMR;MMR010D001;MMR010;November;2021;35;14
Myanmar;Mandalay;Meiktila;MMR;MMR010D007;MMR010;November;2021;7;6
Myanmar;Sagaing;Kawlin;MMR;MMR005D011;MMR005;November;2021;10;138
Myanmar;Sagaing;Naga Self-Administered Zone;MMR;NA;NA;November;2021;0;0
Myanmar;Shan-South;Langkho;MMR;MMR014D003;MMR014;November;2021;0;0
Myanmar;Shan-South;Loilen;MMR;MMR014D002;MMR014;November;2021;1;1
Myanmar;Chin;Falam;MMR;MMR004D001;MMR004;November;2021;5;3
Myanmar;Kayin;Hpapun;MMR;MMR003D004;MMR003;November;2021;4;19
Myanmar;Mandalay;Nyaung-U;MMR;MMR010D005;MMR010;November;2021;6;4
Myanmar;Mon;Thaton;MMR;MMR011D002;MMR011;November;2021;23;34
Myanmar;Rakhine;Sittwe;MMR;MMR012D001;MMR012;November;2021;1;0
Myanmar;Sagaing;Mawlaik;MMR;MMR005D007;MMR005;November;2021;1;0
Myanmar;Sagaing;Monywa;MMR;MMR005D003;MMR005;November;2021;60;103
Myanmar;Sagaing;Yinmarbin;MMR;MMR005D009;MMR005;November;2021;47;155
Myanmar;Shan-East;Tachileik;MMR;MMR016D003;MMR016;November;2021;0;0
Myanmar;Tanintharyi;Kawthoung;MMR;MMR006D003;MMR006;November;2021;0;0
Myanmar;Yangon;Yangon-West;MMR;MMR013D004;MMR013;November;2021;22;12
Myanmar;Ayeyarwady;Hinthada;MMR;MMR017D002;MMR017;November;2021;1;0
Myanmar;Bago-West;Thayarwady;MMR;MMR008D002;MMR008;November;2021;10;1
Myanmar;Kayah;Bawlake;MMR;MMR002D002;MMR002;November;2021;0;0
Myanmar;Mandalay;Pyinoolwin;MMR;MMR010D002;MMR010;November;2021;34;40
Myanmar;Mandalay;Yamethin;MMR;MMR010D006;MMR010;November;2021;1;2
Myanmar;Mon;Mawlamyine;MMR;MMR011D001;MMR011;November;2021;11;13
Myanmar;Nay Pyi Taw;Det Khi Na;MMR;MMR018D002;MMR018;November;2021;6;0
Myanmar;Sagaing;Kanbalu;MMR;MMR005D010;MMR005;November;2021;7;32
Myanmar;Shan-North;Lashio;MMR;MMR015D001;MMR015;November;2021;16;15
Myanmar;Shan-South;Danu Self-Administered Zone;MMR;NA;NA;November;2021;3;3
Myanmar;Tanintharyi;Myeik;MMR;MMR006D002;MMR006;November;2021;8;3
Myanmar;Ayeyarwady;Myaungmya;MMR;MMR017D003;MMR017;December;2021;4;1
Myanmar;Chin;Matupi;MMR;MMR004D004;MMR004;December;2021;3;0
Myanmar;Magway;Magway;MMR;MMR009D001;MMR009;December;2021;24;10
Myanmar;Magway;Minbu;MMR;MMR009D002;MMR009;December;2021;3;0
Myanmar;Sagaing;Hkamti;MMR;MMR005D008;MMR005;December;2021;0;0
Myanmar;Sagaing;Katha;MMR;MMR005D004;MMR005;December;2021;17;87
Myanmar;Sagaing;Shwebo;MMR;MMR005D002;MMR005;December;2021;75;151
Myanmar;Sagaing;Tamu;MMR;MMR005D006;MMR005;December;2021;1;2
Myanmar;Shan-North;Kyaukme;MMR;NA;NA;December;2021;4;3
Myanmar;Shan-North;Matman;MMR;MMR015D007;MMR015;December;2021;0;0
Myanmar;Shan-North;Pa Laung Self-Administered Zone;MMR;NA;NA;December;2021;0;0
Myanmar;Yangon;Yangon-East;MMR;MMR013D002;MMR013;December;2021;43;20
Myanmar;Ayeyarwady;Pathein;MMR;MMR017D001;MMR017;December;2021;8;4
Myanmar;Ayeyarwady;Pyapon;MMR;MMR017D006;MMR017;December;2021;0;0
Myanmar;Bago-East;Taungoo;MMR;MMR007D002;MMR007;December;2021;8;6
Myanmar;Kayah;Loikaw;MMR;MMR002D001;MMR002;December;2021;28;123
Myanmar;Kayin;Kawkareik;MMR;MMR003D003;MMR003;December;2021;15;61
Myanmar;Magway;Thayet;MMR;MMR009D003;MMR009;December;2021;3;0
Myanmar;Mandalay;Kyaukse;MMR;MMR010D003;MMR010;December;2021;8;20
Myanmar;Rakhine;Kyaukpyu;MMR;MMR012D003;MMR012;December;2021;0;0
Myanmar;Shan-East;Monghsat;MMR;MMR016D002;MMR016;December;2021;0;0
Myanmar;Shan-South;Pa-O Self-Administered Zone;MMR;NA;NA;December;2021;1;1
Myanmar;Shan-South;Taunggyi;MMR;MMR014D001;MMR014;December;2021;6;0
Myanmar;Tanintharyi;Dawei;MMR;MMR006D001;MMR006;December;2021;15;11
Myanmar;Yangon;Yangon-North;MMR;MMR013D001;MMR013;December;2021;30;16
Myanmar;Bago-West;Pyay;MMR;MMR008D001;MMR008;December;2021;3;1
Myanmar;Chin;Mindat;MMR;MMR004D002;MMR004;December;2021;25;30
Myanmar;Kachin;Bhamo;MMR;MMR001D003;MMR001;December;2021;8;24
Myanmar;Kachin;Myitkyina;MMR;MMR001D001;MMR001;December;2021;6;0
Myanmar;Magway;Gangaw;MMR;MMR009D005;MMR009;December;2021;30;104
Myanmar;Nay Pyi Taw;Oke Ta Ra;MMR;MMR018D001;MMR018;December;2021;0;0
Myanmar;Rakhine;Thandwe;MMR;MMR012D004;MMR012;December;2021;0;0
Myanmar;Shan-East;Kengtung;MMR;MMR016D001;MMR016;December;2021;0;0
Myanmar;Shan-North;Mongmit;MMR;MMR015D008;MMR015;December;2021;0;0
Myanmar;Yangon;Yangon-South;MMR;MMR013D003;MMR013;December;2021;18;22
Myanmar;Ayeyarwady;Labutta;MMR;MMR017D004;MMR017;December;2021;2;1
Myanmar;Ayeyarwady;Maubin;MMR;MMR017D005;MMR017;December;2021;5;1
Myanmar;Magway;Pakokku;MMR;MMR009D004;MMR009;December;2021;63;122
Myanmar;Mandalay;Myingyan;MMR;MMR010D004;MMR010;December;2021;16;78
Myanmar;Rakhine;Maungdaw;MMR;MMR012D002;MMR012;December;2021;2;1
Myanmar;Rakhine;Mrauk-U;MMR;MMR012D005;MMR012;December;2021;1;0
Myanmar;Shan-North;Hopang;MMR;MMR015D006;MMR015;December;2021;0;0
Myanmar;Shan-North;Kokang Self-Administered Zone;MMR;MMR015D221;MMR015;December;2021;0;0
Myanmar;Shan-North;Muse;MMR;MMR015D002;MMR015;December;2021;34;113
Myanmar;Sagaing;Kale;MMR;MMR005D005;MMR005;December;2021;38;281
Myanmar;Sagaing;Sagaing;MMR;MMR005D001;MMR005;December;2021;21;73
Myanmar;Bago-East;Bago;MMR;MMR007D001;MMR007;December;2021;2;4
Myanmar;Chin;Hakha;MMR;MMR004D003;MMR004;December;2021;2;2
Myanmar;Kachin;Mohnyin;MMR;MMR001D002;MMR001;December;2021;21;42
Myanmar;Kachin;Puta-O;MMR;MMR001D004;MMR001;December;2021;2;23
Myanmar;Kayin;Hpa-An;MMR;MMR003D001;MMR003;December;2021;7;6
Myanmar;Kayin;Myawaddy;MMR;MMR003D002;MMR003;December;2021;31;87
Myanmar;Mandalay;Mandalay;MMR;MMR010D001;MMR010;December;2021;36;31
Myanmar;Mandalay;Meiktila;MMR;MMR010D007;MMR010;December;2021;7;8
Myanmar;Sagaing;Kawlin;MMR;MMR005D011;MMR005;December;2021;8;15
Myanmar;Sagaing;Naga Self-Administered Zone;MMR;NA;NA;December;2021;0;0
Myanmar;Shan-South;Langkho;MMR;MMR014D003;MMR014;December;2021;0;0
Myanmar;Shan-South;Loilen;MMR;MMR014D002;MMR014;December;2021;8;1
Myanmar;Chin;Falam;MMR;MMR004D001;MMR004;December;2021;6;3
Myanmar;Kayin;Hpapun;MMR;MMR003D004;MMR003;December;2021;10;25
Myanmar;Mandalay;Nyaung-U;MMR;MMR010D005;MMR010;December;2021;2;0
Myanmar;Mon;Thaton;MMR;MMR011D002;MMR011;December;2021;34;65
Myanmar;Rakhine;Sittwe;MMR;MMR012D001;MMR012;December;2021;0;0
Myanmar;Sagaing;Mawlaik;MMR;MMR005D007;MMR005;December;2021;0;0
Myanmar;Sagaing;Monywa;MMR;MMR005D003;MMR005;December;2021;52;87
Myanmar;Sagaing;Yinmarbin;MMR;MMR005D009;MMR005;December;2021;73;304
Myanmar;Shan-East;Tachileik;MMR;MMR016D003;MMR016;December;2021;0;0
Myanmar;Tanintharyi;Kawthoung;MMR;MMR006D003;MMR006;December;2021;0;0
Myanmar;Yangon;Yangon-West;MMR;MMR013D004;MMR013;December;2021;27;10
Myanmar;Ayeyarwady;Hinthada;MMR;MMR017D002;MMR017;December;2021;1;0
Myanmar;Bago-West;Thayarwady;MMR;MMR008D002;MMR008;December;2021;6;4
Myanmar;Kayah;Bawlake;MMR;MMR002D002;MMR002;December;2021;1;3
Myanmar;Mandalay;Pyinoolwin;MMR;MMR010D002;MMR010;December;2021;10;12
Myanmar;Mandalay;Yamethin;MMR;MMR010D006;MMR010;December;2021;0;0
Myanmar;Mon;Mawlamyine;MMR;MMR011D001;MMR011;December;2021;13;24
Myanmar;Nay Pyi Taw;Det Khi Na;MMR;MMR018D002;MMR018;December;2021;2;13
Myanmar;Sagaing;Kanbalu;MMR;MMR005D010;MMR005;December;2021;9;28
Myanmar;Shan-North;Lashio;MMR;MMR015D001;MMR015;December;2021;12;4
Myanmar;Shan-South;Danu Self-Administered Zone;MMR;NA;NA;December;2021;2;1
Myanmar;Tanintharyi;Myeik;MMR;MMR006D002;MMR006;December;2021;9;16
Myanmar;Ayeyarwady;Myaungmya;MMR;MMR017D003;MMR017;January;2022;1;0
Myanmar;Chin;Matupi;MMR;MMR004D004;MMR004;January;2022;24;59
Myanmar;Magway;Magway;MMR;MMR009D001;MMR009;January;2022;1;1
Myanmar;Magway;Minbu;MMR;MMR009D002;MMR009;January;2022;9;10
Myanmar;Sagaing;Hkamti;MMR;MMR005D008;MMR005;January;2022;4;7
Myanmar;Sagaing;Katha;MMR;MMR005D004;MMR005;January;2022;61;142
Myanmar;Sagaing;Shwebo;MMR;MMR005D002;MMR005;January;2022;108;247
Myanmar;Sagaing;Tamu;MMR;MMR005D006;MMR005;January;2022;5;20
Myanmar;Shan-North;Kyaukme;MMR;NA;NA;January;2022;12;1
Myanmar;Shan-North;Matman;MMR;MMR015D007;MMR015;January;2022;0;0
Myanmar;Shan-North;Pa Laung Self-Administered Zone;MMR;NA;NA;January;2022;0;0
Myanmar;Yangon;Yangon-East;MMR;MMR013D002;MMR013;January;2022;44;16
Myanmar;Ayeyarwady;Pathein;MMR;MMR017D001;MMR017;January;2022;4;0
Myanmar;Ayeyarwady;Pyapon;MMR;MMR017D006;MMR017;January;2022;6;1
Myanmar;Bago-East;Taungoo;MMR;MMR007D002;MMR007;January;2022;1;0
Myanmar;Kayah;Loikaw;MMR;MMR002D001;MMR002;January;2022;69;221
Myanmar;Kayin;Kawkareik;MMR;MMR003D003;MMR003;January;2022;15;42
Myanmar;Magway;Thayet;MMR;MMR009D003;MMR009;January;2022;14;16
Myanmar;Mandalay;Kyaukse;MMR;MMR010D003;MMR010;January;2022;9;25
Myanmar;Rakhine;Kyaukpyu;MMR;MMR012D003;MMR012;January;2022;0;0
Myanmar;Shan-East;Monghsat;MMR;MMR016D002;MMR016;January;2022;0;0
Myanmar;Shan-South;Pa-O Self-Administered Zone;MMR;NA;NA;January;2022;1;2
Myanmar;Shan-South;Taunggyi;MMR;MMR014D001;MMR014;January;2022;9;11
Myanmar;Tanintharyi;Dawei;MMR;MMR006D001;MMR006;January;2022;26;17
Myanmar;Yangon;Yangon-North;MMR;MMR013D001;MMR013;January;2022;25;15
Myanmar;Bago-West;Pyay;MMR;MMR008D001;MMR008;January;2022;4;5
Myanmar;Chin;Mindat;MMR;MMR004D002;MMR004;January;2022;16;19
Myanmar;Kachin;Bhamo;MMR;MMR001D003;MMR001;January;2022;12;91
Myanmar;Kachin;Myitkyina;MMR;MMR001D001;MMR001;January;2022;7;0
Myanmar;Magway;Gangaw;MMR;MMR009D005;MMR009;January;2022;13;32
Myanmar;Nay Pyi Taw;Oke Ta Ra;MMR;MMR018D001;MMR018;January;2022;2;1
Myanmar;Rakhine;Thandwe;MMR;MMR012D004;MMR012;January;2022;0;0
Myanmar;Shan-East;Kengtung;MMR;MMR016D001;MMR016;January;2022;0;0
Myanmar;Shan-North;Mongmit;MMR;MMR015D008;MMR015;January;2022;0;0
Myanmar;Yangon;Yangon-South;MMR;MMR013D003;MMR013;January;2022;11;0
Myanmar;Ayeyarwady;Labutta;MMR;MMR017D004;MMR017;January;2022;0;0
Myanmar;Ayeyarwady;Maubin;MMR;MMR017D005;MMR017;January;2022;1;0
Myanmar;Magway;Pakokku;MMR;MMR009D004;MMR009;January;2022;56;90
Myanmar;Mandalay;Myingyan;MMR;MMR010D004;MMR010;January;2022;9;8
Myanmar;Rakhine;Maungdaw;MMR;MMR012D002;MMR012;January;2022;3;0
Myanmar;Rakhine;Mrauk-U;MMR;MMR012D005;MMR012;January;2022;1;0
Myanmar;Shan-North;Hopang;MMR;MMR015D006;MMR015;January;2022;0;0
Myanmar;Shan-North;Kokang Self-Administered Zone;MMR;MMR015D221;MMR015;January;2022;0;0
Myanmar;Shan-North;Muse;MMR;MMR015D002;MMR015;January;2022;35;14
Myanmar;Sagaing;Kale;MMR;MMR005D005;MMR005;January;2022;34;64
Myanmar;Sagaing;Sagaing;MMR;MMR005D001;MMR005;January;2022;20;50
Myanmar;Bago-East;Bago;MMR;MMR007D001;MMR007;January;2022;4;1
Myanmar;Chin;Hakha;MMR;MMR004D003;MMR004;January;2022;7;7
Myanmar;Kachin;Mohnyin;MMR;MMR001D002;MMR001;January;2022;9;17
Myanmar;Kachin;Puta-O;MMR;MMR001D004;MMR001;January;2022;2;0
Myanmar;Kayin;Hpa-An;MMR;MMR003D001;MMR003;January;2022;14;26
Myanmar;Kayin;Myawaddy;MMR;MMR003D002;MMR003;January;2022;19;43
Myanmar;Mandalay;Mandalay;MMR;MMR010D001;MMR010;January;2022;45;23
Myanmar;Mandalay;Meiktila;MMR;MMR010D007;MMR010;January;2022;2;1
Myanmar;Sagaing;Kawlin;MMR;MMR005D011;MMR005;January;2022;6;14
Myanmar;Sagaing;Naga Self-Administered Zone;MMR;NA;NA;January;2022;0;0
Myanmar;Shan-South;Langkho;MMR;MMR014D003;MMR014;January;2022;0;0
Myanmar;Shan-South;Loilen;MMR;MMR014D002;MMR014;January;2022;13;3
Myanmar;Chin;Falam;MMR;MMR004D001;MMR004;January;2022;29;174
Myanmar;Kayin;Hpapun;MMR;MMR003D004;MMR003;January;2022;21;32
Myanmar;Mandalay;Nyaung-U;MMR;MMR010D005;MMR010;January;2022;2;2
Myanmar;Mon;Thaton;MMR;MMR011D002;MMR011;January;2022;23;34
Myanmar;Rakhine;Sittwe;MMR;MMR012D001;MMR012;January;2022;1;0
Myanmar;Sagaing;Mawlaik;MMR;MMR005D007;MMR005;January;2022;1;0
Myanmar;Sagaing;Monywa;MMR;MMR005D003;MMR005;January;2022;57;146
Myanmar;Sagaing;Yinmarbin;MMR;MMR005D009;MMR005;January;2022;47;144
Myanmar;Shan-East;Tachileik;MMR;MMR016D003;MMR016;January;2022;3;0
Myanmar;Tanintharyi;Kawthoung;MMR;MMR006D003;MMR006;January;2022;0;0
Myanmar;Yangon;Yangon-West;MMR;MMR013D004;MMR013;January;2022;22;4
Myanmar;Ayeyarwady;Hinthada;MMR;MMR017D002;MMR017;January;2022;6;2
Myanmar;Bago-West;Thayarwady;MMR;MMR008D002;MMR008;January;2022;4;3
Myanmar;Kayah;Bawlake;MMR;MMR002D002;MMR002;January;2022;1;5
Myanmar;Mandalay;Pyinoolwin;MMR;MMR010D002;MMR010;January;2022;16;20
Myanmar;Mandalay;Yamethin;MMR;MMR010D006;MMR010;January;2022;0;0
Myanmar;Mon;Mawlamyine;MMR;MMR011D001;MMR011;January;2022;22;34
Myanmar;Nay Pyi Taw;Det Khi Na;MMR;MMR018D002;MMR018;January;2022;0;0
Myanmar;Sagaing;Kanbalu;MMR;MMR005D010;MMR005;January;2022;11;12
Myanmar;Shan-North;Lashio;MMR;MMR015D001;MMR015;January;2022;3;2
Myanmar;Shan-South;Danu Self-Administered Zone;MMR;NA;NA;January;2022;2;1
Myanmar;Tanintharyi;Myeik;MMR;MMR006D002;MMR006;January;2022;13;15
Myanmar;Ayeyarwady;Myaungmya;MMR;MMR017D003;MMR017;February;2022;0;0
Myanmar;Chin;Matupi;MMR;MMR004D004;MMR004;February;2022;6;6
Myanmar;Magway;Magway;MMR;MMR009D001;MMR009;February;2022;6;4
Myanmar;Magway;Minbu;MMR;MMR009D002;MMR009;February;2022;5;0
Myanmar;Sagaing;Hkamti;MMR;MMR005D008;MMR005;February;2022;0;0
Myanmar;Sagaing;Katha;MMR;MMR005D004;MMR005;February;2022;15;64
Myanmar;Sagaing;Shwebo;MMR;MMR005D002;MMR005;February;2022;59;199
Myanmar;Sagaing;Tamu;MMR;MMR005D006;MMR005;February;2022;5;19
Myanmar;Shan-North;Kyaukme;MMR;NA;NA;February;2022;11;5
Myanmar;Shan-North;Matman;MMR;MMR015D007;MMR015;February;2022;0;0
Myanmar;Shan-North;Pa Laung Self-Administered Zone;MMR;NA;NA;February;2022;0;0
Myanmar;Yangon;Yangon-East;MMR;MMR013D002;MMR013;February;2022;42;19
Myanmar;Ayeyarwady;Pathein;MMR;MMR017D001;MMR017;February;2022;5;0
Myanmar;Ayeyarwady;Pyapon;MMR;MMR017D006;MMR017;February;2022;5;2
Myanmar;Bago-East;Taungoo;MMR;MMR007D002;MMR007;February;2022;4;4
Myanmar;Kayah;Loikaw;MMR;MMR002D001;MMR002;February;2022;32;101
Myanmar;Kayin;Kawkareik;MMR;MMR003D003;MMR003;February;2022;7;1
Myanmar;Magway;Thayet;MMR;MMR009D003;MMR009;February;2022;0;0
Myanmar;Mandalay;Kyaukse;MMR;MMR010D003;MMR010;February;2022;12;11
Myanmar;Rakhine;Kyaukpyu;MMR;MMR012D003;MMR012;February;2022;0;0
Myanmar;Shan-East;Monghsat;MMR;MMR016D002;MMR016;February;2022;0;0
Myanmar;Shan-South;Pa-O Self-Administered Zone;MMR;NA;NA;February;2022;1;0
Myanmar;Shan-South;Taunggyi;MMR;MMR014D001;MMR014;February;2022;22;113
Myanmar;Tanintharyi;Dawei;MMR;MMR006D001;MMR006;February;2022;12;19
Myanmar;Yangon;Yangon-North;MMR;MMR013D001;MMR013;February;2022;24;25
Myanmar;Bago-West;Pyay;MMR;MMR008D001;MMR008;February;2022;10;14
Myanmar;Chin;Mindat;MMR;MMR004D002;MMR004;February;2022;15;56
Myanmar;Kachin;Bhamo;MMR;MMR001D003;MMR001;February;2022;11;2
Myanmar;Kachin;Myitkyina;MMR;MMR001D001;MMR001;February;2022;9;2
Myanmar;Magway;Gangaw;MMR;MMR009D005;MMR009;February;2022;30;86
Myanmar;Nay Pyi Taw;Oke Ta Ra;MMR;MMR018D001;MMR018;February;2022;2;0
Myanmar;Rakhine;Thandwe;MMR;MMR012D004;MMR012;February;2022;0;0
Myanmar;Shan-East;Kengtung;MMR;MMR016D001;MMR016;February;2022;0;0
Myanmar;Shan-North;Mongmit;MMR;MMR015D008;MMR015;February;2022;2;2
Myanmar;Yangon;Yangon-South;MMR;MMR013D003;MMR013;February;2022;14;17
Myanmar;Ayeyarwady;Labutta;MMR;MMR017D004;MMR017;February;2022;2;0
Myanmar;Ayeyarwady;Maubin;MMR;MMR017D005;MMR017;February;2022;3;2
Myanmar;Magway;Pakokku;MMR;MMR009D004;MMR009;February;2022;22;53
Myanmar;Mandalay;Myingyan;MMR;MMR010D004;MMR010;February;2022;16;25
Myanmar;Rakhine;Maungdaw;MMR;MMR012D002;MMR012;February;2022;10;32
Myanmar;Rakhine;Mrauk-U;MMR;MMR012D005;MMR012;February;2022;2;1
Myanmar;Shan-North;Hopang;MMR;MMR015D006;MMR015;February;2022;0;0
Myanmar;Shan-North;Kokang Self-Administered Zone;MMR;MMR015D221;MMR015;February;2022;1;3
Myanmar;Shan-North;Muse;MMR;MMR015D002;MMR015;February;2022;12;5
Myanmar;Sagaing;Kale;MMR;MMR005D005;MMR005;February;2022;38;183
Myanmar;Sagaing;Sagaing;MMR;MMR005D001;MMR005;February;2022;16;26
Myanmar;Bago-East;Bago;MMR;MMR007D001;MMR007;February;2022;6;6
Myanmar;Chin;Hakha;MMR;MMR004D003;MMR004;February;2022;2;5
Myanmar;Kachin;Mohnyin;MMR;MMR001D002;MMR001;February;2022;15;8
Myanmar;Kachin;Puta-O;MMR;MMR001D004;MMR001;February;2022;23;20
Myanmar;Kayin;Hpa-An;MMR;MMR003D001;MMR003;February;2022;8;24
Myanmar;Kayin;Myawaddy;MMR;MMR003D002;MMR003;February;2022;7;17
Myanmar;Mandalay;Mandalay;MMR;MMR010D001;MMR010;February;2022;35;19
Myanmar;Mandalay;Meiktila;MMR;MMR010D007;MMR010;February;2022;3;3
Myanmar;Sagaing;Kawlin;MMR;MMR005D011;MMR005;February;2022;9;37
Myanmar;Sagaing;Naga Self-Administered Zone;MMR;NA;NA;February;2022;0;0
Myanmar;Shan-South;Langkho;MMR;MMR014D003;MMR014;February;2022;1;0
Myanmar;Shan-South;Loilen;MMR;MMR014D002;MMR014;February;2022;0;0
Myanmar;Chin;Falam;MMR;MMR004D001;MMR004;February;2022;7;28
Myanmar;Kayin;Hpapun;MMR;MMR003D004;MMR003;February;2022;12;14
Myanmar;Mandalay;Nyaung-U;MMR;MMR010D005;MMR010;February;2022;0;0
Myanmar;Mon;Thaton;MMR;MMR011D002;MMR011;February;2022;13;22
Myanmar;Rakhine;Sittwe;MMR;MMR012D001;MMR012;February;2022;1;0
Myanmar;Sagaing;Mawlaik;MMR;MMR005D007;MMR005;February;2022;1;0
Myanmar;Sagaing;Monywa;MMR;MMR005D003;MMR005;February;2022;30;44
Myanmar;Sagaing;Yinmarbin;MMR;MMR005D009;MMR005;February;2022;58;231
Myanmar;Shan-East;Tachileik;MMR;MMR016D003;MMR016;February;2022;1;4
Myanmar;Tanintharyi;Kawthoung;MMR;MMR006D003;MMR006;February;2022;0;0
Myanmar;Yangon;Yangon-West;MMR;MMR013D004;MMR013;February;2022;12;11
Myanmar;Ayeyarwady;Hinthada;MMR;MMR017D002;MMR017;February;2022;1;0
Myanmar;Bago-West;Thayarwady;MMR;MMR008D002;MMR008;February;2022;9;20
Myanmar;Kayah;Bawlake;MMR;MMR002D002;MMR002;February;2022;0;0
Myanmar;Mandalay;Pyinoolwin;MMR;MMR010D002;MMR010;February;2022;12;37
Myanmar;Mandalay;Yamethin;MMR;MMR010D006;MMR010;February;2022;0;0
Myanmar;Mon;Mawlamyine;MMR;MMR011D001;MMR011;February;2022;10;2
Myanmar;Nay Pyi Taw;Det Khi Na;MMR;MMR018D002;MMR018;February;2022;4;6
Myanmar;Sagaing;Kanbalu;MMR;MMR005D010;MMR005;February;2022;13;56
Myanmar;Shan-North;Lashio;MMR;MMR015D001;MMR015;February;2022;10;15
Myanmar;Shan-South;Danu Self-Administered Zone;MMR;NA;NA;February;2022;7;3
Myanmar;Tanintharyi;Myeik;MMR;MMR006D002;MMR006;February;2022;9;11
Myanmar;Ayeyarwady;Myaungmya;MMR;MMR017D003;MMR017;March;2022;0;0
Myanmar;Chin;Matupi;MMR;MMR004D004;MMR004;March;2022;9;30
Myanmar;Magway;Magway;MMR;MMR009D001;MMR009;March;2022;2;2
Myanmar;Magway;Minbu;MMR;MMR009D002;MMR009;March;2022;6;16
Myanmar;Sagaing;Hkamti;MMR;MMR005D008;MMR005;March;2022;0;0
Myanmar;Sagaing;Katha;MMR;MMR005D004;MMR005;March;2022;24;116
Myanmar;Sagaing;Shwebo;MMR;MMR005D002;MMR005;March;2022;60;154
Myanmar;Sagaing;Tamu;MMR;MMR005D006;MMR005;March;2022;3;4
Myanmar;Shan-North;Kyaukme;MMR;NA;NA;March;2022;16;61
Myanmar;Shan-North;Matman;MMR;MMR015D007;MMR015;March;2022;0;0
Myanmar;Shan-North;Pa Laung Self-Administered Zone;MMR;NA;NA;March;2022;0;0
Myanmar;Yangon;Yangon-East;MMR;MMR013D002;MMR013;March;2022;16;4
Myanmar;Ayeyarwady;Pathein;MMR;MMR017D001;MMR017;March;2022;2;0
Myanmar;Ayeyarwady;Pyapon;MMR;MMR017D006;MMR017;March;2022;3;0
Myanmar;Bago-East;Taungoo;MMR;MMR007D002;MMR007;March;2022;8;10
Myanmar;Kayah;Loikaw;MMR;MMR002D001;MMR002;March;2022;65;199
Myanmar;Kayin;Kawkareik;MMR;MMR003D003;MMR003;March;2022;35;52
Myanmar;Magway;Thayet;MMR;MMR009D003;MMR009;March;2022;2;8
Myanmar;Mandalay;Kyaukse;MMR;MMR010D003;MMR010;March;2022;8;15
Myanmar;Rakhine;Kyaukpyu;MMR;MMR012D003;MMR012;March;2022;0;0
Myanmar;Shan-East;Monghsat;MMR;MMR016D002;MMR016;March;2022;0;0
Myanmar;Shan-South;Pa-O Self-Administered Zone;MMR;NA;NA;March;2022;0;0
Myanmar;Shan-South;Taunggyi;MMR;MMR014D001;MMR014;March;2022;17;29
Myanmar;Tanintharyi;Dawei;MMR;MMR006D001;MMR006;March;2022;12;15
Myanmar;Yangon;Yangon-North;MMR;MMR013D001;MMR013;March;2022;18;3
Myanmar;Bago-West;Pyay;MMR;MMR008D001;MMR008;March;2022;3;1
Myanmar;Chin;Mindat;MMR;MMR004D002;MMR004;March;2022;16;56
Myanmar;Kachin;Bhamo;MMR;MMR001D003;MMR001;March;2022;13;8
Myanmar;Kachin;Myitkyina;MMR;MMR001D001;MMR001;March;2022;8;8
Myanmar;Magway;Gangaw;MMR;MMR009D005;MMR009;March;2022;33;93
Myanmar;Nay Pyi Taw;Oke Ta Ra;MMR;MMR018D001;MMR018;March;2022;1;0
Myanmar;Rakhine;Thandwe;MMR;MMR012D004;MMR012;March;2022;0;0
Myanmar;Shan-East;Kengtung;MMR;MMR016D001;MMR016;March;2022;0;0
Myanmar;Shan-North;Mongmit;MMR;MMR015D008;MMR015;March;2022;0;0
Myanmar;Yangon;Yangon-South;MMR;MMR013D003;MMR013;March;2022;16;11
Myanmar;Ayeyarwady;Labutta;MMR;MMR017D004;MMR017;March;2022;2;1
Myanmar;Ayeyarwady;Maubin;MMR;MMR017D005;MMR017;March;2022;1;1
Myanmar;Magway;Pakokku;MMR;MMR009D004;MMR009;March;2022;51;112
Myanmar;Mandalay;Myingyan;MMR;MMR010D004;MMR010;March;2022;18;56
Myanmar;Rakhine;Maungdaw;MMR;MMR012D002;MMR012;March;2022;3;2
Myanmar;Rakhine;Mrauk-U;MMR;MMR012D005;MMR012;March;2022;1;1
Myanmar;Shan-North;Hopang;MMR;MMR015D006;MMR015;March;2022;0;0
Myanmar;Shan-North;Kokang Self-Administered Zone;MMR;MMR015D221;MMR015;March;2022;0;0
Myanmar;Shan-North;Muse;MMR;MMR015D002;MMR015;March;2022;12;13
Myanmar;Sagaing;Kale;MMR;MMR005D005;MMR005;March;2022;43;111
Myanmar;Sagaing;Sagaing;MMR;MMR005D001;MMR005;March;2022;13;34
Myanmar;Bago-East;Bago;MMR;MMR007D001;MMR007;March;2022;8;9
Myanmar;Chin;Hakha;MMR;MMR004D003;MMR004;March;2022;4;1
Myanmar;Kachin;Mohnyin;MMR;MMR001D002;MMR001;March;2022;15;97
Myanmar;Kachin;Puta-O;MMR;MMR001D004;MMR001;March;2022;4;2
Myanmar;Kayin;Hpa-An;MMR;MMR003D001;MMR003;March;2022;11;9
Myanmar;Kayin;Myawaddy;MMR;MMR003D002;MMR003;March;2022;31;107
Myanmar;Mandalay;Mandalay;MMR;MMR010D001;MMR010;March;2022;39;12
Myanmar;Mandalay;Meiktila;MMR;MMR010D007;MMR010;March;2022;2;0
Myanmar;Sagaing;Kawlin;MMR;MMR005D011;MMR005;March;2022;3;3
Myanmar;Sagaing;Naga Self-Administered Zone;MMR;NA;NA;March;2022;0;0
Myanmar;Shan-South;Langkho;MMR;MMR014D003;MMR014;March;2022;1;1
Myanmar;Shan-South;Loilen;MMR;MMR014D002;MMR014;March;2022;3;5
Myanmar;Chin;Falam;MMR;MMR004D001;MMR004;March;2022;13;74
Myanmar;Kayin;Hpapun;MMR;MMR003D004;MMR003;March;2022;14;22
Myanmar;Mandalay;Nyaung-U;MMR;MMR010D005;MMR010;March;2022;2;2
Myanmar;Mon;Thaton;MMR;MMR011D002;MMR011;March;2022;21;37
Myanmar;Rakhine;Sittwe;MMR;MMR012D001;MMR012;March;2022;1;0
Myanmar;Sagaing;Mawlaik;MMR;MMR005D007;MMR005;March;2022;4;42
Myanmar;Sagaing;Monywa;MMR;MMR005D003;MMR005;March;2022;34;75
Myanmar;Sagaing;Yinmarbin;MMR;MMR005D009;MMR005;March;2022;53;168
Myanmar;Shan-East;Tachileik;MMR;MMR016D003;MMR016;March;2022;0;0
Myanmar;Tanintharyi;Kawthoung;MMR;MMR006D003;MMR006;March;2022;0;0
Myanmar;Yangon;Yangon-West;MMR;MMR013D004;MMR013;March;2022;10;3
Myanmar;Ayeyarwady;Hinthada;MMR;MMR017D002;MMR017;March;2022;7;4
Myanmar;Bago-West;Thayarwady;MMR;MMR008D002;MMR008;March;2022;6;6
Myanmar;Kayah;Bawlake;MMR;MMR002D002;MMR002;March;2022;3;10
Myanmar;Mandalay;Pyinoolwin;MMR;MMR010D002;MMR010;March;2022;14;44
Myanmar;Mandalay;Yamethin;MMR;MMR010D006;MMR010;March;2022;0;0
Myanmar;Mon;Mawlamyine;MMR;MMR011D001;MMR011;March;2022;13;13
Myanmar;Nay Pyi Taw;Det Khi Na;MMR;MMR018D002;MMR018;March;2022;0;0
Myanmar;Sagaing;Kanbalu;MMR;MMR005D010;MMR005;March;2022;18;23
Myanmar;Shan-North;Lashio;MMR;MMR015D001;MMR015;March;2022;2;3
Myanmar;Shan-South;Danu Self-Administered Zone;MMR;NA;NA;March;2022;5;3
Myanmar;Tanintharyi;Myeik;MMR;MMR006D002;MMR006;March;2022;17;50
Myanmar;Ayeyarwady;Myaungmya;MMR;MMR017D003;MMR017;April;2022;0;0
Myanmar;Chin;Matupi;MMR;MMR004D004;MMR004;April;2022;17;67
Myanmar;Magway;Magway;MMR;MMR009D001;MMR009;April;2022;9;7
Myanmar;Magway;Minbu;MMR;MMR009D002;MMR009;April;2022;7;25
Myanmar;Sagaing;Hkamti;MMR;MMR005D008;MMR005;April;2022;4;4
Myanmar;Sagaing;Katha;MMR;MMR005D004;MMR005;April;2022;11;37
Myanmar;Sagaing;Shwebo;MMR;MMR005D002;MMR005;April;2022;64;136
Myanmar;Sagaing;Tamu;MMR;MMR005D006;MMR005;April;2022;8;37
Myanmar;Shan-North;Kyaukme;MMR;NA;NA;April;2022;6;1
Myanmar;Shan-North;Matman;MMR;MMR015D007;MMR015;April;2022;0;0
Myanmar;Shan-North;Pa Laung Self-Administered Zone;MMR;NA;NA;April;2022;2;0
Myanmar;Yangon;Yangon-East;MMR;MMR013D002;MMR013;April;2022;18;8
Myanmar;Ayeyarwady;Pathein;MMR;MMR017D001;MMR017;April;2022;7;3
Myanmar;Ayeyarwady;Pyapon;MMR;MMR017D006;MMR017;April;2022;8;4
Myanmar;Bago-East;Taungoo;MMR;MMR007D002;MMR007;April;2022;5;21
Myanmar;Kayah;Loikaw;MMR;MMR002D001;MMR002;April;2022;58;76
Myanmar;Kayin;Kawkareik;MMR;MMR003D003;MMR003;April;2022;18;19
Myanmar;Magway;Thayet;MMR;MMR009D003;MMR009;April;2022;5;2
Myanmar;Mandalay;Kyaukse;MMR;MMR010D003;MMR010;April;2022;11;24
Myanmar;Rakhine;Kyaukpyu;MMR;MMR012D003;MMR012;April;2022;0;0
Myanmar;Shan-East;Monghsat;MMR;MMR016D002;MMR016;April;2022;1;6
Myanmar;Shan-South;Pa-O Self-Administered Zone;MMR;NA;NA;April;2022;3;14
Myanmar;Shan-South;Taunggyi;MMR;MMR014D001;MMR014;April;2022;6;4
Myanmar;Tanintharyi;Dawei;MMR;MMR006D001;MMR006;April;2022;27;27
Myanmar;Yangon;Yangon-North;MMR;MMR013D001;MMR013;April;2022;24;5
Myanmar;Bago-West;Pyay;MMR;MMR008D001;MMR008;April;2022;6;10
Myanmar;Chin;Mindat;MMR;MMR004D002;MMR004;April;2022;5;55
Myanmar;Kachin;Bhamo;MMR;MMR001D003;MMR001;April;2022;13;27
Myanmar;Kachin;Myitkyina;MMR;MMR001D001;MMR001;April;2022;13;9
Myanmar;Magway;Gangaw;MMR;MMR009D005;MMR009;April;2022;28;117
Myanmar;Nay Pyi Taw;Oke Ta Ra;MMR;MMR018D001;MMR018;April;2022;1;0
Myanmar;Rakhine;Thandwe;MMR;MMR012D004;MMR012;April;2022;0;0
Myanmar;Shan-East;Kengtung;MMR;MMR016D001;MMR016;April;2022;0;0
Myanmar;Shan-North;Mongmit;MMR;MMR015D008;MMR015;April;2022;0;0
Myanmar;Yangon;Yangon-South;MMR;MMR013D003;MMR013;April;2022;16;18
Myanmar;Ayeyarwady;Labutta;MMR;MMR017D004;MMR017;April;2022;2;1
Myanmar;Ayeyarwady;Maubin;MMR;MMR017D005;MMR017;April;2022;1;0
Myanmar;Magway;Pakokku;MMR;MMR009D004;MMR009;April;2022;83;237
Myanmar;Mandalay;Myingyan;MMR;MMR010D004;MMR010;April;2022;19;19
Myanmar;Rakhine;Maungdaw;MMR;MMR012D002;MMR012;April;2022;1;0
Myanmar;Rakhine;Mrauk-U;MMR;MMR012D005;MMR012;April;2022;2;0
Myanmar;Shan-North;Hopang;MMR;MMR015D006;MMR015;April;2022;0;0
Myanmar;Shan-North;Kokang Self-Administered Zone;MMR;MMR015D221;MMR015;April;2022;0;0
Myanmar;Shan-North;Muse;MMR;MMR015D002;MMR015;April;2022;19;14
Myanmar;Sagaing;Kale;MMR;MMR005D005;MMR005;April;2022;62;198
Myanmar;Sagaing;Sagaing;MMR;MMR005D001;MMR005;April;2022;26;95
Myanmar;Bago-East;Bago;MMR;MMR007D001;MMR007;April;2022;3;1
Myanmar;Chin;Hakha;MMR;MMR004D003;MMR004;April;2022;5;38
Myanmar;Kachin;Mohnyin;MMR;MMR001D002;MMR001;April;2022;11;2
Myanmar;Kachin;Puta-O;MMR;MMR001D004;MMR001;April;2022;1;0
Myanmar;Kayin;Hpa-An;MMR;MMR003D001;MMR003;April;2022;10;18
Myanmar;Kayin;Myawaddy;MMR;MMR003D002;MMR003;April;2022;21;79
Myanmar;Mandalay;Mandalay;MMR;MMR010D001;MMR010;April;2022;38;24
Myanmar;Mandalay;Meiktila;MMR;MMR010D007;MMR010;April;2022;3;1
Myanmar;Sagaing;Kawlin;MMR;MMR005D011;MMR005;April;2022;10;60
Myanmar;Sagaing;Naga Self-Administered Zone;MMR;NA;NA;April;2022;0;0
Myanmar;Shan-South;Langkho;MMR;MMR014D003;MMR014;April;2022;0;0
Myanmar;Shan-South;Loilen;MMR;MMR014D002;MMR014;April;2022;4;1
Myanmar;Chin;Falam;MMR;MMR004D001;MMR004;April;2022;3;4
Myanmar;Kayin;Hpapun;MMR;MMR003D004;MMR003;April;2022;17;31
Myanmar;Mandalay;Nyaung-U;MMR;MMR010D005;MMR010;April;2022;3;2
Myanmar;Mon;Thaton;MMR;MMR011D002;MMR011;April;2022;15;16
Myanmar;Rakhine;Sittwe;MMR;MMR012D001;MMR012;April;2022;0;0
Myanmar;Sagaing;Mawlaik;MMR;MMR005D007;MMR005;April;2022;5;22
Myanmar;Sagaing;Monywa;MMR;MMR005D003;MMR005;April;2022;53;168
Myanmar;Sagaing;Yinmarbin;MMR;MMR005D009;MMR005;April;2022;36;125
Myanmar;Shan-East;Tachileik;MMR;MMR016D003;MMR016;April;2022;0;0
Myanmar;Tanintharyi;Kawthoung;MMR;MMR006D003;MMR006;April;2022;1;1
Myanmar;Yangon;Yangon-West;MMR;MMR013D004;MMR013;April;2022;23;7
Myanmar;Ayeyarwady;Hinthada;MMR;MMR017D002;MMR017;April;2022;6;0
Myanmar;Bago-West;Thayarwady;MMR;MMR008D002;MMR008;April;2022;4;11
Myanmar;Kayah;Bawlake;MMR;MMR002D002;MMR002;April;2022;0;0
Myanmar;Mandalay;Pyinoolwin;MMR;MMR010D002;MMR010;April;2022;12;42
Myanmar;Mandalay;Yamethin;MMR;MMR010D006;MMR010;April;2022;0;0
Myanmar;Mon;Mawlamyine;MMR;MMR011D001;MMR011;April;2022;15;52
Myanmar;Nay Pyi Taw;Det Khi Na;MMR;MMR018D002;MMR018;April;2022;2;3
Myanmar;Sagaing;Kanbalu;MMR;MMR005D010;MMR005;April;2022;3;0
Myanmar;Shan-North;Lashio;MMR;MMR015D001;MMR015;April;2022;1;1
Myanmar;Shan-South;Danu Self-Administered Zone;MMR;NA;NA;April;2022;15;40
Myanmar;Tanintharyi;Myeik;MMR;MMR006D002;MMR006;April;2022;22;56
Myanmar;Ayeyarwady;Myaungmya;MMR;MMR017D003;MMR017;May;2022;1;0
Myanmar;Chin;Matupi;MMR;MMR004D004;MMR004;May;2022;7;0
Myanmar;Magway;Magway;MMR;MMR009D001;MMR009;May;2022;3;0
Myanmar;Magway;Minbu;MMR;MMR009D002;MMR009;May;2022;7;15
Myanmar;Sagaing;Hkamti;MMR;MMR005D008;MMR005;May;2022;1;2
Myanmar;Sagaing;Katha;MMR;MMR005D004;MMR005;May;2022;26;128
Myanmar;Sagaing;Shwebo;MMR;MMR005D002;MMR005;May;2022;94;259
Myanmar;Sagaing;Tamu;MMR;MMR005D006;MMR005;May;2022;2;3
Myanmar;Shan-North;Kyaukme;MMR;NA;NA;May;2022;4;1
Myanmar;Shan-North;Matman;MMR;MMR015D007;MMR015;May;2022;0;0
Myanmar;Shan-North;Pa Laung Self-Administered Zone;MMR;NA;NA;May;2022;2;0
Myanmar;Yangon;Yangon-East;MMR;MMR013D002;MMR013;May;2022;15;6
Myanmar;Ayeyarwady;Pathein;MMR;MMR017D001;MMR017;May;2022;3;2
Myanmar;Ayeyarwady;Pyapon;MMR;MMR017D006;MMR017;May;2022;3;0
Myanmar;Bago-East;Taungoo;MMR;MMR007D002;MMR007;May;2022;12;17
Myanmar;Kayah;Loikaw;MMR;MMR002D001;MMR002;May;2022;33;89
Myanmar;Kayin;Kawkareik;MMR;MMR003D003;MMR003;May;2022;11;3
Myanmar;Magway;Thayet;MMR;MMR009D003;MMR009;May;2022;3;3
Myanmar;Mandalay;Kyaukse;MMR;MMR010D003;MMR010;May;2022;4;5
Myanmar;Rakhine;Kyaukpyu;MMR;MMR012D003;MMR012;May;2022;1;1
Myanmar;Shan-East;Monghsat;MMR;MMR016D002;MMR016;May;2022;0;0
Myanmar;Shan-South;Pa-O Self-Administered Zone;MMR;NA;NA;May;2022;2;5
Myanmar;Shan-South;Taunggyi;MMR;MMR014D001;MMR014;May;2022;25;54
Myanmar;Tanintharyi;Dawei;MMR;MMR006D001;MMR006;May;2022;35;71
Myanmar;Yangon;Yangon-North;MMR;MMR013D001;MMR013;May;2022;11;6
Myanmar;Bago-West;Pyay;MMR;MMR008D001;MMR008;May;2022;4;3
Myanmar;Chin;Mindat;MMR;MMR004D002;MMR004;May;2022;14;42
Myanmar;Kachin;Bhamo;MMR;MMR001D003;MMR001;May;2022;3;3
Myanmar;Kachin;Myitkyina;MMR;MMR001D001;MMR001;May;2022;2;2
Myanmar;Magway;Gangaw;MMR;MMR009D005;MMR009;May;2022;20;88
Myanmar;Nay Pyi Taw;Oke Ta Ra;MMR;MMR018D001;MMR018;May;2022;0;0
Myanmar;Rakhine;Thandwe;MMR;MMR012D004;MMR012;May;2022;0;0
Myanmar;Shan-East;Kengtung;MMR;MMR016D001;MMR016;May;2022;0;0
Myanmar;Shan-North;Mongmit;MMR;MMR015D008;MMR015;May;2022;1;0
Myanmar;Yangon;Yangon-South;MMR;MMR013D003;MMR013;May;2022;26;18
Myanmar;Ayeyarwady;Labutta;MMR;MMR017D004;MMR017;May;2022;1;0
Myanmar;Ayeyarwady;Maubin;MMR;MMR017D005;MMR017;May;2022;3;2
Myanmar;Magway;Pakokku;MMR;MMR009D004;MMR009;May;2022;78;296
Myanmar;Mandalay;Myingyan;MMR;MMR010D004;MMR010;May;2022;10;19
Myanmar;Rakhine;Maungdaw;MMR;MMR012D002;MMR012;May;2022;0;0
Myanmar;Rakhine;Mrauk-U;MMR;MMR012D005;MMR012;May;2022;4;2
Myanmar;Shan-North;Hopang;MMR;MMR015D006;MMR015;May;2022;0;0
Myanmar;Shan-North;Kokang Self-Administered Zone;MMR;MMR015D221;MMR015;May;2022;0;0
Myanmar;Shan-North;Muse;MMR;MMR015D002;MMR015;May;2022;16;58
Myanmar;Sagaing;Kale;MMR;MMR005D005;MMR005;May;2022;41;91
Myanmar;Sagaing;Sagaing;MMR;MMR005D001;MMR005;May;2022;45;134
Myanmar;Bago-East;Bago;MMR;MMR007D001;MMR007;May;2022;1;1
Myanmar;Chin;Hakha;MMR;MMR004D003;MMR004;May;2022;3;19
Myanmar;Kachin;Mohnyin;MMR;MMR001D002;MMR001;May;2022;23;54
Myanmar;Kachin;Puta-O;MMR;MMR001D004;MMR001;May;2022;5;20
Myanmar;Kayin;Hpa-An;MMR;MMR003D001;MMR003;May;2022;12;29
Myanmar;Kayin;Myawaddy;MMR;MMR003D002;MMR003;May;2022;8;8
Myanmar;Mandalay;Mandalay;MMR;MMR010D001;MMR010;May;2022;21;16
Myanmar;Mandalay;Meiktila;MMR;MMR010D007;MMR010;May;2022;5;5
Myanmar;Sagaing;Kawlin;MMR;MMR005D011;MMR005;May;2022;3;0
Myanmar;Sagaing;Naga Self-Administered Zone;MMR;NA;NA;May;2022;1;0
Myanmar;Shan-South;Langkho;MMR;MMR014D003;MMR014;May;2022;0;0
Myanmar;Shan-South;Loilen;MMR;MMR014D002;MMR014;May;2022;1;1
Myanmar;Chin;Falam;MMR;MMR004D001;MMR004;May;2022;9;33
Myanmar;Kayin;Hpapun;MMR;MMR003D004;MMR003;May;2022;7;2
Myanmar;Mandalay;Nyaung-U;MMR;MMR010D005;MMR010;May;2022;5;7
Myanmar;Mon;Thaton;MMR;MMR011D002;MMR011;May;2022;27;29
Myanmar;Rakhine;Sittwe;MMR;MMR012D001;MMR012;May;2022;0;0
Myanmar;Sagaing;Mawlaik;MMR;MMR005D007;MMR005;May;2022;4;30
Myanmar;Sagaing;Monywa;MMR;MMR005D003;MMR005;May;2022;51;221
Myanmar;Sagaing;Yinmarbin;MMR;MMR005D009;MMR005;May;2022;66;266
Myanmar;Shan-East;Tachileik;MMR;MMR016D003;MMR016;May;2022;2;0
Myanmar;Tanintharyi;Kawthoung;MMR;MMR006D003;MMR006;May;2022;3;8
Myanmar;Yangon;Yangon-West;MMR;MMR013D004;MMR013;May;2022;10;5
Myanmar;Ayeyarwady;Hinthada;MMR;MMR017D002;MMR017;May;2022;3;2
Myanmar;Bago-West;Thayarwady;MMR;MMR008D002;MMR008;May;2022;10;29
Myanmar;Kayah;Bawlake;MMR;MMR002D002;MMR002;May;2022;6;14
Myanmar;Mandalay;Pyinoolwin;MMR;MMR010D002;MMR010;May;2022;21;62
Myanmar;Mandalay;Yamethin;MMR;MMR010D006;MMR010;May;2022;0;0
Myanmar;Mon;Mawlamyine;MMR;MMR011D001;MMR011;May;2022;15;9
Myanmar;Nay Pyi Taw;Det Khi Na;MMR;MMR018D002;MMR018;May;2022;0;0
Myanmar;Sagaing;Kanbalu;MMR;MMR005D010;MMR005;May;2022;14;53
Myanmar;Shan-North;Lashio;MMR;MMR015D001;MMR015;May;2022;2;0
Myanmar;Shan-South;Danu Self-Administered Zone;MMR;NA;NA;May;2022;4;3
Myanmar;Tanintharyi;Myeik;MMR;MMR006D002;MMR006;May;2022;21;21
Myanmar;Ayeyarwady;Myaungmya;MMR;MMR017D003;MMR017;June;2022;0;0
Myanmar;Chin;Matupi;MMR;MMR004D004;MMR004;June;2022;3;0
Myanmar;Magway;Magway;MMR;MMR009D001;MMR009;June;2022;3;3
Myanmar;Magway;Minbu;MMR;MMR009D002;MMR009;June;2022;3;15
Myanmar;Sagaing;Hkamti;MMR;MMR005D008;MMR005;June;2022;0;0
Myanmar;Sagaing;Katha;MMR;MMR005D004;MMR005;June;2022;40;247
Myanmar;Sagaing;Shwebo;MMR;MMR005D002;MMR005;June;2022;60;156
Myanmar;Sagaing;Tamu;MMR;MMR005D006;MMR005;June;2022;14;82
Myanmar;Shan-North;Kyaukme;MMR;NA;NA;June;2022;4;1
Myanmar;Shan-North;Matman;MMR;MMR015D007;MMR015;June;2022;0;0
Myanmar;Shan-North;Pa Laung Self-Administered Zone;MMR;NA;NA;June;2022;2;0
Myanmar;Yangon;Yangon-East;MMR;MMR013D002;MMR013;June;2022;24;8
Myanmar;Ayeyarwady;Pathein;MMR;MMR017D001;MMR017;June;2022;2;1
Myanmar;Ayeyarwady;Pyapon;MMR;MMR017D006;MMR017;June;2022;1;1
Myanmar;Bago-East;Taungoo;MMR;MMR007D002;MMR007;June;2022;18;45
Myanmar;Kayah;Loikaw;MMR;MMR002D001;MMR002;June;2022;42;74
Myanmar;Kayin;Kawkareik;MMR;MMR003D003;MMR003;June;2022;3;8
Myanmar;Magway;Thayet;MMR;MMR009D003;MMR009;June;2022;9;25
Myanmar;Mandalay;Kyaukse;MMR;MMR010D003;MMR010;June;2022;3;1
Myanmar;Rakhine;Kyaukpyu;MMR;MMR012D003;MMR012;June;2022;2;1
Myanmar;Shan-East;Monghsat;MMR;MMR016D002;MMR016;June;2022;0;0
Myanmar;Shan-South;Pa-O Self-Administered Zone;MMR;NA;NA;June;2022;1;1
Myanmar;Shan-South;Taunggyi;MMR;MMR014D001;MMR014;June;2022;15;26
Myanmar;Tanintharyi;Dawei;MMR;MMR006D001;MMR006;June;2022;33;62
Myanmar;Yangon;Yangon-North;MMR;MMR013D001;MMR013;June;2022;12;3
Myanmar;Bago-West;Pyay;MMR;MMR008D001;MMR008;June;2022;2;19
Myanmar;Chin;Mindat;MMR;MMR004D002;MMR004;June;2022;16;68
Myanmar;Kachin;Bhamo;MMR;MMR001D003;MMR001;June;2022;8;43
Myanmar;Kachin;Myitkyina;MMR;MMR001D001;MMR001;June;2022;10;38
Myanmar;Magway;Gangaw;MMR;MMR009D005;MMR009;June;2022;32;129
Myanmar;Nay Pyi Taw;Oke Ta Ra;MMR;MMR018D001;MMR018;June;2022;0;0
Myanmar;Rakhine;Thandwe;MMR;MMR012D004;MMR012;June;2022;0;0
Myanmar;Shan-East;Kengtung;MMR;MMR016D001;MMR016;June;2022;0;0
Myanmar;Shan-North;Mongmit;MMR;MMR015D008;MMR015;June;2022;1;15
Myanmar;Yangon;Yangon-South;MMR;MMR013D003;MMR013;June;2022;6;7
Myanmar;Ayeyarwady;Labutta;MMR;MMR017D004;MMR017;June;2022;0;0
Myanmar;Ayeyarwady;Maubin;MMR;MMR017D005;MMR017;June;2022;0;0
Myanmar;Magway;Pakokku;MMR;MMR009D004;MMR009;June;2022;59;152
Myanmar;Mandalay;Myingyan;MMR;MMR010D004;MMR010;June;2022;14;27
Myanmar;Rakhine;Maungdaw;MMR;MMR012D002;MMR012;June;2022;0;0
Myanmar;Rakhine;Mrauk-U;MMR;MMR012D005;MMR012;June;2022;7;1
Myanmar;Shan-North;Hopang;MMR;MMR015D006;MMR015;June;2022;0;0
Myanmar;Shan-North;Kokang Self-Administered Zone;MMR;MMR015D221;MMR015;June;2022;0;0
Myanmar;Shan-North;Muse;MMR;MMR015D002;MMR015;June;2022;16;16
Myanmar;Sagaing;Kale;MMR;MMR005D005;MMR005;June;2022;20;48
Myanmar;Sagaing;Sagaing;MMR;MMR005D001;MMR005;June;2022;39;116
Myanmar;Bago-East;Bago;MMR;MMR007D001;MMR007;June;2022;3;1
Myanmar;Chin;Hakha;MMR;MMR004D003;MMR004;June;2022;2;3
Myanmar;Kachin;Mohnyin;MMR;MMR001D002;MMR001;June;2022;22;29
Myanmar;Kachin;Puta-O;MMR;MMR001D004;MMR001;June;2022;4;19
Myanmar;Kayin;Hpa-An;MMR;MMR003D001;MMR003;June;2022;9;16
Myanmar;Kayin;Myawaddy;MMR;MMR003D002;MMR003;June;2022;13;22
Myanmar;Mandalay;Mandalay;MMR;MMR010D001;MMR010;June;2022;26;15
Myanmar;Mandalay;Meiktila;MMR;MMR010D007;MMR010;June;2022;5;8
Myanmar;Sagaing;Kawlin;MMR;MMR005D011;MMR005;June;2022;5;2
Myanmar;Sagaing;Naga Self-Administered Zone;MMR;NA;NA;June;2022;0;0
Myanmar;Shan-South;Langkho;MMR;MMR014D003;MMR014;June;2022;0;0
Myanmar;Shan-South;Loilen;MMR;MMR014D002;MMR014;June;2022;4;0
Myanmar;Chin;Falam;MMR;MMR004D001;MMR004;June;2022;8;9
Myanmar;Kayin;Hpapun;MMR;MMR003D004;MMR003;June;2022;2;2
Myanmar;Mandalay;Nyaung-U;MMR;MMR010D005;MMR010;June;2022;3;4
Myanmar;Mon;Thaton;MMR;MMR011D002;MMR011;June;2022;47;74
Myanmar;Rakhine;Sittwe;MMR;MMR012D001;MMR012;June;2022;7;0
Myanmar;Sagaing;Mawlaik;MMR;MMR005D007;MMR005;June;2022;8;50
Myanmar;Sagaing;Monywa;MMR;MMR005D003;MMR005;June;2022;49;139
Myanmar;Sagaing;Yinmarbin;MMR;MMR005D009;MMR005;June;2022;54;130
Myanmar;Shan-East;Tachileik;MMR;MMR016D003;MMR016;June;2022;1;0
Myanmar;Tanintharyi;Kawthoung;MMR;MMR006D003;MMR006;June;2022;0;0
Myanmar;Yangon;Yangon-West;MMR;MMR013D004;MMR013;June;2022;6;1
Myanmar;Ayeyarwady;Hinthada;MMR;MMR017D002;MMR017;June;2022;8;6
Myanmar;Bago-West;Thayarwady;MMR;MMR008D002;MMR008;June;2022;1;4
Myanmar;Kayah;Bawlake;MMR;MMR002D002;MMR002;June;2022;0;0
Myanmar;Mandalay;Pyinoolwin;MMR;MMR010D002;MMR010;June;2022;11;9
Myanmar;Mandalay;Yamethin;MMR;MMR010D006;MMR010;June;2022;0;0
Myanmar;Mon;Mawlamyine;MMR;MMR011D001;MMR011;June;2022;11;15
Myanmar;Nay Pyi Taw;Det Khi Na;MMR;MMR018D002;MMR018;June;2022;2;1
Myanmar;Sagaing;Kanbalu;MMR;MMR005D010;MMR005;June;2022;19;61
Myanmar;Shan-North;Lashio;MMR;MMR015D001;MMR015;June;2022;3;4
Myanmar;Shan-South;Danu Self-Administered Zone;MMR;NA;NA;June;2022;5;3
Myanmar;Tanintharyi;Myeik;MMR;MMR006D002;MMR006;June;2022;20;46
Myanmar;Ayeyarwady;Myaungmya;MMR;MMR017D003;MMR017;July;2022;0;0
Myanmar;Chin;Matupi;MMR;MMR004D004;MMR004;July;2022;8;16
Myanmar;Magway;Magway;MMR;MMR009D001;MMR009;July;2022;2;0
Myanmar;Magway;Minbu;MMR;MMR009D002;MMR009;July;2022;6;38
Myanmar;Sagaing;Hkamti;MMR;MMR005D008;MMR005;July;2022;2;4
Myanmar;Sagaing;Katha;MMR;MMR005D004;MMR005;July;2022;20;61
Myanmar;Sagaing;Shwebo;MMR;MMR005D002;MMR005;July;2022;95;190
Myanmar;Sagaing;Tamu;MMR;MMR005D006;MMR005;July;2022;10;8
Myanmar;Shan-North;Kyaukme;MMR;NA;NA;July;2022;7;2
Myanmar;Shan-North;Matman;MMR;MMR015D007;MMR015;July;2022;0;0
Myanmar;Shan-North;Pa Laung Self-Administered Zone;MMR;NA;NA;July;2022;1;0
Myanmar;Yangon;Yangon-East;MMR;MMR013D002;MMR013;July;2022;29;15
Myanmar;Ayeyarwady;Pathein;MMR;MMR017D001;MMR017;July;2022;1;0
Myanmar;Ayeyarwady;Pyapon;MMR;MMR017D006;MMR017;July;2022;3;0
Myanmar;Bago-East;Taungoo;MMR;MMR007D002;MMR007;July;2022;30;84
Myanmar;Kayah;Loikaw;MMR;MMR002D001;MMR002;July;2022;21;37
Myanmar;Kayin;Kawkareik;MMR;MMR003D003;MMR003;July;2022;16;22
Myanmar;Magway;Thayet;MMR;MMR009D003;MMR009;July;2022;5;4
Myanmar;Mandalay;Kyaukse;MMR;MMR010D003;MMR010;July;2022;4;3
Myanmar;Rakhine;Kyaukpyu;MMR;MMR012D003;MMR012;July;2022;3;2
Myanmar;Shan-East;Monghsat;MMR;MMR016D002;MMR016;July;2022;0;0
Myanmar;Shan-South;Pa-O Self-Administered Zone;MMR;NA;NA;July;2022;0;0
Myanmar;Shan-South;Taunggyi;MMR;MMR014D001;MMR014;July;2022;18;103
Myanmar;Tanintharyi;Dawei;MMR;MMR006D001;MMR006;July;2022;46;121
Myanmar;Yangon;Yangon-North;MMR;MMR013D001;MMR013;July;2022;21;15
Myanmar;Bago-West;Pyay;MMR;MMR008D001;MMR008;July;2022;4;4
Myanmar;Chin;Mindat;MMR;MMR004D002;MMR004;July;2022;10;12
Myanmar;Kachin;Bhamo;MMR;MMR001D003;MMR001;July;2022;10;42
Myanmar;Kachin;Myitkyina;MMR;MMR001D001;MMR001;July;2022;18;8
Myanmar;Magway;Gangaw;MMR;MMR009D005;MMR009;July;2022;25;48
Myanmar;Nay Pyi Taw;Oke Ta Ra;MMR;MMR018D001;MMR018;July;2022;0;0
Myanmar;Rakhine;Thandwe;MMR;MMR012D004;MMR012;July;2022;0;0
Myanmar;Shan-East;Kengtung;MMR;MMR016D001;MMR016;July;2022;0;0
Myanmar;Shan-North;Mongmit;MMR;MMR015D008;MMR015;July;2022;12;12
Myanmar;Yangon;Yangon-South;MMR;MMR013D003;MMR013;July;2022;6;3
Myanmar;Ayeyarwady;Labutta;MMR;MMR017D004;MMR017;July;2022;0;0
Myanmar;Ayeyarwady;Maubin;MMR;MMR017D005;MMR017;July;2022;0;0
Myanmar;Magway;Pakokku;MMR;MMR009D004;MMR009;July;2022;49;168
Myanmar;Mandalay;Myingyan;MMR;MMR010D004;MMR010;July;2022;10;20
Myanmar;Rakhine;Maungdaw;MMR;MMR012D002;MMR012;July;2022;2;10
Myanmar;Rakhine;Mrauk-U;MMR;MMR012D005;MMR012;July;2022;6;2
Myanmar;Shan-North;Hopang;MMR;MMR015D006;MMR015;July;2022;0;0
Myanmar;Shan-North;Kokang Self-Administered Zone;MMR;MMR015D221;MMR015;July;2022;0;0
Myanmar;Shan-North;Muse;MMR;MMR015D002;MMR015;July;2022;19;5
Myanmar;Sagaing;Kale;MMR;MMR005D005;MMR005;July;2022;28;118
Myanmar;Sagaing;Sagaing;MMR;MMR005D001;MMR005;July;2022;50;149
Myanmar;Bago-East;Bago;MMR;MMR007D001;MMR007;July;2022;2;1
Myanmar;Chin;Hakha;MMR;MMR004D003;MMR004;July;2022;5;7
Myanmar;Kachin;Mohnyin;MMR;MMR001D002;MMR001;July;2022;15;23
Myanmar;Kachin;Puta-O;MMR;MMR001D004;MMR001;July;2022;1;0
Myanmar;Kayin;Hpa-An;MMR;MMR003D001;MMR003;July;2022;6;41
Myanmar;Kayin;Myawaddy;MMR;MMR003D002;MMR003;July;2022;20;128
Myanmar;Mandalay;Mandalay;MMR;MMR010D001;MMR010;July;2022;29;4
Myanmar;Mandalay;Meiktila;MMR;MMR010D007;MMR010;July;2022;5;16
Myanmar;Sagaing;Kawlin;MMR;MMR005D011;MMR005;July;2022;16;40
Myanmar;Sagaing;Naga Self-Administered Zone;MMR;NA;NA;July;2022;0;0
Myanmar;Shan-South;Langkho;MMR;MMR014D003;MMR014;July;2022;0;0
Myanmar;Shan-South;Loilen;MMR;MMR014D002;MMR014;July;2022;8;3
Myanmar;Chin;Falam;MMR;MMR004D001;MMR004;July;2022;6;57
Myanmar;Kayin;Hpapun;MMR;MMR003D004;MMR003;July;2022;4;9
Myanmar;Mandalay;Nyaung-U;MMR;MMR010D005;MMR010;July;2022;0;0
Myanmar;Mon;Thaton;MMR;MMR011D002;MMR011;July;2022;35;52
Myanmar;Rakhine;Sittwe;MMR;MMR012D001;MMR012;July;2022;3;0
Myanmar;Sagaing;Mawlaik;MMR;MMR005D007;MMR005;July;2022;10;26
Myanmar;Sagaing;Monywa;MMR;MMR005D003;MMR005;July;2022;35;153
Myanmar;Sagaing;Yinmarbin;MMR;MMR005D009;MMR005;July;2022;34;91
Myanmar;Shan-East;Tachileik;MMR;MMR016D003;MMR016;July;2022;0;0
Myanmar;Tanintharyi;Kawthoung;MMR;MMR006D003;MMR006;July;2022;0;0
Myanmar;Yangon;Yangon-West;MMR;MMR013D004;MMR013;July;2022;17;5
Myanmar;Ayeyarwady;Hinthada;MMR;MMR017D002;MMR017;July;2022;3;12
Myanmar;Bago-West;Thayarwady;MMR;MMR008D002;MMR008;July;2022;8;12
Myanmar;Kayah;Bawlake;MMR;MMR002D002;MMR002;July;2022;2;1
Myanmar;Mandalay;Pyinoolwin;MMR;MMR010D002;MMR010;July;2022;7;11
Myanmar;Mandalay;Yamethin;MMR;MMR010D006;MMR010;July;2022;1;1
Myanmar;Mon;Mawlamyine;MMR;MMR011D001;MMR011;July;2022;28;37
Myanmar;Nay Pyi Taw;Det Khi Na;MMR;MMR018D002;MMR018;July;2022;0;0
Myanmar;Sagaing;Kanbalu;MMR;MMR005D010;MMR005;July;2022;9;25
Myanmar;Shan-North;Lashio;MMR;MMR015D001;MMR015;July;2022;0;0
Myanmar;Shan-South;Danu Self-Administered Zone;MMR;NA;NA;July;2022;6;15
Myanmar;Tanintharyi;Myeik;MMR;MMR006D002;MMR006;July;2022;15;24
Myanmar;Ayeyarwady;Myaungmya;MMR;MMR017D003;MMR017;August;2022;1;0
Myanmar;Chin;Matupi;MMR;MMR004D004;MMR004;August;2022;19;59
Myanmar;Magway;Magway;MMR;MMR009D001;MMR009;August;2022;6;23
Myanmar;Magway;Minbu;MMR;MMR009D002;MMR009;August;2022;0;0
Myanmar;Sagaing;Hkamti;MMR;MMR005D008;MMR005;August;2022;4;12
Myanmar;Sagaing;Katha;MMR;MMR005D004;MMR005;August;2022;44;114
Myanmar;Sagaing;Shwebo;MMR;MMR005D002;MMR005;August;2022;69;257
Myanmar;Sagaing;Tamu;MMR;MMR005D006;MMR005;August;2022;5;4
Myanmar;Shan-North;Kyaukme;MMR;NA;NA;August;2022;11;7
Myanmar;Shan-North;Matman;MMR;MMR015D007;MMR015;August;2022;0;0
Myanmar;Shan-North;Pa Laung Self-Administered Zone;MMR;NA;NA;August;2022;5;3
Myanmar;Yangon;Yangon-East;MMR;MMR013D002;MMR013;August;2022;33;9
Myanmar;Ayeyarwady;Pathein;MMR;MMR017D001;MMR017;August;2022;1;0
Myanmar;Ayeyarwady;Pyapon;MMR;MMR017D006;MMR017;August;2022;3;2
Myanmar;Bago-East;Taungoo;MMR;MMR007D002;MMR007;August;2022;19;27
Myanmar;Kayah;Loikaw;MMR;MMR002D001;MMR002;August;2022;53;87
Myanmar;Kayin;Kawkareik;MMR;MMR003D003;MMR003;August;2022;17;9
Myanmar;Magway;Thayet;MMR;MMR009D003;MMR009;August;2022;6;5
Myanmar;Mandalay;Kyaukse;MMR;MMR010D003;MMR010;August;2022;0;0
Myanmar;Rakhine;Kyaukpyu;MMR;MMR012D003;MMR012;August;2022;0;0
Myanmar;Shan-East;Monghsat;MMR;MMR016D002;MMR016;August;2022;0;0
Myanmar;Shan-South;Pa-O Self-Administered Zone;MMR;NA;NA;August;2022;2;0
Myanmar;Shan-South;Taunggyi;MMR;MMR014D001;MMR014;August;2022;7;2
Myanmar;Tanintharyi;Dawei;MMR;MMR006D001;MMR006;August;2022;36;35
Myanmar;Yangon;Yangon-North;MMR;MMR013D001;MMR013;August;2022;22;8
Myanmar;Bago-West;Pyay;MMR;MMR008D001;MMR008;August;2022;4;3
Myanmar;Chin;Mindat;MMR;MMR004D002;MMR004;August;2022;1;0
Myanmar;Kachin;Bhamo;MMR;MMR001D003;MMR001;August;2022;6;9
Myanmar;Kachin;Myitkyina;MMR;MMR001D001;MMR001;August;2022;7;17
Myanmar;Magway;Gangaw;MMR;MMR009D005;MMR009;August;2022;27;28
Myanmar;Nay Pyi Taw;Oke Ta Ra;MMR;MMR018D001;MMR018;August;2022;0;0
Myanmar;Rakhine;Thandwe;MMR;MMR012D004;MMR012;August;2022;2;10
Myanmar;Shan-East;Kengtung;MMR;MMR016D001;MMR016;August;2022;0;0
Myanmar;Shan-North;Mongmit;MMR;MMR015D008;MMR015;August;2022;1;0
Myanmar;Yangon;Yangon-South;MMR;MMR013D003;MMR013;August;2022;17;24
Myanmar;Ayeyarwady;Labutta;MMR;MMR017D004;MMR017;August;2022;0;0
Myanmar;Ayeyarwady;Maubin;MMR;MMR017D005;MMR017;August;2022;0;0
Myanmar;Magway;Pakokku;MMR;MMR009D004;MMR009;August;2022;48;186
Myanmar;Mandalay;Myingyan;MMR;MMR010D004;MMR010;August;2022;9;5
Myanmar;Rakhine;Maungdaw;MMR;MMR012D002;MMR012;August;2022;22;32
Myanmar;Rakhine;Mrauk-U;MMR;MMR012D005;MMR012;August;2022;9;23
Myanmar;Shan-North;Hopang;MMR;MMR015D006;MMR015;August;2022;0;0
Myanmar;Shan-North;Kokang Self-Administered Zone;MMR;MMR015D221;MMR015;August;2022;0;0
Myanmar;Shan-North;Muse;MMR;MMR015D002;MMR015;August;2022;23;7
Myanmar;Sagaing;Kale;MMR;MMR005D005;MMR005;August;2022;38;162
Myanmar;Sagaing;Sagaing;MMR;MMR005D001;MMR005;August;2022;36;69
Myanmar;Bago-East;Bago;MMR;MMR007D001;MMR007;August;2022;2;2
Myanmar;Chin;Hakha;MMR;MMR004D003;MMR004;August;2022;18;49
Myanmar;Kachin;Mohnyin;MMR;MMR001D002;MMR001;August;2022;21;38
Myanmar;Kachin;Puta-O;MMR;MMR001D004;MMR001;August;2022;0;0
Myanmar;Kayin;Hpa-An;MMR;MMR003D001;MMR003;August;2022;4;4
Myanmar;Kayin;Myawaddy;MMR;MMR003D002;MMR003;August;2022;13;62
Myanmar;Mandalay;Mandalay;MMR;MMR010D001;MMR010;August;2022;27;19
Myanmar;Mandalay;Meiktila;MMR;MMR010D007;MMR010;August;2022;4;7
Myanmar;Sagaing;Kawlin;MMR;MMR005D011;MMR005;August;2022;8;83
Myanmar;Sagaing;Naga Self-Administered Zone;MMR;NA;NA;August;2022;0;0
Myanmar;Shan-South;Langkho;MMR;MMR014D003;MMR014;August;2022;0;0
Myanmar;Shan-South;Loilen;MMR;MMR014D002;MMR014;August;2022;4;3
Myanmar;Chin;Falam;MMR;MMR004D001;MMR004;August;2022;4;8
Myanmar;Kayin;Hpapun;MMR;MMR003D004;MMR003;August;2022;11;15
Myanmar;Mandalay;Nyaung-U;MMR;MMR010D005;MMR010;August;2022;2;8
Myanmar;Mon;Thaton;MMR;MMR011D002;MMR011;August;2022;15;45
Myanmar;Rakhine;Sittwe;MMR;MMR012D001;MMR012;August;2022;7;35
Myanmar;Sagaing;Mawlaik;MMR;MMR005D007;MMR005;August;2022;10;25
Myanmar;Sagaing;Monywa;MMR;MMR005D003;MMR005;August;2022;52;201
Myanmar;Sagaing;Yinmarbin;MMR;MMR005D009;MMR005;August;2022;66;196
Myanmar;Shan-East;Tachileik;MMR;MMR016D003;MMR016;August;2022;0;0
Myanmar;Tanintharyi;Kawthoung;MMR;MMR006D003;MMR006;August;2022;4;4
Myanmar;Yangon;Yangon-West;MMR;MMR013D004;MMR013;August;2022;12;6
Myanmar;Ayeyarwady;Hinthada;MMR;MMR017D002;MMR017;August;2022;3;3
Myanmar;Bago-West;Thayarwady;MMR;MMR008D002;MMR008;August;2022;10;8
Myanmar;Kayah;Bawlake;MMR;MMR002D002;MMR002;August;2022;3;6
Myanmar;Mandalay;Pyinoolwin;MMR;MMR010D002;MMR010;August;2022;14;28
Myanmar;Mandalay;Yamethin;MMR;MMR010D006;MMR010;August;2022;0;0
Myanmar;Mon;Mawlamyine;MMR;MMR011D001;MMR011;August;2022;13;24
Myanmar;Nay Pyi Taw;Det Khi Na;MMR;MMR018D002;MMR018;August;2022;2;1
Myanmar;Sagaing;Kanbalu;MMR;MMR005D010;MMR005;August;2022;24;56
Myanmar;Shan-North;Lashio;MMR;MMR015D001;MMR015;August;2022;0;0
Myanmar;Shan-South;Danu Self-Administered Zone;MMR;NA;NA;August;2022;1;3
Myanmar;Tanintharyi;Myeik;MMR;MMR006D002;MMR006;August;2022;15;20
Myanmar;Ayeyarwady;Myaungmya;MMR;MMR017D003;MMR017;September;2022;2;0
Myanmar;Chin;Matupi;MMR;MMR004D004;MMR004;September;2022;17;32
Myanmar;Magway;Magway;MMR;MMR009D001;MMR009;September;2022;0;0
Myanmar;Magway;Minbu;MMR;MMR009D002;MMR009;September;2022;3;5
Myanmar;Sagaing;Hkamti;MMR;MMR005D008;MMR005;September;2022;0;0
Myanmar;Sagaing;Katha;MMR;MMR005D004;MMR005;September;2022;45;79
Myanmar;Sagaing;Shwebo;MMR;MMR005D002;MMR005;September;2022;77;233
Myanmar;Sagaing;Tamu;MMR;MMR005D006;MMR005;September;2022;9;63
Myanmar;Shan-North;Kyaukme;MMR;NA;NA;September;2022;14;1
Myanmar;Shan-North;Matman;MMR;MMR015D007;MMR015;September;2022;0;0
Myanmar;Shan-North;Pa Laung Self-Administered Zone;MMR;NA;NA;September;2022;4;0
Myanmar;Yangon;Yangon-East;MMR;MMR013D002;MMR013;September;2022;30;16
Myanmar;Ayeyarwady;Pathein;MMR;MMR017D001;MMR017;September;2022;4;3
Myanmar;Ayeyarwady;Pyapon;MMR;MMR017D006;MMR017;September;2022;1;0
Myanmar;Bago-East;Taungoo;MMR;MMR007D002;MMR007;September;2022;16;13
Myanmar;Kayah;Loikaw;MMR;MMR002D001;MMR002;September;2022;29;49
Myanmar;Kayin;Kawkareik;MMR;MMR003D003;MMR003;September;2022;15;32
Myanmar;Magway;Thayet;MMR;MMR009D003;MMR009;September;2022;3;11
Myanmar;Mandalay;Kyaukse;MMR;MMR010D003;MMR010;September;2022;3;2
Myanmar;Rakhine;Kyaukpyu;MMR;MMR012D003;MMR012;September;2022;3;1
Myanmar;Shan-East;Monghsat;MMR;MMR016D002;MMR016;September;2022;0;0
Myanmar;Shan-South;Pa-O Self-Administered Zone;MMR;NA;NA;September;2022;3;25
Myanmar;Shan-South;Taunggyi;MMR;MMR014D001;MMR014;September;2022;23;83
Myanmar;Tanintharyi;Dawei;MMR;MMR006D001;MMR006;September;2022;37;92
Myanmar;Yangon;Yangon-North;MMR;MMR013D001;MMR013;September;2022;25;5
Myanmar;Bago-West;Pyay;MMR;MMR008D001;MMR008;September;2022;3;6
Myanmar;Chin;Mindat;MMR;MMR004D002;MMR004;September;2022;6;8
Myanmar;Kachin;Bhamo;MMR;MMR001D003;MMR001;September;2022;3;31
Myanmar;Kachin;Myitkyina;MMR;MMR001D001;MMR001;September;2022;12;7
Myanmar;Magway;Gangaw;MMR;MMR009D005;MMR009;September;2022;16;18
Myanmar;Nay Pyi Taw;Oke Ta Ra;MMR;MMR018D001;MMR018;September;2022;0;0
Myanmar;Rakhine;Thandwe;MMR;MMR012D004;MMR012;September;2022;1;3
Myanmar;Shan-East;Kengtung;MMR;MMR016D001;MMR016;September;2022;0;0
Myanmar;Shan-North;Mongmit;MMR;MMR015D008;MMR015;September;2022;6;9
Myanmar;Yangon;Yangon-South;MMR;MMR013D003;MMR013;September;2022;10;8
Myanmar;Ayeyarwady;Labutta;MMR;MMR017D004;MMR017;September;2022;0;0
Myanmar;Ayeyarwady;Maubin;MMR;MMR017D005;MMR017;September;2022;0;0
Myanmar;Magway;Pakokku;MMR;MMR009D004;MMR009;September;2022;55;69
Myanmar;Mandalay;Myingyan;MMR;MMR010D004;MMR010;September;2022;14;16
Myanmar;Rakhine;Maungdaw;MMR;MMR012D002;MMR012;September;2022;37;50
Myanmar;Rakhine;Mrauk-U;MMR;MMR012D005;MMR012;September;2022;27;24
Myanmar;Shan-North;Hopang;MMR;MMR015D006;MMR015;September;2022;0;0
Myanmar;Shan-North;Kokang Self-Administered Zone;MMR;MMR015D221;MMR015;September;2022;0;0
Myanmar;Shan-North;Muse;MMR;MMR015D002;MMR015;September;2022;18;7
Myanmar;Sagaing;Kale;MMR;MMR005D005;MMR005;September;2022;30;40
Myanmar;Sagaing;Sagaing;MMR;MMR005D001;MMR005;September;2022;54;99
Myanmar;Bago-East;Bago;MMR;MMR007D001;MMR007;September;2022;7;6
Myanmar;Chin;Hakha;MMR;MMR004D003;MMR004;September;2022;2;1
Myanmar;Kachin;Mohnyin;MMR;MMR001D002;MMR001;September;2022;14;16
Myanmar;Kachin;Puta-O;MMR;MMR001D004;MMR001;September;2022;0;0
Myanmar;Kayin;Hpa-An;MMR;MMR003D001;MMR003;September;2022;3;1
Myanmar;Kayin;Myawaddy;MMR;MMR003D002;MMR003;September;2022;26;44
Myanmar;Mandalay;Mandalay;MMR;MMR010D001;MMR010;September;2022;18;14
Myanmar;Mandalay;Meiktila;MMR;MMR010D007;MMR010;September;2022;5;4
Myanmar;Sagaing;Kawlin;MMR;MMR005D011;MMR005;September;2022;11;17
Myanmar;Sagaing;Naga Self-Administered Zone;MMR;NA;NA;September;2022;0;0
Myanmar;Shan-South;Langkho;MMR;MMR014D003;MMR014;September;2022;0;0
Myanmar;Shan-South;Loilen;MMR;MMR014D002;MMR014;September;2022;8;0
Myanmar;Chin;Falam;MMR;MMR004D001;MMR004;September;2022;1;1
Myanmar;Kayin;Hpapun;MMR;MMR003D004;MMR003;September;2022;22;30
Myanmar;Mandalay;Nyaung-U;MMR;MMR010D005;MMR010;September;2022;1;1
Myanmar;Mon;Thaton;MMR;MMR011D002;MMR011;September;2022;20;15
Myanmar;Rakhine;Sittwe;MMR;MMR012D001;MMR012;September;2022;9;6
Myanmar;Sagaing;Mawlaik;MMR;MMR005D007;MMR005;September;2022;2;9
Myanmar;Sagaing;Monywa;MMR;MMR005D003;MMR005;September;2022;55;148
Myanmar;Sagaing;Yinmarbin;MMR;MMR005D009;MMR005;September;2022;20;35
Myanmar;Shan-East;Tachileik;MMR;MMR016D003;MMR016;September;2022;0;0
Myanmar;Tanintharyi;Kawthoung;MMR;MMR006D003;MMR006;September;2022;5;5
Myanmar;Yangon;Yangon-West;MMR;MMR013D004;MMR013;September;2022;20;5
Myanmar;Ayeyarwady;Hinthada;MMR;MMR017D002;MMR017;September;2022;0;0
Myanmar;Bago-West;Thayarwady;MMR;MMR008D002;MMR008;September;2022;5;9
Myanmar;Kayah;Bawlake;MMR;MMR002D002;MMR002;September;2022;1;3
Myanmar;Mandalay;Pyinoolwin;MMR;MMR010D002;MMR010;September;2022;11;73
Myanmar;Mandalay;Yamethin;MMR;MMR010D006;MMR010;September;2022;1;1
Myanmar;Mon;Mawlamyine;MMR;MMR011D001;MMR011;September;2022;23;38
Myanmar;Nay Pyi Taw;Det Khi Na;MMR;MMR018D002;MMR018;September;2022;0;0
Myanmar;Sagaing;Kanbalu;MMR;MMR005D010;MMR005;September;2022;12;15
Myanmar;Shan-North;Lashio;MMR;MMR015D001;MMR015;September;2022;5;0
Myanmar;Shan-South;Danu Self-Administered Zone;MMR;NA;NA;September;2022;0;0
Myanmar;Tanintharyi;Myeik;MMR;MMR006D002;MMR006;September;2022;20;38
Myanmar;Ayeyarwady;Myaungmya;MMR;MMR017D003;MMR017;October;2022;1;0
Myanmar;Chin;Matupi;MMR;MMR004D004;MMR004;October;2022;8;5
Myanmar;Magway;Magway;MMR;MMR009D001;MMR009;October;2022;10;9
Myanmar;Magway;Minbu;MMR;MMR009D002;MMR009;October;2022;4;3
Myanmar;Sagaing;Hkamti;MMR;MMR005D008;MMR005;October;2022;2;3
Myanmar;Sagaing;Katha;MMR;MMR005D004;MMR005;October;2022;39;24
Myanmar;Sagaing;Shwebo;MMR;MMR005D002;MMR005;October;2022;62;130
Myanmar;Sagaing;Tamu;MMR;MMR005D006;MMR005;October;2022;4;0
Myanmar;Shan-North;Kyaukme;MMR;NA;NA;October;2022;9;0
Myanmar;Shan-North;Matman;MMR;MMR015D007;MMR015;October;2022;0;0
Myanmar;Shan-North;Pa Laung Self-Administered Zone;MMR;NA;NA;October;2022;4;0
Myanmar;Yangon;Yangon-East;MMR;MMR013D002;MMR013;October;2022;18;2
Myanmar;Ayeyarwady;Pathein;MMR;MMR017D001;MMR017;October;2022;2;0
Myanmar;Ayeyarwady;Pyapon;MMR;MMR017D006;MMR017;October;2022;1;0
Myanmar;Bago-East;Taungoo;MMR;MMR007D002;MMR007;October;2022;12;7
Myanmar;Kayah;Loikaw;MMR;MMR002D001;MMR002;October;2022;16;20
Myanmar;Kayin;Kawkareik;MMR;MMR003D003;MMR003;October;2022;28;53
Myanmar;Magway;Thayet;MMR;MMR009D003;MMR009;October;2022;1;2
Myanmar;Mandalay;Kyaukse;MMR;MMR010D003;MMR010;October;2022;5;6
Myanmar;Rakhine;Kyaukpyu;MMR;MMR012D003;MMR012;October;2022;11;2
Myanmar;Shan-East;Monghsat;MMR;MMR016D002;MMR016;October;2022;1;0
Myanmar;Shan-South;Pa-O Self-Administered Zone;MMR;NA;NA;October;2022;1;0
Myanmar;Shan-South;Taunggyi;MMR;MMR014D001;MMR014;October;2022;16;8
Myanmar;Tanintharyi;Dawei;MMR;MMR006D001;MMR006;October;2022;33;53
Myanmar;Yangon;Yangon-North;MMR;MMR013D001;MMR013;October;2022;17;12
Myanmar;Bago-West;Pyay;MMR;MMR008D001;MMR008;October;2022;12;16
Myanmar;Chin;Mindat;MMR;MMR004D002;MMR004;October;2022;7;6
Myanmar;Kachin;Bhamo;MMR;MMR001D003;MMR001;October;2022;24;89
Myanmar;Kachin;Myitkyina;MMR;MMR001D001;MMR001;October;2022;5;9
Myanmar;Magway;Gangaw;MMR;MMR009D005;MMR009;October;2022;15;53
Myanmar;Nay Pyi Taw;Oke Ta Ra;MMR;MMR018D001;MMR018;October;2022;0;0
Myanmar;Rakhine;Thandwe;MMR;MMR012D004;MMR012;October;2022;2;16
Myanmar;Shan-East;Kengtung;MMR;MMR016D001;MMR016;October;2022;1;0
Myanmar;Shan-North;Mongmit;MMR;MMR015D008;MMR015;October;2022;0;0
Myanmar;Yangon;Yangon-South;MMR;MMR013D003;MMR013;October;2022;8;4
Myanmar;Ayeyarwady;Labutta;MMR;MMR017D004;MMR017;October;2022;1;1
Myanmar;Ayeyarwady;Maubin;MMR;MMR017D005;MMR017;October;2022;0;0
Myanmar;Magway;Pakokku;MMR;MMR009D004;MMR009;October;2022;47;111
Myanmar;Mandalay;Myingyan;MMR;MMR010D004;MMR010;October;2022;24;68
Myanmar;Rakhine;Maungdaw;MMR;MMR012D002;MMR012;October;2022;27;61
Myanmar;Rakhine;Mrauk-U;MMR;MMR012D005;MMR012;October;2022;38;22
Myanmar;Shan-North;Hopang;MMR;MMR015D006;MMR015;October;2022;0;0
Myanmar;Shan-North;Kokang Self-Administered Zone;MMR;MMR015D221;MMR015;October;2022;0;0
Myanmar;Shan-North;Muse;MMR;MMR015D002;MMR015;October;2022;14;14
Myanmar;Sagaing;Kale;MMR;MMR005D005;MMR005;October;2022;19;24
Myanmar;Sagaing;Sagaing;MMR;MMR005D001;MMR005;October;2022;51;89
Myanmar;Bago-East;Bago;MMR;MMR007D001;MMR007;October;2022;7;6
Myanmar;Chin;Hakha;MMR;MMR004D003;MMR004;October;2022;7;19
Myanmar;Kachin;Mohnyin;MMR;MMR001D002;MMR001;October;2022;15;83
Myanmar;Kachin;Puta-O;MMR;MMR001D004;MMR001;October;2022;0;0
Myanmar;Kayin;Hpa-An;MMR;MMR003D001;MMR003;October;2022;6;11
Myanmar;Kayin;Myawaddy;MMR;MMR003D002;MMR003;October;2022;20;22
Myanmar;Mandalay;Mandalay;MMR;MMR010D001;MMR010;October;2022;18;13
Myanmar;Mandalay;Meiktila;MMR;MMR010D007;MMR010;October;2022;6;11
Myanmar;Sagaing;Kawlin;MMR;MMR005D011;MMR005;October;2022;3;4
Myanmar;Sagaing;Naga Self-Administered Zone;MMR;NA;NA;October;2022;0;0
Myanmar;Shan-South;Langkho;MMR;MMR014D003;MMR014;October;2022;2;0
Myanmar;Shan-South;Loilen;MMR;MMR014D002;MMR014;October;2022;4;0
Myanmar;Chin;Falam;MMR;MMR004D001;MMR004;October;2022;10;9
Myanmar;Kayin;Hpapun;MMR;MMR003D004;MMR003;October;2022;15;28
Myanmar;Mandalay;Nyaung-U;MMR;MMR010D005;MMR010;October;2022;7;20
Myanmar;Mon;Thaton;MMR;MMR011D002;MMR011;October;2022;22;39
Myanmar;Rakhine;Sittwe;MMR;MMR012D001;MMR012;October;2022;25;4
Myanmar;Sagaing;Mawlaik;MMR;MMR005D007;MMR005;October;2022;0;0
Myanmar;Sagaing;Monywa;MMR;MMR005D003;MMR005;October;2022;70;171
Myanmar;Sagaing;Yinmarbin;MMR;MMR005D009;MMR005;October;2022;35;110
Myanmar;Shan-East;Tachileik;MMR;MMR016D003;MMR016;October;2022;0;0
Myanmar;Tanintharyi;Kawthoung;MMR;MMR006D003;MMR006;October;2022;6;3
Myanmar;Yangon;Yangon-West;MMR;MMR013D004;MMR013;October;2022;17;7
Myanmar;Ayeyarwady;Hinthada;MMR;MMR017D002;MMR017;October;2022;4;4
Myanmar;Bago-West;Thayarwady;MMR;MMR008D002;MMR008;October;2022;11;26
Myanmar;Kayah;Bawlake;MMR;MMR002D002;MMR002;October;2022;1;7
Myanmar;Mandalay;Pyinoolwin;MMR;MMR010D002;MMR010;October;2022;23;91
Myanmar;Mandalay;Yamethin;MMR;MMR010D006;MMR010;October;2022;1;1
Myanmar;Mon;Mawlamyine;MMR;MMR011D001;MMR011;October;2022;20;39
Myanmar;Nay Pyi Taw;Det Khi Na;MMR;MMR018D002;MMR018;October;2022;0;0
Myanmar;Sagaing;Kanbalu;MMR;MMR005D010;MMR005;October;2022;22;49
Myanmar;Shan-North;Lashio;MMR;MMR015D001;MMR015;October;2022;3;2
Myanmar;Shan-South;Danu Self-Administered Zone;MMR;NA;NA;October;2022;0;0
Myanmar;Tanintharyi;Myeik;MMR;MMR006D002;MMR006;October;2022;32;52
Myanmar;Ayeyarwady;Myaungmya;MMR;MMR017D003;MMR017;November;2022;0;0
Myanmar;Chin;Matupi;MMR;MMR004D004;MMR004;November;2022;5;5
Myanmar;Magway;Magway;MMR;MMR009D001;MMR009;November;2022;6;11
Myanmar;Magway;Minbu;MMR;MMR009D002;MMR009;November;2022;1;2
Myanmar;Sagaing;Hkamti;MMR;MMR005D008;MMR005;November;2022;3;30
Myanmar;Sagaing;Katha;MMR;MMR005D004;MMR005;November;2022;38;70
Myanmar;Sagaing;Shwebo;MMR;MMR005D002;MMR005;November;2022;104;295
Myanmar;Sagaing;Tamu;MMR;MMR005D006;MMR005;November;2022;4;13
Myanmar;Shan-North;Kyaukme;MMR;NA;NA;November;2022;7;11
Myanmar;Shan-North;Matman;MMR;MMR015D007;MMR015;November;2022;1;0
Myanmar;Shan-North;Pa Laung Self-Administered Zone;MMR;NA;NA;November;2022;0;0
Myanmar;Yangon;Yangon-East;MMR;MMR013D002;MMR013;November;2022;17;2
Myanmar;Ayeyarwady;Pathein;MMR;MMR017D001;MMR017;November;2022;3;0
Myanmar;Ayeyarwady;Pyapon;MMR;MMR017D006;MMR017;November;2022;3;0
Myanmar;Bago-East;Taungoo;MMR;MMR007D002;MMR007;November;2022;9;16
Myanmar;Kayah;Loikaw;MMR;MMR002D001;MMR002;November;2022;36;47
Myanmar;Kayin;Kawkareik;MMR;MMR003D003;MMR003;November;2022;12;33
Myanmar;Magway;Thayet;MMR;MMR009D003;MMR009;November;2022;0;0
Myanmar;Mandalay;Kyaukse;MMR;MMR010D003;MMR010;November;2022;0;0
Myanmar;Rakhine;Kyaukpyu;MMR;MMR012D003;MMR012;November;2022;5;4
Myanmar;Shan-East;Monghsat;MMR;MMR016D002;MMR016;November;2022;0;0
Myanmar;Shan-South;Pa-O Self-Administered Zone;MMR;NA;NA;November;2022;0;0
Myanmar;Shan-South;Taunggyi;MMR;MMR014D001;MMR014;November;2022;10;1
Myanmar;Tanintharyi;Dawei;MMR;MMR006D001;MMR006;November;2022;36;55
Myanmar;Yangon;Yangon-North;MMR;MMR013D001;MMR013;November;2022;12;0
Myanmar;Bago-West;Pyay;MMR;MMR008D001;MMR008;November;2022;5;7
Myanmar;Chin;Mindat;MMR;MMR004D002;MMR004;November;2022;4;5
Myanmar;Kachin;Bhamo;MMR;MMR001D003;MMR001;November;2022;11;0
Myanmar;Kachin;Myitkyina;MMR;MMR001D001;MMR001;November;2022;6;13
Myanmar;Magway;Gangaw;MMR;MMR009D005;MMR009;November;2022;16;31
Myanmar;Nay Pyi Taw;Oke Ta Ra;MMR;MMR018D001;MMR018;November;2022;0;0
Myanmar;Rakhine;Thandwe;MMR;MMR012D004;MMR012;November;2022;1;3
Myanmar;Shan-East;Kengtung;MMR;MMR016D001;MMR016;November;2022;0;0
Myanmar;Shan-North;Mongmit;MMR;MMR015D008;MMR015;November;2022;2;0
Myanmar;Yangon;Yangon-South;MMR;MMR013D003;MMR013;November;2022;11;11
Myanmar;Ayeyarwady;Labutta;MMR;MMR017D004;MMR017;November;2022;1;0
Myanmar;Ayeyarwady;Maubin;MMR;MMR017D005;MMR017;November;2022;0;0
Myanmar;Magway;Pakokku;MMR;MMR009D004;MMR009;November;2022;72;191
Myanmar;Mandalay;Myingyan;MMR;MMR010D004;MMR010;November;2022;23;61
Myanmar;Rakhine;Maungdaw;MMR;MMR012D002;MMR012;November;2022;21;33
Myanmar;Rakhine;Mrauk-U;MMR;MMR012D005;MMR012;November;2022;27;14
Myanmar;Shan-North;Hopang;MMR;MMR015D006;MMR015;November;2022;0;0
Myanmar;Shan-North;Kokang Self-Administered Zone;MMR;MMR015D221;MMR015;November;2022;4;12
Myanmar;Shan-North;Muse;MMR;MMR015D002;MMR015;November;2022;18;17
Myanmar;Sagaing;Kale;MMR;MMR005D005;MMR005;November;2022;19;17
Myanmar;Sagaing;Sagaing;MMR;MMR005D001;MMR005;November;2022;47;104
Myanmar;Bago-East;Bago;MMR;MMR007D001;MMR007;November;2022;7;11
Myanmar;Chin;Hakha;MMR;MMR004D003;MMR004;November;2022;6;7
Myanmar;Kachin;Mohnyin;MMR;MMR001D002;MMR001;November;2022;32;26
Myanmar;Kachin;Puta-O;MMR;MMR001D004;MMR001;November;2022;0;0
Myanmar;Kayin;Hpa-An;MMR;MMR003D001;MMR003;November;2022;8;24
Myanmar;Kayin;Myawaddy;MMR;MMR003D002;MMR003;November;2022;13;18
Myanmar;Mandalay;Mandalay;MMR;MMR010D001;MMR010;November;2022;21;21
Myanmar;Mandalay;Meiktila;MMR;MMR010D007;MMR010;November;2022;1;1
Myanmar;Sagaing;Kawlin;MMR;MMR005D011;MMR005;November;2022;8;7
Myanmar;Sagaing;Naga Self-Administered Zone;MMR;NA;NA;November;2022;0;0
Myanmar;Shan-South;Langkho;MMR;MMR014D003;MMR014;November;2022;0;0
Myanmar;Shan-South;Loilen;MMR;MMR014D002;MMR014;November;2022;1;0
Myanmar;Chin;Falam;MMR;MMR004D001;MMR004;November;2022;11;39
Myanmar;Kayin;Hpapun;MMR;MMR003D004;MMR003;November;2022;11;14
Myanmar;Mandalay;Nyaung-U;MMR;MMR010D005;MMR010;November;2022;1;1
Myanmar;Mon;Thaton;MMR;MMR011D002;MMR011;November;2022;30;34
Myanmar;Rakhine;Sittwe;MMR;MMR012D001;MMR012;November;2022;28;27
Myanmar;Sagaing;Mawlaik;MMR;MMR005D007;MMR005;November;2022;3;11
Myanmar;Sagaing;Monywa;MMR;MMR005D003;MMR005;November;2022;56;158
Myanmar;Sagaing;Yinmarbin;MMR;MMR005D009;MMR005;November;2022;20;37
Myanmar;Shan-East;Tachileik;MMR;MMR016D003;MMR016;November;2022;0;0
Myanmar;Tanintharyi;Kawthoung;MMR;MMR006D003;MMR006;November;2022;8;2
Myanmar;Yangon;Yangon-West;MMR;MMR013D004;MMR013;November;2022;8;4
Myanmar;Ayeyarwady;Hinthada;MMR;MMR017D002;MMR017;November;2022;3;0
Myanmar;Bago-West;Thayarwady;MMR;MMR008D002;MMR008;November;2022;7;7
Myanmar;Kayah;Bawlake;MMR;MMR002D002;MMR002;November;2022;2;1
Myanmar;Mandalay;Pyinoolwin;MMR;MMR010D002;MMR010;November;2022;26;67
Myanmar;Mandalay;Yamethin;MMR;MMR010D006;MMR010;November;2022;1;0
Myanmar;Mon;Mawlamyine;MMR;MMR011D001;MMR011;November;2022;28;59
Myanmar;Nay Pyi Taw;Det Khi Na;MMR;MMR018D002;MMR018;November;2022;0;0
Myanmar;Sagaing;Kanbalu;MMR;MMR005D010;MMR005;November;2022;23;82
Myanmar;Shan-North;Lashio;MMR;MMR015D001;MMR015;November;2022;9;21
Myanmar;Shan-South;Danu Self-Administered Zone;MMR;NA;NA;November;2022;1;0
Myanmar;Tanintharyi;Myeik;MMR;MMR006D002;MMR006;November;2022;44;137
Myanmar;Ayeyarwady;Myaungmya;MMR;MMR017D003;MMR017;December;2022;0;0
Myanmar;Chin;Matupi;MMR;MMR004D004;MMR004;December;2022;1;2
Myanmar;Magway;Magway;MMR;MMR009D001;MMR009;December;2022;4;14
Myanmar;Magway;Minbu;MMR;MMR009D002;MMR009;December;2022;4;1
Myanmar;Sagaing;Hkamti;MMR;MMR005D008;MMR005;December;2022;0;0
Myanmar;Sagaing;Katha;MMR;MMR005D004;MMR005;December;2022;22;96
Myanmar;Sagaing;Shwebo;MMR;MMR005D002;MMR005;December;2022;65;111
Myanmar;Sagaing;Tamu;MMR;MMR005D006;MMR005;December;2022;4;11
Myanmar;Shan-North;Kyaukme;MMR;NA;NA;December;2022;1;8
Myanmar;Shan-North;Matman;MMR;MMR015D007;MMR015;December;2022;0;0
Myanmar;Shan-North;Pa Laung Self-Administered Zone;MMR;NA;NA;December;2022;12;49
Myanmar;Yangon;Yangon-East;MMR;MMR013D002;MMR013;December;2022;18;2
Myanmar;Ayeyarwady;Pathein;MMR;MMR017D001;MMR017;December;2022;2;0
Myanmar;Ayeyarwady;Pyapon;MMR;MMR017D006;MMR017;December;2022;2;0
Myanmar;Bago-East;Taungoo;MMR;MMR007D002;MMR007;December;2022;16;30
Myanmar;Kayah;Loikaw;MMR;MMR002D001;MMR002;December;2022;17;37
Myanmar;Kayin;Kawkareik;MMR;MMR003D003;MMR003;December;2022;47;41
Myanmar;Magway;Thayet;MMR;MMR009D003;MMR009;December;2022;5;7
Myanmar;Mandalay;Kyaukse;MMR;MMR010D003;MMR010;December;2022;4;8
Myanmar;Rakhine;Kyaukpyu;MMR;MMR012D003;MMR012;December;2022;0;0
Myanmar;Shan-East;Monghsat;MMR;MMR016D002;MMR016;December;2022;0;0
Myanmar;Shan-South;Pa-O Self-Administered Zone;MMR;NA;NA;December;2022;1;0
Myanmar;Shan-South;Taunggyi;MMR;MMR014D001;MMR014;December;2022;5;2
Myanmar;Tanintharyi;Dawei;MMR;MMR006D001;MMR006;December;2022;37;48
Myanmar;Yangon;Yangon-North;MMR;MMR013D001;MMR013;December;2022;12;29
Myanmar;Bago-West;Pyay;MMR;MMR008D001;MMR008;December;2022;2;1
Myanmar;Chin;Mindat;MMR;MMR004D002;MMR004;December;2022;3;3
Myanmar;Kachin;Bhamo;MMR;MMR001D003;MMR001;December;2022;5;1
Myanmar;Kachin;Myitkyina;MMR;MMR001D001;MMR001;December;2022;7;5
Myanmar;Magway;Gangaw;MMR;MMR009D005;MMR009;December;2022;14;27
Myanmar;Nay Pyi Taw;Oke Ta Ra;MMR;MMR018D001;MMR018;December;2022;3;3
Myanmar;Rakhine;Thandwe;MMR;MMR012D004;MMR012;December;2022;1;0
Myanmar;Shan-East;Kengtung;MMR;MMR016D001;MMR016;December;2022;0;0
Myanmar;Shan-North;Mongmit;MMR;MMR015D008;MMR015;December;2022;11;1
Myanmar;Yangon;Yangon-South;MMR;MMR013D003;MMR013;December;2022;1;0
Myanmar;Ayeyarwady;Labutta;MMR;MMR017D004;MMR017;December;2022;2;2
Myanmar;Ayeyarwady;Maubin;MMR;MMR017D005;MMR017;December;2022;0;0
Myanmar;Magway;Pakokku;MMR;MMR009D004;MMR009;December;2022;78;136
Myanmar;Mandalay;Myingyan;MMR;MMR010D004;MMR010;December;2022;24;50
Myanmar;Rakhine;Maungdaw;MMR;MMR012D002;MMR012;December;2022;3;2
Myanmar;Rakhine;Mrauk-U;MMR;MMR012D005;MMR012;December;2022;1;0
Myanmar;Shan-North;Hopang;MMR;MMR015D006;MMR015;December;2022;0;0
Myanmar;Shan-North;Kokang Self-Administered Zone;MMR;MMR015D221;MMR015;December;2022;1;0
Myanmar;Shan-North;Muse;MMR;MMR015D002;MMR015;December;2022;7;6
Myanmar;Sagaing;Kale;MMR;MMR005D005;MMR005;December;2022;26;53
Myanmar;Sagaing;Sagaing;MMR;MMR005D001;MMR005;December;2022;44;78
Myanmar;Bago-East;Bago;MMR;MMR007D001;MMR007;December;2022;9;5
Myanmar;Chin;Hakha;MMR;MMR004D003;MMR004;December;2022;0;0
Myanmar;Kachin;Mohnyin;MMR;MMR001D002;MMR001;December;2022;18;53
Myanmar;Kachin;Puta-O;MMR;MMR001D004;MMR001;December;2022;0;0
Myanmar;Kayin;Hpa-An;MMR;MMR003D001;MMR003;December;2022;2;0
Myanmar;Kayin;Myawaddy;MMR;MMR003D002;MMR003;December;2022;0;0
Myanmar;Mandalay;Mandalay;MMR;MMR010D001;MMR010;December;2022;18;12
Myanmar;Mandalay;Meiktila;MMR;MMR010D007;MMR010;December;2022;3;3
Myanmar;Sagaing;Kawlin;MMR;MMR005D011;MMR005;December;2022;10;20
Myanmar;Sagaing;Naga Self-Administered Zone;MMR;NA;NA;December;2022;0;0
Myanmar;Shan-South;Langkho;MMR;MMR014D003;MMR014;December;2022;0;0
Myanmar;Shan-South;Loilen;MMR;MMR014D002;MMR014;December;2022;1;0
Myanmar;Chin;Falam;MMR;MMR004D001;MMR004;December;2022;1;3
Myanmar;Kayin;Hpapun;MMR;MMR003D004;MMR003;December;2022;12;5
Myanmar;Mandalay;Nyaung-U;MMR;MMR010D005;MMR010;December;2022;4;7
Myanmar;Mon;Thaton;MMR;MMR011D002;MMR011;December;2022;17;29
Myanmar;Rakhine;Sittwe;MMR;MMR012D001;MMR012;December;2022;0;0
Myanmar;Sagaing;Mawlaik;MMR;MMR005D007;MMR005;December;2022;12;16
Myanmar;Sagaing;Monywa;MMR;MMR005D003;MMR005;December;2022;57;92
Myanmar;Sagaing;Yinmarbin;MMR;MMR005D009;MMR005;December;2022;41;109
Myanmar;Shan-East;Tachileik;MMR;MMR016D003;MMR016;December;2022;0;0
Myanmar;Tanintharyi;Kawthoung;MMR;MMR006D003;MMR006;December;2022;3;3
Myanmar;Yangon;Yangon-West;MMR;MMR013D004;MMR013;December;2022;9;2
Myanmar;Ayeyarwady;Hinthada;MMR;MMR017D002;MMR017;December;2022;0;0
Myanmar;Bago-West;Thayarwady;MMR;MMR008D002;MMR008;December;2022;5;3
Myanmar;Kayah;Bawlake;MMR;MMR002D002;MMR002;December;2022;1;11
Myanmar;Mandalay;Pyinoolwin;MMR;MMR010D002;MMR010;December;2022;26;42
Myanmar;Mandalay;Yamethin;MMR;MMR010D006;MMR010;December;2022;0;0
Myanmar;Mon;Mawlamyine;MMR;MMR011D001;MMR011;December;2022;16;35
Myanmar;Nay Pyi Taw;Det Khi Na;MMR;MMR018D002;MMR018;December;2022;2;0
Myanmar;Sagaing;Kanbalu;MMR;MMR005D010;MMR005;December;2022;26;15
Myanmar;Shan-North;Lashio;MMR;MMR015D001;MMR015;December;2022;3;5
Myanmar;Shan-South;Danu Self-Administered Zone;MMR;NA;NA;December;2022;1;0
Myanmar;Tanintharyi;Myeik;MMR;MMR006D002;MMR006;December;2022;31;59
Myanmar;Ayeyarwady;Myaungmya;MMR;MMR017D003;MMR017;January;2023;0;0
Myanmar;Chin;Matupi;MMR;MMR004D004;MMR004;January;2023;7;23
Myanmar;Magway;Magway;MMR;MMR009D001;MMR009;January;2023;10;14
Myanmar;Magway;Minbu;MMR;MMR009D002;MMR009;January;2023;5;7
Myanmar;Sagaing;Hkamti;MMR;MMR005D008;MMR005;January;2023;4;3
Myanmar;Sagaing;Katha;MMR;MMR005D004;MMR005;January;2023;33;69
Myanmar;Sagaing;Shwebo;MMR;MMR005D002;MMR005;January;2023;70;168
Myanmar;Sagaing;Tamu;MMR;MMR005D006;MMR005;January;2023;2;4
Myanmar;Shan-North;Kyaukme;MMR;NA;NA;January;2023;2;0
Myanmar;Shan-North;Matman;MMR;MMR015D007;MMR015;January;2023;0;0
Myanmar;Shan-North;Pa Laung Self-Administered Zone;MMR;NA;NA;January;2023;0;0
Myanmar;Yangon;Yangon-East;MMR;MMR013D002;MMR013;January;2023;10;3
Myanmar;Ayeyarwady;Pathein;MMR;MMR017D001;MMR017;January;2023;3;1
Myanmar;Ayeyarwady;Pyapon;MMR;MMR017D006;MMR017;January;2023;0;0
Myanmar;Bago-East;Taungoo;MMR;MMR007D002;MMR007;January;2023;39;105
Myanmar;Kayah;Loikaw;MMR;MMR002D001;MMR002;January;2023;28;22
Myanmar;Kayin;Kawkareik;MMR;MMR003D003;MMR003;January;2023;44;179
Myanmar;Magway;Thayet;MMR;MMR009D003;MMR009;January;2023;11;1
Myanmar;Mandalay;Kyaukse;MMR;MMR010D003;MMR010;January;2023;4;4
Myanmar;Rakhine;Kyaukpyu;MMR;MMR012D003;MMR012;January;2023;0;0
Myanmar;Shan-East;Monghsat;MMR;MMR016D002;MMR016;January;2023;0;0
Myanmar;Shan-South;Pa-O Self-Administered Zone;MMR;NA;NA;January;2023;3;1
Myanmar;Shan-South;Taunggyi;MMR;MMR014D001;MMR014;January;2023;12;19
Myanmar;Tanintharyi;Dawei;MMR;MMR006D001;MMR006;January;2023;29;41
Myanmar;Yangon;Yangon-North;MMR;MMR013D001;MMR013;January;2023;9;1
Myanmar;Bago-West;Pyay;MMR;MMR008D001;MMR008;January;2023;5;7
Myanmar;Chin;Mindat;MMR;MMR004D002;MMR004;January;2023;12;3
Myanmar;Kachin;Bhamo;MMR;MMR001D003;MMR001;January;2023;3;0
Myanmar;Kachin;Myitkyina;MMR;MMR001D001;MMR001;January;2023;9;7
Myanmar;Magway;Gangaw;MMR;MMR009D005;MMR009;January;2023;9;19
Myanmar;Nay Pyi Taw;Oke Ta Ra;MMR;MMR018D001;MMR018;January;2023;0;0
Myanmar;Rakhine;Thandwe;MMR;MMR012D004;MMR012;January;2023;0;0
Myanmar;Shan-East;Kengtung;MMR;MMR016D001;MMR016;January;2023;0;0
Myanmar;Shan-North;Mongmit;MMR;MMR015D008;MMR015;January;2023;0;0
Myanmar;Yangon;Yangon-South;MMR;MMR013D003;MMR013;January;2023;1;1
Myanmar;Ayeyarwady;Labutta;MMR;MMR017D004;MMR017;January;2023;0;0
Myanmar;Ayeyarwady;Maubin;MMR;MMR017D005;MMR017;January;2023;0;0
Myanmar;Magway;Pakokku;MMR;MMR009D004;MMR009;January;2023;77;149
Myanmar;Mandalay;Myingyan;MMR;MMR010D004;MMR010;January;2023;26;58
Myanmar;Rakhine;Maungdaw;MMR;MMR012D002;MMR012;January;2023;2;3
Myanmar;Rakhine;Mrauk-U;MMR;MMR012D005;MMR012;January;2023;4;6
Myanmar;Shan-North;Hopang;MMR;MMR015D006;MMR015;January;2023;0;0
Myanmar;Shan-North;Kokang Self-Administered Zone;MMR;MMR015D221;MMR015;January;2023;0;0
Myanmar;Shan-North;Muse;MMR;MMR015D002;MMR015;January;2023;5;0
Myanmar;Sagaing;Kale;MMR;MMR005D005;MMR005;January;2023;10;33
Myanmar;Sagaing;Sagaing;MMR;MMR005D001;MMR005;January;2023;48;123
Myanmar;Bago-East;Bago;MMR;MMR007D001;MMR007;January;2023;13;8
Myanmar;Chin;Hakha;MMR;MMR004D003;MMR004;January;2023;6;8
Myanmar;Kachin;Mohnyin;MMR;MMR001D002;MMR001;January;2023;28;21
Myanmar;Kachin;Puta-O;MMR;MMR001D004;MMR001;January;2023;1;7
Myanmar;Kayin;Hpa-An;MMR;MMR003D001;MMR003;January;2023;13;12
Myanmar;Kayin;Myawaddy;MMR;MMR003D002;MMR003;January;2023;2;4
Myanmar;Mandalay;Mandalay;MMR;MMR010D001;MMR010;January;2023;23;8
Myanmar;Mandalay;Meiktila;MMR;MMR010D007;MMR010;January;2023;0;0
Myanmar;Sagaing;Kawlin;MMR;MMR005D011;MMR005;January;2023;11;18
Myanmar;Sagaing;Naga Self-Administered Zone;MMR;NA;NA;January;2023;0;0
Myanmar;Shan-South;Langkho;MMR;MMR014D003;MMR014;January;2023;0;0
Myanmar;Shan-South;Loilen;MMR;MMR014D002;MMR014;January;2023;0;0
Myanmar;Chin;Falam;MMR;MMR004D001;MMR004;January;2023;4;5
Myanmar;Kayin;Hpapun;MMR;MMR003D004;MMR003;January;2023;4;28
Myanmar;Mandalay;Nyaung-U;MMR;MMR010D005;MMR010;January;2023;1;1
Myanmar;Mon;Thaton;MMR;MMR011D002;MMR011;January;2023;28;40
Myanmar;Rakhine;Sittwe;MMR;MMR012D001;MMR012;January;2023;2;3
Myanmar;Sagaing;Mawlaik;MMR;MMR005D007;MMR005;January;2023;1;1
Myanmar;Sagaing;Monywa;MMR;MMR005D003;MMR005;January;2023;45;82
Myanmar;Sagaing;Yinmarbin;MMR;MMR005D009;MMR005;January;2023;55;151
Myanmar;Shan-East;Tachileik;MMR;MMR016D003;MMR016;January;2023;0;0
Myanmar;Tanintharyi;Kawthoung;MMR;MMR006D003;MMR006;January;2023;5;11
Myanmar;Yangon;Yangon-West;MMR;MMR013D004;MMR013;January;2023;4;3
Myanmar;Ayeyarwady;Hinthada;MMR;MMR017D002;MMR017;January;2023;2;1
Myanmar;Bago-West;Thayarwady;MMR;MMR008D002;MMR008;January;2023;14;15
Myanmar;Kayah;Bawlake;MMR;MMR002D002;MMR002;January;2023;2;7
Myanmar;Mandalay;Pyinoolwin;MMR;MMR010D002;MMR010;January;2023;38;41
Myanmar;Mandalay;Yamethin;MMR;MMR010D006;MMR010;January;2023;1;0
Myanmar;Mon;Mawlamyine;MMR;MMR011D001;MMR011;January;2023;35;35
Myanmar;Nay Pyi Taw;Det Khi Na;MMR;MMR018D002;MMR018;January;2023;1;6
Myanmar;Sagaing;Kanbalu;MMR;MMR005D010;MMR005;January;2023;26;29
Myanmar;Shan-North;Lashio;MMR;MMR015D001;MMR015;January;2023;10;21
Myanmar;Shan-South;Danu Self-Administered Zone;MMR;NA;NA;January;2023;0;0
Myanmar;Tanintharyi;Myeik;MMR;MMR006D002;MMR006;January;2023;46;77
Myanmar;Ayeyarwady;Myaungmya;MMR;MMR017D003;MMR017;February;2023;0;0
Myanmar;Chin;Matupi;MMR;MMR004D004;MMR004;February;2023;4;14
Myanmar;Magway;Magway;MMR;MMR009D001;MMR009;February;2023;9;10
Myanmar;Magway;Minbu;MMR;MMR009D002;MMR009;February;2023;4;21
Myanmar;Sagaing;Hkamti;MMR;MMR005D008;MMR005;February;2023;11;66
Myanmar;Sagaing;Katha;MMR;MMR005D004;MMR005;February;2023;13;31
Myanmar;Sagaing;Shwebo;MMR;MMR005D002;MMR005;February;2023;68;190
Myanmar;Sagaing;Tamu;MMR;MMR005D006;MMR005;February;2023;1;1
Myanmar;Shan-North;Kyaukme;MMR;NA;NA;February;2023;5;45
Myanmar;Shan-North;Matman;MMR;MMR015D007;MMR015;February;2023;0;0
Myanmar;Shan-North;Pa Laung Self-Administered Zone;MMR;NA;NA;February;2023;1;1
Myanmar;Yangon;Yangon-East;MMR;MMR013D002;MMR013;February;2023;9;13
Myanmar;Ayeyarwady;Pathein;MMR;MMR017D001;MMR017;February;2023;1;1
Myanmar;Ayeyarwady;Pyapon;MMR;MMR017D006;MMR017;February;2023;0;0
Myanmar;Bago-East;Taungoo;MMR;MMR007D002;MMR007;February;2023;28;51
Myanmar;Kayah;Loikaw;MMR;MMR002D001;MMR002;February;2023;24;35
Myanmar;Kayin;Kawkareik;MMR;MMR003D003;MMR003;February;2023;13;20
Myanmar;Magway;Thayet;MMR;MMR009D003;MMR009;February;2023;15;21
Myanmar;Mandalay;Kyaukse;MMR;MMR010D003;MMR010;February;2023;9;19
Myanmar;Rakhine;Kyaukpyu;MMR;MMR012D003;MMR012;February;2023;1;0
Myanmar;Shan-East;Monghsat;MMR;MMR016D002;MMR016;February;2023;0;0
Myanmar;Shan-South;Pa-O Self-Administered Zone;MMR;NA;NA;February;2023;10;13
Myanmar;Shan-South;Taunggyi;MMR;MMR014D001;MMR014;February;2023;10;8
Myanmar;Tanintharyi;Dawei;MMR;MMR006D001;MMR006;February;2023;30;51
Myanmar;Yangon;Yangon-North;MMR;MMR013D001;MMR013;February;2023;8;12
Myanmar;Bago-West;Pyay;MMR;MMR008D001;MMR008;February;2023;4;3
Myanmar;Chin;Mindat;MMR;MMR004D002;MMR004;February;2023;3;5
Myanmar;Kachin;Bhamo;MMR;MMR001D003;MMR001;February;2023;9;12
Myanmar;Kachin;Myitkyina;MMR;MMR001D001;MMR001;February;2023;10;1
Myanmar;Magway;Gangaw;MMR;MMR009D005;MMR009;February;2023;15;43
Myanmar;Nay Pyi Taw;Oke Ta Ra;MMR;MMR018D001;MMR018;February;2023;1;0
Myanmar;Rakhine;Thandwe;MMR;MMR012D004;MMR012;February;2023;1;0
Myanmar;Shan-East;Kengtung;MMR;MMR016D001;MMR016;February;2023;0;0
Myanmar;Shan-North;Mongmit;MMR;MMR015D008;MMR015;February;2023;1;0
Myanmar;Yangon;Yangon-South;MMR;MMR013D003;MMR013;February;2023;4;3
Myanmar;Ayeyarwady;Labutta;MMR;MMR017D004;MMR017;February;2023;1;1
Myanmar;Ayeyarwady;Maubin;MMR;MMR017D005;MMR017;February;2023;1;1
Myanmar;Magway;Pakokku;MMR;MMR009D004;MMR009;February;2023;89;171
Myanmar;Mandalay;Myingyan;MMR;MMR010D004;MMR010;February;2023;19;63
Myanmar;Rakhine;Maungdaw;MMR;MMR012D002;MMR012;February;2023;2;2
Myanmar;Rakhine;Mrauk-U;MMR;MMR012D005;MMR012;February;2023;5;3
Myanmar;Shan-North;Hopang;MMR;MMR015D006;MMR015;February;2023;0;0
Myanmar;Shan-North;Kokang Self-Administered Zone;MMR;MMR015D221;MMR015;February;2023;0;0
Myanmar;Shan-North;Muse;MMR;MMR015D002;MMR015;February;2023;23;2
Myanmar;Sagaing;Kale;MMR;MMR005D005;MMR005;February;2023;20;32
Myanmar;Sagaing;Sagaing;MMR;MMR005D001;MMR005;February;2023;35;84
Myanmar;Bago-East;Bago;MMR;MMR007D001;MMR007;February;2023;16;23
Myanmar;Chin;Hakha;MMR;MMR004D003;MMR004;February;2023;12;11
Myanmar;Kachin;Mohnyin;MMR;MMR001D002;MMR001;February;2023;20;11
Myanmar;Kachin;Puta-O;MMR;MMR001D004;MMR001;February;2023;0;0
Myanmar;Kayin;Hpa-An;MMR;MMR003D001;MMR003;February;2023;13;18
Myanmar;Kayin;Myawaddy;MMR;MMR003D002;MMR003;February;2023;8;3
Myanmar;Mandalay;Mandalay;MMR;MMR010D001;MMR010;February;2023;23;10
Myanmar;Mandalay;Meiktila;MMR;MMR010D007;MMR010;February;2023;0;0
Myanmar;Sagaing;Kawlin;MMR;MMR005D011;MMR005;February;2023;13;40
Myanmar;Sagaing;Naga Self-Administered Zone;MMR;NA;NA;February;2023;0;0
Myanmar;Shan-South;Langkho;MMR;MMR014D003;MMR014;February;2023;1;3
Myanmar;Shan-South;Loilen;MMR;MMR014D002;MMR014;February;2023;0;0
Myanmar;Chin;Falam;MMR;MMR004D001;MMR004;February;2023;1;0
Myanmar;Kayin;Hpapun;MMR;MMR003D004;MMR003;February;2023;5;1
Myanmar;Mandalay;Nyaung-U;MMR;MMR010D005;MMR010;February;2023;2;2
Myanmar;Mon;Thaton;MMR;MMR011D002;MMR011;February;2023;20;33
Myanmar;Rakhine;Sittwe;MMR;MMR012D001;MMR012;February;2023;2;2
Myanmar;Sagaing;Mawlaik;MMR;MMR005D007;MMR005;February;2023;1;1
Myanmar;Sagaing;Monywa;MMR;MMR005D003;MMR005;February;2023;51;108
Myanmar;Sagaing;Yinmarbin;MMR;MMR005D009;MMR005;February;2023;38;60
Myanmar;Shan-East;Tachileik;MMR;MMR016D003;MMR016;February;2023;1;0
Myanmar;Tanintharyi;Kawthoung;MMR;MMR006D003;MMR006;February;2023;9;18
Myanmar;Yangon;Yangon-West;MMR;MMR013D004;MMR013;February;2023;4;1
Myanmar;Ayeyarwady;Hinthada;MMR;MMR017D002;MMR017;February;2023;1;0
Myanmar;Bago-West;Thayarwady;MMR;MMR008D002;MMR008;February;2023;8;3
Myanmar;Kayah;Bawlake;MMR;MMR002D002;MMR002;February;2023;4;26
Myanmar;Mandalay;Pyinoolwin;MMR;MMR010D002;MMR010;February;2023;37;82
Myanmar;Mandalay;Yamethin;MMR;MMR010D006;MMR010;February;2023;0;0
Myanmar;Mon;Mawlamyine;MMR;MMR011D001;MMR011;February;2023;24;24
Myanmar;Nay Pyi Taw;Det Khi Na;MMR;MMR018D002;MMR018;February;2023;3;0
Myanmar;Sagaing;Kanbalu;MMR;MMR005D010;MMR005;February;2023;21;85
Myanmar;Shan-North;Lashio;MMR;MMR015D001;MMR015;February;2023;3;4
Myanmar;Shan-South;Danu Self-Administered Zone;MMR;NA;NA;February;2023;0;0
Myanmar;Tanintharyi;Myeik;MMR;MMR006D002;MMR006;February;2023;24;30
Myanmar;Ayeyarwady;Myaungmya;MMR;MMR017D003;MMR017;March;2023;0;0
Myanmar;Chin;Matupi;MMR;MMR004D004;MMR004;March;2023;12;74
Myanmar;Magway;Magway;MMR;MMR009D001;MMR009;March;2023;3;1
Myanmar;Magway;Minbu;MMR;MMR009D002;MMR009;March;2023;2;0
Myanmar;Sagaing;Hkamti;MMR;MMR005D008;MMR005;March;2023;0;0
Myanmar;Sagaing;Katha;MMR;MMR005D004;MMR005;March;2023;35;75
Myanmar;Sagaing;Shwebo;MMR;MMR005D002;MMR005;March;2023;70;130
Myanmar;Sagaing;Tamu;MMR;MMR005D006;MMR005;March;2023;3;2
Myanmar;Shan-North;Kyaukme;MMR;NA;NA;March;2023;3;0
Myanmar;Shan-North;Matman;MMR;MMR015D007;MMR015;March;2023;0;0
Myanmar;Shan-North;Pa Laung Self-Administered Zone;MMR;NA;NA;March;2023;0;0
Myanmar;Yangon;Yangon-East;MMR;MMR013D002;MMR013;March;2023;11;5
Myanmar;Ayeyarwady;Pathein;MMR;MMR017D001;MMR017;March;2023;3;2
Myanmar;Ayeyarwady;Pyapon;MMR;MMR017D006;MMR017;March;2023;0;0
Myanmar;Bago-East;Taungoo;MMR;MMR007D002;MMR007;March;2023;24;27
Myanmar;Kayah;Loikaw;MMR;MMR002D001;MMR002;March;2023;41;165
Myanmar;Kayin;Kawkareik;MMR;MMR003D003;MMR003;March;2023;14;68
Myanmar;Magway;Thayet;MMR;MMR009D003;MMR009;March;2023;3;0
Myanmar;Mandalay;Kyaukse;MMR;MMR010D003;MMR010;March;2023;0;0
Myanmar;Rakhine;Kyaukpyu;MMR;MMR012D003;MMR012;March;2023;0;0
Myanmar;Shan-East;Monghsat;MMR;MMR016D002;MMR016;March;2023;0;0
Myanmar;Shan-South;Pa-O Self-Administered Zone;MMR;NA;NA;March;2023;15;65
Myanmar;Shan-South;Taunggyi;MMR;MMR014D001;MMR014;March;2023;12;71
Myanmar;Tanintharyi;Dawei;MMR;MMR006D001;MMR006;March;2023;36;62
Myanmar;Yangon;Yangon-North;MMR;MMR013D001;MMR013;March;2023;14;2
Myanmar;Bago-West;Pyay;MMR;MMR008D001;MMR008;March;2023;4;9
Myanmar;Chin;Mindat;MMR;MMR004D002;MMR004;March;2023;4;5
Myanmar;Kachin;Bhamo;MMR;MMR001D003;MMR001;March;2023;25;15
Myanmar;Kachin;Myitkyina;MMR;MMR001D001;MMR001;March;2023;3;1
Myanmar;Magway;Gangaw;MMR;MMR009D005;MMR009;March;2023;27;144
Myanmar;Nay Pyi Taw;Oke Ta Ra;MMR;MMR018D001;MMR018;March;2023;3;2
Myanmar;Rakhine;Thandwe;MMR;MMR012D004;MMR012;March;2023;0;0
Myanmar;Shan-East;Kengtung;MMR;MMR016D001;MMR016;March;2023;0;0
Myanmar;Shan-North;Mongmit;MMR;MMR015D008;MMR015;March;2023;0;0
Myanmar;Yangon;Yangon-South;MMR;MMR013D003;MMR013;March;2023;5;7
Myanmar;Ayeyarwady;Labutta;MMR;MMR017D004;MMR017;March;2023;0;0
Myanmar;Ayeyarwady;Maubin;MMR;MMR017D005;MMR017;March;2023;1;0
Myanmar;Magway;Pakokku;MMR;MMR009D004;MMR009;March;2023;88;125
Myanmar;Mandalay;Myingyan;MMR;MMR010D004;MMR010;March;2023;30;52
Myanmar;Rakhine;Maungdaw;MMR;MMR012D002;MMR012;March;2023;0;0
Myanmar;Rakhine;Mrauk-U;MMR;MMR012D005;MMR012;March;2023;0;0
Myanmar;Shan-North;Hopang;MMR;MMR015D006;MMR015;March;2023;0;0
Myanmar;Shan-North;Kokang Self-Administered Zone;MMR;MMR015D221;MMR015;March;2023;1;6
Myanmar;Shan-North;Muse;MMR;MMR015D002;MMR015;March;2023;7;4
Myanmar;Sagaing;Kale;MMR;MMR005D005;MMR005;March;2023;15;21
Myanmar;Sagaing;Sagaing;MMR;MMR005D001;MMR005;March;2023;61;148
Myanmar;Bago-East;Bago;MMR;MMR007D001;MMR007;March;2023;19;13
Myanmar;Chin;Hakha;MMR;MMR004D003;MMR004;March;2023;5;12
Myanmar;Kachin;Mohnyin;MMR;MMR001D002;MMR001;March;2023;24;25
Myanmar;Kachin;Puta-O;MMR;MMR001D004;MMR001;March;2023;9;13
Myanmar;Kayin;Hpa-An;MMR;MMR003D001;MMR003;March;2023;15;28
Myanmar;Kayin;Myawaddy;MMR;MMR003D002;MMR003;March;2023;7;22
Myanmar;Mandalay;Mandalay;MMR;MMR010D001;MMR010;March;2023;14;25
Myanmar;Mandalay;Meiktila;MMR;MMR010D007;MMR010;March;2023;2;1
Myanmar;Sagaing;Kawlin;MMR;MMR005D011;MMR005;March;2023;0;0
Myanmar;Sagaing;Naga Self-Administered Zone;MMR;NA;NA;March;2023;0;0
Myanmar;Shan-South;Langkho;MMR;MMR014D003;MMR014;March;2023;2;0
Myanmar;Shan-South;Loilen;MMR;MMR014D002;MMR014;March;2023;2;0
Myanmar;Chin;Falam;MMR;MMR004D001;MMR004;March;2023;14;51
Myanmar;Kayin;Hpapun;MMR;MMR003D004;MMR003;March;2023;3;24
Myanmar;Mandalay;Nyaung-U;MMR;MMR010D005;MMR010;March;2023;3;4
Myanmar;Mon;Thaton;MMR;MMR011D002;MMR011;March;2023;43;53
Myanmar;Rakhine;Sittwe;MMR;MMR012D001;MMR012;March;2023;2;0
Myanmar;Sagaing;Mawlaik;MMR;MMR005D007;MMR005;March;2023;0;0
Myanmar;Sagaing;Monywa;MMR;MMR005D003;MMR005;March;2023;43;86
Myanmar;Sagaing;Yinmarbin;MMR;MMR005D009;MMR005;March;2023;32;64
Myanmar;Shan-East;Tachileik;MMR;MMR016D003;MMR016;March;2023;0;0
Myanmar;Tanintharyi;Kawthoung;MMR;MMR006D003;MMR006;March;2023;3;12
Myanmar;Yangon;Yangon-West;MMR;MMR013D004;MMR013;March;2023;3;1
Myanmar;Ayeyarwady;Hinthada;MMR;MMR017D002;MMR017;March;2023;1;4
Myanmar;Bago-West;Thayarwady;MMR;MMR008D002;MMR008;March;2023;16;23
Myanmar;Kayah;Bawlake;MMR;MMR002D002;MMR002;March;2023;7;14
Myanmar;Mandalay;Pyinoolwin;MMR;MMR010D002;MMR010;March;2023;53;157
Myanmar;Mandalay;Yamethin;MMR;MMR010D006;MMR010;March;2023;1;0
Myanmar;Mon;Mawlamyine;MMR;MMR011D001;MMR011;March;2023;14;12
Myanmar;Nay Pyi Taw;Det Khi Na;MMR;MMR018D002;MMR018;March;2023;4;4
Myanmar;Sagaing;Kanbalu;MMR;MMR005D010;MMR005;March;2023;8;8
Myanmar;Shan-North;Lashio;MMR;MMR015D001;MMR015;March;2023;6;4
Myanmar;Shan-South;Danu Self-Administered Zone;MMR;NA;NA;March;2023;1;1
Myanmar;Tanintharyi;Myeik;MMR;MMR006D002;MMR006;March;2023;29;83
Myanmar;Ayeyarwady;Myaungmya;MMR;MMR017D003;MMR017;April;2023;1;0
Myanmar;Chin;Matupi;MMR;MMR004D004;MMR004;April;2023;2;0
Myanmar;Magway;Magway;MMR;MMR009D001;MMR009;April;2023;2;1
Myanmar;Magway;Minbu;MMR;MMR009D002;MMR009;April;2023;0;0
Myanmar;Sagaing;Hkamti;MMR;MMR005D008;MMR005;April;2023;8;13
Myanmar;Sagaing;Katha;MMR;MMR005D004;MMR005;April;2023;30;125
Myanmar;Sagaing;Shwebo;MMR;MMR005D002;MMR005;April;2023;43;109
Myanmar;Sagaing;Tamu;MMR;MMR005D006;MMR005;April;2023;2;3
Myanmar;Shan-North;Kyaukme;MMR;NA;NA;April;2023;22;38
Myanmar;Shan-North;Matman;MMR;MMR015D007;MMR015;April;2023;0;0
Myanmar;Shan-North;Pa Laung Self-Administered Zone;MMR;NA;NA;April;2023;1;0
Myanmar;Yangon;Yangon-East;MMR;MMR013D002;MMR013;April;2023;6;1
Myanmar;Ayeyarwady;Pathein;MMR;MMR017D001;MMR017;April;2023;7;1
Myanmar;Ayeyarwady;Pyapon;MMR;MMR017D006;MMR017;April;2023;0;0
Myanmar;Bago-East;Taungoo;MMR;MMR007D002;MMR007;April;2023;21;68
Myanmar;Kayah;Loikaw;MMR;MMR002D001;MMR002;April;2023;20;56
Myanmar;Kayin;Kawkareik;MMR;MMR003D003;MMR003;April;2023;15;7
Myanmar;Magway;Thayet;MMR;MMR009D003;MMR009;April;2023;4;14
Myanmar;Mandalay;Kyaukse;MMR;MMR010D003;MMR010;April;2023;0;0
Myanmar;Rakhine;Kyaukpyu;MMR;MMR012D003;MMR012;April;2023;0;0
Myanmar;Shan-East;Monghsat;MMR;MMR016D002;MMR016;April;2023;0;0
Myanmar;Shan-South;Pa-O Self-Administered Zone;MMR;NA;NA;April;2023;7;23
Myanmar;Shan-South;Taunggyi;MMR;MMR014D001;MMR014;April;2023;17;23
Myanmar;Tanintharyi;Dawei;MMR;MMR006D001;MMR006;April;2023;35;48
Myanmar;Yangon;Yangon-North;MMR;MMR013D001;MMR013;April;2023;6;1
Myanmar;Bago-West;Pyay;MMR;MMR008D001;MMR008;April;2023;8;7
Myanmar;Chin;Mindat;MMR;MMR004D002;MMR004;April;2023;14;26
Myanmar;Kachin;Bhamo;MMR;MMR001D003;MMR001;April;2023;12;1
Myanmar;Kachin;Myitkyina;MMR;MMR001D001;MMR001;April;2023;3;1
Myanmar;Magway;Gangaw;MMR;MMR009D005;MMR009;April;2023;17;34
Myanmar;Nay Pyi Taw;Oke Ta Ra;MMR;MMR018D001;MMR018;April;2023;0;0
Myanmar;Rakhine;Thandwe;MMR;MMR012D004;MMR012;April;2023;0;0
Myanmar;Shan-East;Kengtung;MMR;MMR016D001;MMR016;April;2023;0;0
Myanmar;Shan-North;Mongmit;MMR;MMR015D008;MMR015;April;2023;6;1
Myanmar;Yangon;Yangon-South;MMR;MMR013D003;MMR013;April;2023;7;10
Myanmar;Ayeyarwady;Labutta;MMR;MMR017D004;MMR017;April;2023;2;0
Myanmar;Ayeyarwady;Maubin;MMR;MMR017D005;MMR017;April;2023;0;0
Myanmar;Magway;Pakokku;MMR;MMR009D004;MMR009;April;2023;68;120
Myanmar;Mandalay;Myingyan;MMR;MMR010D004;MMR010;April;2023;26;75
Myanmar;Rakhine;Maungdaw;MMR;MMR012D002;MMR012;April;2023;1;1
Myanmar;Rakhine;Mrauk-U;MMR;MMR012D005;MMR012;April;2023;0;0
Myanmar;Shan-North;Hopang;MMR;MMR015D006;MMR015;April;2023;0;0
Myanmar;Shan-North;Kokang Self-Administered Zone;MMR;MMR015D221;MMR015;April;2023;0;0
Myanmar;Shan-North;Muse;MMR;MMR015D002;MMR015;April;2023;6;2
Myanmar;Sagaing;Kale;MMR;MMR005D005;MMR005;April;2023;22;44
Myanmar;Sagaing;Sagaing;MMR;MMR005D001;MMR005;April;2023;27;47
Myanmar;Bago-East;Bago;MMR;MMR007D001;MMR007;April;2023;4;6
Myanmar;Chin;Hakha;MMR;MMR004D003;MMR004;April;2023;11;18
Myanmar;Kachin;Mohnyin;MMR;MMR001D002;MMR001;April;2023;21;17
Myanmar;Kachin;Puta-O;MMR;MMR001D004;MMR001;April;2023;1;0
Myanmar;Kayin;Hpa-An;MMR;MMR003D001;MMR003;April;2023;8;23
Myanmar;Kayin;Myawaddy;MMR;MMR003D002;MMR003;April;2023;33;178
Myanmar;Mandalay;Mandalay;MMR;MMR010D001;MMR010;April;2023;12;10
Myanmar;Mandalay;Meiktila;MMR;MMR010D007;MMR010;April;2023;1;14
Myanmar;Sagaing;Kawlin;MMR;MMR005D011;MMR005;April;2023;3;12
Myanmar;Sagaing;Naga Self-Administered Zone;MMR;NA;NA;April;2023;0;0
Myanmar;Shan-South;Langkho;MMR;MMR014D003;MMR014;April;2023;2;0
Myanmar;Shan-South;Loilen;MMR;MMR014D002;MMR014;April;2023;8;1
Myanmar;Chin;Falam;MMR;MMR004D001;MMR004;April;2023;19;52
Myanmar;Kayin;Hpapun;MMR;MMR003D004;MMR003;April;2023;1;1
Myanmar;Mandalay;Nyaung-U;MMR;MMR010D005;MMR010;April;2023;3;1
Myanmar;Mon;Thaton;MMR;MMR011D002;MMR011;April;2023;27;24
Myanmar;Rakhine;Sittwe;MMR;MMR012D001;MMR012;April;2023;2;0
Myanmar;Sagaing;Mawlaik;MMR;MMR005D007;MMR005;April;2023;1;6
Myanmar;Sagaing;Monywa;MMR;MMR005D003;MMR005;April;2023;26;39
Myanmar;Sagaing;Yinmarbin;MMR;MMR005D009;MMR005;April;2023;37;98
Myanmar;Shan-East;Tachileik;MMR;MMR016D003;MMR016;April;2023;0;0
Myanmar;Tanintharyi;Kawthoung;MMR;MMR006D003;MMR006;April;2023;4;7
Myanmar;Yangon;Yangon-West;MMR;MMR013D004;MMR013;April;2023;5;2
Myanmar;Ayeyarwady;Hinthada;MMR;MMR017D002;MMR017;April;2023;2;0
Myanmar;Bago-West;Thayarwady;MMR;MMR008D002;MMR008;April;2023;14;11
Myanmar;Kayah;Bawlake;MMR;MMR002D002;MMR002;April;2023;1;0
Myanmar;Mandalay;Pyinoolwin;MMR;MMR010D002;MMR010;April;2023;44;85
Myanmar;Mandalay;Yamethin;MMR;MMR010D006;MMR010;April;2023;0;0
Myanmar;Mon;Mawlamyine;MMR;MMR011D001;MMR011;April;2023;15;35
Myanmar;Nay Pyi Taw;Det Khi Na;MMR;MMR018D002;MMR018;April;2023;2;6
Myanmar;Sagaing;Kanbalu;MMR;MMR005D010;MMR005;April;2023;18;245
Myanmar;Shan-North;Lashio;MMR;MMR015D001;MMR015;April;2023;3;5
Myanmar;Shan-South;Danu Self-Administered Zone;MMR;NA;NA;April;2023;2;0
Myanmar;Tanintharyi;Myeik;MMR;MMR006D002;MMR006;April;2023;39;92
Myanmar;Ayeyarwady;Myaungmya;MMR;MMR017D003;MMR017;May;2023;0;0
Myanmar;Chin;Matupi;MMR;MMR004D004;MMR004;May;2023;1;3
Myanmar;Magway;Magway;MMR;MMR009D001;MMR009;May;2023;2;4
Myanmar;Magway;Minbu;MMR;MMR009D002;MMR009;May;2023;5;35
Myanmar;Sagaing;Hkamti;MMR;MMR005D008;MMR005;May;2023;4;11
Myanmar;Sagaing;Katha;MMR;MMR005D004;MMR005;May;2023;22;91
Myanmar;Sagaing;Shwebo;MMR;MMR005D002;MMR005;May;2023;56;134
Myanmar;Sagaing;Tamu;MMR;MMR005D006;MMR005;May;2023;1;0
Myanmar;Shan-North;Kyaukme;MMR;NA;NA;May;2023;1;0
Myanmar;Shan-North;Matman;MMR;MMR015D007;MMR015;May;2023;0;0
Myanmar;Shan-North;Pa Laung Self-Administered Zone;MMR;NA;NA;May;2023;2;0
Myanmar;Yangon;Yangon-East;MMR;MMR013D002;MMR013;May;2023;5;7
Myanmar;Ayeyarwady;Pathein;MMR;MMR017D001;MMR017;May;2023;3;1
Myanmar;Ayeyarwady;Pyapon;MMR;MMR017D006;MMR017;May;2023;2;1
Myanmar;Bago-East;Taungoo;MMR;MMR007D002;MMR007;May;2023;42;46
Myanmar;Kayah;Loikaw;MMR;MMR002D001;MMR002;May;2023;35;77
Myanmar;Kayin;Kawkareik;MMR;MMR003D003;MMR003;May;2023;33;29
Myanmar;Magway;Thayet;MMR;MMR009D003;MMR009;May;2023;2;10
Myanmar;Mandalay;Kyaukse;MMR;MMR010D003;MMR010;May;2023;3;7
Myanmar;Rakhine;Kyaukpyu;MMR;MMR012D003;MMR012;May;2023;0;0
Myanmar;Shan-East;Monghsat;MMR;MMR016D002;MMR016;May;2023;0;0
Myanmar;Shan-South;Pa-O Self-Administered Zone;MMR;NA;NA;May;2023;10;33
Myanmar;Shan-South;Taunggyi;MMR;MMR014D001;MMR014;May;2023;21;10
Myanmar;Tanintharyi;Dawei;MMR;MMR006D001;MMR006;May;2023;40;64
Myanmar;Yangon;Yangon-North;MMR;MMR013D001;MMR013;May;2023;8;2
Myanmar;Bago-West;Pyay;MMR;MMR008D001;MMR008;May;2023;9;10
Myanmar;Chin;Mindat;MMR;MMR004D002;MMR004;May;2023;8;24
Myanmar;Kachin;Bhamo;MMR;MMR001D003;MMR001;May;2023;2;1
Myanmar;Kachin;Myitkyina;MMR;MMR001D001;MMR001;May;2023;8;9
Myanmar;Magway;Gangaw;MMR;MMR009D005;MMR009;May;2023;20;25
Myanmar;Nay Pyi Taw;Oke Ta Ra;MMR;MMR018D001;MMR018;May;2023;1;0
Myanmar;Rakhine;Thandwe;MMR;MMR012D004;MMR012;May;2023;0;0
Myanmar;Shan-East;Kengtung;MMR;MMR016D001;MMR016;May;2023;0;0
Myanmar;Shan-North;Mongmit;MMR;MMR015D008;MMR015;May;2023;1;4
Myanmar;Yangon;Yangon-South;MMR;MMR013D003;MMR013;May;2023;0;0
Myanmar;Ayeyarwady;Labutta;MMR;MMR017D004;MMR017;May;2023;0;0
Myanmar;Ayeyarwady;Maubin;MMR;MMR017D005;MMR017;May;2023;0;0
Myanmar;Magway;Pakokku;MMR;MMR009D004;MMR009;May;2023;76;143
Myanmar;Mandalay;Myingyan;MMR;MMR010D004;MMR010;May;2023;27;57
Myanmar;Rakhine;Maungdaw;MMR;MMR012D002;MMR012;May;2023;1;1
Myanmar;Rakhine;Mrauk-U;MMR;MMR012D005;MMR012;May;2023;0;0
Myanmar;Shan-North;Hopang;MMR;MMR015D006;MMR015;May;2023;0;0
Myanmar;Shan-North;Kokang Self-Administered Zone;MMR;MMR015D221;MMR015;May;2023;1;1
Myanmar;Shan-North;Muse;MMR;MMR015D002;MMR015;May;2023;5;4
Myanmar;Sagaing;Kale;MMR;MMR005D005;MMR005;May;2023;13;26
Myanmar;Sagaing;Sagaing;MMR;MMR005D001;MMR005;May;2023;46;60
Myanmar;Bago-East;Bago;MMR;MMR007D001;MMR007;May;2023;7;4
Myanmar;Chin;Hakha;MMR;MMR004D003;MMR004;May;2023;17;51
Myanmar;Kachin;Mohnyin;MMR;MMR001D002;MMR001;May;2023;26;16
Myanmar;Kachin;Puta-O;MMR;MMR001D004;MMR001;May;2023;1;1
Myanmar;Kayin;Hpa-An;MMR;MMR003D001;MMR003;May;2023;8;15
Myanmar;Kayin;Myawaddy;MMR;MMR003D002;MMR003;May;2023;18;50
Myanmar;Mandalay;Mandalay;MMR;MMR010D001;MMR010;May;2023;18;10
Myanmar;Mandalay;Meiktila;MMR;MMR010D007;MMR010;May;2023;3;1
Myanmar;Sagaing;Kawlin;MMR;MMR005D011;MMR005;May;2023;6;11
Myanmar;Sagaing;Naga Self-Administered Zone;MMR;NA;NA;May;2023;0;0
Myanmar;Shan-South;Langkho;MMR;MMR014D003;MMR014;May;2023;1;2
Myanmar;Shan-South;Loilen;MMR;MMR014D002;MMR014;May;2023;9;2
Myanmar;Chin;Falam;MMR;MMR004D001;MMR004;May;2023;1;0
Myanmar;Kayin;Hpapun;MMR;MMR003D004;MMR003;May;2023;6;29
Myanmar;Mandalay;Nyaung-U;MMR;MMR010D005;MMR010;May;2023;2;6
Myanmar;Mon;Thaton;MMR;MMR011D002;MMR011;May;2023;38;52
Myanmar;Rakhine;Sittwe;MMR;MMR012D001;MMR012;May;2023;0;0
Myanmar;Sagaing;Mawlaik;MMR;MMR005D007;MMR005;May;2023;20;9
Myanmar;Sagaing;Monywa;MMR;MMR005D003;MMR005;May;2023;47;76
Myanmar;Sagaing;Yinmarbin;MMR;MMR005D009;MMR005;May;2023;35;140
Myanmar;Shan-East;Tachileik;MMR;MMR016D003;MMR016;May;2023;0;0
Myanmar;Tanintharyi;Kawthoung;MMR;MMR006D003;MMR006;May;2023;5;7
Myanmar;Yangon;Yangon-West;MMR;MMR013D004;MMR013;May;2023;6;0
Myanmar;Ayeyarwady;Hinthada;MMR;MMR017D002;MMR017;May;2023;3;1
Myanmar;Bago-West;Thayarwady;MMR;MMR008D002;MMR008;May;2023;5;9
Myanmar;Kayah;Bawlake;MMR;MMR002D002;MMR002;May;2023;4;10
Myanmar;Mandalay;Pyinoolwin;MMR;MMR010D002;MMR010;May;2023;52;184
Myanmar;Mandalay;Yamethin;MMR;MMR010D006;MMR010;May;2023;0;0
Myanmar;Mon;Mawlamyine;MMR;MMR011D001;MMR011;May;2023;11;39
Myanmar;Nay Pyi Taw;Det Khi Na;MMR;MMR018D002;MMR018;May;2023;0;0
Myanmar;Sagaing;Kanbalu;MMR;MMR005D010;MMR005;May;2023;18;31
Myanmar;Shan-North;Lashio;MMR;MMR015D001;MMR015;May;2023;8;6
Myanmar;Shan-South;Danu Self-Administered Zone;MMR;NA;NA;May;2023;5;0
Myanmar;Tanintharyi;Myeik;MMR;MMR006D002;MMR006;May;2023;29;16
Myanmar;Ayeyarwady;Myaungmya;MMR;MMR017D003;MMR017;June;2023;0;0
Myanmar;Chin;Matupi;MMR;MMR004D004;MMR004;June;2023;1;0
Myanmar;Magway;Magway;MMR;MMR009D001;MMR009;June;2023;5;8
Myanmar;Magway;Minbu;MMR;MMR009D002;MMR009;June;2023;5;17
Myanmar;Sagaing;Hkamti;MMR;MMR005D008;MMR005;June;2023;1;0
Myanmar;Sagaing;Katha;MMR;MMR005D004;MMR005;June;2023;26;39
Myanmar;Sagaing;Shwebo;MMR;MMR005D002;MMR005;June;2023;79;210
Myanmar;Sagaing;Tamu;MMR;MMR005D006;MMR005;June;2023;5;12
Myanmar;Shan-North;Kyaukme;MMR;NA;NA;June;2023;2;0
Myanmar;Shan-North;Matman;MMR;MMR015D007;MMR015;June;2023;0;0
Myanmar;Shan-North;Pa Laung Self-Administered Zone;MMR;NA;NA;June;2023;0;0
Myanmar;Yangon;Yangon-East;MMR;MMR013D002;MMR013;June;2023;13;2
Myanmar;Ayeyarwady;Pathein;MMR;MMR017D001;MMR017;June;2023;0;0
Myanmar;Ayeyarwady;Pyapon;MMR;MMR017D006;MMR017;June;2023;0;0
Myanmar;Bago-East;Taungoo;MMR;MMR007D002;MMR007;June;2023;35;96
Myanmar;Kayah;Loikaw;MMR;MMR002D001;MMR002;June;2023;14;17
Myanmar;Kayin;Kawkareik;MMR;MMR003D003;MMR003;June;2023;31;34
Myanmar;Magway;Thayet;MMR;MMR009D003;MMR009;June;2023;3;5
Myanmar;Mandalay;Kyaukse;MMR;MMR010D003;MMR010;June;2023;0;0
Myanmar;Rakhine;Kyaukpyu;MMR;MMR012D003;MMR012;June;2023;1;0
Myanmar;Shan-East;Monghsat;MMR;MMR016D002;MMR016;June;2023;0;0
Myanmar;Shan-South;Pa-O Self-Administered Zone;MMR;NA;NA;June;2023;13;29
Myanmar;Shan-South;Taunggyi;MMR;MMR014D001;MMR014;June;2023;22;69
Myanmar;Tanintharyi;Dawei;MMR;MMR006D001;MMR006;June;2023;43;62
Myanmar;Yangon;Yangon-North;MMR;MMR013D001;MMR013;June;2023;8;4
Myanmar;Bago-West;Pyay;MMR;MMR008D001;MMR008;June;2023;12;11
Myanmar;Chin;Mindat;MMR;MMR004D002;MMR004;June;2023;11;25
Myanmar;Kachin;Bhamo;MMR;MMR001D003;MMR001;June;2023;0;0
Myanmar;Kachin;Myitkyina;MMR;MMR001D001;MMR001;June;2023;11;1
Myanmar;Magway;Gangaw;MMR;MMR009D005;MMR009;June;2023;24;24
Myanmar;Nay Pyi Taw;Oke Ta Ra;MMR;MMR018D001;MMR018;June;2023;0;0
Myanmar;Rakhine;Thandwe;MMR;MMR012D004;MMR012;June;2023;0;0
Myanmar;Shan-East;Kengtung;MMR;MMR016D001;MMR016;June;2023;0;0
Myanmar;Shan-North;Mongmit;MMR;MMR015D008;MMR015;June;2023;6;20
Myanmar;Yangon;Yangon-South;MMR;MMR013D003;MMR013;June;2023;0;0
Myanmar;Ayeyarwady;Labutta;MMR;MMR017D004;MMR017;June;2023;0;0
Myanmar;Ayeyarwady;Maubin;MMR;MMR017D005;MMR017;June;2023;1;0
Myanmar;Magway;Pakokku;MMR;MMR009D004;MMR009;June;2023;64;137
Myanmar;Mandalay;Myingyan;MMR;MMR010D004;MMR010;June;2023;22;57
Myanmar;Rakhine;Maungdaw;MMR;MMR012D002;MMR012;June;2023;0;0
Myanmar;Rakhine;Mrauk-U;MMR;MMR012D005;MMR012;June;2023;0;0
Myanmar;Shan-North;Hopang;MMR;MMR015D006;MMR015;June;2023;0;0
Myanmar;Shan-North;Kokang Self-Administered Zone;MMR;MMR015D221;MMR015;June;2023;6;22
Myanmar;Shan-North;Muse;MMR;MMR015D002;MMR015;June;2023;19;15
Myanmar;Sagaing;Kale;MMR;MMR005D005;MMR005;June;2023;27;100
Myanmar;Sagaing;Sagaing;MMR;MMR005D001;MMR005;June;2023;59;134
Myanmar;Bago-East;Bago;MMR;MMR007D001;MMR007;June;2023;17;20
Myanmar;Chin;Hakha;MMR;MMR004D003;MMR004;June;2023;10;14
Myanmar;Kachin;Mohnyin;MMR;MMR001D002;MMR001;June;2023;12;9
Myanmar;Kachin;Puta-O;MMR;MMR001D004;MMR001;June;2023;0;0
Myanmar;Kayin;Hpa-An;MMR;MMR003D001;MMR003;June;2023;7;14
Myanmar;Kayin;Myawaddy;MMR;MMR003D002;MMR003;June;2023;6;0
Myanmar;Mandalay;Mandalay;MMR;MMR010D001;MMR010;June;2023;21;9
Myanmar;Mandalay;Meiktila;MMR;MMR010D007;MMR010;June;2023;1;5
Myanmar;Sagaing;Kawlin;MMR;MMR005D011;MMR005;June;2023;5;14
Myanmar;Sagaing;Naga Self-Administered Zone;MMR;NA;NA;June;2023;0;0
Myanmar;Shan-South;Langkho;MMR;MMR014D003;MMR014;June;2023;0;0
Myanmar;Shan-South;Loilen;MMR;MMR014D002;MMR014;June;2023;1;1
Myanmar;Chin;Falam;MMR;MMR004D001;MMR004;June;2023;3;0
Myanmar;Kayin;Hpapun;MMR;MMR003D004;MMR003;June;2023;5;8
Myanmar;Mandalay;Nyaung-U;MMR;MMR010D005;MMR010;June;2023;1;2
Myanmar;Mon;Thaton;MMR;MMR011D002;MMR011;June;2023;28;51
Myanmar;Rakhine;Sittwe;MMR;MMR012D001;MMR012;June;2023;1;0
Myanmar;Sagaing;Mawlaik;MMR;MMR005D007;MMR005;June;2023;7;35
Myanmar;Sagaing;Monywa;MMR;MMR005D003;MMR005;June;2023;33;65
Myanmar;Sagaing;Yinmarbin;MMR;MMR005D009;MMR005;June;2023;58;70
Myanmar;Shan-East;Tachileik;MMR;MMR016D003;MMR016;June;2023;0;0
Myanmar;Tanintharyi;Kawthoung;MMR;MMR006D003;MMR006;June;2023;2;6
Myanmar;Yangon;Yangon-West;MMR;MMR013D004;MMR013;June;2023;4;0
Myanmar;Ayeyarwady;Hinthada;MMR;MMR017D002;MMR017;June;2023;4;0
Myanmar;Bago-West;Thayarwady;MMR;MMR008D002;MMR008;June;2023;5;12
Myanmar;Kayah;Bawlake;MMR;MMR002D002;MMR002;June;2023;26;38
Myanmar;Mandalay;Pyinoolwin;MMR;MMR010D002;MMR010;June;2023;22;52
Myanmar;Mandalay;Yamethin;MMR;MMR010D006;MMR010;June;2023;0;0
Myanmar;Mon;Mawlamyine;MMR;MMR011D001;MMR011;June;2023;26;49
Myanmar;Nay Pyi Taw;Det Khi Na;MMR;MMR018D002;MMR018;June;2023;3;9
Myanmar;Sagaing;Kanbalu;MMR;MMR005D010;MMR005;June;2023;11;14
Myanmar;Shan-North;Lashio;MMR;MMR015D001;MMR015;June;2023;10;2
Myanmar;Shan-South;Danu Self-Administered Zone;MMR;NA;NA;June;2023;0;0
Myanmar;Tanintharyi;Myeik;MMR;MMR006D002;MMR006;June;2023;40;46
Myanmar;Ayeyarwady;Myaungmya;MMR;MMR017D003;MMR017;July;2023;0;0
Myanmar;Chin;Matupi;MMR;MMR004D004;MMR004;July;2023;5;5
Myanmar;Magway;Magway;MMR;MMR009D001;MMR009;July;2023;7;12
Myanmar;Magway;Minbu;MMR;MMR009D002;MMR009;July;2023;1;0
Myanmar;Sagaing;Hkamti;MMR;MMR005D008;MMR005;July;2023;2;0
Myanmar;Sagaing;Katha;MMR;MMR005D004;MMR005;July;2023;13;9
Myanmar;Sagaing;Shwebo;MMR;MMR005D002;MMR005;July;2023;82;260
Myanmar;Sagaing;Tamu;MMR;MMR005D006;MMR005;July;2023;12;14
Myanmar;Shan-North;Kyaukme;MMR;NA;NA;July;2023;2;0
Myanmar;Shan-North;Matman;MMR;MMR015D007;MMR015;July;2023;0;0
Myanmar;Shan-North;Pa Laung Self-Administered Zone;MMR;NA;NA;July;2023;0;0
Myanmar;Yangon;Yangon-East;MMR;MMR013D002;MMR013;July;2023;6;5
Myanmar;Ayeyarwady;Pathein;MMR;MMR017D001;MMR017;July;2023;1;1
Myanmar;Ayeyarwady;Pyapon;MMR;MMR017D006;MMR017;July;2023;0;0
Myanmar;Bago-East;Taungoo;MMR;MMR007D002;MMR007;July;2023;45;76
Myanmar;Kayah;Loikaw;MMR;MMR002D001;MMR002;July;2023;23;6
Myanmar;Kayin;Kawkareik;MMR;MMR003D003;MMR003;July;2023;49;87
Myanmar;Magway;Thayet;MMR;MMR009D003;MMR009;July;2023;4;21
Myanmar;Mandalay;Kyaukse;MMR;MMR010D003;MMR010;July;2023;4;3
Myanmar;Rakhine;Kyaukpyu;MMR;MMR012D003;MMR012;July;2023;1;1
Myanmar;Shan-East;Monghsat;MMR;MMR016D002;MMR016;July;2023;0;0
Myanmar;Shan-South;Pa-O Self-Administered Zone;MMR;NA;NA;July;2023;9;13
Myanmar;Shan-South;Taunggyi;MMR;MMR014D001;MMR014;July;2023;10;8
Myanmar;Tanintharyi;Dawei;MMR;MMR006D001;MMR006;July;2023;59;127
Myanmar;Yangon;Yangon-North;MMR;MMR013D001;MMR013;July;2023;9;1
Myanmar;Bago-West;Pyay;MMR;MMR008D001;MMR008;July;2023;11;5
Myanmar;Chin;Mindat;MMR;MMR004D002;MMR004;July;2023;21;64
Myanmar;Kachin;Bhamo;MMR;MMR001D003;MMR001;July;2023;28;18
Myanmar;Kachin;Myitkyina;MMR;MMR001D001;MMR001;July;2023;23;40
Myanmar;Magway;Gangaw;MMR;MMR009D005;MMR009;July;2023;22;69
Myanmar;Nay Pyi Taw;Oke Ta Ra;MMR;MMR018D001;MMR018;July;2023;0;0
Myanmar;Rakhine;Thandwe;MMR;MMR012D004;MMR012;July;2023;1;1
Myanmar;Shan-East;Kengtung;MMR;MMR016D001;MMR016;July;2023;0;0
Myanmar;Shan-North;Mongmit;MMR;MMR015D008;MMR015;July;2023;0;0
Myanmar;Yangon;Yangon-South;MMR;MMR013D003;MMR013;July;2023;2;0
Myanmar;Ayeyarwady;Labutta;MMR;MMR017D004;MMR017;July;2023;0;0
Myanmar;Ayeyarwady;Maubin;MMR;MMR017D005;MMR017;July;2023;1;2
Myanmar;Magway;Pakokku;MMR;MMR009D004;MMR009;July;2023;83;119
Myanmar;Mandalay;Myingyan;MMR;MMR010D004;MMR010;July;2023;15;33
Myanmar;Rakhine;Maungdaw;MMR;MMR012D002;MMR012;July;2023;3;5
Myanmar;Rakhine;Mrauk-U;MMR;MMR012D005;MMR012;July;2023;0;0
Myanmar;Shan-North;Hopang;MMR;MMR015D006;MMR015;July;2023;0;0
Myanmar;Shan-North;Kokang Self-Administered Zone;MMR;MMR015D221;MMR015;July;2023;0;0
Myanmar;Shan-North;Muse;MMR;MMR015D002;MMR015;July;2023;48;25
Myanmar;Sagaing;Kale;MMR;MMR005D005;MMR005;July;2023;20;6
Myanmar;Sagaing;Sagaing;MMR;MMR005D001;MMR005;July;2023;54;102
Myanmar;Bago-East;Bago;MMR;MMR007D001;MMR007;July;2023;50;160
Myanmar;Chin;Hakha;MMR;MMR004D003;MMR004;July;2023;14;59
Myanmar;Kachin;Mohnyin;MMR;MMR001D002;MMR001;July;2023;9;16
Myanmar;Kachin;Puta-O;MMR;MMR001D004;MMR001;July;2023;0;0
Myanmar;Kayin;Hpa-An;MMR;MMR003D001;MMR003;July;2023;13;5
Myanmar;Kayin;Myawaddy;MMR;MMR003D002;MMR003;July;2023;21;16
Myanmar;Mandalay;Mandalay;MMR;MMR010D001;MMR010;July;2023;6;3
Myanmar;Mandalay;Meiktila;MMR;MMR010D007;MMR010;July;2023;4;10
Myanmar;Sagaing;Kawlin;MMR;MMR005D011;MMR005;July;2023;2;1
Myanmar;Sagaing;Naga Self-Administered Zone;MMR;NA;NA;July;2023;0;0
Myanmar;Shan-South;Langkho;MMR;MMR014D003;MMR014;July;2023;1;1
Myanmar;Shan-South;Loilen;MMR;MMR014D002;MMR014;July;2023;2;3
Myanmar;Chin;Falam;MMR;MMR004D001;MMR004;July;2023;4;20
Myanmar;Kayin;Hpapun;MMR;MMR003D004;MMR003;July;2023;0;0
Myanmar;Mandalay;Nyaung-U;MMR;MMR010D005;MMR010;July;2023;3;8
Myanmar;Mon;Thaton;MMR;MMR011D002;MMR011;July;2023;64;57
Myanmar;Rakhine;Sittwe;MMR;MMR012D001;MMR012;July;2023;2;3
Myanmar;Sagaing;Mawlaik;MMR;MMR005D007;MMR005;July;2023;6;0
Myanmar;Sagaing;Monywa;MMR;MMR005D003;MMR005;July;2023;39;88
Myanmar;Sagaing;Yinmarbin;MMR;MMR005D009;MMR005;July;2023;46;72
Myanmar;Shan-East;Tachileik;MMR;MMR016D003;MMR016;July;2023;1;1
Myanmar;Tanintharyi;Kawthoung;MMR;MMR006D003;MMR006;July;2023;3;5
Myanmar;Yangon;Yangon-West;MMR;MMR013D004;MMR013;July;2023;2;0
Myanmar;Ayeyarwady;Hinthada;MMR;MMR017D002;MMR017;July;2023;0;0
Myanmar;Bago-West;Thayarwady;MMR;MMR008D002;MMR008;July;2023;9;12
Myanmar;Kayah;Bawlake;MMR;MMR002D002;MMR002;July;2023;17;3
Myanmar;Mandalay;Pyinoolwin;MMR;MMR010D002;MMR010;July;2023;44;85
Myanmar;Mandalay;Yamethin;MMR;MMR010D006;MMR010;July;2023;0;0
Myanmar;Mon;Mawlamyine;MMR;MMR011D001;MMR011;July;2023;13;23
Myanmar;Nay Pyi Taw;Det Khi Na;MMR;MMR018D002;MMR018;July;2023;2;4
Myanmar;Sagaing;Kanbalu;MMR;MMR005D010;MMR005;July;2023;6;1
Myanmar;Shan-North;Lashio;MMR;MMR015D001;MMR015;July;2023;9;10
Myanmar;Shan-South;Danu Self-Administered Zone;MMR;NA;NA;July;2023;2;1
Myanmar;Tanintharyi;Myeik;MMR;MMR006D002;MMR006;July;2023;24;7
Myanmar;Ayeyarwady;Myaungmya;MMR;MMR017D003;MMR017;August;2023;0;0
Myanmar;Chin;Matupi;MMR;MMR004D004;MMR004;August;2023;0;0
Myanmar;Magway;Magway;MMR;MMR009D001;MMR009;August;2023;6;20
Myanmar;Magway;Minbu;MMR;MMR009D002;MMR009;August;2023;4;18
Myanmar;Sagaing;Hkamti;MMR;MMR005D008;MMR005;August;2023;0;0
Myanmar;Sagaing;Katha;MMR;MMR005D004;MMR005;August;2023;26;35
Myanmar;Sagaing;Shwebo;MMR;MMR005D002;MMR005;August;2023;99;133
Myanmar;Sagaing;Tamu;MMR;MMR005D006;MMR005;August;2023;7;15
Myanmar;Shan-North;Kyaukme;MMR;NA;NA;August;2023;7;43
Myanmar;Shan-North;Matman;MMR;MMR015D007;MMR015;August;2023;0;0
Myanmar;Shan-North;Pa Laung Self-Administered Zone;MMR;NA;NA;August;2023;0;0
Myanmar;Yangon;Yangon-East;MMR;MMR013D002;MMR013;August;2023;8;0
Myanmar;Ayeyarwady;Pathein;MMR;MMR017D001;MMR017;August;2023;1;0
Myanmar;Ayeyarwady;Pyapon;MMR;MMR017D006;MMR017;August;2023;0;0
Myanmar;Bago-East;Taungoo;MMR;MMR007D002;MMR007;August;2023;63;66
Myanmar;Kayah;Loikaw;MMR;MMR002D001;MMR002;August;2023;43;98
Myanmar;Kayin;Kawkareik;MMR;MMR003D003;MMR003;August;2023;25;36
Myanmar;Magway;Thayet;MMR;MMR009D003;MMR009;August;2023;8;33
Myanmar;Mandalay;Kyaukse;MMR;MMR010D003;MMR010;August;2023;0;0
Myanmar;Rakhine;Kyaukpyu;MMR;MMR012D003;MMR012;August;2023;1;0
Myanmar;Shan-East;Monghsat;MMR;MMR016D002;MMR016;August;2023;0;0
Myanmar;Shan-South;Pa-O Self-Administered Zone;MMR;NA;NA;August;2023;2;1
Myanmar;Shan-South;Taunggyi;MMR;MMR014D001;MMR014;August;2023;4;2
Myanmar;Tanintharyi;Dawei;MMR;MMR006D001;MMR006;August;2023;42;57
Myanmar;Yangon;Yangon-North;MMR;MMR013D001;MMR013;August;2023;2;0
Myanmar;Bago-West;Pyay;MMR;MMR008D001;MMR008;August;2023;2;3
Myanmar;Chin;Mindat;MMR;MMR004D002;MMR004;August;2023;5;4
Myanmar;Kachin;Bhamo;MMR;MMR001D003;MMR001;August;2023;32;20
Myanmar;Kachin;Myitkyina;MMR;MMR001D001;MMR001;August;2023;15;3
Myanmar;Magway;Gangaw;MMR;MMR009D005;MMR009;August;2023;20;34
Myanmar;Nay Pyi Taw;Oke Ta Ra;MMR;MMR018D001;MMR018;August;2023;1;0
Myanmar;Rakhine;Thandwe;MMR;MMR012D004;MMR012;August;2023;0;0
Myanmar;Shan-East;Kengtung;MMR;MMR016D001;MMR016;August;2023;0;0
Myanmar;Shan-North;Mongmit;MMR;MMR015D008;MMR015;August;2023;0;0
Myanmar;Yangon;Yangon-South;MMR;MMR013D003;MMR013;August;2023;1;1
Myanmar;Ayeyarwady;Labutta;MMR;MMR017D004;MMR017;August;2023;0;0
Myanmar;Ayeyarwady;Maubin;MMR;MMR017D005;MMR017;August;2023;0;0
Myanmar;Magway;Pakokku;MMR;MMR009D004;MMR009;August;2023;96;125
Myanmar;Mandalay;Myingyan;MMR;MMR010D004;MMR010;August;2023;20;38
Myanmar;Rakhine;Maungdaw;MMR;MMR012D002;MMR012;August;2023;1;0
Myanmar;Rakhine;Mrauk-U;MMR;MMR012D005;MMR012;August;2023;0;0
Myanmar;Shan-North;Hopang;MMR;MMR015D006;MMR015;August;2023;0;0
Myanmar;Shan-North;Kokang Self-Administered Zone;MMR;MMR015D221;MMR015;August;2023;0;0
Myanmar;Shan-North;Muse;MMR;MMR015D002;MMR015;August;2023;41;25
Myanmar;Sagaing;Kale;MMR;MMR005D005;MMR005;August;2023;26;39
Myanmar;Sagaing;Sagaing;MMR;MMR005D001;MMR005;August;2023;49;77
Myanmar;Bago-East;Bago;MMR;MMR007D001;MMR007;August;2023;43;45
Myanmar;Chin;Hakha;MMR;MMR004D003;MMR004;August;2023;6;52
Myanmar;Kachin;Mohnyin;MMR;MMR001D002;MMR001;August;2023;21;46
Myanmar;Kachin;Puta-O;MMR;MMR001D004;MMR001;August;2023;0;0
Myanmar;Kayin;Hpa-An;MMR;MMR003D001;MMR003;August;2023;2;0
Myanmar;Kayin;Myawaddy;MMR;MMR003D002;MMR003;August;2023;14;26
Myanmar;Mandalay;Mandalay;MMR;MMR010D001;MMR010;August;2023;12;3
Myanmar;Mandalay;Meiktila;MMR;MMR010D007;MMR010;August;2023;4;5
Myanmar;Sagaing;Kawlin;MMR;MMR005D011;MMR005;August;2023;5;10
Myanmar;Sagaing;Naga Self-Administered Zone;MMR;NA;NA;August;2023;0;0
Myanmar;Shan-South;Langkho;MMR;MMR014D003;MMR014;August;2023;0;0
Myanmar;Shan-South;Loilen;MMR;MMR014D002;MMR014;August;2023;3;11
Myanmar;Chin;Falam;MMR;MMR004D001;MMR004;August;2023;8;16
Myanmar;Kayin;Hpapun;MMR;MMR003D004;MMR003;August;2023;8;7
Myanmar;Mandalay;Nyaung-U;MMR;MMR010D005;MMR010;August;2023;2;2
Myanmar;Mon;Thaton;MMR;MMR011D002;MMR011;August;2023;32;47
Myanmar;Rakhine;Sittwe;MMR;MMR012D001;MMR012;August;2023;0;0
Myanmar;Sagaing;Mawlaik;MMR;MMR005D007;MMR005;August;2023;2;0
Myanmar;Sagaing;Monywa;MMR;MMR005D003;MMR005;August;2023;47;86
Myanmar;Sagaing;Yinmarbin;MMR;MMR005D009;MMR005;August;2023;70;128
Myanmar;Shan-East;Tachileik;MMR;MMR016D003;MMR016;August;2023;0;0
Myanmar;Tanintharyi;Kawthoung;MMR;MMR006D003;MMR006;August;2023;3;8
Myanmar;Yangon;Yangon-West;MMR;MMR013D004;MMR013;August;2023;0;0
Myanmar;Ayeyarwady;Hinthada;MMR;MMR017D002;MMR017;August;2023;1;0
Myanmar;Bago-West;Thayarwady;MMR;MMR008D002;MMR008;August;2023;14;18
Myanmar;Kayah;Bawlake;MMR;MMR002D002;MMR002;August;2023;6;4
Myanmar;Mandalay;Pyinoolwin;MMR;MMR010D002;MMR010;August;2023;25;31
Myanmar;Mandalay;Yamethin;MMR;MMR010D006;MMR010;August;2023;0;0
Myanmar;Mon;Mawlamyine;MMR;MMR011D001;MMR011;August;2023;10;20
Myanmar;Nay Pyi Taw;Det Khi Na;MMR;MMR018D002;MMR018;August;2023;15;75
Myanmar;Sagaing;Kanbalu;MMR;MMR005D010;MMR005;August;2023;17;37
Myanmar;Shan-North;Lashio;MMR;MMR015D001;MMR015;August;2023;11;4
Myanmar;Shan-South;Danu Self-Administered Zone;MMR;NA;NA;August;2023;9;5
Myanmar;Tanintharyi;Myeik;MMR;MMR006D002;MMR006;August;2023;37;11
Myanmar;Ayeyarwady;Myaungmya;MMR;MMR017D003;MMR017;September;2023;0;0
Myanmar;Chin;Matupi;MMR;MMR004D004;MMR004;September;2023;4;0
Myanmar;Magway;Magway;MMR;MMR009D001;MMR009;September;2023;5;0
Myanmar;Magway;Minbu;MMR;MMR009D002;MMR009;September;2023;0;0
Myanmar;Sagaing;Hkamti;MMR;MMR005D008;MMR005;September;2023;8;6
Myanmar;Sagaing;Katha;MMR;MMR005D004;MMR005;September;2023;20;20
Myanmar;Sagaing;Shwebo;MMR;MMR005D002;MMR005;September;2023;83;133
Myanmar;Sagaing;Tamu;MMR;MMR005D006;MMR005;September;2023;15;13
Myanmar;Shan-North;Kyaukme;MMR;NA;NA;September;2023;7;21
Myanmar;Shan-North;Matman;MMR;MMR015D007;MMR015;September;2023;0;0
Myanmar;Shan-North;Pa Laung Self-Administered Zone;MMR;NA;NA;September;2023;2;1
Myanmar;Yangon;Yangon-East;MMR;MMR013D002;MMR013;September;2023;3;0
Myanmar;Ayeyarwady;Pathein;MMR;MMR017D001;MMR017;September;2023;1;1
Myanmar;Ayeyarwady;Pyapon;MMR;MMR017D006;MMR017;September;2023;1;1
Myanmar;Bago-East;Taungoo;MMR;MMR007D002;MMR007;September;2023;31;45
Myanmar;Kayah;Loikaw;MMR;MMR002D001;MMR002;September;2023;16;50
Myanmar;Kayin;Kawkareik;MMR;MMR003D003;MMR003;September;2023;42;84
Myanmar;Magway;Thayet;MMR;MMR009D003;MMR009;September;2023;3;6
Myanmar;Mandalay;Kyaukse;MMR;MMR010D003;MMR010;September;2023;2;0
Myanmar;Rakhine;Kyaukpyu;MMR;MMR012D003;MMR012;September;2023;1;0
Myanmar;Shan-East;Monghsat;MMR;MMR016D002;MMR016;September;2023;0;0
Myanmar;Shan-South;Pa-O Self-Administered Zone;MMR;NA;NA;September;2023;0;0
Myanmar;Shan-South;Taunggyi;MMR;MMR014D001;MMR014;September;2023;5;3
Myanmar;Tanintharyi;Dawei;MMR;MMR006D001;MMR006;September;2023;30;33
Myanmar;Yangon;Yangon-North;MMR;MMR013D001;MMR013;September;2023;4;1
Myanmar;Bago-West;Pyay;MMR;MMR008D001;MMR008;September;2023;7;9
Myanmar;Chin;Mindat;MMR;MMR004D002;MMR004;September;2023;6;7
Myanmar;Kachin;Bhamo;MMR;MMR001D003;MMR001;September;2023;29;28
Myanmar;Kachin;Myitkyina;MMR;MMR001D001;MMR001;September;2023;31;33
Myanmar;Magway;Gangaw;MMR;MMR009D005;MMR009;September;2023;22;32
Myanmar;Nay Pyi Taw;Oke Ta Ra;MMR;MMR018D001;MMR018;September;2023;0;0
Myanmar;Rakhine;Thandwe;MMR;MMR012D004;MMR012;September;2023;0;0
Myanmar;Shan-East;Kengtung;MMR;MMR016D001;MMR016;September;2023;0;0
Myanmar;Shan-North;Mongmit;MMR;MMR015D008;MMR015;September;2023;0;0
Myanmar;Yangon;Yangon-South;MMR;MMR013D003;MMR013;September;2023;1;2
Myanmar;Ayeyarwady;Labutta;MMR;MMR017D004;MMR017;September;2023;0;0
Myanmar;Ayeyarwady;Maubin;MMR;MMR017D005;MMR017;September;2023;0;0
Myanmar;Magway;Pakokku;MMR;MMR009D004;MMR009;September;2023;77;51
Myanmar;Mandalay;Myingyan;MMR;MMR010D004;MMR010;September;2023;32;74
Myanmar;Rakhine;Maungdaw;MMR;MMR012D002;MMR012;September;2023;8;1
Myanmar;Rakhine;Mrauk-U;MMR;MMR012D005;MMR012;September;2023;0;0
Myanmar;Shan-North;Hopang;MMR;MMR015D006;MMR015;September;2023;0;0
Myanmar;Shan-North;Kokang Self-Administered Zone;MMR;MMR015D221;MMR015;September;2023;0;0
Myanmar;Shan-North;Muse;MMR;MMR015D002;MMR015;September;2023;53;23
Myanmar;Sagaing;Kale;MMR;MMR005D005;MMR005;September;2023;25;25
Myanmar;Sagaing;Sagaing;MMR;MMR005D001;MMR005;September;2023;48;150
Myanmar;Bago-East;Bago;MMR;MMR007D001;MMR007;September;2023;23;73
Myanmar;Chin;Hakha;MMR;MMR004D003;MMR004;September;2023;1;1
Myanmar;Kachin;Mohnyin;MMR;MMR001D002;MMR001;September;2023;21;20
Myanmar;Kachin;Puta-O;MMR;MMR001D004;MMR001;September;2023;2;27
Myanmar;Kayin;Hpa-An;MMR;MMR003D001;MMR003;September;2023;15;4
Myanmar;Kayin;Myawaddy;MMR;MMR003D002;MMR003;September;2023;7;15
Myanmar;Mandalay;Mandalay;MMR;MMR010D001;MMR010;September;2023;9;1
Myanmar;Mandalay;Meiktila;MMR;MMR010D007;MMR010;September;2023;1;0
Myanmar;Sagaing;Kawlin;MMR;MMR005D011;MMR005;September;2023;8;12
Myanmar;Sagaing;Naga Self-Administered Zone;MMR;NA;NA;September;2023;1;3
Myanmar;Shan-South;Langkho;MMR;MMR014D003;MMR014;September;2023;0;0
Myanmar;Shan-South;Loilen;MMR;MMR014D002;MMR014;September;2023;0;0
Myanmar;Chin;Falam;MMR;MMR004D001;MMR004;September;2023;4;2
Myanmar;Kayin;Hpapun;MMR;MMR003D004;MMR003;September;2023;15;24
Myanmar;Mandalay;Nyaung-U;MMR;MMR010D005;MMR010;September;2023;2;2
Myanmar;Mon;Thaton;MMR;MMR011D002;MMR011;September;2023;35;21
Myanmar;Rakhine;Sittwe;MMR;MMR012D001;MMR012;September;2023;2;2
Myanmar;Sagaing;Mawlaik;MMR;MMR005D007;MMR005;September;2023;1;0
Myanmar;Sagaing;Monywa;MMR;MMR005D003;MMR005;September;2023;41;68
Myanmar;Sagaing;Yinmarbin;MMR;MMR005D009;MMR005;September;2023;58;66
Myanmar;Shan-East;Tachileik;MMR;MMR016D003;MMR016;September;2023;0;0
Myanmar;Tanintharyi;Kawthoung;MMR;MMR006D003;MMR006;September;2023;4;3
Myanmar;Yangon;Yangon-West;MMR;MMR013D004;MMR013;September;2023;2;0
Myanmar;Ayeyarwady;Hinthada;MMR;MMR017D002;MMR017;September;2023;0;0
Myanmar;Bago-West;Thayarwady;MMR;MMR008D002;MMR008;September;2023;18;42
Myanmar;Kayah;Bawlake;MMR;MMR002D002;MMR002;September;2023;4;3
Myanmar;Mandalay;Pyinoolwin;MMR;MMR010D002;MMR010;September;2023;69;79
Myanmar;Mandalay;Yamethin;MMR;MMR010D006;MMR010;September;2023;1;1
Myanmar;Mon;Mawlamyine;MMR;MMR011D001;MMR011;September;2023;15;17
Myanmar;Nay Pyi Taw;Det Khi Na;MMR;MMR018D002;MMR018;September;2023;1;0
Myanmar;Sagaing;Kanbalu;MMR;MMR005D010;MMR005;September;2023;2;3
Myanmar;Shan-North;Lashio;MMR;MMR015D001;MMR015;September;2023;10;4
Myanmar;Shan-South;Danu Self-Administered Zone;MMR;NA;NA;September;2023;3;2
Myanmar;Tanintharyi;Myeik;MMR;MMR006D002;MMR006;September;2023;55;72
Myanmar;Ayeyarwady;Myaungmya;MMR;MMR017D003;MMR017;October;2023;0;0
Myanmar;Chin;Matupi;MMR;MMR004D004;MMR004;October;2023;4;4
Myanmar;Magway;Magway;MMR;MMR009D001;MMR009;October;2023;4;3
Myanmar;Magway;Minbu;MMR;MMR009D002;MMR009;October;2023;5;14
Myanmar;Sagaing;Hkamti;MMR;MMR005D008;MMR005;October;2023;1;0
Myanmar;Sagaing;Katha;MMR;MMR005D004;MMR005;October;2023;25;31
Myanmar;Sagaing;Shwebo;MMR;MMR005D002;MMR005;October;2023;105;147
Myanmar;Sagaing;Tamu;MMR;MMR005D006;MMR005;October;2023;1;1
Myanmar;Shan-North;Kyaukme;MMR;NA;NA;October;2023;15;30
Myanmar;Shan-North;Matman;MMR;MMR015D007;MMR015;October;2023;0;0
Myanmar;Shan-North;Pa Laung Self-Administered Zone;MMR;NA;NA;October;2023;2;20
Myanmar;Yangon;Yangon-East;MMR;MMR013D002;MMR013;October;2023;11;0
Myanmar;Ayeyarwady;Pathein;MMR;MMR017D001;MMR017;October;2023;0;0
Myanmar;Ayeyarwady;Pyapon;MMR;MMR017D006;MMR017;October;2023;1;0
Myanmar;Bago-East;Taungoo;MMR;MMR007D002;MMR007;October;2023;35;28
Myanmar;Kayah;Loikaw;MMR;MMR002D001;MMR002;October;2023;19;3
Myanmar;Kayin;Kawkareik;MMR;MMR003D003;MMR003;October;2023;36;77
Myanmar;Magway;Thayet;MMR;MMR009D003;MMR009;October;2023;2;6
Myanmar;Mandalay;Kyaukse;MMR;MMR010D003;MMR010;October;2023;0;0
Myanmar;Rakhine;Kyaukpyu;MMR;MMR012D003;MMR012;October;2023;3;1
Myanmar;Shan-East;Monghsat;MMR;MMR016D002;MMR016;October;2023;5;0
Myanmar;Shan-South;Pa-O Self-Administered Zone;MMR;NA;NA;October;2023;0;0
Myanmar;Shan-South;Taunggyi;MMR;MMR014D001;MMR014;October;2023;3;14
Myanmar;Tanintharyi;Dawei;MMR;MMR006D001;MMR006;October;2023;31;89
Myanmar;Yangon;Yangon-North;MMR;MMR013D001;MMR013;October;2023;7;0
Myanmar;Bago-West;Pyay;MMR;MMR008D001;MMR008;October;2023;8;5
Myanmar;Chin;Mindat;MMR;MMR004D002;MMR004;October;2023;1;2
Myanmar;Kachin;Bhamo;MMR;MMR001D003;MMR001;October;2023;17;22
Myanmar;Kachin;Myitkyina;MMR;MMR001D001;MMR001;October;2023;21;33
Myanmar;Magway;Gangaw;MMR;MMR009D005;MMR009;October;2023;16;3
Myanmar;Nay Pyi Taw;Oke Ta Ra;MMR;MMR018D001;MMR018;October;2023;0;0
Myanmar;Rakhine;Thandwe;MMR;MMR012D004;MMR012;October;2023;1;0
Myanmar;Shan-East;Kengtung;MMR;MMR016D001;MMR016;October;2023;0;0
Myanmar;Shan-North;Mongmit;MMR;MMR015D008;MMR015;October;2023;0;0
Myanmar;Yangon;Yangon-South;MMR;MMR013D003;MMR013;October;2023;0;0
Myanmar;Ayeyarwady;Labutta;MMR;MMR017D004;MMR017;October;2023;0;0
Myanmar;Ayeyarwady;Maubin;MMR;MMR017D005;MMR017;October;2023;0;0
Myanmar;Magway;Pakokku;MMR;MMR009D004;MMR009;October;2023;104;176
Myanmar;Mandalay;Myingyan;MMR;MMR010D004;MMR010;October;2023;30;93
Myanmar;Rakhine;Maungdaw;MMR;MMR012D002;MMR012;October;2023;1;0
Myanmar;Rakhine;Mrauk-U;MMR;MMR012D005;MMR012;October;2023;1;0
Myanmar;Shan-North;Hopang;MMR;MMR015D006;MMR015;October;2023;2;0
Myanmar;Shan-North;Kokang Self-Administered Zone;MMR;MMR015D221;MMR015;October;2023;21;170
Myanmar;Shan-North;Muse;MMR;MMR015D002;MMR015;October;2023;49;73
Myanmar;Sagaing;Kale;MMR;MMR005D005;MMR005;October;2023;8;11
Myanmar;Sagaing;Sagaing;MMR;MMR005D001;MMR005;October;2023;61;48
Myanmar;Bago-East;Bago;MMR;MMR007D001;MMR007;October;2023;39;30
Myanmar;Chin;Hakha;MMR;MMR004D003;MMR004;October;2023;1;0
Myanmar;Kachin;Mohnyin;MMR;MMR001D002;MMR001;October;2023;24;25
Myanmar;Kachin;Puta-O;MMR;MMR001D004;MMR001;October;2023;1;0
Myanmar;Kayin;Hpa-An;MMR;MMR003D001;MMR003;October;2023;3;1
Myanmar;Kayin;Myawaddy;MMR;MMR003D002;MMR003;October;2023;6;8
Myanmar;Mandalay;Mandalay;MMR;MMR010D001;MMR010;October;2023;10;7
Myanmar;Mandalay;Meiktila;MMR;MMR010D007;MMR010;October;2023;2;1
Myanmar;Sagaing;Kawlin;MMR;MMR005D011;MMR005;October;2023;10;5
Myanmar;Sagaing;Naga Self-Administered Zone;MMR;NA;NA;October;2023;0;0
Myanmar;Shan-South;Langkho;MMR;MMR014D003;MMR014;October;2023;0;0
Myanmar;Shan-South;Loilen;MMR;MMR014D002;MMR014;October;2023;2;2
Myanmar;Chin;Falam;MMR;MMR004D001;MMR004;October;2023;2;1
Myanmar;Kayin;Hpapun;MMR;MMR003D004;MMR003;October;2023;6;7
Myanmar;Mandalay;Nyaung-U;MMR;MMR010D005;MMR010;October;2023;1;0
Myanmar;Mon;Thaton;MMR;MMR011D002;MMR011;October;2023;12;17
Myanmar;Rakhine;Sittwe;MMR;MMR012D001;MMR012;October;2023;2;2
Myanmar;Sagaing;Mawlaik;MMR;MMR005D007;MMR005;October;2023;4;4
Myanmar;Sagaing;Monywa;MMR;MMR005D003;MMR005;October;2023;41;67
Myanmar;Sagaing;Yinmarbin;MMR;MMR005D009;MMR005;October;2023;61;73
Myanmar;Shan-East;Tachileik;MMR;MMR016D003;MMR016;October;2023;0;0
Myanmar;Tanintharyi;Kawthoung;MMR;MMR006D003;MMR006;October;2023;2;4
Myanmar;Yangon;Yangon-West;MMR;MMR013D004;MMR013;October;2023;5;2
Myanmar;Ayeyarwady;Hinthada;MMR;MMR017D002;MMR017;October;2023;0;0
Myanmar;Bago-West;Thayarwady;MMR;MMR008D002;MMR008;October;2023;19;19
Myanmar;Kayah;Bawlake;MMR;MMR002D002;MMR002;October;2023;1;7
Myanmar;Mandalay;Pyinoolwin;MMR;MMR010D002;MMR010;October;2023;58;69
Myanmar;Mandalay;Yamethin;MMR;MMR010D006;MMR010;October;2023;0;0
Myanmar;Mon;Mawlamyine;MMR;MMR011D001;MMR011;October;2023;10;20
Myanmar;Nay Pyi Taw;Det Khi Na;MMR;MMR018D002;MMR018;October;2023;1;0
Myanmar;Sagaing;Kanbalu;MMR;MMR005D010;MMR005;October;2023;21;27
Myanmar;Shan-North;Lashio;MMR;MMR015D001;MMR015;October;2023;63;103
Myanmar;Shan-South;Danu Self-Administered Zone;MMR;NA;NA;October;2023;2;1
Myanmar;Tanintharyi;Myeik;MMR;MMR006D002;MMR006;October;2023;30;71
Myanmar;Ayeyarwady;Myaungmya;MMR;MMR017D003;MMR017;November;2023;0;0
Myanmar;Chin;Matupi;MMR;MMR004D004;MMR004;November;2023;25;30
Myanmar;Magway;Magway;MMR;MMR009D001;MMR009;November;2023;8;17
Myanmar;Magway;Minbu;MMR;MMR009D002;MMR009;November;2023;5;32
Myanmar;Sagaing;Hkamti;MMR;MMR005D008;MMR005;November;2023;18;4
Myanmar;Sagaing;Katha;MMR;MMR005D004;MMR005;November;2023;38;55
Myanmar;Sagaing;Shwebo;MMR;MMR005D002;MMR005;November;2023;56;148
Myanmar;Sagaing;Tamu;MMR;MMR005D006;MMR005;November;2023;22;24
Myanmar;Shan-North;Kyaukme;MMR;NA;NA;November;2023;109;38
Myanmar;Shan-North;Matman;MMR;MMR015D007;MMR015;November;2023;0;0
Myanmar;Shan-North;Pa Laung Self-Administered Zone;MMR;NA;NA;November;2023;11;6
Myanmar;Yangon;Yangon-East;MMR;MMR013D002;MMR013;November;2023;8;3
Myanmar;Ayeyarwady;Pathein;MMR;MMR017D001;MMR017;November;2023;0;0
Myanmar;Ayeyarwady;Pyapon;MMR;MMR017D006;MMR017;November;2023;0;0
Myanmar;Bago-East;Taungoo;MMR;MMR007D002;MMR007;November;2023;55;85
Myanmar;Kayah;Loikaw;MMR;MMR002D001;MMR002;November;2023;49;190
Myanmar;Kayin;Kawkareik;MMR;MMR003D003;MMR003;November;2023;25;12
Myanmar;Magway;Thayet;MMR;MMR009D003;MMR009;November;2023;6;15
Myanmar;Mandalay;Kyaukse;MMR;MMR010D003;MMR010;November;2023;1;0
Myanmar;Rakhine;Kyaukpyu;MMR;MMR012D003;MMR012;November;2023;4;2
Myanmar;Shan-East;Monghsat;MMR;MMR016D002;MMR016;November;2023;1;0
Myanmar;Shan-South;Pa-O Self-Administered Zone;MMR;NA;NA;November;2023;1;1
Myanmar;Shan-South;Taunggyi;MMR;MMR014D001;MMR014;November;2023;10;11
Myanmar;Tanintharyi;Dawei;MMR;MMR006D001;MMR006;November;2023;23;55
Myanmar;Yangon;Yangon-North;MMR;MMR013D001;MMR013;November;2023;2;0
Myanmar;Bago-West;Pyay;MMR;MMR008D001;MMR008;November;2023;13;26
Myanmar;Chin;Mindat;MMR;MMR004D002;MMR004;November;2023;3;2
Myanmar;Kachin;Bhamo;MMR;MMR001D003;MMR001;November;2023;6;5
Myanmar;Kachin;Myitkyina;MMR;MMR001D001;MMR001;November;2023;14;10
Myanmar;Magway;Gangaw;MMR;MMR009D005;MMR009;November;2023;13;24
Myanmar;Nay Pyi Taw;Oke Ta Ra;MMR;MMR018D001;MMR018;November;2023;0;0
Myanmar;Rakhine;Thandwe;MMR;MMR012D004;MMR012;November;2023;0;0
Myanmar;Shan-East;Kengtung;MMR;MMR016D001;MMR016;November;2023;1;2
Myanmar;Shan-North;Mongmit;MMR;MMR015D008;MMR015;November;2023;2;0
Myanmar;Yangon;Yangon-South;MMR;MMR013D003;MMR013;November;2023;5;0
Myanmar;Ayeyarwady;Labutta;MMR;MMR017D004;MMR017;November;2023;0;0
Myanmar;Ayeyarwady;Maubin;MMR;MMR017D005;MMR017;November;2023;0;0
Myanmar;Magway;Pakokku;MMR;MMR009D004;MMR009;November;2023;65;139
Myanmar;Mandalay;Myingyan;MMR;MMR010D004;MMR010;November;2023;45;108
Myanmar;Rakhine;Maungdaw;MMR;MMR012D002;MMR012;November;2023;20;32
Myanmar;Rakhine;Mrauk-U;MMR;MMR012D005;MMR012;November;2023;18;24
Myanmar;Shan-North;Hopang;MMR;MMR015D006;MMR015;November;2023;1;1
Myanmar;Shan-North;Kokang Self-Administered Zone;MMR;MMR015D221;MMR015;November;2023;76;159
Myanmar;Shan-North;Muse;MMR;MMR015D002;MMR015;November;2023;152;141
Myanmar;Sagaing;Kale;MMR;MMR005D005;MMR005;November;2023;25;80
Myanmar;Sagaing;Sagaing;MMR;MMR005D001;MMR005;November;2023;38;38
Myanmar;Bago-East;Bago;MMR;MMR007D001;MMR007;November;2023;24;22
Myanmar;Chin;Hakha;MMR;MMR004D003;MMR004;November;2023;2;7
Myanmar;Kachin;Mohnyin;MMR;MMR001D002;MMR001;November;2023;12;3
Myanmar;Kachin;Puta-O;MMR;MMR001D004;MMR001;November;2023;0;0
Myanmar;Kayin;Hpa-An;MMR;MMR003D001;MMR003;November;2023;5;4
Myanmar;Kayin;Myawaddy;MMR;MMR003D002;MMR003;November;2023;4;1
Myanmar;Mandalay;Mandalay;MMR;MMR010D001;MMR010;November;2023;12;6
Myanmar;Mandalay;Meiktila;MMR;MMR010D007;MMR010;November;2023;1;1
Myanmar;Sagaing;Kawlin;MMR;MMR005D011;MMR005;November;2023;17;82
Myanmar;Sagaing;Naga Self-Administered Zone;MMR;NA;NA;November;2023;0;0
Myanmar;Shan-South;Langkho;MMR;MMR014D003;MMR014;November;2023;0;0
Myanmar;Shan-South;Loilen;MMR;MMR014D002;MMR014;November;2023;0;0
Myanmar;Chin;Falam;MMR;MMR004D001;MMR004;November;2023;11;28
Myanmar;Kayin;Hpapun;MMR;MMR003D004;MMR003;November;2023;1;11
Myanmar;Mandalay;Nyaung-U;MMR;MMR010D005;MMR010;November;2023;0;0
Myanmar;Mon;Thaton;MMR;MMR011D002;MMR011;November;2023;23;18
Myanmar;Rakhine;Sittwe;MMR;MMR012D001;MMR012;November;2023;44;124
Myanmar;Sagaing;Mawlaik;MMR;MMR005D007;MMR005;November;2023;27;0
Myanmar;Sagaing;Monywa;MMR;MMR005D003;MMR005;November;2023;34;85
Myanmar;Sagaing;Yinmarbin;MMR;MMR005D009;MMR005;November;2023;40;134
Myanmar;Shan-East;Tachileik;MMR;MMR016D003;MMR016;November;2023;0;0
Myanmar;Tanintharyi;Kawthoung;MMR;MMR006D003;MMR006;November;2023;2;4
Myanmar;Yangon;Yangon-West;MMR;MMR013D004;MMR013;November;2023;4;0
Myanmar;Ayeyarwady;Hinthada;MMR;MMR017D002;MMR017;November;2023;0;0
Myanmar;Bago-West;Thayarwady;MMR;MMR008D002;MMR008;November;2023;12;12
Myanmar;Kayah;Bawlake;MMR;MMR002D002;MMR002;November;2023;7;38
Myanmar;Mandalay;Pyinoolwin;MMR;MMR010D002;MMR010;November;2023;31;114
Myanmar;Mandalay;Yamethin;MMR;MMR010D006;MMR010;November;2023;2;2
Myanmar;Mon;Mawlamyine;MMR;MMR011D001;MMR011;November;2023;37;47
Myanmar;Nay Pyi Taw;Det Khi Na;MMR;MMR018D002;MMR018;November;2023;1;0
Myanmar;Sagaing;Kanbalu;MMR;MMR005D010;MMR005;November;2023;19;150
Myanmar;Shan-North;Lashio;MMR;MMR015D001;MMR015;November;2023;88;72
Myanmar;Shan-South;Danu Self-Administered Zone;MMR;NA;NA;November;2023;2;0
Myanmar;Tanintharyi;Myeik;MMR;MMR006D002;MMR006;November;2023;17;18
Myanmar;Ayeyarwady;Myaungmya;MMR;MMR017D003;MMR017;December;2023;0;0
Myanmar;Chin;Matupi;MMR;MMR004D004;MMR004;December;2023;34;20
Myanmar;Magway;Magway;MMR;MMR009D001;MMR009;December;2023;5;41
Myanmar;Magway;Minbu;MMR;MMR009D002;MMR009;December;2023;1;1
Myanmar;Sagaing;Hkamti;MMR;MMR005D008;MMR005;December;2023;8;10
Myanmar;Sagaing;Katha;MMR;MMR005D004;MMR005;December;2023;43;38
Myanmar;Sagaing;Shwebo;MMR;MMR005D002;MMR005;December;2023;36;52
Myanmar;Sagaing;Tamu;MMR;MMR005D006;MMR005;December;2023;24;50
Myanmar;Shan-North;Kyaukme;MMR;NA;NA;December;2023;63;21
Myanmar;Shan-North;Matman;MMR;MMR015D007;MMR015;December;2023;0;0
Myanmar;Shan-North;Pa Laung Self-Administered Zone;MMR;NA;NA;December;2023;40;20
Myanmar;Yangon;Yangon-East;MMR;MMR013D002;MMR013;December;2023;23;2
Myanmar;Ayeyarwady;Pathein;MMR;MMR017D001;MMR017;December;2023;2;0
Myanmar;Ayeyarwady;Pyapon;MMR;MMR017D006;MMR017;December;2023;1;0
Myanmar;Bago-East;Taungoo;MMR;MMR007D002;MMR007;December;2023;87;194
Myanmar;Kayah;Loikaw;MMR;MMR002D001;MMR002;December;2023;20;47
Myanmar;Kayin;Kawkareik;MMR;MMR003D003;MMR003;December;2023;29;64
Myanmar;Magway;Thayet;MMR;MMR009D003;MMR009;December;2023;2;21
Myanmar;Mandalay;Kyaukse;MMR;MMR010D003;MMR010;December;2023;4;3
Myanmar;Rakhine;Kyaukpyu;MMR;MMR012D003;MMR012;December;2023;23;5
Myanmar;Shan-East;Monghsat;MMR;MMR016D002;MMR016;December;2023;0;0
Myanmar;Shan-South;Pa-O Self-Administered Zone;MMR;NA;NA;December;2023;0;0
Myanmar;Shan-South;Taunggyi;MMR;MMR014D001;MMR014;December;2023;11;3
Myanmar;Tanintharyi;Dawei;MMR;MMR006D001;MMR006;December;2023;27;73
Myanmar;Yangon;Yangon-North;MMR;MMR013D001;MMR013;December;2023;8;0
Myanmar;Bago-West;Pyay;MMR;MMR008D001;MMR008;December;2023;9;4
Myanmar;Chin;Mindat;MMR;MMR004D002;MMR004;December;2023;10;10
Myanmar;Kachin;Bhamo;MMR;MMR001D003;MMR001;December;2023;8;5
Myanmar;Kachin;Myitkyina;MMR;MMR001D001;MMR001;December;2023;17;7
Myanmar;Magway;Gangaw;MMR;MMR009D005;MMR009;December;2023;21;20
Myanmar;Nay Pyi Taw;Oke Ta Ra;MMR;MMR018D001;MMR018;December;2023;0;0
Myanmar;Rakhine;Thandwe;MMR;MMR012D004;MMR012;December;2023;2;3
Myanmar;Shan-East;Kengtung;MMR;MMR016D001;MMR016;December;2023;0;0
Myanmar;Shan-North;Mongmit;MMR;MMR015D008;MMR015;December;2023;3;2
Myanmar;Yangon;Yangon-South;MMR;MMR013D003;MMR013;December;2023;4;1
Myanmar;Ayeyarwady;Labutta;MMR;MMR017D004;MMR017;December;2023;0;0
Myanmar;Ayeyarwady;Maubin;MMR;MMR017D005;MMR017;December;2023;0;0
Myanmar;Magway;Pakokku;MMR;MMR009D004;MMR009;December;2023;79;94
Myanmar;Mandalay;Myingyan;MMR;MMR010D004;MMR010;December;2023;38;70
Myanmar;Rakhine;Maungdaw;MMR;MMR012D002;MMR012;December;2023;20;6
Myanmar;Rakhine;Mrauk-U;MMR;MMR012D005;MMR012;December;2023;69;34
Myanmar;Shan-North;Hopang;MMR;MMR015D006;MMR015;December;2023;0;0
Myanmar;Shan-North;Kokang Self-Administered Zone;MMR;MMR015D221;MMR015;December;2023;42;94
Myanmar;Shan-North;Muse;MMR;MMR015D002;MMR015;December;2023;120;75
Myanmar;Sagaing;Kale;MMR;MMR005D005;MMR005;December;2023;3;2
Myanmar;Sagaing;Sagaing;MMR;MMR005D001;MMR005;December;2023;47;33
Myanmar;Bago-East;Bago;MMR;MMR007D001;MMR007;December;2023;65;38
Myanmar;Chin;Hakha;MMR;MMR004D003;MMR004;December;2023;4;11
Myanmar;Kachin;Mohnyin;MMR;MMR001D002;MMR001;December;2023;7;3
Myanmar;Kachin;Puta-O;MMR;MMR001D004;MMR001;December;2023;0;0
Myanmar;Kayin;Hpa-An;MMR;MMR003D001;MMR003;December;2023;3;0
Myanmar;Kayin;Myawaddy;MMR;MMR003D002;MMR003;December;2023;4;0
Myanmar;Mandalay;Mandalay;MMR;MMR010D001;MMR010;December;2023;14;3
Myanmar;Mandalay;Meiktila;MMR;MMR010D007;MMR010;December;2023;5;8
Myanmar;Sagaing;Kawlin;MMR;MMR005D011;MMR005;December;2023;5;17
Myanmar;Sagaing;Naga Self-Administered Zone;MMR;NA;NA;December;2023;0;0
Myanmar;Shan-South;Langkho;MMR;MMR014D003;MMR014;December;2023;0;0
Myanmar;Shan-South;Loilen;MMR;MMR014D002;MMR014;December;2023;0;0
Myanmar;Chin;Falam;MMR;MMR004D001;MMR004;December;2023;1;0
Myanmar;Kayin;Hpapun;MMR;MMR003D004;MMR003;December;2023;3;81
Myanmar;Mandalay;Nyaung-U;MMR;MMR010D005;MMR010;December;2023;0;0
Myanmar;Mon;Thaton;MMR;MMR011D002;MMR011;December;2023;26;51
Myanmar;Rakhine;Sittwe;MMR;MMR012D001;MMR012;December;2023;45;3
Myanmar;Sagaing;Mawlaik;MMR;MMR005D007;MMR005;December;2023;8;2
Myanmar;Sagaing;Monywa;MMR;MMR005D003;MMR005;December;2023;63;90
Myanmar;Sagaing;Yinmarbin;MMR;MMR005D009;MMR005;December;2023;25;33
Myanmar;Shan-East;Tachileik;MMR;MMR016D003;MMR016;December;2023;0;0
Myanmar;Tanintharyi;Kawthoung;MMR;MMR006D003;MMR006;December;2023;3;2
Myanmar;Yangon;Yangon-West;MMR;MMR013D004;MMR013;December;2023;6;1
Myanmar;Ayeyarwady;Hinthada;MMR;MMR017D002;MMR017;December;2023;2;2
Myanmar;Bago-West;Thayarwady;MMR;MMR008D002;MMR008;December;2023;20;31
Myanmar;Kayah;Bawlake;MMR;MMR002D002;MMR002;December;2023;0;0
Myanmar;Mandalay;Pyinoolwin;MMR;MMR010D002;MMR010;December;2023;32;33
Myanmar;Mandalay;Yamethin;MMR;MMR010D006;MMR010;December;2023;0;0
Myanmar;Mon;Mawlamyine;MMR;MMR011D001;MMR011;December;2023;23;10
Myanmar;Nay Pyi Taw;Det Khi Na;MMR;MMR018D002;MMR018;December;2023;0;0
Myanmar;Sagaing;Kanbalu;MMR;MMR005D010;MMR005;December;2023;16;4
Myanmar;Shan-North;Lashio;MMR;MMR015D001;MMR015;December;2023;24;11
Myanmar;Shan-South;Danu Self-Administered Zone;MMR;NA;NA;December;2023;1;0
Myanmar;Tanintharyi;Myeik;MMR;MMR006D002;MMR006;December;2023;17;25
Myanmar;Ayeyarwady;Myaungmya;MMR;MMR017D003;MMR017;January;2024;0;0
Myanmar;Chin;Matupi;MMR;MMR004D004;MMR004;January;2024;44;36
Myanmar;Magway;Magway;MMR;MMR009D001;MMR009;January;2024;3;2
Myanmar;Magway;Minbu;MMR;MMR009D002;MMR009;January;2024;3;1
Myanmar;Sagaing;Hkamti;MMR;MMR005D008;MMR005;January;2024;8;17
Myanmar;Sagaing;Katha;MMR;MMR005D004;MMR005;January;2024;13;3
Myanmar;Sagaing;Shwebo;MMR;MMR005D002;MMR005;January;2024;64;112
Myanmar;Sagaing;Tamu;MMR;MMR005D006;MMR005;January;2024;4;22
Myanmar;Shan-North;Kyaukme;MMR;NA;NA;January;2024;41;7
Myanmar;Shan-North;Matman;MMR;MMR015D007;MMR015;January;2024;0;0
Myanmar;Shan-North;Pa Laung Self-Administered Zone;MMR;NA;NA;January;2024;5;5
Myanmar;Yangon;Yangon-East;MMR;MMR013D002;MMR013;January;2024;5;0
Myanmar;Ayeyarwady;Pathein;MMR;MMR017D001;MMR017;January;2024;2;2
Myanmar;Ayeyarwady;Pyapon;MMR;MMR017D006;MMR017;January;2024;0;0
Myanmar;Bago-East;Taungoo;MMR;MMR007D002;MMR007;January;2024;61;190
Myanmar;Kayah;Loikaw;MMR;MMR002D001;MMR002;January;2024;12;1
Myanmar;Kayin;Kawkareik;MMR;MMR003D003;MMR003;January;2024;18;26
Myanmar;Magway;Thayet;MMR;MMR009D003;MMR009;January;2024;5;25
Myanmar;Mandalay;Kyaukse;MMR;MMR010D003;MMR010;January;2024;6;10
Myanmar;Rakhine;Kyaukpyu;MMR;MMR012D003;MMR012;January;2024;12;3
Myanmar;Shan-East;Monghsat;MMR;MMR016D002;MMR016;January;2024;0;0
Myanmar;Shan-South;Pa-O Self-Administered Zone;MMR;NA;NA;January;2024;30;66
Myanmar;Shan-South;Taunggyi;MMR;MMR014D001;MMR014;January;2024;10;24
Myanmar;Tanintharyi;Dawei;MMR;MMR006D001;MMR006;January;2024;26;59
Myanmar;Yangon;Yangon-North;MMR;MMR013D001;MMR013;January;2024;6;1
Myanmar;Bago-West;Pyay;MMR;MMR008D001;MMR008;January;2024;14;17
Myanmar;Chin;Mindat;MMR;MMR004D002;MMR004;January;2024;6;3
Myanmar;Kachin;Bhamo;MMR;MMR001D003;MMR001;January;2024;14;0
Myanmar;Kachin;Myitkyina;MMR;MMR001D001;MMR001;January;2024;11;23
Myanmar;Magway;Gangaw;MMR;MMR009D005;MMR009;January;2024;8;8
Myanmar;Nay Pyi Taw;Oke Ta Ra;MMR;MMR018D001;MMR018;January;2024;0;0
Myanmar;Rakhine;Thandwe;MMR;MMR012D004;MMR012;January;2024;2;1
Myanmar;Shan-East;Kengtung;MMR;MMR016D001;MMR016;January;2024;0;0
Myanmar;Shan-North;Mongmit;MMR;MMR015D008;MMR015;January;2024;45;176
Myanmar;Yangon;Yangon-South;MMR;MMR013D003;MMR013;January;2024;0;0
Myanmar;Ayeyarwady;Labutta;MMR;MMR017D004;MMR017;January;2024;0;0
Myanmar;Ayeyarwady;Maubin;MMR;MMR017D005;MMR017;January;2024;3;0
Myanmar;Magway;Pakokku;MMR;MMR009D004;MMR009;January;2024;98;95
Myanmar;Mandalay;Myingyan;MMR;MMR010D004;MMR010;January;2024;64;106
Myanmar;Rakhine;Maungdaw;MMR;MMR012D002;MMR012;January;2024;22;15
Myanmar;Rakhine;Mrauk-U;MMR;MMR012D005;MMR012;January;2024;102;116
Myanmar;Shan-North;Hopang;MMR;MMR015D006;MMR015;January;2024;2;0
Myanmar;Shan-North;Kokang Self-Administered Zone;MMR;MMR015D221;MMR015;January;2024;4;0
Myanmar;Shan-North;Muse;MMR;MMR015D002;MMR015;January;2024;48;22
Myanmar;Sagaing;Kale;MMR;MMR005D005;MMR005;January;2024;9;5
Myanmar;Sagaing;Sagaing;MMR;MMR005D001;MMR005;January;2024;19;26
Myanmar;Bago-East;Bago;MMR;MMR007D001;MMR007;January;2024;47;10
Myanmar;Chin;Hakha;MMR;MMR004D003;MMR004;January;2024;1;0
Myanmar;Kachin;Mohnyin;MMR;MMR001D002;MMR001;January;2024;27;82
Myanmar;Kachin;Puta-O;MMR;MMR001D004;MMR001;January;2024;3;0
Myanmar;Kayin;Hpa-An;MMR;MMR003D001;MMR003;January;2024;2;4
Myanmar;Kayin;Myawaddy;MMR;MMR003D002;MMR003;January;2024;5;5
Myanmar;Mandalay;Mandalay;MMR;MMR010D001;MMR010;January;2024;8;10
Myanmar;Mandalay;Meiktila;MMR;MMR010D007;MMR010;January;2024;2;4
Myanmar;Sagaing;Kawlin;MMR;MMR005D011;MMR005;January;2024;6;25
Myanmar;Sagaing;Naga Self-Administered Zone;MMR;NA;NA;January;2024;0;0
Myanmar;Shan-South;Langkho;MMR;MMR014D003;MMR014;January;2024;0;0
Myanmar;Shan-South;Loilen;MMR;MMR014D002;MMR014;January;2024;1;1
Myanmar;Chin;Falam;MMR;MMR004D001;MMR004;January;2024;6;38
Myanmar;Kayin;Hpapun;MMR;MMR003D004;MMR003;January;2024;1;0
Myanmar;Mandalay;Nyaung-U;MMR;MMR010D005;MMR010;January;2024;1;1
Myanmar;Mon;Thaton;MMR;MMR011D002;MMR011;January;2024;31;18
Myanmar;Rakhine;Sittwe;MMR;MMR012D001;MMR012;January;2024;40;40
Myanmar;Sagaing;Mawlaik;MMR;MMR005D007;MMR005;January;2024;4;3
Myanmar;Sagaing;Monywa;MMR;MMR005D003;MMR005;January;2024;47;89
Myanmar;Sagaing;Yinmarbin;MMR;MMR005D009;MMR005;January;2024;24;31
Myanmar;Shan-East;Tachileik;MMR;MMR016D003;MMR016;January;2024;0;0
Myanmar;Tanintharyi;Kawthoung;MMR;MMR006D003;MMR006;January;2024;0;0
Myanmar;Yangon;Yangon-West;MMR;MMR013D004;MMR013;January;2024;4;1
Myanmar;Ayeyarwady;Hinthada;MMR;MMR017D002;MMR017;January;2024;1;2
Myanmar;Bago-West;Thayarwady;MMR;MMR008D002;MMR008;January;2024;17;35
Myanmar;Kayah;Bawlake;MMR;MMR002D002;MMR002;January;2024;3;15
Myanmar;Mandalay;Pyinoolwin;MMR;MMR010D002;MMR010;January;2024;45;51
Myanmar;Mandalay;Yamethin;MMR;MMR010D006;MMR010;January;2024;1;1
Myanmar;Mon;Mawlamyine;MMR;MMR011D001;MMR011;January;2024;16;57
Myanmar;Nay Pyi Taw;Det Khi Na;MMR;MMR018D002;MMR018;January;2024;0;0
Myanmar;Sagaing;Kanbalu;MMR;MMR005D010;MMR005;January;2024;6;54
Myanmar;Shan-North;Lashio;MMR;MMR015D001;MMR015;January;2024;32;11
Myanmar;Shan-South;Danu Self-Administered Zone;MMR;NA;NA;January;2024;1;1
Myanmar;Tanintharyi;Myeik;MMR;MMR006D002;MMR006;January;2024;23;37
Myanmar;Ayeyarwady;Myaungmya;MMR;MMR017D003;MMR017;February;2024;0;0
Myanmar;Chin;Matupi;MMR;MMR004D004;MMR004;February;2024;11;16
Myanmar;Magway;Magway;MMR;MMR009D001;MMR009;February;2024;15;13
Myanmar;Magway;Minbu;MMR;MMR009D002;MMR009;February;2024;2;2
Myanmar;Sagaing;Hkamti;MMR;MMR005D008;MMR005;February;2024;2;11
Myanmar;Sagaing;Katha;MMR;MMR005D004;MMR005;February;2024;7;4
Myanmar;Sagaing;Shwebo;MMR;MMR005D002;MMR005;February;2024;69;118
Myanmar;Sagaing;Tamu;MMR;MMR005D006;MMR005;February;2024;4;10
Myanmar;Shan-North;Kyaukme;MMR;NA;NA;February;2024;8;3
Myanmar;Shan-North;Matman;MMR;MMR015D007;MMR015;February;2024;0;0
Myanmar;Shan-North;Pa Laung Self-Administered Zone;MMR;NA;NA;February;2024;1;3
Myanmar;Yangon;Yangon-East;MMR;MMR013D002;MMR013;February;2024;4;0
Myanmar;Ayeyarwady;Pathein;MMR;MMR017D001;MMR017;February;2024;3;0
Myanmar;Ayeyarwady;Pyapon;MMR;MMR017D006;MMR017;February;2024;1;1
Myanmar;Bago-East;Taungoo;MMR;MMR007D002;MMR007;February;2024;49;150
Myanmar;Kayah;Loikaw;MMR;MMR002D001;MMR002;February;2024;12;100
Myanmar;Kayin;Kawkareik;MMR;MMR003D003;MMR003;February;2024;15;22
Myanmar;Magway;Thayet;MMR;MMR009D003;MMR009;February;2024;5;12
Myanmar;Mandalay;Kyaukse;MMR;MMR010D003;MMR010;February;2024;3;5
Myanmar;Rakhine;Kyaukpyu;MMR;MMR012D003;MMR012;February;2024;29;122
Myanmar;Shan-East;Monghsat;MMR;MMR016D002;MMR016;February;2024;0;0
Myanmar;Shan-South;Pa-O Self-Administered Zone;MMR;NA;NA;February;2024;53;78
Myanmar;Shan-South;Taunggyi;MMR;MMR014D001;MMR014;February;2024;4;3
Myanmar;Tanintharyi;Dawei;MMR;MMR006D001;MMR006;February;2024;30;74
Myanmar;Yangon;Yangon-North;MMR;MMR013D001;MMR013;February;2024;15;1
Myanmar;Bago-West;Pyay;MMR;MMR008D001;MMR008;February;2024;13;24
Myanmar;Chin;Mindat;MMR;MMR004D002;MMR004;February;2024;7;2
Myanmar;Kachin;Bhamo;MMR;MMR001D003;MMR001;February;2024;26;54
Myanmar;Kachin;Myitkyina;MMR;MMR001D001;MMR001;February;2024;12;5
Myanmar;Magway;Gangaw;MMR;MMR009D005;MMR009;February;2024;6;18
Myanmar;Nay Pyi Taw;Oke Ta Ra;MMR;MMR018D001;MMR018;February;2024;1;0
Myanmar;Rakhine;Thandwe;MMR;MMR012D004;MMR012;February;2024;3;0
Myanmar;Shan-East;Kengtung;MMR;MMR016D001;MMR016;February;2024;1;1
Myanmar;Shan-North;Mongmit;MMR;MMR015D008;MMR015;February;2024;4;11
Myanmar;Yangon;Yangon-South;MMR;MMR013D003;MMR013;February;2024;0;0
Myanmar;Ayeyarwady;Labutta;MMR;MMR017D004;MMR017;February;2024;0;0
Myanmar;Ayeyarwady;Maubin;MMR;MMR017D005;MMR017;February;2024;0;0
Myanmar;Magway;Pakokku;MMR;MMR009D004;MMR009;February;2024;59;61
Myanmar;Mandalay;Myingyan;MMR;MMR010D004;MMR010;February;2024;36;58
Myanmar;Rakhine;Maungdaw;MMR;MMR012D002;MMR012;February;2024;36;88
Myanmar;Rakhine;Mrauk-U;MMR;MMR012D005;MMR012;February;2024;50;24
Myanmar;Shan-North;Hopang;MMR;MMR015D006;MMR015;February;2024;0;0
Myanmar;Shan-North;Kokang Self-Administered Zone;MMR;MMR015D221;MMR015;February;2024;2;0
Myanmar;Shan-North;Muse;MMR;MMR015D002;MMR015;February;2024;8;4
Myanmar;Sagaing;Kale;MMR;MMR005D005;MMR005;February;2024;36;34
Myanmar;Sagaing;Sagaing;MMR;MMR005D001;MMR005;February;2024;17;20
Myanmar;Bago-East;Bago;MMR;MMR007D001;MMR007;February;2024;33;13
Myanmar;Chin;Hakha;MMR;MMR004D003;MMR004;February;2024;0;0
Myanmar;Kachin;Mohnyin;MMR;MMR001D002;MMR001;February;2024;23;42
Myanmar;Kachin;Puta-O;MMR;MMR001D004;MMR001;February;2024;0;0
Myanmar;Kayin;Hpa-An;MMR;MMR003D001;MMR003;February;2024;6;31
Myanmar;Kayin;Myawaddy;MMR;MMR003D002;MMR003;February;2024;3;1
Myanmar;Mandalay;Mandalay;MMR;MMR010D001;MMR010;February;2024;2;0
Myanmar;Mandalay;Meiktila;MMR;MMR010D007;MMR010;February;2024;1;1
Myanmar;Sagaing;Kawlin;MMR;MMR005D011;MMR005;February;2024;28;13
Myanmar;Sagaing;Naga Self-Administered Zone;MMR;NA;NA;February;2024;0;0
Myanmar;Shan-South;Langkho;MMR;MMR014D003;MMR014;February;2024;2;0
Myanmar;Shan-South;Loilen;MMR;MMR014D002;MMR014;February;2024;11;3
Myanmar;Chin;Falam;MMR;MMR004D001;MMR004;February;2024;0;0
Myanmar;Kayin;Hpapun;MMR;MMR003D004;MMR003;February;2024;2;0
Myanmar;Mandalay;Nyaung-U;MMR;MMR010D005;MMR010;February;2024;0;0
Myanmar;Mon;Thaton;MMR;MMR011D002;MMR011;February;2024;18;11
Myanmar;Rakhine;Sittwe;MMR;MMR012D001;MMR012;February;2024;38;17
Myanmar;Sagaing;Mawlaik;MMR;MMR005D007;MMR005;February;2024;4;4
Myanmar;Sagaing;Monywa;MMR;MMR005D003;MMR005;February;2024;57;82
Myanmar;Sagaing;Yinmarbin;MMR;MMR005D009;MMR005;February;2024;23;22
Myanmar;Shan-East;Tachileik;MMR;MMR016D003;MMR016;February;2024;1;0
Myanmar;Tanintharyi;Kawthoung;MMR;MMR006D003;MMR006;February;2024;2;2
Myanmar;Yangon;Yangon-West;MMR;MMR013D004;MMR013;February;2024;3;0
Myanmar;Ayeyarwady;Hinthada;MMR;MMR017D002;MMR017;February;2024;3;0
Myanmar;Bago-West;Thayarwady;MMR;MMR008D002;MMR008;February;2024;7;52
Myanmar;Kayah;Bawlake;MMR;MMR002D002;MMR002;February;2024;4;12
Myanmar;Mandalay;Pyinoolwin;MMR;MMR010D002;MMR010;February;2024;26;20
Myanmar;Mandalay;Yamethin;MMR;MMR010D006;MMR010;February;2024;0;0
Myanmar;Mon;Mawlamyine;MMR;MMR011D001;MMR011;February;2024;15;16
Myanmar;Nay Pyi Taw;Det Khi Na;MMR;MMR018D002;MMR018;February;2024;0;0
Myanmar;Sagaing;Kanbalu;MMR;MMR005D010;MMR005;February;2024;24;22
Myanmar;Shan-North;Lashio;MMR;MMR015D001;MMR015;February;2024;4;0
Myanmar;Shan-South;Danu Self-Administered Zone;MMR;NA;NA;February;2024;0;0
Myanmar;Tanintharyi;Myeik;MMR;MMR006D002;MMR006;February;2024;25;29
Myanmar;Ayeyarwady;Myaungmya;MMR;MMR017D003;MMR017;March;2024;0;0
Myanmar;Chin;Matupi;MMR;MMR004D004;MMR004;March;2024;3;1
Myanmar;Magway;Magway;MMR;MMR009D001;MMR009;March;2024;8;22
Myanmar;Magway;Minbu;MMR;MMR009D002;MMR009;March;2024;7;44
Myanmar;Sagaing;Hkamti;MMR;MMR005D008;MMR005;March;2024;9;0
Myanmar;Sagaing;Katha;MMR;MMR005D004;MMR005;March;2024;6;0
Myanmar;Sagaing;Shwebo;MMR;MMR005D002;MMR005;March;2024;51;83
Myanmar;Sagaing;Tamu;MMR;MMR005D006;MMR005;March;2024;0;0
Myanmar;Shan-North;Kyaukme;MMR;NA;NA;March;2024;3;1
Myanmar;Shan-North;Matman;MMR;MMR015D007;MMR015;March;2024;0;0
Myanmar;Shan-North;Pa Laung Self-Administered Zone;MMR;NA;NA;March;2024;1;0
Myanmar;Yangon;Yangon-East;MMR;MMR013D002;MMR013;March;2024;16;3
Myanmar;Ayeyarwady;Pathein;MMR;MMR017D001;MMR017;March;2024;0;0
Myanmar;Ayeyarwady;Pyapon;MMR;MMR017D006;MMR017;March;2024;2;0
Myanmar;Bago-East;Taungoo;MMR;MMR007D002;MMR007;March;2024;68;33
Myanmar;Kayah;Loikaw;MMR;MMR002D001;MMR002;March;2024;5;5
Myanmar;Kayin;Kawkareik;MMR;MMR003D003;MMR003;March;2024;23;50
Myanmar;Magway;Thayet;MMR;MMR009D003;MMR009;March;2024;5;15
Myanmar;Mandalay;Kyaukse;MMR;MMR010D003;MMR010;March;2024;3;2
Myanmar;Rakhine;Kyaukpyu;MMR;MMR012D003;MMR012;March;2024;42;173
Myanmar;Shan-East;Monghsat;MMR;MMR016D002;MMR016;March;2024;0;0
Myanmar;Shan-South;Pa-O Self-Administered Zone;MMR;NA;NA;March;2024;57;32
Myanmar;Shan-South;Taunggyi;MMR;MMR014D001;MMR014;March;2024;9;13
Myanmar;Tanintharyi;Dawei;MMR;MMR006D001;MMR006;March;2024;39;103
Myanmar;Yangon;Yangon-North;MMR;MMR013D001;MMR013;March;2024;15;8
Myanmar;Bago-West;Pyay;MMR;MMR008D001;MMR008;March;2024;13;12
Myanmar;Chin;Mindat;MMR;MMR004D002;MMR004;March;2024;14;3
Myanmar;Kachin;Bhamo;MMR;MMR001D003;MMR001;March;2024;67;42
Myanmar;Kachin;Myitkyina;MMR;MMR001D001;MMR001;March;2024;38;21
Myanmar;Magway;Gangaw;MMR;MMR009D005;MMR009;March;2024;7;13
Myanmar;Nay Pyi Taw;Oke Ta Ra;MMR;MMR018D001;MMR018;March;2024;0;0
Myanmar;Rakhine;Thandwe;MMR;MMR012D004;MMR012;March;2024;5;31
Myanmar;Shan-East;Kengtung;MMR;MMR016D001;MMR016;March;2024;0;0
Myanmar;Shan-North;Mongmit;MMR;MMR015D008;MMR015;March;2024;1;0
Myanmar;Yangon;Yangon-South;MMR;MMR013D003;MMR013;March;2024;0;0
Myanmar;Ayeyarwady;Labutta;MMR;MMR017D004;MMR017;March;2024;0;0
Myanmar;Ayeyarwady;Maubin;MMR;MMR017D005;MMR017;March;2024;0;0
Myanmar;Magway;Pakokku;MMR;MMR009D004;MMR009;March;2024;70;129
Myanmar;Mandalay;Myingyan;MMR;MMR010D004;MMR010;March;2024;47;95
Myanmar;Rakhine;Maungdaw;MMR;MMR012D002;MMR012;March;2024;19;47
Myanmar;Rakhine;Mrauk-U;MMR;MMR012D005;MMR012;March;2024;41;46
Myanmar;Shan-North;Hopang;MMR;MMR015D006;MMR015;March;2024;1;0
Myanmar;Shan-North;Kokang Self-Administered Zone;MMR;MMR015D221;MMR015;March;2024;0;0
Myanmar;Shan-North;Muse;MMR;MMR015D002;MMR015;March;2024;9;5
Myanmar;Sagaing;Kale;MMR;MMR005D005;MMR005;March;2024;37;58
Myanmar;Sagaing;Sagaing;MMR;MMR005D001;MMR005;March;2024;36;43
Myanmar;Bago-East;Bago;MMR;MMR007D001;MMR007;March;2024;16;21
Myanmar;Chin;Hakha;MMR;MMR004D003;MMR004;March;2024;12;5
Myanmar;Kachin;Mohnyin;MMR;MMR001D002;MMR001;March;2024;31;83
Myanmar;Kachin;Puta-O;MMR;MMR001D004;MMR001;March;2024;11;0
Myanmar;Kayin;Hpa-An;MMR;MMR003D001;MMR003;March;2024;1;3
Myanmar;Kayin;Myawaddy;MMR;MMR003D002;MMR003;March;2024;38;70
Myanmar;Mandalay;Mandalay;MMR;MMR010D001;MMR010;March;2024;6;2
Myanmar;Mandalay;Meiktila;MMR;MMR010D007;MMR010;March;2024;4;3
Myanmar;Sagaing;Kawlin;MMR;MMR005D011;MMR005;March;2024;16;19
Myanmar;Sagaing;Naga Self-Administered Zone;MMR;NA;NA;March;2024;0;0
Myanmar;Shan-South;Langkho;MMR;MMR014D003;MMR014;March;2024;1;0
Myanmar;Shan-South;Loilen;MMR;MMR014D002;MMR014;March;2024;3;0
Myanmar;Chin;Falam;MMR;MMR004D001;MMR004;March;2024;2;0
Myanmar;Kayin;Hpapun;MMR;MMR003D004;MMR003;March;2024;20;18
Myanmar;Mandalay;Nyaung-U;MMR;MMR010D005;MMR010;March;2024;1;1
Myanmar;Mon;Thaton;MMR;MMR011D002;MMR011;March;2024;20;10
Myanmar;Rakhine;Sittwe;MMR;MMR012D001;MMR012;March;2024;49;142
Myanmar;Sagaing;Mawlaik;MMR;MMR005D007;MMR005;March;2024;2;0
Myanmar;Sagaing;Monywa;MMR;MMR005D003;MMR005;March;2024;62;101
Myanmar;Sagaing;Yinmarbin;MMR;MMR005D009;MMR005;March;2024;39;83
Myanmar;Shan-East;Tachileik;MMR;MMR016D003;MMR016;March;2024;1;0
Myanmar;Tanintharyi;Kawthoung;MMR;MMR006D003;MMR006;March;2024;2;6
Myanmar;Yangon;Yangon-West;MMR;MMR013D004;MMR013;March;2024;6;24
Myanmar;Ayeyarwady;Hinthada;MMR;MMR017D002;MMR017;March;2024;1;1
Myanmar;Bago-West;Thayarwady;MMR;MMR008D002;MMR008;March;2024;37;136
Myanmar;Kayah;Bawlake;MMR;MMR002D002;MMR002;March;2024;7;42
Myanmar;Mandalay;Pyinoolwin;MMR;MMR010D002;MMR010;March;2024;32;50
Myanmar;Mandalay;Yamethin;MMR;MMR010D006;MMR010;March;2024;1;1
Myanmar;Mon;Mawlamyine;MMR;MMR011D001;MMR011;March;2024;23;20
Myanmar;Nay Pyi Taw;Det Khi Na;MMR;MMR018D002;MMR018;March;2024;0;0
Myanmar;Sagaing;Kanbalu;MMR;MMR005D010;MMR005;March;2024;3;2
Myanmar;Shan-North;Lashio;MMR;MMR015D001;MMR015;March;2024;9;1
Myanmar;Shan-South;Danu Self-Administered Zone;MMR;NA;NA;March;2024;7;11
Myanmar;Tanintharyi;Myeik;MMR;MMR006D002;MMR006;March;2024;32;23
Myanmar;Ayeyarwady;Myaungmya;MMR;MMR017D003;MMR017;April;2024;0;0
Myanmar;Chin;Matupi;MMR;MMR004D004;MMR004;April;2024;3;2
Myanmar;Magway;Magway;MMR;MMR009D001;MMR009;April;2024;13;7
Myanmar;Magway;Minbu;MMR;MMR009D002;MMR009;April;2024;9;4
Myanmar;Sagaing;Hkamti;MMR;MMR005D008;MMR005;April;2024;16;78
Myanmar;Sagaing;Katha;MMR;MMR005D004;MMR005;April;2024;7;1
Myanmar;Sagaing;Shwebo;MMR;MMR005D002;MMR005;April;2024;49;51
Myanmar;Sagaing;Tamu;MMR;MMR005D006;MMR005;April;2024;3;2
Myanmar;Shan-North;Kyaukme;MMR;NA;NA;April;2024;10;22
Myanmar;Shan-North;Matman;MMR;MMR015D007;MMR015;April;2024;0;0
Myanmar;Shan-North;Pa Laung Self-Administered Zone;MMR;NA;NA;April;2024;3;1
Myanmar;Yangon;Yangon-East;MMR;MMR013D002;MMR013;April;2024;11;0
Myanmar;Ayeyarwady;Pathein;MMR;MMR017D001;MMR017;April;2024;3;1
Myanmar;Ayeyarwady;Pyapon;MMR;MMR017D006;MMR017;April;2024;0;0
Myanmar;Bago-East;Taungoo;MMR;MMR007D002;MMR007;April;2024;33;54
Myanmar;Kayah;Loikaw;MMR;MMR002D001;MMR002;April;2024;3;7
Myanmar;Kayin;Kawkareik;MMR;MMR003D003;MMR003;April;2024;35;205
Myanmar;Magway;Thayet;MMR;MMR009D003;MMR009;April;2024;10;33
Myanmar;Mandalay;Kyaukse;MMR;MMR010D003;MMR010;April;2024;4;7
Myanmar;Rakhine;Kyaukpyu;MMR;MMR012D003;MMR012;April;2024;42;19
Myanmar;Shan-East;Monghsat;MMR;MMR016D002;MMR016;April;2024;0;0
Myanmar;Shan-South;Pa-O Self-Administered Zone;MMR;NA;NA;April;2024;28;42
Myanmar;Shan-South;Taunggyi;MMR;MMR014D001;MMR014;April;2024;22;48
Myanmar;Tanintharyi;Dawei;MMR;MMR006D001;MMR006;April;2024;29;42
Myanmar;Yangon;Yangon-North;MMR;MMR013D001;MMR013;April;2024;17;10
Myanmar;Bago-West;Pyay;MMR;MMR008D001;MMR008;April;2024;16;9
Myanmar;Chin;Mindat;MMR;MMR004D002;MMR004;April;2024;21;7
Myanmar;Kachin;Bhamo;MMR;MMR001D003;MMR001;April;2024;37;53
Myanmar;Kachin;Myitkyina;MMR;MMR001D001;MMR001;April;2024;26;13
Myanmar;Magway;Gangaw;MMR;MMR009D005;MMR009;April;2024;10;9
Myanmar;Nay Pyi Taw;Oke Ta Ra;MMR;MMR018D001;MMR018;April;2024;2;0
Myanmar;Rakhine;Thandwe;MMR;MMR012D004;MMR012;April;2024;37;81
Myanmar;Shan-East;Kengtung;MMR;MMR016D001;MMR016;April;2024;0;0
Myanmar;Shan-North;Mongmit;MMR;MMR015D008;MMR015;April;2024;10;13
Myanmar;Yangon;Yangon-South;MMR;MMR013D003;MMR013;April;2024;3;2
Myanmar;Ayeyarwady;Labutta;MMR;MMR017D004;MMR017;April;2024;1;0
Myanmar;Ayeyarwady;Maubin;MMR;MMR017D005;MMR017;April;2024;1;0
Myanmar;Magway;Pakokku;MMR;MMR009D004;MMR009;April;2024;79;84
Myanmar;Mandalay;Myingyan;MMR;MMR010D004;MMR010;April;2024;51;73
Myanmar;Rakhine;Maungdaw;MMR;MMR012D002;MMR012;April;2024;56;144
Myanmar;Rakhine;Mrauk-U;MMR;MMR012D005;MMR012;April;2024;16;10
Myanmar;Shan-North;Hopang;MMR;MMR015D006;MMR015;April;2024;0;0
Myanmar;Shan-North;Kokang Self-Administered Zone;MMR;MMR015D221;MMR015;April;2024;0;0
Myanmar;Shan-North;Muse;MMR;MMR015D002;MMR015;April;2024;11;2
Myanmar;Sagaing;Kale;MMR;MMR005D005;MMR005;April;2024;23;19
Myanmar;Sagaing;Sagaing;MMR;MMR005D001;MMR005;April;2024;18;6
Myanmar;Bago-East;Bago;MMR;MMR007D001;MMR007;April;2024;22;10
Myanmar;Chin;Hakha;MMR;MMR004D003;MMR004;April;2024;2;1
Myanmar;Kachin;Mohnyin;MMR;MMR001D002;MMR001;April;2024;26;11
Myanmar;Kachin;Puta-O;MMR;MMR001D004;MMR001;April;2024;0;0
Myanmar;Kayin;Hpa-An;MMR;MMR003D001;MMR003;April;2024;3;0
Myanmar;Kayin;Myawaddy;MMR;MMR003D002;MMR003;April;2024;31;179
Myanmar;Mandalay;Mandalay;MMR;MMR010D001;MMR010;April;2024;8;2
Myanmar;Mandalay;Meiktila;MMR;MMR010D007;MMR010;April;2024;1;4
Myanmar;Sagaing;Kawlin;MMR;MMR005D011;MMR005;April;2024;1;9
Myanmar;Sagaing;Naga Self-Administered Zone;MMR;NA;NA;April;2024;1;1
Myanmar;Shan-South;Langkho;MMR;MMR014D003;MMR014;April;2024;0;0
Myanmar;Shan-South;Loilen;MMR;MMR014D002;MMR014;April;2024;1;1
Myanmar;Chin;Falam;MMR;MMR004D001;MMR004;April;2024;4;3
Myanmar;Kayin;Hpapun;MMR;MMR003D004;MMR003;April;2024;2;0
Myanmar;Mandalay;Nyaung-U;MMR;MMR010D005;MMR010;April;2024;2;3
Myanmar;Mon;Thaton;MMR;MMR011D002;MMR011;April;2024;41;30
Myanmar;Rakhine;Sittwe;MMR;MMR012D001;MMR012;April;2024;10;2
Myanmar;Sagaing;Mawlaik;MMR;MMR005D007;MMR005;April;2024;3;0
Myanmar;Sagaing;Monywa;MMR;MMR005D003;MMR005;April;2024;66;106
Myanmar;Sagaing;Yinmarbin;MMR;MMR005D009;MMR005;April;2024;16;4
Myanmar;Shan-East;Tachileik;MMR;MMR016D003;MMR016;April;2024;0;0
Myanmar;Tanintharyi;Kawthoung;MMR;MMR006D003;MMR006;April;2024;3;5
Myanmar;Yangon;Yangon-West;MMR;MMR013D004;MMR013;April;2024;4;1
Myanmar;Ayeyarwady;Hinthada;MMR;MMR017D002;MMR017;April;2024;1;1
Myanmar;Bago-West;Thayarwady;MMR;MMR008D002;MMR008;April;2024;22;38
Myanmar;Kayah;Bawlake;MMR;MMR002D002;MMR002;April;2024;1;30
Myanmar;Mandalay;Pyinoolwin;MMR;MMR010D002;MMR010;April;2024;29;35
Myanmar;Mandalay;Yamethin;MMR;MMR010D006;MMR010;April;2024;0;0
Myanmar;Mon;Mawlamyine;MMR;MMR011D001;MMR011;April;2024;37;31
Myanmar;Nay Pyi Taw;Det Khi Na;MMR;MMR018D002;MMR018;April;2024;2;19
Myanmar;Sagaing;Kanbalu;MMR;MMR005D010;MMR005;April;2024;1;0
Myanmar;Shan-North;Lashio;MMR;MMR015D001;MMR015;April;2024;3;1
Myanmar;Shan-South;Danu Self-Administered Zone;MMR;NA;NA;April;2024;4;5
Myanmar;Tanintharyi;Myeik;MMR;MMR006D002;MMR006;April;2024;36;23
Myanmar;Ayeyarwady;Myaungmya;MMR;MMR017D003;MMR017;May;2024;0;0
Myanmar;Chin;Matupi;MMR;MMR004D004;MMR004;May;2024;5;9
Myanmar;Magway;Magway;MMR;MMR009D001;MMR009;May;2024;5;9
Myanmar;Magway;Minbu;MMR;MMR009D002;MMR009;May;2024;10;13
Myanmar;Sagaing;Hkamti;MMR;MMR005D008;MMR005;May;2024;13;45
Myanmar;Sagaing;Katha;MMR;MMR005D004;MMR005;May;2024;2;0
Myanmar;Sagaing;Shwebo;MMR;MMR005D002;MMR005;May;2024;42;74
Myanmar;Sagaing;Tamu;MMR;MMR005D006;MMR005;May;2024;10;10
Myanmar;Shan-North;Kyaukme;MMR;NA;NA;May;2024;11;6
Myanmar;Shan-North;Matman;MMR;MMR015D007;MMR015;May;2024;0;0
Myanmar;Shan-North;Pa Laung Self-Administered Zone;MMR;NA;NA;May;2024;0;0
Myanmar;Yangon;Yangon-East;MMR;MMR013D002;MMR013;May;2024;7;0
Myanmar;Ayeyarwady;Pathein;MMR;MMR017D001;MMR017;May;2024;2;2
Myanmar;Ayeyarwady;Pyapon;MMR;MMR017D006;MMR017;May;2024;2;0
Myanmar;Bago-East;Taungoo;MMR;MMR007D002;MMR007;May;2024;29;50
Myanmar;Kayah;Loikaw;MMR;MMR002D001;MMR002;May;2024;7;6
Myanmar;Kayin;Kawkareik;MMR;MMR003D003;MMR003;May;2024;20;74
Myanmar;Magway;Thayet;MMR;MMR009D003;MMR009;May;2024;8;13
Myanmar;Mandalay;Kyaukse;MMR;MMR010D003;MMR010;May;2024;5;3
Myanmar;Rakhine;Kyaukpyu;MMR;MMR012D003;MMR012;May;2024;20;4
Myanmar;Shan-East;Monghsat;MMR;MMR016D002;MMR016;May;2024;0;0
Myanmar;Shan-South;Pa-O Self-Administered Zone;MMR;NA;NA;May;2024;27;18
Myanmar;Shan-South;Taunggyi;MMR;MMR014D001;MMR014;May;2024;9;2
Myanmar;Tanintharyi;Dawei;MMR;MMR006D001;MMR006;May;2024;39;97
Myanmar;Yangon;Yangon-North;MMR;MMR013D001;MMR013;May;2024;5;1
Myanmar;Bago-West;Pyay;MMR;MMR008D001;MMR008;May;2024;15;18
Myanmar;Chin;Mindat;MMR;MMR004D002;MMR004;May;2024;5;1
Myanmar;Kachin;Bhamo;MMR;MMR001D003;MMR001;May;2024;39;12
Myanmar;Kachin;Myitkyina;MMR;MMR001D001;MMR001;May;2024;58;23
Myanmar;Magway;Gangaw;MMR;MMR009D005;MMR009;May;2024;17;35
Myanmar;Nay Pyi Taw;Oke Ta Ra;MMR;MMR018D001;MMR018;May;2024;0;0
Myanmar;Rakhine;Thandwe;MMR;MMR012D004;MMR012;May;2024;29;89
Myanmar;Shan-East;Kengtung;MMR;MMR016D001;MMR016;May;2024;0;0
Myanmar;Shan-North;Mongmit;MMR;MMR015D008;MMR015;May;2024;5;1
Myanmar;Yangon;Yangon-South;MMR;MMR013D003;MMR013;May;2024;1;0
Myanmar;Ayeyarwady;Labutta;MMR;MMR017D004;MMR017;May;2024;1;0
Myanmar;Ayeyarwady;Maubin;MMR;MMR017D005;MMR017;May;2024;0;0
Myanmar;Magway;Pakokku;MMR;MMR009D004;MMR009;May;2024;58;115
Myanmar;Mandalay;Myingyan;MMR;MMR010D004;MMR010;May;2024;42;164
Myanmar;Rakhine;Maungdaw;MMR;MMR012D002;MMR012;May;2024;53;148
Myanmar;Rakhine;Mrauk-U;MMR;MMR012D005;MMR012;May;2024;13;9
Myanmar;Shan-North;Hopang;MMR;MMR015D006;MMR015;May;2024;0;0
Myanmar;Shan-North;Kokang Self-Administered Zone;MMR;MMR015D221;MMR015;May;2024;0;0
Myanmar;Shan-North;Muse;MMR;MMR015D002;MMR015;May;2024;11;4
Myanmar;Sagaing;Kale;MMR;MMR005D005;MMR005;May;2024;26;31
Myanmar;Sagaing;Sagaing;MMR;MMR005D001;MMR005;May;2024;24;50
Myanmar;Bago-East;Bago;MMR;MMR007D001;MMR007;May;2024;25;45
Myanmar;Chin;Hakha;MMR;MMR004D003;MMR004;May;2024;1;0
Myanmar;Kachin;Mohnyin;MMR;MMR001D002;MMR001;May;2024;6;4
Myanmar;Kachin;Puta-O;MMR;MMR001D004;MMR001;May;2024;6;22
Myanmar;Kayin;Hpa-An;MMR;MMR003D001;MMR003;May;2024;8;1
Myanmar;Kayin;Myawaddy;MMR;MMR003D002;MMR003;May;2024;5;5
Myanmar;Mandalay;Mandalay;MMR;MMR010D001;MMR010;May;2024;3;0
Myanmar;Mandalay;Meiktila;MMR;MMR010D007;MMR010;May;2024;1;9
Myanmar;Sagaing;Kawlin;MMR;MMR005D011;MMR005;May;2024;4;1
Myanmar;Sagaing;Naga Self-Administered Zone;MMR;NA;NA;May;2024;0;0
Myanmar;Shan-South;Langkho;MMR;MMR014D003;MMR014;May;2024;0;0
Myanmar;Shan-South;Loilen;MMR;MMR014D002;MMR014;May;2024;2;1
Myanmar;Chin;Falam;MMR;MMR004D001;MMR004;May;2024;24;32
Myanmar;Kayin;Hpapun;MMR;MMR003D004;MMR003;May;2024;1;0
Myanmar;Mandalay;Nyaung-U;MMR;MMR010D005;MMR010;May;2024;1;0
Myanmar;Mon;Thaton;MMR;MMR011D002;MMR011;May;2024;35;19
Myanmar;Rakhine;Sittwe;MMR;MMR012D001;MMR012;May;2024;12;79
Myanmar;Sagaing;Mawlaik;MMR;MMR005D007;MMR005;May;2024;29;110
Myanmar;Sagaing;Monywa;MMR;MMR005D003;MMR005;May;2024;46;101
Myanmar;Sagaing;Yinmarbin;MMR;MMR005D009;MMR005;May;2024;13;20
Myanmar;Shan-East;Tachileik;MMR;MMR016D003;MMR016;May;2024;0;0
Myanmar;Tanintharyi;Kawthoung;MMR;MMR006D003;MMR006;May;2024;11;3
Myanmar;Yangon;Yangon-West;MMR;MMR013D004;MMR013;May;2024;6;0
Myanmar;Ayeyarwady;Hinthada;MMR;MMR017D002;MMR017;May;2024;2;1
Myanmar;Bago-West;Thayarwady;MMR;MMR008D002;MMR008;May;2024;15;27
Myanmar;Kayah;Bawlake;MMR;MMR002D002;MMR002;May;2024;7;11
Myanmar;Mandalay;Pyinoolwin;MMR;MMR010D002;MMR010;May;2024;35;25
Myanmar;Mandalay;Yamethin;MMR;MMR010D006;MMR010;May;2024;2;2
Myanmar;Mon;Mawlamyine;MMR;MMR011D001;MMR011;May;2024;15;8
Myanmar;Nay Pyi Taw;Det Khi Na;MMR;MMR018D002;MMR018;May;2024;1;10
Myanmar;Sagaing;Kanbalu;MMR;MMR005D010;MMR005;May;2024;3;6
Myanmar;Shan-North;Lashio;MMR;MMR015D001;MMR015;May;2024;5;4
Myanmar;Shan-South;Danu Self-Administered Zone;MMR;NA;NA;May;2024;2;4
Myanmar;Tanintharyi;Myeik;MMR;MMR006D002;MMR006;May;2024;33;11
Myanmar;Ayeyarwady;Myaungmya;MMR;MMR017D003;MMR017;June;2024;1;1
Myanmar;Chin;Matupi;MMR;MMR004D004;MMR004;June;2024;10;13
Myanmar;Magway;Magway;MMR;MMR009D001;MMR009;June;2024;16;39
Myanmar;Magway;Minbu;MMR;MMR009D002;MMR009;June;2024;6;27
Myanmar;Sagaing;Hkamti;MMR;MMR005D008;MMR005;June;2024;0;0
Myanmar;Sagaing;Katha;MMR;MMR005D004;MMR005;June;2024;8;34
Myanmar;Sagaing;Shwebo;MMR;MMR005D002;MMR005;June;2024;24;17
Myanmar;Sagaing;Tamu;MMR;MMR005D006;MMR005;June;2024;0;0
Myanmar;Shan-North;Kyaukme;MMR;NA;NA;June;2024;69;60
Myanmar;Shan-North;Matman;MMR;MMR015D007;MMR015;June;2024;0;0
Myanmar;Shan-North;Pa Laung Self-Administered Zone;MMR;NA;NA;June;2024;4;2
Myanmar;Yangon;Yangon-East;MMR;MMR013D002;MMR013;June;2024;2;0
Myanmar;Ayeyarwady;Pathein;MMR;MMR017D001;MMR017;June;2024;1;1
Myanmar;Ayeyarwady;Pyapon;MMR;MMR017D006;MMR017;June;2024;0;0
Myanmar;Bago-East;Taungoo;MMR;MMR007D002;MMR007;June;2024;22;13
Myanmar;Kayah;Loikaw;MMR;MMR002D001;MMR002;June;2024;2;2
Myanmar;Kayin;Kawkareik;MMR;MMR003D003;MMR003;June;2024;11;8
Myanmar;Magway;Thayet;MMR;MMR009D003;MMR009;June;2024;11;18
Myanmar;Mandalay;Kyaukse;MMR;MMR010D003;MMR010;June;2024;2;1
Myanmar;Rakhine;Kyaukpyu;MMR;MMR012D003;MMR012;June;2024;13;210
Myanmar;Shan-East;Monghsat;MMR;MMR016D002;MMR016;June;2024;0;0
Myanmar;Shan-South;Pa-O Self-Administered Zone;MMR;NA;NA;June;2024;24;18
Myanmar;Shan-South;Taunggyi;MMR;MMR014D001;MMR014;June;2024;13;5
Myanmar;Tanintharyi;Dawei;MMR;MMR006D001;MMR006;June;2024;29;104
Myanmar;Yangon;Yangon-North;MMR;MMR013D001;MMR013;June;2024;9;1
Myanmar;Bago-West;Pyay;MMR;MMR008D001;MMR008;June;2024;6;9
Myanmar;Chin;Mindat;MMR;MMR004D002;MMR004;June;2024;2;2
Myanmar;Kachin;Bhamo;MMR;MMR001D003;MMR001;June;2024;12;1
Myanmar;Kachin;Myitkyina;MMR;MMR001D001;MMR001;June;2024;27;21
Myanmar;Magway;Gangaw;MMR;MMR009D005;MMR009;June;2024;2;1
Myanmar;Nay Pyi Taw;Oke Ta Ra;MMR;MMR018D001;MMR018;June;2024;0;0
Myanmar;Rakhine;Thandwe;MMR;MMR012D004;MMR012;June;2024;55;257
Myanmar;Shan-East;Kengtung;MMR;MMR016D001;MMR016;June;2024;0;0
Myanmar;Shan-North;Mongmit;MMR;MMR015D008;MMR015;June;2024;23;4
Myanmar;Yangon;Yangon-South;MMR;MMR013D003;MMR013;June;2024;0;0
Myanmar;Ayeyarwady;Labutta;MMR;MMR017D004;MMR017;June;2024;0;0
Myanmar;Ayeyarwady;Maubin;MMR;MMR017D005;MMR017;June;2024;1;0
Myanmar;Magway;Pakokku;MMR;MMR009D004;MMR009;June;2024;39;68
Myanmar;Mandalay;Myingyan;MMR;MMR010D004;MMR010;June;2024;36;70
Myanmar;Rakhine;Maungdaw;MMR;MMR012D002;MMR012;June;2024;71;228
Myanmar;Rakhine;Mrauk-U;MMR;MMR012D005;MMR012;June;2024;10;4
Myanmar;Shan-North;Hopang;MMR;MMR015D006;MMR015;June;2024;0;0
Myanmar;Shan-North;Kokang Self-Administered Zone;MMR;MMR015D221;MMR015;June;2024;0;0
Myanmar;Shan-North;Muse;MMR;MMR015D002;MMR015;June;2024;2;0
Myanmar;Sagaing;Kale;MMR;MMR005D005;MMR005;June;2024;10;35
Myanmar;Sagaing;Sagaing;MMR;MMR005D001;MMR005;June;2024;32;55
Myanmar;Bago-East;Bago;MMR;MMR007D001;MMR007;June;2024;46;52
Myanmar;Chin;Hakha;MMR;MMR004D003;MMR004;June;2024;0;0
Myanmar;Kachin;Mohnyin;MMR;MMR001D002;MMR001;June;2024;14;24
Myanmar;Kachin;Puta-O;MMR;MMR001D004;MMR001;June;2024;0;0
Myanmar;Kayin;Hpa-An;MMR;MMR003D001;MMR003;June;2024;2;8
Myanmar;Kayin;Myawaddy;MMR;MMR003D002;MMR003;June;2024;6;6
Myanmar;Mandalay;Mandalay;MMR;MMR010D001;MMR010;June;2024;9;3
Myanmar;Mandalay;Meiktila;MMR;MMR010D007;MMR010;June;2024;1;2
Myanmar;Sagaing;Kawlin;MMR;MMR005D011;MMR005;June;2024;0;0
Myanmar;Sagaing;Naga Self-Administered Zone;MMR;NA;NA;June;2024;0;0
Myanmar;Shan-South;Langkho;MMR;MMR014D003;MMR014;June;2024;0;0
Myanmar;Shan-South;Loilen;MMR;MMR014D002;MMR014;June;2024;2;0
Myanmar;Chin;Falam;MMR;MMR004D001;MMR004;June;2024;15;6
Myanmar;Kayin;Hpapun;MMR;MMR003D004;MMR003;June;2024;1;0
Myanmar;Mandalay;Nyaung-U;MMR;MMR010D005;MMR010;June;2024;2;4
Myanmar;Mon;Thaton;MMR;MMR011D002;MMR011;June;2024;26;9
Myanmar;Rakhine;Sittwe;MMR;MMR012D001;MMR012;June;2024;25;28
Myanmar;Sagaing;Mawlaik;MMR;MMR005D007;MMR005;June;2024;0;0
Myanmar;Sagaing;Monywa;MMR;MMR005D003;MMR005;June;2024;45;101
Myanmar;Sagaing;Yinmarbin;MMR;MMR005D009;MMR005;June;2024;10;0
Myanmar;Shan-East;Tachileik;MMR;MMR016D003;MMR016;June;2024;0;0
Myanmar;Tanintharyi;Kawthoung;MMR;MMR006D003;MMR006;June;2024;1;1
Myanmar;Yangon;Yangon-West;MMR;MMR013D004;MMR013;June;2024;0;0
Myanmar;Ayeyarwady;Hinthada;MMR;MMR017D002;MMR017;June;2024;0;0
Myanmar;Bago-West;Thayarwady;MMR;MMR008D002;MMR008;June;2024;12;18
Myanmar;Kayah;Bawlake;MMR;MMR002D002;MMR002;June;2024;1;0
Myanmar;Mandalay;Pyinoolwin;MMR;MMR010D002;MMR010;June;2024;92;97
Myanmar;Mandalay;Yamethin;MMR;MMR010D006;MMR010;June;2024;0;0
Myanmar;Mon;Mawlamyine;MMR;MMR011D001;MMR011;June;2024;21;12
Myanmar;Nay Pyi Taw;Det Khi Na;MMR;MMR018D002;MMR018;June;2024;0;0
Myanmar;Sagaing;Kanbalu;MMR;MMR005D010;MMR005;June;2024;7;2
Myanmar;Shan-North;Lashio;MMR;MMR015D001;MMR015;June;2024;8;3
Myanmar;Shan-South;Danu Self-Administered Zone;MMR;NA;NA;June;2024;2;1
Myanmar;Tanintharyi;Myeik;MMR;MMR006D002;MMR006;June;2024;15;5
Myanmar;Ayeyarwady;Myaungmya;MMR;MMR017D003;MMR017;July;2024;0;0
Myanmar;Chin;Matupi;MMR;MMR004D004;MMR004;July;2024;9;4
Myanmar;Magway;Magway;MMR;MMR009D001;MMR009;July;2024;12;21
Myanmar;Magway;Minbu;MMR;MMR009D002;MMR009;July;2024;18;9
Myanmar;Sagaing;Hkamti;MMR;MMR005D008;MMR005;July;2024;0;0
Myanmar;Sagaing;Katha;MMR;MMR005D004;MMR005;July;2024;1;0
Myanmar;Sagaing;Shwebo;MMR;MMR005D002;MMR005;July;2024;28;37
Myanmar;Sagaing;Tamu;MMR;MMR005D006;MMR005;July;2024;0;0
Myanmar;Shan-North;Kyaukme;MMR;NA;NA;July;2024;113;208
Myanmar;Shan-North;Matman;MMR;MMR015D007;MMR015;July;2024;0;0
Myanmar;Shan-North;Pa Laung Self-Administered Zone;MMR;NA;NA;July;2024;0;0
Myanmar;Yangon;Yangon-East;MMR;MMR013D002;MMR013;July;2024;2;0
Myanmar;Ayeyarwady;Pathein;MMR;MMR017D001;MMR017;July;2024;2;0
Myanmar;Ayeyarwady;Pyapon;MMR;MMR017D006;MMR017;July;2024;0;0
Myanmar;Bago-East;Taungoo;MMR;MMR007D002;MMR007;July;2024;21;45
Myanmar;Kayah;Loikaw;MMR;MMR002D001;MMR002;July;2024;12;2
Myanmar;Kayin;Kawkareik;MMR;MMR003D003;MMR003;July;2024;13;2
Myanmar;Magway;Thayet;MMR;MMR009D003;MMR009;July;2024;7;19
Myanmar;Mandalay;Kyaukse;MMR;MMR010D003;MMR010;July;2024;6;12
Myanmar;Rakhine;Kyaukpyu;MMR;MMR012D003;MMR012;July;2024;7;1
Myanmar;Shan-East;Monghsat;MMR;MMR016D002;MMR016;July;2024;0;0
Myanmar;Shan-South;Pa-O Self-Administered Zone;MMR;NA;NA;July;2024;12;11
Myanmar;Shan-South;Taunggyi;MMR;MMR014D001;MMR014;July;2024;23;15
Myanmar;Tanintharyi;Dawei;MMR;MMR006D001;MMR006;July;2024;30;65
Myanmar;Yangon;Yangon-North;MMR;MMR013D001;MMR013;July;2024;8;0
Myanmar;Bago-West;Pyay;MMR;MMR008D001;MMR008;July;2024;6;10
Myanmar;Chin;Mindat;MMR;MMR004D002;MMR004;July;2024;7;1
Myanmar;Kachin;Bhamo;MMR;MMR001D003;MMR001;July;2024;18;0
Myanmar;Kachin;Myitkyina;MMR;MMR001D001;MMR001;July;2024;12;2
Myanmar;Magway;Gangaw;MMR;MMR009D005;MMR009;July;2024;8;5
Myanmar;Nay Pyi Taw;Oke Ta Ra;MMR;MMR018D001;MMR018;July;2024;2;3
Myanmar;Rakhine;Thandwe;MMR;MMR012D004;MMR012;July;2024;55;299
Myanmar;Shan-East;Kengtung;MMR;MMR016D001;MMR016;July;2024;0;0
Myanmar;Shan-North;Mongmit;MMR;MMR015D008;MMR015;July;2024;49;8
Myanmar;Yangon;Yangon-South;MMR;MMR013D003;MMR013;July;2024;0;0
Myanmar;Ayeyarwady;Labutta;MMR;MMR017D004;MMR017;July;2024;2;1
Myanmar;Ayeyarwady;Maubin;MMR;MMR017D005;MMR017;July;2024;0;0
Myanmar;Magway;Pakokku;MMR;MMR009D004;MMR009;July;2024;62;55
Myanmar;Mandalay;Myingyan;MMR;MMR010D004;MMR010;July;2024;33;104
Myanmar;Rakhine;Maungdaw;MMR;MMR012D002;MMR012;July;2024;47;402
Myanmar;Rakhine;Mrauk-U;MMR;MMR012D005;MMR012;July;2024;3;1
Myanmar;Shan-North;Hopang;MMR;MMR015D006;MMR015;July;2024;0;0
Myanmar;Shan-North;Kokang Self-Administered Zone;MMR;MMR015D221;MMR015;July;2024;5;3
Myanmar;Shan-North;Muse;MMR;MMR015D002;MMR015;July;2024;1;1
Myanmar;Sagaing;Kale;MMR;MMR005D005;MMR005;July;2024;12;17
Myanmar;Sagaing;Sagaing;MMR;MMR005D001;MMR005;July;2024;26;58
Myanmar;Bago-East;Bago;MMR;MMR007D001;MMR007;July;2024;11;6
Myanmar;Chin;Hakha;MMR;MMR004D003;MMR004;July;2024;10;19
Myanmar;Kachin;Mohnyin;MMR;MMR001D002;MMR001;July;2024;0;0
Myanmar;Kachin;Puta-O;MMR;MMR001D004;MMR001;July;2024;0;0
Myanmar;Kayin;Hpa-An;MMR;MMR003D001;MMR003;July;2024;2;21
Myanmar;Kayin;Myawaddy;MMR;MMR003D002;MMR003;July;2024;3;1
Myanmar;Mandalay;Mandalay;MMR;MMR010D001;MMR010;July;2024;8;5
Myanmar;Mandalay;Meiktila;MMR;MMR010D007;MMR010;July;2024;9;5
Myanmar;Sagaing;Kawlin;MMR;MMR005D011;MMR005;July;2024;0;0
Myanmar;Sagaing;Naga Self-Administered Zone;MMR;NA;NA;July;2024;0;0
Myanmar;Shan-South;Langkho;MMR;MMR014D003;MMR014;July;2024;0;0
Myanmar;Shan-South;Loilen;MMR;MMR014D002;MMR014;July;2024;2;1
Myanmar;Chin;Falam;MMR;MMR004D001;MMR004;July;2024;6;0
Myanmar;Kayin;Hpapun;MMR;MMR003D004;MMR003;July;2024;1;1
Myanmar;Mandalay;Nyaung-U;MMR;MMR010D005;MMR010;July;2024;2;2
Myanmar;Mon;Thaton;MMR;MMR011D002;MMR011;July;2024;21;23
Myanmar;Rakhine;Sittwe;MMR;MMR012D001;MMR012;July;2024;12;1
Myanmar;Sagaing;Mawlaik;MMR;MMR005D007;MMR005;July;2024;1;3
Myanmar;Sagaing;Monywa;MMR;MMR005D003;MMR005;July;2024;31;32
Myanmar;Sagaing;Yinmarbin;MMR;MMR005D009;MMR005;July;2024;7;16
Myanmar;Shan-East;Tachileik;MMR;MMR016D003;MMR016;July;2024;0;0
Myanmar;Tanintharyi;Kawthoung;MMR;MMR006D003;MMR006;July;2024;0;0
Myanmar;Yangon;Yangon-West;MMR;MMR013D004;MMR013;July;2024;4;3
Myanmar;Ayeyarwady;Hinthada;MMR;MMR017D002;MMR017;July;2024;0;0
Myanmar;Bago-West;Thayarwady;MMR;MMR008D002;MMR008;July;2024;9;18
Myanmar;Kayah;Bawlake;MMR;MMR002D002;MMR002;July;2024;2;2
Myanmar;Mandalay;Pyinoolwin;MMR;MMR010D002;MMR010;July;2024;149;248
Myanmar;Mandalay;Yamethin;MMR;MMR010D006;MMR010;July;2024;1;2
Myanmar;Mon;Mawlamyine;MMR;MMR011D001;MMR011;July;2024;20;51
Myanmar;Nay Pyi Taw;Det Khi Na;MMR;MMR018D002;MMR018;July;2024;2;34
Myanmar;Sagaing;Kanbalu;MMR;MMR005D010;MMR005;July;2024;7;21
Myanmar;Shan-North;Lashio;MMR;MMR015D001;MMR015;July;2024;110;238
Myanmar;Shan-South;Danu Self-Administered Zone;MMR;NA;NA;July;2024;3;16
Myanmar;Tanintharyi;Myeik;MMR;MMR006D002;MMR006;July;2024;39;101
Myanmar;Ayeyarwady;Myaungmya;MMR;MMR017D003;MMR017;August;2024;0;0
Myanmar;Chin;Matupi;MMR;MMR004D004;MMR004;August;2024;2;1
Myanmar;Magway;Magway;MMR;MMR009D001;MMR009;August;2024;7;5
Myanmar;Magway;Minbu;MMR;MMR009D002;MMR009;August;2024;12;33
Myanmar;Sagaing;Hkamti;MMR;MMR005D008;MMR005;August;2024;2;19
Myanmar;Sagaing;Katha;MMR;MMR005D004;MMR005;August;2024;23;15
Myanmar;Sagaing;Shwebo;MMR;MMR005D002;MMR005;August;2024;55;43
Myanmar;Sagaing;Tamu;MMR;MMR005D006;MMR005;August;2024;0;0
Myanmar;Shan-North;Kyaukme;MMR;NA;NA;August;2024;86;133
Myanmar;Shan-North;Matman;MMR;MMR015D007;MMR015;August;2024;0;0
Myanmar;Shan-North;Pa Laung Self-Administered Zone;MMR;NA;NA;August;2024;4;1
Myanmar;Yangon;Yangon-East;MMR;MMR013D002;MMR013;August;2024;4;3
Myanmar;Ayeyarwady;Pathein;MMR;MMR017D001;MMR017;August;2024;1;0
Myanmar;Ayeyarwady;Pyapon;MMR;MMR017D006;MMR017;August;2024;0;0
Myanmar;Bago-East;Taungoo;MMR;MMR007D002;MMR007;August;2024;66;65
Myanmar;Kayah;Loikaw;MMR;MMR002D001;MMR002;August;2024;1;0
Myanmar;Kayin;Kawkareik;MMR;MMR003D003;MMR003;August;2024;12;13
Myanmar;Magway;Thayet;MMR;MMR009D003;MMR009;August;2024;3;0
Myanmar;Mandalay;Kyaukse;MMR;MMR010D003;MMR010;August;2024;12;9
Myanmar;Rakhine;Kyaukpyu;MMR;MMR012D003;MMR012;August;2024;7;1
Myanmar;Shan-East;Monghsat;MMR;MMR016D002;MMR016;August;2024;0;0
Myanmar;Shan-South;Pa-O Self-Administered Zone;MMR;NA;NA;August;2024;11;28
Myanmar;Shan-South;Taunggyi;MMR;MMR014D001;MMR014;August;2024;3;9
Myanmar;Tanintharyi;Dawei;MMR;MMR006D001;MMR006;August;2024;19;68
Myanmar;Yangon;Yangon-North;MMR;MMR013D001;MMR013;August;2024;6;0
Myanmar;Bago-West;Pyay;MMR;MMR008D001;MMR008;August;2024;18;87
Myanmar;Chin;Mindat;MMR;MMR004D002;MMR004;August;2024;12;8
Myanmar;Kachin;Bhamo;MMR;MMR001D003;MMR001;August;2024;22;205
Myanmar;Kachin;Myitkyina;MMR;MMR001D001;MMR001;August;2024;9;1
Myanmar;Magway;Gangaw;MMR;MMR009D005;MMR009;August;2024;16;29
Myanmar;Nay Pyi Taw;Oke Ta Ra;MMR;MMR018D001;MMR018;August;2024;0;0
Myanmar;Rakhine;Thandwe;MMR;MMR012D004;MMR012;August;2024;50;100
Myanmar;Shan-East;Kengtung;MMR;MMR016D001;MMR016;August;2024;0;0
Myanmar;Shan-North;Mongmit;MMR;MMR015D008;MMR015;August;2024;2;0
Myanmar;Yangon;Yangon-South;MMR;MMR013D003;MMR013;August;2024;0;0
Myanmar;Ayeyarwady;Labutta;MMR;MMR017D004;MMR017;August;2024;0;0
Myanmar;Ayeyarwady;Maubin;MMR;MMR017D005;MMR017;August;2024;3;1
Myanmar;Magway;Pakokku;MMR;MMR009D004;MMR009;August;2024;56;151
Myanmar;Mandalay;Myingyan;MMR;MMR010D004;MMR010;August;2024;70;131
Myanmar;Rakhine;Maungdaw;MMR;MMR012D002;MMR012;August;2024;47;357
Myanmar;Rakhine;Mrauk-U;MMR;MMR012D005;MMR012;August;2024;4;6
Myanmar;Shan-North;Hopang;MMR;MMR015D006;MMR015;August;2024;0;0
Myanmar;Shan-North;Kokang Self-Administered Zone;MMR;MMR015D221;MMR015;August;2024;2;10
Myanmar;Shan-North;Muse;MMR;MMR015D002;MMR015;August;2024;7;7
Myanmar;Sagaing;Kale;MMR;MMR005D005;MMR005;August;2024;6;2
Myanmar;Sagaing;Sagaing;MMR;MMR005D001;MMR005;August;2024;39;54
Myanmar;Bago-East;Bago;MMR;MMR007D001;MMR007;August;2024;25;11
Myanmar;Chin;Hakha;MMR;MMR004D003;MMR004;August;2024;4;10
Myanmar;Kachin;Mohnyin;MMR;MMR001D002;MMR001;August;2024;8;0
Myanmar;Kachin;Puta-O;MMR;MMR001D004;MMR001;August;2024;0;0
Myanmar;Kayin;Hpa-An;MMR;MMR003D001;MMR003;August;2024;2;2
Myanmar;Kayin;Myawaddy;MMR;MMR003D002;MMR003;August;2024;1;0
Myanmar;Mandalay;Mandalay;MMR;MMR010D001;MMR010;August;2024;13;13
Myanmar;Mandalay;Meiktila;MMR;MMR010D007;MMR010;August;2024;0;0
Myanmar;Sagaing;Kawlin;MMR;MMR005D011;MMR005;August;2024;8;7
Myanmar;Sagaing;Naga Self-Administered Zone;MMR;NA;NA;August;2024;0;0
Myanmar;Shan-South;Langkho;MMR;MMR014D003;MMR014;August;2024;2;0
Myanmar;Shan-South;Loilen;MMR;MMR014D002;MMR014;August;2024;2;1
Myanmar;Chin;Falam;MMR;MMR004D001;MMR004;August;2024;1;0
Myanmar;Kayin;Hpapun;MMR;MMR003D004;MMR003;August;2024;0;0
Myanmar;Mandalay;Nyaung-U;MMR;MMR010D005;MMR010;August;2024;5;11
Myanmar;Mon;Thaton;MMR;MMR011D002;MMR011;August;2024;14;14
Myanmar;Rakhine;Sittwe;MMR;MMR012D001;MMR012;August;2024;17;35
Myanmar;Sagaing;Mawlaik;MMR;MMR005D007;MMR005;August;2024;0;0
Myanmar;Sagaing;Monywa;MMR;MMR005D003;MMR005;August;2024;38;67
Myanmar;Sagaing;Yinmarbin;MMR;MMR005D009;MMR005;August;2024;19;33
Myanmar;Shan-East;Tachileik;MMR;MMR016D003;MMR016;August;2024;0;0
Myanmar;Tanintharyi;Kawthoung;MMR;MMR006D003;MMR006;August;2024;5;8
Myanmar;Yangon;Yangon-West;MMR;MMR013D004;MMR013;August;2024;2;0
Myanmar;Ayeyarwady;Hinthada;MMR;MMR017D002;MMR017;August;2024;0;0
Myanmar;Bago-West;Thayarwady;MMR;MMR008D002;MMR008;August;2024;40;48
Myanmar;Kayah;Bawlake;MMR;MMR002D002;MMR002;August;2024;1;6
Myanmar;Mandalay;Pyinoolwin;MMR;MMR010D002;MMR010;August;2024;45;129
Myanmar;Mandalay;Yamethin;MMR;MMR010D006;MMR010;August;2024;2;20
Myanmar;Mon;Mawlamyine;MMR;MMR011D001;MMR011;August;2024;21;27
Myanmar;Nay Pyi Taw;Det Khi Na;MMR;MMR018D002;MMR018;August;2024;0;0
Myanmar;Sagaing;Kanbalu;MMR;MMR005D010;MMR005;August;2024;14;9
Myanmar;Shan-North;Lashio;MMR;MMR015D001;MMR015;August;2024;12;42
Myanmar;Shan-South;Danu Self-Administered Zone;MMR;NA;NA;August;2024;0;0
Myanmar;Tanintharyi;Myeik;MMR;MMR006D002;MMR006;August;2024;53;31
Myanmar;Ayeyarwady;Myaungmya;MMR;MMR017D003;MMR017;September;2024;0;0
Myanmar;Chin;Matupi;MMR;MMR004D004;MMR004;September;2024;5;0
Myanmar;Magway;Magway;MMR;MMR009D001;MMR009;September;2024;4;12
Myanmar;Magway;Minbu;MMR;MMR009D002;MMR009;September;2024;9;34
Myanmar;Sagaing;Hkamti;MMR;MMR005D008;MMR005;September;2024;0;0
Myanmar;Sagaing;Katha;MMR;MMR005D004;MMR005;September;2024;13;11
Myanmar;Sagaing;Shwebo;MMR;MMR005D002;MMR005;September;2024;40;35
Myanmar;Sagaing;Tamu;MMR;MMR005D006;MMR005;September;2024;0;0
Myanmar;Shan-North;Kyaukme;MMR;NA;NA;September;2024;64;44
Myanmar;Shan-North;Matman;MMR;MMR015D007;MMR015;September;2024;0;0
Myanmar;Shan-North;Pa Laung Self-Administered Zone;MMR;NA;NA;September;2024;1;0
Myanmar;Yangon;Yangon-East;MMR;MMR013D002;MMR013;September;2024;9;3
Myanmar;Ayeyarwady;Pathein;MMR;MMR017D001;MMR017;September;2024;0;0
Myanmar;Ayeyarwady;Pyapon;MMR;MMR017D006;MMR017;September;2024;0;0
Myanmar;Bago-East;Taungoo;MMR;MMR007D002;MMR007;September;2024;26;14
Myanmar;Kayah;Loikaw;MMR;MMR002D001;MMR002;September;2024;9;31
Myanmar;Kayin;Kawkareik;MMR;MMR003D003;MMR003;September;2024;12;0
Myanmar;Magway;Thayet;MMR;MMR009D003;MMR009;September;2024;9;7
Myanmar;Mandalay;Kyaukse;MMR;MMR010D003;MMR010;September;2024;5;2
Myanmar;Rakhine;Kyaukpyu;MMR;MMR012D003;MMR012;September;2024;12;71
Myanmar;Shan-East;Monghsat;MMR;MMR016D002;MMR016;September;2024;1;0
Myanmar;Shan-South;Pa-O Self-Administered Zone;MMR;NA;NA;September;2024;2;0
Myanmar;Shan-South;Taunggyi;MMR;MMR014D001;MMR014;September;2024;9;15
Myanmar;Tanintharyi;Dawei;MMR;MMR006D001;MMR006;September;2024;17;63
Myanmar;Yangon;Yangon-North;MMR;MMR013D001;MMR013;September;2024;7;1
Myanmar;Bago-West;Pyay;MMR;MMR008D001;MMR008;September;2024;7;8
Myanmar;Chin;Mindat;MMR;MMR004D002;MMR004;September;2024;12;1
Myanmar;Kachin;Bhamo;MMR;MMR001D003;MMR001;September;2024;8;3
Myanmar;Kachin;Myitkyina;MMR;MMR001D001;MMR001;September;2024;5;6
Myanmar;Magway;Gangaw;MMR;MMR009D005;MMR009;September;2024;10;5
Myanmar;Nay Pyi Taw;Oke Ta Ra;MMR;MMR018D001;MMR018;September;2024;0;0
Myanmar;Rakhine;Thandwe;MMR;MMR012D004;MMR012;September;2024;34;438
Myanmar;Shan-East;Kengtung;MMR;MMR016D001;MMR016;September;2024;1;5
Myanmar;Shan-North;Mongmit;MMR;MMR015D008;MMR015;September;2024;0;0
Myanmar;Yangon;Yangon-South;MMR;MMR013D003;MMR013;September;2024;0;0
Myanmar;Ayeyarwady;Labutta;MMR;MMR017D004;MMR017;September;2024;0;0
Myanmar;Ayeyarwady;Maubin;MMR;MMR017D005;MMR017;September;2024;5;1
Myanmar;Magway;Pakokku;MMR;MMR009D004;MMR009;September;2024;49;66
Myanmar;Mandalay;Myingyan;MMR;MMR010D004;MMR010;September;2024;43;83
Myanmar;Rakhine;Maungdaw;MMR;MMR012D002;MMR012;September;2024;18;77
Myanmar;Rakhine;Mrauk-U;MMR;MMR012D005;MMR012;September;2024;2;2
Myanmar;Shan-North;Hopang;MMR;MMR015D006;MMR015;September;2024;0;0
Myanmar;Shan-North;Kokang Self-Administered Zone;MMR;MMR015D221;MMR015;September;2024;0;0
Myanmar;Shan-North;Muse;MMR;MMR015D002;MMR015;September;2024;6;12
Myanmar;Sagaing;Kale;MMR;MMR005D005;MMR005;September;2024;3;2
Myanmar;Sagaing;Sagaing;MMR;MMR005D001;MMR005;September;2024;20;35
Myanmar;Bago-East;Bago;MMR;MMR007D001;MMR007;September;2024;31;6
Myanmar;Chin;Hakha;MMR;MMR004D003;MMR004;September;2024;4;8
Myanmar;Kachin;Mohnyin;MMR;MMR001D002;MMR001;September;2024;37;39
Myanmar;Kachin;Puta-O;MMR;MMR001D004;MMR001;September;2024;0;0
Myanmar;Kayin;Hpa-An;MMR;MMR003D001;MMR003;September;2024;4;13
Myanmar;Kayin;Myawaddy;MMR;MMR003D002;MMR003;September;2024;7;0
Myanmar;Mandalay;Mandalay;MMR;MMR010D001;MMR010;September;2024;13;18
Myanmar;Mandalay;Meiktila;MMR;MMR010D007;MMR010;September;2024;3;8
Myanmar;Sagaing;Kawlin;MMR;MMR005D011;MMR005;September;2024;9;17
Myanmar;Sagaing;Naga Self-Administered Zone;MMR;NA;NA;September;2024;0;0
Myanmar;Shan-South;Langkho;MMR;MMR014D003;MMR014;September;2024;0;0
Myanmar;Shan-South;Loilen;MMR;MMR014D002;MMR014;September;2024;1;1
Myanmar;Chin;Falam;MMR;MMR004D001;MMR004;September;2024;1;0
Myanmar;Kayin;Hpapun;MMR;MMR003D004;MMR003;September;2024;5;30
Myanmar;Mandalay;Nyaung-U;MMR;MMR010D005;MMR010;September;2024;4;9
Myanmar;Mon;Thaton;MMR;MMR011D002;MMR011;September;2024;11;28
Myanmar;Rakhine;Sittwe;MMR;MMR012D001;MMR012;September;2024;25;21
Myanmar;Sagaing;Mawlaik;MMR;MMR005D007;MMR005;September;2024;0;0
Myanmar;Sagaing;Monywa;MMR;MMR005D003;MMR005;September;2024;30;99
Myanmar;Sagaing;Yinmarbin;MMR;MMR005D009;MMR005;September;2024;16;8
Myanmar;Shan-East;Tachileik;MMR;MMR016D003;MMR016;September;2024;0;0
Myanmar;Tanintharyi;Kawthoung;MMR;MMR006D003;MMR006;September;2024;4;4
Myanmar;Yangon;Yangon-West;MMR;MMR013D004;MMR013;September;2024;2;3
Myanmar;Ayeyarwady;Hinthada;MMR;MMR017D002;MMR017;September;2024;0;0
Myanmar;Bago-West;Thayarwady;MMR;MMR008D002;MMR008;September;2024;13;45
Myanmar;Kayah;Bawlake;MMR;MMR002D002;MMR002;September;2024;0;0
Myanmar;Mandalay;Pyinoolwin;MMR;MMR010D002;MMR010;September;2024;24;39
Myanmar;Mandalay;Yamethin;MMR;MMR010D006;MMR010;September;2024;0;0
Myanmar;Mon;Mawlamyine;MMR;MMR011D001;MMR011;September;2024;19;15
Myanmar;Nay Pyi Taw;Det Khi Na;MMR;MMR018D002;MMR018;September;2024;0;0
Myanmar;Sagaing;Kanbalu;MMR;MMR005D010;MMR005;September;2024;14;7
Myanmar;Shan-North;Lashio;MMR;MMR015D001;MMR015;September;2024;27;12
Myanmar;Shan-South;Danu Self-Administered Zone;MMR;NA;NA;September;2024;0;0
Myanmar;Tanintharyi;Myeik;MMR;MMR006D002;MMR006;September;2024;52;53
Myanmar;Ayeyarwady;Myaungmya;MMR;MMR017D003;MMR017;October;2024;0;0
Myanmar;Chin;Matupi;MMR;MMR004D004;MMR004;October;2024;1;0
Myanmar;Magway;Magway;MMR;MMR009D001;MMR009;October;2024;15;26
Myanmar;Magway;Minbu;MMR;MMR009D002;MMR009;October;2024;11;18
Myanmar;Sagaing;Hkamti;MMR;MMR005D008;MMR005;October;2024;3;0
Myanmar;Sagaing;Katha;MMR;MMR005D004;MMR005;October;2024;2;0
Myanmar;Sagaing;Shwebo;MMR;MMR005D002;MMR005;October;2024;43;35
Myanmar;Sagaing;Tamu;MMR;MMR005D006;MMR005;October;2024;3;9
Myanmar;Shan-North;Kyaukme;MMR;NA;NA;October;2024;61;26
Myanmar;Shan-North;Matman;MMR;MMR015D007;MMR015;October;2024;0;0
Myanmar;Shan-North;Pa Laung Self-Administered Zone;MMR;NA;NA;October;2024;3;1
Myanmar;Yangon;Yangon-East;MMR;MMR013D002;MMR013;October;2024;4;0
Myanmar;Ayeyarwady;Pathein;MMR;MMR017D001;MMR017;October;2024;1;0
Myanmar;Ayeyarwady;Pyapon;MMR;MMR017D006;MMR017;October;2024;1;0
Myanmar;Bago-East;Taungoo;MMR;MMR007D002;MMR007;October;2024;59;71
Myanmar;Kayah;Loikaw;MMR;MMR002D001;MMR002;October;2024;0;0
Myanmar;Kayin;Kawkareik;MMR;MMR003D003;MMR003;October;2024;32;6
Myanmar;Magway;Thayet;MMR;MMR009D003;MMR009;October;2024;7;26
Myanmar;Mandalay;Kyaukse;MMR;MMR010D003;MMR010;October;2024;1;1
Myanmar;Rakhine;Kyaukpyu;MMR;MMR012D003;MMR012;October;2024;47;67
Myanmar;Shan-East;Monghsat;MMR;MMR016D002;MMR016;October;2024;0;0
Myanmar;Shan-South;Pa-O Self-Administered Zone;MMR;NA;NA;October;2024;14;4
Myanmar;Shan-South;Taunggyi;MMR;MMR014D001;MMR014;October;2024;4;1
Myanmar;Tanintharyi;Dawei;MMR;MMR006D001;MMR006;October;2024;35;50
Myanmar;Yangon;Yangon-North;MMR;MMR013D001;MMR013;October;2024;10;2
Myanmar;Bago-West;Pyay;MMR;MMR008D001;MMR008;October;2024;7;3
Myanmar;Chin;Mindat;MMR;MMR004D002;MMR004;October;2024;5;0
Myanmar;Kachin;Bhamo;MMR;MMR001D003;MMR001;October;2024;8;0
Myanmar;Kachin;Myitkyina;MMR;MMR001D001;MMR001;October;2024;28;9
Myanmar;Magway;Gangaw;MMR;MMR009D005;MMR009;October;2024;21;18
Myanmar;Nay Pyi Taw;Oke Ta Ra;MMR;MMR018D001;MMR018;October;2024;0;0
Myanmar;Rakhine;Thandwe;MMR;MMR012D004;MMR012;October;2024;52;56
Myanmar;Shan-East;Kengtung;MMR;MMR016D001;MMR016;October;2024;0;0
Myanmar;Shan-North;Mongmit;MMR;MMR015D008;MMR015;October;2024;0;0
Myanmar;Yangon;Yangon-South;MMR;MMR013D003;MMR013;October;2024;1;0
Myanmar;Ayeyarwady;Labutta;MMR;MMR017D004;MMR017;October;2024;0;0
Myanmar;Ayeyarwady;Maubin;MMR;MMR017D005;MMR017;October;2024;0;0
Myanmar;Magway;Pakokku;MMR;MMR009D004;MMR009;October;2024;31;49
Myanmar;Mandalay;Myingyan;MMR;MMR010D004;MMR010;October;2024;49;63
Myanmar;Rakhine;Maungdaw;MMR;MMR012D002;MMR012;October;2024;31;16
Myanmar;Rakhine;Mrauk-U;MMR;MMR012D005;MMR012;October;2024;2;4
Myanmar;Shan-North;Hopang;MMR;MMR015D006;MMR015;October;2024;0;0
Myanmar;Shan-North;Kokang Self-Administered Zone;MMR;MMR015D221;MMR015;October;2024;3;0
Myanmar;Shan-North;Muse;MMR;MMR015D002;MMR015;October;2024;11;2
Myanmar;Sagaing;Kale;MMR;MMR005D005;MMR005;October;2024;7;4
Myanmar;Sagaing;Sagaing;MMR;MMR005D001;MMR005;October;2024;16;22
Myanmar;Bago-East;Bago;MMR;MMR007D001;MMR007;October;2024;24;15
Myanmar;Chin;Hakha;MMR;MMR004D003;MMR004;October;2024;14;34
Myanmar;Kachin;Mohnyin;MMR;MMR001D002;MMR001;October;2024;8;22
Myanmar;Kachin;Puta-O;MMR;MMR001D004;MMR001;October;2024;0;0
Myanmar;Kayin;Hpa-An;MMR;MMR003D001;MMR003;October;2024;6;12
Myanmar;Kayin;Myawaddy;MMR;MMR003D002;MMR003;October;2024;10;12
Myanmar;Mandalay;Mandalay;MMR;MMR010D001;MMR010;October;2024;4;1
Myanmar;Mandalay;Meiktila;MMR;MMR010D007;MMR010;October;2024;2;1
Myanmar;Sagaing;Kawlin;MMR;MMR005D011;MMR005;October;2024;6;78
Myanmar;Sagaing;Naga Self-Administered Zone;MMR;NA;NA;October;2024;0;0
Myanmar;Shan-South;Langkho;MMR;MMR014D003;MMR014;October;2024;0;0
Myanmar;Shan-South;Loilen;MMR;MMR014D002;MMR014;October;2024;0;0
Myanmar;Chin;Falam;MMR;MMR004D001;MMR004;October;2024;7;2
Myanmar;Kayin;Hpapun;MMR;MMR003D004;MMR003;October;2024;7;16
Myanmar;Mandalay;Nyaung-U;MMR;MMR010D005;MMR010;October;2024;2;1
Myanmar;Mon;Thaton;MMR;MMR011D002;MMR011;October;2024;12;9
Myanmar;Rakhine;Sittwe;MMR;MMR012D001;MMR012;October;2024;20;0
Myanmar;Sagaing;Mawlaik;MMR;MMR005D007;MMR005;October;2024;0;0
Myanmar;Sagaing;Monywa;MMR;MMR005D003;MMR005;October;2024;53;38
Myanmar;Sagaing;Yinmarbin;MMR;MMR005D009;MMR005;October;2024;10;9
Myanmar;Shan-East;Tachileik;MMR;MMR016D003;MMR016;October;2024;0;0
Myanmar;Tanintharyi;Kawthoung;MMR;MMR006D003;MMR006;October;2024;5;3
Myanmar;Yangon;Yangon-West;MMR;MMR013D004;MMR013;October;2024;2;0
Myanmar;Ayeyarwady;Hinthada;MMR;MMR017D002;MMR017;October;2024;2;1
Myanmar;Bago-West;Thayarwady;MMR;MMR008D002;MMR008;October;2024;20;66
Myanmar;Kayah;Bawlake;MMR;MMR002D002;MMR002;October;2024;1;0
Myanmar;Mandalay;Pyinoolwin;MMR;MMR010D002;MMR010;October;2024;39;23
Myanmar;Mandalay;Yamethin;MMR;MMR010D006;MMR010;October;2024;2;15
Myanmar;Mon;Mawlamyine;MMR;MMR011D001;MMR011;October;2024;15;17
Myanmar;Nay Pyi Taw;Det Khi Na;MMR;MMR018D002;MMR018;October;2024;1;0
Myanmar;Sagaing;Kanbalu;MMR;MMR005D010;MMR005;October;2024;17;13
Myanmar;Shan-North;Lashio;MMR;MMR015D001;MMR015;October;2024;23;11
Myanmar;Shan-South;Danu Self-Administered Zone;MMR;NA;NA;October;2024;1;2
Myanmar;Tanintharyi;Myeik;MMR;MMR006D002;MMR006;October;2024;32;15
Myanmar;Ayeyarwady;Myaungmya;MMR;MMR017D003;MMR017;November;2024;2;0
Myanmar;Chin;Matupi;MMR;MMR004D004;MMR004;November;2024;1;1
Myanmar;Magway;Magway;MMR;MMR009D001;MMR009;November;2024;14;59
Myanmar;Magway;Minbu;MMR;MMR009D002;MMR009;November;2024;27;70
Myanmar;Sagaing;Hkamti;MMR;MMR005D008;MMR005;November;2024;20;24
Myanmar;Sagaing;Katha;MMR;MMR005D004;MMR005;November;2024;7;0
Myanmar;Sagaing;Shwebo;MMR;MMR005D002;MMR005;November;2024;31;32
Myanmar;Sagaing;Tamu;MMR;MMR005D006;MMR005;November;2024;1;0
Myanmar;Shan-North;Kyaukme;MMR;NA;NA;November;2024;51;39
Myanmar;Shan-North;Matman;MMR;MMR015D007;MMR015;November;2024;0;0
Myanmar;Shan-North;Pa Laung Self-Administered Zone;MMR;NA;NA;November;2024;2;1
Myanmar;Yangon;Yangon-East;MMR;MMR013D002;MMR013;November;2024;5;1
Myanmar;Ayeyarwady;Pathein;MMR;MMR017D001;MMR017;November;2024;2;0
Myanmar;Ayeyarwady;Pyapon;MMR;MMR017D006;MMR017;November;2024;0;0
Myanmar;Bago-East;Taungoo;MMR;MMR007D002;MMR007;November;2024;74;29
Myanmar;Kayah;Loikaw;MMR;MMR002D001;MMR002;November;2024;11;23
Myanmar;Kayin;Kawkareik;MMR;MMR003D003;MMR003;November;2024;32;7
Myanmar;Magway;Thayet;MMR;MMR009D003;MMR009;November;2024;8;31
Myanmar;Mandalay;Kyaukse;MMR;MMR010D003;MMR010;November;2024;6;0
Myanmar;Rakhine;Kyaukpyu;MMR;MMR012D003;MMR012;November;2024;39;122
Myanmar;Shan-East;Monghsat;MMR;MMR016D002;MMR016;November;2024;0;0
Myanmar;Shan-South;Pa-O Self-Administered Zone;MMR;NA;NA;November;2024;4;5
Myanmar;Shan-South;Taunggyi;MMR;MMR014D001;MMR014;November;2024;27;28
Myanmar;Tanintharyi;Dawei;MMR;MMR006D001;MMR006;November;2024;15;40
Myanmar;Yangon;Yangon-North;MMR;MMR013D001;MMR013;November;2024;12;2
Myanmar;Bago-West;Pyay;MMR;MMR008D001;MMR008;November;2024;12;5
Myanmar;Chin;Mindat;MMR;MMR004D002;MMR004;November;2024;22;0
Myanmar;Kachin;Bhamo;MMR;MMR001D003;MMR001;November;2024;8;9
Myanmar;Kachin;Myitkyina;MMR;MMR001D001;MMR001;November;2024;14;10
Myanmar;Magway;Gangaw;MMR;MMR009D005;MMR009;November;2024;27;16
Myanmar;Nay Pyi Taw;Oke Ta Ra;MMR;MMR018D001;MMR018;November;2024;1;2
Myanmar;Rakhine;Thandwe;MMR;MMR012D004;MMR012;November;2024;95;157
Myanmar;Shan-East;Kengtung;MMR;MMR016D001;MMR016;November;2024;0;0
Myanmar;Shan-North;Mongmit;MMR;MMR015D008;MMR015;November;2024;1;0
Myanmar;Yangon;Yangon-South;MMR;MMR013D003;MMR013;November;2024;0;0
Myanmar;Ayeyarwady;Labutta;MMR;MMR017D004;MMR017;November;2024;3;0
Myanmar;Ayeyarwady;Maubin;MMR;MMR017D005;MMR017;November;2024;2;0
Myanmar;Magway;Pakokku;MMR;MMR009D004;MMR009;November;2024;51;29
Myanmar;Mandalay;Myingyan;MMR;MMR010D004;MMR010;November;2024;45;106
Myanmar;Rakhine;Maungdaw;MMR;MMR012D002;MMR012;November;2024;21;6
Myanmar;Rakhine;Mrauk-U;MMR;MMR012D005;MMR012;November;2024;1;0
Myanmar;Shan-North;Hopang;MMR;MMR015D006;MMR015;November;2024;0;0
Myanmar;Shan-North;Kokang Self-Administered Zone;MMR;MMR015D221;MMR015;November;2024;0;0
Myanmar;Shan-North;Muse;MMR;MMR015D002;MMR015;November;2024;5;5
Myanmar;Sagaing;Kale;MMR;MMR005D005;MMR005;November;2024;12;22
Myanmar;Sagaing;Sagaing;MMR;MMR005D001;MMR005;November;2024;26;34
Myanmar;Bago-East;Bago;MMR;MMR007D001;MMR007;November;2024;32;4
Myanmar;Chin;Hakha;MMR;MMR004D003;MMR004;November;2024;15;53
Myanmar;Kachin;Mohnyin;MMR;MMR001D002;MMR001;November;2024;2;10
Myanmar;Kachin;Puta-O;MMR;MMR001D004;MMR001;November;2024;0;0
Myanmar;Kayin;Hpa-An;MMR;MMR003D001;MMR003;November;2024;5;18
Myanmar;Kayin;Myawaddy;MMR;MMR003D002;MMR003;November;2024;1;0
Myanmar;Mandalay;Mandalay;MMR;MMR010D001;MMR010;November;2024;2;0
Myanmar;Mandalay;Meiktila;MMR;MMR010D007;MMR010;November;2024;12;2
Myanmar;Sagaing;Kawlin;MMR;MMR005D011;MMR005;November;2024;2;0
Myanmar;Sagaing;Naga Self-Administered Zone;MMR;NA;NA;November;2024;0;0
Myanmar;Shan-South;Langkho;MMR;MMR014D003;MMR014;November;2024;8;7
Myanmar;Shan-South;Loilen;MMR;MMR014D002;MMR014;November;2024;2;1
Myanmar;Chin;Falam;MMR;MMR004D001;MMR004;November;2024;10;7
Myanmar;Kayin;Hpapun;MMR;MMR003D004;MMR003;November;2024;15;46
Myanmar;Mandalay;Nyaung-U;MMR;MMR010D005;MMR010;November;2024;5;5
Myanmar;Mon;Thaton;MMR;MMR011D002;MMR011;November;2024;9;9
Myanmar;Rakhine;Sittwe;MMR;MMR012D001;MMR012;November;2024;1;1
Myanmar;Sagaing;Mawlaik;MMR;MMR005D007;MMR005;November;2024;1;1
Myanmar;Sagaing;Monywa;MMR;MMR005D003;MMR005;November;2024;49;63
Myanmar;Sagaing;Yinmarbin;MMR;MMR005D009;MMR005;November;2024;23;18
Myanmar;Shan-East;Tachileik;MMR;MMR016D003;MMR016;November;2024;0;0
Myanmar;Tanintharyi;Kawthoung;MMR;MMR006D003;MMR006;November;2024;5;8
Myanmar;Yangon;Yangon-West;MMR;MMR013D004;MMR013;November;2024;0;0
Myanmar;Ayeyarwady;Hinthada;MMR;MMR017D002;MMR017;November;2024;2;0
Myanmar;Bago-West;Thayarwady;MMR;MMR008D002;MMR008;November;2024;32;76
Myanmar;Kayah;Bawlake;MMR;MMR002D002;MMR002;November;2024;7;0
Myanmar;Mandalay;Pyinoolwin;MMR;MMR010D002;MMR010;November;2024;41;58
Myanmar;Mandalay;Yamethin;MMR;MMR010D006;MMR010;November;2024;0;0
Myanmar;Mon;Mawlamyine;MMR;MMR011D001;MMR011;November;2024;12;17
Myanmar;Nay Pyi Taw;Det Khi Na;MMR;MMR018D002;MMR018;November;2024;4;9
Myanmar;Sagaing;Kanbalu;MMR;MMR005D010;MMR005;November;2024;26;17
Myanmar;Shan-North;Lashio;MMR;MMR015D001;MMR015;November;2024;8;4
Myanmar;Shan-South;Danu Self-Administered Zone;MMR;NA;NA;November;2024;4;9
Myanmar;Tanintharyi;Myeik;MMR;MMR006D002;MMR006;November;2024;17;20
Myanmar;Ayeyarwady;Myaungmya;MMR;MMR017D003;MMR017;December;2024;2;1
Myanmar;Chin;Matupi;MMR;MMR004D004;MMR004;December;2024;0;0
Myanmar;Magway;Magway;MMR;MMR009D001;MMR009;December;2024;13;29
Myanmar;Magway;Minbu;MMR;MMR009D002;MMR009;December;2024;29;51
Myanmar;Sagaing;Hkamti;MMR;MMR005D008;MMR005;December;2024;0;0
Myanmar;Sagaing;Katha;MMR;MMR005D004;MMR005;December;2024;3;1
Myanmar;Sagaing;Shwebo;MMR;MMR005D002;MMR005;December;2024;21;12
Myanmar;Sagaing;Tamu;MMR;MMR005D006;MMR005;December;2024;0;0
Myanmar;Shan-North;Kyaukme;MMR;NA;NA;December;2024;18;17
Myanmar;Shan-North;Matman;MMR;MMR015D007;MMR015;December;2024;0;0
Myanmar;Shan-North;Pa Laung Self-Administered Zone;MMR;NA;NA;December;2024;3;0
Myanmar;Yangon;Yangon-East;MMR;MMR013D002;MMR013;December;2024;12;0
Myanmar;Ayeyarwady;Pathein;MMR;MMR017D001;MMR017;December;2024;6;0
Myanmar;Ayeyarwady;Pyapon;MMR;MMR017D006;MMR017;December;2024;4;0
Myanmar;Bago-East;Taungoo;MMR;MMR007D002;MMR007;December;2024;67;154
Myanmar;Kayah;Loikaw;MMR;MMR002D001;MMR002;December;2024;10;12
Myanmar;Kayin;Kawkareik;MMR;MMR003D003;MMR003;December;2024;8;26
Myanmar;Magway;Thayet;MMR;MMR009D003;MMR009;December;2024;16;7
Myanmar;Mandalay;Kyaukse;MMR;MMR010D003;MMR010;December;2024;1;0
Myanmar;Rakhine;Kyaukpyu;MMR;MMR012D003;MMR012;December;2024;20;1
Myanmar;Shan-East;Monghsat;MMR;MMR016D002;MMR016;December;2024;1;1
Myanmar;Shan-South;Pa-O Self-Administered Zone;MMR;NA;NA;December;2024;2;2
Myanmar;Shan-South;Taunggyi;MMR;MMR014D001;MMR014;December;2024;33;61
Myanmar;Tanintharyi;Dawei;MMR;MMR006D001;MMR006;December;2024;27;119
Myanmar;Yangon;Yangon-North;MMR;MMR013D001;MMR013;December;2024;14;15
Myanmar;Bago-West;Pyay;MMR;MMR008D001;MMR008;December;2024;16;7
Myanmar;Chin;Mindat;MMR;MMR004D002;MMR004;December;2024;11;1
Myanmar;Kachin;Bhamo;MMR;MMR001D003;MMR001;December;2024;34;17
Myanmar;Kachin;Myitkyina;MMR;MMR001D001;MMR001;December;2024;7;1
Myanmar;Magway;Gangaw;MMR;MMR009D005;MMR009;December;2024;15;7
Myanmar;Nay Pyi Taw;Oke Ta Ra;MMR;MMR018D001;MMR018;December;2024;5;0
Myanmar;Rakhine;Thandwe;MMR;MMR012D004;MMR012;December;2024;49;44
Myanmar;Shan-East;Kengtung;MMR;MMR016D001;MMR016;December;2024;0;0
Myanmar;Shan-North;Mongmit;MMR;MMR015D008;MMR015;December;2024;0;0
Myanmar;Yangon;Yangon-South;MMR;MMR013D003;MMR013;December;2024;1;0
Myanmar;Ayeyarwady;Labutta;MMR;MMR017D004;MMR017;December;2024;0;0
Myanmar;Ayeyarwady;Maubin;MMR;MMR017D005;MMR017;December;2024;3;0
Myanmar;Magway;Pakokku;MMR;MMR009D004;MMR009;December;2024;66;114
Myanmar;Mandalay;Myingyan;MMR;MMR010D004;MMR010;December;2024;50;78
Myanmar;Rakhine;Maungdaw;MMR;MMR012D002;MMR012;December;2024;25;4
Myanmar;Rakhine;Mrauk-U;MMR;MMR012D005;MMR012;December;2024;3;1
Myanmar;Shan-North;Hopang;MMR;MMR015D006;MMR015;December;2024;0;0
Myanmar;Shan-North;Kokang Self-Administered Zone;MMR;MMR015D221;MMR015;December;2024;1;6
Myanmar;Shan-North;Muse;MMR;MMR015D002;MMR015;December;2024;6;2
Myanmar;Sagaing;Kale;MMR;MMR005D005;MMR005;December;2024;21;12
Myanmar;Sagaing;Sagaing;MMR;MMR005D001;MMR005;December;2024;15;24
Myanmar;Bago-East;Bago;MMR;MMR007D001;MMR007;December;2024;38;16
Myanmar;Chin;Hakha;MMR;MMR004D003;MMR004;December;2024;10;11
Myanmar;Kachin;Mohnyin;MMR;MMR001D002;MMR001;December;2024;1;4
Myanmar;Kachin;Puta-O;MMR;MMR001D004;MMR001;December;2024;2;0
Myanmar;Kayin;Hpa-An;MMR;MMR003D001;MMR003;December;2024;6;33
Myanmar;Kayin;Myawaddy;MMR;MMR003D002;MMR003;December;2024;2;3
Myanmar;Mandalay;Mandalay;MMR;MMR010D001;MMR010;December;2024;11;4
Myanmar;Mandalay;Meiktila;MMR;MMR010D007;MMR010;December;2024;3;5
Myanmar;Sagaing;Kawlin;MMR;MMR005D011;MMR005;December;2024;0;0
Myanmar;Sagaing;Naga Self-Administered Zone;MMR;NA;NA;December;2024;0;0
Myanmar;Shan-South;Langkho;MMR;MMR014D003;MMR014;December;2024;1;0
Myanmar;Shan-South;Loilen;MMR;MMR014D002;MMR014;December;2024;4;0
Myanmar;Chin;Falam;MMR;MMR004D001;MMR004;December;2024;5;0
Myanmar;Kayin;Hpapun;MMR;MMR003D004;MMR003;December;2024;12;17
Myanmar;Mandalay;Nyaung-U;MMR;MMR010D005;MMR010;December;2024;7;3
Myanmar;Mon;Thaton;MMR;MMR011D002;MMR011;December;2024;13;12
Myanmar;Rakhine;Sittwe;MMR;MMR012D001;MMR012;December;2024;18;7
Myanmar;Sagaing;Mawlaik;MMR;MMR005D007;MMR005;December;2024;0;0
Myanmar;Sagaing;Monywa;MMR;MMR005D003;MMR005;December;2024;44;51
Myanmar;Sagaing;Yinmarbin;MMR;MMR005D009;MMR005;December;2024;10;12
Myanmar;Shan-East;Tachileik;MMR;MMR016D003;MMR016;December;2024;0;0
Myanmar;Tanintharyi;Kawthoung;MMR;MMR006D003;MMR006;December;2024;5;10
Myanmar;Yangon;Yangon-West;MMR;MMR013D004;MMR013;December;2024;3;1
Myanmar;Ayeyarwady;Hinthada;MMR;MMR017D002;MMR017;December;2024;2;8
Myanmar;Bago-West;Thayarwady;MMR;MMR008D002;MMR008;December;2024;49;45
Myanmar;Kayah;Bawlake;MMR;MMR002D002;MMR002;December;2024;0;0
Myanmar;Mandalay;Pyinoolwin;MMR;MMR010D002;MMR010;December;2024;34;33
Myanmar;Mandalay;Yamethin;MMR;MMR010D006;MMR010;December;2024;3;0
Myanmar;Mon;Mawlamyine;MMR;MMR011D001;MMR011;December;2024;7;11
Myanmar;Nay Pyi Taw;Det Khi Na;MMR;MMR018D002;MMR018;December;2024;12;0
Myanmar;Sagaing;Kanbalu;MMR;MMR005D010;MMR005;December;2024;4;18
Myanmar;Shan-North;Lashio;MMR;MMR015D001;MMR015;December;2024;2;5
Myanmar;Shan-South;Danu Self-Administered Zone;MMR;NA;NA;December;2024;5;3
Myanmar;Tanintharyi;Myeik;MMR;MMR006D002;MMR006;December;2024;21;2
Myanmar;Ayeyarwady;Myaungmya;MMR;MMR017D003;MMR017;January;2025;1;0
Myanmar;Chin;Matupi;MMR;MMR004D004;MMR004;January;2025;4;4
Myanmar;Magway;Magway;MMR;MMR009D001;MMR009;January;2025;14;20
Myanmar;Magway;Minbu;MMR;MMR009D002;MMR009;January;2025;62;143
Myanmar;Sagaing;Hkamti;MMR;MMR005D008;MMR005;January;2025;5;0
Myanmar;Sagaing;Katha;MMR;MMR005D004;MMR005;January;2025;16;9
Myanmar;Sagaing;Shwebo;MMR;MMR005D002;MMR005;January;2025;27;70
Myanmar;Sagaing;Tamu;MMR;MMR005D006;MMR005;January;2025;21;13
Myanmar;Shan-North;Kyaukme;MMR;NA;NA;January;2025;17;14
Myanmar;Shan-North;Matman;MMR;MMR015D007;MMR015;January;2025;0;0
Myanmar;Shan-North;Pa Laung Self-Administered Zone;MMR;NA;NA;January;2025;3;0
Myanmar;Yangon;Yangon-East;MMR;MMR013D002;MMR013;January;2025;5;0
Myanmar;Ayeyarwady;Pathein;MMR;MMR017D001;MMR017;January;2025;45;12
Myanmar;Ayeyarwady;Pyapon;MMR;MMR017D006;MMR017;January;2025;1;0
Myanmar;Bago-East;Taungoo;MMR;MMR007D002;MMR007;January;2025;31;39
Myanmar;Kayah;Loikaw;MMR;MMR002D001;MMR002;January;2025;11;11
Myanmar;Kayin;Kawkareik;MMR;MMR003D003;MMR003;January;2025;31;56
Myanmar;Magway;Thayet;MMR;MMR009D003;MMR009;January;2025;9;62
Myanmar;Mandalay;Kyaukse;MMR;MMR010D003;MMR010;January;2025;2;2
Myanmar;Rakhine;Kyaukpyu;MMR;MMR012D003;MMR012;January;2025;25;65
Myanmar;Shan-East;Monghsat;MMR;MMR016D002;MMR016;January;2025;0;0
Myanmar;Shan-South;Pa-O Self-Administered Zone;MMR;NA;NA;January;2025;15;175
Myanmar;Shan-South;Taunggyi;MMR;MMR014D001;MMR014;January;2025;48;76
Myanmar;Tanintharyi;Dawei;MMR;MMR006D001;MMR006;January;2025;22;62
Myanmar;Yangon;Yangon-North;MMR;MMR013D001;MMR013;January;2025;7;0
Myanmar;Bago-West;Pyay;MMR;MMR008D001;MMR008;January;2025;25;20
Myanmar;Chin;Mindat;MMR;MMR004D002;MMR004;January;2025;1;0
Myanmar;Kachin;Bhamo;MMR;MMR001D003;MMR001;January;2025;16;3
Myanmar;Kachin;Myitkyina;MMR;MMR001D001;MMR001;January;2025;8;17
Myanmar;Magway;Gangaw;MMR;MMR009D005;MMR009;January;2025;7;0
Myanmar;Nay Pyi Taw;Oke Ta Ra;MMR;MMR018D001;MMR018;January;2025;2;0
Myanmar;Rakhine;Thandwe;MMR;MMR012D004;MMR012;January;2025;17;7
Myanmar;Shan-East;Kengtung;MMR;MMR016D001;MMR016;January;2025;0;0
Myanmar;Shan-North;Mongmit;MMR;MMR015D008;MMR015;January;2025;1;0
Myanmar;Yangon;Yangon-South;MMR;MMR013D003;MMR013;January;2025;1;2
Myanmar;Ayeyarwady;Labutta;MMR;MMR017D004;MMR017;January;2025;1;0
Myanmar;Ayeyarwady;Maubin;MMR;MMR017D005;MMR017;January;2025;1;0
Myanmar;Magway;Pakokku;MMR;MMR009D004;MMR009;January;2025;43;69
Myanmar;Mandalay;Myingyan;MMR;MMR010D004;MMR010;January;2025;43;206
Myanmar;Rakhine;Maungdaw;MMR;MMR012D002;MMR012;January;2025;7;2
Myanmar;Rakhine;Mrauk-U;MMR;MMR012D005;MMR012;January;2025;5;32
Myanmar;Shan-North;Hopang;MMR;MMR015D006;MMR015;January;2025;0;0
Myanmar;Shan-North;Kokang Self-Administered Zone;MMR;MMR015D221;MMR015;January;2025;0;0
Myanmar;Shan-North;Muse;MMR;MMR015D002;MMR015;January;2025;5;1
Myanmar;Sagaing;Kale;MMR;MMR005D005;MMR005;January;2025;18;23
Myanmar;Sagaing;Sagaing;MMR;MMR005D001;MMR005;January;2025;14;29
Myanmar;Bago-East;Bago;MMR;MMR007D001;MMR007;January;2025;18;9
Myanmar;Chin;Hakha;MMR;MMR004D003;MMR004;January;2025;0;0
Myanmar;Kachin;Mohnyin;MMR;MMR001D002;MMR001;January;2025;5;8
Myanmar;Kachin;Puta-O;MMR;MMR001D004;MMR001;January;2025;1;1
Myanmar;Kayin;Hpa-An;MMR;MMR003D001;MMR003;January;2025;4;3
Myanmar;Kayin;Myawaddy;MMR;MMR003D002;MMR003;January;2025;6;2
Myanmar;Mandalay;Mandalay;MMR;MMR010D001;MMR010;January;2025;8;6
Myanmar;Mandalay;Meiktila;MMR;MMR010D007;MMR010;January;2025;13;6
Myanmar;Sagaing;Kawlin;MMR;MMR005D011;MMR005;January;2025;1;1
Myanmar;Sagaing;Naga Self-Administered Zone;MMR;NA;NA;January;2025;0;0
Myanmar;Shan-South;Langkho;MMR;MMR014D003;MMR014;January;2025;0;0
Myanmar;Shan-South;Loilen;MMR;MMR014D002;MMR014;January;2025;6;3
Myanmar;Chin;Falam;MMR;MMR004D001;MMR004;January;2025;6;8
Myanmar;Kayin;Hpapun;MMR;MMR003D004;MMR003;January;2025;4;0
Myanmar;Mandalay;Nyaung-U;MMR;MMR010D005;MMR010;January;2025;5;1
Myanmar;Mon;Thaton;MMR;MMR011D002;MMR011;January;2025;27;14
Myanmar;Rakhine;Sittwe;MMR;MMR012D001;MMR012;January;2025;24;10
Myanmar;Sagaing;Mawlaik;MMR;MMR005D007;MMR005;January;2025;3;1
Myanmar;Sagaing;Monywa;MMR;MMR005D003;MMR005;January;2025;41;67
Myanmar;Sagaing;Yinmarbin;MMR;MMR005D009;MMR005;January;2025;15;6
Myanmar;Shan-East;Tachileik;MMR;MMR016D003;MMR016;January;2025;0;0
Myanmar;Tanintharyi;Kawthoung;MMR;MMR006D003;MMR006;January;2025;1;1
Myanmar;Yangon;Yangon-West;MMR;MMR013D004;MMR013;January;2025;1;1
Myanmar;Ayeyarwady;Hinthada;MMR;MMR017D002;MMR017;January;2025;0;0
Myanmar;Bago-West;Thayarwady;MMR;MMR008D002;MMR008;January;2025;57;36
Myanmar;Kayah;Bawlake;MMR;MMR002D002;MMR002;January;2025;3;8
Myanmar;Mandalay;Pyinoolwin;MMR;MMR010D002;MMR010;January;2025;21;6
Myanmar;Mandalay;Yamethin;MMR;MMR010D006;MMR010;January;2025;1;0
Myanmar;Mon;Mawlamyine;MMR;MMR011D001;MMR011;January;2025;24;92
Myanmar;Nay Pyi Taw;Det Khi Na;MMR;MMR018D002;MMR018;January;2025;2;0
Myanmar;Sagaing;Kanbalu;MMR;MMR005D010;MMR005;January;2025;14;7
Myanmar;Shan-North;Lashio;MMR;MMR015D001;MMR015;January;2025;2;0
Myanmar;Shan-South;Danu Self-Administered Zone;MMR;NA;NA;January;2025;0;0
Myanmar;Tanintharyi;Myeik;MMR;MMR006D002;MMR006;January;2025;30;44
Myanmar;Ayeyarwady;Myaungmya;MMR;MMR017D003;MMR017;February;2025;1;0
Myanmar;Chin;Matupi;MMR;MMR004D004;MMR004;February;2025;2;0
Myanmar;Magway;Magway;MMR;MMR009D001;MMR009;February;2025;16;23
Myanmar;Magway;Minbu;MMR;MMR009D002;MMR009;February;2025;47;291
Myanmar;Sagaing;Hkamti;MMR;MMR005D008;MMR005;February;2025;1;0
Myanmar;Sagaing;Katha;MMR;MMR005D004;MMR005;February;2025;7;4
Myanmar;Sagaing;Shwebo;MMR;MMR005D002;MMR005;February;2025;23;11
Myanmar;Sagaing;Tamu;MMR;MMR005D006;MMR005;February;2025;3;1
Myanmar;Shan-North;Kyaukme;MMR;NA;NA;February;2025;33;13
Myanmar;Shan-North;Matman;MMR;MMR015D007;MMR015;February;2025;0;0
Myanmar;Shan-North;Pa Laung Self-Administered Zone;MMR;NA;NA;February;2025;6;0
Myanmar;Yangon;Yangon-East;MMR;MMR013D002;MMR013;February;2025;4;2
Myanmar;Ayeyarwady;Pathein;MMR;MMR017D001;MMR017;February;2025;40;10
Myanmar;Ayeyarwady;Pyapon;MMR;MMR017D006;MMR017;February;2025;1;0
Myanmar;Bago-East;Taungoo;MMR;MMR007D002;MMR007;February;2025;24;21
Myanmar;Kayah;Loikaw;MMR;MMR002D001;MMR002;February;2025;7;0
Myanmar;Kayin;Kawkareik;MMR;MMR003D003;MMR003;February;2025;13;17
Myanmar;Magway;Thayet;MMR;MMR009D003;MMR009;February;2025;10;33
Myanmar;Mandalay;Kyaukse;MMR;MMR010D003;MMR010;February;2025;3;19
Myanmar;Rakhine;Kyaukpyu;MMR;MMR012D003;MMR012;February;2025;42;7
Myanmar;Shan-East;Monghsat;MMR;MMR016D002;MMR016;February;2025;0;0
Myanmar;Shan-South;Pa-O Self-Administered Zone;MMR;NA;NA;February;2025;4;2
Myanmar;Shan-South;Taunggyi;MMR;MMR014D001;MMR014;February;2025;22;29
Myanmar;Tanintharyi;Dawei;MMR;MMR006D001;MMR006;February;2025;19;38
Myanmar;Yangon;Yangon-North;MMR;MMR013D001;MMR013;February;2025;7;0
Myanmar;Bago-West;Pyay;MMR;MMR008D001;MMR008;February;2025;25;19
Myanmar;Chin;Mindat;MMR;MMR004D002;MMR004;February;2025;0;0
Myanmar;Kachin;Bhamo;MMR;MMR001D003;MMR001;February;2025;33;17
Myanmar;Kachin;Myitkyina;MMR;MMR001D001;MMR001;February;2025;10;0
Myanmar;Magway;Gangaw;MMR;MMR009D005;MMR009;February;2025;5;1
Myanmar;Nay Pyi Taw;Oke Ta Ra;MMR;MMR018D001;MMR018;February;2025;0;0
Myanmar;Rakhine;Thandwe;MMR;MMR012D004;MMR012;February;2025;10;6
Myanmar;Shan-East;Kengtung;MMR;MMR016D001;MMR016;February;2025;0;0
Myanmar;Shan-North;Mongmit;MMR;MMR015D008;MMR015;February;2025;1;3
Myanmar;Yangon;Yangon-South;MMR;MMR013D003;MMR013;February;2025;1;0
Myanmar;Ayeyarwady;Labutta;MMR;MMR017D004;MMR017;February;2025;0;0
Myanmar;Ayeyarwady;Maubin;MMR;MMR017D005;MMR017;February;2025;2;0
Myanmar;Magway;Pakokku;MMR;MMR009D004;MMR009;February;2025;39;89
Myanmar;Mandalay;Myingyan;MMR;MMR010D004;MMR010;February;2025;50;80
Myanmar;Rakhine;Maungdaw;MMR;MMR012D002;MMR012;February;2025;17;1
Myanmar;Rakhine;Mrauk-U;MMR;MMR012D005;MMR012;February;2025;4;2
Myanmar;Shan-North;Hopang;MMR;MMR015D006;MMR015;February;2025;0;0
Myanmar;Shan-North;Kokang Self-Administered Zone;MMR;MMR015D221;MMR015;February;2025;0;0
Myanmar;Shan-North;Muse;MMR;MMR015D002;MMR015;February;2025;6;5
Myanmar;Sagaing;Kale;MMR;MMR005D005;MMR005;February;2025;37;61
Myanmar;Sagaing;Sagaing;MMR;MMR005D001;MMR005;February;2025;16;20
Myanmar;Bago-East;Bago;MMR;MMR007D001;MMR007;February;2025;21;18
Myanmar;Chin;Hakha;MMR;MMR004D003;MMR004;February;2025;1;0
Myanmar;Kachin;Mohnyin;MMR;MMR001D002;MMR001;February;2025;9;2
Myanmar;Kachin;Puta-O;MMR;MMR001D004;MMR001;February;2025;1;0
Myanmar;Kayin;Hpa-An;MMR;MMR003D001;MMR003;February;2025;16;22
Myanmar;Kayin;Myawaddy;MMR;MMR003D002;MMR003;February;2025;1;0
Myanmar;Mandalay;Mandalay;MMR;MMR010D001;MMR010;February;2025;2;1
Myanmar;Mandalay;Meiktila;MMR;MMR010D007;MMR010;February;2025;8;3
Myanmar;Sagaing;Kawlin;MMR;MMR005D011;MMR005;February;2025;1;0
Myanmar;Sagaing;Naga Self-Administered Zone;MMR;NA;NA;February;2025;0;0
Myanmar;Shan-South;Langkho;MMR;MMR014D003;MMR014;February;2025;0;0
Myanmar;Shan-South;Loilen;MMR;MMR014D002;MMR014;February;2025;0;0
Myanmar;Chin;Falam;MMR;MMR004D001;MMR004;February;2025;8;4
Myanmar;Kayin;Hpapun;MMR;MMR003D004;MMR003;February;2025;3;0
Myanmar;Mandalay;Nyaung-U;MMR;MMR010D005;MMR010;February;2025;12;2
Myanmar;Mon;Thaton;MMR;MMR011D002;MMR011;February;2025;24;41
Myanmar;Rakhine;Sittwe;MMR;MMR012D001;MMR012;February;2025;56;17
Myanmar;Sagaing;Mawlaik;MMR;MMR005D007;MMR005;February;2025;0;0
Myanmar;Sagaing;Monywa;MMR;MMR005D003;MMR005;February;2025;78;161
Myanmar;Sagaing;Yinmarbin;MMR;MMR005D009;MMR005;February;2025;18;15
Myanmar;Shan-East;Tachileik;MMR;MMR016D003;MMR016;February;2025;0;0
Myanmar;Tanintharyi;Kawthoung;MMR;MMR006D003;MMR006;February;2025;5;26
Myanmar;Yangon;Yangon-West;MMR;MMR013D004;MMR013;February;2025;4;0
Myanmar;Ayeyarwady;Hinthada;MMR;MMR017D002;MMR017;February;2025;4;0
Myanmar;Bago-West;Thayarwady;MMR;MMR008D002;MMR008;February;2025;46;38
Myanmar;Kayah;Bawlake;MMR;MMR002D002;MMR002;February;2025;1;2
Myanmar;Mandalay;Pyinoolwin;MMR;MMR010D002;MMR010;February;2025;23;8
Myanmar;Mandalay;Yamethin;MMR;MMR010D006;MMR010;February;2025;0;0
Myanmar;Mon;Mawlamyine;MMR;MMR011D001;MMR011;February;2025;10;27
Myanmar;Nay Pyi Taw;Det Khi Na;MMR;MMR018D002;MMR018;February;2025;0;0
Myanmar;Sagaing;Kanbalu;MMR;MMR005D010;MMR005;February;2025;19;40
Myanmar;Shan-North;Lashio;MMR;MMR015D001;MMR015;February;2025;2;10
Myanmar;Shan-South;Danu Self-Administered Zone;MMR;NA;NA;February;2025;0;0
Myanmar;Tanintharyi;Myeik;MMR;MMR006D002;MMR006;February;2025;30;31
Myanmar;Ayeyarwady;Myaungmya;MMR;MMR017D003;MMR017;March;2025;1;0
Myanmar;Chin;Matupi;MMR;MMR004D004;MMR004;March;2025;1;0
Myanmar;Magway;Magway;MMR;MMR009D001;MMR009;March;2025;9;16
Myanmar;Magway;Minbu;MMR;MMR009D002;MMR009;March;2025;40;68
Myanmar;Sagaing;Hkamti;MMR;MMR005D008;MMR005;March;2025;0;0
Myanmar;Sagaing;Katha;MMR;MMR005D004;MMR005;March;2025;5;35
Myanmar;Sagaing;Shwebo;MMR;MMR005D002;MMR005;March;2025;28;90
Myanmar;Sagaing;Tamu;MMR;MMR005D006;MMR005;March;2025;1;0
Myanmar;Shan-North;Kyaukme;MMR;NA;NA;March;2025;32;32
Myanmar;Shan-North;Matman;MMR;MMR015D007;MMR015;March;2025;0;0
Myanmar;Shan-North;Pa Laung Self-Administered Zone;MMR;NA;NA;March;2025;1;0
Myanmar;Yangon;Yangon-East;MMR;MMR013D002;MMR013;March;2025;5;0
Myanmar;Ayeyarwady;Pathein;MMR;MMR017D001;MMR017;March;2025;26;2
Myanmar;Ayeyarwady;Pyapon;MMR;MMR017D006;MMR017;March;2025;0;0
Myanmar;Bago-East;Taungoo;MMR;MMR007D002;MMR007;March;2025;47;59
Myanmar;Kayah;Loikaw;MMR;MMR002D001;MMR002;March;2025;15;11
Myanmar;Kayin;Kawkareik;MMR;MMR003D003;MMR003;March;2025;25;22
Myanmar;Magway;Thayet;MMR;MMR009D003;MMR009;March;2025;2;4
Myanmar;Mandalay;Kyaukse;MMR;MMR010D003;MMR010;March;2025;1;1
Myanmar;Rakhine;Kyaukpyu;MMR;MMR012D003;MMR012;March;2025;33;7
Myanmar;Shan-East;Monghsat;MMR;MMR016D002;MMR016;March;2025;0;0
Myanmar;Shan-South;Pa-O Self-Administered Zone;MMR;NA;NA;March;2025;1;2
Myanmar;Shan-South;Taunggyi;MMR;MMR014D001;MMR014;March;2025;25;24
Myanmar;Tanintharyi;Dawei;MMR;MMR006D001;MMR006;March;2025;24;57
Myanmar;Yangon;Yangon-North;MMR;MMR013D001;MMR013;March;2025;5;0
Myanmar;Bago-West;Pyay;MMR;MMR008D001;MMR008;March;2025;27;24
Myanmar;Chin;Mindat;MMR;MMR004D002;MMR004;March;2025;0;0
Myanmar;Kachin;Bhamo;MMR;MMR001D003;MMR001;March;2025;15;7
Myanmar;Kachin;Myitkyina;MMR;MMR001D001;MMR001;March;2025;6;0
Myanmar;Magway;Gangaw;MMR;MMR009D005;MMR009;March;2025;16;25
Myanmar;Nay Pyi Taw;Oke Ta Ra;MMR;MMR018D001;MMR018;March;2025;0;0
Myanmar;Rakhine;Thandwe;MMR;MMR012D004;MMR012;March;2025;8;1
Myanmar;Shan-East;Kengtung;MMR;MMR016D001;MMR016;March;2025;0;0
Myanmar;Shan-North;Mongmit;MMR;MMR015D008;MMR015;March;2025;1;0
Myanmar;Yangon;Yangon-South;MMR;MMR013D003;MMR013;March;2025;0;0
Myanmar;Ayeyarwady;Labutta;MMR;MMR017D004;MMR017;March;2025;1;0
Myanmar;Ayeyarwady;Maubin;MMR;MMR017D005;MMR017;March;2025;6;0
Myanmar;Magway;Pakokku;MMR;MMR009D004;MMR009;March;2025;58;75
Myanmar;Mandalay;Myingyan;MMR;MMR010D004;MMR010;March;2025;53;125
Myanmar;Rakhine;Maungdaw;MMR;MMR012D002;MMR012;March;2025;8;68
Myanmar;Rakhine;Mrauk-U;MMR;MMR012D005;MMR012;March;2025;5;2
Myanmar;Shan-North;Hopang;MMR;MMR015D006;MMR015;March;2025;0;0
Myanmar;Shan-North;Kokang Self-Administered Zone;MMR;MMR015D221;MMR015;March;2025;0;0
Myanmar;Shan-North;Muse;MMR;MMR015D002;MMR015;March;2025;7;6
Myanmar;Sagaing;Kale;MMR;MMR005D005;MMR005;March;2025;15;2
Myanmar;Sagaing;Sagaing;MMR;MMR005D001;MMR005;March;2025;23;15
Myanmar;Bago-East;Bago;MMR;MMR007D001;MMR007;March;2025;17;22
Myanmar;Chin;Hakha;MMR;MMR004D003;MMR004;March;2025;0;0
Myanmar;Kachin;Mohnyin;MMR;MMR001D002;MMR001;March;2025;13;47
Myanmar;Kachin;Puta-O;MMR;MMR001D004;MMR001;March;2025;0;0
Myanmar;Kayin;Hpa-An;MMR;MMR003D001;MMR003;March;2025;29;37
Myanmar;Kayin;Myawaddy;MMR;MMR003D002;MMR003;March;2025;0;0
Myanmar;Mandalay;Mandalay;MMR;MMR010D001;MMR010;March;2025;6;0
Myanmar;Mandalay;Meiktila;MMR;MMR010D007;MMR010;March;2025;11;4
Myanmar;Sagaing;Kawlin;MMR;MMR005D011;MMR005;March;2025;0;0
Myanmar;Sagaing;Naga Self-Administered Zone;MMR;NA;NA;March;2025;1;0
Myanmar;Shan-South;Langkho;MMR;MMR014D003;MMR014;March;2025;0;0
Myanmar;Shan-South;Loilen;MMR;MMR014D002;MMR014;March;2025;2;0
Myanmar;Chin;Falam;MMR;MMR004D001;MMR004;March;2025;11;5
Myanmar;Kayin;Hpapun;MMR;MMR003D004;MMR003;March;2025;3;1
Myanmar;Mandalay;Nyaung-U;MMR;MMR010D005;MMR010;March;2025;10;88
Myanmar;Mon;Thaton;MMR;MMR011D002;MMR011;March;2025;21;12
Myanmar;Rakhine;Sittwe;MMR;MMR012D001;MMR012;March;2025;22;47
Myanmar;Sagaing;Mawlaik;MMR;MMR005D007;MMR005;March;2025;0;0
Myanmar;Sagaing;Monywa;MMR;MMR005D003;MMR005;March;2025;21;39
Myanmar;Sagaing;Yinmarbin;MMR;MMR005D009;MMR005;March;2025;16;4
Myanmar;Shan-East;Tachileik;MMR;MMR016D003;MMR016;March;2025;0;0
Myanmar;Tanintharyi;Kawthoung;MMR;MMR006D003;MMR006;March;2025;2;0
Myanmar;Yangon;Yangon-West;MMR;MMR013D004;MMR013;March;2025;1;0
Myanmar;Ayeyarwady;Hinthada;MMR;MMR017D002;MMR017;March;2025;40;10
Myanmar;Bago-West;Thayarwady;MMR;MMR008D002;MMR008;March;2025;31;46
Myanmar;Kayah;Bawlake;MMR;MMR002D002;MMR002;March;2025;5;11
Myanmar;Mandalay;Pyinoolwin;MMR;MMR010D002;MMR010;March;2025;29;51
Myanmar;Mandalay;Yamethin;MMR;MMR010D006;MMR010;March;2025;2;1
Myanmar;Mon;Mawlamyine;MMR;MMR011D001;MMR011;March;2025;7;16
Myanmar;Nay Pyi Taw;Det Khi Na;MMR;MMR018D002;MMR018;March;2025;1;1
Myanmar;Sagaing;Kanbalu;MMR;MMR005D010;MMR005;March;2025;7;22
Myanmar;Shan-North;Lashio;MMR;MMR015D001;MMR015;March;2025;4;3
Myanmar;Shan-South;Danu Self-Administered Zone;MMR;NA;NA;March;2025;0;0
Myanmar;Tanintharyi;Myeik;MMR;MMR006D002;MMR006;March;2025;41;37
Myanmar;Ayeyarwady;Myaungmya;MMR;MMR017D003;MMR017;April;2025;0;0
Myanmar;Chin;Matupi;MMR;MMR004D004;MMR004;April;2025;2;0
Myanmar;Magway;Magway;MMR;MMR009D001;MMR009;April;2025;9;14
Myanmar;Magway;Minbu;MMR;MMR009D002;MMR009;April;2025;28;42
Myanmar;Sagaing;Hkamti;MMR;MMR005D008;MMR005;April;2025;4;3
Myanmar;Sagaing;Katha;MMR;MMR005D004;MMR005;April;2025;13;7
Myanmar;Sagaing;Shwebo;MMR;MMR005D002;MMR005;April;2025;16;20
Myanmar;Sagaing;Tamu;MMR;MMR005D006;MMR005;April;2025;0;0
Myanmar;Shan-North;Kyaukme;MMR;NA;NA;April;2025;37;5
Myanmar;Shan-North;Matman;MMR;MMR015D007;MMR015;April;2025;0;0
Myanmar;Shan-North;Pa Laung Self-Administered Zone;MMR;NA;NA;April;2025;1;0
Myanmar;Yangon;Yangon-East;MMR;MMR013D002;MMR013;April;2025;4;0
Myanmar;Ayeyarwady;Pathein;MMR;MMR017D001;MMR017;April;2025;7;12
Myanmar;Ayeyarwady;Pyapon;MMR;MMR017D006;MMR017;April;2025;0;0
Myanmar;Bago-East;Taungoo;MMR;MMR007D002;MMR007;April;2025;37;63
Myanmar;Kayah;Loikaw;MMR;MMR002D001;MMR002;April;2025;4;6
Myanmar;Kayin;Kawkareik;MMR;MMR003D003;MMR003;April;2025;86;59
Myanmar;Magway;Thayet;MMR;MMR009D003;MMR009;April;2025;5;24
Myanmar;Mandalay;Kyaukse;MMR;MMR010D003;MMR010;April;2025;1;0
Myanmar;Rakhine;Kyaukpyu;MMR;MMR012D003;MMR012;April;2025;39;34
Myanmar;Shan-East;Monghsat;MMR;MMR016D002;MMR016;April;2025;0;0
Myanmar;Shan-South;Pa-O Self-Administered Zone;MMR;NA;NA;April;2025;0;0
Myanmar;Shan-South;Taunggyi;MMR;MMR014D001;MMR014;April;2025;21;7
Myanmar;Tanintharyi;Dawei;MMR;MMR006D001;MMR006;April;2025;36;37
Myanmar;Yangon;Yangon-North;MMR;MMR013D001;MMR013;April;2025;6;5
Myanmar;Bago-West;Pyay;MMR;MMR008D001;MMR008;April;2025;7;8
Myanmar;Chin;Mindat;MMR;MMR004D002;MMR004;April;2025;8;6
Myanmar;Kachin;Bhamo;MMR;MMR001D003;MMR001;April;2025;17;3
Myanmar;Kachin;Myitkyina;MMR;MMR001D001;MMR001;April;2025;21;3
Myanmar;Magway;Gangaw;MMR;MMR009D005;MMR009;April;2025;4;1
Myanmar;Nay Pyi Taw;Oke Ta Ra;MMR;MMR018D001;MMR018;April;2025;2;3
Myanmar;Rakhine;Thandwe;MMR;MMR012D004;MMR012;April;2025;7;2
Myanmar;Shan-East;Kengtung;MMR;MMR016D001;MMR016;April;2025;0;0
Myanmar;Shan-North;Mongmit;MMR;MMR015D008;MMR015;April;2025;0;0
Myanmar;Yangon;Yangon-South;MMR;MMR013D003;MMR013;April;2025;1;1
Myanmar;Ayeyarwady;Labutta;MMR;MMR017D004;MMR017;April;2025;0;0
Myanmar;Ayeyarwady;Maubin;MMR;MMR017D005;MMR017;April;2025;1;0
Myanmar;Magway;Pakokku;MMR;MMR009D004;MMR009;April;2025;43;75
Myanmar;Mandalay;Myingyan;MMR;MMR010D004;MMR010;April;2025;27;38
Myanmar;Rakhine;Maungdaw;MMR;MMR012D002;MMR012;April;2025;5;1
Myanmar;Rakhine;Mrauk-U;MMR;MMR012D005;MMR012;April;2025;4;1
Myanmar;Shan-North;Hopang;MMR;MMR015D006;MMR015;April;2025;0;0
Myanmar;Shan-North;Kokang Self-Administered Zone;MMR;MMR015D221;MMR015;April;2025;0;0
Myanmar;Shan-North;Muse;MMR;MMR015D002;MMR015;April;2025;4;1
Myanmar;Sagaing;Kale;MMR;MMR005D005;MMR005;April;2025;21;57
Myanmar;Sagaing;Sagaing;MMR;MMR005D001;MMR005;April;2025;16;51
Myanmar;Bago-East;Bago;MMR;MMR007D001;MMR007;April;2025;37;27
Myanmar;Chin;Hakha;MMR;MMR004D003;MMR004;April;2025;1;0
Myanmar;Kachin;Mohnyin;MMR;MMR001D002;MMR001;April;2025;41;15
Myanmar;Kachin;Puta-O;MMR;MMR001D004;MMR001;April;2025;0;0
Myanmar;Kayin;Hpa-An;MMR;MMR003D001;MMR003;April;2025;9;3
Myanmar;Kayin;Myawaddy;MMR;MMR003D002;MMR003;April;2025;2;0
Myanmar;Mandalay;Mandalay;MMR;MMR010D001;MMR010;April;2025;1;0
Myanmar;Mandalay;Meiktila;MMR;MMR010D007;MMR010;April;2025;2;3
Myanmar;Sagaing;Kawlin;MMR;MMR005D011;MMR005;April;2025;13;30
Myanmar;Sagaing;Naga Self-Administered Zone;MMR;NA;NA;April;2025;0;0
Myanmar;Shan-South;Langkho;MMR;MMR014D003;MMR014;April;2025;1;0
Myanmar;Shan-South;Loilen;MMR;MMR014D002;MMR014;April;2025;0;0
Myanmar;Chin;Falam;MMR;MMR004D001;MMR004;April;2025;10;18
Myanmar;Kayin;Hpapun;MMR;MMR003D004;MMR003;April;2025;6;2
Myanmar;Mandalay;Nyaung-U;MMR;MMR010D005;MMR010;April;2025;17;12
Myanmar;Mon;Thaton;MMR;MMR011D002;MMR011;April;2025;14;10
Myanmar;Rakhine;Sittwe;MMR;MMR012D001;MMR012;April;2025;15;1
Myanmar;Sagaing;Mawlaik;MMR;MMR005D007;MMR005;April;2025;0;0
Myanmar;Sagaing;Monywa;MMR;MMR005D003;MMR005;April;2025;19;23
Myanmar;Sagaing;Yinmarbin;MMR;MMR005D009;MMR005;April;2025;33;8
Myanmar;Shan-East;Tachileik;MMR;MMR016D003;MMR016;April;2025;0;0
Myanmar;Tanintharyi;Kawthoung;MMR;MMR006D003;MMR006;April;2025;8;8
Myanmar;Yangon;Yangon-West;MMR;MMR013D004;MMR013;April;2025;3;0
Myanmar;Ayeyarwady;Hinthada;MMR;MMR017D002;MMR017;April;2025;21;4
Myanmar;Bago-West;Thayarwady;MMR;MMR008D002;MMR008;April;2025;51;75
Myanmar;Kayah;Bawlake;MMR;MMR002D002;MMR002;April;2025;6;10
Myanmar;Mandalay;Pyinoolwin;MMR;MMR010D002;MMR010;April;2025;42;45
Myanmar;Mandalay;Yamethin;MMR;MMR010D006;MMR010;April;2025;2;3
Myanmar;Mon;Mawlamyine;MMR;MMR011D001;MMR011;April;2025;10;6
Myanmar;Nay Pyi Taw;Det Khi Na;MMR;MMR018D002;MMR018;April;2025;2;0
Myanmar;Sagaing;Kanbalu;MMR;MMR005D010;MMR005;April;2025;6;16
Myanmar;Shan-North;Lashio;MMR;MMR015D001;MMR015;April;2025;8;5
Myanmar;Shan-South;Danu Self-Administered Zone;MMR;NA;NA;April;2025;2;5
Myanmar;Tanintharyi;Myeik;MMR;MMR006D002;MMR006;April;2025;24;7
Myanmar;Ayeyarwady;Myaungmya;MMR;MMR017D003;MMR017;May;2025;1;0
Myanmar;Chin;Matupi;MMR;MMR004D004;MMR004;May;2025;1;1
Myanmar;Magway;Magway;MMR;MMR009D001;MMR009;May;2025;8;10
Myanmar;Magway;Minbu;MMR;MMR009D002;MMR009;May;2025;28;70
Myanmar;Sagaing;Hkamti;MMR;MMR005D008;MMR005;May;2025;1;0
Myanmar;Sagaing;Katha;MMR;MMR005D004;MMR005;May;2025;2;2
Myanmar;Sagaing;Shwebo;MMR;MMR005D002;MMR005;May;2025;23;48
Myanmar;Sagaing;Tamu;MMR;MMR005D006;MMR005;May;2025;3;12
Myanmar;Shan-North;Kyaukme;MMR;NA;NA;May;2025;63;14
Myanmar;Shan-North;Matman;MMR;MMR015D007;MMR015;May;2025;0;0
Myanmar;Shan-North;Pa Laung Self-Administered Zone;MMR;NA;NA;May;2025;1;0
Myanmar;Yangon;Yangon-East;MMR;MMR013D002;MMR013;May;2025;1;0
Myanmar;Ayeyarwady;Pathein;MMR;MMR017D001;MMR017;May;2025;7;1
Myanmar;Ayeyarwady;Pyapon;MMR;MMR017D006;MMR017;May;2025;1;0
Myanmar;Bago-East;Taungoo;MMR;MMR007D002;MMR007;May;2025;43;89
Myanmar;Kayah;Loikaw;MMR;MMR002D001;MMR002;May;2025;3;0
Myanmar;Kayin;Kawkareik;MMR;MMR003D003;MMR003;May;2025;37;32
Myanmar;Magway;Thayet;MMR;MMR009D003;MMR009;May;2025;4;5
Myanmar;Mandalay;Kyaukse;MMR;MMR010D003;MMR010;May;2025;0;0
Myanmar;Rakhine;Kyaukpyu;MMR;MMR012D003;MMR012;May;2025;33;14
Myanmar;Shan-East;Monghsat;MMR;MMR016D002;MMR016;May;2025;0;0
Myanmar;Shan-South;Pa-O Self-Administered Zone;MMR;NA;NA;May;2025;16;5
Myanmar;Shan-South;Taunggyi;MMR;MMR014D001;MMR014;May;2025;43;52
Myanmar;Tanintharyi;Dawei;MMR;MMR006D001;MMR006;May;2025;26;39
Myanmar;Yangon;Yangon-North;MMR;MMR013D001;MMR013;May;2025;5;0
Myanmar;Bago-West;Pyay;MMR;MMR008D001;MMR008;May;2025;13;6
Myanmar;Chin;Mindat;MMR;MMR004D002;MMR004;May;2025;7;5
Myanmar;Kachin;Bhamo;MMR;MMR001D003;MMR001;May;2025;9;33
Myanmar;Kachin;Myitkyina;MMR;MMR001D001;MMR001;May;2025;5;10
Myanmar;Magway;Gangaw;MMR;MMR009D005;MMR009;May;2025;11;17
Myanmar;Nay Pyi Taw;Oke Ta Ra;MMR;MMR018D001;MMR018;May;2025;0;0
Myanmar;Rakhine;Thandwe;MMR;MMR012D004;MMR012;May;2025;1;0
Myanmar;Shan-East;Kengtung;MMR;MMR016D001;MMR016;May;2025;0;0
Myanmar;Shan-North;Mongmit;MMR;MMR015D008;MMR015;May;2025;0;0
Myanmar;Yangon;Yangon-South;MMR;MMR013D003;MMR013;May;2025;2;0
Myanmar;Ayeyarwady;Labutta;MMR;MMR017D004;MMR017;May;2025;0;0
Myanmar;Ayeyarwady;Maubin;MMR;MMR017D005;MMR017;May;2025;0;0
Myanmar;Magway;Pakokku;MMR;MMR009D004;MMR009;May;2025;34;61
Myanmar;Mandalay;Myingyan;MMR;MMR010D004;MMR010;May;2025;44;74
Myanmar;Rakhine;Maungdaw;MMR;MMR012D002;MMR012;May;2025;5;5
Myanmar;Rakhine;Mrauk-U;MMR;MMR012D005;MMR012;May;2025;5;8
Myanmar;Shan-North;Hopang;MMR;MMR015D006;MMR015;May;2025;0;0
Myanmar;Shan-North;Kokang Self-Administered Zone;MMR;MMR015D221;MMR015;May;2025;0;0
Myanmar;Shan-North;Muse;MMR;MMR015D002;MMR015;May;2025;8;2
Myanmar;Sagaing;Kale;MMR;MMR005D005;MMR005;May;2025;4;16
Myanmar;Sagaing;Sagaing;MMR;MMR005D001;MMR005;May;2025;22;21
Myanmar;Bago-East;Bago;MMR;MMR007D001;MMR007;May;2025;36;67
Myanmar;Chin;Hakha;MMR;MMR004D003;MMR004;May;2025;2;0
Myanmar;Kachin;Mohnyin;MMR;MMR001D002;MMR001;May;2025;34;34
Myanmar;Kachin;Puta-O;MMR;MMR001D004;MMR001;May;2025;0;0
Myanmar;Kayin;Hpa-An;MMR;MMR003D001;MMR003;May;2025;32;36
Myanmar;Kayin;Myawaddy;MMR;MMR003D002;MMR003;May;2025;27;33
Myanmar;Mandalay;Mandalay;MMR;MMR010D001;MMR010;May;2025;5;4
Myanmar;Mandalay;Meiktila;MMR;MMR010D007;MMR010;May;2025;7;1
Myanmar;Sagaing;Kawlin;MMR;MMR005D011;MMR005;May;2025;6;1
Myanmar;Sagaing;Naga Self-Administered Zone;MMR;NA;NA;May;2025;0;0
Myanmar;Shan-South;Langkho;MMR;MMR014D003;MMR014;May;2025;0;0
Myanmar;Shan-South;Loilen;MMR;MMR014D002;MMR014;May;2025;1;0
Myanmar;Chin;Falam;MMR;MMR004D001;MMR004;May;2025;9;1
Myanmar;Kayin;Hpapun;MMR;MMR003D004;MMR003;May;2025;1;0
Myanmar;Mandalay;Nyaung-U;MMR;MMR010D005;MMR010;May;2025;9;11
Myanmar;Mon;Thaton;MMR;MMR011D002;MMR011;May;2025;25;7
Myanmar;Rakhine;Sittwe;MMR;MMR012D001;MMR012;May;2025;5;13
Myanmar;Sagaing;Mawlaik;MMR;MMR005D007;MMR005;May;2025;0;0
Myanmar;Sagaing;Monywa;MMR;MMR005D003;MMR005;May;2025;27;33
Myanmar;Sagaing;Yinmarbin;MMR;MMR005D009;MMR005;May;2025;11;18
Myanmar;Shan-East;Tachileik;MMR;MMR016D003;MMR016;May;2025;0;0
Myanmar;Tanintharyi;Kawthoung;MMR;MMR006D003;MMR006;May;2025;4;2
Myanmar;Yangon;Yangon-West;MMR;MMR013D004;MMR013;May;2025;6;1
Myanmar;Ayeyarwady;Hinthada;MMR;MMR017D002;MMR017;May;2025;25;5
Myanmar;Bago-West;Thayarwady;MMR;MMR008D002;MMR008;May;2025;36;51
Myanmar;Kayah;Bawlake;MMR;MMR002D002;MMR002;May;2025;6;44
Myanmar;Mandalay;Pyinoolwin;MMR;MMR010D002;MMR010;May;2025;47;28
Myanmar;Mandalay;Yamethin;MMR;MMR010D006;MMR010;May;2025;1;6
Myanmar;Mon;Mawlamyine;MMR;MMR011D001;MMR011;May;2025;5;6
Myanmar;Nay Pyi Taw;Det Khi Na;MMR;MMR018D002;MMR018;May;2025;0;0
Myanmar;Sagaing;Kanbalu;MMR;MMR005D010;MMR005;May;2025;6;5
Myanmar;Shan-North;Lashio;MMR;MMR015D001;MMR015;May;2025;3;0
Myanmar;Shan-South;Danu Self-Administered Zone;MMR;NA;NA;May;2025;0;0
Myanmar;Tanintharyi;Myeik;MMR;MMR006D002;MMR006;May;2025;29;49
Myanmar;Ayeyarwady;Myaungmya;MMR;MMR017D003;MMR017;June;2025;0;0
Myanmar;Chin;Matupi;MMR;MMR004D004;MMR004;June;2025;0;0
Myanmar;Magway;Magway;MMR;MMR009D001;MMR009;June;2025;29;25
Myanmar;Magway;Minbu;MMR;MMR009D002;MMR009;June;2025;34;19
Myanmar;Sagaing;Hkamti;MMR;MMR005D008;MMR005;June;2025;0;0
Myanmar;Sagaing;Katha;MMR;MMR005D004;MMR005;June;2025;6;21
Myanmar;Sagaing;Shwebo;MMR;MMR005D002;MMR005;June;2025;17;25
Myanmar;Sagaing;Tamu;MMR;MMR005D006;MMR005;June;2025;1;3
Myanmar;Shan-North;Kyaukme;MMR;NA;NA;June;2025;105;8
Myanmar;Shan-North;Matman;MMR;MMR015D007;MMR015;June;2025;0;0
Myanmar;Shan-North;Pa Laung Self-Administered Zone;MMR;NA;NA;June;2025;1;1
Myanmar;Yangon;Yangon-East;MMR;MMR013D002;MMR013;June;2025;5;0
Myanmar;Ayeyarwady;Pathein;MMR;MMR017D001;MMR017;June;2025;21;3
Myanmar;Ayeyarwady;Pyapon;MMR;MMR017D006;MMR017;June;2025;0;0
Myanmar;Bago-East;Taungoo;MMR;MMR007D002;MMR007;June;2025;49;106
Myanmar;Kayah;Loikaw;MMR;MMR002D001;MMR002;June;2025;7;23
Myanmar;Kayin;Kawkareik;MMR;MMR003D003;MMR003;June;2025;38;134
Myanmar;Magway;Thayet;MMR;MMR009D003;MMR009;June;2025;2;9
Myanmar;Mandalay;Kyaukse;MMR;MMR010D003;MMR010;June;2025;0;0
Myanmar;Rakhine;Kyaukpyu;MMR;MMR012D003;MMR012;June;2025;33;71
Myanmar;Shan-East;Monghsat;MMR;MMR016D002;MMR016;June;2025;0;0
Myanmar;Shan-South;Pa-O Self-Administered Zone;MMR;NA;NA;June;2025;3;0
Myanmar;Shan-South;Taunggyi;MMR;MMR014D001;MMR014;June;2025;28;15
Myanmar;Tanintharyi;Dawei;MMR;MMR006D001;MMR006;June;2025;29;42
Myanmar;Yangon;Yangon-North;MMR;MMR013D001;MMR013;June;2025;7;3
Myanmar;Bago-West;Pyay;MMR;MMR008D001;MMR008;June;2025;10;22
Myanmar;Chin;Mindat;MMR;MMR004D002;MMR004;June;2025;0;0
Myanmar;Kachin;Bhamo;MMR;MMR001D003;MMR001;June;2025;3;0
Myanmar;Kachin;Myitkyina;MMR;MMR001D001;MMR001;June;2025;4;0
Myanmar;Magway;Gangaw;MMR;MMR009D005;MMR009;June;2025;11;27
Myanmar;Nay Pyi Taw;Oke Ta Ra;MMR;MMR018D001;MMR018;June;2025;0;0
Myanmar;Rakhine;Thandwe;MMR;MMR012D004;MMR012;June;2025;5;6
Myanmar;Shan-East;Kengtung;MMR;MMR016D001;MMR016;June;2025;0;0
Myanmar;Shan-North;Mongmit;MMR;MMR015D008;MMR015;June;2025;1;0
Myanmar;Yangon;Yangon-South;MMR;MMR013D003;MMR013;June;2025;0;0
Myanmar;Ayeyarwady;Labutta;MMR;MMR017D004;MMR017;June;2025;1;0
Myanmar;Ayeyarwady;Maubin;MMR;MMR017D005;MMR017;June;2025;4;1
Myanmar;Magway;Pakokku;MMR;MMR009D004;MMR009;June;2025;60;71
Myanmar;Mandalay;Myingyan;MMR;MMR010D004;MMR010;June;2025;46;89
Myanmar;Rakhine;Maungdaw;MMR;MMR012D002;MMR012;June;2025;2;4
Myanmar;Rakhine;Mrauk-U;MMR;MMR012D005;MMR012;June;2025;4;0
Myanmar;Shan-North;Hopang;MMR;MMR015D006;MMR015;June;2025;0;0
Myanmar;Shan-North;Kokang Self-Administered Zone;MMR;MMR015D221;MMR015;June;2025;1;0
Myanmar;Shan-North;Muse;MMR;MMR015D002;MMR015;June;2025;5;2
Myanmar;Sagaing;Kale;MMR;MMR005D005;MMR005;June;2025;2;0
Myanmar;Sagaing;Sagaing;MMR;MMR005D001;MMR005;June;2025;20;34
Myanmar;Bago-East;Bago;MMR;MMR007D001;MMR007;June;2025;20;36
Myanmar;Chin;Hakha;MMR;MMR004D003;MMR004;June;2025;0;0
Myanmar;Kachin;Mohnyin;MMR;MMR001D002;MMR001;June;2025;44;104
Myanmar;Kachin;Puta-O;MMR;MMR001D004;MMR001;June;2025;1;0
Myanmar;Kayin;Hpa-An;MMR;MMR003D001;MMR003;June;2025;9;13
Myanmar;Kayin;Myawaddy;MMR;MMR003D002;MMR003;June;2025;5;35
Myanmar;Mandalay;Mandalay;MMR;MMR010D001;MMR010;June;2025;6;2
Myanmar;Mandalay;Meiktila;MMR;MMR010D007;MMR010;June;2025;3;4
Myanmar;Sagaing;Kawlin;MMR;MMR005D011;MMR005;June;2025;4;2
Myanmar;Sagaing;Naga Self-Administered Zone;MMR;NA;NA;June;2025;1;2
Myanmar;Shan-South;Langkho;MMR;MMR014D003;MMR014;June;2025;1;0
Myanmar;Shan-South;Loilen;MMR;MMR014D002;MMR014;June;2025;1;0
Myanmar;Chin;Falam;MMR;MMR004D001;MMR004;June;2025;6;20
Myanmar;Kayin;Hpapun;MMR;MMR003D004;MMR003;June;2025;2;0
Myanmar;Mandalay;Nyaung-U;MMR;MMR010D005;MMR010;June;2025;5;23
Myanmar;Mon;Thaton;MMR;MMR011D002;MMR011;June;2025;16;5
Myanmar;Rakhine;Sittwe;MMR;MMR012D001;MMR012;June;2025;3;0
Myanmar;Sagaing;Mawlaik;MMR;MMR005D007;MMR005;June;2025;0;0
Myanmar;Sagaing;Monywa;MMR;MMR005D003;MMR005;June;2025;16;48
Myanmar;Sagaing;Yinmarbin;MMR;MMR005D009;MMR005;June;2025;50;65
Myanmar;Shan-East;Tachileik;MMR;MMR016D003;MMR016;June;2025;0;0
Myanmar;Tanintharyi;Kawthoung;MMR;MMR006D003;MMR006;June;2025;4;4
Myanmar;Yangon;Yangon-West;MMR;MMR013D004;MMR013;June;2025;2;0
Myanmar;Ayeyarwady;Hinthada;MMR;MMR017D002;MMR017;June;2025;10;1
Myanmar;Bago-West;Thayarwady;MMR;MMR008D002;MMR008;June;2025;43;77
Myanmar;Kayah;Bawlake;MMR;MMR002D002;MMR002;June;2025;5;30
Myanmar;Mandalay;Pyinoolwin;MMR;MMR010D002;MMR010;June;2025;29;15
Myanmar;Mandalay;Yamethin;MMR;MMR010D006;MMR010;June;2025;2;7
Myanmar;Mon;Mawlamyine;MMR;MMR011D001;MMR011;June;2025;7;6
Myanmar;Nay Pyi Taw;Det Khi Na;MMR;MMR018D002;MMR018;June;2025;0;0
Myanmar;Sagaing;Kanbalu;MMR;MMR005D010;MMR005;June;2025;14;16
Myanmar;Shan-North;Lashio;MMR;MMR015D001;MMR015;June;2025;6;8
Myanmar;Shan-South;Danu Self-Administered Zone;MMR;NA;NA;June;2025;1;0
Myanmar;Tanintharyi;Myeik;MMR;MMR006D002;MMR006;June;2025;29;23
Myanmar;Ayeyarwady;Myaungmya;MMR;MMR017D003;MMR017;July;2025;0;0
Myanmar;Chin;Matupi;MMR;MMR004D004;MMR004;July;2025;1;0
Myanmar;Magway;Magway;MMR;MMR009D001;MMR009;July;2025;11;25
Myanmar;Magway;Minbu;MMR;MMR009D002;MMR009;July;2025;19;63
Myanmar;Sagaing;Hkamti;MMR;MMR005D008;MMR005;July;2025;0;0
Myanmar;Sagaing;Katha;MMR;MMR005D004;MMR005;July;2025;8;5
Myanmar;Sagaing;Shwebo;MMR;MMR005D002;MMR005;July;2025;28;41
Myanmar;Sagaing;Tamu;MMR;MMR005D006;MMR005;July;2025;1;0
Myanmar;Shan-North;Kyaukme;MMR;NA;NA;July;2025;101;18
Myanmar;Shan-North;Matman;MMR;MMR015D007;MMR015;July;2025;0;0
Myanmar;Shan-North;Pa Laung Self-Administered Zone;MMR;NA;NA;July;2025;0;0
Myanmar;Yangon;Yangon-East;MMR;MMR013D002;MMR013;July;2025;5;0
Myanmar;Ayeyarwady;Pathein;MMR;MMR017D001;MMR017;July;2025;6;2
Myanmar;Ayeyarwady;Pyapon;MMR;MMR017D006;MMR017;July;2025;1;1
Myanmar;Bago-East;Taungoo;MMR;MMR007D002;MMR007;July;2025;33;139
Myanmar;Kayah;Loikaw;MMR;MMR002D001;MMR002;July;2025;18;9
Myanmar;Kayin;Kawkareik;MMR;MMR003D003;MMR003;July;2025;32;29
Myanmar;Magway;Thayet;MMR;MMR009D003;MMR009;July;2025;7;63
Myanmar;Mandalay;Kyaukse;MMR;MMR010D003;MMR010;July;2025;0;0
Myanmar;Rakhine;Kyaukpyu;MMR;MMR012D003;MMR012;July;2025;30;10
Myanmar;Shan-East;Monghsat;MMR;MMR016D002;MMR016;July;2025;0;0
Myanmar;Shan-South;Pa-O Self-Administered Zone;MMR;NA;NA;July;2025;1;0
Myanmar;Shan-South;Taunggyi;MMR;MMR014D001;MMR014;July;2025;8;8
Myanmar;Tanintharyi;Dawei;MMR;MMR006D001;MMR006;July;2025;23;50
Myanmar;Yangon;Yangon-North;MMR;MMR013D001;MMR013;July;2025;5;2
Myanmar;Bago-West;Pyay;MMR;MMR008D001;MMR008;July;2025;9;7
Myanmar;Chin;Mindat;MMR;MMR004D002;MMR004;July;2025;0;0
Myanmar;Kachin;Bhamo;MMR;MMR001D003;MMR001;July;2025;10;31
Myanmar;Kachin;Myitkyina;MMR;MMR001D001;MMR001;July;2025;8;1
Myanmar;Magway;Gangaw;MMR;MMR009D005;MMR009;July;2025;3;0
Myanmar;Nay Pyi Taw;Oke Ta Ra;MMR;MMR018D001;MMR018;July;2025;1;0
Myanmar;Rakhine;Thandwe;MMR;MMR012D004;MMR012;July;2025;1;0
Myanmar;Shan-East;Kengtung;MMR;MMR016D001;MMR016;July;2025;0;0
Myanmar;Shan-North;Mongmit;MMR;MMR015D008;MMR015;July;2025;0;0
Myanmar;Yangon;Yangon-South;MMR;MMR013D003;MMR013;July;2025;1;0
Myanmar;Ayeyarwady;Labutta;MMR;MMR017D004;MMR017;July;2025;0;0
Myanmar;Ayeyarwady;Maubin;MMR;MMR017D005;MMR017;July;2025;2;0
Myanmar;Magway;Pakokku;MMR;MMR009D004;MMR009;July;2025;43;65
Myanmar;Mandalay;Myingyan;MMR;MMR010D004;MMR010;July;2025;30;136
Myanmar;Rakhine;Maungdaw;MMR;MMR012D002;MMR012;July;2025;9;2
Myanmar;Rakhine;Mrauk-U;MMR;MMR012D005;MMR012;July;2025;2;2
Myanmar;Shan-North;Hopang;MMR;MMR015D006;MMR015;July;2025;0;0
Myanmar;Shan-North;Kokang Self-Administered Zone;MMR;MMR015D221;MMR015;July;2025;0;0
Myanmar;Shan-North;Muse;MMR;MMR015D002;MMR015;July;2025;5;8
Myanmar;Sagaing;Kale;MMR;MMR005D005;MMR005;July;2025;1;6
Myanmar;Sagaing;Sagaing;MMR;MMR005D001;MMR005;July;2025;15;46
Myanmar;Bago-East;Bago;MMR;MMR007D001;MMR007;July;2025;20;3
Myanmar;Chin;Hakha;MMR;MMR004D003;MMR004;July;2025;2;0
Myanmar;Kachin;Mohnyin;MMR;MMR001D002;MMR001;July;2025;47;83
Myanmar;Kachin;Puta-O;MMR;MMR001D004;MMR001;July;2025;0;0
Myanmar;Kayin;Hpa-An;MMR;MMR003D001;MMR003;July;2025;2;1
Myanmar;Kayin;Myawaddy;MMR;MMR003D002;MMR003;July;2025;17;5
Myanmar;Mandalay;Mandalay;MMR;MMR010D001;MMR010;July;2025;16;11
Myanmar;Mandalay;Meiktila;MMR;MMR010D007;MMR010;July;2025;18;9
Myanmar;Sagaing;Kawlin;MMR;MMR005D011;MMR005;July;2025;1;0
Myanmar;Sagaing;Naga Self-Administered Zone;MMR;NA;NA;July;2025;1;3
Myanmar;Shan-South;Langkho;MMR;MMR014D003;MMR014;July;2025;3;2
Myanmar;Shan-South;Loilen;MMR;MMR014D002;MMR014;July;2025;0;0
Myanmar;Chin;Falam;MMR;MMR004D001;MMR004;July;2025;12;19
Myanmar;Kayin;Hpapun;MMR;MMR003D004;MMR003;July;2025;0;0
Myanmar;Mandalay;Nyaung-U;MMR;MMR010D005;MMR010;July;2025;17;40
Myanmar;Mon;Thaton;MMR;MMR011D002;MMR011;July;2025;13;6
Myanmar;Rakhine;Sittwe;MMR;MMR012D001;MMR012;July;2025;8;0
Myanmar;Sagaing;Mawlaik;MMR;MMR005D007;MMR005;July;2025;4;6
Myanmar;Sagaing;Monywa;MMR;MMR005D003;MMR005;July;2025;20;25
Myanmar;Sagaing;Yinmarbin;MMR;MMR005D009;MMR005;July;2025;15;3
Myanmar;Shan-East;Tachileik;MMR;MMR016D003;MMR016;July;2025;0;0
Myanmar;Tanintharyi;Kawthoung;MMR;MMR006D003;MMR006;July;2025;2;2
Myanmar;Yangon;Yangon-West;MMR;MMR013D004;MMR013;July;2025;2;0
Myanmar;Ayeyarwady;Hinthada;MMR;MMR017D002;MMR017;July;2025;16;3
Myanmar;Bago-West;Thayarwady;MMR;MMR008D002;MMR008;July;2025;34;142
Myanmar;Kayah;Bawlake;MMR;MMR002D002;MMR002;July;2025;8;15
Myanmar;Mandalay;Pyinoolwin;MMR;MMR010D002;MMR010;July;2025;51;51
Myanmar;Mandalay;Yamethin;MMR;MMR010D006;MMR010;July;2025;0;0
Myanmar;Mon;Mawlamyine;MMR;MMR011D001;MMR011;July;2025;13;27
Myanmar;Nay Pyi Taw;Det Khi Na;MMR;MMR018D002;MMR018;July;2025;1;0
Myanmar;Sagaing;Kanbalu;MMR;MMR005D010;MMR005;July;2025;15;18
Myanmar;Shan-North;Lashio;MMR;MMR015D001;MMR015;July;2025;2;0
Myanmar;Shan-South;Danu Self-Administered Zone;MMR;NA;NA;July;2025;4;12
Myanmar;Tanintharyi;Myeik;MMR;MMR006D002;MMR006;July;2025;25;34
Myanmar;Ayeyarwady;Myaungmya;MMR;MMR017D003;MMR017;August;2025;0;0
Myanmar;Chin;Matupi;MMR;MMR004D004;MMR004;August;2025;3;0
Myanmar;Magway;Magway;MMR;MMR009D001;MMR009;August;2025;13;14
Myanmar;Magway;Minbu;MMR;MMR009D002;MMR009;August;2025;20;63
Myanmar;Sagaing;Hkamti;MMR;MMR005D008;MMR005;August;2025;1;0
Myanmar;Sagaing;Katha;MMR;MMR005D004;MMR005;August;2025;0;0
Myanmar;Sagaing;Shwebo;MMR;MMR005D002;MMR005;August;2025;27;11
Myanmar;Sagaing;Tamu;MMR;MMR005D006;MMR005;August;2025;6;11
Myanmar;Shan-North;Kyaukme;MMR;NA;NA;August;2025;68;37
Myanmar;Shan-North;Matman;MMR;MMR015D007;MMR015;August;2025;0;0
Myanmar;Shan-North;Pa Laung Self-Administered Zone;MMR;NA;NA;August;2025;2;0
Myanmar;Yangon;Yangon-East;MMR;MMR013D002;MMR013;August;2025;16;0
Myanmar;Ayeyarwady;Pathein;MMR;MMR017D001;MMR017;August;2025;8;7
Myanmar;Ayeyarwady;Pyapon;MMR;MMR017D006;MMR017;August;2025;1;0
Myanmar;Bago-East;Taungoo;MMR;MMR007D002;MMR007;August;2025;44;38
Myanmar;Kayah;Loikaw;MMR;MMR002D001;MMR002;August;2025;32;53
Myanmar;Kayin;Kawkareik;MMR;MMR003D003;MMR003;August;2025;39;55
Myanmar;Magway;Thayet;MMR;MMR009D003;MMR009;August;2025;1;2
Myanmar;Mandalay;Kyaukse;MMR;MMR010D003;MMR010;August;2025;1;1
Myanmar;Rakhine;Kyaukpyu;MMR;MMR012D003;MMR012;August;2025;40;129
Myanmar;Shan-East;Monghsat;MMR;MMR016D002;MMR016;August;2025;0;0
Myanmar;Shan-South;Pa-O Self-Administered Zone;MMR;NA;NA;August;2025;14;120
Myanmar;Shan-South;Taunggyi;MMR;MMR014D001;MMR014;August;2025;3;2
Myanmar;Tanintharyi;Dawei;MMR;MMR006D001;MMR006;August;2025;49;189
Myanmar;Yangon;Yangon-North;MMR;MMR013D001;MMR013;August;2025;6;0
Myanmar;Bago-West;Pyay;MMR;MMR008D001;MMR008;August;2025;18;35
Myanmar;Chin;Mindat;MMR;MMR004D002;MMR004;August;2025;2;0
Myanmar;Kachin;Bhamo;MMR;MMR001D003;MMR001;August;2025;34;130
Myanmar;Kachin;Myitkyina;MMR;MMR001D001;MMR001;August;2025;15;4
Myanmar;Magway;Gangaw;MMR;MMR009D005;MMR009;August;2025;2;0
Myanmar;Nay Pyi Taw;Oke Ta Ra;MMR;MMR018D001;MMR018;August;2025;0;0
Myanmar;Rakhine;Thandwe;MMR;MMR012D004;MMR012;August;2025;5;0
Myanmar;Shan-East;Kengtung;MMR;MMR016D001;MMR016;August;2025;0;0
Myanmar;Shan-North;Mongmit;MMR;MMR015D008;MMR015;August;2025;3;0
Myanmar;Yangon;Yangon-South;MMR;MMR013D003;MMR013;August;2025;1;0
Myanmar;Ayeyarwady;Labutta;MMR;MMR017D004;MMR017;August;2025;0;0
Myanmar;Ayeyarwady;Maubin;MMR;MMR017D005;MMR017;August;2025;0;0
Myanmar;Magway;Pakokku;MMR;MMR009D004;MMR009;August;2025;63;42
Myanmar;Mandalay;Myingyan;MMR;MMR010D004;MMR010;August;2025;37;123
Myanmar;Rakhine;Maungdaw;MMR;MMR012D002;MMR012;August;2025;15;18
Myanmar;Rakhine;Mrauk-U;MMR;MMR012D005;MMR012;August;2025;10;16
Myanmar;Shan-North;Hopang;MMR;MMR015D006;MMR015;August;2025;0;0
Myanmar;Shan-North;Kokang Self-Administered Zone;MMR;MMR015D221;MMR015;August;2025;0;0
Myanmar;Shan-North;Muse;MMR;MMR015D002;MMR015;August;2025;4;1
Myanmar;Sagaing;Kale;MMR;MMR005D005;MMR005;August;2025;19;3
Myanmar;Sagaing;Sagaing;MMR;MMR005D001;MMR005;August;2025;20;67
Myanmar;Bago-East;Bago;MMR;MMR007D001;MMR007;August;2025;20;12
Myanmar;Chin;Hakha;MMR;MMR004D003;MMR004;August;2025;6;2
Myanmar;Kachin;Mohnyin;MMR;MMR001D002;MMR001;August;2025;50;32
Myanmar;Kachin;Puta-O;MMR;MMR001D004;MMR001;August;2025;0;0
Myanmar;Kayin;Hpa-An;MMR;MMR003D001;MMR003;August;2025;5;23
Myanmar;Kayin;Myawaddy;MMR;MMR003D002;MMR003;August;2025;11;5
Myanmar;Mandalay;Mandalay;MMR;MMR010D001;MMR010;August;2025;5;21
Myanmar;Mandalay;Meiktila;MMR;MMR010D007;MMR010;August;2025;11;3
Myanmar;Sagaing;Kawlin;MMR;MMR005D011;MMR005;August;2025;4;3
Myanmar;Sagaing;Naga Self-Administered Zone;MMR;NA;NA;August;2025;2;0
Myanmar;Shan-South;Langkho;MMR;MMR014D003;MMR014;August;2025;0;0
Myanmar;Shan-South;Loilen;MMR;MMR014D002;MMR014;August;2025;0;0
Myanmar;Chin;Falam;MMR;MMR004D001;MMR004;August;2025;3;0
Myanmar;Kayin;Hpapun;MMR;MMR003D004;MMR003;August;2025;2;0
Myanmar;Mandalay;Nyaung-U;MMR;MMR010D005;MMR010;August;2025;9;54
Myanmar;Mon;Thaton;MMR;MMR011D002;MMR011;August;2025;5;9
Myanmar;Rakhine;Sittwe;MMR;MMR012D001;MMR012;August;2025;13;1
Myanmar;Sagaing;Mawlaik;MMR;MMR005D007;MMR005;August;2025;4;3
Myanmar;Sagaing;Monywa;MMR;MMR005D003;MMR005;August;2025;49;129
Myanmar;Sagaing;Yinmarbin;MMR;MMR005D009;MMR005;August;2025;20;10
Myanmar;Shan-East;Tachileik;MMR;MMR016D003;MMR016;August;2025;3;7
Myanmar;Tanintharyi;Kawthoung;MMR;MMR006D003;MMR006;August;2025;3;22
Myanmar;Yangon;Yangon-West;MMR;MMR013D004;MMR013;August;2025;3;0
Myanmar;Ayeyarwady;Hinthada;MMR;MMR017D002;MMR017;August;2025;6;1
Myanmar;Bago-West;Thayarwady;MMR;MMR008D002;MMR008;August;2025;16;11
Myanmar;Kayah;Bawlake;MMR;MMR002D002;MMR002;August;2025;10;30
Myanmar;Mandalay;Pyinoolwin;MMR;MMR010D002;MMR010;August;2025;28;90
Myanmar;Mandalay;Yamethin;MMR;MMR010D006;MMR010;August;2025;0;0
Myanmar;Mon;Mawlamyine;MMR;MMR011D001;MMR011;August;2025;8;11
Myanmar;Nay Pyi Taw;Det Khi Na;MMR;MMR018D002;MMR018;August;2025;0;0
Myanmar;Sagaing;Kanbalu;MMR;MMR005D010;MMR005;August;2025;12;29
Myanmar;Shan-North;Lashio;MMR;MMR015D001;MMR015;August;2025;5;1
Myanmar;Shan-South;Danu Self-Administered Zone;MMR;NA;NA;August;2025;9;1
Myanmar;Tanintharyi;Myeik;MMR;MMR006D002;MMR006;August;2025;28;32
Myanmar;Ayeyarwady;Myaungmya;MMR;MMR017D003;MMR017;September;2025;0;0
Myanmar;Chin;Matupi;MMR;MMR004D004;MMR004;September;2025;3;2
Myanmar;Magway;Magway;MMR;MMR009D001;MMR009;September;2025;10;50
Myanmar;Magway;Minbu;MMR;MMR009D002;MMR009;September;2025;45;156
Myanmar;Sagaing;Hkamti;MMR;MMR005D008;MMR005;September;2025;0;0
Myanmar;Sagaing;Katha;MMR;MMR005D004;MMR005;September;2025;18;30
Myanmar;Sagaing;Shwebo;MMR;MMR005D002;MMR005;September;2025;32;65
Myanmar;Sagaing;Tamu;MMR;MMR005D006;MMR005;September;2025;0;0
Myanmar;Shan-North;Kyaukme;MMR;NA;NA;September;2025;77;20
Myanmar;Shan-North;Matman;MMR;MMR015D007;MMR015;September;2025;0;0
Myanmar;Shan-North;Pa Laung Self-Administered Zone;MMR;NA;NA;September;2025;0;0
Myanmar;Yangon;Yangon-East;MMR;MMR013D002;MMR013;September;2025;10;0
Myanmar;Ayeyarwady;Pathein;MMR;MMR017D001;MMR017;September;2025;9;0
Myanmar;Ayeyarwady;Pyapon;MMR;MMR017D006;MMR017;September;2025;0;0
Myanmar;Bago-East;Taungoo;MMR;MMR007D002;MMR007;September;2025;10;16
Myanmar;Kayah;Loikaw;MMR;MMR002D001;MMR002;September;2025;20;15
Myanmar;Kayin;Kawkareik;MMR;MMR003D003;MMR003;September;2025;36;37
Myanmar;Magway;Thayet;MMR;MMR009D003;MMR009;September;2025;12;36
Myanmar;Mandalay;Kyaukse;MMR;MMR010D003;MMR010;September;2025;0;0
Myanmar;Rakhine;Kyaukpyu;MMR;MMR012D003;MMR012;September;2025;23;34
Myanmar;Shan-East;Monghsat;MMR;MMR016D002;MMR016;September;2025;0;0
Myanmar;Shan-South;Pa-O Self-Administered Zone;MMR;NA;NA;September;2025;0;0
Myanmar;Shan-South;Taunggyi;MMR;MMR014D001;MMR014;September;2025;5;1
Myanmar;Tanintharyi;Dawei;MMR;MMR006D001;MMR006;September;2025;43;72
Myanmar;Yangon;Yangon-North;MMR;MMR013D001;MMR013;September;2025;9;1
Myanmar;Bago-West;Pyay;MMR;MMR008D001;MMR008;September;2025;23;24
Myanmar;Chin;Mindat;MMR;MMR004D002;MMR004;September;2025;3;0
Myanmar;Kachin;Bhamo;MMR;MMR001D003;MMR001;September;2025;11;40
Myanmar;Kachin;Myitkyina;MMR;MMR001D001;MMR001;September;2025;22;15
Myanmar;Magway;Gangaw;MMR;MMR009D005;MMR009;September;2025;4;3
Myanmar;Nay Pyi Taw;Oke Ta Ra;MMR;MMR018D001;MMR018;September;2025;1;4
Myanmar;Rakhine;Thandwe;MMR;MMR012D004;MMR012;September;2025;5;1
Myanmar;Shan-East;Kengtung;MMR;MMR016D001;MMR016;September;2025;0;0
Myanmar;Shan-North;Mongmit;MMR;MMR015D008;MMR015;September;2025;0;0
Myanmar;Yangon;Yangon-South;MMR;MMR013D003;MMR013;September;2025;1;0
Myanmar;Ayeyarwady;Labutta;MMR;MMR017D004;MMR017;September;2025;1;1
Myanmar;Ayeyarwady;Maubin;MMR;MMR017D005;MMR017;September;2025;0;0
Myanmar;Magway;Pakokku;MMR;MMR009D004;MMR009;September;2025;45;28
Myanmar;Mandalay;Myingyan;MMR;MMR010D004;MMR010;September;2025;27;56
Myanmar;Rakhine;Maungdaw;MMR;MMR012D002;MMR012;September;2025;19;9
Myanmar;Rakhine;Mrauk-U;MMR;MMR012D005;MMR012;September;2025;3;23
Myanmar;Shan-North;Hopang;MMR;MMR015D006;MMR015;September;2025;0;0
Myanmar;Shan-North;Kokang Self-Administered Zone;MMR;MMR015D221;MMR015;September;2025;0;0
Myanmar;Shan-North;Muse;MMR;MMR015D002;MMR015;September;2025;0;0
Myanmar;Sagaing;Kale;MMR;MMR005D005;MMR005;September;2025;6;15
Myanmar;Sagaing;Sagaing;MMR;MMR005D001;MMR005;September;2025;10;1
Myanmar;Bago-East;Bago;MMR;MMR007D001;MMR007;September;2025;13;9
Myanmar;Chin;Hakha;MMR;MMR004D003;MMR004;September;2025;0;0
Myanmar;Kachin;Mohnyin;MMR;MMR001D002;MMR001;September;2025;52;98
Myanmar;Kachin;Puta-O;MMR;MMR001D004;MMR001;September;2025;3;0
Myanmar;Kayin;Hpa-An;MMR;MMR003D001;MMR003;September;2025;4;4
Myanmar;Kayin;Myawaddy;MMR;MMR003D002;MMR003;September;2025;44;4
Myanmar;Mandalay;Mandalay;MMR;MMR010D001;MMR010;September;2025;2;0
Myanmar;Mandalay;Meiktila;MMR;MMR010D007;MMR010;September;2025;19;8
Myanmar;Sagaing;Kawlin;MMR;MMR005D011;MMR005;September;2025;3;30
Myanmar;Sagaing;Naga Self-Administered Zone;MMR;NA;NA;September;2025;0;0
Myanmar;Shan-South;Langkho;MMR;MMR014D003;MMR014;September;2025;0;0
Myanmar;Shan-South;Loilen;MMR;MMR014D002;MMR014;September;2025;0;0
Myanmar;Chin;Falam;MMR;MMR004D001;MMR004;September;2025;0;0
Myanmar;Kayin;Hpapun;MMR;MMR003D004;MMR003;September;2025;8;12
Myanmar;Mandalay;Nyaung-U;MMR;MMR010D005;MMR010;September;2025;1;0
Myanmar;Mon;Thaton;MMR;MMR011D002;MMR011;September;2025;7;1
Myanmar;Rakhine;Sittwe;MMR;MMR012D001;MMR012;September;2025;11;4
Myanmar;Sagaing;Mawlaik;MMR;MMR005D007;MMR005;September;2025;3;9
Myanmar;Sagaing;Monywa;MMR;MMR005D003;MMR005;September;2025;16;33
Myanmar;Sagaing;Yinmarbin;MMR;MMR005D009;MMR005;September;2025;30;57
Myanmar;Shan-East;Tachileik;MMR;MMR016D003;MMR016;September;2025;0;0
Myanmar;Tanintharyi;Kawthoung;MMR;MMR006D003;MMR006;September;2025;3;6
Myanmar;Yangon;Yangon-West;MMR;MMR013D004;MMR013;September;2025;5;0
Myanmar;Ayeyarwady;Hinthada;MMR;MMR017D002;MMR017;September;2025;1;2
Myanmar;Bago-West;Thayarwady;MMR;MMR008D002;MMR008;September;2025;37;56
Myanmar;Kayah;Bawlake;MMR;MMR002D002;MMR002;September;2025;1;25
Myanmar;Mandalay;Pyinoolwin;MMR;MMR010D002;MMR010;September;2025;53;38
Myanmar;Mandalay;Yamethin;MMR;MMR010D006;MMR010;September;2025;0;0
Myanmar;Mon;Mawlamyine;MMR;MMR011D001;MMR011;September;2025;19;14
Myanmar;Nay Pyi Taw;Det Khi Na;MMR;MMR018D002;MMR018;September;2025;0;0
Myanmar;Sagaing;Kanbalu;MMR;MMR005D010;MMR005;September;2025;11;42
Myanmar;Shan-North;Lashio;MMR;MMR015D001;MMR015;September;2025;2;2
Myanmar;Shan-South;Danu Self-Administered Zone;MMR;NA;NA;September;2025;7;3
Myanmar;Tanintharyi;Myeik;MMR;MMR006D002;MMR006;September;2025;25;50
Myanmar;Ayeyarwady;Myaungmya;MMR;MMR017D003;MMR017;October;2025;0;0
Myanmar;Chin;Matupi;MMR;MMR004D004;MMR004;October;2025;2;1
Myanmar;Magway;Magway;MMR;MMR009D001;MMR009;October;2025;13;6
Myanmar;Magway;Minbu;MMR;MMR009D002;MMR009;October;2025;53;100
Myanmar;Sagaing;Hkamti;MMR;MMR005D008;MMR005;October;2025;0;0
Myanmar;Sagaing;Katha;MMR;MMR005D004;MMR005;October;2025;24;5
Myanmar;Sagaing;Shwebo;MMR;MMR005D002;MMR005;October;2025;40;52
Myanmar;Sagaing;Tamu;MMR;MMR005D006;MMR005;October;2025;0;0
Myanmar;Shan-North;Kyaukme;MMR;NA;NA;October;2025;49;31
Myanmar;Shan-North;Matman;MMR;MMR015D007;MMR015;October;2025;0;0
Myanmar;Shan-North;Pa Laung Self-Administered Zone;MMR;NA;NA;October;2025;8;13
Myanmar;Yangon;Yangon-East;MMR;MMR013D002;MMR013;October;2025;8;0
Myanmar;Ayeyarwady;Pathein;MMR;MMR017D001;MMR017;October;2025;2;24
Myanmar;Ayeyarwady;Pyapon;MMR;MMR017D006;MMR017;October;2025;0;0
Myanmar;Bago-East;Taungoo;MMR;MMR007D002;MMR007;October;2025;16;36
Myanmar;Kayah;Loikaw;MMR;MMR002D001;MMR002;October;2025;22;25
Myanmar;Kayin;Kawkareik;MMR;MMR003D003;MMR003;October;2025;30;48
Myanmar;Magway;Thayet;MMR;MMR009D003;MMR009;October;2025;9;8
Myanmar;Mandalay;Kyaukse;MMR;MMR010D003;MMR010;October;2025;1;0
Myanmar;Rakhine;Kyaukpyu;MMR;MMR012D003;MMR012;October;2025;13;30
Myanmar;Shan-East;Monghsat;MMR;MMR016D002;MMR016;October;2025;0;0
Myanmar;Shan-South;Pa-O Self-Administered Zone;MMR;NA;NA;October;2025;3;0
Myanmar;Shan-South;Taunggyi;MMR;MMR014D001;MMR014;October;2025;7;0
Myanmar;Tanintharyi;Dawei;MMR;MMR006D001;MMR006;October;2025;26;62
Myanmar;Yangon;Yangon-North;MMR;MMR013D001;MMR013;October;2025;9;0
Myanmar;Bago-West;Pyay;MMR;MMR008D001;MMR008;October;2025;31;94
Myanmar;Chin;Mindat;MMR;MMR004D002;MMR004;October;2025;9;9
Myanmar;Kachin;Bhamo;MMR;MMR001D003;MMR001;October;2025;7;53
Myanmar;Kachin;Myitkyina;MMR;MMR001D001;MMR001;October;2025;14;3
Myanmar;Magway;Gangaw;MMR;MMR009D005;MMR009;October;2025;11;1
Myanmar;Nay Pyi Taw;Oke Ta Ra;MMR;MMR018D001;MMR018;October;2025;0;0
Myanmar;Rakhine;Thandwe;MMR;MMR012D004;MMR012;October;2025;6;0
Myanmar;Shan-East;Kengtung;MMR;MMR016D001;MMR016;October;2025;0;0
Myanmar;Shan-North;Mongmit;MMR;MMR015D008;MMR015;October;2025;6;7
Myanmar;Yangon;Yangon-South;MMR;MMR013D003;MMR013;October;2025;1;0
Myanmar;Ayeyarwady;Labutta;MMR;MMR017D004;MMR017;October;2025;0;0
Myanmar;Ayeyarwady;Maubin;MMR;MMR017D005;MMR017;October;2025;0;0
Myanmar;Magway;Pakokku;MMR;MMR009D004;MMR009;October;2025;45;32
Myanmar;Mandalay;Myingyan;MMR;MMR010D004;MMR010;October;2025;30;77
Myanmar;Rakhine;Maungdaw;MMR;MMR012D002;MMR012;October;2025;14;12
Myanmar;Rakhine;Mrauk-U;MMR;MMR012D005;MMR012;October;2025;1;2
Myanmar;Shan-North;Hopang;MMR;MMR015D006;MMR015;October;2025;0;0
Myanmar;Shan-North;Kokang Self-Administered Zone;MMR;MMR015D221;MMR015;October;2025;0;0
Myanmar;Shan-North;Muse;MMR;MMR015D002;MMR015;October;2025;2;1
Myanmar;Sagaing;Kale;MMR;MMR005D005;MMR005;October;2025;15;7
Myanmar;Sagaing;Sagaing;MMR;MMR005D001;MMR005;October;2025;14;49
Myanmar;Bago-East;Bago;MMR;MMR007D001;MMR007;October;2025;9;2
Myanmar;Chin;Hakha;MMR;MMR004D003;MMR004;October;2025;3;9
Myanmar;Kachin;Mohnyin;MMR;MMR001D002;MMR001;October;2025;16;4
Myanmar;Kachin;Puta-O;MMR;MMR001D004;MMR001;October;2025;8;7
Myanmar;Kayin;Hpa-An;MMR;MMR003D001;MMR003;October;2025;1;3
Myanmar;Kayin;Myawaddy;MMR;MMR003D002;MMR003;October;2025;28;24
Myanmar;Mandalay;Mandalay;MMR;MMR010D001;MMR010;October;2025;3;5
Myanmar;Mandalay;Meiktila;MMR;MMR010D007;MMR010;October;2025;29;22
Myanmar;Sagaing;Kawlin;MMR;MMR005D011;MMR005;October;2025;2;0
Myanmar;Sagaing;Naga Self-Administered Zone;MMR;NA;NA;October;2025;1;2
Myanmar;Shan-South;Langkho;MMR;MMR014D003;MMR014;October;2025;0;0
Myanmar;Shan-South;Loilen;MMR;MMR014D002;MMR014;October;2025;0;0
Myanmar;Chin;Falam;MMR;MMR004D001;MMR004;October;2025;1;8
Myanmar;Kayin;Hpapun;MMR;MMR003D004;MMR003;October;2025;3;14
Myanmar;Mandalay;Nyaung-U;MMR;MMR010D005;MMR010;October;2025;4;11
Myanmar;Mon;Thaton;MMR;MMR011D002;MMR011;October;2025;11;6
Myanmar;Rakhine;Sittwe;MMR;MMR012D001;MMR012;October;2025;17;13
Myanmar;Sagaing;Mawlaik;MMR;MMR005D007;MMR005;October;2025;0;0
Myanmar;Sagaing;Monywa;MMR;MMR005D003;MMR005;October;2025;25;69
Myanmar;Sagaing;Yinmarbin;MMR;MMR005D009;MMR005;October;2025;29;37
Myanmar;Shan-East;Tachileik;MMR;MMR016D003;MMR016;October;2025;1;1
Myanmar;Tanintharyi;Kawthoung;MMR;MMR006D003;MMR006;October;2025;3;3
Myanmar;Yangon;Yangon-West;MMR;MMR013D004;MMR013;October;2025;5;0
Myanmar;Ayeyarwady;Hinthada;MMR;MMR017D002;MMR017;October;2025;1;0
Myanmar;Bago-West;Thayarwady;MMR;MMR008D002;MMR008;October;2025;31;50
Myanmar;Kayah;Bawlake;MMR;MMR002D002;MMR002;October;2025;3;4
Myanmar;Mandalay;Pyinoolwin;MMR;MMR010D002;MMR010;October;2025;36;26
Myanmar;Mandalay;Yamethin;MMR;MMR010D006;MMR010;October;2025;1;8
Myanmar;Mon;Mawlamyine;MMR;MMR011D001;MMR011;October;2025;17;24
Myanmar;Nay Pyi Taw;Det Khi Na;MMR;MMR018D002;MMR018;October;2025;0;0
Myanmar;Sagaing;Kanbalu;MMR;MMR005D010;MMR005;October;2025;7;6
Myanmar;Shan-North;Lashio;MMR;MMR015D001;MMR015;October;2025;1;1
Myanmar;Shan-South;Danu Self-Administered Zone;MMR;NA;NA;October;2025;11;12
Myanmar;Tanintharyi;Myeik;MMR;MMR006D002;MMR006;October;2025;27;17
Myanmar;Ayeyarwady;Myaungmya;MMR;MMR017D003;MMR017;November;2025;0;0
Myanmar;Chin;Matupi;MMR;MMR004D004;MMR004;November;2025;0;0
Myanmar;Magway;Magway;MMR;MMR009D001;MMR009;November;2025;10;23
Myanmar;Magway;Minbu;MMR;MMR009D002;MMR009;November;2025;21;13
Myanmar;Sagaing;Hkamti;MMR;MMR005D008;MMR005;November;2025;0;0
Myanmar;Sagaing;Katha;MMR;MMR005D004;MMR005;November;2025;4;2
Myanmar;Sagaing;Shwebo;MMR;MMR005D002;MMR005;November;2025;46;139
Myanmar;Sagaing;Tamu;MMR;MMR005D006;MMR005;November;2025;0;0
Myanmar;Shan-North;Kyaukme;MMR;NA;NA;November;2025;2;0
Myanmar;Shan-North;Matman;MMR;MMR015D007;MMR015;November;2025;0;0
Myanmar;Shan-North;Pa Laung Self-Administered Zone;MMR;NA;NA;November;2025;0;0
Myanmar;Yangon;Yangon-East;MMR;MMR013D002;MMR013;November;2025;6;0
Myanmar;Ayeyarwady;Pathein;MMR;MMR017D001;MMR017;November;2025;5;3
Myanmar;Ayeyarwady;Pyapon;MMR;MMR017D006;MMR017;November;2025;0;0
Myanmar;Bago-East;Taungoo;MMR;MMR007D002;MMR007;November;2025;16;19
Myanmar;Kayah;Loikaw;MMR;MMR002D001;MMR002;November;2025;12;27
Myanmar;Kayin;Kawkareik;MMR;MMR003D003;MMR003;November;2025;18;26
Myanmar;Magway;Thayet;MMR;MMR009D003;MMR009;November;2025;10;20
Myanmar;Mandalay;Kyaukse;MMR;MMR010D003;MMR010;November;2025;3;1
Myanmar;Rakhine;Kyaukpyu;MMR;MMR012D003;MMR012;November;2025;29;26
Myanmar;Shan-East;Monghsat;MMR;MMR016D002;MMR016;November;2025;0;0
Myanmar;Shan-South;Pa-O Self-Administered Zone;MMR;NA;NA;November;2025;0;0
Myanmar;Shan-South;Taunggyi;MMR;MMR014D001;MMR014;November;2025;11;12
Myanmar;Tanintharyi;Dawei;MMR;MMR006D001;MMR006;November;2025;17;24
Myanmar;Yangon;Yangon-North;MMR;MMR013D001;MMR013;November;2025;7;1
Myanmar;Bago-West;Pyay;MMR;MMR008D001;MMR008;November;2025;13;18
Myanmar;Chin;Mindat;MMR;MMR004D002;MMR004;November;2025;2;0
Myanmar;Kachin;Bhamo;MMR;MMR001D003;MMR001;November;2025;7;4
Myanmar;Kachin;Myitkyina;MMR;MMR001D001;MMR001;November;2025;3;0
Myanmar;Magway;Gangaw;MMR;MMR009D005;MMR009;November;2025;13;27
Myanmar;Nay Pyi Taw;Oke Ta Ra;MMR;MMR018D001;MMR018;November;2025;2;2
Myanmar;Rakhine;Thandwe;MMR;MMR012D004;MMR012;November;2025;3;1
Myanmar;Shan-East;Kengtung;MMR;MMR016D001;MMR016;November;2025;0;0
Myanmar;Shan-North;Mongmit;MMR;MMR015D008;MMR015;November;2025;2;0
Myanmar;Yangon;Yangon-South;MMR;MMR013D003;MMR013;November;2025;0;0
Myanmar;Ayeyarwady;Labutta;MMR;MMR017D004;MMR017;November;2025;0;0
Myanmar;Ayeyarwady;Maubin;MMR;MMR017D005;MMR017;November;2025;0;0
Myanmar;Magway;Pakokku;MMR;MMR009D004;MMR009;November;2025;61;77
Myanmar;Mandalay;Myingyan;MMR;MMR010D004;MMR010;November;2025;28;90
Myanmar;Rakhine;Maungdaw;MMR;MMR012D002;MMR012;November;2025;11;3
Myanmar;Rakhine;Mrauk-U;MMR;MMR012D005;MMR012;November;2025;7;9
Myanmar;Shan-North;Hopang;MMR;MMR015D006;MMR015;November;2025;1;1
Myanmar;Shan-North;Kokang Self-Administered Zone;MMR;MMR015D221;MMR015;November;2025;0;0
Myanmar;Shan-North;Muse;MMR;MMR015D002;MMR015;November;2025;4;5
Myanmar;Sagaing;Kale;MMR;MMR005D005;MMR005;November;2025;22;83
Myanmar;Sagaing;Sagaing;MMR;MMR005D001;MMR005;November;2025;4;5
Myanmar;Bago-East;Bago;MMR;MMR007D001;MMR007;November;2025;7;4
Myanmar;Chin;Hakha;MMR;MMR004D003;MMR004;November;2025;4;1
Myanmar;Kachin;Mohnyin;MMR;MMR001D002;MMR001;November;2025;25;21
Myanmar;Kachin;Puta-O;MMR;MMR001D004;MMR001;November;2025;2;0
Myanmar;Kayin;Hpa-An;MMR;MMR003D001;MMR003;November;2025;1;1
Myanmar;Kayin;Myawaddy;MMR;MMR003D002;MMR003;November;2025;21;13
Myanmar;Mandalay;Mandalay;MMR;MMR010D001;MMR010;November;2025;3;0
Myanmar;Mandalay;Meiktila;MMR;MMR010D007;MMR010;November;2025;11;1
Myanmar;Sagaing;Kawlin;MMR;MMR005D011;MMR005;November;2025;3;1
Myanmar;Sagaing;Naga Self-Administered Zone;MMR;NA;NA;November;2025;0;0
Myanmar;Shan-South;Langkho;MMR;MMR014D003;MMR014;November;2025;0;0
Myanmar;Shan-South;Loilen;MMR;MMR014D002;MMR014;November;2025;0;0
Myanmar;Chin;Falam;MMR;MMR004D001;MMR004;November;2025;31;108
Myanmar;Kayin;Hpapun;MMR;MMR003D004;MMR003;November;2025;2;15
Myanmar;Mandalay;Nyaung-U;MMR;MMR010D005;MMR010;November;2025;4;14
Myanmar;Mon;Thaton;MMR;MMR011D002;MMR011;November;2025;23;2
Myanmar;Rakhine;Sittwe;MMR;MMR012D001;MMR012;November;2025;19;11
Myanmar;Sagaing;Mawlaik;MMR;MMR005D007;MMR005;November;2025;0;0
Myanmar;Sagaing;Monywa;MMR;MMR005D003;MMR005;November;2025;37;58
Myanmar;Sagaing;Yinmarbin;MMR;MMR005D009;MMR005;November;2025;14;22
Myanmar;Shan-East;Tachileik;MMR;MMR016D003;MMR016;November;2025;0;0
Myanmar;Tanintharyi;Kawthoung;MMR;MMR006D003;MMR006;November;2025;2;8
Myanmar;Yangon;Yangon-West;MMR;MMR013D004;MMR013;November;2025;3;0
Myanmar;Ayeyarwady;Hinthada;MMR;MMR017D002;MMR017;November;2025;2;2
Myanmar;Bago-West;Thayarwady;MMR;MMR008D002;MMR008;November;2025;17;29
Myanmar;Kayah;Bawlake;MMR;MMR002D002;MMR002;November;2025;1;5
Myanmar;Mandalay;Pyinoolwin;MMR;MMR010D002;MMR010;November;2025;32;44
Myanmar;Mandalay;Yamethin;MMR;MMR010D006;MMR010;November;2025;1;1
Myanmar;Mon;Mawlamyine;MMR;MMR011D001;MMR011;November;2025;14;21
Myanmar;Nay Pyi Taw;Det Khi Na;MMR;MMR018D002;MMR018;November;2025;1;0
Myanmar;Sagaing;Kanbalu;MMR;MMR005D010;MMR005;November;2025;9;54
Myanmar;Shan-North;Lashio;MMR;MMR015D001;MMR015;November;2025;3;1
Myanmar;Shan-South;Danu Self-Administered Zone;MMR;NA;NA;November;2025;4;4
Myanmar;Tanintharyi;Myeik;MMR;MMR006D002;MMR006;November;2025;13;10
Myanmar;Ayeyarwady;Myaungmya;MMR;MMR017D003;MMR017;December;2025;0;0
Myanmar;Chin;Matupi;MMR;MMR004D004;MMR004;December;2025;3;1
Myanmar;Magway;Magway;MMR;MMR009D001;MMR009;December;2025;20;43
Myanmar;Magway;Minbu;MMR;MMR009D002;MMR009;December;2025;30;69
Myanmar;Sagaing;Hkamti;MMR;MMR005D008;MMR005;December;2025;2;4
Myanmar;Sagaing;Katha;MMR;MMR005D004;MMR005;December;2025;22;1
Myanmar;Sagaing;Shwebo;MMR;MMR005D002;MMR005;December;2025;38;73
Myanmar;Sagaing;Tamu;MMR;MMR005D006;MMR005;December;2025;1;0
Myanmar;Shan-North;Kyaukme;MMR;NA;NA;December;2025;2;0
Myanmar;Shan-North;Matman;MMR;MMR015D007;MMR015;December;2025;0;0
Myanmar;Shan-North;Pa Laung Self-Administered Zone;MMR;NA;NA;December;2025;1;1
Myanmar;Yangon;Yangon-East;MMR;MMR013D002;MMR013;December;2025;4;2
Myanmar;Ayeyarwady;Pathein;MMR;MMR017D001;MMR017;December;2025;6;1
Myanmar;Ayeyarwady;Pyapon;MMR;MMR017D006;MMR017;December;2025;0;0
Myanmar;Bago-East;Taungoo;MMR;MMR007D002;MMR007;December;2025;27;68
Myanmar;Kayah;Loikaw;MMR;MMR002D001;MMR002;December;2025;9;2
Myanmar;Kayin;Kawkareik;MMR;MMR003D003;MMR003;December;2025;12;15
Myanmar;Magway;Thayet;MMR;MMR009D003;MMR009;December;2025;18;41
Myanmar;Mandalay;Kyaukse;MMR;MMR010D003;MMR010;December;2025;0;0
Myanmar;Rakhine;Kyaukpyu;MMR;MMR012D003;MMR012;December;2025;23;65
Myanmar;Shan-East;Monghsat;MMR;MMR016D002;MMR016;December;2025;0;0
Myanmar;Shan-South;Pa-O Self-Administered Zone;MMR;NA;NA;December;2025;1;1
Myanmar;Shan-South;Taunggyi;MMR;MMR014D001;MMR014;December;2025;4;5
Myanmar;Tanintharyi;Dawei;MMR;MMR006D001;MMR006;December;2025;20;17
Myanmar;Yangon;Yangon-North;MMR;MMR013D001;MMR013;December;2025;5;0
Myanmar;Bago-West;Pyay;MMR;MMR008D001;MMR008;December;2025;24;94
Myanmar;Chin;Mindat;MMR;MMR004D002;MMR004;December;2025;3;0
Myanmar;Kachin;Bhamo;MMR;MMR001D003;MMR001;December;2025;7;11
Myanmar;Kachin;Myitkyina;MMR;MMR001D001;MMR001;December;2025;8;0
Myanmar;Magway;Gangaw;MMR;MMR009D005;MMR009;December;2025;17;38
Myanmar;Nay Pyi Taw;Oke Ta Ra;MMR;MMR018D001;MMR018;December;2025;1;3
Myanmar;Rakhine;Thandwe;MMR;MMR012D004;MMR012;December;2025;11;16
Myanmar;Shan-East;Kengtung;MMR;MMR016D001;MMR016;December;2025;0;0
Myanmar;Shan-North;Mongmit;MMR;MMR015D008;MMR015;December;2025;6;17
Myanmar;Yangon;Yangon-South;MMR;MMR013D003;MMR013;December;2025;0;0
Myanmar;Ayeyarwady;Labutta;MMR;MMR017D004;MMR017;December;2025;0;0
Myanmar;Ayeyarwady;Maubin;MMR;MMR017D005;MMR017;December;2025;0;0
Myanmar;Magway;Pakokku;MMR;MMR009D004;MMR009;December;2025;63;99
Myanmar;Mandalay;Myingyan;MMR;MMR010D004;MMR010;December;2025;35;203
Myanmar;Rakhine;Maungdaw;MMR;MMR012D002;MMR012;December;2025;6;0
Myanmar;Rakhine;Mrauk-U;MMR;MMR012D005;MMR012;December;2025;2;33
Myanmar;Shan-North;Hopang;MMR;MMR015D006;MMR015;December;2025;0;0
Myanmar;Shan-North;Kokang Self-Administered Zone;MMR;MMR015D221;MMR015;December;2025;0;0
Myanmar;Shan-North;Muse;MMR;MMR015D002;MMR015;December;2025;4;1
Myanmar;Sagaing;Kale;MMR;MMR005D005;MMR005;December;2025;7;6
Myanmar;Sagaing;Sagaing;MMR;MMR005D001;MMR005;December;2025;16;12
Myanmar;Bago-East;Bago;MMR;MMR007D001;MMR007;December;2025;9;6
Myanmar;Chin;Hakha;MMR;MMR004D003;MMR004;December;2025;2;18
Myanmar;Kachin;Mohnyin;MMR;MMR001D002;MMR001;December;2025;11;6
Myanmar;Kachin;Puta-O;MMR;MMR001D004;MMR001;December;2025;2;0
Myanmar;Kayin;Hpa-An;MMR;MMR003D001;MMR003;December;2025;12;28
Myanmar;Kayin;Myawaddy;MMR;MMR003D002;MMR003;December;2025;22;2
Myanmar;Mandalay;Mandalay;MMR;MMR010D001;MMR010;December;2025;5;3
Myanmar;Mandalay;Meiktila;MMR;MMR010D007;MMR010;December;2025;12;8
Myanmar;Sagaing;Kawlin;MMR;MMR005D011;MMR005;December;2025;10;7
Myanmar;Sagaing;Naga Self-Administered Zone;MMR;NA;NA;December;2025;0;0
Myanmar;Shan-South;Langkho;MMR;MMR014D003;MMR014;December;2025;0;0
Myanmar;Shan-South;Loilen;MMR;MMR014D002;MMR014;December;2025;0;0
Myanmar;Chin;Falam;MMR;MMR004D001;MMR004;December;2025;25;34
Myanmar;Kayin;Hpapun;MMR;MMR003D004;MMR003;December;2025;7;1
Myanmar;Mandalay;Nyaung-U;MMR;MMR010D005;MMR010;December;2025;5;15
Myanmar;Mon;Thaton;MMR;MMR011D002;MMR011;December;2025;20;32
Myanmar;Rakhine;Sittwe;MMR;MMR012D001;MMR012;December;2025;32;13
Myanmar;Sagaing;Mawlaik;MMR;MMR005D007;MMR005;December;2025;2;6
Myanmar;Sagaing;Monywa;MMR;MMR005D003;MMR005;December;2025;38;72
Myanmar;Sagaing;Yinmarbin;MMR;MMR005D009;MMR005;December;2025;11;12
Myanmar;Shan-East;Tachileik;MMR;MMR016D003;MMR016;December;2025;0;0
Myanmar;Tanintharyi;Kawthoung;MMR;MMR006D003;MMR006;December;2025;6;9
Myanmar;Yangon;Yangon-West;MMR;MMR013D004;MMR013;December;2025;3;0
Myanmar;Ayeyarwady;Hinthada;MMR;MMR017D002;MMR017;December;2025;7;6
Myanmar;Bago-West;Thayarwady;MMR;MMR008D002;MMR008;December;2025;54;54
Myanmar;Kayah;Bawlake;MMR;MMR002D002;MMR002;December;2025;2;0
Myanmar;Mandalay;Pyinoolwin;MMR;MMR010D002;MMR010;December;2025;43;54
Myanmar;Mandalay;Yamethin;MMR;MMR010D006;MMR010;December;2025;0;0
Myanmar;Mon;Mawlamyine;MMR;MMR011D001;MMR011;December;2025;12;40
Myanmar;Nay Pyi Taw;Det Khi Na;MMR;MMR018D002;MMR018;December;2025;4;26
Myanmar;Sagaing;Kanbalu;MMR;MMR005D010;MMR005;December;2025;5;0
Myanmar;Shan-North;Lashio;MMR;MMR015D001;MMR015;December;2025;2;1
Myanmar;Shan-South;Danu Self-Administered Zone;MMR;NA;NA;December;2025;0;0
Myanmar;Tanintharyi;Myeik;MMR;MMR006D002;MMR006;December;2025;19;33
Myanmar;Ayeyarwady;Myaungmya;MMR;MMR017D003;MMR017;January;2026;0;0
Myanmar;Chin;Matupi;MMR;MMR004D004;MMR004;January;2026;0;0
Myanmar;Magway;Magway;MMR;MMR009D001;MMR009;January;2026;7;23
Myanmar;Magway;Minbu;MMR;MMR009D002;MMR009;January;2026;11;7
Myanmar;Sagaing;Hkamti;MMR;MMR005D008;MMR005;January;2026;0;0
Myanmar;Sagaing;Katha;MMR;MMR005D004;MMR005;January;2026;15;7
Myanmar;Sagaing;Shwebo;MMR;MMR005D002;MMR005;January;2026;36;73
Myanmar;Sagaing;Tamu;MMR;MMR005D006;MMR005;January;2026;0;0
Myanmar;Shan-North;Kyaukme;MMR;NA;NA;January;2026;3;0
Myanmar;Shan-North;Matman;MMR;MMR015D007;MMR015;January;2026;0;0
Myanmar;Shan-North;Pa Laung Self-Administered Zone;MMR;NA;NA;January;2026;0;0
Myanmar;Yangon;Yangon-East;MMR;MMR013D002;MMR013;January;2026;1;0
Myanmar;Ayeyarwady;Pathein;MMR;MMR017D001;MMR017;January;2026;0;0
Myanmar;Ayeyarwady;Pyapon;MMR;MMR017D006;MMR017;January;2026;0;0
Myanmar;Bago-East;Taungoo;MMR;MMR007D002;MMR007;January;2026;21;34
Myanmar;Kayah;Loikaw;MMR;MMR002D001;MMR002;January;2026;8;4
Myanmar;Kayin;Kawkareik;MMR;MMR003D003;MMR003;January;2026;3;6
Myanmar;Magway;Thayet;MMR;MMR009D003;MMR009;January;2026;14;21
Myanmar;Mandalay;Kyaukse;MMR;MMR010D003;MMR010;January;2026;1;2
Myanmar;Rakhine;Kyaukpyu;MMR;MMR012D003;MMR012;January;2026;6;15
Myanmar;Shan-East;Monghsat;MMR;MMR016D002;MMR016;January;2026;0;0
Myanmar;Shan-South;Pa-O Self-Administered Zone;MMR;NA;NA;January;2026;0;0
Myanmar;Shan-South;Taunggyi;MMR;MMR014D001;MMR014;January;2026;2;0
Myanmar;Tanintharyi;Dawei;MMR;MMR006D001;MMR006;January;2026;5;2
Myanmar;Yangon;Yangon-North;MMR;MMR013D001;MMR013;January;2026;4;0
Myanmar;Bago-West;Pyay;MMR;MMR008D001;MMR008;January;2026;13;16
Myanmar;Chin;Mindat;MMR;MMR004D002;MMR004;January;2026;0;0
Myanmar;Kachin;Bhamo;MMR;MMR001D003;MMR001;January;2026;3;0
Myanmar;Kachin;Myitkyina;MMR;MMR001D001;MMR001;January;2026;6;0
Myanmar;Magway;Gangaw;MMR;MMR009D005;MMR009;January;2026;14;5
Myanmar;Nay Pyi Taw;Oke Ta Ra;MMR;MMR018D001;MMR018;January;2026;0;0
Myanmar;Rakhine;Thandwe;MMR;MMR012D004;MMR012;January;2026;2;0
Myanmar;Shan-East;Kengtung;MMR;MMR016D001;MMR016;January;2026;0;0
Myanmar;Shan-North;Mongmit;MMR;MMR015D008;MMR015;January;2026;4;1
Myanmar;Yangon;Yangon-South;MMR;MMR013D003;MMR013;January;2026;0;0
Myanmar;Ayeyarwady;Labutta;MMR;MMR017D004;MMR017;January;2026;0;0
Myanmar;Ayeyarwady;Maubin;MMR;MMR017D005;MMR017;January;2026;0;0
Myanmar;Magway;Pakokku;MMR;MMR009D004;MMR009;January;2026;21;20
Myanmar;Mandalay;Myingyan;MMR;MMR010D004;MMR010;January;2026;10;23
Myanmar;Rakhine;Maungdaw;MMR;MMR012D002;MMR012;January;2026;7;0
Myanmar;Rakhine;Mrauk-U;MMR;MMR012D005;MMR012;January;2026;0;0
Myanmar;Shan-North;Hopang;MMR;MMR015D006;MMR015;January;2026;2;0
Myanmar;Shan-North;Kokang Self-Administered Zone;MMR;MMR015D221;MMR015;January;2026;0;0
Myanmar;Shan-North;Muse;MMR;MMR015D002;MMR015;January;2026;1;0
Myanmar;Sagaing;Kale;MMR;MMR005D005;MMR005;January;2026;6;5
Myanmar;Sagaing;Sagaing;MMR;MMR005D001;MMR005;January;2026;16;14
Myanmar;Bago-East;Bago;MMR;MMR007D001;MMR007;January;2026;13;81
Myanmar;Chin;Hakha;MMR;MMR004D003;MMR004;January;2026;3;4
Myanmar;Kachin;Mohnyin;MMR;MMR001D002;MMR001;January;2026;1;3
Myanmar;Kachin;Puta-O;MMR;MMR001D004;MMR001;January;2026;0;0
Myanmar;Kayin;Hpa-An;MMR;MMR003D001;MMR003;January;2026;2;1
Myanmar;Kayin;Myawaddy;MMR;MMR003D002;MMR003;January;2026;2;0
Myanmar;Mandalay;Mandalay;MMR;MMR010D001;MMR010;January;2026;0;0
Myanmar;Mandalay;Meiktila;MMR;MMR010D007;MMR010;January;2026;0;0
Myanmar;Sagaing;Kawlin;MMR;MMR005D011;MMR005;January;2026;4;1
Myanmar;Sagaing;Naga Self-Administered Zone;MMR;NA;NA;January;2026;2;5
Myanmar;Shan-South;Langkho;MMR;MMR014D003;MMR014;January;2026;3;7
Myanmar;Shan-South;Loilen;MMR;MMR014D002;MMR014;January;2026;0;0
Myanmar;Chin;Falam;MMR;MMR004D001;MMR004;January;2026;12;24
Myanmar;Kayin;Hpapun;MMR;MMR003D004;MMR003;January;2026;0;0
Myanmar;Mandalay;Nyaung-U;MMR;MMR010D005;MMR010;January;2026;6;8
Myanmar;Mon;Thaton;MMR;MMR011D002;MMR011;January;2026;5;19
Myanmar;Rakhine;Sittwe;MMR;MMR012D001;MMR012;January;2026;14;15
Myanmar;Sagaing;Mawlaik;MMR;MMR005D007;MMR005;January;2026;0;0
Myanmar;Sagaing;Monywa;MMR;MMR005D003;MMR005;January;2026;23;11
Myanmar;Sagaing;Yinmarbin;MMR;MMR005D009;MMR005;January;2026;8;8
Myanmar;Shan-East;Tachileik;MMR;MMR016D003;MMR016;January;2026;0;0
Myanmar;Tanintharyi;Kawthoung;MMR;MMR006D003;MMR006;January;2026;1;0
Myanmar;Yangon;Yangon-West;MMR;MMR013D004;MMR013;January;2026;4;0
Myanmar;Ayeyarwady;Hinthada;MMR;MMR017D002;MMR017;January;2026;1;0
Myanmar;Bago-West;Thayarwady;MMR;MMR008D002;MMR008;January;2026;20;49
Myanmar;Kayah;Bawlake;MMR;MMR002D002;MMR002;January;2026;0;0
Myanmar;Mandalay;Pyinoolwin;MMR;MMR010D002;MMR010;January;2026;12;26
Myanmar;Mandalay;Yamethin;MMR;MMR010D006;MMR010;January;2026;1;0
Myanmar;Mon;Mawlamyine;MMR;MMR011D001;MMR011;January;2026;10;5
Myanmar;Nay Pyi Taw;Det Khi Na;MMR;MMR018D002;MMR018;January;2026;1;0
Myanmar;Sagaing;Kanbalu;MMR;MMR005D010;MMR005;January;2026;6;3
Myanmar;Shan-North;Lashio;MMR;MMR015D001;MMR015;January;2026;3;0
Myanmar;Shan-South;Danu Self-Administered Zone;MMR;NA;NA;January;2026;0;0
Myanmar;Tanintharyi;Myeik;MMR;MMR006D002;MMR006;January;2026;11;6
